id,archivo,tematica,estilo,ancho,alto,descripcion,fuente,recolector,hash_imagen
jesus_fuentes_img_0001,img_001.png,mar_y_oceano,ilustracion_plana_color,528,378,ilustracion de mar,OpenClipart,jesus_fuentes,f43f7f80f8243cb58e7e867a091bfca83e8aef9a
jesus_fuentes_img_0002,img_002.png,mar_y_oceano,ilustracion_plana_color,556,551,ilustracion de mar,OpenClipart,jesus_fuentes,9920d87aba9e3fbd5b83abc0739c5e4021095764
jesus_fuentes_img_0003,img_003.png,mar_y_oceano,ilustracion_plana_color,625,490,ilustracion de mar,OpenClipart,jesus_fuentes,196d2f3edfa9fad06a8d0447be63c8652ee7401d
jesus_fuentes_img_0004,img_004.png,mar_y_oceano,ilustracion_plana_color,738,414,ilustracion de mar,OpenClipart,jesus_fuentes,4c6063005e6aafa0e3a63a58b2c042a7287e8a14
jesus_fuentes_img_0005,img_005.png,mar_y_oceano,ilustracion_plana_color,678,452,ilustracion de mar,OpenClipart,jesus_fuentes,8a93e242fd4c08ca99ade076cc23c91125b67d31
jesus_fuentes_img_0006,img_006.png,mar_y_oceano,ilustracion_plana_color,554,554,ilustracion de mar,OpenClipart,jesus_fuentes,3b40e9232f1f2d23d36c2b7c53b6692b1b4a5b80
jesus_fuentes_img_0007,img_007.png,mar_y_oceano,ilustracion_plana_color,631,485,ilustracion de mar,OpenClipart,jesus_fuentes,e62fadbd297c010f203f201c55fd2effedd5de57
jesus_fuentes_img_0008,img_008.png,mar_y_oceano,ilustracion_plana_color,486,630,ilustracion de mar,OpenClipart,jesus_fuentes,9f00f5211e5abae38cdaadc365b051d39b1e2ff2
jesus_fuentes_img_0009,img_009.png,mar_y_oceano,ilustracion_plana_color,554,554,ilustracion de mar,OpenClipart,jesus_fuentes,7675c098105977a130fd5e45af5cde1dcdb00614
jesus_fuentes_img_0010,img_010.png,mar_y_oceano,ilustracion_plana_color,554,554,ilustracion de mar,OpenClipart,jesus_fuentes,29708b406e5f6e55f63193233f2d72253fe16760
jesus_fuentes_img_0011,img_011.png,mar_y_oceano,ilustracion_plana_color,547,365,ilustracion de mar,OpenClipart,jesus_fuentes,cd923aa48245400073d5c7ac947fa4936e403a89
jesus_fuentes_img_0012,img_012.png,mar_y_oceano,ilustracion_plana_color,538,569,ilustracion de mar,OpenClipart,jesus_fuentes,13363282ba4ff8249d35d9b26af8afb2d42078d8
jesus_fuentes_img_0013,img_013.png,mar_y_oceano,ilustracion_plana_color,554,554,ilustracion de mar,OpenClipart,jesus_fuentes,edb6a180f5b96ee93487e364aee2e6bb95663688
jesus_fuentes_img_0014,img_014.png,mar_y_oceano,ilustracion_plana_color,554,554,ilustracion de mar,OpenClipart,jesus_fuentes,b36b31c2a3ca5b60d16a82e7cb6f481716ae97e0
jesus_fuentes_img_0015,img_015.png,mar_y_oceano,ilustracion_plana_color,360,360,ilustracion de mar,OpenClipart,jesus_fuentes,2fde13bfad5e1c2a22372a4633f9de07a42ff452
jesus_fuentes_img_0016,img_016.png,mar_y_oceano,ilustracion_plana_color,700,438,ilustracion de mar,OpenClipart,jesus_fuentes,d53b9726c3c7f2db930d4c41a5d5d92be3826bcc
jesus_fuentes_img_0017,img_017.png,mar_y_oceano,ilustracion_plana_color,512,512,ilustracion de mar,OpenClipart,jesus_fuentes,af78f4381f1b42a3e3bfe95318d7ed0131595703
jesus_fuentes_img_0018,img_018.png,mar_y_oceano,ilustracion_plana_color,447,447,ilustracion de mar,OpenClipart,jesus_fuentes,8faf694152285f0a8cce2059bfa2cd0f1cf59ab7
jesus_fuentes_img_0019,img_019.png,mar_y_oceano,ilustracion_plana_color,578,346,ilustracion de mar,OpenClipart,jesus_fuentes,4759c1f0f096bd777e249ee016e884926d8a90fe
jesus_fuentes_img_0020,img_020.png,mar_y_oceano,ilustracion_plana_color,447,447,ilustracion de mar,OpenClipart,jesus_fuentes,d7c35f68661dc420cb1dd0032f14428b07d07359
jesus_fuentes_img_0021,img_021.png,mar_y_oceano,ilustracion_plana_color,338,360,ilustracion de mar,OpenClipart,jesus_fuentes,1e9feff997f9eaacc4be6cd05f49210783caa5ee
jesus_fuentes_img_0022,img_022.png,mar_y_oceano,ilustracion_plana_color,547,349,ilustracion de mar,OpenClipart,jesus_fuentes,3e49a645b1c37c8e14d7bfcd85337b1468f6833d
jesus_fuentes_img_0023,img_023.png,mar_y_oceano,ilustracion_plana_color,598,450,ilustracion de mar,OpenClipart,jesus_fuentes,51860cb96c8771a2ca046f0c02f4bbc6145a490d
jesus_fuentes_img_0024,img_024.png,mar_y_oceano,ilustracion_plana_color,678,452,ilustracion de mar,OpenClipart,jesus_fuentes,6960944743c13e107ba7e8b5647890d104f337e9
jesus_fuentes_img_0025,img_025.png,mar_y_oceano,ilustracion_plana_color,431,464,ilustracion de mar,OpenClipart,jesus_fuentes,8979f977460031754066ab5d3590b286b2595a3a
jesus_fuentes_img_0026,img_026.png,mar_y_oceano,ilustracion_plana_color,459,666,ilustracion de mar,OpenClipart,jesus_fuentes,81b9ede3f753fb9eeb1aab0fb6935fbea6b4375b
jesus_fuentes_img_0027,img_027.png,mar_y_oceano,ilustracion_plana_color,583,350,ilustracion de mar,OpenClipart,jesus_fuentes,979f88631701d77697dd416b002ae22ccd2da032
jesus_fuentes_img_0028,img_028.png,mar_y_oceano,ilustracion_plana_color,500,613,ilustracion de mar,OpenClipart,jesus_fuentes,cfcffb407ae47bf234bbc1e3dc752108242b40a4
jesus_fuentes_img_0029,img_029.png,mar_y_oceano,ilustracion_plana_color,456,672,ilustracion de mar,OpenClipart,jesus_fuentes,e636aac7f4a1df666180ca11c6b3d85e557c5662
jesus_fuentes_img_0030,img_030.png,mar_y_oceano,ilustracion_plana_color,860,746,ilustracion de mar,OpenClipart,jesus_fuentes,8184cd5dfe12119202e766dc172c8207f34a74e2
jesus_fuentes_img_0031,img_031.png,mar_y_oceano,ilustracion_plana_color,640,640,ilustracion de mar,OpenClipart,jesus_fuentes,36d341183af23ec933f6261c89af16d25774770e
jesus_fuentes_img_0032,img_032.png,mar_y_oceano,ilustracion_plana_color,1017,1024,ilustracion de mar,OpenClipart,jesus_fuentes,083ff15848b561a42e50103780a3e901e68b8be0
jesus_fuentes_img_0033,img_033.png,mar_y_oceano,ilustracion_plana_color,459,375,ilustracion de mar,OpenClipart,jesus_fuentes,41c6169de19f36c6cd9cb3a94c4c9771eb8f61fd
jesus_fuentes_img_0034,img_034.png,mar_y_oceano,ilustracion_plana_color,600,400,ilustracion de mar,OpenClipart,jesus_fuentes,fd629e5a878cd9b5f4f70070be1111397ed9ac32
jesus_fuentes_img_0035,img_035.png,mar_y_oceano,ilustracion_plana_color,612,342,ilustracion de mar,OpenClipart,jesus_fuentes,44bd5e49d6d52a06bdd127f664616ed5fa30a9a4
jesus_fuentes_img_0036,img_036.png,mar_y_oceano,ilustracion_plana_color,736,754,ilustracion de mar,OpenClipart,jesus_fuentes,9601a384377f1c9345a4086c200168cc3ecd8e0e
jesus_fuentes_img_0037,img_037.png,mar_y_oceano,ilustracion_plana_color,1023,731,ilustracion de mar,OpenClipart,jesus_fuentes,e9ffb87b050ff5cb91b05042723ba440dcb9380c
jesus_fuentes_img_0038,img_038.png,mar_y_oceano,ilustracion_plana_color,1280,1280,ilustracion de mar,OpenClipart,jesus_fuentes,763a0a817c10235a32fa513b737b38d2ac073424
jesus_fuentes_img_0039,img_039.png,mar_y_oceano,ilustracion_plana_color,538,371,ilustracion de mar,OpenClipart,jesus_fuentes,3a3fc6b10e3ef9ad5a7fff04a56b32c630ca34c2
jesus_fuentes_img_0040,img_040.png,mar_y_oceano,ilustracion_plana_color,1307,980,ilustracion de mar,OpenClipart,jesus_fuentes,3f720f74f399826ade71aeaff8fff699485b2757
jesus_fuentes_img_0041,img_041.png,mar_y_oceano,ilustracion_plana_color,576,384,ilustracion de mar,OpenClipart,jesus_fuentes,938c4800d06548b348b850f5af5c1bb690bc911b
jesus_fuentes_img_0042,img_042.png,mar_y_oceano,ilustracion_plana_color,473,263,ilustracion de mar,OpenClipart,jesus_fuentes,bb88dd28bbb6c69defba979fb0adcb16d78d5603
jesus_fuentes_img_0043,img_043.png,mar_y_oceano,ilustracion_plana_color,1024,759,ilustracion de mar,OpenClipart,jesus_fuentes,7eacab3e8b372e01118eab60339e37810e131ce8
jesus_fuentes_img_0044,img_044.png,mar_y_oceano,ilustracion_plana_color,275,183,ilustracion de mar,OpenClipart,jesus_fuentes,de9c0543980e6302b00462963116d15ee65b6272
jesus_fuentes_img_0045,img_045.png,mar_y_oceano,ilustracion_plana_color,387,516,ilustracion de mar,OpenClipart,jesus_fuentes,329084928a68424cc84d521aab98fe5d63b42147
jesus_fuentes_img_0046,img_046.png,mar_y_oceano,ilustracion_plana_color,235,215,ilustracion de mar,OpenClipart,jesus_fuentes,a54c421f7cfafef7b9d9971b782a9d03823faf91
jesus_fuentes_img_0047,img_047.png,mar_y_oceano,ilustracion_plana_color,447,447,ilustracion de mar,OpenClipart,jesus_fuentes,ba09c04446681d90849ed63bff27e43c9269acc5
jesus_fuentes_img_0048,img_048.png,mar_y_oceano,ilustracion_plana_color,538,569,ilustracion de mar,OpenClipart,jesus_fuentes,14e8ed0fd34ea4795fe35859c287f1aea7e7231d
jesus_fuentes_img_0049,img_049.png,mar_y_oceano,ilustracion_plana_color,542,566,ilustracion de mar,OpenClipart,jesus_fuentes,630de6ee95cee6c6bee1dbf9f245a88f8c039122
jesus_fuentes_img_0050,img_050.png,mar_y_oceano,ilustracion_plana_color,679,452,ilustracion de mar,OpenClipart,jesus_fuentes,8dbf8407f3297a32234faa64f5f1dcc87cbc5804
jesus_fuentes_img_0051,img_051.png,mar_y_oceano,ilustracion_plana_color,215,234,ilustracion de mar,OpenClipart,jesus_fuentes,aed1d1daa3081f314832c75cd3496e4ac8e9e13a
jesus_fuentes_img_0052,img_052.png,mar_y_oceano,ilustracion_plana_color,245,245,ilustracion de mar,OpenClipart,jesus_fuentes,892523754b6aa7c32861c7ea5138f06f62ec5f50
jesus_fuentes_img_0053,img_053.png,mar_y_oceano,ilustracion_plana_color,554,554,ilustracion de mar,OpenClipart,jesus_fuentes,2ef1e02f52cfe6fba19556e63e301370971efc01
jesus_fuentes_img_0054,img_054.png,mar_y_oceano,ilustracion_plana_color,319,626,ilustracion de mar,OpenClipart,jesus_fuentes,2eb3d341b2debbbcfbf681199244a5b109196170
jesus_fuentes_img_0055,img_055.png,mar_y_oceano,ilustracion_plana_color,541,600,ilustracion de mar,OpenClipart,jesus_fuentes,c83957609298684fe6003d1bc46f5903df4195ba
jesus_fuentes_img_0056,img_056.png,mar_y_oceano,ilustracion_plana_color,569,456,ilustracion de mar,OpenClipart,jesus_fuentes,4b6b97e0e68bcc54485a7ad9d7f9b04eb551168b
jesus_fuentes_img_0057,img_057.png,mar_y_oceano,ilustracion_plana_color,307,614,ilustracion de mar,OpenClipart,jesus_fuentes,ba274a5f32468c765ac9e673935056b1fa65d96f
jesus_fuentes_img_0058,img_058.png,mar_y_oceano,ilustracion_plana_color,583,612,ilustracion de mar,OpenClipart,jesus_fuentes,7a4c8d78858af25453399afdf1d55756e4409383
jesus_fuentes_img_0059,img_059.png,mar_y_oceano,ilustracion_plana_color,627,489,ilustracion de mar,OpenClipart,jesus_fuentes,f50324e5ac8ed88bb140a6110bad2dbac99c78f1
jesus_fuentes_img_0060,img_060.png,mar_y_oceano,ilustracion_plana_color,1280,1280,ilustracion de mar,OpenClipart,jesus_fuentes,0fb42a8138eca3654fe34eaf90c4c878fff2673f
jesus_fuentes_img_0061,img_061.png,mar_y_oceano,ilustracion_plana_color,554,554,ilustracion de mar,OpenClipart,jesus_fuentes,58d84009930bcf902a54e02cc24b5cca9367e02b
jesus_fuentes_img_0062,img_062.png,mar_y_oceano,ilustracion_plana_color,334,626,ilustracion de mar,OpenClipart,jesus_fuentes,91c281ba5574a2e2ea1a2dfe9bf3c67e1003ba5d
jesus_fuentes_img_0063,img_063.png,mar_y_oceano,ilustracion_plana_color,502,600,ilustracion de mar,OpenClipart,jesus_fuentes,dc586736aaf41fcf6d8d10a61a7694a9fe9d8b8b
jesus_fuentes_img_0064,img_064.png,mar_y_oceano,ilustracion_plana_color,612,433,ilustracion de mar,OpenClipart,jesus_fuentes,9e0ac8848006048d83c78a7bfff9c142187a6a70
jesus_fuentes_img_0065,img_065.png,mar_y_oceano,ilustracion_plana_color,626,651,ilustracion de mar,OpenClipart,jesus_fuentes,b57d4041641e2c2ef922430f4474f3817fe64da4
jesus_fuentes_img_0066,img_066.png,mar_y_oceano,ilustracion_plana_color,839,980,ilustracion de mar,OpenClipart,jesus_fuentes,b48f0d05f07fc43a974c7759ce05c90ea50dadf3
jesus_fuentes_img_0067,img_067.png,mar_y_oceano,ilustracion_plana_color,225,225,ilustracion de mar,OpenClipart,jesus_fuentes,a7cd8e2208c76c4c82dea240af2c7488ffeeba0b
jesus_fuentes_img_0068,img_068.png,mar_y_oceano,ilustracion_plana_color,512,481,ilustracion de mar,OpenClipart,jesus_fuentes,c19a11ad5f7e58e4b640246962934b5cd77bec4c
jesus_fuentes_img_0069,img_069.png,mar_y_oceano,ilustracion_plana_color,400,500,ilustracion de mar,OpenClipart,jesus_fuentes,9786679ff1c30665336458662ced03dda4a7d5e4
jesus_fuentes_img_0070,img_07.png,mar_y_oceano,ilustracion_plana_color,225,225,ilustracion de mar,OpenClipart,jesus_fuentes,fe773171863a07ecc8c881b731efafdd0d66b8ac
jesus_fuentes_img_0071,img_070.png,mar_y_oceano,ilustracion_plana_color,360,360,ilustracion de mar,OpenClipart,jesus_fuentes,71bc078fd326a20fe32d51f766f332d93d521c49
jesus_fuentes_img_0072,img_070_203.png,mar_y_oceano,ilustracion_plana_color,236,369,ilustracion de mar,OpenClipart,jesus_fuentes,e3bb2469748e9e9908d5f2079ea8cf752172965f
jesus_fuentes_img_0073,img_071.png,mar_y_oceano,ilustracion_plana_color,2500,2500,ilustracion de mar,OpenClipart,jesus_fuentes,c7e17f4f7c46978bbd16ccc7a42fbe3c8c6fd444
jesus_fuentes_img_0074,img_071_-29.png,mar_y_oceano,ilustracion_plana_color,1111,980,ilustracion de mar,OpenClipart,jesus_fuentes,aca8c89b5e6279df76b9ee5b973b35dca34782e1
jesus_fuentes_img_0075,img_072.png,mar_y_oceano,ilustracion_plana_color,636,424,ilustracion de mar,OpenClipart,jesus_fuentes,2dbe8d1fd965ae22df52326583bf13d62c15e0bf
jesus_fuentes_img_0076,img_077.png,mar_y_oceano,ilustracion_plana_color,335,597,ilustracion de mar,OpenClipart,jesus_fuentes,caa111269ee448b2f7f0d36904c9b161dd6e4db1
jesus_fuentes_img_0077,img_078.png,mar_y_oceano,ilustracion_plana_color,212,237,ilustracion de mar,OpenClipart,jesus_fuentes,6fbd8d8b556efc5050fa9495dd97aeec0dc81e0a
jesus_fuentes_img_0078,img_079.png,mar_y_oceano,ilustracion_plana_color,447,447,ilustracion de mar,OpenClipart,jesus_fuentes,605e5c8b9bded0149f1354c369a08673034e4e7f
jesus_fuentes_img_0079,img_080.png,mar_y_oceano,ilustracion_plana_color,599,511,ilustracion de mar,OpenClipart,jesus_fuentes,e3d7310423dfd3d2b02979d9e57b5e7710d09a62
jesus_fuentes_img_0080,img_081.png,mar_y_oceano,ilustracion_plana_color,525,584,ilustracion de mar,OpenClipart,jesus_fuentes,8d2d6ffca701e702fa168f1e81d842955f2ce92b
jesus_fuentes_img_0081,img_082.png,mar_y_oceano,ilustracion_plana_color,461,375,ilustracion de mar,OpenClipart,jesus_fuentes,02d1e3d6bb4e6ef5d31002a769c8d843ab3515fb
jesus_fuentes_img_0082,img_083.png,mar_y_oceano,ilustracion_plana_color,652,980,ilustracion de mar,OpenClipart,jesus_fuentes,34cc4b0a92c42ea5ed2aa287678ef748f582030a
jesus_fuentes_img_0083,img_084.png,mar_y_oceano,ilustracion_plana_color,876,980,ilustracion de mar,OpenClipart,jesus_fuentes,0ad5c6ac432c1ae5850696bec9c374439b41e1f2
jesus_fuentes_img_0084,img_085.png,mar_y_oceano,ilustracion_plana_color,360,360,ilustracion de mar,OpenClipart,jesus_fuentes,a6a0a2125afc3d3f78872e105ae413f0bfa187d4
jesus_fuentes_img_0085,img_086.png,mar_y_oceano,ilustracion_plana_color,483,414,ilustracion de mar,OpenClipart,jesus_fuentes,5b11faf29308b89f700151e82e38ee75ada95d98
jesus_fuentes_img_0086,img_087.png,mar_y_oceano,ilustracion_plana_color,194,260,ilustracion de mar,OpenClipart,jesus_fuentes,006cf257da1a380f1dbc8142239955fdf2f5c95b
jesus_fuentes_img_0087,img_088.png,mar_y_oceano,ilustracion_plana_color,554,554,ilustracion de mar,OpenClipart,jesus_fuentes,e02d35ed57c1ef4977aabc6e5555464fdfc09b54
jesus_fuentes_img_0088,img_089.png,mar_y_oceano,ilustracion_plana_color,216,197,ilustracion de mar,OpenClipart,jesus_fuentes,e581f25656d77b5decf37c508b0f456b10116435
jesus_fuentes_img_0089,img_090.png,mar_y_oceano,ilustracion_plana_color,473,648,ilustracion de mar,OpenClipart,jesus_fuentes,e838b9ba2115d2d6b90a64aa687c7393e11f4e18
jesus_fuentes_img_0090,img_091.png,mar_y_oceano,ilustracion_plana_color,554,554,ilustracion de mar,OpenClipart,jesus_fuentes,412829a9179271e41508f1b4ba02624e913ca505
jesus_fuentes_img_0091,img_092.png,mar_y_oceano,ilustracion_plana_color,554,554,ilustracion de mar,OpenClipart,jesus_fuentes,3a7fc0899df30c0f816ad5c307a49c77b5c5ae08
jesus_fuentes_img_0092,img_093.png,mar_y_oceano,ilustracion_plana_color,569,351,ilustracion de mar,OpenClipart,jesus_fuentes,474cef110dad221419250d91781cdb19f32b062d
jesus_fuentes_img_0093,img_094.png,mar_y_oceano,ilustracion_plana_color,236,236,ilustracion de mar,OpenClipart,jesus_fuentes,ae0368827a0bd7b3b23ec431fc57d7ac118e9f06
jesus_fuentes_img_0094,img_095.png,mar_y_oceano,ilustracion_plana_color,554,554,ilustracion de mar,OpenClipart,jesus_fuentes,1ce4220456420bdc679f4aeb69f0d74d04cbcd62
jesus_fuentes_img_0095,img_096.png,mar_y_oceano,ilustracion_plana_color,554,554,ilustracion de mar,OpenClipart,jesus_fuentes,ef3cd624c46b22e3bc70b1744ff4cb9dd012e92b
jesus_fuentes_img_0096,img_097.png,mar_y_oceano,ilustracion_plana_color,236,252,ilustracion de mar,OpenClipart,jesus_fuentes,64005f540f16ef38cd95dd822f912d00fac4c9c1
jesus_fuentes_img_0097,img_098.png,mar_y_oceano,ilustracion_plana_color,666,460,ilustracion de mar,OpenClipart,jesus_fuentes,8a132e23d74320af9e66f3880b611ddb9da4600d
jesus_fuentes_img_0098,img_099.png,mar_y_oceano,ilustracion_plana_color,360,360,ilustracion de mar,OpenClipart,jesus_fuentes,ddfeff5a7d8f341951313fc4c3802f9de83f5e8a
jesus_fuentes_img_0099,img_100.png,mar_y_oceano,ilustracion_plana_color,554,554,ilustracion de mar,OpenClipart,jesus_fuentes,6775aad2550c1b1f5300a73ed26a88affeda0d0f
jesus_fuentes_img_0100,img_1000.png,mar_y_oceano,ilustracion_plana_color,360,360,ilustracion de mar,OpenClipart,jesus_fuentes,54002e1170a66b0dea5829a72bb12311466b1272
jesus_fuentes_img_0101,img_101.png,mar_y_oceano,ilustracion_plana_color,454,675,ilustracion de mar,OpenClipart,jesus_fuentes,42faa6c178c008b08bb10c98256fa1437d59351f
jesus_fuentes_img_0102,img_102.png,mar_y_oceano,ilustracion_plana_color,554,554,ilustracion de mar,OpenClipart,jesus_fuentes,7e1b553ae4500f340493b19026f0ebf22a675e05
jesus_fuentes_img_0103,img_103.png,mar_y_oceano,ilustracion_plana_color,503,397,ilustracion de mar,OpenClipart,jesus_fuentes,7a99ecba93100cb9f0179c697df4ae4846890ca6
jesus_fuentes_img_0104,img_104.png,mar_y_oceano,ilustracion_plana_color,736,515,ilustracion de mar,OpenClipart,jesus_fuentes,61585d7d507e4589478f44b98e9ae7867b0c9a32
jesus_fuentes_img_0105,img_105.png,mar_y_oceano,ilustracion_plana_color,360,360,ilustracion de mar,OpenClipart,jesus_fuentes,3c540dd4094a40f9c111fe0d4d934f6fa0635001
jesus_fuentes_img_0106,img_106.png,mar_y_oceano,ilustracion_plana_color,350,350,ilustracion de mar,OpenClipart,jesus_fuentes,06a711659c8db4f182c16c28e0d37bed8200f0c1
jesus_fuentes_img_0107,img_107.png,mar_y_oceano,ilustracion_plana_color,458,600,ilustracion de mar,OpenClipart,jesus_fuentes,1bf2696f17d367e4200fc121f0a199f943db3392
jesus_fuentes_img_0108,img_108.png,mar_y_oceano,ilustracion_plana_color,600,504,ilustracion de mar,OpenClipart,jesus_fuentes,6a0441723d1b218f402655242dfa20b88fe93458
jesus_fuentes_img_0109,img_109.png,mar_y_oceano,ilustracion_plana_color,576,354,ilustracion de mar,OpenClipart,jesus_fuentes,c1c0d213756385ef557d9a599dfd460aea6a4f4b
jesus_fuentes_img_0110,img_110.png,mar_y_oceano,ilustracion_plana_color,554,554,ilustracion de mar,OpenClipart,jesus_fuentes,1fccd5add16d986899ea0901d60537367fa21069
jesus_fuentes_img_0111,img_111.png,mar_y_oceano,ilustracion_plana_color,431,599,ilustracion de mar,OpenClipart,jesus_fuentes,4975cfe37d6e9c4791914782f162b4dd27e910d8
jesus_fuentes_img_0113,img_112.png,mar_y_oceano,ilustracion_plana_color,555,553,ilustracion de mar,OpenClipart,jesus_fuentes,8ee5fe071760d3a4d60037dc098fbbd9e73a9347
jesus_fuentes_img_0114,img_113.png,mar_y_oceano,ilustracion_plana_color,442,234,ilustracion de mar,OpenClipart,jesus_fuentes,890084b384709fcb926e17e87a9c8ef90c865aa9
jesus_fuentes_img_0115,img_113_589.png,mar_y_oceano,ilustracion_plana_color,554,554,ilustracion de mar,OpenClipart,jesus_fuentes,a6b61ca8a96608d2e1715e0faef7cc56e859f0c9
jesus_fuentes_img_0116,img_114.png,mar_y_oceano,ilustracion_plana_color,360,360,ilustracion de mar,OpenClipart,jesus_fuentes,77d8a6968901d08a9099d1a80059e2ee8821342f
jesus_fuentes_img_0117,img_115.png,mar_y_oceano,ilustracion_plana_color,360,360,ilustracion de mar,OpenClipart,jesus_fuentes,e1a0977e314d80382e5c11091c7d86c5c196adf4
jesus_fuentes_img_0118,img_116.png,mar_y_oceano,ilustracion_plana_color,626,651,ilustracion de mar,OpenClipart,jesus_fuentes,485a1be9251c56ab44ab6482b33ccaf5f6a1409a
jesus_fuentes_img_0119,img_117.png,mar_y_oceano,ilustracion_plana_color,500,612,ilustracion de mar,OpenClipart,jesus_fuentes,b62ddf7d5e3069775d84c6014737ec22e58eecef
jesus_fuentes_img_0120,img_118.png,mar_y_oceano,ilustracion_plana_color,600,448,ilustracion de mar,OpenClipart,jesus_fuentes,c6082b8dffb803cbdaf84c0982a36118fd453ed6
jesus_fuentes_img_0121,img_119.png,mar_y_oceano,ilustracion_plana_color,590,626,ilustracion de mar,OpenClipart,jesus_fuentes,d82fde5a165532f47781374cfe27a6ca83558f3b
jesus_fuentes_img_0122,img_120.png,mar_y_oceano,ilustracion_plana_color,554,554,ilustracion de mar,OpenClipart,jesus_fuentes,a1793cbe87065b90a8d220b7db93f04a86421bef
jesus_fuentes_img_0123,img_121.png,mar_y_oceano,ilustracion_plana_color,479,600,ilustracion de mar,OpenClipart,jesus_fuentes,c10469910a5bbd41aca8b22f89f30e67ae17ebf5
jesus_fuentes_img_0124,img_122.png,mar_y_oceano,ilustracion_plana_color,1055,980,ilustracion de mar,OpenClipart,jesus_fuentes,35a90c95b5bf126628ae9eaa5847e96c0b208c94
jesus_fuentes_img_0125,img_123.png,mar_y_oceano,ilustracion_plana_color,447,447,ilustracion de mar,OpenClipart,jesus_fuentes,97e8015300f8d1677e75f61511ff1465162abee0
jesus_fuentes_img_0126,img_124.png,mar_y_oceano,ilustracion_plana_color,588,521,ilustracion de mar,OpenClipart,jesus_fuentes,db28a45bb877f3bf5f1d096b68bce2f5365d848b
jesus_fuentes_img_0127,img_125.png,mar_y_oceano,ilustracion_plana_color,554,554,ilustracion de mar,OpenClipart,jesus_fuentes,561200accdac346c6a51dcd82d04095bf6f85267
jesus_fuentes_img_0128,img_126.png,mar_y_oceano,ilustracion_plana_color,229,216,ilustracion de mar,OpenClipart,jesus_fuentes,adc5a297a99ccbb5a195cf226b4b3f1b0b18273f
jesus_fuentes_img_0129,img_127.png,mar_y_oceano,ilustracion_plana_color,216,205,ilustracion de mar,OpenClipart,jesus_fuentes,46d63d5bf72430c21a1931affe5b34d8eeb2893c
jesus_fuentes_img_0130,img_128.png,mar_y_oceano,ilustracion_plana_color,2500,2500,ilustracion de mar,OpenClipart,jesus_fuentes,945be5ef84b33d4287260e538ec1b866c1439e6a
jesus_fuentes_img_0131,img_129.png,mar_y_oceano,ilustracion_plana_color,554,554,ilustracion de mar,OpenClipart,jesus_fuentes,8704721151be55efa77d3dee9b918704a73eeada
jesus_fuentes_img_0132,img_130.png,mar_y_oceano,ilustracion_plana_color,569,539,ilustracion de mar,OpenClipart,jesus_fuentes,c145845bfdb3f5d84f639371aeaeb44a963cd37e
jesus_fuentes_img_0133,img_131.png,mar_y_oceano,ilustracion_plana_color,980,980,ilustracion de mar,OpenClipart,jesus_fuentes,9501d1e5361d1445338a26b1d5053ad85df4b70d
jesus_fuentes_img_0134,img_132.png,mar_y_oceano,ilustracion_plana_color,980,980,ilustracion de mar,OpenClipart,jesus_fuentes,9a4c5b7c70213df6a93228a04ac6ff123c14834c
jesus_fuentes_img_0135,img_133.png,mar_y_oceano,ilustracion_plana_color,516,387,ilustracion de mar,OpenClipart,jesus_fuentes,1de8b4ddca4e0e456d9b8f54aa99eb09fae20ed5
jesus_fuentes_img_0136,img_134.png,mar_y_oceano,ilustracion_plana_color,960,960,ilustracion de mar,OpenClipart,jesus_fuentes,f41322dad53f71ad2d99d15814c488f8d70eb4ab
jesus_fuentes_img_0137,img_135.png,mar_y_oceano,ilustracion_plana_color,700,350,ilustracion de mar,OpenClipart,jesus_fuentes,f9ae6a6a18e71de39bdd9c61736a8ac6930c9ed0
jesus_fuentes_img_0138,img_136.png,mar_y_oceano,ilustracion_plana_color,352,208,ilustracion de mar,OpenClipart,jesus_fuentes,276d971b50885de0f9c04fb99b819e191e538189
jesus_fuentes_img_0139,img_137.png,mar_y_oceano,ilustracion_plana_color,447,447,ilustracion de mar,OpenClipart,jesus_fuentes,3b2f3fc43f710d6cbaec5bdef722d48b952bc1bb
jesus_fuentes_img_0140,img_138.png,mar_y_oceano,ilustracion_plana_color,554,554,ilustracion de mar,OpenClipart,jesus_fuentes,96b3acc6d27d43cf19ecf08544547ff5e12f332b
jesus_fuentes_img_0141,img_139.png,mar_y_oceano,ilustracion_plana_color,512,512,ilustracion de mar,OpenClipart,jesus_fuentes,4efa00fa9a4836a770f7bb2b56be2d40a459a7ec
jesus_fuentes_img_0142,img_140.png,mar_y_oceano,ilustracion_plana_color,433,288,ilustracion de mar,OpenClipart,jesus_fuentes,52f8bcf0b909b575fd1474245402a433733d341e
jesus_fuentes_img_0143,img_141.png,mar_y_oceano,ilustracion_plana_color,336,512,ilustracion de mar,OpenClipart,jesus_fuentes,fd95d16d118e1b0121fb77c44acd3139dbdcb039
jesus_fuentes_img_0144,img_142.png,mar_y_oceano,ilustracion_plana_color,612,490,ilustracion de mar,OpenClipart,jesus_fuentes,f8a6c18c198b7eac114c651971d232734fac0145
jesus_fuentes_img_0145,img_143.png,mar_y_oceano,ilustracion_plana_color,655,468,ilustracion de mar,OpenClipart,jesus_fuentes,13b23940885e1491fabfcb80716b608d227026a5
jesus_fuentes_img_0146,img_144.png,mar_y_oceano,ilustracion_plana_color,544,350,ilustracion de mar,OpenClipart,jesus_fuentes,e12e684bbf911e123151eeec548b0053648ddbde
jesus_fuentes_img_0147,img_145.png,mar_y_oceano,ilustracion_plana_color,379,527,ilustracion de mar,OpenClipart,jesus_fuentes,38b93b0b7156a9e40f51d42a17fe29ac13e338f5
jesus_fuentes_img_0148,img_146.png,mar_y_oceano,ilustracion_plana_color,360,360,ilustracion de mar,OpenClipart,jesus_fuentes,f59055e29dbcc68c8119d35d725676f0e0f0c6b5
jesus_fuentes_img_0149,img_147.png,mar_y_oceano,ilustracion_plana_color,464,431,ilustracion de mar,OpenClipart,jesus_fuentes,74b00bc3e76cf743a4db26904157fcdf39a98093
jesus_fuentes_img_0150,img_148.png,mar_y_oceano,ilustracion_plana_color,170,240,ilustracion de mar,OpenClipart,jesus_fuentes,2c86947be86ded732d657670db97900e604b9cbe
jesus_fuentes_img_0151,img_149.png,mar_y_oceano,ilustracion_plana_color,597,597,ilustracion de mar,OpenClipart,jesus_fuentes,2b8c41b77f3d4f918a25ae670c5593480a929b35
jesus_fuentes_img_0152,img_150.png,mar_y_oceano,ilustracion_plana_color,518,418,ilustracion de mar,OpenClipart,jesus_fuentes,0dc6b7cd906c339850c7e6462746f42d6476d05b
jesus_fuentes_img_0153,img_151.png,mar_y_oceano,ilustracion_plana_color,689,350,ilustracion de mar,OpenClipart,jesus_fuentes,9855a969f692927f73fee8973f50b37dda9e8647
jesus_fuentes_img_0154,img_152.png,mar_y_oceano,ilustracion_plana_color,554,554,ilustracion de mar,OpenClipart,jesus_fuentes,4d674f52f8a49d0fd7ea3b468db69660c23e8e55
jesus_fuentes_img_0155,img_153.png,mar_y_oceano,ilustracion_plana_color,484,634,ilustracion de mar,OpenClipart,jesus_fuentes,61b40ae07f94942c373fc4eb96f10457eb9007c4
jesus_fuentes_img_0156,img_154.png,mar_y_oceano,ilustracion_plana_color,236,236,ilustracion de mar,OpenClipart,jesus_fuentes,f695e1bea8ce9a830af1c30acc283a2b7a66135c
jesus_fuentes_img_0157,img_155.png,mar_y_oceano,ilustracion_plana_color,554,554,ilustracion de mar,OpenClipart,jesus_fuentes,682dabc208fa9340cd4c3097670bcb1672830a59
jesus_fuentes_img_0158,img_156.png,mar_y_oceano,ilustracion_plana_color,170,170,ilustracion de mar,OpenClipart,jesus_fuentes,ada05cf136f11b8bf5f0f6e961b9563897a35cea
jesus_fuentes_img_0159,img_157.png,mar_y_oceano,ilustracion_plana_color,187,270,ilustracion de mar,OpenClipart,jesus_fuentes,536d7becc47dceb1ea9a58dcc781c6c57f12253a
jesus_fuentes_img_0160,img_158.png,mar_y_oceano,ilustracion_plana_color,980,980,ilustracion de mar,OpenClipart,jesus_fuentes,d95c3f432780c471607e478ede176492fae6a054
jesus_fuentes_img_0161,img_159.png,mar_y_oceano,ilustracion_plana_color,2500,2500,ilustracion de mar,OpenClipart,jesus_fuentes,cc4a67661b1ed86d3c98b581f7b68e79940998d8
jesus_fuentes_img_0162,img_160.png,mar_y_oceano,ilustracion_plana_color,1024,1024,ilustracion de mar,OpenClipart,jesus_fuentes,d2f198ad309bbe5361b6cacbe446b0ed75896aae
jesus_fuentes_img_0163,img_161.png,mar_y_oceano,ilustracion_plana_color,1600,1700,ilustracion de mar,OpenClipart,jesus_fuentes,aa7c3bca34e6829ada2701880eb52335eb50ccf7
jesus_fuentes_img_0164,img_162.png,mar_y_oceano,ilustracion_plana_color,479,626,ilustracion de mar,OpenClipart,jesus_fuentes,f05826dc6dad82cd40356c6fd015b38ce8f56b84
jesus_fuentes_img_0165,img_163.png,mar_y_oceano,ilustracion_plana_color,246,148,ilustracion de mar,OpenClipart,jesus_fuentes,6f5c6d6ac77a566b7b51fd77b3d4b931967f0ece
jesus_fuentes_img_0166,img_164.png,mar_y_oceano,ilustracion_plana_color,679,452,ilustracion de mar,OpenClipart,jesus_fuentes,0c0c5cff9e797247c2b81ad13a2398a326db71bc
jesus_fuentes_img_0167,img_165.png,mar_y_oceano,ilustracion_plana_color,442,246,ilustracion de mar,OpenClipart,jesus_fuentes,1803b59f16bc304efe10076d2bd15461aa655b82
jesus_fuentes_img_0168,img_166.png,mar_y_oceano,ilustracion_plana_color,626,348,ilustracion de mar,OpenClipart,jesus_fuentes,1eab3db3620742e5e535f5f10b2d72fde0c6ac6d
jesus_fuentes_img_0169,img_167.png,mar_y_oceano,ilustracion_plana_color,367,244,ilustracion de mar,OpenClipart,jesus_fuentes,b8e52444c1cabc264fd8b9a765053a3e6a11898e
jesus_fuentes_img_0170,img_168.png,mar_y_oceano,ilustracion_plana_color,740,350,ilustracion de mar,OpenClipart,jesus_fuentes,bb495176ed51d787268edb275091225a280dad08
jesus_fuentes_img_0171,img_169.png,mar_y_oceano,ilustracion_plana_color,740,415,ilustracion de mar,OpenClipart,jesus_fuentes,1af3f5b6ac175fbe8ad9a030417c3a91b09953ad
jesus_fuentes_img_0172,img_170.png,mar_y_oceano,ilustracion_plana_color,350,350,ilustracion de mar,OpenClipart,jesus_fuentes,f61616ab7ad978ed2ff194b3ef6da5ae2c35aba3
jesus_fuentes_img_0173,img_171.png,mar_y_oceano,ilustracion_plana_color,739,415,ilustracion de mar,OpenClipart,jesus_fuentes,fe1ac74a7a37ea2805e25b5ff57f6909e5dff701
jesus_fuentes_img_0174,img_172.png,mar_y_oceano,ilustracion_plana_color,554,554,ilustracion de mar,OpenClipart,jesus_fuentes,d8bd880dfd8504f2df03b3eac6ad6c109d5084c3
jesus_fuentes_img_0175,img_173.png,mar_y_oceano,ilustracion_plana_color,360,360,ilustracion de mar,OpenClipart,jesus_fuentes,fb997b36813ca4ed1b7734ffdece7d1759b174d7
jesus_fuentes_img_0176,img_174.png,mar_y_oceano,ilustracion_plana_color,225,225,ilustracion de mar,OpenClipart,jesus_fuentes,d2e826fb9077865de621223206a1479bc48c367e
jesus_fuentes_img_0177,img_175.png,mar_y_oceano,ilustracion_plana_color,554,554,ilustracion de mar,OpenClipart,jesus_fuentes,0561ab9894e0096a5439106b4a727bbdcb57eb1c
jesus_fuentes_img_0178,img_176.png,mar_y_oceano,ilustracion_plana_color,510,601,ilustracion de mar,OpenClipart,jesus_fuentes,d8fd21ccee9e3927f99a4475cfceed4ce228b654
jesus_fuentes_img_0179,img_177.png,mar_y_oceano,ilustracion_plana_color,554,554,ilustracion de mar,OpenClipart,jesus_fuentes,508d2c58622722d982adde82e4ea01edfaa50b65
jesus_fuentes_img_0180,img_178.png,mar_y_oceano,ilustracion_plana_color,408,490,ilustracion de mar,OpenClipart,jesus_fuentes,94d0a69b724e88012659663c577b3a1e406bbfcb
jesus_fuentes_img_0181,img_179.png,mar_y_oceano,ilustracion_plana_color,500,280,ilustracion de mar,OpenClipart,jesus_fuentes,17f43cca58d4ff373f4d7efe3acf35cc8482d451
jesus_fuentes_img_0182,img_180.png,mar_y_oceano,ilustracion_plana_color,554,554,ilustracion de mar,OpenClipart,jesus_fuentes,b88f900b1ced22c8c79f7c14cc3497b2265c086e
jesus_fuentes_img_0183,img_181.png,mar_y_oceano,ilustracion_plana_color,740,415,ilustracion de mar,OpenClipart,jesus_fuentes,c181220b955deab86fcdc5cea78640278afe1103
jesus_fuentes_img_0184,img_182.png,mar_y_oceano,ilustracion_plana_color,693,980,ilustracion de mar,OpenClipart,jesus_fuentes,0208ee5515498f44eb29863309a946f01fc8fb89
jesus_fuentes_img_0185,img_183.png,mar_y_oceano,ilustracion_plana_color,386,518,ilustracion de mar,OpenClipart,jesus_fuentes,aad03586948e81bd9305c2b32bb3f76fdbabb328
jesus_fuentes_img_0186,img_184.png,mar_y_oceano,ilustracion_plana_color,236,295,ilustracion de mar,OpenClipart,jesus_fuentes,5d99ef50a4f6e7fad0caa445f575de9b84baf967
jesus_fuentes_img_0187,img_185.png,mar_y_oceano,ilustracion_plana_color,235,321,ilustracion de mar,OpenClipart,jesus_fuentes,0dce5d7a58a89f1611607e7bad87547f3f4190cc
jesus_fuentes_img_0188,img_186.png,mar_y_oceano,ilustracion_plana_color,236,420,ilustracion de mar,OpenClipart,jesus_fuentes,d811b0f6436a91649244a0bcd950f02ad4b95eec
jesus_fuentes_img_0189,img_187.png,mar_y_oceano,ilustracion_plana_color,367,544,ilustracion de mar,OpenClipart,jesus_fuentes,aff177759c1be7187be48730a0dabaac63daf4d1
jesus_fuentes_img_0190,img_188.png,mar_y_oceano,ilustracion_plana_color,299,209,ilustracion de mar,OpenClipart,jesus_fuentes,333b869abf32a35c6cbcc570fdc47a57a09484fe
jesus_fuentes_img_0191,img_189.png,mar_y_oceano,ilustracion_plana_color,679,452,ilustracion de mar,OpenClipart,jesus_fuentes,dc17f046db9113eaa441d20d364b0d2e6f8ddf2f
jesus_fuentes_img_0192,img_190.png,mar_y_oceano,ilustracion_plana_color,360,359,ilustracion de mar,OpenClipart,jesus_fuentes,a3baf712facfe367e6b67f3b4838218b5547072e
jesus_fuentes_img_0193,img_191.png,mar_y_oceano,ilustracion_plana_color,354,500,ilustracion de mar,OpenClipart,jesus_fuentes,849fb9033138aada086f7a80a1bd110cdde15498
jesus_fuentes_img_0194,img_192.png,mar_y_oceano,ilustracion_plana_color,236,236,ilustracion de mar,OpenClipart,jesus_fuentes,67706864db69560bd09f05e1a1fe50029b7eeddb
jesus_fuentes_img_0195,img_193.png,mar_y_oceano,ilustracion_plana_color,579,530,ilustracion de mar,OpenClipart,jesus_fuentes,50af5e79c210ec490a65e420072b5e08349585ee
jesus_fuentes_img_0196,img_194.png,mar_y_oceano,ilustracion_plana_color,501,611,ilustracion de mar,OpenClipart,jesus_fuentes,b79231a911862dc4149e89fab7f2ab366100771e
jesus_fuentes_img_0197,img_195.png,mar_y_oceano,ilustracion_plana_color,447,447,ilustracion de mar,OpenClipart,jesus_fuentes,29d0c3383bc1bc16f7852c894bda460702cc9444
jesus_fuentes_img_0198,img_196.png,mar_y_oceano,ilustracion_plana_color,459,668,ilustracion de mar,OpenClipart,jesus_fuentes,c6c761c3783efed378b2c59380e9c151faf61750
jesus_fuentes_img_0199,img_197.png,mar_y_oceano,ilustracion_plana_color,447,447,ilustracion de mar,OpenClipart,jesus_fuentes,ed500ba7bedcc55c1ff09776839a614d017a011b
jesus_fuentes_img_0200,img_198.png,mar_y_oceano,ilustracion_plana_color,612,366,ilustracion de mar,OpenClipart,jesus_fuentes,2266777dd0ebc0f25d052edef30c86204c7938c1
jesus_fuentes_img_0201,img_199.png,mar_y_oceano,ilustracion_plana_color,980,980,ilustracion de mar,OpenClipart,jesus_fuentes,070895a2e975df0b64c5d934496666c20c0f3433
jesus_fuentes_img_0202,img_200.png,mar_y_oceano,ilustracion_plana_color,554,554,ilustracion de mar,OpenClipart,jesus_fuentes,b88bc4e37ef8b24ab983447fe2b9a17ee9fbd89f
jesus_fuentes_img_0203,img_201.png,mar_y_oceano,ilustracion_plana_color,348,370,ilustracion de mar,OpenClipart,jesus_fuentes,58e1485d36eedd8f58169cd48c95b8efe36ff676
jesus_fuentes_img_0204,img_202.png,mar_y_oceano,ilustracion_plana_color,451,490,ilustracion de mar,OpenClipart,jesus_fuentes,cb0a398fe6a633a1eab52f18bc05b4060b21838b
jesus_fuentes_img_0205,img_203.png,mar_y_oceano,ilustracion_plana_color,590,520,ilustracion de mar,OpenClipart,jesus_fuentes,732bea5dc279e7a0b592d3124c3e6e1d432d483b
jesus_fuentes_img_0206,img_204.png,mar_y_oceano,ilustracion_plana_color,598,513,ilustracion de mar,OpenClipart,jesus_fuentes,b6b0e02a2a70626e5546715538a77506e1794d63
jesus_fuentes_img_0207,img_205.png,mar_y_oceano,ilustracion_plana_color,640,640,ilustracion de mar,OpenClipart,jesus_fuentes,83cb10c2bed74e4d4ea67e5708f28b47f7efa517
jesus_fuentes_img_0208,img_206.png,mar_y_oceano,ilustracion_plana_color,340,280,ilustracion de mar,OpenClipart,jesus_fuentes,290d8fa14e621afc6ddce103db121b5c35047a61
jesus_fuentes_img_0209,img_207.png,mar_y_oceano,ilustracion_plana_color,554,554,ilustracion de mar,OpenClipart,jesus_fuentes,5a89ec0a2651a9f23230acc376fb278712b0ae18
jesus_fuentes_img_0210,img_208.png,mar_y_oceano,ilustracion_plana_color,700,438,ilustracion de mar,OpenClipart,jesus_fuentes,aa6bcb6de9e60202a3edb5d734c1ee820208dce2
jesus_fuentes_img_0211,img_209.png,mar_y_oceano,ilustracion_plana_color,638,481,ilustracion de mar,OpenClipart,jesus_fuentes,c659fe8d91c6639f23117678682ce081b1e7c6c3
jesus_fuentes_img_0212,img_210.png,mar_y_oceano,ilustracion_plana_color,360,360,ilustracion de mar,OpenClipart,jesus_fuentes,21b3a7a196f685466983abb998bf7b3cd43f807d
jesus_fuentes_img_0213,img_211.png,mar_y_oceano,ilustracion_plana_color,251,253,ilustracion de mar,OpenClipart,jesus_fuentes,ab4650c8147eefff681936a69bc3b0f4454eda4a
jesus_fuentes_img_0214,img_212.png,mar_y_oceano,ilustracion_plana_color,554,554,ilustracion de mar,OpenClipart,jesus_fuentes,3874daf3abbab187d6aef94d473338f9664c30b8
jesus_fuentes_img_0215,img_213.png,mar_y_oceano,ilustracion_plana_color,1400,1400,ilustracion de mar,OpenClipart,jesus_fuentes,194084ba76ca8ef14e8a35ff8db0b4e85968015b
jesus_fuentes_img_0216,img_214.png,mar_y_oceano,ilustracion_plana_color,1024,937,ilustracion de mar,OpenClipart,jesus_fuentes,521ae81a7108c6ce071a4595af519580c9ef5947
jesus_fuentes_img_0217,img_215.png,mar_y_oceano,ilustracion_plana_color,193,261,ilustracion de mar,OpenClipart,jesus_fuentes,441a0517255eaccde9ee0094447ca1c16acf9e61
jesus_fuentes_img_0218,img_216.png,mar_y_oceano,ilustracion_plana_color,612,612,ilustracion de mar,OpenClipart,jesus_fuentes,c47aea1ba9cb2866e3abf1718f5a86831389cac9
jesus_fuentes_img_0219,img_217.png,mar_y_oceano,ilustracion_plana_color,447,447,ilustracion de mar,OpenClipart,jesus_fuentes,ca2f4dd352936143b952495df87876420d2cbb30
jesus_fuentes_img_0220,img_218.png,mar_y_oceano,ilustracion_plana_color,554,554,ilustracion de mar,OpenClipart,jesus_fuentes,86bf8f9ab58717a873fe395032e51cc6863cfa7c
jesus_fuentes_img_0221,img_219.png,mar_y_oceano,ilustracion_plana_color,554,554,ilustracion de mar,OpenClipart,jesus_fuentes,f81f56d1967d8db91777af1313e3f8478d6ef25b
jesus_fuentes_img_0222,img_220.png,mar_y_oceano,ilustracion_plana_color,554,554,ilustracion de mar,OpenClipart,jesus_fuentes,eda7f2b56c507397475ccc6bde0978c292e12261
jesus_fuentes_img_0223,img_221.png,mar_y_oceano,ilustracion_plana_color,980,980,ilustracion de mar,OpenClipart,jesus_fuentes,15e5c10f6e6e0f65ef8ce9e4c0912f88e3171d8f
jesus_fuentes_img_0224,img_222.png,mar_y_oceano,ilustracion_plana_color,590,519,ilustracion de mar,OpenClipart,jesus_fuentes,8c26ce9aac7108a4c81c710ce4bae72ea9ffe0a6
jesus_fuentes_img_0225,img_223.png,mar_y_oceano,ilustracion_plana_color,360,465,ilustracion de mar,OpenClipart,jesus_fuentes,ba6a46cad2e976b719427249bf70cc52925d7a24
jesus_fuentes_img_0226,img_224.png,mar_y_oceano,ilustracion_plana_color,554,554,ilustracion de mar,OpenClipart,jesus_fuentes,4e8dd5d7b8d23792096cb284420f279bb7629d9a
jesus_fuentes_img_0227,img_225.png,mar_y_oceano,ilustracion_plana_color,1200,1200,ilustracion de mar,OpenClipart,jesus_fuentes,8fc342577385832509184707cbeae2c6c9125d92
jesus_fuentes_img_0228,img_226.png,mar_y_oceano,ilustracion_plana_color,1024,1016,ilustracion de mar,OpenClipart,jesus_fuentes,c079a4cbed6e794aeda68d029df9bed00b6c4e3b
jesus_fuentes_img_0229,img_227.png,mar_y_oceano,ilustracion_plana_color,512,512,ilustracion de mar,OpenClipart,jesus_fuentes,d782c32cd5965b7e5ce97882cf33f343467f3300
jesus_fuentes_img_0230,img_228.png,mar_y_oceano,ilustracion_plana_color,360,355,ilustracion de mar,OpenClipart,jesus_fuentes,55a1565a8c5b40b1e12ef16f7fc16113a140f6b2
jesus_fuentes_img_0231,img_229.png,mar_y_oceano,ilustracion_plana_color,246,185,ilustracion de mar,OpenClipart,jesus_fuentes,297770cae5968ef6bf2ef4c762a27856980c0c20
jesus_fuentes_img_0232,img_230.png,mar_y_oceano,ilustracion_plana_color,525,380,ilustracion de mar,OpenClipart,jesus_fuentes,864d52d9dfeb2efb9fff0f2feac296a28a6bec17
jesus_fuentes_img_0233,img_231.png,mar_y_oceano,ilustracion_plana_color,1300,1300,ilustracion de mar,OpenClipart,jesus_fuentes,54cdecb8d823ad9caf57f5aa2857a23f442decf9
jesus_fuentes_img_0234,img_232.png,mar_y_oceano,ilustracion_plana_color,612,350,ilustracion de mar,OpenClipart,jesus_fuentes,91f7d5ceebea4ef29d7c92be7a0d7a4cb2143d0f
jesus_fuentes_img_0235,img_233.png,mar_y_oceano,ilustracion_plana_color,360,360,ilustracion de mar,OpenClipart,jesus_fuentes,a8d30d4adc73221d3b1630dc2237741aa2f13123
jesus_fuentes_img_0236,img_234.png,mar_y_oceano,ilustracion_plana_color,554,554,ilustracion de mar,OpenClipart,jesus_fuentes,b71866ba843fdb06ae7aed9eafe062e46c378c44
jesus_fuentes_img_0237,img_235.png,mar_y_oceano,ilustracion_plana_color,650,350,ilustracion de mar,OpenClipart,jesus_fuentes,36216330d751b5afb915953fb5588ac7807de756
jesus_fuentes_img_0238,img_236.png,mar_y_oceano,ilustracion_plana_color,628,488,ilustracion de mar,OpenClipart,jesus_fuentes,3f2d64370351b21b18bd35ed25cdecedba357e54
jesus_fuentes_img_0239,img_237.png,mar_y_oceano,ilustracion_plana_color,415,739,ilustracion de mar,OpenClipart,jesus_fuentes,25877f76a23e304b44261152837f5f818d23f76e
jesus_fuentes_img_0240,img_238.png,mar_y_oceano,ilustracion_plana_color,620,495,ilustracion de mar,OpenClipart,jesus_fuentes,5b72b6adb2293c73594fe673e8c6e4ec520ec177
jesus_fuentes_img_0241,img_239.png,mar_y_oceano,ilustracion_plana_color,554,554,ilustracion de mar,OpenClipart,jesus_fuentes,f62cdd0978d01a2a9b79b75fd5066f664706e917
jesus_fuentes_img_0242,img_240.png,mar_y_oceano,ilustracion_plana_color,612,408,ilustracion de mar,OpenClipart,jesus_fuentes,91f4d516e884db4f5a8985bc10ed2ac999b685b7
jesus_fuentes_img_0243,img_241.png,mar_y_oceano,ilustracion_plana_color,559,357,ilustracion de mar,OpenClipart,jesus_fuentes,08dc33df3283c77bd4f4fdcec6ca373d27678a52
jesus_fuentes_img_0244,img_242.png,mar_y_oceano,ilustracion_plana_color,1300,1300,ilustracion de mar,OpenClipart,jesus_fuentes,c2d1f693278d9d66a6c11afae8a4fc690a7b1dc7
jesus_fuentes_img_0245,img_243.png,mar_y_oceano,ilustracion_plana_color,740,388,ilustracion de mar,OpenClipart,jesus_fuentes,8d5e6e4ec05ba1466620c2e290d73faaf9e31a27
jesus_fuentes_img_0246,img_244.png,mar_y_oceano,ilustracion_plana_color,433,612,ilustracion de mar,OpenClipart,jesus_fuentes,8067e7cbf665c81a442bfcb7caae98867da356bd
jesus_fuentes_img_0247,img_245.png,mar_y_oceano,ilustracion_plana_color,715,429,ilustracion de mar,OpenClipart,jesus_fuentes,28ffc424d93316638d47b335c6bd46c7bce831e7
jesus_fuentes_img_0248,img_246.png,mar_y_oceano,ilustracion_plana_color,394,507,ilustracion de mar,OpenClipart,jesus_fuentes,9873a2ddcf1162935e702805bf75e4c0a91f542c
jesus_fuentes_img_0249,img_247.png,mar_y_oceano,ilustracion_plana_color,654,469,ilustracion de mar,OpenClipart,jesus_fuentes,4d07c66a84db110e740527053142bec39b19c25c
jesus_fuentes_img_0250,img_248.png,mar_y_oceano,ilustracion_plana_color,679,452,ilustracion de mar,OpenClipart,jesus_fuentes,7bceb969a7727a6527d85b3dfec7befb1182a0ff
jesus_fuentes_img_0251,img_249.png,mar_y_oceano,ilustracion_plana_color,612,389,ilustracion de mar,OpenClipart,jesus_fuentes,23c6154b66e9133fc0b5fa6152aeba867dbdd5f7
jesus_fuentes_img_0252,img_250.png,mar_y_oceano,ilustracion_plana_color,554,554,ilustracion de mar,OpenClipart,jesus_fuentes,cf69eb1f87af5af9f536c590e637faf553df68e1
jesus_fuentes_img_0253,img_251.png,mar_y_oceano,ilustracion_plana_color,511,391,ilustracion de mar,OpenClipart,jesus_fuentes,b430679bae83de51b19b0c79d67c1e8b78c6e5a5
jesus_fuentes_img_0254,img_252.png,mar_y_oceano,ilustracion_plana_color,447,447,ilustracion de mar,OpenClipart,jesus_fuentes,25ee3487722d485a22fe26af8b953a7581456d5c
jesus_fuentes_img_0255,img_253.png,mar_y_oceano,ilustracion_plana_color,556,551,ilustracion de mar,OpenClipart,jesus_fuentes,ad3d920873821186a3d38f0b639976744897c9f3
jesus_fuentes_img_0256,img_254.png,mar_y_oceano,ilustracion_plana_color,568,600,ilustracion de mar,OpenClipart,jesus_fuentes,1adef484c77d57e0293053aafa933c44433b86ea
jesus_fuentes_img_0257,img_255.png,mar_y_oceano,ilustracion_plana_color,236,236,ilustracion de mar,OpenClipart,jesus_fuentes,e3c0988d342a9d559be77087d85d4f5b6c805f1c
jesus_fuentes_img_0258,img_256.png,mar_y_oceano,ilustracion_plana_color,492,623,ilustracion de mar,OpenClipart,jesus_fuentes,3fad0bc4bccf38e9e509d08f34c8def31b417042
jesus_fuentes_img_0259,img_257.png,mar_y_oceano,ilustracion_plana_color,500,400,ilustracion de mar,OpenClipart,jesus_fuentes,cf2a2e7f806812e4fe330fe1a7c7140a4be99709
jesus_fuentes_img_0260,img_258.png,mar_y_oceano,ilustracion_plana_color,170,198,ilustracion de mar,OpenClipart,jesus_fuentes,db39b5173eef163371c68cc8428a211ce544ab3b
jesus_fuentes_img_0261,img_259.png,mar_y_oceano,ilustracion_plana_color,528,378,ilustracion de mar,OpenClipart,jesus_fuentes,8c87869e69ec54fdc815dbe788d53e79d083fd87
jesus_fuentes_img_0262,img_260.png,mar_y_oceano,ilustracion_plana_color,360,360,ilustracion de mar,OpenClipart,jesus_fuentes,82f2156379a6cc30cda3aa5133e5021bf960beba
jesus_fuentes_img_0263,img_261.png,mar_y_oceano,ilustracion_plana_color,1200,1200,ilustracion de mar,OpenClipart,jesus_fuentes,aa7d2ef1efb702c9858a099a1ebff53ac713f224
jesus_fuentes_img_0264,img_262.png,mar_y_oceano,ilustracion_plana_color,554,554,ilustracion de mar,OpenClipart,jesus_fuentes,e239daafde623d44d97eae2a63543ed83775b539
jesus_fuentes_img_0265,img_263.png,mar_y_oceano,ilustracion_plana_color,2500,2500,ilustracion de mar,OpenClipart,jesus_fuentes,59b8664002953d6426d1145a641b2c83f0c406b6
jesus_fuentes_img_0266,img_264.png,mar_y_oceano,ilustracion_plana_color,350,350,ilustracion de mar,OpenClipart,jesus_fuentes,f57a4c10c2d42ef57be46a5ad9c7ece6f96bd054
jesus_fuentes_img_0267,img_265.png,mar_y_oceano,ilustracion_plana_color,401,765,ilustracion de mar,OpenClipart,jesus_fuentes,6f14c54d3d57f735831cc366a0b519d1eb1b03e9
jesus_fuentes_img_0268,img_266.png,mar_y_oceano,ilustracion_plana_color,350,350,ilustracion de mar,OpenClipart,jesus_fuentes,eef070dbbb310464136844aa854c782c31a02a8d
jesus_fuentes_img_0269,img_267.png,mar_y_oceano,ilustracion_plana_color,615,499,ilustracion de mar,OpenClipart,jesus_fuentes,cf67f712c6a183278053c2c1052ae08749eea003
jesus_fuentes_img_0270,img_268.png,mar_y_oceano,ilustracion_plana_color,554,554,ilustracion de mar,OpenClipart,jesus_fuentes,737550d0358799a27d31a95a0d053e9a7b2c3d65
jesus_fuentes_img_0271,img_269.png,mar_y_oceano,ilustracion_plana_color,224,280,ilustracion de mar,OpenClipart,jesus_fuentes,e84581d0191089f31b767975cc7b60c9bd4f40bf
jesus_fuentes_img_0272,img_270.png,mar_y_oceano,ilustracion_plana_color,556,552,ilustracion de mar,OpenClipart,jesus_fuentes,35759b68f7d6080f2bf23ce147b5082e0c747f54
jesus_fuentes_img_0273,img_271.png,mar_y_oceano,ilustracion_plana_color,236,228,ilustracion de mar,OpenClipart,jesus_fuentes,cb02d01592d80a88b9c5eb6fe9005f9fceab1af0
jesus_fuentes_img_0274,img_272.png,mar_y_oceano,ilustracion_plana_color,2500,2500,ilustracion de mar,OpenClipart,jesus_fuentes,ea590ea8de31605bd6045d78a4d3ac3e25df89af
jesus_fuentes_img_0275,img_273.png,mar_y_oceano,ilustracion_plana_color,2500,2500,ilustracion de mar,OpenClipart,jesus_fuentes,98358ba00bb51bb75ba9bd6e9cf8c141945cb62d
jesus_fuentes_img_0276,img_274.png,mar_y_oceano,ilustracion_plana_color,360,360,ilustracion de mar,OpenClipart,jesus_fuentes,df2ba1111575a1578b1224a633c51dee8997b1d4
jesus_fuentes_img_0277,img_275.png,mar_y_oceano,ilustracion_plana_color,554,554,ilustracion de mar,OpenClipart,jesus_fuentes,05769103f4d8821234c2da8799cc81d6d6bcbc2c
jesus_fuentes_img_0278,img_276.png,mar_y_oceano,ilustracion_plana_color,554,554,ilustracion de mar,OpenClipart,jesus_fuentes,432d9858c5e7892756ddeb5e6e0ed412b54568a7
jesus_fuentes_img_0279,img_277.png,mar_y_oceano,ilustracion_plana_color,447,447,ilustracion de mar,OpenClipart,jesus_fuentes,9db53768d7ca41a0bbbd6ca3576570c2c669d0e7
jesus_fuentes_img_0280,img_278.png,mar_y_oceano,ilustracion_plana_color,554,554,ilustracion de mar,OpenClipart,jesus_fuentes,4e177e169bfedd951a255cb31c83d18fe64e929a
jesus_fuentes_img_0281,img_279.png,mar_y_oceano,ilustracion_plana_color,554,554,ilustracion de mar,OpenClipart,jesus_fuentes,7e425891f5ac2e27e48c63c948ea012c2f164600
jesus_fuentes_img_0282,img_280.png,mar_y_oceano,ilustracion_plana_color,554,554,ilustracion de mar,OpenClipart,jesus_fuentes,f1eda8f82cd2812c53cdcc7e9a18ff8b912feded
jesus_fuentes_img_0283,img_281.png,mar_y_oceano,ilustracion_plana_color,720,619,ilustracion de mar,OpenClipart,jesus_fuentes,5aa5f926a35f2327b4b1c73c58c0e1dc2d7bebb4
jesus_fuentes_img_0284,img_282.png,mar_y_oceano,ilustracion_plana_color,335,597,ilustracion de mar,OpenClipart,jesus_fuentes,9386471513ddccf35f1707e3958a99bad4cf7498
jesus_fuentes_img_0285,img_283.png,mar_y_oceano,ilustracion_plana_color,236,316,ilustracion de mar,OpenClipart,jesus_fuentes,3cd8b0350fbf3519a7f45be45f614694925bd1c8
jesus_fuentes_img_0286,img_284.png,mar_y_oceano,ilustracion_plana_color,576,438,ilustracion de mar,OpenClipart,jesus_fuentes,6c932d074b019ba7f2cdfdaba1e151896ed393b6
jesus_fuentes_img_0287,img_285.png,mar_y_oceano,ilustracion_plana_color,447,447,ilustracion de mar,OpenClipart,jesus_fuentes,a78e0bb6add0072db8a12f387f9443d545005ca3
jesus_fuentes_img_0288,img_286.png,mar_y_oceano,ilustracion_plana_color,554,554,ilustracion de mar,OpenClipart,jesus_fuentes,237e2ab6d55e6be74cf8aa27c116c640e07d9027
jesus_fuentes_img_0289,img_287.png,mar_y_oceano,ilustracion_plana_color,554,554,ilustracion de mar,OpenClipart,jesus_fuentes,03f53b912ae7b8774174e58969e64d3e2a290e49
jesus_fuentes_img_0290,img_288.png,mar_y_oceano,ilustracion_plana_color,468,427,ilustracion de mar,OpenClipart,jesus_fuentes,87b01d27e1a2371080ea9f15090dd3361c00eb1e
jesus_fuentes_img_0291,img_289.png,mar_y_oceano,ilustracion_plana_color,554,554,ilustracion de mar,OpenClipart,jesus_fuentes,45cbacd30bde72ae22e3a9646d85ddb50984517a
jesus_fuentes_img_0292,img_290.png,mar_y_oceano,ilustracion_plana_color,554,554,ilustracion de mar,OpenClipart,jesus_fuentes,f32945168ad06afcb0a97f9c96226e6d3784f214
jesus_fuentes_img_0293,img_291.png,mar_y_oceano,ilustracion_plana_color,554,554,ilustracion de mar,OpenClipart,jesus_fuentes,37a7239cec79965bc9bf180959266ccd5b398a51
jesus_fuentes_img_0294,img_292.png,mar_y_oceano,ilustracion_plana_color,554,554,ilustracion de mar,OpenClipart,jesus_fuentes,ba307485b848c98ebdbe60c449a549bc12080a2b
jesus_fuentes_img_0295,img_293.png,mar_y_oceano,ilustracion_plana_color,576,507,ilustracion de mar,OpenClipart,jesus_fuentes,17a6fdf8f5411645e24a1240235723334c78564e
jesus_fuentes_img_0296,img_294.png,mar_y_oceano,ilustracion_plana_color,576,375,ilustracion de mar,OpenClipart,jesus_fuentes,61a3ea37df59de5156ebf10e45d33531d9f6a84a
jesus_fuentes_img_0297,img_295.png,mar_y_oceano,ilustracion_plana_color,554,554,ilustracion de mar,OpenClipart,jesus_fuentes,7cdd834050c33b942f017db7064b58f36818b7eb
jesus_fuentes_img_0298,img_296.png,mar_y_oceano,ilustracion_plana_color,360,270,ilustracion de mar,OpenClipart,jesus_fuentes,97b094247eac291a77729512a0466c5159046382
jesus_fuentes_img_0299,img_297.png,mar_y_oceano,ilustracion_plana_color,554,554,ilustracion de mar,OpenClipart,jesus_fuentes,505f6ecc612e45689242f1335954be5af027b521
jesus_fuentes_img_0300,img_298.png,mar_y_oceano,ilustracion_plana_color,558,549,ilustracion de mar,OpenClipart,jesus_fuentes,51230cdf9ec9f00584e92698468a52ec040629c3
jesus_fuentes_img_0301,img_299.png,mar_y_oceano,ilustracion_plana_color,554,554,ilustracion de mar,OpenClipart,jesus_fuentes,4e8f1d0eda0af1b5db5cbc17ac28bbe824806adc
jesus_fuentes_img_0302,img_300.png,mar_y_oceano,ilustracion_plana_color,554,554,ilustracion de mar,OpenClipart,jesus_fuentes,a1865ee211384f7f99c62c52004b4867045abb9b
jesus_fuentes_img_0303,img_301.png,mar_y_oceano,ilustracion_plana_color,225,225,ilustracion de mar,OpenClipart,jesus_fuentes,051503c51e51743391b2d05d43872647064b8826
jesus_fuentes_img_0304,img_302.png,mar_y_oceano,ilustracion_plana_color,478,418,ilustracion de mar,OpenClipart,jesus_fuentes,6e9b8a6466dd8f86d855778b6d8618a2444c0475
jesus_fuentes_img_0305,img_303.png,mar_y_oceano,ilustracion_plana_color,422,473,ilustracion de mar,OpenClipart,jesus_fuentes,4b887eeb5fb45ec1b26eab866ad5d5044715b7a5
jesus_fuentes_img_0306,img_304.png,mar_y_oceano,ilustracion_plana_color,242,208,ilustracion de mar,OpenClipart,jesus_fuentes,bbf1cfcfc6f34acb8fa8d00defb7fcbc2660770c
jesus_fuentes_img_0307,img_305.png,mar_y_oceano,ilustracion_plana_color,628,488,ilustracion de mar,OpenClipart,jesus_fuentes,fb3d7a3c0754ba4e3dea86900c2c41b0ecb4b692
jesus_fuentes_img_0308,img_306.png,mar_y_oceano,ilustracion_plana_color,517,594,ilustracion de mar,OpenClipart,jesus_fuentes,a88fc5e29a81197f08dea56e9dc75a6c708f6a8b
jesus_fuentes_img_0309,img_307.png,mar_y_oceano,ilustracion_plana_color,576,444,ilustracion de mar,OpenClipart,jesus_fuentes,158219483ac36c203161b1d735e9500a6d43d468
jesus_fuentes_img_0310,img_308.png,mar_y_oceano,ilustracion_plana_color,554,554,ilustracion de mar,OpenClipart,jesus_fuentes,1025827b8667f5c025139fcf2c774c3687418dc3
jesus_fuentes_img_0311,img_309.png,mar_y_oceano,ilustracion_plana_color,554,554,ilustracion de mar,OpenClipart,jesus_fuentes,61df93c587386c4a7a29dffc110da17f783eebe4
jesus_fuentes_img_0312,img_310.png,mar_y_oceano,ilustracion_plana_color,447,447,ilustracion de mar,OpenClipart,jesus_fuentes,e50e1f5b077924aaa12e2cdcfb9c2a94e51aecba
jesus_fuentes_img_0313,img_311.png,mar_y_oceano,ilustracion_plana_color,554,554,ilustracion de mar,OpenClipart,jesus_fuentes,15a5416461f836c3af07e8c47acceaecba31f916
jesus_fuentes_img_0314,img_312.png,mar_y_oceano,ilustracion_plana_color,554,554,ilustracion de mar,OpenClipart,jesus_fuentes,4ccabc87fbe9c252ab4e4b8402dca253e60fff49
jesus_fuentes_img_0315,img_313.png,mar_y_oceano,ilustracion_plana_color,397,386,ilustracion de mar,OpenClipart,jesus_fuentes,b5a9b7fd717e2cc00eef56f0dd2ee2515609c3c3
jesus_fuentes_img_0316,img_314.png,mar_y_oceano,ilustracion_plana_color,686,386,ilustracion de mar,OpenClipart,jesus_fuentes,c3dbd455baf6c810bde8adbf17151e47cecff52f
jesus_fuentes_img_0317,img_315.png,mar_y_oceano,ilustracion_plana_color,554,554,ilustracion de mar,OpenClipart,jesus_fuentes,ead11b0e008d56500402190ff6ba6d87fec4edcc
jesus_fuentes_img_0318,img_316.png,mar_y_oceano,ilustracion_plana_color,554,554,ilustracion de mar,OpenClipart,jesus_fuentes,7e820999e5489052669e3598b502113806daeb59
jesus_fuentes_img_0319,img_317.png,mar_y_oceano,ilustracion_plana_color,735,417,ilustracion de mar,OpenClipart,jesus_fuentes,4ec95906dd1b774987fb71ba98a1209b51520d01
jesus_fuentes_img_0320,img_318.png,mar_y_oceano,ilustracion_plana_color,552,556,ilustracion de mar,OpenClipart,jesus_fuentes,9452f41c0a0c152a2b4209700c1572283bf6aef5
jesus_fuentes_img_0321,img_319.png,mar_y_oceano,ilustracion_plana_color,576,441,ilustracion de mar,OpenClipart,jesus_fuentes,263d3479e67166631fbec95ea53aad99b5841191
jesus_fuentes_img_0322,img_320.png,mar_y_oceano,ilustracion_plana_color,565,543,ilustracion de mar,OpenClipart,jesus_fuentes,33301ce9d5401eec8585145578eb80a7b7a45ac0
jesus_fuentes_img_0323,img_321.png,mar_y_oceano,ilustracion_plana_color,447,447,ilustracion de mar,OpenClipart,jesus_fuentes,9c26e3ae0aacb2a6f5e6d6a8a64416e50d862440
jesus_fuentes_img_0324,img_322.png,mar_y_oceano,ilustracion_plana_color,715,429,ilustracion de mar,OpenClipart,jesus_fuentes,4c6d399ec38094bacde6fa1e480ba32778fa4de6
jesus_fuentes_img_0325,img_323.png,mar_y_oceano,ilustracion_plana_color,554,554,ilustracion de mar,OpenClipart,jesus_fuentes,afbb66ea5fec1e670df56b9e19c569401ccbce37
jesus_fuentes_img_0326,img_324.png,mar_y_oceano,ilustracion_plana_color,660,464,ilustracion de mar,OpenClipart,jesus_fuentes,6280e20e66c88736e35ad9edc5643696f6b66c0a
jesus_fuentes_img_0327,img_325.png,mar_y_oceano,ilustracion_plana_color,529,326,ilustracion de mar,OpenClipart,jesus_fuentes,38bf993fd7510d470f2c213b759a0ef944f229fb
jesus_fuentes_img_0328,img_326.png,mar_y_oceano,ilustracion_plana_color,421,625,ilustracion de mar,OpenClipart,jesus_fuentes,19c5cfac51d3aa22b6e6c1bf2b696efe2564d549
jesus_fuentes_img_0329,img_327.png,mar_y_oceano,ilustracion_plana_color,408,490,ilustracion de mar,OpenClipart,jesus_fuentes,f8fe78ac673f06e1f64a0d8db4762d11a3c64c6a
jesus_fuentes_img_0330,img_328.png,mar_y_oceano,ilustracion_plana_color,2500,2500,ilustracion de mar,OpenClipart,jesus_fuentes,44a30d94d479b7e52d9cd4b1490d26b3a23da936
jesus_fuentes_img_0331,img_329.png,mar_y_oceano,ilustracion_plana_color,920,748,ilustracion de mar,OpenClipart,jesus_fuentes,5a2e0aa9dd488ba2a0634bd3e1f63c006488e7e7
jesus_fuentes_img_0332,img_330.png,mar_y_oceano,ilustracion_plana_color,612,548,ilustracion de mar,OpenClipart,jesus_fuentes,20f5ee15c7bcad9d4ae91539ca22567c75ef82e4
jesus_fuentes_img_0333,img_331.png,mar_y_oceano,ilustracion_plana_color,548,364,ilustracion de mar,OpenClipart,jesus_fuentes,d244efd7731bc231aa481112e60dd875e9a634eb
jesus_fuentes_img_0334,img_332.png,mar_y_oceano,ilustracion_plana_color,612,517,ilustracion de mar,OpenClipart,jesus_fuentes,70c82e5a6530a27cfdf11a15ea51d3f33b463e5f
jesus_fuentes_img_0335,img_333.png,mar_y_oceano,ilustracion_plana_color,554,554,ilustracion de mar,OpenClipart,jesus_fuentes,3e1537a0cf325e3956b129f61065d634f48794a3
jesus_fuentes_img_0336,img_334.png,mar_y_oceano,ilustracion_plana_color,522,587,ilustracion de mar,OpenClipart,jesus_fuentes,099d770d3e7c5f57872ab268fe387da27ab05967
jesus_fuentes_img_0337,img_335.png,mar_y_oceano,ilustracion_plana_color,540,568,ilustracion de mar,OpenClipart,jesus_fuentes,558a30893d16699e9d0060df978e67e2b8c1c556
jesus_fuentes_img_0338,img_336.png,mar_y_oceano,ilustracion_plana_color,1200,1200,ilustracion de mar,OpenClipart,jesus_fuentes,4b9a31b26f9838ccfae4b1c9d97993c19d9ac126
jesus_fuentes_img_0339,img_337.png,mar_y_oceano,ilustracion_plana_color,554,554,ilustracion de mar,OpenClipart,jesus_fuentes,c9a5d6dc30bb455c4c38a02b1b871b05f3601df6
jesus_fuentes_img_0340,img_338.png,mar_y_oceano,ilustracion_plana_color,1024,761,ilustracion de mar,OpenClipart,jesus_fuentes,d8613e422ff07efc3d3707f98ae0bb1547ea8b0f
jesus_fuentes_img_0341,img_339.png,mar_y_oceano,ilustracion_plana_color,590,520,ilustracion de mar,OpenClipart,jesus_fuentes,3ce201ce5d733f497fb075fd2d46e1e047ce237a
jesus_fuentes_img_0342,img_340.png,mar_y_oceano,ilustracion_plana_color,989,980,ilustracion de mar,OpenClipart,jesus_fuentes,9665178283dfd93b074e435973671ce0d651ae3c
jesus_fuentes_img_0343,img_341.png,mar_y_oceano,ilustracion_plana_color,465,660,ilustracion de mar,OpenClipart,jesus_fuentes,a7d230e4dde5be3179f31ac78d2dd176bbe39495
jesus_fuentes_img_0344,img_342.png,mar_y_oceano,ilustracion_plana_color,487,630,ilustracion de mar,OpenClipart,jesus_fuentes,e1418d26bb68125f3e3b05ed6f468816e569a0cd
jesus_fuentes_img_0345,img_343.png,mar_y_oceano,ilustracion_plana_color,690,980,ilustracion de mar,OpenClipart,jesus_fuentes,717e492dd0eb32624c767490de3d709ad622a017
jesus_fuentes_img_0346,img_344.png,mar_y_oceano,ilustracion_plana_color,443,611,ilustracion de mar,OpenClipart,jesus_fuentes,c00604ad0ac1eaa0b6d8e8139b3001942445abe2
jesus_fuentes_img_0347,img_345.png,mar_y_oceano,ilustracion_plana_color,634,483,ilustracion de mar,OpenClipart,jesus_fuentes,4bd5fa9bb2c8d83be4aee6b4507daf4ebd8337ca
jesus_fuentes_img_0348,img_346.png,mar_y_oceano,ilustracion_plana_color,520,384,ilustracion de mar,OpenClipart,jesus_fuentes,d558d4460c947c9f72d0e59d777ee8f029a9e3ec
jesus_fuentes_img_0349,img_347.png,mar_y_oceano,ilustracion_plana_color,631,486,ilustracion de mar,OpenClipart,jesus_fuentes,84f59559fafbea4aacc8b5daf930771c11112521
jesus_fuentes_img_0350,img_348.png,mar_y_oceano,ilustracion_plana_color,2500,2500,ilustracion de mar,OpenClipart,jesus_fuentes,fd739d9373fe19304cc01b5780c0bfe7d11d97a5
jesus_fuentes_img_0351,img_349.png,mar_y_oceano,ilustracion_plana_color,408,490,ilustracion de mar,OpenClipart,jesus_fuentes,9705b650d963507f843e587aae83a6f810ae7e9f
jesus_fuentes_img_0352,img_350.png,mar_y_oceano,ilustracion_plana_color,554,554,ilustracion de mar,OpenClipart,jesus_fuentes,2e8fe9bb626f1ae44bbf4d068b8043c52e622ab5
jesus_fuentes_img_0353,img_351.png,mar_y_oceano,ilustracion_plana_color,576,507,ilustracion de mar,OpenClipart,jesus_fuentes,6ac55cc309017c84729d02b389049ae83b4d09c8
jesus_fuentes_img_0354,img_352.png,mar_y_oceano,ilustracion_plana_color,576,462,ilustracion de mar,OpenClipart,jesus_fuentes,0092302d8731d764432b980800f2621c7f9dc373
jesus_fuentes_img_0355,img_353.png,mar_y_oceano,ilustracion_plana_color,980,980,ilustracion de mar,OpenClipart,jesus_fuentes,792d37101dd3f1256dac45539ce74456677d8a06
jesus_fuentes_img_0356,img_354.png,mar_y_oceano,ilustracion_plana_color,523,382,ilustracion de mar,OpenClipart,jesus_fuentes,ab3338e5c10a0da7b881ae910bdd78bc144fd59e
jesus_fuentes_img_0357,img_355.png,mar_y_oceano,ilustracion_plana_color,554,554,ilustracion de mar,OpenClipart,jesus_fuentes,df3cb31eb3787a117a964142604397eee242c0c4
jesus_fuentes_img_0358,img_356.png,mar_y_oceano,ilustracion_plana_color,417,479,ilustracion de mar,OpenClipart,jesus_fuentes,dffbb80c12d2c9533e637c551df7e67f91d8fcc4
jesus_fuentes_img_0359,img_357.png,mar_y_oceano,ilustracion_plana_color,576,381,ilustracion de mar,OpenClipart,jesus_fuentes,77d131ffac0320ccf7e2d3c82776f70a91f3f012
jesus_fuentes_img_0360,img_358.png,mar_y_oceano,ilustracion_plana_color,1111,980,ilustracion de mar,OpenClipart,jesus_fuentes,9665931114508947eea82ff82a59dc5257096e79
jesus_fuentes_img_0361,img_359.png,mar_y_oceano,ilustracion_plana_color,621,494,ilustracion de mar,OpenClipart,jesus_fuentes,1d766e429f4d1ce6457b10a80b6cf02b8485c6c7
jesus_fuentes_img_0362,img_360.png,mar_y_oceano,ilustracion_plana_color,980,980,ilustracion de mar,OpenClipart,jesus_fuentes,28eb2d303292ab806cc100ebebabfbc59c210f77
jesus_fuentes_img_0363,img_361.png,mar_y_oceano,ilustracion_plana_color,980,980,ilustracion de mar,OpenClipart,jesus_fuentes,25be71a327e8846762e016ece6da41ea6b21578a
jesus_fuentes_img_0364,img_362.png,mar_y_oceano,ilustracion_plana_color,678,452,ilustracion de mar,OpenClipart,jesus_fuentes,ee65c3fc2e8588a5a8a840bac2c8fccf65fecd4b
jesus_fuentes_img_0365,img_363.png,mar_y_oceano,ilustracion_plana_color,465,659,ilustracion de mar,OpenClipart,jesus_fuentes,eaad0d37d145d7ebc079d7d6ed4c587851a73638
jesus_fuentes_img_0366,img_364.png,mar_y_oceano,ilustracion_plana_color,628,488,ilustracion de mar,OpenClipart,jesus_fuentes,86cef356bba5cb51526661e3623f642698608713
jesus_fuentes_img_0367,img_365.png,mar_y_oceano,ilustracion_plana_color,541,567,ilustracion de mar,OpenClipart,jesus_fuentes,8f3729bf432d8e98be569fe29ca57b2a23cbd363
jesus_fuentes_img_0368,img_366.png,mar_y_oceano,ilustracion_plana_color,626,471,ilustracion de mar,OpenClipart,jesus_fuentes,f8ef4d11702b2d0cdd0d77682c17cfbe620e90f3
jesus_fuentes_img_0369,img_367.png,mar_y_oceano,ilustracion_plana_color,612,612,ilustracion de mar,OpenClipart,jesus_fuentes,b8f3c11732109e76867fc15d2078ab089dd68455
jesus_fuentes_img_0370,img_368.png,mar_y_oceano,ilustracion_plana_color,612,612,ilustracion de mar,OpenClipart,jesus_fuentes,1a2b832a084c3d157da0c75c51c21ef68dde7934
jesus_fuentes_img_0371,img_369.png,mar_y_oceano,ilustracion_plana_color,342,300,ilustracion de mar,OpenClipart,jesus_fuentes,8257fd8212526ce856b964f1705106d645f0d0a0
jesus_fuentes_img_0372,img_370.png,mar_y_oceano,ilustracion_plana_color,1300,1119,ilustracion de mar,OpenClipart,jesus_fuentes,5253a27db4626748aa9be322e685f6c98bdd68c6
jesus_fuentes_img_0373,img_371.png,mar_y_oceano,ilustracion_plana_color,640,639,ilustracion de mar,OpenClipart,jesus_fuentes,cc779b5199893f490d541658731a601fe888e03a
jesus_fuentes_img_0374,img_372.png,mar_y_oceano,ilustracion_plana_color,475,421,ilustracion de mar,OpenClipart,jesus_fuentes,1b259da2d668d3dad26e0e67aa4f0e972aa40c22
jesus_fuentes_img_0375,img_373.png,mar_y_oceano,ilustracion_plana_color,554,554,ilustracion de mar,OpenClipart,jesus_fuentes,53dc4c0aca560b33b0b586c3ff60041e68a9a49a
jesus_fuentes_img_0376,img_374.png,mar_y_oceano,ilustracion_plana_color,573,534,ilustracion de mar,OpenClipart,jesus_fuentes,e5fc3ff5eaa26d93c838f6f21f856ca3d97b06df
jesus_fuentes_img_0377,img_376.png,mar_y_oceano,ilustracion_plana_color,537,571,ilustracion de mar,OpenClipart,jesus_fuentes,1f4b52f71b4fea79a0a1a4f4821a505a914f8ffc
jesus_fuentes_img_0378,img_377.png,mar_y_oceano,ilustracion_plana_color,433,461,ilustracion de mar,OpenClipart,jesus_fuentes,734d21526ab8d7177e0ed1631554512d49b6f0fe
jesus_fuentes_img_0379,img_378.png,mar_y_oceano,ilustracion_plana_color,450,338,ilustracion de mar,OpenClipart,jesus_fuentes,9d0d2e6ffc20ebf2a9038605cb7d82f3d431ce24
jesus_fuentes_img_0380,img_379.png,mar_y_oceano,ilustracion_plana_color,450,263,ilustracion de mar,OpenClipart,jesus_fuentes,d9c42f20cf39f6810a60d5747f94da8ecc60f8c7
jesus_fuentes_img_0381,img_380.png,mar_y_oceano,ilustracion_plana_color,489,408,ilustracion de mar,OpenClipart,jesus_fuentes,24fdc0dee4db4cc6c6d1be7f129e4a39c7076bd4
jesus_fuentes_img_0382,img_381.png,mar_y_oceano,ilustracion_plana_color,509,603,ilustracion de mar,OpenClipart,jesus_fuentes,d35a7b3191e40edeb5d92317ae98726e641104dd
jesus_fuentes_img_0383,img_382.png,mar_y_oceano,ilustracion_plana_color,572,536,ilustracion de mar,OpenClipart,jesus_fuentes,d98755fa9e5b47bc697c981bbe5c48fc00e4e8f8
jesus_fuentes_img_0384,img_383.png,mar_y_oceano,ilustracion_plana_color,660,464,ilustracion de mar,OpenClipart,jesus_fuentes,2b8d1cd7c4fe033f508bb902b6836022e35d36ab
jesus_fuentes_img_0385,img_384.png,mar_y_oceano,ilustracion_plana_color,544,562,ilustracion de mar,OpenClipart,jesus_fuentes,9bf9020e6fcd095f5d2f1e7b5dd59c9716ce4900
jesus_fuentes_img_0386,img_385.png,mar_y_oceano,ilustracion_plana_color,612,523,ilustracion de mar,OpenClipart,jesus_fuentes,ee54cdfa1245bffe098f0be0449bc86fd7dd03d2
jesus_fuentes_img_0387,img_386.png,mar_y_oceano,ilustracion_plana_color,554,554,ilustracion de mar,OpenClipart,jesus_fuentes,6fe4e44d414c15b346bddb1bce0ebb8ad7e61445
jesus_fuentes_img_0388,img_387.png,mar_y_oceano,ilustracion_plana_color,491,407,ilustracion de mar,OpenClipart,jesus_fuentes,f91ff759482dd75a82b99d24f169467b59c53991
jesus_fuentes_img_0389,img_388.png,mar_y_oceano,ilustracion_plana_color,554,554,ilustracion de mar,OpenClipart,jesus_fuentes,1377cb5639b1e7a317e319ed57a0c9b0325b7c10
jesus_fuentes_img_0390,img_389.png,mar_y_oceano,ilustracion_plana_color,235,333,ilustracion de mar,OpenClipart,jesus_fuentes,aee45f090523de01e8232c29b7d423e91b96160c
jesus_fuentes_img_0391,img_390.png,mar_y_oceano,ilustracion_plana_color,250,250,ilustracion de mar,OpenClipart,jesus_fuentes,f4ce095e8c74aac1f00ef781c8627364e14cb29c
jesus_fuentes_img_0392,img_391.png,mar_y_oceano,ilustracion_plana_color,252,320,ilustracion de mar,OpenClipart,jesus_fuentes,3cd1d2c9378974c943364ba0cafdc0ca65b52c3b
jesus_fuentes_img_0393,img_392.png,mar_y_oceano,ilustracion_plana_color,1024,724,ilustracion de mar,OpenClipart,jesus_fuentes,e9a4f953cd2519c072c6cbcc0e6b01d909640620
jesus_fuentes_img_0394,img_393.png,mar_y_oceano,ilustracion_plana_color,236,309,ilustracion de mar,OpenClipart,jesus_fuentes,ab2f030834c3e9045c9772b34494e7336cf9ba82
jesus_fuentes_img_0395,img_394.png,mar_y_oceano,ilustracion_plana_color,554,554,ilustracion de mar,OpenClipart,jesus_fuentes,fca4f41a4f55c014966122f18fde152087987e06
jesus_fuentes_img_0396,img_395.png,mar_y_oceano,ilustracion_plana_color,480,360,ilustracion de mar,OpenClipart,jesus_fuentes,a221ef7c98a7f9063ee240820ab7da6a02d4a838
jesus_fuentes_img_0397,img_396.png,mar_y_oceano,ilustracion_plana_color,385,519,ilustracion de mar,OpenClipart,jesus_fuentes,e5900f49d413427b52ed6d3d28e86d7050f069f7
jesus_fuentes_img_0398,img_397.png,mar_y_oceano,ilustracion_plana_color,437,702,ilustracion de mar,OpenClipart,jesus_fuentes,0ae336217c2f50fde98acf914997034d793013fe
jesus_fuentes_img_0399,img_398.png,mar_y_oceano,ilustracion_plana_color,736,646,ilustracion de mar,OpenClipart,jesus_fuentes,5d7a77736abcf54cee457de930cf129e41c9e9aa
jesus_fuentes_img_0401,img_400.png,mar_y_oceano,ilustracion_plana_color,600,600,ilustracion de mar,OpenClipart,jesus_fuentes,8d564cee825e8bd5831b143e242567a86cac9a12
jesus_fuentes_img_0402,img_401.png,mar_y_oceano,ilustracion_plana_color,554,554,ilustracion de mar,OpenClipart,jesus_fuentes,6f071da33a3fb5f032aa24d6802701e9a2fbda4f
jesus_fuentes_img_0403,img_402.png,mar_y_oceano,ilustracion_plana_color,554,554,ilustracion de mar,OpenClipart,jesus_fuentes,b3ef7de18afc31b6f1a0229ff7f6203726c199da
jesus_fuentes_img_0404,img_403.png,mar_y_oceano,ilustracion_plana_color,679,452,ilustracion de mar,OpenClipart,jesus_fuentes,7b4bbf436438c55d9f39b2cdbd0b2348a0c375a0
jesus_fuentes_img_0405,img_404.png,mar_y_oceano,ilustracion_plana_color,554,554,ilustracion de mar,OpenClipart,jesus_fuentes,4efa8fe39c748e116bcd36f39b568c79b0d8f644
jesus_fuentes_img_0406,img_405.png,mar_y_oceano,ilustracion_plana_color,349,612,ilustracion de mar,OpenClipart,jesus_fuentes,41c890effc5dfb5638ddfd49a22ddda3f328abd2
jesus_fuentes_img_0407,img_406.png,mar_y_oceano,ilustracion_plana_color,554,554,ilustracion de mar,OpenClipart,jesus_fuentes,e1715df2bf3f024ac04666e31013b05701b6cc42
jesus_fuentes_img_0408,img_407.png,mar_y_oceano,ilustracion_plana_color,554,554,ilustracion de mar,OpenClipart,jesus_fuentes,0740bcbee52cd19862a344d16c691f74bf344209
jesus_fuentes_img_0409,img_408.png,mar_y_oceano,ilustracion_plana_color,630,487,ilustracion de mar,OpenClipart,jesus_fuentes,5ee6806c544f5246f4bc0648386a7bdd92790109
jesus_fuentes_img_0410,img_409.png,mar_y_oceano,ilustracion_plana_color,576,369,ilustracion de mar,OpenClipart,jesus_fuentes,9aefd670761d02af1c854009e671c400fc69a191
jesus_fuentes_img_0412,img_411.png,mar_y_oceano,ilustracion_plana_color,554,554,ilustracion de mar,OpenClipart,jesus_fuentes,aa749f929cc9ba9a0024fdbcf8fffb36d0303f55
jesus_fuentes_img_0413,img_412.png,mar_y_oceano,ilustracion_plana_color,525,380,ilustracion de mar,OpenClipart,jesus_fuentes,eecba7d71134bb6b9320785f924a49d4eaadd840
jesus_fuentes_img_0414,img_413.png,mar_y_oceano,ilustracion_plana_color,551,557,ilustracion de mar,OpenClipart,jesus_fuentes,848696b114032743e9fe58b78e1220bc602edce1
jesus_fuentes_img_0415,img_414.png,mar_y_oceano,ilustracion_plana_color,655,468,ilustracion de mar,OpenClipart,jesus_fuentes,c9c5e85514a50041c3198993350826ea20e6d5cc
jesus_fuentes_img_0417,img_416.png,mar_y_oceano,ilustracion_plana_color,600,399,ilustracion de mar,OpenClipart,jesus_fuentes,ef1eca55fa0916f325e707ab80da4bcc3aa601c9
jesus_fuentes_img_0418,img_417.png,mar_y_oceano,ilustracion_plana_color,980,980,ilustracion de mar,OpenClipart,jesus_fuentes,a6db35a93a8d75d7bc99cee28969fe5e6f6cd41d
jesus_fuentes_img_0419,img_418.png,mar_y_oceano,ilustracion_plana_color,447,447,ilustracion de mar,OpenClipart,jesus_fuentes,1e6b9b24bb4428832a8aa274253659cabb1a4ef4
jesus_fuentes_img_0420,img_419.png,mar_y_oceano,ilustracion_plana_color,490,490,ilustracion de mar,OpenClipart,jesus_fuentes,b6b6be96705e7cc01d1f9b8a63a8ed9931e4af50
jesus_fuentes_img_0421,img_420.png,mar_y_oceano,ilustracion_plana_color,500,400,ilustracion de mar,OpenClipart,jesus_fuentes,7375e3394a4812faf548caf55f56bbb0baaadc82
jesus_fuentes_img_0422,img_421.png,mar_y_oceano,ilustracion_plana_color,490,490,ilustracion de mar,OpenClipart,jesus_fuentes,03e7faaef4ecf10c27b8cae15ea5f65508ad7179
jesus_fuentes_img_0423,img_422.png,mar_y_oceano,ilustracion_plana_color,980,980,ilustracion de mar,OpenClipart,jesus_fuentes,d74c15c02d51ff2fe98112e12e34b71a3ddacdba
jesus_fuentes_img_0424,img_423.png,mar_y_oceano,ilustracion_plana_color,554,554,ilustracion de mar,OpenClipart,jesus_fuentes,3c71aac11cade03d0b9bb866e411411f6020e9ff
jesus_fuentes_img_0425,img_424.png,mar_y_oceano,ilustracion_plana_color,1757,980,ilustracion de mar,OpenClipart,jesus_fuentes,a953cabed7797abe9313dede4dc61039aa07b954
jesus_fuentes_img_0426,img_425.png,mar_y_oceano,ilustracion_plana_color,554,554,ilustracion de mar,OpenClipart,jesus_fuentes,4ce4a7bb029613db0d730feb05dd5054fb21f547
jesus_fuentes_img_0427,img_426.png,mar_y_oceano,ilustracion_plana_color,225,225,ilustracion de mar,OpenClipart,jesus_fuentes,8e40b8081119c361635c276a809501a93dbb476e
jesus_fuentes_img_0428,img_427.png,mar_y_oceano,ilustracion_plana_color,554,553,ilustracion de mar,OpenClipart,jesus_fuentes,ceec18b2cc83c3a3e39dadd72cd2c4be338a7278
jesus_fuentes_img_0429,img_428.png,mar_y_oceano,ilustracion_plana_color,626,376,ilustracion de mar,OpenClipart,jesus_fuentes,e2dca94b689a05a969cda1e9c4d6d9835dc4d3ec
jesus_fuentes_img_0430,img_429.png,mar_y_oceano,ilustracion_plana_color,571,537,ilustracion de mar,OpenClipart,jesus_fuentes,c198af21976990b58a79deb9f23629384d9e28d5
jesus_fuentes_img_0431,img_430.png,mar_y_oceano,ilustracion_plana_color,982,980,ilustracion de mar,OpenClipart,jesus_fuentes,772d5e2844f714bbfa8f22873ede997962b42750
jesus_fuentes_img_0432,img_431.png,mar_y_oceano,ilustracion_plana_color,612,576,ilustracion de mar,OpenClipart,jesus_fuentes,2c7829b9e1ef800919ab75d6195afc475de39e47
jesus_fuentes_img_0433,img_432.png,mar_y_oceano,ilustracion_plana_color,1300,1172,ilustracion de mar,OpenClipart,jesus_fuentes,4872f58bc4e4030e5470b9877e0e8fec4274e5ca
jesus_fuentes_img_0434,img_433.png,mar_y_oceano,ilustracion_plana_color,2500,2500,ilustracion de mar,OpenClipart,jesus_fuentes,c3f360580608013d970f7624209775dd02b225e9
jesus_fuentes_img_0435,img_434.png,mar_y_oceano,ilustracion_plana_color,1216,490,ilustracion de mar,OpenClipart,jesus_fuentes,f8d8bd6693e458467dc508975bca7af47c47c9b2
jesus_fuentes_img_0436,img_435.png,mar_y_oceano,ilustracion_plana_color,666,461,ilustracion de mar,OpenClipart,jesus_fuentes,3295b848eeba08ed415aecd01a78dfa98b178012
jesus_fuentes_img_0437,img_436.png,mar_y_oceano,ilustracion_plana_color,1300,1300,ilustracion de mar,OpenClipart,jesus_fuentes,13f2156ae7ec72b38d1bad614336f5e3ab2716da
jesus_fuentes_img_0438,img_437.png,mar_y_oceano,ilustracion_plana_color,2500,2500,ilustracion de mar,OpenClipart,jesus_fuentes,c33f0d407c067f36d259a34e04c8164f091b03cd
jesus_fuentes_img_0439,img_438.png,mar_y_oceano,ilustracion_plana_color,533,640,ilustracion de mar,OpenClipart,jesus_fuentes,f3e049f11423e8746b2c85563037b8521d9a0aa9
jesus_fuentes_img_0440,img_439.png,mar_y_oceano,ilustracion_plana_color,600,576,ilustracion de mar,OpenClipart,jesus_fuentes,ff6e0f3d688af56251568166a452883afb653f09
jesus_fuentes_img_0441,img_440.png,mar_y_oceano,ilustracion_plana_color,900,994,ilustracion de mar,OpenClipart,jesus_fuentes,a26dbdc2b73ea8a01d7b8bc158e2a891a4fb56bc
jesus_fuentes_img_0442,img_441.png,mar_y_oceano,ilustracion_plana_color,1300,1002,ilustracion de mar,OpenClipart,jesus_fuentes,6dd7afa502dae56f972e58ca5a2ea90ecf4a1783
jesus_fuentes_img_0443,img_442.png,mar_y_oceano,ilustracion_plana_color,686,386,ilustracion de mar,OpenClipart,jesus_fuentes,9e72b95fc7040bdf710825866c64b0d2e9571381
jesus_fuentes_img_0444,img_443.png,mar_y_oceano,ilustracion_plana_color,862,980,ilustracion de mar,OpenClipart,jesus_fuentes,9d2d4dcaa7d8dacdad87208c60512e9a055c785b
jesus_fuentes_img_0445,img_444.png,mar_y_oceano,ilustracion_plana_color,612,510,ilustracion de mar,OpenClipart,jesus_fuentes,1856e76473652f14679b8db412a3530153fea990
jesus_fuentes_img_0446,img_445.png,mar_y_oceano,ilustracion_plana_color,647,474,ilustracion de mar,OpenClipart,jesus_fuentes,e0e23362856aba9bc68192a4944124b92d2c42da
jesus_fuentes_img_0447,img_446.png,mar_y_oceano,ilustracion_plana_color,1492,980,ilustracion de mar,OpenClipart,jesus_fuentes,dac7d82a2e45229ae4e2387d5f22aa6fa2391eed
jesus_fuentes_img_0448,img_447.png,mar_y_oceano,ilustracion_plana_color,920,614,ilustracion de mar,OpenClipart,jesus_fuentes,b67ec8c92f782670d87ab2f6506af14584b2924f
jesus_fuentes_img_0449,img_448.png,mar_y_oceano,ilustracion_plana_color,626,438,ilustracion de mar,OpenClipart,jesus_fuentes,02d709b8843345931f63b3b57b8b5e0dd1b0c5ba
jesus_fuentes_img_0450,img_449.png,mar_y_oceano,ilustracion_plana_color,360,369,ilustracion de mar,OpenClipart,jesus_fuentes,5e0f702fcd4325865378492b06f7e0010a3a2055
jesus_fuentes_img_0451,img_450.png,mar_y_oceano,ilustracion_plana_color,1024,751,ilustracion de mar,OpenClipart,jesus_fuentes,b66f5013c66f58b7b8b546aaeab0aeb03569af5d
jesus_fuentes_img_0452,img_451.png,mar_y_oceano,ilustracion_plana_color,447,447,ilustracion de mar,OpenClipart,jesus_fuentes,a158e04ce716739c143edbda8f3022a188b4bfdf
jesus_fuentes_img_0453,img_452.png,mar_y_oceano,ilustracion_plana_color,1200,1200,ilustracion de mar,OpenClipart,jesus_fuentes,d556db141fd0eb82a56306e39b0922728ab3d84a
jesus_fuentes_img_0454,img_453.png,mar_y_oceano,ilustracion_plana_color,612,612,ilustracion de mar,OpenClipart,jesus_fuentes,31ee52c95e67c7b67994d9e79a8dca68b0a7e4d2
jesus_fuentes_img_0455,img_454.png,mar_y_oceano,ilustracion_plana_color,735,658,ilustracion de mar,OpenClipart,jesus_fuentes,646ea146830715c7c78a8206a0a4a0121213962d
jesus_fuentes_img_0456,img_455.png,mar_y_oceano,ilustracion_plana_color,2500,2500,ilustracion de mar,OpenClipart,jesus_fuentes,e7f666683376d0e33c907fc128fe3a47df357c20
jesus_fuentes_img_0457,img_456.png,mar_y_oceano,ilustracion_plana_color,554,554,ilustracion de mar,OpenClipart,jesus_fuentes,39d6761d8e88f08279e5b31f4f63e971e58fe8c0
jesus_fuentes_img_0458,img_457.png,mar_y_oceano,ilustracion_plana_color,653,350,ilustracion de mar,OpenClipart,jesus_fuentes,b455ea5178042ac4afbadc506cb12bf7966c4940
jesus_fuentes_img_0459,img_458.png,mar_y_oceano,ilustracion_plana_color,612,449,ilustracion de mar,OpenClipart,jesus_fuentes,3cf08f48b7b1f30c9c7e35177ff500b43fbad247
jesus_fuentes_img_0460,img_459.png,mar_y_oceano,ilustracion_plana_color,626,484,ilustracion de mar,OpenClipart,jesus_fuentes,0c436099efe1f0c3ed19e7ad51a51aeab26e89bb
jesus_fuentes_img_0461,img_460.png,mar_y_oceano,ilustracion_plana_color,640,640,ilustracion de mar,OpenClipart,jesus_fuentes,e56ac0b131482a4e51921d86506721f274d3e597
jesus_fuentes_img_0462,img_461.png,mar_y_oceano,ilustracion_plana_color,600,427,ilustracion de mar,OpenClipart,jesus_fuentes,13027157b123fbda76052dd39359a26f8a35fc3e
jesus_fuentes_img_0463,img_462.png,mar_y_oceano,ilustracion_plana_color,1198,980,ilustracion de mar,OpenClipart,jesus_fuentes,782c8f8d6e4a6a6799cb1a021f2dfe20edd73278
jesus_fuentes_img_0464,img_463.png,mar_y_oceano,ilustracion_plana_color,612,433,ilustracion de mar,OpenClipart,jesus_fuentes,b2d5adb3ea69c354b8b7a7b403212abdb86ccf2f
jesus_fuentes_img_0465,img_464.png,mar_y_oceano,ilustracion_plana_color,626,484,ilustracion de mar,OpenClipart,jesus_fuentes,3c0634ec50b6726380ef6e9c620cda6b375c75e9
jesus_fuentes_img_0466,img_465.png,mar_y_oceano,ilustracion_plana_color,490,408,ilustracion de mar,OpenClipart,jesus_fuentes,5e4cd19b0ad6f5d0d3d79e45ac4b549d6dab6836
jesus_fuentes_img_0467,img_466.png,mar_y_oceano,ilustracion_plana_color,600,565,ilustracion de mar,OpenClipart,jesus_fuentes,dd643f780e51de21f29895badfae5274596fd5a6
jesus_fuentes_img_0468,img_467.png,mar_y_oceano,ilustracion_plana_color,2500,2500,ilustracion de mar,OpenClipart,jesus_fuentes,71cac9c29cb1f0ef30f741410aa7c492be79d4b8
jesus_fuentes_img_0469,img_468.png,mar_y_oceano,ilustracion_plana_color,740,411,ilustracion de mar,OpenClipart,jesus_fuentes,a39f474c275ac6b0d43e9f66d225e55ebbb5ef33
jesus_fuentes_img_0470,img_469.png,mar_y_oceano,ilustracion_plana_color,626,426,ilustracion de mar,OpenClipart,jesus_fuentes,d043f2e69170cc12b145b191d0de8aef84757de0
jesus_fuentes_img_0472,img_471.png,mar_y_oceano,ilustracion_plana_color,620,494,ilustracion de mar,OpenClipart,jesus_fuentes,8a3e05db8b169f52449b68b463985a0b8a7e0e25
jesus_fuentes_img_0474,img_473.png,mar_y_oceano,ilustracion_plana_color,583,526,ilustracion de mar,OpenClipart,jesus_fuentes,3753b3f5281daccddf7a4137091e1fd93f754ce1
jesus_fuentes_img_0475,img_474.png,mar_y_oceano,ilustracion_plana_color,626,486,ilustracion de mar,OpenClipart,jesus_fuentes,8461b864b5390da8ac35344ffeb7d02e4063457d
jesus_fuentes_img_0476,img_475.png,mar_y_oceano,ilustracion_plana_color,920,896,ilustracion de mar,OpenClipart,jesus_fuentes,b90dc8c527d13f5915a2c1a58d63446e124960ab
jesus_fuentes_img_0477,img_476.png,mar_y_oceano,ilustracion_plana_color,1300,896,ilustracion de mar,OpenClipart,jesus_fuentes,20267561a573100b4deffafa98bc03978935f095
jesus_fuentes_img_0478,img_477.png,mar_y_oceano,ilustracion_plana_color,980,980,ilustracion de mar,OpenClipart,jesus_fuentes,231a626b1d84cabf159a293da2f582b7b00e4daa
jesus_fuentes_img_0479,img_478.png,mar_y_oceano,ilustracion_plana_color,554,554,ilustracion de mar,OpenClipart,jesus_fuentes,32ca4cc5ef801eaae9e39eda505f42270e80b2f1
jesus_fuentes_img_0480,img_479.png,mar_y_oceano,ilustracion_plana_color,573,535,ilustracion de mar,OpenClipart,jesus_fuentes,43c937875d04b56c76c95789e11ad98773eca9d7
jesus_fuentes_img_0481,img_480.png,mar_y_oceano,ilustracion_plana_color,465,660,ilustracion de mar,OpenClipart,jesus_fuentes,ff4fcf6a079a17650d9245a5cb0e6bf86b298b99
jesus_fuentes_img_0482,img_481.png,mar_y_oceano,ilustracion_plana_color,551,557,ilustracion de mar,OpenClipart,jesus_fuentes,2ce8ea00360e5419423ae71e22a754f593ca1a4d
jesus_fuentes_img_0483,img_482.png,mar_y_oceano,ilustracion_plana_color,554,554,ilustracion de mar,OpenClipart,jesus_fuentes,55d484f9701d55e8934436dc7d6af43caab53c5c
jesus_fuentes_img_0484,img_483.png,mar_y_oceano,ilustracion_plana_color,225,225,ilustracion de mar,OpenClipart,jesus_fuentes,6bf7480124d9bca01a0f53ee744625aae946671c
jesus_fuentes_img_0485,img_484.png,mar_y_oceano,ilustracion_plana_color,554,554,ilustracion de mar,OpenClipart,jesus_fuentes,3b3f4e7d9f0ad8afc3103f84aaf5bb90fbc5bdfc
jesus_fuentes_img_0486,img_485.png,mar_y_oceano,ilustracion_plana_color,612,510,ilustracion de mar,OpenClipart,jesus_fuentes,25e1867fe673bb0f1c52de38c89a1ef393e14f16
jesus_fuentes_img_0487,img_486.png,mar_y_oceano,ilustracion_plana_color,338,338,ilustracion de mar,OpenClipart,jesus_fuentes,4e0e0388d514d836b4bac284c312b54157b99f78
jesus_fuentes_img_0488,img_487.png,mar_y_oceano,ilustracion_plana_color,594,517,ilustracion de mar,OpenClipart,jesus_fuentes,aa6b715636e034fe8fb1fc7ed28ba87a0a7c7789
jesus_fuentes_img_0489,img_488.png,mar_y_oceano,ilustracion_plana_color,1200,1200,ilustracion de mar,OpenClipart,jesus_fuentes,6956e61467d82a0994426ab571fe489117a29534
jesus_fuentes_img_0490,img_489.png,mar_y_oceano,ilustracion_plana_color,676,454,ilustracion de mar,OpenClipart,jesus_fuentes,387402a3f2c6bf69ae56634ec336f49b0e7c9015
jesus_fuentes_img_0491,img_490.png,mar_y_oceano,ilustracion_plana_color,740,411,ilustracion de mar,OpenClipart,jesus_fuentes,86c2f97cab7728fea7f8312c6a5c859e214c1dba
jesus_fuentes_img_0492,img_491.png,mar_y_oceano,ilustracion_plana_color,907,980,ilustracion de mar,OpenClipart,jesus_fuentes,34ee9cc42ce127097586764910d5b8331a55645c
jesus_fuentes_img_0493,img_492.png,mar_y_oceano,ilustracion_plana_color,170,170,ilustracion de mar,OpenClipart,jesus_fuentes,72859d261a00eef599fbf35b36b3fd5fc8629027
jesus_fuentes_img_0494,img_493.png,mar_y_oceano,ilustracion_plana_color,450,422,ilustracion de mar,OpenClipart,jesus_fuentes,a48f3d38a8419fb3e7ff0248ae82e667980f7f31
jesus_fuentes_img_0495,img_494.png,mar_y_oceano,ilustracion_plana_color,626,441,ilustracion de mar,OpenClipart,jesus_fuentes,6961bc67325f94562b9fdf4e730f8c90379a1aca
jesus_fuentes_img_0496,img_495.png,mar_y_oceano,ilustracion_plana_color,554,554,ilustracion de mar,OpenClipart,jesus_fuentes,a57bf23b1d378167cfd5aaefe64eaa9739f557d7
jesus_fuentes_img_0497,img_496.png,mar_y_oceano,ilustracion_plana_color,980,980,ilustracion de mar,OpenClipart,jesus_fuentes,3bca8794c0ff513f4be8d3a0bbdaef490555cd6d
jesus_fuentes_img_0498,img_497.png,mar_y_oceano,ilustracion_plana_color,554,554,ilustracion de mar,OpenClipart,jesus_fuentes,fb04af5e866211f687592189c800542020fc6ad2
jesus_fuentes_img_0499,img_498.png,mar_y_oceano,ilustracion_plana_color,554,554,ilustracion de mar,OpenClipart,jesus_fuentes,0b7dbb8c7e109e54c00b12855d590b31cae0a0a1
jesus_fuentes_img_0500,img_499.png,mar_y_oceano,ilustracion_plana_color,440,440,ilustracion de mar,OpenClipart,jesus_fuentes,afe856ac7739d8aaa343600f115c708c41bd1c82
jesus_fuentes_img_0501,img_500.png,mar_y_oceano,ilustracion_plana_color,626,626,ilustracion de mar,OpenClipart,jesus_fuentes,1d020fc31b379e85ad33413f25a11c0d62b1b727
jesus_fuentes_img_0502,img_501.png,mar_y_oceano,ilustracion_plana_color,447,447,ilustracion de mar,OpenClipart,jesus_fuentes,4ab570931a4b30f17fccd009abcbe69cbc363a7f
jesus_fuentes_img_0503,img_502.png,mar_y_oceano,ilustracion_plana_color,653,470,ilustracion de mar,OpenClipart,jesus_fuentes,8f2a405c08b54c1b07ecd3f0df6919aa2d4ab0e1
jesus_fuentes_img_0504,img_503.png,mar_y_oceano,ilustracion_plana_color,624,492,ilustracion de mar,OpenClipart,jesus_fuentes,363b6362afc5f7759a48c367b0996ba4028ff0f2
jesus_fuentes_img_0505,img_504.png,mar_y_oceano,ilustracion_plana_color,638,480,ilustracion de mar,OpenClipart,jesus_fuentes,f2d7f181a86a473a929f1136ab03b0e3fff8abc8
jesus_fuentes_img_0506,img_505.png,mar_y_oceano,ilustracion_plana_color,1375,980,ilustracion de mar,OpenClipart,jesus_fuentes,4350b197659e4b89b12e2906ff47314a0261c98b
jesus_fuentes_img_0507,img_506.png,mar_y_oceano,ilustracion_plana_color,740,333,ilustracion de mar,OpenClipart,jesus_fuentes,d134ad2104ce5459fc3d40b512d6e7ddb33abea7
jesus_fuentes_img_0508,img_507.png,mar_y_oceano,ilustracion_plana_color,663,463,ilustracion de mar,OpenClipart,jesus_fuentes,3f3b6fb3cfb519192465eb7cd920fbcce837f523
jesus_fuentes_img_0509,img_508.png,mar_y_oceano,ilustracion_plana_color,680,384,ilustracion de mar,OpenClipart,jesus_fuentes,6f58ef861dda1509fe1b16eb7c828b58a807ea87
jesus_fuentes_img_0510,img_509.png,mar_y_oceano,ilustracion_plana_color,600,412,ilustracion de mar,OpenClipart,jesus_fuentes,e4276b95aa5ce768652d458cc8ab9252aadbeef6
jesus_fuentes_img_0511,img_510.png,mar_y_oceano,ilustracion_plana_color,659,465,ilustracion de mar,OpenClipart,jesus_fuentes,43fca225685f4351b8009d1e414fdbb48fc52f34
jesus_fuentes_img_0512,img_511.png,mar_y_oceano,ilustracion_plana_color,194,260,ilustracion de mar,OpenClipart,jesus_fuentes,ab681026db514405f5c84cb61350bafbfcef44a2
jesus_fuentes_img_0513,img_512.png,mar_y_oceano,ilustracion_plana_color,433,288,ilustracion de mar,OpenClipart,jesus_fuentes,b2bd96902e7a824f8c6712365c82d3f00248b6a3
jesus_fuentes_img_0514,img_513.png,mar_y_oceano,ilustracion_plana_color,524,585,ilustracion de mar,OpenClipart,jesus_fuentes,270bae94d0e3f97686ff9853b6d833c2dd917c8d
jesus_fuentes_img_0515,img_514.png,mar_y_oceano,ilustracion_plana_color,630,487,ilustracion de mar,OpenClipart,jesus_fuentes,1bdd0624e26bc1962618b93ce432716d014f14db
jesus_fuentes_img_0516,img_515.png,mar_y_oceano,ilustracion_plana_color,547,365,ilustracion de mar,OpenClipart,jesus_fuentes,aa2baccdff78a43c24e696bab030eca877fd35c8
jesus_fuentes_img_0517,img_516.png,mar_y_oceano,ilustracion_plana_color,450,250,ilustracion de mar,OpenClipart,jesus_fuentes,344b36a899299d26ed82e7c720bfb1b6f757a65f
jesus_fuentes_img_0518,img_517.png,mar_y_oceano,ilustracion_plana_color,547,365,ilustracion de mar,OpenClipart,jesus_fuentes,eaca06912e80552aa676aa2fefa017eae5ea639f
jesus_fuentes_img_0519,img_518.png,mar_y_oceano,ilustracion_plana_color,540,360,ilustracion de mar,OpenClipart,jesus_fuentes,d972f3377c10e91f264d26ebf77754bcd766a547
jesus_fuentes_img_0520,img_519.png,mar_y_oceano,ilustracion_plana_color,267,188,ilustracion de mar,OpenClipart,jesus_fuentes,2db88eae4a29a71ab65112dc7f2b36d3030ce276
jesus_fuentes_img_0521,img_520.png,mar_y_oceano,ilustracion_plana_color,658,466,ilustracion de mar,OpenClipart,jesus_fuentes,61c381b9fbbe7df02aa0b17ebe31a3487eaf6fbc
jesus_fuentes_img_0522,img_521.png,mar_y_oceano,ilustracion_plana_color,612,344,ilustracion de mar,OpenClipart,jesus_fuentes,9022337e22e23ad8c54e4e73b1c66277406ccf20
jesus_fuentes_img_0523,img_522.png,mar_y_oceano,ilustracion_plana_color,554,554,ilustracion de mar,OpenClipart,jesus_fuentes,9549cda3ea609bfb5e5423efe988e78f0423d522
jesus_fuentes_img_0524,img_523.png,mar_y_oceano,ilustracion_plana_color,576,384,ilustracion de mar,OpenClipart,jesus_fuentes,5181a2e0bafe8c5ea9b89386baae08ae8a6bae5e
jesus_fuentes_img_0525,img_524.png,mar_y_oceano,ilustracion_plana_color,662,490,ilustracion de mar,OpenClipart,jesus_fuentes,6de6724b4c9d36c28d92b5a9bd095b8aa758cb20
jesus_fuentes_img_0526,img_525.png,mar_y_oceano,ilustracion_plana_color,1268,980,ilustracion de mar,OpenClipart,jesus_fuentes,84dc4b1457c8127cc65a9eb712d91e5a5969ef60
jesus_fuentes_img_0527,img_526.png,mar_y_oceano,ilustracion_plana_color,516,387,ilustracion de mar,OpenClipart,jesus_fuentes,3772275e5d69cdec3fd454a347cf8f17cc838f97
jesus_fuentes_img_0528,img_527.png,mar_y_oceano,ilustracion_plana_color,576,447,ilustracion de mar,OpenClipart,jesus_fuentes,d653d7aba3cc904bece24a33529232d7efaa6a73
jesus_fuentes_img_0529,img_528.png,mar_y_oceano,ilustracion_plana_color,576,447,ilustracion de mar,OpenClipart,jesus_fuentes,d9e43aec496ee2f317c77cf200b4caeeffdaf24f
jesus_fuentes_img_0530,img_529.png,mar_y_oceano,ilustracion_plana_color,554,554,ilustracion de mar,OpenClipart,jesus_fuentes,6093d8126cc21df0bc3ff38abbf080b74fbf8c69
jesus_fuentes_img_0531,img_530.png,mar_y_oceano,ilustracion_plana_color,626,313,ilustracion de mar,OpenClipart,jesus_fuentes,6ead583287e74e9ea86a288de0c3c92b2b74fb0e
jesus_fuentes_img_0532,img_531.png,mar_y_oceano,ilustracion_plana_color,246,157,ilustracion de mar,OpenClipart,jesus_fuentes,ba0594ceefbc5c2dfd08ea55d7265beff17826ed
jesus_fuentes_img_0533,img_532.png,mar_y_oceano,ilustracion_plana_color,626,417,ilustracion de mar,OpenClipart,jesus_fuentes,0ab19479642cd41e7e6a824d706b7f0d3a18df73
jesus_fuentes_img_0534,img_533.png,mar_y_oceano,ilustracion_plana_color,544,367,ilustracion de mar,OpenClipart,jesus_fuentes,a3e8811209c7f6d5defd95e47f270e1afdc53587
jesus_fuentes_img_0535,img_534.png,mar_y_oceano,ilustracion_plana_color,576,321,ilustracion de mar,OpenClipart,jesus_fuentes,ad01eb0c11624ce9731a02ce0f330b8ceed0a800
jesus_fuentes_img_0536,img_535.png,mar_y_oceano,ilustracion_plana_color,576,384,ilustracion de mar,OpenClipart,jesus_fuentes,264176af8a98e1c40614d1c982f5d0e0c6704b3f
jesus_fuentes_img_0537,img_536.png,mar_y_oceano,ilustracion_plana_color,576,321,ilustracion de mar,OpenClipart,jesus_fuentes,4bc14cfadf6ad7810250d2f8e58ebf774678e950
jesus_fuentes_img_0538,img_537.png,mar_y_oceano,ilustracion_plana_color,554,554,ilustracion de mar,OpenClipart,jesus_fuentes,f81a740296432668d52fdf8b8e090e1c7b4002dd
jesus_fuentes_img_0539,img_538.png,mar_y_oceano,ilustracion_plana_color,576,339,ilustracion de mar,OpenClipart,jesus_fuentes,697436e5facb03d7dead2a7258cde46d625d05b9
jesus_fuentes_img_0540,img_539.png,mar_y_oceano,ilustracion_plana_color,576,270,ilustracion de mar,OpenClipart,jesus_fuentes,c4332fd5368eb64abd5494674416e33e2307cc00
jesus_fuentes_img_0541,img_540.png,mar_y_oceano,ilustracion_plana_color,576,405,ilustracion de mar,OpenClipart,jesus_fuentes,2e11206bc8de2fc3e4a61bd98fd8b4d30a1076f4
jesus_fuentes_img_0542,img_541.png,mar_y_oceano,ilustracion_plana_color,576,384,ilustracion de mar,OpenClipart,jesus_fuentes,815139dade50c78d6d685b4c51b2b1b569d3aefb
jesus_fuentes_img_0543,img_542.png,mar_y_oceano,ilustracion_plana_color,543,368,ilustracion de mar,OpenClipart,jesus_fuentes,deb1fa52804ec9c284d9df25072e19ccde46713f
jesus_fuentes_img_0544,img_543.png,mar_y_oceano,ilustracion_plana_color,576,384,ilustracion de mar,OpenClipart,jesus_fuentes,b0fc3fc6529fbbcf2ccd225d6825d3e38e2d2f49
jesus_fuentes_img_0545,img_544.png,mar_y_oceano,ilustracion_plana_color,554,554,ilustracion de mar,OpenClipart,jesus_fuentes,6d57ebb8617f292a4a400a47812724c9e9d5076f
jesus_fuentes_img_0546,img_546.png,mar_y_oceano,ilustracion_plana_color,626,468,ilustracion de mar,OpenClipart,jesus_fuentes,edda3f34640cf40babb2afe8e671d55c957f78cb
jesus_fuentes_img_0547,img_547.png,mar_y_oceano,ilustracion_plana_color,678,452,ilustracion de mar,OpenClipart,jesus_fuentes,3fcc9f34d806271dd8b1f7904827602def14cebe
jesus_fuentes_img_0548,img_548.png,mar_y_oceano,ilustracion_plana_color,692,442,ilustracion de mar,OpenClipart,jesus_fuentes,7023465f028127638ff5507e2d7dcded2adbe8e0
jesus_fuentes_img_0549,img_549.png,mar_y_oceano,ilustracion_plana_color,657,465,ilustracion de mar,OpenClipart,jesus_fuentes,154a2fcfa87dfff82e64967234dbe421fb642a9a
jesus_fuentes_img_0550,img_550.png,mar_y_oceano,ilustracion_plana_color,554,554,ilustracion de mar,OpenClipart,jesus_fuentes,d102f2ab521bebaf41386676a9685146adda8669
jesus_fuentes_img_0551,img_551.png,mar_y_oceano,ilustracion_plana_color,731,419,ilustracion de mar,OpenClipart,jesus_fuentes,28f5e6b85e5ec25b35ee61b0e96440342cab830b
jesus_fuentes_img_0552,img_552.png,mar_y_oceano,ilustracion_plana_color,452,678,ilustracion de mar,OpenClipart,jesus_fuentes,2fa698d32cd40eda6b60f962e4d53ff98aeb80cf
jesus_fuentes_img_0553,img_553.png,mar_y_oceano,ilustracion_plana_color,576,347,ilustracion de mar,OpenClipart,jesus_fuentes,582a02bab7293e5edb1660ccd454bf216e9708a3
jesus_fuentes_img_0554,img_554.png,mar_y_oceano,ilustracion_plana_color,528,378,ilustracion de mar,OpenClipart,jesus_fuentes,12bd378b9de9cfeb5f8aa34e4531e9706f9b5afc
jesus_fuentes_img_0555,img_555.png,mar_y_oceano,ilustracion_plana_color,625,391,ilustracion de mar,OpenClipart,jesus_fuentes,8f39c69fd7da192eec31ff73af2c5d9ad555a18c
jesus_fuentes_img_0556,img_556.png,mar_y_oceano,ilustracion_plana_color,738,411,ilustracion de mar,OpenClipart,jesus_fuentes,44b8541321e15c155683f9e4c9c151166c60f7fd
jesus_fuentes_img_0557,img_557.png,mar_y_oceano,ilustracion_plana_color,738,402,ilustracion de mar,OpenClipart,jesus_fuentes,c74c7810af738b7944ef4bcfc78b9ee47100e32a
jesus_fuentes_img_0558,img_558.png,mar_y_oceano,ilustracion_plana_color,596,335,ilustracion de mar,OpenClipart,jesus_fuentes,5b8956c0f9632de2e2eb6fe92e2556be41dbf918
jesus_fuentes_img_0559,img_559.png,mar_y_oceano,ilustracion_plana_color,527,379,ilustracion de mar,OpenClipart,jesus_fuentes,34919891d06b86dd739c10bf92de377daf9e2e1c
jesus_fuentes_img_0560,img_560.png,mar_y_oceano,ilustracion_plana_color,557,359,ilustracion de mar,OpenClipart,jesus_fuentes,f6b1bb902b06bd11ec5fb09d60a73b3f4cc48d3f
jesus_fuentes_img_0561,img_561.png,mar_y_oceano,ilustracion_plana_color,565,353,ilustracion de mar,OpenClipart,jesus_fuentes,11e22b6f3e3ac0ba27ea8d0455321d28e46e83bf
jesus_fuentes_img_0562,img_562.png,mar_y_oceano,ilustracion_plana_color,738,411,ilustracion de mar,OpenClipart,jesus_fuentes,539953b327867a3e8cfe042970151c620f92127e
jesus_fuentes_img_0563,img_563.png,mar_y_oceano,ilustracion_plana_color,565,353,ilustracion de mar,OpenClipart,jesus_fuentes,e7526b53dce7f5dbe30b71cf89d8b4bcc90443a6
jesus_fuentes_img_0564,img_564.png,mar_y_oceano,ilustracion_plana_color,678,452,ilustracion de mar,OpenClipart,jesus_fuentes,d820ee0e45dc1d749a8e4a8a519e10ad5cdaec37
jesus_fuentes_img_0565,img_565.png,mar_y_oceano,ilustracion_plana_color,738,414,ilustracion de mar,OpenClipart,jesus_fuentes,3f1c1794b5d15b50110220dfdf03e97e41ce2b60
jesus_fuentes_img_0566,img_566.png,mar_y_oceano,ilustracion_plana_color,731,419,ilustracion de mar,OpenClipart,jesus_fuentes,760e5f6345600f17a2880d9eb42619e88bbe0f64
jesus_fuentes_img_0567,img_567.png,mar_y_oceano,ilustracion_plana_color,738,411,ilustracion de mar,OpenClipart,jesus_fuentes,89b8c8c1f179defc5f008cafc391c63984b2d088
jesus_fuentes_img_0568,img_568.png,mar_y_oceano,ilustracion_plana_color,456,438,ilustracion de mar,OpenClipart,jesus_fuentes,2db8b0b21d306fadc04451f9189e118ebe68075d
jesus_fuentes_img_0569,img_569.png,mar_y_oceano,ilustracion_plana_color,738,414,ilustracion de mar,OpenClipart,jesus_fuentes,c159622c95b11f350b34d5ef28213c2c2226eb06
jesus_fuentes_img_0570,img_570.png,mar_y_oceano,ilustracion_plana_color,360,360,ilustracion de mar,OpenClipart,jesus_fuentes,02ace2ead0b730127c7924d65f3a8acaf306629b
jesus_fuentes_img_0571,img_571.png,mar_y_oceano,ilustracion_plana_color,678,452,ilustracion de mar,OpenClipart,jesus_fuentes,32f048ebd0ecb20774d12b229a46a74a44839a4e
jesus_fuentes_img_0572,img_572.png,mar_y_oceano,ilustracion_plana_color,547,365,ilustracion de mar,OpenClipart,jesus_fuentes,c960c8b28af6a6a5e15cc6b90cb75687e3809d31
jesus_fuentes_img_0573,img_573.png,mar_y_oceano,ilustracion_plana_color,553,553,ilustracion de mar,OpenClipart,jesus_fuentes,9687fab1135ddee1da18aee0d8d8e5c428083d67
jesus_fuentes_img_0574,img_574.png,mar_y_oceano,ilustracion_plana_color,704,435,ilustracion de mar,OpenClipart,jesus_fuentes,24262e3bed26bbaca052822e6a7bc8756228a491
jesus_fuentes_img_0575,img_575.png,mar_y_oceano,ilustracion_plana_color,554,554,ilustracion de mar,OpenClipart,jesus_fuentes,ac5a0c051fdf9cafefe8bdf6c5820634eefd19d1
jesus_fuentes_img_0576,img_576.png,mar_y_oceano,ilustracion_plana_color,360,360,ilustracion de mar,OpenClipart,jesus_fuentes,e55618b34a5e52d868e41d6dae72580006816f76
jesus_fuentes_img_0577,img_577.png,mar_y_oceano,ilustracion_plana_color,365,547,ilustracion de mar,OpenClipart,jesus_fuentes,e0c900310534ac8f240af7a56d2d078c9f5f6c92
jesus_fuentes_img_0578,img_578.png,mar_y_oceano,ilustracion_plana_color,738,414,ilustracion de mar,OpenClipart,jesus_fuentes,e16789a9ad528c1b7e2d8a26c95dbf6f0e76c36b
jesus_fuentes_img_0579,img_579.png,mar_y_oceano,ilustracion_plana_color,738,390,ilustracion de mar,OpenClipart,jesus_fuentes,afc9048c68e163beeefa01da0c602f129db3cbfc
jesus_fuentes_img_0580,img_580.png,mar_y_oceano,ilustracion_plana_color,554,554,ilustracion de mar,OpenClipart,jesus_fuentes,cc6b0e210abc28f7f70206e43bfa61a0bf0210da
jesus_fuentes_img_0581,img_581.png,mar_y_oceano,ilustracion_plana_color,678,452,ilustracion de mar,OpenClipart,jesus_fuentes,cf0c73d20b456e4dc765f68e1b959b62cfe3bd42
jesus_fuentes_img_0582,img_582.png,mar_y_oceano,ilustracion_plana_color,554,554,ilustracion de mar,OpenClipart,jesus_fuentes,8498a5830a16994bf4201bb020107e5511ff2742
jesus_fuentes_img_0583,img_583.png,mar_y_oceano,ilustracion_plana_color,600,395,ilustracion de mar,OpenClipart,jesus_fuentes,104ff550dd32b24a8d7cb5b862f17381a9914304
jesus_fuentes_img_0585,img_585.png,mar_y_oceano,ilustracion_plana_color,700,393,ilustracion de mar,OpenClipart,jesus_fuentes,41e87b32b5a3c72424168a17b756bce722b794dd
jesus_fuentes_img_0586,img_586.png,mar_y_oceano,ilustracion_plana_color,554,554,ilustracion de mar,OpenClipart,jesus_fuentes,b8422e0c93fdaa12adfe66acd2ac33644d99b3ca
jesus_fuentes_img_0587,img_587.png,mar_y_oceano,ilustracion_plana_color,657,465,ilustracion de mar,OpenClipart,jesus_fuentes,c33d8b108d10f7dee336a7efcd1b8ff70d7cfff2
jesus_fuentes_img_0588,img_588.png,mar_y_oceano,ilustracion_plana_color,300,387,ilustracion de mar,OpenClipart,jesus_fuentes,d8add1fff276954f6dded3bd8cf4c463324a85d8
jesus_fuentes_img_0589,img_589.png,mar_y_oceano,ilustracion_plana_color,738,414,ilustracion de mar,OpenClipart,jesus_fuentes,f5135cb001941301e46a0addf854192cbaa9eb61
jesus_fuentes_img_0590,img_590.png,mar_y_oceano,ilustracion_plana_color,678,452,ilustracion de mar,OpenClipart,jesus_fuentes,c7c2e3222db9f66b3b94868bf61f9da1afaf07a9
jesus_fuentes_img_0591,img_591.png,mar_y_oceano,ilustracion_plana_color,738,411,ilustracion de mar,OpenClipart,jesus_fuentes,73bc0e488265184f6bd2d5aaad31383d89132cdc
jesus_fuentes_img_0592,img_592.png,mar_y_oceano,ilustracion_plana_color,738,411,ilustracion de mar,OpenClipart,jesus_fuentes,2141cbbd6ed1aef64919ace85b9b2641d9dd0dba
jesus_fuentes_img_0593,img_593.png,mar_y_oceano,ilustracion_plana_color,389,280,ilustracion de mar,OpenClipart,jesus_fuentes,0c23fa74369cb2d4f4e36d466a03e27a2d4e2ced
jesus_fuentes_img_0594,img_594.png,mar_y_oceano,ilustracion_plana_color,616,498,ilustracion de mar,OpenClipart,jesus_fuentes,1bcd434b28a54a4dddc7e555e614d1884f3972fb
jesus_fuentes_img_0595,img_595.png,mar_y_oceano,ilustracion_plana_color,227,405,ilustracion de mar,OpenClipart,jesus_fuentes,11b1771a6b9b61a7908313a687cf66ce05a19993
jesus_fuentes_img_0596,img_596.png,mar_y_oceano,ilustracion_plana_color,599,333,ilustracion de mar,OpenClipart,jesus_fuentes,8d93da8e328110e2a2b72ce7fb692987cc75b865
jesus_fuentes_img_0597,img_597.png,mar_y_oceano,ilustracion_plana_color,738,342,ilustracion de mar,OpenClipart,jesus_fuentes,b920c27ec3f19b7fe34bea8caadd971136a4f032
jesus_fuentes_img_0598,img_598.png,mar_y_oceano,ilustracion_plana_color,678,452,ilustracion de mar,OpenClipart,jesus_fuentes,f240e75b4a7117441b22fa23dadb95fa328f3e33
jesus_fuentes_img_0599,img_599.png,mar_y_oceano,ilustracion_plana_color,554,554,ilustracion de mar,OpenClipart,jesus_fuentes,fe525b0a83599dc17ceab0402408148c8e22a60a
jesus_fuentes_img_0600,img_600.png,mar_y_oceano,ilustracion_plana_color,365,547,ilustracion de mar,OpenClipart,jesus_fuentes,c9695d6b2ca0b89e57a1019327962bc17c3c053d
jesus_fuentes_img_0601,img_601.png,mar_y_oceano,ilustracion_plana_color,731,419,ilustracion de mar,OpenClipart,jesus_fuentes,bdf00b4e7b59b94af0de89b0a11a81aa112635ef
jesus_fuentes_img_0602,img_602.png,mar_y_oceano,ilustracion_plana_color,738,414,ilustracion de mar,OpenClipart,jesus_fuentes,a116078faa8745c34a612224202ba0fb792122bf
jesus_fuentes_img_0603,img_603.png,mar_y_oceano,ilustracion_plana_color,669,457,ilustracion de mar,OpenClipart,jesus_fuentes,b652425a6f978009ac2cd90ab5d06517591bc4ba
jesus_fuentes_img_0604,img_604.png,mar_y_oceano,ilustracion_plana_color,738,414,ilustracion de mar,OpenClipart,jesus_fuentes,541ca28459bb562caade32b0127320a7d27fb7ee
jesus_fuentes_img_0605,img_605.png,mar_y_oceano,ilustracion_plana_color,447,447,ilustracion de mar,OpenClipart,jesus_fuentes,3252377f1cdef26865fc722b0326a2ce4ad7ad56
jesus_fuentes_img_0606,img_606.png,mar_y_oceano,ilustracion_plana_color,554,554,ilustracion de mar,OpenClipart,jesus_fuentes,53fe59a5e9037dc33bc0716d885ff73ee4917ed0
jesus_fuentes_img_0607,img_607.png,mar_y_oceano,ilustracion_plana_color,507,394,ilustracion de mar,OpenClipart,jesus_fuentes,76c12b382fdf36a2e21ea35a7d07c68768608596
jesus_fuentes_img_0608,img_608.png,mar_y_oceano,ilustracion_plana_color,305,305,ilustracion de mar,OpenClipart,jesus_fuentes,722347acb5b4d45a9463d59662140bbe4051e752
jesus_fuentes_img_0609,img_609.png,mar_y_oceano,ilustracion_plana_color,365,547,ilustracion de mar,OpenClipart,jesus_fuentes,5298aae5fbcd774658ecaeb16d427247a4652c23
jesus_fuentes_img_0610,img_610.png,mar_y_oceano,ilustracion_plana_color,445,449,ilustracion de mar,OpenClipart,jesus_fuentes,d5f4997dad8acde109f7c4d3f5b955c9e5153151
jesus_fuentes_img_0611,img_611.png,mar_y_oceano,ilustracion_plana_color,486,411,ilustracion de mar,OpenClipart,jesus_fuentes,83ab01fc2e0c7eaf9b1e46db2709106571ea1654
jesus_fuentes_img_0612,img_612.png,mar_y_oceano,ilustracion_plana_color,713,429,ilustracion de mar,OpenClipart,jesus_fuentes,83c6f645465fab5d2d4a7b106ed34d84982c1739
jesus_fuentes_img_0613,img_613.png,mar_y_oceano,ilustracion_plana_color,678,452,ilustracion de mar,OpenClipart,jesus_fuentes,5aacba95ca7f60567456dabcfd55962a6ec8d6e4
jesus_fuentes_img_0614,img_614.png,mar_y_oceano,ilustracion_plana_color,678,452,ilustracion de mar,OpenClipart,jesus_fuentes,4a3f8f56fbb00e6cee536d736b3ffbb96653eae1
jesus_fuentes_img_0615,img_615.png,mar_y_oceano,ilustracion_plana_color,738,342,ilustracion de mar,OpenClipart,jesus_fuentes,880f9e3445817f6f27bbb13d92e28d31ebc5430d
jesus_fuentes_img_0616,img_616.png,mar_y_oceano,ilustracion_plana_color,554,554,ilustracion de mar,OpenClipart,jesus_fuentes,66e442ed0c858624d029198c70651a50e5aff711
jesus_fuentes_img_0617,img_617.png,mar_y_oceano,ilustracion_plana_color,547,365,ilustracion de mar,OpenClipart,jesus_fuentes,621c9ab5958810ff387e8650aa878486a0a347e7
jesus_fuentes_img_0618,img_618.png,mar_y_oceano,ilustracion_plana_color,678,452,ilustracion de mar,OpenClipart,jesus_fuentes,12ac5cb9a2142496d7cb3eb6a24fb18db8488ef0
jesus_fuentes_img_0619,img_619.png,mar_y_oceano,ilustracion_plana_color,236,291,ilustracion de mar,OpenClipart,jesus_fuentes,64441c0399c6d3562b3ed1b27ae34537e0514754
jesus_fuentes_img_0620,img_620.png,mar_y_oceano,ilustracion_plana_color,738,288,ilustracion de mar,OpenClipart,jesus_fuentes,7de98597a8c2d5aa8903079a116ca0bf454750ce
jesus_fuentes_img_0621,img_621.png,mar_y_oceano,ilustracion_plana_color,626,277,ilustracion de mar,OpenClipart,jesus_fuentes,4c20dd041f12c11c28498db3f0286f83e5b94a52
jesus_fuentes_img_0622,img_622.png,mar_y_oceano,ilustracion_plana_color,738,402,ilustracion de mar,OpenClipart,jesus_fuentes,97f296eed887e8c276393585ddb80d2c93c1bf01
jesus_fuentes_img_0623,img_623.png,mar_y_oceano,ilustracion_plana_color,678,452,ilustracion de mar,OpenClipart,jesus_fuentes,1d68e34870445ca21e73c570c03c9c2d5e20da97
jesus_fuentes_img_0624,img_624.png,mar_y_oceano,ilustracion_plana_color,704,435,ilustracion de mar,OpenClipart,jesus_fuentes,0d4844540098f15bb32a21541ad6285715f1635a
jesus_fuentes_img_0625,img_625.png,mar_y_oceano,ilustracion_plana_color,348,274,ilustracion de mar,OpenClipart,jesus_fuentes,fbbbeacd0942f7ec3b2060cc3346a10a2256b99a
jesus_fuentes_img_0626,img_626.png,mar_y_oceano,ilustracion_plana_color,360,240,ilustracion de mar,OpenClipart,jesus_fuentes,b1b7c8efa97c70cd77cef6f8d3337e7ac9f6a6e8
jesus_fuentes_img_0627,img_627.png,mar_y_oceano,ilustracion_plana_color,670,384,ilustracion de mar,OpenClipart,jesus_fuentes,4ca17d68824c933cb285472c24345734949c8e50
jesus_fuentes_img_0628,img_628.png,mar_y_oceano,ilustracion_plana_color,360,240,ilustracion de mar,OpenClipart,jesus_fuentes,810bb78f56eb99ddf687bb9d92e0fdc1e2074072
jesus_fuentes_img_0629,img_629.png,mar_y_oceano,ilustracion_plana_color,738,414,ilustracion de mar,OpenClipart,jesus_fuentes,706a6a1e3cb100943ae889ac8a41ebf44608fa67
jesus_fuentes_img_0630,img_630.png,mar_y_oceano,ilustracion_plana_color,598,360,ilustracion de mar,OpenClipart,jesus_fuentes,e97d0886541b14e3fa0d9d4eee5ba329fdb55b4e
jesus_fuentes_img_0631,img_631.png,mar_y_oceano,ilustracion_plana_color,620,494,ilustracion de mar,OpenClipart,jesus_fuentes,7c649bd0ed21e3865d1ce9c1096607118e31f02a
jesus_fuentes_img_0632,img_632.png,mar_y_oceano,ilustracion_plana_color,738,414,ilustracion de mar,OpenClipart,jesus_fuentes,dbae64de02669f0c1c7ba0d34eab7c58ed925ef0
jesus_fuentes_img_0633,img_633.png,mar_y_oceano,ilustracion_plana_color,649,472,ilustracion de mar,OpenClipart,jesus_fuentes,c4635642c8670601c29face9c38f7e0dd7a8565d
jesus_fuentes_img_0634,img_634.png,mar_y_oceano,ilustracion_plana_color,360,277,ilustracion de mar,OpenClipart,jesus_fuentes,7fc7a35cbe8b21168a167976a940ddc7ec0d72ec
jesus_fuentes_img_0635,img_635.png,mar_y_oceano,ilustracion_plana_color,600,300,ilustracion de mar,OpenClipart,jesus_fuentes,daa692c1cd5823fdee2e5bd752f9dce9410c65bd
jesus_fuentes_img_0636,img_636.png,mar_y_oceano,ilustracion_plana_color,738,414,ilustracion de mar,OpenClipart,jesus_fuentes,7c267815fef01897e052485df6e89aab5c358853
jesus_fuentes_img_0637,img_637.png,mar_y_oceano,ilustracion_plana_color,699,392,ilustracion de mar,OpenClipart,jesus_fuentes,1cf3dffc4118a400824b8a54072612c9797d3dbb
jesus_fuentes_img_0638,img_638.png,mar_y_oceano,ilustracion_plana_color,700,438,ilustracion de mar,OpenClipart,jesus_fuentes,a3d939700d039569ada1495301021a3b9f2138e4
jesus_fuentes_img_0639,img_639.png,mar_y_oceano,ilustracion_plana_color,547,365,ilustracion de mar,OpenClipart,jesus_fuentes,88c37a24f033fa18cb9ce102153748ffc107c57f
jesus_fuentes_img_0640,img_640.png,mar_y_oceano,ilustracion_plana_color,360,202,ilustracion de mar,OpenClipart,jesus_fuentes,3dd9b41e22d40deba8fb40780d1db39e31d45a31
jesus_fuentes_img_0641,img_641.png,mar_y_oceano,ilustracion_plana_color,738,414,ilustracion de mar,OpenClipart,jesus_fuentes,28ba24f9bf6793faf7d3a3d230b3ce25c0dc4332
jesus_fuentes_img_0642,img_642.png,mar_y_oceano,ilustracion_plana_color,539,371,ilustracion de mar,OpenClipart,jesus_fuentes,bffcf7f8c12f3f0829810deb8dee1544cf53d40b
jesus_fuentes_img_0643,img_643.png,mar_y_oceano,ilustracion_plana_color,678,452,ilustracion de mar,OpenClipart,jesus_fuentes,f22a0837540310411cbb6e6790b62e7570bb943f
jesus_fuentes_img_0644,img_644.png,mar_y_oceano,ilustracion_plana_color,516,387,ilustracion de mar,OpenClipart,jesus_fuentes,569ec52a431cdd71bdd0e984151f2bce8be38d97
jesus_fuentes_img_0645,img_645.png,mar_y_oceano,ilustracion_plana_color,738,369,ilustracion de mar,OpenClipart,jesus_fuentes,21af0b01c1d1b87381a30a9e3514e28eb15ef383
jesus_fuentes_img_0646,img_646.png,mar_y_oceano,ilustracion_plana_color,738,414,ilustracion de mar,OpenClipart,jesus_fuentes,a384c8e4eb1d81c07f9ef974b8644e554cc4c248
jesus_fuentes_img_0647,img_647.png,mar_y_oceano,ilustracion_plana_color,512,512,ilustracion de mar,OpenClipart,jesus_fuentes,5497468af044a77cf152d5535ad04e5ba0c93306
jesus_fuentes_img_0648,img_648.png,mar_y_oceano,ilustracion_plana_color,617,497,ilustracion de mar,OpenClipart,jesus_fuentes,b38c543ca370b2ca2c05b91b146ee40c238b28d6
jesus_fuentes_img_0649,img_649.png,mar_y_oceano,ilustracion_plana_color,447,447,ilustracion de mar,OpenClipart,jesus_fuentes,f7d83953f684b565458024221b8d940bf84e6cac
jesus_fuentes_img_0650,img_650.png,mar_y_oceano,ilustracion_plana_color,626,412,ilustracion de mar,OpenClipart,jesus_fuentes,99e20f25588c2688f71db5abee864a13ce14ed7d
jesus_fuentes_img_0651,img_651.png,mar_y_oceano,ilustracion_plana_color,638,480,ilustracion de mar,OpenClipart,jesus_fuentes,79f4f2e29d2bc9b76b984f3e6ca3ba323a8f4158
jesus_fuentes_img_0652,img_652.png,mar_y_oceano,ilustracion_plana_color,236,302,ilustracion de mar,OpenClipart,jesus_fuentes,c0211c3ce620c2080a2d7f6cdaf1839854b9b6c8
jesus_fuentes_img_0653,img_653.png,mar_y_oceano,ilustracion_plana_color,415,740,ilustracion de mar,OpenClipart,jesus_fuentes,cc1603a075216a0129cfbba603fcb305c4c61026
jesus_fuentes_img_0654,img_654.png,mar_y_oceano,ilustracion_plana_color,547,365,ilustracion de mar,OpenClipart,jesus_fuentes,ea7f3c8807188344507d39a0c552a790ca8d74ed
jesus_fuentes_img_0655,img_655.png,mar_y_oceano,ilustracion_plana_color,738,414,ilustracion de mar,OpenClipart,jesus_fuentes,87b791d9dc5988d8a05d5ac057e09bc01c8e6c56
jesus_fuentes_img_0656,img_656.png,mar_y_oceano,ilustracion_plana_color,360,360,ilustracion de mar,OpenClipart,jesus_fuentes,83f28cca2d72e2dcfc14d2804c2d02b2a3448624
jesus_fuentes_img_0657,img_657.png,mar_y_oceano,ilustracion_plana_color,624,373,ilustracion de mar,OpenClipart,jesus_fuentes,962c9ee218c82925397e256139f199c68d6387eb
jesus_fuentes_img_0658,img_658.png,mar_y_oceano,ilustracion_plana_color,447,447,ilustracion de mar,OpenClipart,jesus_fuentes,7d08fb8adb3576ac8cfd4ce0bc5d4dda621f8aa9
jesus_fuentes_img_0659,img_659.png,mar_y_oceano,ilustracion_plana_color,500,612,ilustracion de mar,OpenClipart,jesus_fuentes,f2716f28f7aeb0016741500137b9f746dc98abb1
jesus_fuentes_img_0660,img_660.png,mar_y_oceano,ilustracion_plana_color,554,554,ilustracion de mar,OpenClipart,jesus_fuentes,19d3a1f52fa634c5c4e1b6c6d268d543a22ddff6
jesus_fuentes_img_0661,img_661.png,mar_y_oceano,ilustracion_plana_color,401,498,ilustracion de mar,OpenClipart,jesus_fuentes,0d5ba41221aa8081b6e9690cd939705ce0831a67
jesus_fuentes_img_0662,img_662.png,mar_y_oceano,ilustracion_plana_color,554,554,ilustracion de mar,OpenClipart,jesus_fuentes,2684eec00ce9d7bc107d74bedbcd4c771b63053e
jesus_fuentes_img_0663,img_663.png,mar_y_oceano,ilustracion_plana_color,403,496,ilustracion de mar,OpenClipart,jesus_fuentes,ff5a1d8d02da7c23e7dafc0c9ea768dddbfabb60
jesus_fuentes_img_0664,img_664.png,mar_y_oceano,ilustracion_plana_color,360,360,ilustracion de mar,OpenClipart,jesus_fuentes,8748f9ff874367505f5a3078163354e99f6429f6
jesus_fuentes_img_0665,img_665.png,mar_y_oceano,ilustracion_plana_color,393,508,ilustracion de mar,OpenClipart,jesus_fuentes,b54f270da637b912708c744b976bf9647350bb85
jesus_fuentes_img_0666,img_666.png,mar_y_oceano,ilustracion_plana_color,554,554,ilustracion de mar,OpenClipart,jesus_fuentes,3c02e9b44a123dce58e36f6260cf9a04f82e4c1a
jesus_fuentes_img_0667,img_667.png,mar_y_oceano,ilustracion_plana_color,678,452,ilustracion de mar,OpenClipart,jesus_fuentes,aea842282436cf2912256d6939bb70673378ef59
jesus_fuentes_img_0668,img_668.png,mar_y_oceano,ilustracion_plana_color,486,411,ilustracion de mar,OpenClipart,jesus_fuentes,d08a700770edfa21ead8ebdebaf9ddc42c1c582e
jesus_fuentes_img_0669,img_669.png,mar_y_oceano,ilustracion_plana_color,554,554,ilustracion de mar,OpenClipart,jesus_fuentes,477582f181e277f4e9c97e42486031b79fbc1b89
jesus_fuentes_img_0670,img_670.png,mar_y_oceano,ilustracion_plana_color,354,564,ilustracion de mar,OpenClipart,jesus_fuentes,9c42b795487108b16d170cb613f1d9df0bb444b0
jesus_fuentes_img_0671,img_671.png,mar_y_oceano,ilustracion_plana_color,480,638,ilustracion de mar,OpenClipart,jesus_fuentes,782fe806a900bc1fbf4793ed6b8afd39a093de85
jesus_fuentes_img_0672,img_672.png,mar_y_oceano,ilustracion_plana_color,554,554,ilustracion de mar,OpenClipart,jesus_fuentes,174279ca44162102627d250dc128b8013f649118
jesus_fuentes_img_0673,img_673.png,mar_y_oceano,ilustracion_plana_color,554,554,ilustracion de mar,OpenClipart,jesus_fuentes,fd535a8460c0add82aece110e9e7ca29540f93ed
jesus_fuentes_img_0674,img_674.png,mar_y_oceano,ilustracion_plana_color,554,554,ilustracion de mar,OpenClipart,jesus_fuentes,ddd4190f471b7fdf529d5fbe3db16f0e05e5d672
jesus_fuentes_img_0675,img_675.png,mar_y_oceano,ilustracion_plana_color,738,414,ilustracion de mar,OpenClipart,jesus_fuentes,4923ee82d5c554fcd75f19ff3858c318055169f0
jesus_fuentes_img_0676,img_676.png,mar_y_oceano,ilustracion_plana_color,554,554,ilustracion de mar,OpenClipart,jesus_fuentes,9983e3a3003f9aaf0c3b48898ec725a469c8ab06
jesus_fuentes_img_0677,img_677.png,mar_y_oceano,ilustracion_plana_color,554,554,ilustracion de mar,OpenClipart,jesus_fuentes,2a2e8062d914c504708c9eaf3678d4f91f9a096c
jesus_fuentes_img_0678,img_678.png,mar_y_oceano,ilustracion_plana_color,738,348,ilustracion de mar,OpenClipart,jesus_fuentes,bc44162a43168b854d40a0cee0b5f44a611224f8
jesus_fuentes_img_0679,img_679.png,mar_y_oceano,ilustracion_plana_color,611,502,ilustracion de mar,OpenClipart,jesus_fuentes,7069de1d0abe750ebd169ea86934d6841263ea8d
jesus_fuentes_img_0680,img_680.png,mar_y_oceano,ilustracion_plana_color,554,554,ilustracion de mar,OpenClipart,jesus_fuentes,cdcb3d1b0a72d90506a1b1af7ed462b2001b32ac
jesus_fuentes_img_0681,img_681.png,mar_y_oceano,ilustracion_plana_color,554,554,ilustracion de mar,OpenClipart,jesus_fuentes,1272840013e59903e4c4e3fd4915bccdf89a82ff
jesus_fuentes_img_0682,img_682.png,mar_y_oceano,ilustracion_plana_color,554,554,ilustracion de mar,OpenClipart,jesus_fuentes,ded5fb26520a335be9245fb69c266ff4ac88974f
jesus_fuentes_img_0683,img_683.png,mar_y_oceano,ilustracion_plana_color,536,571,ilustracion de mar,OpenClipart,jesus_fuentes,b2c517c57cd3bcb76f3bdc2fa845fe0babb563c5
jesus_fuentes_img_0684,img_684.png,mar_y_oceano,ilustracion_plana_color,447,447,ilustracion de mar,OpenClipart,jesus_fuentes,34aec3c99258b86739dd277ae97763c74e49b542
jesus_fuentes_img_0685,img_685.png,mar_y_oceano,ilustracion_plana_color,638,480,ilustracion de mar,OpenClipart,jesus_fuentes,489016fb7dfdf82a3b2dc514d373981ed661dcb5
jesus_fuentes_img_0686,img_686.png,mar_y_oceano,ilustracion_plana_color,554,554,ilustracion de mar,OpenClipart,jesus_fuentes,5888786ec085b4840b5200fdd1fd982ac005fb3a
jesus_fuentes_img_0687,img_687.png,mar_y_oceano,ilustracion_plana_color,282,179,ilustracion de mar,OpenClipart,jesus_fuentes,7eb9d63b0ead020f56d8f2c1ff61ed4b3f1b0725
jesus_fuentes_img_0688,img_688.png,mar_y_oceano,ilustracion_plana_color,447,447,ilustracion de mar,OpenClipart,jesus_fuentes,2d8013d673c0aaae2b215c49a9188e7c3dc60375
jesus_fuentes_img_0689,img_689.png,mar_y_oceano,ilustracion_plana_color,638,480,ilustracion de mar,OpenClipart,jesus_fuentes,70223c3db5c7eb3f0dff93ae5656c32d1292b880
jesus_fuentes_img_0690,img_690.png,mar_y_oceano,ilustracion_plana_color,736,416,ilustracion de mar,OpenClipart,jesus_fuentes,7c3e1bae3691683a764348561e3f02b42d0892e1
jesus_fuentes_img_0691,img_691.png,mar_y_oceano,ilustracion_plana_color,554,554,ilustracion de mar,OpenClipart,jesus_fuentes,3a44c11d77e1fbe765ddabb5aa32595f9f420597
jesus_fuentes_img_0692,img_692.png,mar_y_oceano,ilustracion_plana_color,554,554,ilustracion de mar,OpenClipart,jesus_fuentes,ad296069cf05af1bf9db3c8652f15f34ede10b3d
jesus_fuentes_img_0693,img_693.png,mar_y_oceano,ilustracion_plana_color,554,554,ilustracion de mar,OpenClipart,jesus_fuentes,1b57028693eae90beb2f00c10619aaaf8262d622
jesus_fuentes_img_0694,img_694.png,mar_y_oceano,ilustracion_plana_color,499,400,ilustracion de mar,OpenClipart,jesus_fuentes,c151c44dd2245abd09f0c5f72594f335152e0b47
jesus_fuentes_img_0695,img_695.png,mar_y_oceano,ilustracion_plana_color,447,447,ilustracion de mar,OpenClipart,jesus_fuentes,5e3ac0346b7d14fcdfce6fd6c5ab3dd26198202f
jesus_fuentes_img_0696,img_696.png,mar_y_oceano,ilustracion_plana_color,701,436,ilustracion de mar,OpenClipart,jesus_fuentes,cafd5d3a891b48ec081f4a0ebf46bab28c78a999
jesus_fuentes_img_0697,img_697.png,mar_y_oceano,ilustracion_plana_color,554,554,ilustracion de mar,OpenClipart,jesus_fuentes,68879bb0337cd0715cf77c14fc9c89bf51f5bcc0
jesus_fuentes_img_0698,img_698.png,mar_y_oceano,ilustracion_plana_color,554,554,ilustracion de mar,OpenClipart,jesus_fuentes,664aceaf97b740fdad4a6db0ff7f3409053e5a6c
jesus_fuentes_img_0699,img_699.png,mar_y_oceano,ilustracion_plana_color,554,554,ilustracion de mar,OpenClipart,jesus_fuentes,c97f5aab43c02cbc046c0633f8cc6ad108548a83
jesus_fuentes_img_0700,img_700.png,mar_y_oceano,ilustracion_plana_color,571,536,ilustracion de mar,OpenClipart,jesus_fuentes,69265a92009728ff3ea5d123fa1ae88540768b7d
jesus_fuentes_img_0701,img_701.png,mar_y_oceano,ilustracion_plana_color,554,554,ilustracion de mar,OpenClipart,jesus_fuentes,8ccd486766a50fbee5b4ce1e24e5c6edaaf42013
jesus_fuentes_img_0702,img_702.png,mar_y_oceano,ilustracion_plana_color,231,300,ilustracion de mar,OpenClipart,jesus_fuentes,4baa4fb0d650d95d3e94c8547366740f0f1fe360
jesus_fuentes_img_0703,img_703.png,mar_y_oceano,ilustracion_plana_color,500,280,ilustracion de mar,OpenClipart,jesus_fuentes,b829e5feb42c641b42f2ce68ad760662611e11d5
jesus_fuentes_img_0704,img_704.png,mar_y_oceano,ilustracion_plana_color,554,554,ilustracion de mar,OpenClipart,jesus_fuentes,e09e0702b1006e1f5b60fbd41c645222cb709b9a
jesus_fuentes_img_0705,img_705.png,mar_y_oceano,ilustracion_plana_color,447,447,ilustracion de mar,OpenClipart,jesus_fuentes,590dad7d794c4e9cb1dd084a01c925cb957f6033
jesus_fuentes_img_0706,img_706.png,mar_y_oceano,ilustracion_plana_color,631,485,ilustracion de mar,OpenClipart,jesus_fuentes,a240a68030bace7d9f849f6594bbfae6364a59da
jesus_fuentes_img_0707,img_707.png,mar_y_oceano,ilustracion_plana_color,300,300,ilustracion de mar,OpenClipart,jesus_fuentes,6b69da97cf9f2040c51e0f8a0ec7fd56871a5aa1
jesus_fuentes_img_0708,img_708.png,mar_y_oceano,ilustracion_plana_color,360,360,ilustracion de mar,OpenClipart,jesus_fuentes,6f8ee698230ef199f30a0e9f643fe9c779bca3f5
jesus_fuentes_img_0709,img_709.png,mar_y_oceano,ilustracion_plana_color,360,360,ilustracion de mar,OpenClipart,jesus_fuentes,16974d34fcc2b2f4fd3d3423a658c34698f0fb52
jesus_fuentes_img_0710,img_710.png,mar_y_oceano,ilustracion_plana_color,554,554,ilustracion de mar,OpenClipart,jesus_fuentes,d3abf3dc7b15e5656ca3f51d79898d7b63ab27a6
jesus_fuentes_img_0711,img_711.png,mar_y_oceano,ilustracion_plana_color,638,480,ilustracion de mar,OpenClipart,jesus_fuentes,c98b8232bdedc275b19eba5d4cee433cb99ff3d4
jesus_fuentes_img_0712,img_712.png,mar_y_oceano,ilustracion_plana_color,260,280,ilustracion de mar,OpenClipart,jesus_fuentes,f7c824d7dc953b1da725275698692913cabf1b7e
jesus_fuentes_img_0713,img_713.png,mar_y_oceano,ilustracion_plana_color,238,144,ilustracion de mar,OpenClipart,jesus_fuentes,0083a71c62a75e5b0685e87d9dcff02963fb9ea9
jesus_fuentes_img_0714,img_714.png,mar_y_oceano,ilustracion_plana_color,657,465,ilustracion de mar,OpenClipart,jesus_fuentes,9b89ad155cacd3a3892b438f2c4183a4162db784
jesus_fuentes_img_0715,img_715.png,mar_y_oceano,ilustracion_plana_color,554,554,ilustracion de mar,OpenClipart,jesus_fuentes,193b39e9bb2189ddce2da453452db62189042426
jesus_fuentes_img_0716,img_716.png,mar_y_oceano,ilustracion_plana_color,447,447,ilustracion de mar,OpenClipart,jesus_fuentes,4200a1e418a5db95fe048e28618f0ec29985a838
jesus_fuentes_img_0717,img_717.png,mar_y_oceano,ilustracion_plana_color,620,494,ilustracion de mar,OpenClipart,jesus_fuentes,c5fd0b11c0c653da30a99486f9435ce6d431ad24
jesus_fuentes_img_0718,img_718.png,mar_y_oceano,ilustracion_plana_color,738,393,ilustracion de mar,OpenClipart,jesus_fuentes,04e6e9c5fef353ab893204ab4b4d06b660598867
jesus_fuentes_img_0719,img_719.png,mar_y_oceano,ilustracion_plana_color,282,179,ilustracion de mar,OpenClipart,jesus_fuentes,97706360ea911d1da07baf20d1d5ee1658786e9e
jesus_fuentes_img_0720,img_720.png,mar_y_oceano,ilustracion_plana_color,554,554,ilustracion de mar,OpenClipart,jesus_fuentes,c553fdf053bb35a97374ee4a9f7fe2ad4ac8da04
jesus_fuentes_img_0721,img_721.png,mar_y_oceano,ilustracion_plana_color,640,479,ilustracion de mar,OpenClipart,jesus_fuentes,e75b9139165177b282259faa6cadc54d210e8e73
jesus_fuentes_img_0722,img_722.png,mar_y_oceano,ilustracion_plana_color,572,535,ilustracion de mar,OpenClipart,jesus_fuentes,6b8084feeadcf8264de7e688c6fa55bd79a3cf95
jesus_fuentes_img_0723,img_723.png,mar_y_oceano,ilustracion_plana_color,451,443,ilustracion de mar,OpenClipart,jesus_fuentes,ab7b2f252467475de1d4140a0c932285b3f16d70
jesus_fuentes_img_0724,img_724.png,mar_y_oceano,ilustracion_plana_color,711,431,ilustracion de mar,OpenClipart,jesus_fuentes,d909e0c00f794ab3e2bbf64525e82ea76ad00b9b
jesus_fuentes_img_0725,img_725.png,mar_y_oceano,ilustracion_plana_color,678,452,ilustracion de mar,OpenClipart,jesus_fuentes,eddfd7ffb0ae8aea72fecfbdd7fe2ce6f8725d41
jesus_fuentes_img_0726,img_726.png,mar_y_oceano,ilustracion_plana_color,447,447,ilustracion de mar,OpenClipart,jesus_fuentes,a6756313586ce9788434f8b920a1a236b16e5f39
jesus_fuentes_img_0727,img_727.png,mar_y_oceano,ilustracion_plana_color,387,516,ilustracion de mar,OpenClipart,jesus_fuentes,0e2eec3e7afc57dbeee7694b825f2259c99fea7b
jesus_fuentes_img_0728,img_728.png,mar_y_oceano,ilustracion_plana_color,563,545,ilustracion de mar,OpenClipart,jesus_fuentes,8207ce5c9f0300987fbe6232d7a408035e67124e
jesus_fuentes_img_0729,img_729.png,mar_y_oceano,ilustracion_plana_color,682,449,ilustracion de mar,OpenClipart,jesus_fuentes,02608bed9fa4d2aca74d16b2446fec4fd4cea451
jesus_fuentes_img_0730,img_730.png,mar_y_oceano,ilustracion_plana_color,275,183,ilustracion de mar,OpenClipart,jesus_fuentes,1a114cc607368d8f987d0d7d19a830173944f796
jesus_fuentes_img_0731,img_731.png,mar_y_oceano,ilustracion_plana_color,668,459,ilustracion de mar,OpenClipart,jesus_fuentes,3f3393cd4ab6c7b2138396086ebf2a2fc3a42faf
jesus_fuentes_img_0732,img_732.png,mar_y_oceano,ilustracion_plana_color,554,554,ilustracion de mar,OpenClipart,jesus_fuentes,1df3e95706e34be3767752b779a11316dab3c385
jesus_fuentes_img_0733,img_733.png,mar_y_oceano,ilustracion_plana_color,554,554,ilustracion de mar,OpenClipart,jesus_fuentes,2a50109cc1d8917ec6f12e0c0fb5393586075ca7
jesus_fuentes_img_0734,img_734.png,mar_y_oceano,ilustracion_plana_color,447,447,ilustracion de mar,OpenClipart,jesus_fuentes,767004fa2341954b466400fa6ba30b16a363b4a9
jesus_fuentes_img_0735,img_735.png,mar_y_oceano,ilustracion_plana_color,554,554,ilustracion de mar,OpenClipart,jesus_fuentes,928505557ab1c8a6a46f893451e692249e22abee
jesus_fuentes_img_0736,img_736.png,mar_y_oceano,ilustracion_plana_color,360,360,ilustracion de mar,OpenClipart,jesus_fuentes,e105525f4e18bb8ae25cdc5ac44f54227b43ba4b
jesus_fuentes_img_0737,img_737.png,mar_y_oceano,ilustracion_plana_color,554,554,ilustracion de mar,OpenClipart,jesus_fuentes,e2a2f9ec4e7cb8694f2f783211b79fd26d6157e4
jesus_fuentes_img_0738,img_738.png,mar_y_oceano,ilustracion_plana_color,554,554,ilustracion de mar,OpenClipart,jesus_fuentes,8d506159936ef5729fc39fec79155b8b4ec21b52
jesus_fuentes_img_0739,img_739.png,mar_y_oceano,ilustracion_plana_color,480,269,ilustracion de mar,OpenClipart,jesus_fuentes,2c9b81485f7a9132fe0cfcf806cec2ed0edae114
jesus_fuentes_img_0740,img_740.png,mar_y_oceano,ilustracion_plana_color,500,280,ilustracion de mar,OpenClipart,jesus_fuentes,ff2a09932693c9f673e36230a5b3f17b9746a7a2
jesus_fuentes_img_0741,img_741.png,mar_y_oceano,ilustracion_plana_color,447,447,ilustracion de mar,OpenClipart,jesus_fuentes,18d95f73d87dd9277a757bf8917cc438fc5d90e0
jesus_fuentes_img_0742,img_742.png,mar_y_oceano,ilustracion_plana_color,738,402,ilustracion de mar,OpenClipart,jesus_fuentes,94ebd32e9df3cdbe00aad8546ff3477fc74cf2a2
jesus_fuentes_img_0743,img_743.png,mar_y_oceano,ilustracion_plana_color,447,447,ilustracion de mar,OpenClipart,jesus_fuentes,228534358fe9b382106b9dea7ea6d78c9443c679
jesus_fuentes_img_0744,img_744.png,mar_y_oceano,ilustracion_plana_color,447,447,ilustracion de mar,OpenClipart,jesus_fuentes,56652ab445318c59868bb8f063e3a3870a794e06
jesus_fuentes_img_0745,img_745.png,mar_y_oceano,ilustracion_plana_color,633,484,ilustracion de mar,OpenClipart,jesus_fuentes,e84d97332b2aa93131fdd5241e5bc75a8fd8ac44
jesus_fuentes_img_0746,img_746.png,mar_y_oceano,ilustracion_plana_color,515,388,ilustracion de mar,OpenClipart,jesus_fuentes,9eee977a226650e5b5cc8d92a1fe1ce95e22f6d1
jesus_fuentes_img_0747,img_747.png,mar_y_oceano,ilustracion_plana_color,554,554,ilustracion de mar,OpenClipart,jesus_fuentes,031700a42c971190dad2d90b0c7c0c906fba55e2
jesus_fuentes_img_0748,img_748.png,mar_y_oceano,ilustracion_plana_color,554,554,ilustracion de mar,OpenClipart,jesus_fuentes,73985ea9f8074e4431c425ffa62a9d567997bf26
jesus_fuentes_img_0749,img_749.png,mar_y_oceano,ilustracion_plana_color,600,300,ilustracion de mar,OpenClipart,jesus_fuentes,4aa60cb243bb979392b0e9501558b0a08c09fbde
jesus_fuentes_img_0750,img_750.png,mar_y_oceano,ilustracion_plana_color,554,554,ilustracion de mar,OpenClipart,jesus_fuentes,8a4ea673a8252948fcf428c4a1877a869b5b1fe9
jesus_fuentes_img_0751,img_751.png,mar_y_oceano,ilustracion_plana_color,668,459,ilustracion de mar,OpenClipart,jesus_fuentes,5b3c421165db0480c20098befb0ed76823650b4e
jesus_fuentes_img_0752,img_753.png,mar_y_oceano,ilustracion_plana_color,259,194,ilustracion de mar,OpenClipart,jesus_fuentes,ce57cdb00c54176258e7a9b7309ce3457443317d
jesus_fuentes_img_0753,img_754.png,mar_y_oceano,ilustracion_plana_color,494,620,ilustracion de mar,OpenClipart,jesus_fuentes,a23726fe3195937eacd49f9167e2fc12af0db0f8
jesus_fuentes_img_0754,img_755.png,mar_y_oceano,ilustracion_plana_color,225,225,ilustracion de mar,OpenClipart,jesus_fuentes,027c9738e4d643eee5c9e0470279d9f4a41c8c5a
jesus_fuentes_img_0755,img_756.png,mar_y_oceano,ilustracion_plana_color,447,447,ilustracion de mar,OpenClipart,jesus_fuentes,c24904db01d45f65e5f004ce5773bb5ec5ae416a
jesus_fuentes_img_0756,img_757.png,mar_y_oceano,ilustracion_plana_color,554,554,ilustracion de mar,OpenClipart,jesus_fuentes,2c31bf1d6edfd0d5fe3eaa74d43e7377e110a5b2
jesus_fuentes_img_0757,img_758.png,mar_y_oceano,ilustracion_plana_color,518,350,ilustracion de mar,OpenClipart,jesus_fuentes,8aeea0d0eee016fcba66f77b56ded182c8c4a02b
jesus_fuentes_img_0758,img_759.png,mar_y_oceano,ilustracion_plana_color,641,477,ilustracion de mar,OpenClipart,jesus_fuentes,cac3cede2f3ccf0489305efb144bd24905260276
jesus_fuentes_img_0759,img_760.png,mar_y_oceano,ilustracion_plana_color,554,554,ilustracion de mar,OpenClipart,jesus_fuentes,1ba403c7aeb4b7515f5daa366fb43075bf029791
jesus_fuentes_img_0760,img_761.png,mar_y_oceano,ilustracion_plana_color,447,447,ilustracion de mar,OpenClipart,jesus_fuentes,9e09395472059a24a011869666c52cbad63ad8b0
jesus_fuentes_img_0762,img_763.png,mar_y_oceano,ilustracion_plana_color,236,181,ilustracion de mar,OpenClipart,jesus_fuentes,1e433b396a61f3855818741a799bd2966610be42
jesus_fuentes_img_0763,img_764.png,mar_y_oceano,ilustracion_plana_color,432,288,ilustracion de mar,OpenClipart,jesus_fuentes,7e3d36116994814083d9fefcd351b42b6a6aa779
jesus_fuentes_img_0764,img_765.png,mar_y_oceano,ilustracion_plana_color,554,554,ilustracion de mar,OpenClipart,jesus_fuentes,fb0945399efb8633de241d682f290766aa2fb97b
jesus_fuentes_img_0765,img_766.png,mar_y_oceano,ilustracion_plana_color,473,648,ilustracion de mar,OpenClipart,jesus_fuentes,8f9939759835c229fe80c0f35dacf70d9d9bd4c9
jesus_fuentes_img_0766,img_767.png,mar_y_oceano,ilustracion_plana_color,663,461,ilustracion de mar,OpenClipart,jesus_fuentes,433488f21f99c0c6f4ddcf8a1d098aa6fe82f40e
jesus_fuentes_img_0767,img_768.png,mar_y_oceano,ilustracion_plana_color,554,554,ilustracion de mar,OpenClipart,jesus_fuentes,a4f351a7bf5a6967f630155c9c25a9f7bfe475f3
jesus_fuentes_img_0768,img_769.png,mar_y_oceano,ilustracion_plana_color,350,350,ilustracion de mar,OpenClipart,jesus_fuentes,5861fc4eaaebfe64eb6177a7cb29a002939b64ef
jesus_fuentes_img_0769,img_770.png,mar_y_oceano,ilustracion_plana_color,554,554,ilustracion de mar,OpenClipart,jesus_fuentes,46cb257802e76de328b75be6daf253238bbad305
jesus_fuentes_img_0770,img_771.png,mar_y_oceano,ilustracion_plana_color,447,447,ilustracion de mar,OpenClipart,jesus_fuentes,0cd7893198c957c6d082ad4284ad75edd73614ca
jesus_fuentes_img_0771,img_772.png,mar_y_oceano,ilustracion_plana_color,497,402,ilustracion de mar,OpenClipart,jesus_fuentes,b541f32c54befdbf33d6c14c1a1dd53f2a2008d9
jesus_fuentes_img_0772,img_773.png,mar_y_oceano,ilustracion_plana_color,554,554,ilustracion de mar,OpenClipart,jesus_fuentes,ec74658227d25edc8b38a6b1e4719220d2ae801a
jesus_fuentes_img_0773,img_774.png,mar_y_oceano,ilustracion_plana_color,554,554,ilustracion de mar,OpenClipart,jesus_fuentes,4ec49e93ba229f95fea3edb8319ae83e0956a8e0
jesus_fuentes_img_0774,img_775.png,mar_y_oceano,ilustracion_plana_color,447,447,ilustracion de mar,OpenClipart,jesus_fuentes,c40ecd45c0d1529d4747ec77085ea66e28ab18fe
jesus_fuentes_img_0775,img_776.png,mar_y_oceano,ilustracion_plana_color,554,554,ilustracion de mar,OpenClipart,jesus_fuentes,fd5866e2b0bf59f1fcb83eead35faed3a27eef65
jesus_fuentes_img_0776,img_777.png,mar_y_oceano,ilustracion_plana_color,500,350,ilustracion de mar,OpenClipart,jesus_fuentes,016aa452e5cd2fd0bcca7359367b323c864fe76c
jesus_fuentes_img_0777,img_778.png,mar_y_oceano,ilustracion_plana_color,408,490,ilustracion de mar,OpenClipart,jesus_fuentes,b1459bb9e064be1cc373d91bd1711d18e8763eab
jesus_fuentes_img_0778,img_779.png,mar_y_oceano,ilustracion_plana_color,190,110,ilustracion de mar,OpenClipart,jesus_fuentes,ac8d1c9cba8365ac9617f2255da5f4f5375f6d0e
jesus_fuentes_img_0779,img_780.png,mar_y_oceano,ilustracion_plana_color,539,568,ilustracion de mar,OpenClipart,jesus_fuentes,5ec3adbefb049e31c2ae81c35afa50cfdda9fd2d
jesus_fuentes_img_0780,img_781.png,mar_y_oceano,ilustracion_plana_color,128,111,ilustracion de mar,OpenClipart,jesus_fuentes,8216790503b20e3229af0746259fc00f4c8ec262
jesus_fuentes_img_0781,img_782.png,mar_y_oceano,ilustracion_plana_color,600,263,ilustracion de mar,OpenClipart,jesus_fuentes,1e5cf903bbddbf5198e9c4a2923fcedc826f3217
jesus_fuentes_img_0782,img_783.png,mar_y_oceano,ilustracion_plana_color,612,500,ilustracion de mar,OpenClipart,jesus_fuentes,5544a0fe5344671fd9c56d486a7cca7bf5388620
jesus_fuentes_img_0783,img_784.png,mar_y_oceano,ilustracion_plana_color,554,554,ilustracion de mar,OpenClipart,jesus_fuentes,059e63d500d28da4c128f36e5034e726a6985dfd
jesus_fuentes_img_0784,img_785.png,mar_y_oceano,ilustracion_plana_color,139,108,ilustracion de mar,OpenClipart,jesus_fuentes,f1abdad3b2483f5c04ccac667be688e6f7530e38
jesus_fuentes_img_0785,img_786.png,mar_y_oceano,ilustracion_plana_color,585,523,ilustracion de mar,OpenClipart,jesus_fuentes,ee1ac366aedaf89b69837c411204bc51fd470b70
jesus_fuentes_img_0786,img_787.png,mar_y_oceano,ilustracion_plana_color,554,554,ilustracion de mar,OpenClipart,jesus_fuentes,da4d1cb53d0853d81afd69147c9cf9ea0f64d3e1
jesus_fuentes_img_0787,img_788.png,mar_y_oceano,ilustracion_plana_color,554,554,ilustracion de mar,OpenClipart,jesus_fuentes,39ea3b338f0503eef934698193dec29ba8a4bf57
jesus_fuentes_img_0788,img_789.png,mar_y_oceano,ilustracion_plana_color,305,153,ilustracion de mar,OpenClipart,jesus_fuentes,86372b4b428ce8b1805946e6244eceec1301d1a6
jesus_fuentes_img_0789,img_790.png,mar_y_oceano,ilustracion_plana_color,538,371,ilustracion de mar,OpenClipart,jesus_fuentes,449dbcb43fe7f37c75ee2c6aa79dee094ee88833
jesus_fuentes_img_0790,img_791.png,mar_y_oceano,ilustracion_plana_color,554,554,ilustracion de mar,OpenClipart,jesus_fuentes,91d43b020b3bba28b72ebe5c87206e89a6d0919e
jesus_fuentes_img_0791,img_792.png,mar_y_oceano,ilustracion_plana_color,447,447,ilustracion de mar,OpenClipart,jesus_fuentes,9b8323007ca37bfef3ad66e80e8a7191593560f3
jesus_fuentes_img_0792,img_793.png,mar_y_oceano,ilustracion_plana_color,713,429,ilustracion de mar,OpenClipart,jesus_fuentes,925e565637ff145362dd5bca446e57a10ce8ac3e
jesus_fuentes_img_0793,img_794.png,mar_y_oceano,ilustracion_plana_color,585,523,ilustracion de mar,OpenClipart,jesus_fuentes,47427fa897402dae0ca978b0e1582b35443c820c
jesus_fuentes_img_0794,img_795.png,mar_y_oceano,ilustracion_plana_color,480,638,ilustracion de mar,OpenClipart,jesus_fuentes,f613d47af954dfd741bbf00171f762090fb24df6
jesus_fuentes_img_0795,img_796.png,mar_y_oceano,ilustracion_plana_color,499,400,ilustracion de mar,OpenClipart,jesus_fuentes,163ad726c09e48b2cacc5c7c9b849886a1ffc645
jesus_fuentes_img_0796,img_797.png,mar_y_oceano,ilustracion_plana_color,738,324,ilustracion de mar,OpenClipart,jesus_fuentes,b08060d86a2b7bf9a309f77245022476be95f187
jesus_fuentes_img_0797,img_798.png,mar_y_oceano,ilustracion_plana_color,554,554,ilustracion de mar,OpenClipart,jesus_fuentes,381af9da599221eacfdd9a10f7e393cd3babf972
jesus_fuentes_img_0798,img_799.png,mar_y_oceano,ilustracion_plana_color,503,397,ilustracion de mar,OpenClipart,jesus_fuentes,768b912e3dfda9a0a9e95b74abf40490e1b9d84d
jesus_fuentes_img_0799,img_800.png,mar_y_oceano,ilustracion_plana_color,554,554,ilustracion de mar,OpenClipart,jesus_fuentes,2b02f17432b11e7341508d63f35497a3232cc5dd
jesus_fuentes_img_0800,img_801.png,mar_y_oceano,ilustracion_plana_color,554,554,ilustracion de mar,OpenClipart,jesus_fuentes,41130114bad9db319641b5d89d9bdddc8c4f08d7
jesus_fuentes_img_0801,img_802.png,mar_y_oceano,ilustracion_plana_color,567,539,ilustracion de mar,OpenClipart,jesus_fuentes,9b12a2c8eb12f07d02d982fb02da4c705bd6b221
jesus_fuentes_img_0802,img_803.png,mar_y_oceano,ilustracion_plana_color,554,554,ilustracion de mar,OpenClipart,jesus_fuentes,e528edbfb6b3ccf3e14bc80c1b949b796ceff53e
jesus_fuentes_img_0803,img_804.png,mar_y_oceano,ilustracion_plana_color,554,554,ilustracion de mar,OpenClipart,jesus_fuentes,44ac98dbbb5539d31fd193626d1e7a73320a02ba
jesus_fuentes_img_0804,img_805.png,mar_y_oceano,ilustracion_plana_color,554,554,ilustracion de mar,OpenClipart,jesus_fuentes,0797ebf10341314855a031ad6916b4e8974a9275
jesus_fuentes_img_0805,img_806.png,mar_y_oceano,ilustracion_plana_color,360,360,ilustracion de mar,OpenClipart,jesus_fuentes,7d74a33ee9fd3e8ae9c216826757ec71c5c11e33
jesus_fuentes_img_0806,img_807.png,mar_y_oceano,ilustracion_plana_color,440,697,ilustracion de mar,OpenClipart,jesus_fuentes,fad7d7bf752888b17e27d578c3295329bf7cde67
jesus_fuentes_img_0807,img_808.png,mar_y_oceano,ilustracion_plana_color,447,447,ilustracion de mar,OpenClipart,jesus_fuentes,31cfbcf19f94d1dca0fe95c07aaaf14d94346c46
jesus_fuentes_img_0808,img_809.png,mar_y_oceano,ilustracion_plana_color,376,600,ilustracion de mar,OpenClipart,jesus_fuentes,f0bf6ccb248ed5d842ac9348e1f7e0a2547c582e
jesus_fuentes_img_0809,img_810.png,mar_y_oceano,ilustracion_plana_color,353,626,ilustracion de mar,OpenClipart,jesus_fuentes,d0733b12d9ae995a9c62ac481c24a7209205fdeb
jesus_fuentes_img_0810,img_811.png,mar_y_oceano,ilustracion_plana_color,554,554,ilustracion de mar,OpenClipart,jesus_fuentes,77374190bbdc6f9e9846841f5f79e248917dfce1
jesus_fuentes_img_0811,img_812.png,mar_y_oceano,ilustracion_plana_color,402,762,ilustracion de mar,OpenClipart,jesus_fuentes,c670797617ebaa4fac1d17246235c74e4b5fa088
jesus_fuentes_img_0813,img_814.png,mar_y_oceano,ilustracion_plana_color,538,569,ilustracion de mar,OpenClipart,jesus_fuentes,f7594985a64d6d0a48ac03f0e35eff7895bc5e40
jesus_fuentes_img_0814,img_815.png,mar_y_oceano,ilustracion_plana_color,480,269,ilustracion de mar,OpenClipart,jesus_fuentes,8fb528e533b7437c754058062289a0e4f34612c4
jesus_fuentes_img_0815,img_816.png,mar_y_oceano,ilustracion_plana_color,333,600,ilustracion de mar,OpenClipart,jesus_fuentes,5221955a4f3830ff8b045eec4d9a6b4b94725de6
jesus_fuentes_img_0816,img_817.png,mar_y_oceano,ilustracion_plana_color,554,554,ilustracion de mar,OpenClipart,jesus_fuentes,5ec196ab8ccafd2a100f600fb7ce6c446f818e05
jesus_fuentes_img_0817,img_818.png,mar_y_oceano,ilustracion_plana_color,554,554,ilustracion de mar,OpenClipart,jesus_fuentes,3ccbefae247b36800814179098f471c4d9f984e4
jesus_fuentes_img_0818,img_819.png,mar_y_oceano,ilustracion_plana_color,554,554,ilustracion de mar,OpenClipart,jesus_fuentes,6de7227b673fa7b9decb9c86000434cda282030b
jesus_fuentes_img_0819,img_820.png,mar_y_oceano,ilustracion_plana_color,365,547,ilustracion de mar,OpenClipart,jesus_fuentes,787b006d76e9d7b3f7a8eb7255c80ab1eac98aca
jesus_fuentes_img_0820,img_821.png,mar_y_oceano,ilustracion_plana_color,554,554,ilustracion de mar,OpenClipart,jesus_fuentes,047d3f6429346a1ad942f9ec67a3301c2ac8098b
jesus_fuentes_img_0821,img_822.png,mar_y_oceano,ilustracion_plana_color,554,554,ilustracion de mar,OpenClipart,jesus_fuentes,02ac5604b179d0025d6d58077677df81aedede93
jesus_fuentes_img_0822,img_823.png,mar_y_oceano,ilustracion_plana_color,631,485,ilustracion de mar,OpenClipart,jesus_fuentes,defd78ef1ebfe482933ea19007d42a858cbdbcf5
jesus_fuentes_img_0823,img_824.png,mar_y_oceano,ilustracion_plana_color,527,379,ilustracion de mar,OpenClipart,jesus_fuentes,9af6940aabfe22b81baba90687b414c7e28f0f77
jesus_fuentes_img_0824,img_825.png,mar_y_oceano,ilustracion_plana_color,447,447,ilustracion de mar,OpenClipart,jesus_fuentes,d601eed839d743cd196e061698ceeb08b8bf7dbd
jesus_fuentes_img_0825,img_826.png,mar_y_oceano,ilustracion_plana_color,638,480,ilustracion de mar,OpenClipart,jesus_fuentes,9c96d8971705ae84dd67dd179e6091998b70b3db
jesus_fuentes_img_0826,img_827.png,mar_y_oceano,ilustracion_plana_color,620,494,ilustracion de mar,OpenClipart,jesus_fuentes,9df222e10ed4f729314ca282fe9db7142b66de28
jesus_fuentes_img_0827,img_828.png,mar_y_oceano,ilustracion_plana_color,538,569,ilustracion de mar,OpenClipart,jesus_fuentes,c153e5d8e75e06fe99c4afbfe2288da24670dcf5
jesus_fuentes_img_0828,img_829.png,mar_y_oceano,ilustracion_plana_color,414,483,ilustracion de mar,OpenClipart,jesus_fuentes,8924fe4802f714d15e2fac80225effc3cd06e294
jesus_fuentes_img_0829,img_830.png,mar_y_oceano,ilustracion_plana_color,534,374,ilustracion de mar,OpenClipart,jesus_fuentes,c92d01a6dc45bd7529145c827773b63e86cc0a29
jesus_fuentes_img_0830,img_831.png,mar_y_oceano,ilustracion_plana_color,554,554,ilustracion de mar,OpenClipart,jesus_fuentes,e6c4c05e164b9bfafc1b03509c0557d91a6a109b
jesus_fuentes_img_0831,img_832.png,mar_y_oceano,ilustracion_plana_color,526,582,ilustracion de mar,OpenClipart,jesus_fuentes,bc19d2bb964d3b82c7fd51573fcae07f89eba073
jesus_fuentes_img_0832,img_833.png,mar_y_oceano,ilustracion_plana_color,738,294,ilustracion de mar,OpenClipart,jesus_fuentes,79d52e1ffb90e39411c0ef553774d0273df782b9
jesus_fuentes_img_0833,img_834.png,mar_y_oceano,ilustracion_plana_color,437,702,ilustracion de mar,OpenClipart,jesus_fuentes,544ffdd1a9109c192fcd28c41b755fbede8b6397
jesus_fuentes_img_0834,img_835.png,mar_y_oceano,ilustracion_plana_color,554,554,ilustracion de mar,OpenClipart,jesus_fuentes,c5b341cebf9d126d7b1321429207a87c9144dfa7
jesus_fuentes_img_0835,img_836.png,mar_y_oceano,ilustracion_plana_color,480,269,ilustracion de mar,OpenClipart,jesus_fuentes,d5cf2a1b83c79d90f887bdd32f6abe45ee4447aa
jesus_fuentes_img_0837,img_838.png,mar_y_oceano,ilustracion_plana_color,554,554,ilustracion de mar,OpenClipart,jesus_fuentes,1df333b5386ec9f35f00edd1179d9bbc0b2be685
jesus_fuentes_img_0838,img_839.png,mar_y_oceano,ilustracion_plana_color,387,516,ilustracion de mar,OpenClipart,jesus_fuentes,3646c04783b11c6818a5f2492d770f1657bfbdc7
jesus_fuentes_img_0839,img_840.png,mar_y_oceano,ilustracion_plana_color,348,489,ilustracion de mar,OpenClipart,jesus_fuentes,df50de95e04f8baef4bc91941eff61c62fd6c23c
jesus_fuentes_img_0840,img_841.png,mar_y_oceano,ilustracion_plana_color,447,447,ilustracion de mar,OpenClipart,jesus_fuentes,2740517cfa1fcaf35be74b0544e00dd24ef54a0f
jesus_fuentes_img_0841,img_842.png,mar_y_oceano,ilustracion_plana_color,447,447,ilustracion de mar,OpenClipart,jesus_fuentes,fcb17df9a0437e62d39ba20b5523800a950e93b4
jesus_fuentes_img_0842,img_843.png,mar_y_oceano,ilustracion_plana_color,554,554,ilustracion de mar,OpenClipart,jesus_fuentes,b9fe70fab8fb60f161fe7b23713f472fe3653a40
jesus_fuentes_img_0843,img_844.png,mar_y_oceano,ilustracion_plana_color,554,554,ilustracion de mar,OpenClipart,jesus_fuentes,7596d822066930d29d86603a5d69d34b95c03c1c
jesus_fuentes_img_0844,img_845.png,mar_y_oceano,ilustracion_plana_color,447,447,ilustracion de mar,OpenClipart,jesus_fuentes,3f57f49221440ed00a8ed3a26622c0df62d21644
jesus_fuentes_img_0845,img_846.png,mar_y_oceano,ilustracion_plana_color,662,463,ilustracion de mar,OpenClipart,jesus_fuentes,03b0ae1acd00f5a47bd0eff790caaa1606e0e092
jesus_fuentes_img_0846,img_847.png,mar_y_oceano,ilustracion_plana_color,447,447,ilustracion de mar,OpenClipart,jesus_fuentes,95961edccc239d7c0c4eaf3dafe3374259c7fdde
jesus_fuentes_img_0847,img_848.png,mar_y_oceano,ilustracion_plana_color,289,174,ilustracion de mar,OpenClipart,jesus_fuentes,f9b07d428ee5cdbcc762371926f4fbb7c52c89ea
jesus_fuentes_img_0848,img_849.png,mar_y_oceano,ilustracion_plana_color,738,348,ilustracion de mar,OpenClipart,jesus_fuentes,0ee2c2c1fe47364bb427cec83f721472f89c4132
jesus_fuentes_img_0849,img_850.png,mar_y_oceano,ilustracion_plana_color,554,554,ilustracion de mar,OpenClipart,jesus_fuentes,a66545ffefa5dde833756cfd824b0d1ef5162fbb
jesus_fuentes_img_0850,img_851.png,mar_y_oceano,ilustracion_plana_color,432,288,ilustracion de mar,OpenClipart,jesus_fuentes,08f02c45d9bd8461dada09d1c52d75c1abf1b207
jesus_fuentes_img_0851,img_852.png,mar_y_oceano,ilustracion_plana_color,696,280,ilustracion de mar,OpenClipart,jesus_fuentes,0b7df674d59234f3a89b847ab0eb2499f781f0a7
jesus_fuentes_img_0852,img_853.png,mar_y_oceano,ilustracion_plana_color,554,554,ilustracion de mar,OpenClipart,jesus_fuentes,361bb51597c37b9b027575e5d3a96e71459a38e5
jesus_fuentes_img_0853,img_854.png,mar_y_oceano,ilustracion_plana_color,660,464,ilustracion de mar,OpenClipart,jesus_fuentes,fb4e9ba615ab6f6f827c3fd948555b0d8fe4a417
jesus_fuentes_img_0854,img_855.png,mar_y_oceano,ilustracion_plana_color,554,554,ilustracion de mar,OpenClipart,jesus_fuentes,22ac8d3521893a484492a2513f0de41b99b78eed
jesus_fuentes_img_0855,img_856.png,mar_y_oceano,ilustracion_plana_color,554,554,ilustracion de mar,OpenClipart,jesus_fuentes,18fec41e4b789663600050ce86ff1ef16c9b0be7
jesus_fuentes_img_0856,img_857.png,mar_y_oceano,ilustracion_plana_color,733,417,ilustracion de mar,OpenClipart,jesus_fuentes,dc67cd8c01d0a4d4f730a2cbe44f69688f8d2841
jesus_fuentes_img_0857,img_858.png,mar_y_oceano,ilustracion_plana_color,447,447,ilustracion de mar,OpenClipart,jesus_fuentes,77a224e1acf2a87fbf2cee9695a9b4b41accfee5
jesus_fuentes_img_0858,img_859.png,mar_y_oceano,ilustracion_plana_color,738,369,ilustracion de mar,OpenClipart,jesus_fuentes,e6eeb3fb1626ccb16a268106ebeb17fd369eb31e
jesus_fuentes_img_0859,img_860.png,mar_y_oceano,ilustracion_plana_color,453,441,ilustracion de mar,OpenClipart,jesus_fuentes,70bebad3fa31fd68115405683723b80b7f4503b8
jesus_fuentes_img_0860,img_861.png,mar_y_oceano,ilustracion_plana_color,530,377,ilustracion de mar,OpenClipart,jesus_fuentes,e8a4e6f2cdb03301de9985bd18aaa567a30443ef
jesus_fuentes_img_0861,img_862.png,mar_y_oceano,ilustracion_plana_color,437,457,ilustracion de mar,OpenClipart,jesus_fuentes,73e42a04b86fb35a00fdd5599d3b9bc0cc778ad6
jesus_fuentes_img_0862,img_863.png,mar_y_oceano,ilustracion_plana_color,494,619,ilustracion de mar,OpenClipart,jesus_fuentes,06b46782d373abe7c7dcddc483e7ddd5eab6283b
jesus_fuentes_img_0863,img_864.png,mar_y_oceano,ilustracion_plana_color,554,554,ilustracion de mar,OpenClipart,jesus_fuentes,510c5ca84b2487d8cfd196059f5f51014fa23283
jesus_fuentes_img_0864,img_865.png,mar_y_oceano,ilustracion_plana_color,470,626,ilustracion de mar,OpenClipart,jesus_fuentes,951571250117c29f6244273e24cd09433ed5ff25
jesus_fuentes_img_0865,img_866.png,mar_y_oceano,ilustracion_plana_color,554,554,ilustracion de mar,OpenClipart,jesus_fuentes,a11f810a7f2df8312688b5cd21882e8683499f4c
jesus_fuentes_img_0866,img_867.png,mar_y_oceano,ilustracion_plana_color,554,554,ilustracion de mar,OpenClipart,jesus_fuentes,1c86ba13dfe380307b3c2d05dba7ae6ff2b7f954
jesus_fuentes_img_0867,img_868.png,mar_y_oceano,ilustracion_plana_color,566,541,ilustracion de mar,OpenClipart,jesus_fuentes,58484bf6dff50b26b44a9a90c9ef80c5d30cee9f
jesus_fuentes_img_0868,img_869.png,mar_y_oceano,ilustracion_plana_color,626,417,ilustracion de mar,OpenClipart,jesus_fuentes,338ff39cdf2822561696a0d72264fa3a5f27f179
jesus_fuentes_img_0869,img_870.png,mar_y_oceano,ilustracion_plana_color,561,356,ilustracion de mar,OpenClipart,jesus_fuentes,2270e22c4ce23da2a62522d20fa52549a0d63801
jesus_fuentes_img_0870,img_871.png,mar_y_oceano,ilustracion_plana_color,554,552,ilustracion de mar,OpenClipart,jesus_fuentes,a140fb3476abd66c0d66daeca111a3b06c6a61fc
jesus_fuentes_img_0871,img_872.png,mar_y_oceano,ilustracion_plana_color,554,554,ilustracion de mar,OpenClipart,jesus_fuentes,be2c7b13e89502b6b39c5548a4379e6ec3d90d84
jesus_fuentes_img_0872,img_873.png,mar_y_oceano,ilustracion_plana_color,554,554,ilustracion de mar,OpenClipart,jesus_fuentes,2f07259c5b894cf24d8699a3e5aaa361404be87a
jesus_fuentes_img_0873,img_874.png,mar_y_oceano,ilustracion_plana_color,547,365,ilustracion de mar,OpenClipart,jesus_fuentes,d11dca0c9b920fd6ecea94636afd5a514d0f2c29
jesus_fuentes_img_0874,img_875.png,mar_y_oceano,ilustracion_plana_color,554,554,ilustracion de mar,OpenClipart,jesus_fuentes,786590ddde09d861bb740f86168c0055d7ece023
jesus_fuentes_img_0875,img_876.png,mar_y_oceano,ilustracion_plana_color,447,447,ilustracion de mar,OpenClipart,jesus_fuentes,dc338751bf7994a438bb36214bae198fb1d03390
jesus_fuentes_img_0876,img_877.png,mar_y_oceano,ilustracion_plana_color,554,554,ilustracion de mar,OpenClipart,jesus_fuentes,516892db667d68d822d1f69f5bfa32780473f107
jesus_fuentes_img_0877,img_878.png,mar_y_oceano,ilustracion_plana_color,199,254,ilustracion de mar,OpenClipart,jesus_fuentes,ad46982b3d49e4cb31c3dd86f1dec67dd41707fc
jesus_fuentes_img_0878,img_879.png,mar_y_oceano,ilustracion_plana_color,554,554,ilustracion de mar,OpenClipart,jesus_fuentes,125b1fa72e01f894bd1487acf31f875637accc0e
jesus_fuentes_img_0879,img_880.png,mar_y_oceano,ilustracion_plana_color,554,554,ilustracion de mar,OpenClipart,jesus_fuentes,8199cadde83ec81178c66ef7cc4a9cb3ea4579d7
jesus_fuentes_img_0880,img_881.png,mar_y_oceano,ilustracion_plana_color,600,400,ilustracion de mar,OpenClipart,jesus_fuentes,4348f678a6b213077611aecec54138e8489e8136
jesus_fuentes_img_0881,img_882.png,mar_y_oceano,ilustracion_plana_color,236,236,ilustracion de mar,OpenClipart,jesus_fuentes,7991d508b92aafdcadafd746f775589e4d7b8ed8
jesus_fuentes_img_0882,img_883.png,mar_y_oceano,ilustracion_plana_color,480,269,ilustracion de mar,OpenClipart,jesus_fuentes,17bdb7c104fe7daedc8120caeab0f76ea4e37400
jesus_fuentes_img_0883,img_884.png,mar_y_oceano,ilustracion_plana_color,447,447,ilustracion de mar,OpenClipart,jesus_fuentes,8afca9c4857f930a15b682fb8866ae880d11b7c5
jesus_fuentes_img_0884,img_885.png,mar_y_oceano,ilustracion_plana_color,225,225,ilustracion de mar,OpenClipart,jesus_fuentes,8088c20d83b58ecdb163450c80ecf9e436e49bcc
jesus_fuentes_img_0885,img_886.png,mar_y_oceano,ilustracion_plana_color,278,181,ilustracion de mar,OpenClipart,jesus_fuentes,29070ecc1da3384cf27f3895de7c1e78ece4418a
jesus_fuentes_img_0886,img_887.png,mar_y_oceano,ilustracion_plana_color,554,554,ilustracion de mar,OpenClipart,jesus_fuentes,2713ce27b23d47f83db7a4eac46b8cf250b5b077
jesus_fuentes_img_0887,img_888.png,mar_y_oceano,ilustracion_plana_color,452,678,ilustracion de mar,OpenClipart,jesus_fuentes,c852a1aadde3eee38e4b4a0293e77750e4a8e768
jesus_fuentes_img_0888,img_889.png,mar_y_oceano,ilustracion_plana_color,554,554,ilustracion de mar,OpenClipart,jesus_fuentes,9566d05888d0b2cf5418c555179c940aa504cd8e
jesus_fuentes_img_0889,img_890.png,mar_y_oceano,ilustracion_plana_color,468,654,ilustracion de mar,OpenClipart,jesus_fuentes,bae3fa950f12dfe8160d6083a27047dec116c131
jesus_fuentes_img_0890,img_891.png,mar_y_oceano,ilustracion_plana_color,348,307,ilustracion de mar,OpenClipart,jesus_fuentes,8a4058b723ef8c9a2e9c31d2a2001f329427744b
jesus_fuentes_img_0891,img_892.png,mar_y_oceano,ilustracion_plana_color,679,450,ilustracion de mar,OpenClipart,jesus_fuentes,efea92dc192b5b8b97e23af23d0ee4d7b4b2a8bf
jesus_fuentes_img_0892,img_893.png,mar_y_oceano,ilustracion_plana_color,738,411,ilustracion de mar,OpenClipart,jesus_fuentes,327378002c613aff53f3c68416e87c6be364b58a
jesus_fuentes_img_0893,img_894.png,mar_y_oceano,ilustracion_plana_color,738,414,ilustracion de mar,OpenClipart,jesus_fuentes,2cf0105ee8f48c6a9a57540c72de4e8abbbb4693
jesus_fuentes_img_0894,img_895.png,mar_y_oceano,ilustracion_plana_color,554,554,ilustracion de mar,OpenClipart,jesus_fuentes,a9fbd38197ed5ea7873ecb24184ef443d8f67957
jesus_fuentes_img_0895,img_896.png,mar_y_oceano,ilustracion_plana_color,225,225,ilustracion de mar,OpenClipart,jesus_fuentes,ce6cc56a17ffd020a9acae71bdf9489831b6b08f
jesus_fuentes_img_0896,img_897.png,mar_y_oceano,ilustracion_plana_color,348,464,ilustracion de mar,OpenClipart,jesus_fuentes,9a206990ae19ca1dda92c19bf4e488cc84d91501
jesus_fuentes_img_0897,img_898.png,mar_y_oceano,ilustracion_plana_color,330,500,ilustracion de mar,OpenClipart,jesus_fuentes,764f6055f0fb2ca01810773b01cb730f1313a13a
jesus_fuentes_img_0898,img_899.png,mar_y_oceano,ilustracion_plana_color,554,554,ilustracion de mar,OpenClipart,jesus_fuentes,15eb638e6158d2936335c581aebdfa2bf0960544
jesus_fuentes_img_0899,img_900.png,mar_y_oceano,ilustracion_plana_color,225,225,ilustracion de mar,OpenClipart,jesus_fuentes,6ae7b12a1983c1b2afd25b884c575f047a4339d6
jesus_fuentes_img_0900,img_901.png,mar_y_oceano,ilustracion_plana_color,550,557,ilustracion de mar,OpenClipart,jesus_fuentes,056f5c219467c294f85bf13fcaa51c7067019922
jesus_fuentes_img_0901,img_901_116.png,mar_y_oceano,ilustracion_plana_color,554,554,ilustracion de mar,OpenClipart,jesus_fuentes,2fdd682d7bd0876e27d1ccda3b197e4fe8f83e17
jesus_fuentes_img_0902,img_901_208.png,mar_y_oceano,ilustracion_plana_color,472,650,ilustracion de mar,OpenClipart,jesus_fuentes,f55e0b9284cd93b980b545a3f8c0461e7489914b
jesus_fuentes_img_0903,img_902.png,mar_y_oceano,ilustracion_plana_color,554,554,ilustracion de mar,OpenClipart,jesus_fuentes,9a4a723ea012a325a843dd143ef0dd63273641c3
jesus_fuentes_img_0904,img_903.png,mar_y_oceano,ilustracion_plana_color,554,554,ilustracion de mar,OpenClipart,jesus_fuentes,84c0daa8f43a0f85ac0234784acd59b2bc362c06
jesus_fuentes_img_0905,img_904.png,mar_y_oceano,ilustracion_plana_color,700,350,ilustracion de mar,OpenClipart,jesus_fuentes,1c8703ba128dbfc1e8e89747cf7f446bd9988613
jesus_fuentes_img_0907,img_906.png,mar_y_oceano,ilustracion_plana_color,554,554,ilustracion de mar,OpenClipart,jesus_fuentes,6f7628b1595617ed90670150d83d2c226253080b
jesus_fuentes_img_0908,img_907.png,mar_y_oceano,ilustracion_plana_color,659,466,ilustracion de mar,OpenClipart,jesus_fuentes,ca94136d5ca5191891c9ed90c7d3f2a88d12a205
jesus_fuentes_img_0909,img_908.png,mar_y_oceano,ilustracion_plana_color,360,555,ilustracion de mar,OpenClipart,jesus_fuentes,64bbfdd5ec9a0c48411d8ef5ccfe68ecb5c97e3a
jesus_fuentes_img_0910,img_909.png,mar_y_oceano,ilustracion_plana_color,447,447,ilustracion de mar,OpenClipart,jesus_fuentes,807d914e6d989cd57b31394382980b11d00c24b1
jesus_fuentes_img_0911,img_910.png,mar_y_oceano,ilustracion_plana_color,554,554,ilustracion de mar,OpenClipart,jesus_fuentes,5376c49c58a7ffc2433bfffde7f09e36d50a66b0
jesus_fuentes_img_0912,img_911.png,mar_y_oceano,ilustracion_plana_color,658,465,ilustracion de mar,OpenClipart,jesus_fuentes,3459109613e1f6822ac435d1cb2b1088421c1b77
jesus_fuentes_img_0913,img_912.png,mar_y_oceano,ilustracion_plana_color,475,280,ilustracion de mar,OpenClipart,jesus_fuentes,e1e7ca96f273e6715544bdbc78333e6485f7fa36
jesus_fuentes_img_0915,img_914.png,mar_y_oceano,ilustracion_plana_color,260,280,ilustracion de mar,OpenClipart,jesus_fuentes,d8d8253563c0905d9e5b9b233b6c1475942f43e6
jesus_fuentes_img_0916,img_915.png,mar_y_oceano,ilustracion_plana_color,604,506,ilustracion de mar,OpenClipart,jesus_fuentes,98becb892abaf9042722257cd107ffd9af7189d7
jesus_fuentes_img_0917,img_916.png,mar_y_oceano,ilustracion_plana_color,447,447,ilustracion de mar,OpenClipart,jesus_fuentes,e39d20cebe4d5cbcf19d175bd50f08478f6151cd
jesus_fuentes_img_0918,img_917.png,mar_y_oceano,ilustracion_plana_color,713,429,ilustracion de mar,OpenClipart,jesus_fuentes,93e07b548028fe4289b73408e04d4de670ad39b9
jesus_fuentes_img_0919,img_918.png,mar_y_oceano,ilustracion_plana_color,260,280,ilustracion de mar,OpenClipart,jesus_fuentes,6d0010c6bab74cfd01c439cfe07f75a75fc3d562
jesus_fuentes_img_0920,img_919.png,mar_y_oceano,ilustracion_plana_color,626,384,ilustracion de mar,OpenClipart,jesus_fuentes,02d5c8daa38dc09089e495a1ef68e3a2e4cd79b7
jesus_fuentes_img_0921,img_920.png,mar_y_oceano,ilustracion_plana_color,724,424,ilustracion de mar,OpenClipart,jesus_fuentes,b26647db2d4be4ea7d07b7d124c0c27b0ec11f3f
jesus_fuentes_img_0922,img_921.png,mar_y_oceano,ilustracion_plana_color,554,554,ilustracion de mar,OpenClipart,jesus_fuentes,ee61c3bd9074b2da362151d3d61a03dfbd122596
jesus_fuentes_img_0923,img_922.png,mar_y_oceano,ilustracion_plana_color,447,447,ilustracion de mar,OpenClipart,jesus_fuentes,e276efaea9a3215dc5e69f88ac0788b6d68fa17a
jesus_fuentes_img_0924,img_923.png,mar_y_oceano,ilustracion_plana_color,360,360,ilustracion de mar,OpenClipart,jesus_fuentes,ff5aca000aca39920412ddcd388a63383bf60100
jesus_fuentes_img_0925,img_924.png,mar_y_oceano,ilustracion_plana_color,585,523,ilustracion de mar,OpenClipart,jesus_fuentes,b602d552e85c99ee6512f2f64e3356f284524579
jesus_fuentes_img_0926,img_925.png,mar_y_oceano,ilustracion_plana_color,260,280,ilustracion de mar,OpenClipart,jesus_fuentes,7fc67937553b988f3cf0a47e8c296990ec801efa
jesus_fuentes_img_0927,img_926.png,mar_y_oceano,ilustracion_plana_color,554,554,ilustracion de mar,OpenClipart,jesus_fuentes,0edbfac7885472e10b8efd9e081762f6185d3311
jesus_fuentes_img_0928,img_927.png,mar_y_oceano,ilustracion_plana_color,360,240,ilustracion de mar,OpenClipart,jesus_fuentes,a66bcabe36d274d1a46d58797edb110e948f1c33
jesus_fuentes_img_0929,img_928.png,mar_y_oceano,ilustracion_plana_color,554,554,ilustracion de mar,OpenClipart,jesus_fuentes,fb957d0d5edcb1b6f8987ddbd64edce338e2c1c2
jesus_fuentes_img_0930,img_929.png,mar_y_oceano,ilustracion_plana_color,678,452,ilustracion de mar,OpenClipart,jesus_fuentes,adb50fbc7c27a7c6994ddcd9dc5c5115f3cda832
jesus_fuentes_img_0931,img_930.png,mar_y_oceano,ilustracion_plana_color,606,505,ilustracion de mar,OpenClipart,jesus_fuentes,d71be2c87184d725596b95cabaa502d3bfa1eb0a
jesus_fuentes_img_0932,img_931.png,mar_y_oceano,ilustracion_plana_color,738,369,ilustracion de mar,OpenClipart,jesus_fuentes,4c09b0dba5d51f88f489889b54fbefdd2c38b783
jesus_fuentes_img_0933,img_932.png,mar_y_oceano,ilustracion_plana_color,554,554,ilustracion de mar,OpenClipart,jesus_fuentes,8b1fd4c977da634ae834e8733a78ba8130501a8d
jesus_fuentes_img_0934,img_933.png,mar_y_oceano,ilustracion_plana_color,554,554,ilustracion de mar,OpenClipart,jesus_fuentes,7e443c4239bddfd7cce389a311099dbd854958ca
jesus_fuentes_img_0935,img_934.png,mar_y_oceano,ilustracion_plana_color,512,512,ilustracion de mar,OpenClipart,jesus_fuentes,6c4bbe5c244c4f825095f28f3111503369cffecb
jesus_fuentes_img_0936,img_935.png,mar_y_oceano,ilustracion_plana_color,236,354,ilustracion de mar,OpenClipart,jesus_fuentes,3de3120c61ac0e9b9b8389b8b08e3fffb92258f8
jesus_fuentes_img_0937,img_936.png,mar_y_oceano,ilustracion_plana_color,531,376,ilustracion de mar,OpenClipart,jesus_fuentes,c286e280f3e0343fcb42bab74149861e848dc750
jesus_fuentes_img_0938,img_937.png,mar_y_oceano,ilustracion_plana_color,515,388,ilustracion de mar,OpenClipart,jesus_fuentes,58089fa4bda422edd072687ad64e1b9b61df3411
jesus_fuentes_img_0939,img_938.png,mar_y_oceano,ilustracion_plana_color,554,554,ilustracion de mar,OpenClipart,jesus_fuentes,0f751114d535e3ea3b31b9b81caa0521039dfc88
jesus_fuentes_img_0940,img_939.png,mar_y_oceano,ilustracion_plana_color,554,554,ilustracion de mar,OpenClipart,jesus_fuentes,bee0b8e29d800722cccaf5c41154215e10af4b5e
jesus_fuentes_img_0941,img_940.png,mar_y_oceano,ilustracion_plana_color,447,447,ilustracion de mar,OpenClipart,jesus_fuentes,e287c3f316160d94fd0863022c3fc3453f99dbc7
jesus_fuentes_img_0942,img_941.png,mar_y_oceano,ilustracion_plana_color,441,453,ilustracion de mar,OpenClipart,jesus_fuentes,8f27519f3b513edd2159d4c55f999c2282263d3b
jesus_fuentes_img_0943,img_942.png,mar_y_oceano,ilustracion_plana_color,554,554,ilustracion de mar,OpenClipart,jesus_fuentes,2ffc829801149a8b070bf3158a5818c5f7615003
jesus_fuentes_img_0944,img_943.png,mar_y_oceano,ilustracion_plana_color,622,349,ilustracion de mar,OpenClipart,jesus_fuentes,d1fc0319092d2cb0705adc070d981ceee72b2b80
jesus_fuentes_img_0945,img_944.png,mar_y_oceano,ilustracion_plana_color,360,360,ilustracion de mar,OpenClipart,jesus_fuentes,922be5adc4e2cebf7729c0af725a22cd1c5bacae
jesus_fuentes_img_0946,img_945.png,mar_y_oceano,ilustracion_plana_color,350,350,ilustracion de mar,OpenClipart,jesus_fuentes,6af152080c506c019db56389d435e4b9c9381a8a
jesus_fuentes_img_0947,img_946.png,mar_y_oceano,ilustracion_plana_color,547,365,ilustracion de mar,OpenClipart,jesus_fuentes,a86c9b4df5b52b07e7b2db5ebcb8579ff07ec9fa
jesus_fuentes_img_0948,img_947.png,mar_y_oceano,ilustracion_plana_color,662,463,ilustracion de mar,OpenClipart,jesus_fuentes,f33d1b76dc705dd41439797e3501ab0fef40d346
jesus_fuentes_img_0949,img_948.png,mar_y_oceano,ilustracion_plana_color,462,432,ilustracion de mar,OpenClipart,jesus_fuentes,d7fd78d659dcca0dfa19f6bef541720304328863
jesus_fuentes_img_0950,img_949.png,mar_y_oceano,ilustracion_plana_color,618,495,ilustracion de mar,OpenClipart,jesus_fuentes,d512c75681c2596eb2d864447ce35f8bc5aa4cc3
jesus_fuentes_img_0951,img_950.png,mar_y_oceano,ilustracion_plana_color,350,350,ilustracion de mar,OpenClipart,jesus_fuentes,9e2bc4694b0ba218b13f10bfd14458c3e01d3b54
jesus_fuentes_img_0952,img_951.png,mar_y_oceano,ilustracion_plana_color,626,351,ilustracion de mar,OpenClipart,jesus_fuentes,d54da85b127f3efdf8184e7a227a532cad711f71
jesus_fuentes_img_0953,img_952.png,mar_y_oceano,ilustracion_plana_color,554,554,ilustracion de mar,OpenClipart,jesus_fuentes,74eccbe6477281140c545166eb8f48ae4fab01bb
jesus_fuentes_img_0954,img_953.png,mar_y_oceano,ilustracion_plana_color,515,388,ilustracion de mar,OpenClipart,jesus_fuentes,f1067b613edaa1ab6cdee6b93167c93dc8ee0e78
jesus_fuentes_img_0955,img_954.png,mar_y_oceano,ilustracion_plana_color,554,554,ilustracion de mar,OpenClipart,jesus_fuentes,b63a2ead008f64c224c36753f175bad699b4943f
jesus_fuentes_img_0956,img_955.png,mar_y_oceano,ilustracion_plana_color,554,554,ilustracion de mar,OpenClipart,jesus_fuentes,c284c4d3cd876609f26fa564050d9335f890c200
jesus_fuentes_img_0957,img_956.png,mar_y_oceano,ilustracion_plana_color,547,365,ilustracion de mar,OpenClipart,jesus_fuentes,4774798d1fc814d30173c1ebb768160e24390228
jesus_fuentes_img_0958,img_957.png,mar_y_oceano,ilustracion_plana_color,669,457,ilustracion de mar,OpenClipart,jesus_fuentes,8610b5c5eb9699810a5a18ef19ee67aca683b543
jesus_fuentes_img_0959,img_958.png,mar_y_oceano,ilustracion_plana_color,712,431,ilustracion de mar,OpenClipart,jesus_fuentes,10a4375474b3389653533a746be97b51e7981562
jesus_fuentes_img_0960,img_959.png,mar_y_oceano,ilustracion_plana_color,260,280,ilustracion de mar,OpenClipart,jesus_fuentes,3cce66443fa3f152d54d93c801533897d88f9ced
jesus_fuentes_img_0961,img_960.png,mar_y_oceano,ilustracion_plana_color,673,350,ilustracion de mar,OpenClipart,jesus_fuentes,5520e10edc50970099fc4aabc7169ba6c4708352
jesus_fuentes_img_0962,img_961.png,mar_y_oceano,ilustracion_plana_color,360,360,ilustracion de mar,OpenClipart,jesus_fuentes,0b6c92bdc0b40dd9fbf10b1debf4ba03bc9e8f3c
jesus_fuentes_img_0963,img_962.png,mar_y_oceano,ilustracion_plana_color,499,400,ilustracion de mar,OpenClipart,jesus_fuentes,20137df8751be9f23f6d98f79f625992b1e3aad2
jesus_fuentes_img_0964,img_963.png,mar_y_oceano,ilustracion_plana_color,243,350,ilustracion de mar,OpenClipart,jesus_fuentes,d603b54f108fa115b55b3f3c7efc5dd7f4a7e5b6
jesus_fuentes_img_0966,img_965.png,mar_y_oceano,ilustracion_plana_color,346,280,ilustracion de mar,OpenClipart,jesus_fuentes,df9a72a9528dc13fc9c96937af207719371a6e01
jesus_fuentes_img_0967,img_966.png,mar_y_oceano,ilustracion_plana_color,360,360,ilustracion de mar,OpenClipart,jesus_fuentes,4cac7c3aa357f1e6c2dafb24a11a74361ac3aedb
jesus_fuentes_img_0968,img_967.png,mar_y_oceano,ilustracion_plana_color,738,414,ilustracion de mar,OpenClipart,jesus_fuentes,867ccc82b57ed06fad908ecc3710ecb42700d8d6
jesus_fuentes_img_0969,img_968.png,mar_y_oceano,ilustracion_plana_color,738,414,ilustracion de mar,OpenClipart,jesus_fuentes,af31e7db2ac56f1c301568dc6f774d9c255473df
jesus_fuentes_img_0970,img_969.png,mar_y_oceano,ilustracion_plana_color,544,349,ilustracion de mar,OpenClipart,jesus_fuentes,2536117cd4b3835288eb8a30e1ad6009ecee5a3f
jesus_fuentes_img_0971,img_970.png,mar_y_oceano,ilustracion_plana_color,606,505,ilustracion de mar,OpenClipart,jesus_fuentes,20823e687e31e5f18b40500e6df05233d0bc57bb
jesus_fuentes_img_0973,img_972.png,mar_y_oceano,ilustracion_plana_color,606,505,ilustracion de mar,OpenClipart,jesus_fuentes,3d8898695b283631507bb27526a82577065246a7
jesus_fuentes_img_0974,img_973.png,mar_y_oceano,ilustracion_plana_color,504,350,ilustracion de mar,OpenClipart,jesus_fuentes,e192e7088b6e08f059170ba2dd1caea44aee2ac1
jesus_fuentes_img_0975,img_974.png,mar_y_oceano,ilustracion_plana_color,666,460,ilustracion de mar,OpenClipart,jesus_fuentes,6e338fac2f340fef1030ff27e3b501176a59bc8d
jesus_fuentes_img_0976,img_975.png,mar_y_oceano,ilustracion_plana_color,236,236,ilustracion de mar,OpenClipart,jesus_fuentes,c225244f6731125950633c33548a61da48ae07ae
jesus_fuentes_img_0978,img_977.png,mar_y_oceano,ilustracion_plana_color,219,280,ilustracion de mar,OpenClipart,jesus_fuentes,3904fb2b0dcebc7a2e839ca13a35928c2759a30e
jesus_fuentes_img_0979,img_978.png,mar_y_oceano,ilustracion_plana_color,236,236,ilustracion de mar,OpenClipart,jesus_fuentes,d5759768ce54007a0ab4cf9d673652ece6f37598
jesus_fuentes_img_0980,img_979.png,mar_y_oceano,ilustracion_plana_color,360,360,ilustracion de mar,OpenClipart,jesus_fuentes,739828f6e844e3fcefc4a25a3c46067ee1262662
jesus_fuentes_img_0981,img_980.png,mar_y_oceano,ilustracion_plana_color,243,350,ilustracion de mar,OpenClipart,jesus_fuentes,ced28aa1ffaeb9547e0e194974ca2b8b396c9fd0
jesus_fuentes_img_0982,img_981.png,mar_y_oceano,ilustracion_plana_color,360,360,ilustracion de mar,OpenClipart,jesus_fuentes,5eb6584f7f4341d73671d0e373f3e03b35cc435a
jesus_fuentes_img_0983,img_982.png,mar_y_oceano,ilustracion_plana_color,694,440,ilustracion de mar,OpenClipart,jesus_fuentes,95c5de41a7401797808119e09272ffbb44787a1a
jesus_fuentes_img_0984,img_983.png,mar_y_oceano,ilustracion_plana_color,260,280,ilustracion de mar,OpenClipart,jesus_fuentes,4c3d093f3db844896cf7441c0f9f607d88ff5f2d
jesus_fuentes_img_0985,img_984.png,mar_y_oceano,ilustracion_plana_color,646,473,ilustracion de mar,OpenClipart,jesus_fuentes,14693c7a86938c092ba7dd9cd23ef00fcd29f9e5
jesus_fuentes_img_0986,img_985.png,mar_y_oceano,ilustracion_plana_color,554,554,ilustracion de mar,OpenClipart,jesus_fuentes,fbeef4748bdc1523b8eccbdf7f056bc9ddfaf0c6
jesus_fuentes_img_0987,img_986.png,mar_y_oceano,ilustracion_plana_color,360,360,ilustracion de mar,OpenClipart,jesus_fuentes,9a29acf8918b93865bb922f4c1488d02be54f83d
jesus_fuentes_img_0988,img_987.png,mar_y_oceano,ilustracion_plana_color,606,505,ilustracion de mar,OpenClipart,jesus_fuentes,b42ccc8fe7529e6c5ecd8c3c478bfd81c5b4b7be
jesus_fuentes_img_0989,img_988.png,mar_y_oceano,ilustracion_plana_color,360,360,ilustracion de mar,OpenClipart,jesus_fuentes,caad3083531b9f23a3bae3d967af27ccdb66328d
jesus_fuentes_img_0990,img_989.png,mar_y_oceano,ilustracion_plana_color,260,280,ilustracion de mar,OpenClipart,jesus_fuentes,b9bebe3566af266dcfb121215469ec56e679e6ac
jesus_fuentes_img_0991,img_990.png,mar_y_oceano,ilustracion_plana_color,350,350,ilustracion de mar,OpenClipart,jesus_fuentes,ccc61fe2051be0b22388cf2edab25e01af158750
jesus_fuentes_img_0992,img_991.png,mar_y_oceano,ilustracion_plana_color,702,437,ilustracion de mar,OpenClipart,jesus_fuentes,aedd1f60fc720f668a82b0385cd1c74425d282c0
jesus_fuentes_img_0994,img_993.png,mar_y_oceano,ilustracion_plana_color,554,554,ilustracion de mar,OpenClipart,jesus_fuentes,dac559c002f9084199b8c65aedba805b4dc3ed82
jesus_fuentes_img_0995,img_994.png,mar_y_oceano,ilustracion_plana_color,304,172,ilustracion de mar,OpenClipart,jesus_fuentes,3dd3728cf6f1b2c198fd2c2f138dcc837e5f4c4a
jesus_fuentes_img_0996,img_995.png,mar_y_oceano,ilustracion_plana_color,738,345,ilustracion de mar,OpenClipart,jesus_fuentes,09ec1e1043ff076353e64a1805818c65aede201c
jesus_fuentes_img_0997,img_996.png,mar_y_oceano,ilustracion_plana_color,554,554,ilustracion de mar,OpenClipart,jesus_fuentes,f63bda68b428f1146c4f53748c61ba43788473ce
jesus_fuentes_img_0998,img_997.png,mar_y_oceano,ilustracion_plana_color,554,554,ilustracion de mar,OpenClipart,jesus_fuentes,bce4b57879545522520e1b5ff523c4e5b0d2ca5b
jesus_fuentes_img_0999,img_998.png,mar_y_oceano,ilustracion_plana_color,554,554,ilustracion de mar,OpenClipart,jesus_fuentes,2e5d193915916812e3f4ddbf4d6d7da0d632ce29
jesus_fuentes_img_1000,img_999.png,mar_y_oceano,ilustracion_plana_color,706,433,ilustracion de mar,OpenClipart,jesus_fuentes,e5a8d9d9793c1539258c3cca96a38b18b52ccfcd
