id,archivo,tematica,estilo,ancho,alto,descripcion,fuente,recolector,hash_imagen
axel_mendoza_img_0001,img_001.png,robots_y_tecnologia,ilustracion_plana_color,64,64,ilustración de robot neón,Wikimedia Commons,axel_mendoza,e0774cad4d3703ffb9d48564e938f642cd7118f5
axel_mendoza_img_0002,img_002.png,robots_y_tecnologia,ilustracion_plana_color,64,64,clipart con mecha futurista de frente,Wikimedia Commons,axel_mendoza,eba7e4e10456c126cbb5441f94c773d83f98787a
axel_mendoza_img_0003,img_003.png,robots_y_tecnologia,ilustracion_plana_color,64,64,gráfico de robot volando,Wikimedia Commons,axel_mendoza,ec03d7aed198c35c8b2d4ce402f1423ebb510212
axel_mendoza_img_0004,img_004.png,robots_y_tecnologia,ilustracion_plana_color,64,64,imagen con máquina autónoma minimalista con circuitos,Wikimedia Commons,axel_mendoza,0c204856bdb9bd14acdbc4c74eca67ad1837be6a
axel_mendoza_img_0005,img_005.png,robots_y_tecnologia,ilustracion_plana_color,64,64,viñeta con robot de juguete caricaturesco caminando,Wikimedia Commons,axel_mendoza,f9cfc9246500d5198e6823f9300dfd2b2e2ae036
axel_mendoza_img_0006,img_006.png,robots_y_tecnologia,ilustracion_plana_color,64,64,gráfico de robot de servicio caricaturesco,Wikimedia Commons,axel_mendoza,3e9b91f18eb4f2fcfbadc481b485e5f579775fc6
axel_mendoza_img_0007,img_007.png,robots_y_tecnologia,ilustracion_plana_color,64,64,figura de androide de cuerpo entero,Wikimedia Commons,axel_mendoza,75fefb229a614feb2846395a607bb9cef4e9ba89
axel_mendoza_img_0008,img_008.png,robots_y_tecnologia,ilustracion_plana_color,64,64,figura de robot de juguete pequeño con engranajes,Wikimedia Commons,axel_mendoza,151bb94a89218e3a4a56774784d2e438cda230f5
axel_mendoza_img_0009,img_009.png,robots_y_tecnologia,ilustracion_plana_color,64,64,ilustración de robot guerrero en el espacio,Wikimedia Commons,axel_mendoza,84300e788ccd27f1322e9816ad3488152bab6d90
axel_mendoza_img_0010,img_010.png,robots_y_tecnologia,ilustracion_plana_color,64,64,figura de robot de juguete mediano,Wikimedia Commons,axel_mendoza,a858fa4f4c181bbd7abd06531775fc709b8f08bb
axel_mendoza_img_0011,img_011.png,robots_y_tecnologia,ilustracion_plana_color,64,64,icono de robot explorador caricaturesco,Wikimedia Commons,axel_mendoza,7d6f1686590312e03ccef381c061265d1f58fb9a
axel_mendoza_img_0012,img_012.png,robots_y_tecnologia,ilustracion_plana_color,64,64,ilustración de robot guerrero icono pequeño,Wikimedia Commons,axel_mendoza,1064ce151ca2122e874e5511c78c70dd07f5aae6
axel_mendoza_img_0013,img_013.png,robots_y_tecnologia,ilustracion_plana_color,64,64,figura de robot de servicio minimalista de frente,Wikimedia Commons,axel_mendoza,8a3fa9c3f882a4f4e708b8d883862944fcb6aa0b
axel_mendoza_img_0014,img_014.png,robots_y_tecnologia,ilustracion_plana_color,64,64,clipart con máquina autónoma caminando,Wikimedia Commons,axel_mendoza,463937f9b7fab28aa958c532db341181fe8fcbab
axel_mendoza_img_0015,img_015.png,robots_y_tecnologia,ilustracion_plana_color,64,64,gráfico de robot espacial geométrico figura grande,Wikimedia Commons,axel_mendoza,fca7e27e0c9a847228f52afeb4a05bb027657cb3
axel_mendoza_img_0016,img_016.png,robots_y_tecnologia,ilustracion_plana_color,64,64,figura de robot explorador metálico,Wikimedia Commons,axel_mendoza,9b6ae6a4057bc830ff62b831720c6230b8bf8f74
axel_mendoza_img_0017,img_017.png,robots_y_tecnologia,ilustracion_plana_color,64,64,imagen con robot explorador de cuerpo entero,Wikimedia Commons,axel_mendoza,418637992293280e3332df3329ab27dbf62541a4
axel_mendoza_img_0018,img_018.png,robots_y_tecnologia,ilustracion_plana_color,64,64,icono de robot de juguete geométrico en primer plano volando,Wikimedia Commons,axel_mendoza,65e94186d34df12fae496f034f0e2804cdb7ada7
axel_mendoza_img_0019,img_019.png,robots_y_tecnologia,ilustracion_plana_color,64,64,viñeta con robot guerrero geométrico,Wikimedia Commons,axel_mendoza,2feabc917d75dd7ccf91b41ccbd91d08acdca4d6
axel_mendoza_img_0020,img_020.png,robots_y_tecnologia,ilustracion_plana_color,64,64,clipart con robot industrial figura grande con luz de neón,Wikimedia Commons,axel_mendoza,24f98c2dbf6edfe75b57f7a20e802200f9035358
axel_mendoza_img_0021,img_021.png,robots_y_tecnologia,ilustracion_plana_color,64,64,gráfico de robot de juguete en primer plano trabajando,Wikimedia Commons,axel_mendoza,d87e2b12ee0d7f8f32cab9f46016337f2ed9dba6
axel_mendoza_img_0022,img_022.png,robots_y_tecnologia,ilustracion_plana_color,64,64,viñeta con androide metálico de perfil,Wikimedia Commons,axel_mendoza,91ac83e11d3e7865034fbf7a99fd654755ae4a10
axel_mendoza_img_0023,img_023.png,robots_y_tecnologia,ilustracion_plana_color,64,64,clipart con robot explorador vintage con pantalla,Wikimedia Commons,axel_mendoza,57e0b7c7170d7caaa8b69e33e30c141b337bd370
axel_mendoza_img_0024,img_024.png,robots_y_tecnologia,ilustracion_plana_color,64,64,gráfico de robot guerrero moderno icono pequeño estático,Wikimedia Commons,axel_mendoza,7ff3fc652d68c52cb6842aa3e5831ad74ea9bcda
axel_mendoza_img_0025,img_025.png,robots_y_tecnologia,ilustracion_plana_color,64,64,imagen con robot cartoon mediano con luz de neón,Wikimedia Commons,axel_mendoza,3a8109fc73869501425c1b69f8b256de05f2e0b0
axel_mendoza_img_0026,img_026.png,robots_y_tecnologia,ilustracion_plana_color,64,64,dibujo de robot explorador en primer plano,Wikimedia Commons,axel_mendoza,2f3336575fcd49ac5ea39dc2e3f01bc8de797b6f
axel_mendoza_img_0027,img_027.png,robots_y_tecnologia,ilustracion_plana_color,64,64,gráfico de robot humanoide pequeño con herramientas,Wikimedia Commons,axel_mendoza,3d4b24bcd563e47c7c8010fb3e4f5402152b1b7c
axel_mendoza_img_0028,img_028.png,robots_y_tecnologia,ilustracion_plana_color,64,64,clipart con máquina autónoma en el espacio,Wikimedia Commons,axel_mendoza,bc3b27cf26fa7d8ef34491d95e865f376852c699
axel_mendoza_img_0029,img_029.png,robots_y_tecnologia,ilustracion_plana_color,64,64,icono de robot humanoide grande,Wikimedia Commons,axel_mendoza,86a9516f86a54122557f37e6059545aef76334d4
axel_mendoza_img_0030,img_030.png,robots_y_tecnologia,ilustracion_plana_color,64,64,imagen con robot de juguete icono pequeño,Wikimedia Commons,axel_mendoza,952b02ed58a3962ef2cea3514526ae72ecee5649
axel_mendoza_img_0031,img_031.png,robots_y_tecnologia,ilustracion_plana_color,64,64,figura de robot explorador caricaturesco de cuerpo completo en acción,Wikimedia Commons,axel_mendoza,4217bc72f5d39a23b3c3dc8673fef729e32e806e
axel_mendoza_img_0032,img_032.png,robots_y_tecnologia,ilustracion_plana_color,64,64,ilustración de androide neón de frente,Wikimedia Commons,axel_mendoza,756c8ae36a2a73391ec02a8740c4f917aed1b565
axel_mendoza_img_0033,img_033.png,robots_y_tecnologia,ilustracion_plana_color,64,64,clipart con robot humanoide icono pequeño,Wikimedia Commons,axel_mendoza,e72eb442d20cfbabfd983ec8c0f330176895575b
axel_mendoza_img_0034,img_034.png,robots_y_tecnologia,ilustracion_plana_color,64,64,dibujo de máquina autónoma pixelado con circuitos,Wikimedia Commons,axel_mendoza,95584ec7da0828c113fb1757822ea904e33f2568
axel_mendoza_img_0035,img_035.png,robots_y_tecnologia,ilustracion_plana_color,64,64,icono de mecha caricaturesco en fondo simple,Wikimedia Commons,axel_mendoza,8a39195f628e80c1ae0a3706aab6e1740e4663df
axel_mendoza_img_0036,img_036.png,robots_y_tecnologia,ilustracion_plana_color,64,64,viñeta con androide minimalista de cuerpo completo,Wikimedia Commons,axel_mendoza,d3adc095829f3814ad91dadb91a9253d710a6682
axel_mendoza_img_0037,img_037.png,robots_y_tecnologia,ilustracion_plana_color,64,64,imagen con robot de juguete de cuerpo completo junto a tecnología,Wikimedia Commons,axel_mendoza,818ea54b3ec4f775471ac05ff07aa7d2e7bfc9b6
axel_mendoza_img_0038,img_038.png,robots_y_tecnologia,ilustracion_plana_color,64,64,imagen con androide neón trabajando,Wikimedia Commons,axel_mendoza,3bd98f5f1a5c41862bfbc761ac95a3dc566c3a23
axel_mendoza_img_0039,img_039.png,robots_y_tecnologia,ilustracion_plana_color,64,64,imagen con robot de servicio futurista figura grande trabajando,Wikimedia Commons,axel_mendoza,1e4520b900b30e4e90d442625a65a6088b5e993e
axel_mendoza_img_0040,img_040.png,robots_y_tecnologia,ilustracion_plana_color,64,64,viñeta con robot industrial grande junto a tecnología,Wikimedia Commons,axel_mendoza,9adf03b5dafb18f80da5c52546e82366100dcdff
axel_mendoza_img_0041,img_041.png,robots_y_tecnologia,ilustracion_plana_color,64,64,viñeta con robot industrial con circuitos,Wikimedia Commons,axel_mendoza,4b1b04c117609a614fd2606b9f4d1382c78f0407
axel_mendoza_img_0042,img_042.png,robots_y_tecnologia,ilustracion_plana_color,64,64,ilustración de androide vintage en fondo simple,Wikimedia Commons,axel_mendoza,b81678e506fa771f6bfe03b78027935859ed586f
axel_mendoza_img_0043,img_043.png,robots_y_tecnologia,ilustracion_plana_color,64,64,gráfico de robot asistente pixelado pequeño,Wikimedia Commons,axel_mendoza,07a6f69f2ea9f4a1078168469d04654f4524a5a6
axel_mendoza_img_0044,img_044.png,robots_y_tecnologia,ilustracion_plana_color,64,64,gráfico de mecha plano mediano trabajando,Wikimedia Commons,axel_mendoza,0749e50fada9ef8d4f66ab6f1df547a8f2c12569
axel_mendoza_img_0045,img_045.png,robots_y_tecnologia,ilustracion_plana_color,64,64,icono de máquina autónoma en estilo clipart con circuitos,Wikimedia Commons,axel_mendoza,fb7cf8df32b6219502ed47bff95ef7c549c6fbd7
axel_mendoza_img_0046,img_046.png,robots_y_tecnologia,ilustracion_plana_color,64,64,dibujo de robot asistente minimalista con engranajes,Wikimedia Commons,axel_mendoza,7e5ac7db1067688dc473280dd4c6f5610343d05b
axel_mendoza_img_0047,img_047.png,robots_y_tecnologia,ilustracion_plana_color,64,64,ilustración de robot figura grande,Wikimedia Commons,axel_mendoza,a11cb9dbc14f90191dc7325b1f146bc07fc2d198
axel_mendoza_img_0048,img_048.png,robots_y_tecnologia,ilustracion_plana_color,64,64,icono de robot humanoide colorido icono pequeño en movimiento,Wikimedia Commons,axel_mendoza,bd452fb70cda5150173222a24d36f466e6908a46
axel_mendoza_img_0049,img_049.png,robots_y_tecnologia,ilustracion_plana_color,64,64,gráfico de robot retro portada,Wikimedia Commons,axel_mendoza,86d9ebd67d78ad71d0b59071617faa2ba3894e38
axel_mendoza_img_0050,img_050.png,robots_y_tecnologia,ilustracion_plana_color,64,64,dibujo de robot explorador metálico icono pequeño,Wikimedia Commons,axel_mendoza,987366f29fe37ba4e1068947ca394aa26260aa50
axel_mendoza_img_0051,img_051.png,robots_y_tecnologia,ilustracion_plana_color,64,64,viñeta con robot humanoide minimalista de medio cuerpo,Wikimedia Commons,axel_mendoza,6150274e84d13219903574b157b0f7639beecbe9
axel_mendoza_img_0052,img_052.png,robots_y_tecnologia,ilustracion_plana_color,64,64,imagen con mecha plano pequeño en acción,Wikimedia Commons,axel_mendoza,cd2a51b36378aae91c669221af6ea7240ecd59cd
axel_mendoza_img_0053,img_053.png,robots_y_tecnologia,ilustracion_plana_color,64,64,viñeta con máquina autónoma caminando,Wikimedia Commons,axel_mendoza,85e0711d69c94aeac653408a8b1bec506261c0f7
axel_mendoza_img_0054,img_054.png,robots_y_tecnologia,ilustracion_plana_color,64,64,ilustración de robot humanoide futurista miniatura de frente,Wikimedia Commons,axel_mendoza,1b7eb62937ea38ec4ef077080b2f66a6cbdad344
axel_mendoza_img_0055,img_055.png,robots_y_tecnologia,ilustracion_plana_color,64,64,icono de robot guerrero futurista,Wikimedia Commons,axel_mendoza,c868cf7fb24c6bc7831a36b36d234022d925873c
axel_mendoza_img_0056,img_056.png,robots_y_tecnologia,ilustracion_plana_color,64,64,imagen con robot de juguete junto a tecnología,Wikimedia Commons,axel_mendoza,4c5b9afd0eb0458196c7a3a7570308050b550acc
axel_mendoza_img_0057,img_057.png,robots_y_tecnologia,ilustracion_plana_color,64,64,figura de robot espacial trabajando,Wikimedia Commons,axel_mendoza,46c9007930494a7662c35020dab7e1a008323b58
axel_mendoza_img_0058,img_058.png,robots_y_tecnologia,ilustracion_plana_color,64,64,gráfico de robot humanoide de medio cuerpo con engranajes,Wikimedia Commons,axel_mendoza,3ecc7290625030ef4429153c6d1e9cb07dc8cbdc
axel_mendoza_img_0059,img_059.png,robots_y_tecnologia,ilustracion_plana_color,64,64,ilustración de robot miniatura junto a tecnología,Wikimedia Commons,axel_mendoza,cfebd34b99564d61e074721f8924d3feccb17a1e
axel_mendoza_img_0060,img_060.png,robots_y_tecnologia,ilustracion_plana_color,64,64,ilustración de máquina autónoma minimalista figura grande con herramientas,Wikimedia Commons,axel_mendoza,28c3cba26c404bd98d5e3bc65b48f0238a042565
axel_mendoza_img_0061,img_061.png,robots_y_tecnologia,ilustracion_plana_color,64,64,figura de androide geométrico en fondo simple,Wikimedia Commons,axel_mendoza,c3cef0982748b0bbab49177061235539f8cdd782
axel_mendoza_img_0062,img_062.png,robots_y_tecnologia,ilustracion_plana_color,64,64,clipart con robot asistente figura grande en el espacio,Wikimedia Commons,axel_mendoza,79ca7eb8fc6b25a14e785daf77ea124f2f1b996c
axel_mendoza_img_0063,img_063.png,robots_y_tecnologia,ilustracion_plana_color,64,64,imagen con robot cartoon en el espacio,Wikimedia Commons,axel_mendoza,6caf43c2056ac531e7e51316221798237ff52dda
axel_mendoza_img_0064,img_064.png,robots_y_tecnologia,ilustracion_plana_color,64,64,ilustración de robot humanoide caricaturesco,Wikimedia Commons,axel_mendoza,65b7310e87baded567d4862e84029fdc247c7d07
axel_mendoza_img_0065,img_065.png,robots_y_tecnologia,ilustracion_plana_color,64,64,clipart con robot espacial caricaturesco,Wikimedia Commons,axel_mendoza,199f96625aad26a6a84f45ef15281490a63a66cb
axel_mendoza_img_0066,img_066.png,robots_y_tecnologia,ilustracion_plana_color,64,64,figura de robot industrial vintage,Wikimedia Commons,axel_mendoza,4ba6721495b27230ba33c5fc18365c65ce302eb0
axel_mendoza_img_0067,img_067.png,robots_y_tecnologia,ilustracion_plana_color,64,64,dibujo de robot futurista de cuerpo entero,Wikimedia Commons,axel_mendoza,d3b86b6229ee1d074a9570a47233bdd485b8d5df
axel_mendoza_img_0068,img_068.png,robots_y_tecnologia,ilustracion_plana_color,64,64,imagen con robot de servicio metálico grande con herramientas,Wikimedia Commons,axel_mendoza,a3ed3a3c1647a355791127a9a50360e04dc42b2e
axel_mendoza_img_0069,img_069.png,robots_y_tecnologia,ilustracion_plana_color,64,64,viñeta con máquina autónoma neón con luz de neón,Wikimedia Commons,axel_mendoza,1bd9afbbb6dde34a5f126b4ed112be2ee9dab106
axel_mendoza_img_0070,img_070.png,robots_y_tecnologia,ilustracion_plana_color,64,64,ilustración de androide geométrico grande con luz de neón,Wikimedia Commons,axel_mendoza,ae1fd6c4a18525f9d5912f0ee19382ded8729158
axel_mendoza_img_0071,img_071.png,robots_y_tecnologia,ilustracion_plana_color,64,64,figura de robot de juguete en estilo cartoon grande con circuitos,Wikimedia Commons,axel_mendoza,0b74195a9a04335cad4815ce72ccb2d4cfe5ce11
axel_mendoza_img_0072,img_072.png,robots_y_tecnologia,ilustracion_plana_color,64,64,imagen con robot espacial plano en fondo simple,Wikimedia Commons,axel_mendoza,1a6fe228e878899df83bfc75ef15bcd0ec7a2924
axel_mendoza_img_0073,img_073.png,robots_y_tecnologia,ilustracion_plana_color,64,64,icono de robot cartoon futurista con luz de neón,Wikimedia Commons,axel_mendoza,987c9d36b22bb0dd30a10735a787d309d01b5050
axel_mendoza_img_0074,img_074.png,robots_y_tecnologia,ilustracion_plana_color,64,64,gráfico de robot de juguete grande,Wikimedia Commons,axel_mendoza,6f80bb98faff35884630bd712cdd562f100b4074
axel_mendoza_img_0075,img_075.png,robots_y_tecnologia,ilustracion_plana_color,64,64,clipart con robot explorador grande,Wikimedia Commons,axel_mendoza,20deaddeb01b9d246c79eddd0b451bed0602cb8a
axel_mendoza_img_0076,img_076.png,robots_y_tecnologia,ilustracion_plana_color,64,64,clipart con mecha geométrico en primer plano con circuitos,Wikimedia Commons,axel_mendoza,e9ec5172d124ff11f8f2ccad7afcdf2af907a4a5
axel_mendoza_img_0077,img_077.png,robots_y_tecnologia,ilustracion_plana_color,64,64,icono de robot espacial mediano,Wikimedia Commons,axel_mendoza,caf2dddc7611489ccf6fc9d0253683c8866a49d5
axel_mendoza_img_0078,img_078.png,robots_y_tecnologia,ilustracion_plana_color,64,64,imagen con robot asistente de cuerpo completo,Wikimedia Commons,axel_mendoza,e0896cce53700e93ccd2edd0313ab637ec4f0300
axel_mendoza_img_0079,img_079.png,robots_y_tecnologia,ilustracion_plana_color,64,64,dibujo de robot explorador de cuerpo completo trabajando,Wikimedia Commons,axel_mendoza,2c177e8c28f486a1b2032a971aa1939b1b58d3b8
axel_mendoza_img_0080,img_080.png,robots_y_tecnologia,ilustracion_plana_color,64,64,icono de robot guerrero plano de medio cuerpo de frente,Wikimedia Commons,axel_mendoza,f49cca9e7f520b0af6d014bf6b67882752a4deef
axel_mendoza_img_0081,img_081.png,robots_y_tecnologia,ilustracion_plana_color,64,64,dibujo de robot de servicio figura grande,Wikimedia Commons,axel_mendoza,5973bad047e17e25567678f1f581308c0bf5f7fd
axel_mendoza_img_0082,img_082.png,robots_y_tecnologia,ilustracion_plana_color,64,64,figura de robot futurista,Wikimedia Commons,axel_mendoza,0d30828a6c1702eccbccad2bc05c06b6f7505221
axel_mendoza_img_0083,img_083.png,robots_y_tecnologia,ilustracion_plana_color,64,64,dibujo de robot con circuitos,Wikimedia Commons,axel_mendoza,d1d9cb331463bf7c6d9e43355064815261142a71
axel_mendoza_img_0084,img_084.png,robots_y_tecnologia,ilustracion_plana_color,64,64,figura de robot guerrero figura grande de perfil,Wikimedia Commons,axel_mendoza,609bd6c3b45a1ba7325d37831e9c7badc211908c
axel_mendoza_img_0085,img_085.png,robots_y_tecnologia,ilustracion_plana_color,64,64,icono de robot espacial animado de cuerpo entero,Wikimedia Commons,axel_mendoza,c1b0ffd8778ed0c452b03619de618d767bf66993
axel_mendoza_img_0086,img_086.png,robots_y_tecnologia,ilustracion_plana_color,64,64,icono de robot de servicio en fondo blanco,Wikimedia Commons,axel_mendoza,ceaab91b6cd39a77501387cbfa300f66d3171a08
axel_mendoza_img_0087,img_087.png,robots_y_tecnologia,ilustracion_plana_color,64,64,figura de robot cartoon en el espacio,Wikimedia Commons,axel_mendoza,ea01eacd2b9d77baaac64805aeca4c80900a7ac1
axel_mendoza_img_0088,img_088.png,robots_y_tecnologia,ilustracion_plana_color,64,64,dibujo de robot cartoon solo,Wikimedia Commons,axel_mendoza,7f9b85e71f343e60f9e2014fbfd1d473b30a5a9d
axel_mendoza_img_0089,img_089.png,robots_y_tecnologia,ilustracion_plana_color,64,64,dibujo de máquina autónoma retro,Wikimedia Commons,axel_mendoza,f4e25e6420a7b827dfd583b1c8ea9ef92df345c1
axel_mendoza_img_0090,img_090.png,robots_y_tecnologia,ilustracion_plana_color,64,64,gráfico de robot cartoon neón,Wikimedia Commons,axel_mendoza,54cb5a25813325cdfa0ac019d3afc2139f43f4cd
axel_mendoza_img_0091,img_091.png,robots_y_tecnologia,ilustracion_plana_color,64,64,dibujo de robot guerrero en el espacio,Wikimedia Commons,axel_mendoza,e677ae89f699e1666f26da7744ee1ddff755a0ab
axel_mendoza_img_0092,img_092.png,robots_y_tecnologia,ilustracion_plana_color,64,64,icono de robot guerrero miniatura con pantalla,Wikimedia Commons,axel_mendoza,e5b18fa1274fc923027d985a8ae331e0fdfe5b68
axel_mendoza_img_0093,img_093.png,robots_y_tecnologia,ilustracion_plana_color,64,64,figura de robot asistente en estilo clipart,Wikimedia Commons,axel_mendoza,3365e777d709ba52e31db21ad1cd239956f6f273
axel_mendoza_img_0094,img_094.png,robots_y_tecnologia,ilustracion_plana_color,64,64,viñeta con robot explorador de frente,Wikimedia Commons,axel_mendoza,4b97279c24745533278dfe036f950b38ff894eaa
axel_mendoza_img_0095,img_095.png,robots_y_tecnologia,ilustracion_plana_color,64,64,figura de androide de cuerpo completo en el espacio,Wikimedia Commons,axel_mendoza,bb79c11035c4440de5344de34fe2802205ba6c01
axel_mendoza_img_0096,img_096.png,robots_y_tecnologia,ilustracion_plana_color,64,64,icono de robot humanoide animado trabajando,Wikimedia Commons,axel_mendoza,5e2674b8df835b17506641dde640ce0a10df2f18
axel_mendoza_img_0097,img_097.png,robots_y_tecnologia,ilustracion_plana_color,64,64,ilustración de robot asistente colorido miniatura,Wikimedia Commons,axel_mendoza,4490fec7530ae86c1d900ad0c8f56fef49c6187e
axel_mendoza_img_0098,img_098.png,robots_y_tecnologia,ilustracion_plana_color,64,64,gráfico de robot asistente colorido,Wikimedia Commons,axel_mendoza,4899cdb071aa875a402acc7307974473a12ead33
axel_mendoza_img_0099,img_099.png,robots_y_tecnologia,ilustracion_plana_color,64,64,imagen con robot explorador pixelado,Wikimedia Commons,axel_mendoza,88a5c993203a4c0727e7b553524858d307601154
axel_mendoza_img_0100,img_100.png,robots_y_tecnologia,ilustracion_plana_color,64,64,clipart con robot explorador neón con engranajes,Wikimedia Commons,axel_mendoza,580715b52193118b322334c0faa90e4950062e27
axel_mendoza_img_0101,img_101.png,robots_y_tecnologia,ilustracion_plana_color,64,64,icono de androide en estilo clipart grande con engranajes,Wikimedia Commons,axel_mendoza,7c61ec687a743ce8c57f93a2e7dc29d4cfd3c5b4
axel_mendoza_img_0102,img_102.png,robots_y_tecnologia,ilustracion_plana_color,64,64,figura de robot explorador geométrico,Wikimedia Commons,axel_mendoza,ce19488c4e8f56841d56279e7365e8834c087141
axel_mendoza_img_0103,img_103.png,robots_y_tecnologia,ilustracion_plana_color,64,64,gráfico de máquina autónoma grande,Wikimedia Commons,axel_mendoza,1b2fa0fdf31c5adfc7679cc37e8c5d0131e2dcf9
axel_mendoza_img_0104,img_104.png,robots_y_tecnologia,ilustracion_plana_color,64,64,dibujo de robot explorador minimalista de medio cuerpo,Wikimedia Commons,axel_mendoza,fdfd136bbee0c96b7e53ea3547902eb3bb1e5936
axel_mendoza_img_0105,img_105.png,robots_y_tecnologia,ilustracion_plana_color,64,64,icono de robot espacial en estilo clipart mediano,Wikimedia Commons,axel_mendoza,b3f9b180fd040e0ddfdf0301fe285cf0e5cab9da
axel_mendoza_img_0106,img_106.png,robots_y_tecnologia,ilustracion_plana_color,64,64,dibujo de robot de servicio plano de frente,Wikimedia Commons,axel_mendoza,192186ee6887540aca6a11f6e5c696696f805195
axel_mendoza_img_0107,img_107.png,robots_y_tecnologia,ilustracion_plana_color,64,64,clipart con robot industrial colorido volando,Wikimedia Commons,axel_mendoza,19ddbdbe2d4aa46d0da147568b3a87c7da8e75bb
axel_mendoza_img_0108,img_108.png,robots_y_tecnologia,ilustracion_plana_color,64,64,gráfico de robot guerrero plano figura grande con engranajes,Wikimedia Commons,axel_mendoza,a5dbc30491d5307f96394b241edff0550cdf5407
axel_mendoza_img_0109,img_109.png,robots_y_tecnologia,ilustracion_plana_color,64,64,imagen con robot industrial pixelado de cuerpo entero,Wikimedia Commons,axel_mendoza,4c5a68874af948c9c0857b3cb775ce999bee50f7
axel_mendoza_img_0110,img_110.png,robots_y_tecnologia,ilustracion_plana_color,64,64,figura de robot espacial metálico de cuerpo entero con circuitos,Wikimedia Commons,axel_mendoza,77191fabc6fb6e635b9d3507a0da6c1aa07286ad
axel_mendoza_img_0111,img_111.png,robots_y_tecnologia,ilustracion_plana_color,64,64,icono de robot asistente con circuitos,Wikimedia Commons,axel_mendoza,44a838118e0227175238b600433084e8e1bd278d
axel_mendoza_img_0112,img_112.png,robots_y_tecnologia,ilustracion_plana_color,64,64,imagen con robot guerrero plano de cuerpo entero,Wikimedia Commons,axel_mendoza,42158dbb8ac712bd3e9b25201c81b9b3a1a111be
axel_mendoza_img_0113,img_113.png,robots_y_tecnologia,ilustracion_plana_color,64,64,viñeta con robot humanoide figura grande,Wikimedia Commons,axel_mendoza,7c644db580ba34e7b0a258ea88269ed45204055d
axel_mendoza_img_0114,img_114.png,robots_y_tecnologia,ilustracion_plana_color,64,64,imagen con androide vintage de cuerpo entero,Wikimedia Commons,axel_mendoza,59c7d0b1800cb22c6aafe24ed996630ffcddb4c3
axel_mendoza_img_0115,img_115.png,robots_y_tecnologia,ilustracion_plana_color,64,64,viñeta con robot humanoide de medio cuerpo,Wikimedia Commons,axel_mendoza,b4d68936b0df03d6cd862ae07562bd1a1c743f75
axel_mendoza_img_0116,img_116.png,robots_y_tecnologia,ilustracion_plana_color,64,64,icono de robot asistente en primer plano solo,Wikimedia Commons,axel_mendoza,f172642b90f34082e20c3f36f1fcfc77dfee2a4b
axel_mendoza_img_0117,img_117.png,robots_y_tecnologia,ilustracion_plana_color,64,64,gráfico de robot espacial mediano en movimiento,Wikimedia Commons,axel_mendoza,18d44e1f75b5e7172df59a9212d8bd22670b6e85
axel_mendoza_img_0118,img_118.png,robots_y_tecnologia,ilustracion_plana_color,64,64,imagen con robot de servicio minimalista mediano en acción,Wikimedia Commons,axel_mendoza,2ffabe23ff57c82ccf78c0e1a4fc19387311fc6c
axel_mendoza_img_0119,img_119.png,robots_y_tecnologia,ilustracion_plana_color,64,64,imagen con robot industrial pequeño,Wikimedia Commons,axel_mendoza,1d37a3742d65a9305555f3e77dc528cbeb997399
axel_mendoza_img_0120,img_120.png,robots_y_tecnologia,ilustracion_plana_color,64,64,icono de robot humanoide en estilo clipart junto a tecnología,Wikimedia Commons,axel_mendoza,376241144dd9bd4b5610f15ee5ec769183bb28cb
axel_mendoza_img_0121,img_121.png,robots_y_tecnologia,ilustracion_plana_color,64,64,viñeta con mecha caricaturesco caminando,Wikimedia Commons,axel_mendoza,e8c8fc6ffac14b806f6040a590ec1f97f6ee3146
axel_mendoza_img_0122,img_122.png,robots_y_tecnologia,ilustracion_plana_color,64,64,ilustración de robot explorador en el espacio,Wikimedia Commons,axel_mendoza,295ae5e2876280e6f6ecebc4643a9daa6d8d01d4
axel_mendoza_img_0123,img_123.png,robots_y_tecnologia,ilustracion_plana_color,64,64,imagen con robot espacial moderno de cuerpo entero solo,Wikimedia Commons,axel_mendoza,3da8917d55264ce66eaec2a3a1349fa73516b4d4
axel_mendoza_img_0124,img_124.png,robots_y_tecnologia,ilustracion_plana_color,64,64,icono de androide moderno,Wikimedia Commons,axel_mendoza,c5fc9d7ae65f4757ec9b973138d3080e0872ffcd
axel_mendoza_img_0125,img_125.png,robots_y_tecnologia,ilustracion_plana_color,64,64,dibujo de robot cartoon moderno,Wikimedia Commons,axel_mendoza,915f53c9d873e1b38bfcb8adbdbdb87e282fd2b9
axel_mendoza_img_0126,img_126.png,robots_y_tecnologia,ilustracion_plana_color,64,64,imagen con robot de servicio de cuerpo entero,Wikimedia Commons,axel_mendoza,a2a6465869197ed1b8c3a7a17d13e4502a27dc9b
axel_mendoza_img_0127,img_127.png,robots_y_tecnologia,ilustracion_plana_color,64,64,figura de robot pixelado de cuerpo entero en movimiento,Wikimedia Commons,axel_mendoza,68493c54bcd1b965c149953264d8ad3da2ed4ab8
axel_mendoza_img_0128,img_128.png,robots_y_tecnologia,ilustracion_plana_color,64,64,gráfico de robot de servicio vintage icono pequeño saludando,Wikimedia Commons,axel_mendoza,65f85cf5972cbf524ecbc4190c5318a2af25f528
axel_mendoza_img_0129,img_129.png,robots_y_tecnologia,ilustracion_plana_color,64,64,clipart con mecha en estilo cartoon de medio cuerpo,Wikimedia Commons,axel_mendoza,9b6f3060b5807989222164ee7ce6ec8d50c015e4
axel_mendoza_img_0130,img_130.png,robots_y_tecnologia,ilustracion_plana_color,64,64,viñeta con robot asistente miniatura,Wikimedia Commons,axel_mendoza,96b1b4b63b5f2be8f7a78d6919da555f545eaf3d
axel_mendoza_img_0131,img_131.png,robots_y_tecnologia,ilustracion_plana_color,64,64,icono de androide icono pequeño trabajando,Wikimedia Commons,axel_mendoza,7de2fa0e92c0c2588784af7df7799e7c6dd228b1
axel_mendoza_img_0132,img_132.png,robots_y_tecnologia,ilustracion_plana_color,64,64,viñeta con robot de juguete de cuerpo entero,Wikimedia Commons,axel_mendoza,ccd82170b8cf93c1f2203ce3efcb5c93cca7147b
axel_mendoza_img_0133,img_133.png,robots_y_tecnologia,ilustracion_plana_color,64,64,viñeta con robot de servicio retro icono pequeño volando,Wikimedia Commons,axel_mendoza,971442caffd196850877702bd5b7b8c01383bf1c
axel_mendoza_img_0134,img_134.png,robots_y_tecnologia,ilustracion_plana_color,64,64,dibujo de robot de servicio miniatura con herramientas,Wikimedia Commons,axel_mendoza,8d9dd2d92be5e79d21033a11bf2b773f79244770
axel_mendoza_img_0135,img_135.png,robots_y_tecnologia,ilustracion_plana_color,64,64,imagen con máquina autónoma trabajando,Wikimedia Commons,axel_mendoza,ac312fa86f73d27ff8688d07e673da5e76f07755
axel_mendoza_img_0136,img_136.png,robots_y_tecnologia,ilustracion_plana_color,64,64,gráfico de robot asistente en estilo cartoon,Wikimedia Commons,axel_mendoza,1a4e5f8e970b68e3a939d3667c6e3da1fd00c8f8
axel_mendoza_img_0137,img_137.png,robots_y_tecnologia,ilustracion_plana_color,64,64,viñeta con robot asistente metálico,Wikimedia Commons,axel_mendoza,95606b4f55dd765b3c5de3c8fcfbfa02c212c567
axel_mendoza_img_0138,img_138.png,robots_y_tecnologia,ilustracion_plana_color,64,64,icono de robot guerrero de cuerpo completo en el espacio,Wikimedia Commons,axel_mendoza,2e48f2c2726bda6ecbdc10e072164bb027841089
axel_mendoza_img_0139,img_139.png,robots_y_tecnologia,ilustracion_plana_color,64,64,figura de robot asistente en estilo cartoon,Wikimedia Commons,axel_mendoza,4783f1900e63f14c793599ec6e358018e21ba8da
axel_mendoza_img_0140,img_140.png,robots_y_tecnologia,ilustracion_plana_color,64,64,figura de robot de servicio neón icono pequeño,Wikimedia Commons,axel_mendoza,9064f1f61a50cac75fd3b719c59fbfedeaf55922
axel_mendoza_img_0141,img_141.png,robots_y_tecnologia,ilustracion_plana_color,64,64,dibujo de robot industrial de cuerpo completo en fondo blanco,Wikimedia Commons,axel_mendoza,f52a948b90ef1898f64d3e469412f2c03a913c3b
axel_mendoza_img_0142,img_142.png,robots_y_tecnologia,ilustracion_plana_color,64,64,clipart con robot industrial minimalista icono pequeño con herramientas,Wikimedia Commons,axel_mendoza,c4e43209d617fa122330d4734351c2eb7dfde9b2
axel_mendoza_img_0143,img_143.png,robots_y_tecnologia,ilustracion_plana_color,64,64,dibujo de androide pixelado,Wikimedia Commons,axel_mendoza,2714ac1513ac066a0b2e03f97b6a13d0c1ded74e
axel_mendoza_img_0144,img_144.png,robots_y_tecnologia,ilustracion_plana_color,64,64,figura de robot humanoide caricaturesco con luz de neón,Wikimedia Commons,axel_mendoza,a3af70b345582a24d0350279cf663df4bf662298
axel_mendoza_img_0145,img_145.png,robots_y_tecnologia,ilustracion_plana_color,64,64,dibujo de robot animado en el espacio,Wikimedia Commons,axel_mendoza,f98113ebc107c425b6635620f59fb988c7adee86
axel_mendoza_img_0146,img_146.png,robots_y_tecnologia,ilustracion_plana_color,64,64,clipart con robot cartoon pixelado,Wikimedia Commons,axel_mendoza,32cab172f4aee0fc2c25eaeac152eb0b40a1d713
axel_mendoza_img_0147,img_147.png,robots_y_tecnologia,ilustracion_plana_color,64,64,imagen con robot de juguete icono pequeño,Wikimedia Commons,axel_mendoza,d7f8d312ea8c4fd354ab988b02c8ba6ba3aad90c
axel_mendoza_img_0148,img_148.png,robots_y_tecnologia,ilustracion_plana_color,64,64,figura de robot humanoide animado de medio cuerpo,Wikimedia Commons,axel_mendoza,688ddd685485132a1fe439ae8541ccb6a4777e09
axel_mendoza_img_0149,img_149.png,robots_y_tecnologia,ilustracion_plana_color,64,64,ilustración de robot guerrero en estilo clipart mediano junto a tecnología,Wikimedia Commons,axel_mendoza,f509700100f46cf6024b030efcdfb31e5e27987d
axel_mendoza_img_0150,img_150.png,robots_y_tecnologia,ilustracion_plana_color,64,64,imagen con robot humanoide retro,Wikimedia Commons,axel_mendoza,5b97b67c80953ddbbc363698414f7e8e77db7458
axel_mendoza_img_0151,img_151.png,robots_y_tecnologia,ilustracion_plana_color,64,64,icono de androide en estilo cartoon de cuerpo entero con pantalla,Wikimedia Commons,axel_mendoza,6777b0b30c28ef33340d7e7edca639a6ecc4fee1
axel_mendoza_img_0152,img_152.png,robots_y_tecnologia,ilustracion_plana_color,64,64,icono de robot explorador con engranajes,Wikimedia Commons,axel_mendoza,6eadf1161b2423599e5f57b44f1d59ecee8e1655
axel_mendoza_img_0153,img_153.png,robots_y_tecnologia,ilustracion_plana_color,64,64,dibujo de robot de juguete colorido de medio cuerpo,Wikimedia Commons,axel_mendoza,297e004c607c81bfd0825192c728ac15398181ca
axel_mendoza_img_0154,img_154.png,robots_y_tecnologia,ilustracion_plana_color,64,64,imagen con robot de juguete volando,Wikimedia Commons,axel_mendoza,c567525c78bae224d4f854b7b5b9b78c6071057b
axel_mendoza_img_0155,img_155.png,robots_y_tecnologia,ilustracion_plana_color,64,64,icono de robot espacial vintage,Wikimedia Commons,axel_mendoza,4a59399a655b65b593a26e1a22b1ad17651cbdf5
axel_mendoza_img_0156,img_156.png,robots_y_tecnologia,ilustracion_plana_color,64,64,clipart con máquina autónoma futurista portada,Wikimedia Commons,axel_mendoza,7f1d4351b4735c3ee5f1abc391670f53044f853c
axel_mendoza_img_0157,img_157.png,robots_y_tecnologia,ilustracion_plana_color,64,64,viñeta con mecha moderno icono pequeño,Wikimedia Commons,axel_mendoza,d154bd2d9f292c190ff063fce4df9c850e0c4fce
axel_mendoza_img_0158,img_158.png,robots_y_tecnologia,ilustracion_plana_color,64,64,icono de robot espacial neón de medio cuerpo con engranajes,Wikimedia Commons,axel_mendoza,02b6061f57d8f3e9c5d1298bd7264a87896f2554
axel_mendoza_img_0159,img_159.png,robots_y_tecnologia,ilustracion_plana_color,64,64,icono de robot espacial metálico miniatura volando,Wikimedia Commons,axel_mendoza,c12b42ced0448ede6a9c26240eea53b67412d96b
axel_mendoza_img_0160,img_160.png,robots_y_tecnologia,ilustracion_plana_color,64,64,ilustración de máquina autónoma minimalista grande,Wikimedia Commons,axel_mendoza,0547a935496ee2ea54e9d96c26a93b68b1f52305
axel_mendoza_img_0161,img_161.png,robots_y_tecnologia,ilustracion_plana_color,64,64,clipart con androide grande,Wikimedia Commons,axel_mendoza,de3fa6c52fccfb3127907835e4310db676a9526f
axel_mendoza_img_0162,img_162.png,robots_y_tecnologia,ilustracion_plana_color,64,64,dibujo de robot asistente en el espacio,Wikimedia Commons,axel_mendoza,ac5cd61e035a4f5a010dedfe3975087deaccdf30
axel_mendoza_img_0163,img_163.png,robots_y_tecnologia,ilustracion_plana_color,64,64,gráfico de robot espacial en estilo cartoon,Wikimedia Commons,axel_mendoza,a0d6535e5dd53aca20908cd640eb7e51ab24030a
axel_mendoza_img_0164,img_164.png,robots_y_tecnologia,ilustracion_plana_color,64,64,ilustración de robot de juguete animado de cuerpo entero,Wikimedia Commons,axel_mendoza,241e86a67cef3ac2fdf86fb791045145688e2c19
axel_mendoza_img_0165,img_165.png,robots_y_tecnologia,ilustracion_plana_color,64,64,dibujo de robot junto a tecnología,Wikimedia Commons,axel_mendoza,74f59bb9d589138d939b7ef1ced70d8637d1caad
axel_mendoza_img_0166,img_166.png,robots_y_tecnologia,ilustracion_plana_color,64,64,imagen con robot explorador junto a tecnología,Wikimedia Commons,axel_mendoza,924d7deadd9deeb2ce43533fdb9389c57cfac793
axel_mendoza_img_0167,img_167.png,robots_y_tecnologia,ilustracion_plana_color,64,64,clipart con robot asistente en estilo cartoon icono pequeño con herramientas,Wikimedia Commons,axel_mendoza,23edec5cbd85f82ef5aeefac7ae65d68ed7b58cc
axel_mendoza_img_0168,img_168.png,robots_y_tecnologia,ilustracion_plana_color,64,64,gráfico de robot cartoon pixelado de frente,Wikimedia Commons,axel_mendoza,18ab65d9d3e1d6214de4f8574f82aab9f11185cb
axel_mendoza_img_0169,img_169.png,robots_y_tecnologia,ilustracion_plana_color,64,64,figura de robot guerrero plano en primer plano,Wikimedia Commons,axel_mendoza,d271e479c3b5e7527515b117348d5679d74b24d7
axel_mendoza_img_0170,img_170.png,robots_y_tecnologia,ilustracion_plana_color,64,64,clipart con robot de servicio icono pequeño,Wikimedia Commons,axel_mendoza,81ea281da6261aec1feeef5c1b96200c4ef0ae90
axel_mendoza_img_0171,img_171.png,robots_y_tecnologia,ilustracion_plana_color,64,64,gráfico de robot explorador en estilo cartoon,Wikimedia Commons,axel_mendoza,2d3fcd6a102276d4d1cd14184b735aa01dc4c89d
axel_mendoza_img_0172,img_172.png,robots_y_tecnologia,ilustracion_plana_color,64,64,figura de robot espacial plano mediano solo,Wikimedia Commons,axel_mendoza,b971fe1ad4d60012193a7b26fa0753ba053369e8
axel_mendoza_img_0173,img_173.png,robots_y_tecnologia,ilustracion_plana_color,64,64,imagen con robot cartoon figura grande,Wikimedia Commons,axel_mendoza,39aab82a953234de43f466fcf8a38f5ef1a300b6
axel_mendoza_img_0174,img_174.png,robots_y_tecnologia,ilustracion_plana_color,64,64,imagen con robot industrial en estilo cartoon en primer plano,Wikimedia Commons,axel_mendoza,1a21b65ef292f74e5db25d443845c10c49a1867a
axel_mendoza_img_0175,img_175.png,robots_y_tecnologia,ilustracion_plana_color,64,64,viñeta con robot cartoon pequeño,Wikimedia Commons,axel_mendoza,47fc0ec5988c3883da9af687bb9a8a4a183e2697
axel_mendoza_img_0176,img_176.png,robots_y_tecnologia,ilustracion_plana_color,64,64,clipart con robot espacial icono pequeño de perfil,Wikimedia Commons,axel_mendoza,9ce89bf9495a4df98e14364790a2f54d12b53f80
axel_mendoza_img_0177,img_177.png,robots_y_tecnologia,ilustracion_plana_color,64,64,icono de mecha retro de medio cuerpo con luz de neón,Wikimedia Commons,axel_mendoza,e6a18abda3a3df33313bc2cdd0c33398d51979c4
axel_mendoza_img_0178,img_178.png,robots_y_tecnologia,ilustracion_plana_color,64,64,gráfico de androide minimalista mediano con engranajes,Wikimedia Commons,axel_mendoza,c2f315c2d357a17a3e35618d680106a880af4b0d
axel_mendoza_img_0179,img_179.png,robots_y_tecnologia,ilustracion_plana_color,64,64,clipart con robot asistente geométrico de medio cuerpo estático,Wikimedia Commons,axel_mendoza,196732593bd7646976a1be4844400cb372dd8aee
axel_mendoza_img_0180,img_180.png,robots_y_tecnologia,ilustracion_plana_color,64,64,dibujo de robot guerrero pixelado,Wikimedia Commons,axel_mendoza,e2fabc6a3b883aab7b4edd1fba871ea25ba75a6a
axel_mendoza_img_0181,img_181.png,robots_y_tecnologia,ilustracion_plana_color,64,64,viñeta con máquina autónoma retro volando,Wikimedia Commons,axel_mendoza,6dd87c6b2674e9b55944151733513d9a6713c943
axel_mendoza_img_0182,img_182.png,robots_y_tecnologia,ilustracion_plana_color,64,64,clipart con androide en fondo blanco,Wikimedia Commons,axel_mendoza,ca4d277d84c6e8510dfb333c56b9137612364086
axel_mendoza_img_0183,img_183.png,robots_y_tecnologia,ilustracion_plana_color,64,64,dibujo de robot de medio cuerpo,Wikimedia Commons,axel_mendoza,588e30620c110e4fec43da21cdb08bbb8978e95b
axel_mendoza_img_0184,img_184.png,robots_y_tecnologia,ilustracion_plana_color,64,64,viñeta con robot humanoide en movimiento,Wikimedia Commons,axel_mendoza,223ba58283b06fd7c9b7bc1d6c7a9da8c33bc7c6
axel_mendoza_img_0185,img_185.png,robots_y_tecnologia,ilustracion_plana_color,64,64,figura de máquina autónoma figura grande solo,Wikimedia Commons,axel_mendoza,2ab5f77ea03ebe81abed251d2f8bb6e4f742f7fd
axel_mendoza_img_0186,img_186.png,robots_y_tecnologia,ilustracion_plana_color,64,64,figura de robot industrial neón de cuerpo completo,Wikimedia Commons,axel_mendoza,771d7bdde51331441f97e4eb3a87fc0f1593422b
axel_mendoza_img_0187,img_187.png,robots_y_tecnologia,ilustracion_plana_color,64,64,icono de robot explorador colorido pequeño,Wikimedia Commons,axel_mendoza,377b29175b0ae60077ba5c283affdc06863b35ac
axel_mendoza_img_0188,img_188.png,robots_y_tecnologia,ilustracion_plana_color,64,64,viñeta con mecha geométrico,Wikimedia Commons,axel_mendoza,18275282c2d488a2dd4cd156b7d482ae3e4a3488
axel_mendoza_img_0189,img_189.png,robots_y_tecnologia,ilustracion_plana_color,64,64,clipart con robot asistente animado,Wikimedia Commons,axel_mendoza,d3187d5077658abe0049281da240ef78b5ac90d2
axel_mendoza_img_0190,img_190.png,robots_y_tecnologia,ilustracion_plana_color,64,64,figura de androide de perfil,Wikimedia Commons,axel_mendoza,10c5fc381c8ae361902e2e0230c3763002e6721e
axel_mendoza_img_0191,img_191.png,robots_y_tecnologia,ilustracion_plana_color,64,64,viñeta con robot con circuitos,Wikimedia Commons,axel_mendoza,62817fc54c3c37d3ef1f1e42809aa395416e695a
axel_mendoza_img_0192,img_192.png,robots_y_tecnologia,ilustracion_plana_color,64,64,clipart con androide de medio cuerpo,Wikimedia Commons,axel_mendoza,ddbace6fc32578d5aabed89995178ce567bbca80
axel_mendoza_img_0193,img_193.png,robots_y_tecnologia,ilustracion_plana_color,64,64,gráfico de robot cartoon con luz de neón,Wikimedia Commons,axel_mendoza,59a3496b7a9fbfd68b1ab32c2767a65c572a550b
axel_mendoza_img_0194,img_194.png,robots_y_tecnologia,ilustracion_plana_color,64,64,figura de robot cartoon neón icono pequeño,Wikimedia Commons,axel_mendoza,84a5738f62e946fd461fbd12a1283c9e60a974f5
axel_mendoza_img_0195,img_195.png,robots_y_tecnologia,ilustracion_plana_color,64,64,ilustración de robot industrial vintage de medio cuerpo trabajando,Wikimedia Commons,axel_mendoza,b053d5d673e934f3ef54d3e9e9861f8201d3a137
axel_mendoza_img_0196,img_196.png,robots_y_tecnologia,ilustracion_plana_color,64,64,ilustración de robot guerrero futurista,Wikimedia Commons,axel_mendoza,066fdd42e1777d73ace12ce69ac5c965457d1dac
axel_mendoza_img_0197,img_197.png,robots_y_tecnologia,ilustracion_plana_color,64,64,dibujo de robot animado en acción,Wikimedia Commons,axel_mendoza,babeabdb3a8ad31324ab84e55bb166c9c97b5492
axel_mendoza_img_0198,img_198.png,robots_y_tecnologia,ilustracion_plana_color,64,64,figura de robot de servicio grande trabajando,Wikimedia Commons,axel_mendoza,67211219e1a8f12ef7132d1833cf6cbd8c830a45
axel_mendoza_img_0199,img_199.png,robots_y_tecnologia,ilustracion_plana_color,64,64,gráfico de robot de juguete caminando,Wikimedia Commons,axel_mendoza,14ef8e12bb413f6406ef95cc2fd026d71f4592d3
axel_mendoza_img_0200,img_200.png,robots_y_tecnologia,ilustracion_plana_color,64,64,ilustración de robot de juguete pixelado con pantalla,Wikimedia Commons,axel_mendoza,dd6fa66da848e1274e3b0a38b280292e613d270d
axel_mendoza_img_0201,img_201.png,robots_y_tecnologia,ilustracion_plana_color,64,64,icono de robot asistente geométrico,Wikimedia Commons,axel_mendoza,13d1972b54e0df9791402f2b970275729b8cf6a6
axel_mendoza_img_0202,img_202.png,robots_y_tecnologia,ilustracion_plana_color,64,64,viñeta con robot cartoon caricaturesco con herramientas,Wikimedia Commons,axel_mendoza,7b9e0946658d7ad9aadc500dfd3039df854c74a5
axel_mendoza_img_0203,img_203.png,robots_y_tecnologia,ilustracion_plana_color,64,64,imagen con robot explorador en estilo clipart,Wikimedia Commons,axel_mendoza,abc3747b3cc91c72675612d4ec27a1279a4a892a
axel_mendoza_img_0204,img_204.png,robots_y_tecnologia,ilustracion_plana_color,64,64,ilustración de robot asistente plano en el espacio,Wikimedia Commons,axel_mendoza,f79e04e76dc216f578dc9030b8c40f1aa98ba4bc
axel_mendoza_img_0205,img_205.png,robots_y_tecnologia,ilustracion_plana_color,64,64,gráfico de mecha caricaturesco,Wikimedia Commons,axel_mendoza,aa63b9fbc3120ebbb0895935be0fc63956ceac0c
axel_mendoza_img_0206,img_206.png,robots_y_tecnologia,ilustracion_plana_color,64,64,gráfico de robot asistente futurista solo,Wikimedia Commons,axel_mendoza,847380e52e0f638d263f95dbeceef8fb1d20c76b
axel_mendoza_img_0207,img_207.png,robots_y_tecnologia,ilustracion_plana_color,64,64,figura de robot de juguete portada,Wikimedia Commons,axel_mendoza,0c5aff7f30fc95f7d51f807ab514b6843ea16b5e
axel_mendoza_img_0208,img_208.png,robots_y_tecnologia,ilustracion_plana_color,64,64,gráfico de robot espacial miniatura,Wikimedia Commons,axel_mendoza,d566becf0520be18bc53fbc0adcafad18f006364
axel_mendoza_img_0209,img_209.png,robots_y_tecnologia,ilustracion_plana_color,64,64,viñeta con robot espacial con pantalla,Wikimedia Commons,axel_mendoza,86afa8106e532d66943c3d74df7f65e7df0e7fba
axel_mendoza_img_0210,img_210.png,robots_y_tecnologia,ilustracion_plana_color,64,64,figura de robot industrial de cuerpo completo,Wikimedia Commons,axel_mendoza,f93e50c402860f03506280d074edc571b536568d
axel_mendoza_img_0211,img_211.png,robots_y_tecnologia,ilustracion_plana_color,64,64,clipart con robot cartoon pequeño en el espacio,Wikimedia Commons,axel_mendoza,cd882bac52cca77fa357f428baf51376c6fda9e9
axel_mendoza_img_0212,img_212.png,robots_y_tecnologia,ilustracion_plana_color,64,64,viñeta con robot en primer plano,Wikimedia Commons,axel_mendoza,41a49cf7fcff153e23e13d5efda173a831a6a17c
axel_mendoza_img_0213,img_213.png,robots_y_tecnologia,ilustracion_plana_color,64,64,dibujo de robot de servicio neón de cuerpo entero caminando,Wikimedia Commons,axel_mendoza,e4cd7ddb3866ffa0134505f25df643a72f3009b3
axel_mendoza_img_0214,img_214.png,robots_y_tecnologia,ilustracion_plana_color,64,64,clipart con robot explorador en estilo cartoon estático,Wikimedia Commons,axel_mendoza,0f52e998c3dac411d5ca079a809c762786417e38
axel_mendoza_img_0215,img_215.png,robots_y_tecnologia,ilustracion_plana_color,64,64,dibujo de robot humanoide en el espacio,Wikimedia Commons,axel_mendoza,2209f0edfd52dd140c7f3f96ff3b17151b8f7667
axel_mendoza_img_0216,img_216.png,robots_y_tecnologia,ilustracion_plana_color,64,64,figura de robot explorador futurista,Wikimedia Commons,axel_mendoza,26b705b8a47aeaeb209df45317f9dc0196213ccd
axel_mendoza_img_0217,img_217.png,robots_y_tecnologia,ilustracion_plana_color,64,64,icono de robot cartoon neón con luz de neón,Wikimedia Commons,axel_mendoza,410436c772564453a60175f9f06f1625699b683a
axel_mendoza_img_0218,img_218.png,robots_y_tecnologia,ilustracion_plana_color,64,64,ilustración de robot explorador pequeño con herramientas,Wikimedia Commons,axel_mendoza,c00660f7e1b8efe314fa4b0f5297e69dc36a3af7
axel_mendoza_img_0219,img_219.png,robots_y_tecnologia,ilustracion_plana_color,64,64,ilustración de robot asistente junto a tecnología,Wikimedia Commons,axel_mendoza,6060e21530e6105815dcbdb8b181384738687b9f
axel_mendoza_img_0220,img_220.png,robots_y_tecnologia,ilustracion_plana_color,64,64,figura de androide vintage de cuerpo completo,Wikimedia Commons,axel_mendoza,1518902059d148a05f2b435260c7256def902ae1
axel_mendoza_img_0221,img_221.png,robots_y_tecnologia,ilustracion_plana_color,64,64,figura de robot de juguete minimalista mediano con engranajes,Wikimedia Commons,axel_mendoza,812a20cdb84ec812aa9fff5d2d7093c74fcbabe5
axel_mendoza_img_0222,img_222.png,robots_y_tecnologia,ilustracion_plana_color,64,64,dibujo de robot cartoon colorido,Wikimedia Commons,axel_mendoza,7783fea9836a7d509b31c13b7a4588cf619ecb47
axel_mendoza_img_0223,img_223.png,robots_y_tecnologia,ilustracion_plana_color,64,64,imagen con robot espacial en estilo clipart mediano de perfil,Wikimedia Commons,axel_mendoza,d7da18931c9ab6b1202516f8a13ac4d768840b1f
axel_mendoza_img_0224,img_224.png,robots_y_tecnologia,ilustracion_plana_color,64,64,clipart con robot guerrero en estilo clipart con luz de neón,Wikimedia Commons,axel_mendoza,49afa12b65cc81d88ddfb54ae6000bd812d9dda5
axel_mendoza_img_0225,img_225.png,robots_y_tecnologia,ilustracion_plana_color,64,64,clipart con robot guerrero vintage mediano,Wikimedia Commons,axel_mendoza,01f8bad7a7836f875a7cbfe4cdac699ec6e945e8
axel_mendoza_img_0226,img_226.png,robots_y_tecnologia,ilustracion_plana_color,64,64,gráfico de robot espacial volando,Wikimedia Commons,axel_mendoza,14174a9f1aa38ece309372c271e018d980347853
axel_mendoza_img_0227,img_227.png,robots_y_tecnologia,ilustracion_plana_color,64,64,viñeta con robot industrial pixelado en primer plano,Wikimedia Commons,axel_mendoza,200f32a52110ffd306bf8c36c96410beb18e5bef
axel_mendoza_img_0228,img_228.png,robots_y_tecnologia,ilustracion_plana_color,64,64,figura de máquina autónoma geométrico,Wikimedia Commons,axel_mendoza,0bb4bda97db1e90d4795be2d1b4a81f7c4594e1f
axel_mendoza_img_0229,img_229.png,robots_y_tecnologia,ilustracion_plana_color,64,64,dibujo de robot industrial futurista icono pequeño,Wikimedia Commons,axel_mendoza,1d37a4d2262eab40d31317f9c40e6410b0807a65
axel_mendoza_img_0230,img_230.png,robots_y_tecnologia,ilustracion_plana_color,64,64,icono de robot cartoon vintage,Wikimedia Commons,axel_mendoza,42bfb6f26f468c3fcb9be28546f6a502c50054f3
axel_mendoza_img_0231,img_231.png,robots_y_tecnologia,ilustracion_plana_color,64,64,figura de robot industrial retro miniatura volando,Wikimedia Commons,axel_mendoza,bbb2b98eae16120daa92553e750bfe07ed2d75f7
axel_mendoza_img_0232,img_232.png,robots_y_tecnologia,ilustracion_plana_color,64,64,icono de robot de juguete minimalista de cuerpo completo en fondo blanco,Wikimedia Commons,axel_mendoza,97b02bf22e512896983ca5556e159d9cc3608d65
axel_mendoza_img_0233,img_233.png,robots_y_tecnologia,ilustracion_plana_color,64,64,clipart con robot explorador miniatura,Wikimedia Commons,axel_mendoza,da19d492067d58b4602ee09d09093d448301a615
axel_mendoza_img_0234,img_234.png,robots_y_tecnologia,ilustracion_plana_color,64,64,clipart con robot humanoide de medio cuerpo caminando,Wikimedia Commons,axel_mendoza,da10dfec333258ed45da32e84c8a2797be008810
axel_mendoza_img_0235,img_235.png,robots_y_tecnologia,ilustracion_plana_color,64,64,imagen con robot humanoide animado en primer plano trabajando,Wikimedia Commons,axel_mendoza,611a5e259562f440e6beb6cb3b097463fe71e992
axel_mendoza_img_0236,img_236.png,robots_y_tecnologia,ilustracion_plana_color,64,64,figura de robot en acción,Wikimedia Commons,axel_mendoza,ac5e56a843037c81e7017d3c4864ca68671f6dcf
axel_mendoza_img_0237,img_237.png,robots_y_tecnologia,ilustracion_plana_color,64,64,gráfico de máquina autónoma futurista en movimiento,Wikimedia Commons,axel_mendoza,5c584901ce43b45526c570197ed0a813e88c3478
axel_mendoza_img_0238,img_238.png,robots_y_tecnologia,ilustracion_plana_color,64,64,figura de máquina autónoma moderno mediano,Wikimedia Commons,axel_mendoza,b1b0fc4d073d2397f1deacddce50c007e6b4e4b7
axel_mendoza_img_0239,img_239.png,robots_y_tecnologia,ilustracion_plana_color,64,64,icono de robot de juguete en el espacio,Wikimedia Commons,axel_mendoza,2f0b2e8d5e65333766711570ce3fb6d8bc3be96e
axel_mendoza_img_0240,img_240.png,robots_y_tecnologia,ilustracion_plana_color,64,64,imagen con robot en estilo clipart de cuerpo entero,Wikimedia Commons,axel_mendoza,4fdcb50ff5e4b1eed9be5b17c332551aa3790f50
axel_mendoza_img_0241,img_241.png,robots_y_tecnologia,ilustracion_plana_color,64,64,ilustración de robot asistente neón,Wikimedia Commons,axel_mendoza,5028ce8d413db98d2ffc49276e02e62b42edf76d
axel_mendoza_img_0242,img_242.png,robots_y_tecnologia,ilustracion_plana_color,64,64,figura de robot de juguete retro mediano saludando,Wikimedia Commons,axel_mendoza,7f568cee1df63e2c135b37bef64810ab76a37a5e
axel_mendoza_img_0243,img_243.png,robots_y_tecnologia,ilustracion_plana_color,64,64,figura de robot guerrero figura grande en el espacio,Wikimedia Commons,axel_mendoza,822cc0db17c575e9afbcba1b83b75f41892742c3
axel_mendoza_img_0244,img_244.png,robots_y_tecnologia,ilustracion_plana_color,64,64,gráfico de androide metálico mediano,Wikimedia Commons,axel_mendoza,bde5dd197bfb53c147be7ddc4bbc05c38a231aed
axel_mendoza_img_0245,img_245.png,robots_y_tecnologia,ilustracion_plana_color,64,64,icono de robot guerrero en estilo clipart,Wikimedia Commons,axel_mendoza,7851d7af7bc02844ed2b1103a075feb891690a63
axel_mendoza_img_0246,img_246.png,robots_y_tecnologia,ilustracion_plana_color,64,64,viñeta con robot guerrero mediano en fondo blanco,Wikimedia Commons,axel_mendoza,1748226287b4e730d09966c9065e370d67eeb5fe
axel_mendoza_img_0247,img_247.png,robots_y_tecnologia,ilustracion_plana_color,64,64,figura de robot cartoon caricaturesco en primer plano,Wikimedia Commons,axel_mendoza,d75a015d47133b6572378e4e0c43b1e92c1bdf99
axel_mendoza_img_0248,img_248.png,robots_y_tecnologia,ilustracion_plana_color,64,64,viñeta con androide futurista,Wikimedia Commons,axel_mendoza,181e6911b612d9482be2711f979f8177a51e45aa
axel_mendoza_img_0249,img_249.png,robots_y_tecnologia,ilustracion_plana_color,64,64,ilustración de mecha neón en primer plano,Wikimedia Commons,axel_mendoza,b619f4e078574f4e3e1f8c90284bf294763418de
axel_mendoza_img_0250,img_250.png,robots_y_tecnologia,ilustracion_plana_color,64,64,imagen con robot de juguete en fondo blanco,Wikimedia Commons,axel_mendoza,958efc88418ccd5de28277be06437a430752b529
axel_mendoza_img_0252,img_252.png,robots_y_tecnologia,ilustracion_plana_color,64,64,dibujo de robot de servicio miniatura estático,Wikimedia Commons,axel_mendoza,eaf70382d6f3ea8e88f659acbfcbb48c4dca5a0a
axel_mendoza_img_0253,img_253.png,robots_y_tecnologia,ilustracion_plana_color,64,64,clipart con robot cartoon en estilo clipart de perfil,Wikimedia Commons,axel_mendoza,926b0a1067cbf0838e60d581a6f86f95e5a609d6
axel_mendoza_img_0254,img_254.png,robots_y_tecnologia,ilustracion_plana_color,64,64,figura de androide de medio cuerpo junto a tecnología,Wikimedia Commons,axel_mendoza,8f57c65291b593d9a6bd3dc43e12d9c1b4a66bab
axel_mendoza_img_0255,img_255.png,robots_y_tecnologia,ilustracion_plana_color,64,64,gráfico de máquina autónoma metálico con pantalla,Wikimedia Commons,axel_mendoza,170f2bd3d15d59a0814d28de3f6e94a7eb3b8aa9
axel_mendoza_img_0256,img_256.png,robots_y_tecnologia,ilustracion_plana_color,64,64,imagen con robot de juguete geométrico,Wikimedia Commons,axel_mendoza,d3dfbfbfa0669c0eaf7a73dafa2711d351beac1f
axel_mendoza_img_0257,img_257.png,robots_y_tecnologia,ilustracion_plana_color,64,64,dibujo de mecha metálico en fondo blanco,Wikimedia Commons,axel_mendoza,eb5fcb7105a54bda4822c82215a3633be7751bf5
axel_mendoza_img_0258,img_258.png,robots_y_tecnologia,ilustracion_plana_color,64,64,imagen con robot humanoide grande junto a tecnología,Wikimedia Commons,axel_mendoza,e821339a6b248639e8f52a519d0138378de1cd22
axel_mendoza_img_0259,img_259.png,robots_y_tecnologia,ilustracion_plana_color,64,64,gráfico de androide retro,Wikimedia Commons,axel_mendoza,2aee36b2d18741c5166b54ba8dfa74a7d4b28d7e
axel_mendoza_img_0260,img_260.png,robots_y_tecnologia,ilustracion_plana_color,64,64,icono de robot guerrero colorido,Wikimedia Commons,axel_mendoza,976da00b035e6c5ac5193409fde58ccafa3f27d2
axel_mendoza_img_0261,img_261.png,robots_y_tecnologia,ilustracion_plana_color,64,64,figura de robot espacial neón junto a tecnología,Wikimedia Commons,axel_mendoza,d8ca3612ad62e38303773dc6a725212a65440d54
axel_mendoza_img_0262,img_262.png,robots_y_tecnologia,ilustracion_plana_color,64,64,ilustración de robot con pantalla,Wikimedia Commons,axel_mendoza,5a8786cce22f49fcd356ad0032384cf205226bb5
axel_mendoza_img_0263,img_263.png,robots_y_tecnologia,ilustracion_plana_color,64,64,ilustración de robot espacial en estilo clipart de cuerpo entero en movimiento,Wikimedia Commons,axel_mendoza,c8f43e59be56b84ebaa361558eb106710e156dc1
axel_mendoza_img_0264,img_264.png,robots_y_tecnologia,ilustracion_plana_color,64,64,viñeta con robot guerrero estático,Wikimedia Commons,axel_mendoza,1e746eadf16facacda458cfdb025c3059f50462c
axel_mendoza_img_0265,img_265.png,robots_y_tecnologia,ilustracion_plana_color,64,64,figura de robot guerrero futurista de medio cuerpo junto a tecnología,Wikimedia Commons,axel_mendoza,3e2782f512e8518454a6e90e3e2c286e88fe2f74
axel_mendoza_img_0266,img_266.png,robots_y_tecnologia,ilustracion_plana_color,64,64,dibujo de robot minimalista de cuerpo entero,Wikimedia Commons,axel_mendoza,6603a07f36527845a22d2d3ce18ff5bf7cf2dcb9
axel_mendoza_img_0267,img_267.png,robots_y_tecnologia,ilustracion_plana_color,64,64,imagen con robot industrial caricaturesco de cuerpo completo saludando,Wikimedia Commons,axel_mendoza,2e44b44c1c7d7ccf935b8dc20b960faac3ba4d45
axel_mendoza_img_0268,img_268.png,robots_y_tecnologia,ilustracion_plana_color,64,64,dibujo de robot espacial mediano,Wikimedia Commons,axel_mendoza,82539bf364149503d905014c1e56034da2082c81
axel_mendoza_img_0269,img_269.png,robots_y_tecnologia,ilustracion_plana_color,64,64,gráfico de robot humanoide retro de cuerpo entero,Wikimedia Commons,axel_mendoza,f3433064ac2e5915e8d4e30d1544c25ba363c8df
axel_mendoza_img_0270,img_270.png,robots_y_tecnologia,ilustracion_plana_color,64,64,icono de máquina autónoma en estilo cartoon,Wikimedia Commons,axel_mendoza,fdc8d5b29871a73889cccab6e4f8cce6d61efa6d
axel_mendoza_img_0271,img_271.png,robots_y_tecnologia,ilustracion_plana_color,64,64,imagen con robot guerrero animado icono pequeño,Wikimedia Commons,axel_mendoza,3ec923b4057d35699771a63e065f3dd249d34513
axel_mendoza_img_0272,img_272.png,robots_y_tecnologia,ilustracion_plana_color,64,64,figura de robot de juguete miniatura,Wikimedia Commons,axel_mendoza,158f8735adfffe3ec4505781d37f3a4dbfc40a3c
axel_mendoza_img_0273,img_273.png,robots_y_tecnologia,ilustracion_plana_color,64,64,gráfico de robot espacial futurista,Wikimedia Commons,axel_mendoza,3750f4f1f6a8202f347a85a46af9cd1dba40c193
axel_mendoza_img_0274,img_274.png,robots_y_tecnologia,ilustracion_plana_color,64,64,clipart con robot explorador icono pequeño en fondo simple,Wikimedia Commons,axel_mendoza,f0f10c116bdb20f81bfb338da14eae4768613c03
axel_mendoza_img_0275,img_275.png,robots_y_tecnologia,ilustracion_plana_color,64,64,gráfico de androide minimalista de cuerpo entero junto a tecnología,Wikimedia Commons,axel_mendoza,1b618568c8192b0250b156cee2582e0d6f9a0383
axel_mendoza_img_0276,img_276.png,robots_y_tecnologia,ilustracion_plana_color,64,64,ilustración de robot guerrero pixelado de medio cuerpo,Wikimedia Commons,axel_mendoza,aedf75a3e16445283167eb1d395e71df6367528b
axel_mendoza_img_0277,img_277.png,robots_y_tecnologia,ilustracion_plana_color,64,64,figura de robot explorador retro estático,Wikimedia Commons,axel_mendoza,94752b54bf7b952e40a01c5fa81d6405b2adcfe2
axel_mendoza_img_0278,img_278.png,robots_y_tecnologia,ilustracion_plana_color,64,64,ilustración de máquina autónoma en estilo cartoon,Wikimedia Commons,axel_mendoza,c4cd6b4744acb79e6e9fe449c8a21584ae181d93
axel_mendoza_img_0279,img_279.png,robots_y_tecnologia,ilustracion_plana_color,64,64,clipart con robot industrial grande con herramientas,Wikimedia Commons,axel_mendoza,e73ed20f0bf6ffd8f967fe17cedca97cce9b1320
axel_mendoza_img_0280,img_280.png,robots_y_tecnologia,ilustracion_plana_color,64,64,clipart con robot de juguete retro caminando,Wikimedia Commons,axel_mendoza,147bfd40c7315b46466919db5f5bb591c6f31ab9
axel_mendoza_img_0281,img_281.png,robots_y_tecnologia,ilustracion_plana_color,64,64,viñeta con robot asistente miniatura,Wikimedia Commons,axel_mendoza,65d0d3fc0f41b5f2eeed939a69517eeb27e259c7
axel_mendoza_img_0282,img_282.png,robots_y_tecnologia,ilustracion_plana_color,64,64,figura de robot cartoon plano grande,Wikimedia Commons,axel_mendoza,7e0d5f82bd8d1cc2f399b8099d07f312aa4a452f
axel_mendoza_img_0283,img_283.png,robots_y_tecnologia,ilustracion_plana_color,64,64,viñeta con robot asistente vintage de medio cuerpo con herramientas,Wikimedia Commons,axel_mendoza,4fc7b8da2d4b10a81b15060cf053e57159f57fc3
axel_mendoza_img_0285,img_285.png,robots_y_tecnologia,ilustracion_plana_color,64,64,viñeta con robot animado en primer plano,Wikimedia Commons,axel_mendoza,6f4a8179d804d0dd88c742c9e8b04d177c09a64c
axel_mendoza_img_0287,img_287.png,robots_y_tecnologia,ilustracion_plana_color,64,64,imagen con robot asistente geométrico miniatura,Wikimedia Commons,axel_mendoza,30a573d03d253e31a9aa594547653892d4cf31fc
axel_mendoza_img_0289,img_289.png,robots_y_tecnologia,ilustracion_plana_color,64,64,figura de mecha futurista figura grande caminando,Wikimedia Commons,axel_mendoza,5757f25c492b15f06d38bd03d20f435b9560bf2d
axel_mendoza_img_0290,img_290.png,robots_y_tecnologia,ilustracion_plana_color,64,64,icono de mecha en estilo clipart icono pequeño estático,Wikimedia Commons,axel_mendoza,523071854cc8e968366c39adc0f5b8ff29b58838
axel_mendoza_img_0291,img_291.png,robots_y_tecnologia,ilustracion_plana_color,64,64,clipart con robot de servicio solo,Wikimedia Commons,axel_mendoza,8fac236c115b2675a7fe22d438beafd7673b91b1
axel_mendoza_img_0292,img_292.png,robots_y_tecnologia,ilustracion_plana_color,64,64,figura de robot cartoon moderno pequeño,Wikimedia Commons,axel_mendoza,7ef5ac51d0c9b5bc556341c1fe349e3fbff5b28a
axel_mendoza_img_0293,img_293.png,robots_y_tecnologia,ilustracion_plana_color,64,64,figura de androide en estilo cartoon de cuerpo entero en el espacio,Wikimedia Commons,axel_mendoza,28fb120e01088420b3e53bebef39814aea35fd2c
axel_mendoza_img_0294,img_294.png,robots_y_tecnologia,ilustracion_plana_color,64,64,clipart con robot de servicio miniatura saludando,Wikimedia Commons,axel_mendoza,86ea71798a0b03f333fa9b6d07dff0531db80162
axel_mendoza_img_0295,img_295.png,robots_y_tecnologia,ilustracion_plana_color,64,64,dibujo de robot cartoon de cuerpo entero saludando,Wikimedia Commons,axel_mendoza,a370d5ac342b322f8a06d9931ec8121242875208
axel_mendoza_img_0296,img_296.png,robots_y_tecnologia,ilustracion_plana_color,64,64,ilustración de robot espacial en fondo blanco,Wikimedia Commons,axel_mendoza,9dc7d51f0c2f15dcfa17b66a2b1beb7de01efc2d
axel_mendoza_img_0297,img_297.png,robots_y_tecnologia,ilustracion_plana_color,64,64,clipart con robot cartoon figura grande,Wikimedia Commons,axel_mendoza,096a424ac171e4cab2adf057dc2ee01b3072868a
axel_mendoza_img_0298,img_298.png,robots_y_tecnologia,ilustracion_plana_color,64,64,gráfico de máquina autónoma plano,Wikimedia Commons,axel_mendoza,16c848b625a5eca945647a60c0b9a560c74a3647
axel_mendoza_img_0299,img_299.png,robots_y_tecnologia,ilustracion_plana_color,64,64,clipart con robot industrial icono pequeño volando,Wikimedia Commons,axel_mendoza,3eac28e2da1ab48991aecf2c7a0211fe3394e958
axel_mendoza_img_0300,img_300.png,robots_y_tecnologia,ilustracion_plana_color,64,64,clipart con robot humanoide futurista de perfil,Wikimedia Commons,axel_mendoza,3365a2ad2f7c59cf444480339cc873df992dbed2
axel_mendoza_img_0301,img_301.png,robots_y_tecnologia,ilustracion_plana_color,64,64,imagen con robot cartoon saludando,Wikimedia Commons,axel_mendoza,484d21dbfc29b37dcd6a2d9687cecff4cb9e2386
axel_mendoza_img_0302,img_302.png,robots_y_tecnologia,ilustracion_plana_color,64,64,gráfico de robot humanoide con pantalla,Wikimedia Commons,axel_mendoza,a0536246cb2ac4f52d659a27fa0dff46de8397ff
axel_mendoza_img_0303,img_303.png,robots_y_tecnologia,ilustracion_plana_color,64,64,clipart con mecha pequeño,Wikimedia Commons,axel_mendoza,4b9f33baa6b54c83ee449893ea2ca7acfed8b63c
axel_mendoza_img_0304,img_304.png,robots_y_tecnologia,ilustracion_plana_color,64,64,icono de robot asistente de medio cuerpo con engranajes,Wikimedia Commons,axel_mendoza,c04376640f7594f3e07a704822ef881bede5d55f
axel_mendoza_img_0305,img_305.png,robots_y_tecnologia,ilustracion_plana_color,64,64,icono de robot espacial metálico volando,Wikimedia Commons,axel_mendoza,ffd738b500376e8b765bd43fdd1e324dc0b1edba
axel_mendoza_img_0306,img_306.png,robots_y_tecnologia,ilustracion_plana_color,64,64,viñeta con robot asistente de medio cuerpo solo,Wikimedia Commons,axel_mendoza,bfb527ad86b2d5159c89302696c07c559b7d0a95
axel_mendoza_img_0307,img_307.png,robots_y_tecnologia,ilustracion_plana_color,64,64,dibujo de robot vintage en fondo simple,Wikimedia Commons,axel_mendoza,78fcc7acdb43214b0a2f6da2ebdcd99d898a67ad
axel_mendoza_img_0308,img_308.png,robots_y_tecnologia,ilustracion_plana_color,64,64,ilustración de mecha de perfil,Wikimedia Commons,axel_mendoza,2e9da9bd501adec0d92424487b00ed24a68c5137
axel_mendoza_img_0309,img_309.png,robots_y_tecnologia,ilustracion_plana_color,64,64,ilustración de robot explorador de medio cuerpo con engranajes,Wikimedia Commons,axel_mendoza,5b3186eec8bbb35a723033d09c08ab053b25c4b2
axel_mendoza_img_0310,img_310.png,robots_y_tecnologia,ilustracion_plana_color,64,64,clipart con robot guerrero con engranajes,Wikimedia Commons,axel_mendoza,104ab2ef106630c32cbca49fd24405cfe78a3fc1
axel_mendoza_img_0311,img_311.png,robots_y_tecnologia,ilustracion_plana_color,64,64,imagen con robot guerrero de cuerpo entero estático,Wikimedia Commons,axel_mendoza,3452e7f3fd8411779a23e2ce77fdff6ceb248072
axel_mendoza_img_0313,img_313.png,robots_y_tecnologia,ilustracion_plana_color,64,64,figura de androide pixelado en primer plano saludando,Wikimedia Commons,axel_mendoza,f49f35a43b3fe08968813b99df011c4450a23e4e
axel_mendoza_img_0314,img_314.png,robots_y_tecnologia,ilustracion_plana_color,64,64,imagen con robot espacial geométrico saludando,Wikimedia Commons,axel_mendoza,efbe212fbab8a129d7221edd2003f1e5eb0082dc
axel_mendoza_img_0315,img_315.png,robots_y_tecnologia,ilustracion_plana_color,64,64,viñeta con robot asistente pequeño,Wikimedia Commons,axel_mendoza,8ee55d30047909d6d20bf80b228944f983115c12
axel_mendoza_img_0317,img_317.png,robots_y_tecnologia,ilustracion_plana_color,64,64,gráfico de androide metálico,Wikimedia Commons,axel_mendoza,ab6b023537f124871e8909cfd3976e2de7669d61
axel_mendoza_img_0318,img_318.png,robots_y_tecnologia,ilustracion_plana_color,64,64,ilustración de robot de cuerpo entero con pantalla,Wikimedia Commons,axel_mendoza,7e300a087174f5638315316ba33fd265b7c76076
axel_mendoza_img_0327,img_327.png,robots_y_tecnologia,ilustracion_plana_color,64,64,figura de robot humanoide animado,Wikimedia Commons,axel_mendoza,9c7afe7eac1c039ca2cb0de2542936e71316ad3d
axel_mendoza_img_0329,img_329.png,robots_y_tecnologia,ilustracion_plana_color,64,64,clipart con robot explorador retro,Wikimedia Commons,axel_mendoza,531e51c02133359896b7a6095a37a5119bd72b1f
axel_mendoza_img_0333,img_333.png,robots_y_tecnologia,ilustracion_plana_color,64,64,imagen con robot cartoon de medio cuerpo de perfil,Wikimedia Commons,axel_mendoza,6b17310f240cbbd768b3e7e89e03ee6c7bb78b53
axel_mendoza_img_0336,img_336.png,robots_y_tecnologia,ilustracion_plana_color,64,64,dibujo de robot explorador de cuerpo entero,Wikimedia Commons,axel_mendoza,08483ede6237f2162b9151729cc001d19eae53f8
axel_mendoza_img_0337,img_337.png,robots_y_tecnologia,ilustracion_plana_color,64,64,clipart con máquina autónoma caricaturesco en primer plano,Wikimedia Commons,axel_mendoza,6cc79144cc1bb0200f34c31a142e6e752b5c05ce
axel_mendoza_img_0338,img_338.png,robots_y_tecnologia,ilustracion_plana_color,64,64,figura de robot cartoon caricaturesco de medio cuerpo con engranajes,Wikimedia Commons,axel_mendoza,f0694ee45bf938999e6217e2488ef0b04a5d4e32
axel_mendoza_img_0339,img_339.png,robots_y_tecnologia,ilustracion_plana_color,64,64,gráfico de robot humanoide en fondo simple,Wikimedia Commons,axel_mendoza,8f7e3d060ce823bfd564247a58a984b68f738d2d
axel_mendoza_img_0340,img_340.png,robots_y_tecnologia,ilustracion_plana_color,64,64,imagen con mecha pixelado en primer plano,Wikimedia Commons,axel_mendoza,e29989115c518f5800f5ef3825c3283d446b585f
axel_mendoza_img_0341,img_341.png,robots_y_tecnologia,ilustracion_plana_color,64,64,dibujo de robot cartoon metálico pequeño,Wikimedia Commons,axel_mendoza,907f2fa28bf8e5cae43b0f6678818dd72f7eeb66
axel_mendoza_img_0342,img_342.png,robots_y_tecnologia,ilustracion_plana_color,64,64,gráfico de robot de servicio en estilo cartoon,Wikimedia Commons,axel_mendoza,e501a9d40b0bab1e4e38d25b5ea2ee9e26b53cca
axel_mendoza_img_0343,img_343.png,robots_y_tecnologia,ilustracion_plana_color,64,64,viñeta con robot retro trabajando,Wikimedia Commons,axel_mendoza,49b721ddb647731adc55f554a15016d273b6d29d
axel_mendoza_img_0344,img_344.png,robots_y_tecnologia,ilustracion_plana_color,64,64,figura de robot de servicio miniatura,Wikimedia Commons,axel_mendoza,68f07ee030edc39656cf2f8788935d0a90ae8bbd
axel_mendoza_img_0346,img_346.png,robots_y_tecnologia,ilustracion_plana_color,64,64,ilustración de robot de juguete retro figura grande,Wikimedia Commons,axel_mendoza,3dc1eec92e34577f28b2355c826960b15d3a11bd
axel_mendoza_img_0347,img_347.png,robots_y_tecnologia,ilustracion_plana_color,64,64,figura de robot cartoon caricaturesco de cuerpo completo,Wikimedia Commons,axel_mendoza,405e93aba480e2e7893c1bc5aecc2e16fffab9c0
axel_mendoza_img_0348,img_348.png,robots_y_tecnologia,ilustracion_plana_color,64,64,clipart con robot asistente en estilo cartoon de cuerpo entero con luz de neón,Wikimedia Commons,axel_mendoza,35f41f1d1af8df999b81544754b45af69bced92b
axel_mendoza_img_0349,img_349.png,robots_y_tecnologia,ilustracion_plana_color,64,64,dibujo de robot explorador caricaturesco icono pequeño volando,Wikimedia Commons,axel_mendoza,8b6ae15185992c3c8a9c858fd277f05871fd2ddf
axel_mendoza_img_0350,img_350.png,robots_y_tecnologia,ilustracion_plana_color,64,64,dibujo de mecha volando,Wikimedia Commons,axel_mendoza,a855c124f6934a0c86cedccbadab1d2d69eff814
axel_mendoza_img_0351,img_351.png,robots_y_tecnologia,ilustracion_plana_color,64,64,clipart con androide en estilo clipart grande con engranajes,Wikimedia Commons,axel_mendoza,e83fe3a1aa7cde57ac371cb4358384afdd84596d
axel_mendoza_img_0352,img_352.png,robots_y_tecnologia,ilustracion_plana_color,64,64,figura de robot cartoon plano mediano con luz de neón,Wikimedia Commons,axel_mendoza,0eff0a527848d418ee2cb6c229e4d78ae5de97da
axel_mendoza_img_0353,img_353.png,robots_y_tecnologia,ilustracion_plana_color,64,64,dibujo de robot espacial caminando,Wikimedia Commons,axel_mendoza,5adad466341077cb021388810e4bc90683910964
axel_mendoza_img_0354,img_354.png,robots_y_tecnologia,ilustracion_plana_color,64,64,figura de máquina autónoma mediano,Wikimedia Commons,axel_mendoza,e03e509b9a1889ca516a568f29cd1f60f18eea38
axel_mendoza_img_0355,img_355.png,robots_y_tecnologia,ilustracion_plana_color,64,64,clipart con robot industrial icono pequeño,Wikimedia Commons,axel_mendoza,3c3a7092c0f69a16fb7a35741b1c98201c00272a
axel_mendoza_img_0356,img_356.png,robots_y_tecnologia,ilustracion_plana_color,64,64,figura de robot asistente figura grande saludando,Wikimedia Commons,axel_mendoza,eec1247153c1ea6b4928bc69f33f38b5c3903162
axel_mendoza_img_0357,img_357.png,robots_y_tecnologia,ilustracion_plana_color,64,64,ilustración de androide en movimiento,Wikimedia Commons,axel_mendoza,b1cdeb72b1e2e553922db67ded500437745164ac
axel_mendoza_img_0358,img_358.png,robots_y_tecnologia,ilustracion_plana_color,64,64,gráfico de robot explorador de frente,Wikimedia Commons,axel_mendoza,2914d4f3eb9749d0cd92d8c841a8becacc997d5f
axel_mendoza_img_0359,img_359.png,robots_y_tecnologia,ilustracion_plana_color,64,64,figura de robot cartoon futurista con engranajes,Wikimedia Commons,axel_mendoza,3264adc2800c943996d272e42ec91f1d37ff3089
axel_mendoza_img_0360,img_360.png,robots_y_tecnologia,ilustracion_plana_color,64,64,figura de robot humanoide geométrico,Wikimedia Commons,axel_mendoza,6bdb981c97b64fbaf7464a6a0e0bb1d8930779f6
axel_mendoza_img_0361,img_361.png,robots_y_tecnologia,ilustracion_plana_color,64,64,clipart con robot guerrero en estilo cartoon de perfil,Wikimedia Commons,axel_mendoza,93663d2c975c90fdbd1c2174e216e36e820683bd
axel_mendoza_img_0362,img_362.png,robots_y_tecnologia,ilustracion_plana_color,64,64,clipart con robot espacial en fondo blanco,Wikimedia Commons,axel_mendoza,b47b527d31e2df9440edca04c6b383b780baa0a6
axel_mendoza_img_0363,img_363.png,robots_y_tecnologia,ilustracion_plana_color,64,64,icono de robot de servicio en estilo cartoon,Wikimedia Commons,axel_mendoza,3c3e3437f6204756db2c2a3b7571cec66e8722d6
axel_mendoza_img_0364,img_364.png,robots_y_tecnologia,ilustracion_plana_color,64,64,icono de robot cartoon de medio cuerpo saludando,Wikimedia Commons,axel_mendoza,b01a7e0cb3d66acd43c95ff1b02a0eab0cd717ac
axel_mendoza_img_0365,img_365.png,robots_y_tecnologia,ilustracion_plana_color,64,64,dibujo de robot de juguete en estilo cartoon,Wikimedia Commons,axel_mendoza,1de801b68d3722ef529ae2ce9ad3f5921d0d0fef
axel_mendoza_img_0366,img_366.png,robots_y_tecnologia,ilustracion_plana_color,64,64,clipart con robot de juguete moderno,Wikimedia Commons,axel_mendoza,223fb85a5f04d61dbc4d6a0aefcb0d2d7a85098b
axel_mendoza_img_0367,img_367.png,robots_y_tecnologia,ilustracion_plana_color,64,64,figura de robot de juguete animado,Wikimedia Commons,axel_mendoza,88109306e1702dd294d23149297b78c4b2bbbd63
axel_mendoza_img_0368,img_368.png,robots_y_tecnologia,ilustracion_plana_color,64,64,dibujo de robot cartoon minimalista miniatura con circuitos,Wikimedia Commons,axel_mendoza,6b4f656caa4e0fe71c52af19b9d635a6b3dd31d5
axel_mendoza_img_0369,img_369.png,robots_y_tecnologia,ilustracion_plana_color,64,64,imagen con robot asistente en el espacio,Wikimedia Commons,axel_mendoza,db772f850bd650bb78f9e1d4a6ae23a3b5ba89df
axel_mendoza_img_0370,img_370.png,robots_y_tecnologia,ilustracion_plana_color,64,64,dibujo de robot asistente minimalista,Wikimedia Commons,axel_mendoza,222fbc2f35494b13635ec449f62acf9b9df5ff56
axel_mendoza_img_0371,img_371.png,robots_y_tecnologia,ilustracion_plana_color,64,64,ilustración de mecha animado grande,Wikimedia Commons,axel_mendoza,7f81ce50e064db10cd3678dbe8cae47e2aa92e61
axel_mendoza_img_0372,img_372.png,robots_y_tecnologia,ilustracion_plana_color,64,64,viñeta con robot asistente minimalista en primer plano,Wikimedia Commons,axel_mendoza,666f3193cb4a6bba54d71b47dfd1665e7fdd7b8d
axel_mendoza_img_0373,img_373.png,robots_y_tecnologia,ilustracion_plana_color,64,64,figura de mecha plano solo,Wikimedia Commons,axel_mendoza,b07e8ce9c1be7fddcce692aeac88446f934684c2
axel_mendoza_img_0374,img_374.png,robots_y_tecnologia,ilustracion_plana_color,64,64,figura de máquina autónoma en estilo cartoon en fondo blanco,Wikimedia Commons,axel_mendoza,6b993a28e147ac91318fc264abbc061267d899ae
axel_mendoza_img_0375,img_375.png,robots_y_tecnologia,ilustracion_plana_color,64,64,viñeta con androide caricaturesco trabajando,Wikimedia Commons,axel_mendoza,d9ab7d32623ced7132825701f998a61fb6c45b52
axel_mendoza_img_0376,img_376.png,robots_y_tecnologia,ilustracion_plana_color,64,64,ilustración de robot caricaturesco con pantalla,Wikimedia Commons,axel_mendoza,36582aaf06cab75b80ab48894170b92871105b02
axel_mendoza_img_0377,img_377.png,robots_y_tecnologia,ilustracion_plana_color,64,64,icono de robot humanoide pixelado en primer plano,Wikimedia Commons,axel_mendoza,d45ae98c1880d4e0a8cb54f24f426214a4fd7cb3
axel_mendoza_img_0378,img_378.png,robots_y_tecnologia,ilustracion_plana_color,64,64,figura de robot industrial metálico,Wikimedia Commons,axel_mendoza,1e169d41efeb1e0a42be24654fc9b0786bd3751b
axel_mendoza_img_0379,img_379.png,robots_y_tecnologia,ilustracion_plana_color,64,64,viñeta con robot asistente en movimiento,Wikimedia Commons,axel_mendoza,5ef5e9ded68596b67317088e58928c7e9806c74a
axel_mendoza_img_0380,img_380.png,robots_y_tecnologia,ilustracion_plana_color,64,64,ilustración de robot guerrero en estilo cartoon icono pequeño trabajando,Wikimedia Commons,axel_mendoza,f0b5189a8c303d9f842a01b69e02dcdd73d5023d
axel_mendoza_img_0381,img_381.png,robots_y_tecnologia,ilustracion_plana_color,64,64,figura de robot animado en movimiento,Wikimedia Commons,axel_mendoza,6210c6654cdb3b983873895788fdc87230480418
axel_mendoza_img_0382,img_382.png,robots_y_tecnologia,ilustracion_plana_color,64,64,viñeta con robot espacial de perfil,Wikimedia Commons,axel_mendoza,5949ef4e9ed8917dfef323e03b9b7218eed3c527
axel_mendoza_img_0383,img_383.png,robots_y_tecnologia,ilustracion_plana_color,64,64,clipart con robot espacial neón en primer plano,Wikimedia Commons,axel_mendoza,467b0bdc34259bc7199e38814a9fa124f73b0fd4
axel_mendoza_img_0384,img_384.png,robots_y_tecnologia,ilustracion_plana_color,64,64,imagen con robot guerrero miniatura con luz de neón,Wikimedia Commons,axel_mendoza,7df50256c0da68fd1d8875d41760fb55d73b32aa
axel_mendoza_img_0385,img_385.png,robots_y_tecnologia,ilustracion_plana_color,64,64,figura de máquina autónoma caricaturesco solo,Wikimedia Commons,axel_mendoza,6f2c41716e3fe623440328499bbc14d5144230d5
axel_mendoza_img_0386,img_386.png,robots_y_tecnologia,ilustracion_plana_color,64,64,viñeta con robot explorador con pantalla,Wikimedia Commons,axel_mendoza,bd16b966aeeaeb92767430c0bb61cb88011df916
axel_mendoza_img_0387,img_387.png,robots_y_tecnologia,ilustracion_plana_color,64,64,ilustración de robot humanoide futurista,Wikimedia Commons,axel_mendoza,b6788a7004e23e3ea731d2c7f19a05d6b03aa0d9
axel_mendoza_img_0388,img_388.png,robots_y_tecnologia,ilustracion_plana_color,64,64,figura de máquina autónoma grande,Wikimedia Commons,axel_mendoza,4c2363be00dd141079e62e051ecbcf215c06e251
axel_mendoza_img_0389,img_389.png,robots_y_tecnologia,ilustracion_plana_color,64,64,gráfico de máquina autónoma en acción,Wikimedia Commons,axel_mendoza,5144de13b8327e051bb1ef082203eb1f6abb4ac3
axel_mendoza_img_0390,img_390.png,robots_y_tecnologia,ilustracion_plana_color,64,64,figura de robot explorador en estilo clipart con engranajes,Wikimedia Commons,axel_mendoza,30b132780583c31515560281b12e5cc0b9343b2c
axel_mendoza_img_0391,img_391.png,robots_y_tecnologia,ilustracion_plana_color,64,64,clipart con robot de servicio geométrico en fondo blanco,Wikimedia Commons,axel_mendoza,9eac49f1556f9b426638ce010841f14c3405f1c0
axel_mendoza_img_0392,img_392.png,robots_y_tecnologia,ilustracion_plana_color,64,64,gráfico de robot de juguete neón junto a tecnología,Wikimedia Commons,axel_mendoza,1f5d041a92c8ffd589533076b77cb410499c075f
axel_mendoza_img_0393,img_393.png,robots_y_tecnologia,ilustracion_plana_color,64,64,viñeta con mecha de medio cuerpo en movimiento,Wikimedia Commons,axel_mendoza,3a55506fecffc2d9f31c107c87ed7a7de06d61f3
axel_mendoza_img_0394,img_394.png,robots_y_tecnologia,ilustracion_plana_color,64,64,imagen con robot de servicio mediano,Wikimedia Commons,axel_mendoza,70c95a0b4ce71e45dd69581ffa1a622dc20e4915
axel_mendoza_img_0395,img_395.png,robots_y_tecnologia,ilustracion_plana_color,64,64,dibujo de robot explorador con pantalla,Wikimedia Commons,axel_mendoza,327f12a6e6a4b8043a79ccd3e0bd6289f1d81e1e
axel_mendoza_img_0396,img_396.png,robots_y_tecnologia,ilustracion_plana_color,64,64,dibujo de robot cartoon metálico miniatura,Wikimedia Commons,axel_mendoza,c64d8504290ced765a0533799dddcd8695857d6d
axel_mendoza_img_0397,img_397.png,robots_y_tecnologia,ilustracion_plana_color,64,64,imagen con robot de juguete en estilo clipart estático,Wikimedia Commons,axel_mendoza,69fdb2a7d57d2218d7877bda15ff46128de907d6
axel_mendoza_img_0398,img_398.png,robots_y_tecnologia,ilustracion_plana_color,64,64,gráfico de robot humanoide pixelado,Wikimedia Commons,axel_mendoza,8194baab2a258deb9366dd78b90da888ab0eb355
axel_mendoza_img_0399,img_399.png,robots_y_tecnologia,ilustracion_plana_color,64,64,ilustración de robot industrial en fondo blanco,Wikimedia Commons,axel_mendoza,9155efbd24b397beb3f83feda6499bb1c81f2478
axel_mendoza_img_0400,img_400.png,robots_y_tecnologia,ilustracion_plana_color,64,64,clipart con robot guerrero neón de cuerpo completo,Wikimedia Commons,axel_mendoza,af164c6e699fc544b1a2e2a392720583d313e0ee
axel_mendoza_img_0401,img_401.png,robots_y_tecnologia,ilustracion_plana_color,64,64,viñeta con mecha saludando,Wikimedia Commons,axel_mendoza,2f5bdef6d1d2bf6288593d0e26c1e91216d41451
axel_mendoza_img_0402,img_402.png,robots_y_tecnologia,ilustracion_plana_color,64,64,icono de máquina autónoma estático,Wikimedia Commons,axel_mendoza,4a8da2aa1be789e46e43363731730e6445343e37
axel_mendoza_img_0403,img_403.png,robots_y_tecnologia,ilustracion_plana_color,64,64,figura de robot humanoide en estilo clipart figura grande,Wikimedia Commons,axel_mendoza,b82cac6c0499a1eee8d8eef15d7b68da5e2e5d66
axel_mendoza_img_0404,img_404.png,robots_y_tecnologia,ilustracion_plana_color,64,64,figura de robot cartoon con pantalla,Wikimedia Commons,axel_mendoza,857d314d15fab8c252e39299683bea5f641416e4
axel_mendoza_img_0405,img_405.png,robots_y_tecnologia,ilustracion_plana_color,64,64,icono de robot industrial caricaturesco figura grande,Wikimedia Commons,axel_mendoza,bfb0b5b08d2fc70e33307b2210c08174beaa2846
axel_mendoza_img_0406,img_406.png,robots_y_tecnologia,ilustracion_plana_color,64,64,dibujo de robot explorador caricaturesco en movimiento,Wikimedia Commons,axel_mendoza,4d1a29facd8401766a0de3fadfd3bbda78ee353a
axel_mendoza_img_0407,img_407.png,robots_y_tecnologia,ilustracion_plana_color,64,64,viñeta con robot de servicio de medio cuerpo en el espacio,Wikimedia Commons,axel_mendoza,762c4b4e5db7481a7a92f7f5ade29c64f379dab7
axel_mendoza_img_0408,img_408.png,robots_y_tecnologia,ilustracion_plana_color,64,64,gráfico de robot guerrero pixelado en primer plano saludando,Wikimedia Commons,axel_mendoza,e35b203e03426ab0da5b5375c82027338cee33fd
axel_mendoza_img_0409,img_409.png,robots_y_tecnologia,ilustracion_plana_color,64,64,imagen con robot espacial mediano en fondo simple,Wikimedia Commons,axel_mendoza,074cda2c0b63d53b64997d5b0871123fed65bb42
axel_mendoza_img_0410,img_410.png,robots_y_tecnologia,ilustracion_plana_color,64,64,dibujo de mecha en estilo clipart de cuerpo completo,Wikimedia Commons,axel_mendoza,a0d14a0aefb81667f2c5ff4ee7baf7e13f23d723
axel_mendoza_img_0411,img_411.png,robots_y_tecnologia,ilustracion_plana_color,64,64,dibujo de máquina autónoma de medio cuerpo,Wikimedia Commons,axel_mendoza,b9e8ba0638b7b831a2662782517912fecbcdb3f2
axel_mendoza_img_0412,img_412.png,robots_y_tecnologia,ilustracion_plana_color,64,64,icono de robot industrial animado figura grande trabajando,Wikimedia Commons,axel_mendoza,c7dbf965d781a666475e1cb2e378c46ce6dc658c
axel_mendoza_img_0413,img_413.png,robots_y_tecnologia,ilustracion_plana_color,64,64,icono de robot futurista,Wikimedia Commons,axel_mendoza,ace30364c95b8ab3bc49807c4df3624b4f87f81f
axel_mendoza_img_0414,img_414.png,robots_y_tecnologia,ilustracion_plana_color,64,64,viñeta con androide vintage,Wikimedia Commons,axel_mendoza,0bf32f6398cba81a2ee0e7914e8e4d53fb7e1aab
axel_mendoza_img_0415,img_415.png,robots_y_tecnologia,ilustracion_plana_color,64,64,clipart con robot guerrero en movimiento,Wikimedia Commons,axel_mendoza,7bcdf7b17425b3bfa5bf0ca82ab99ca994113a5b
axel_mendoza_img_0416,img_416.png,robots_y_tecnologia,ilustracion_plana_color,64,64,icono de robot explorador caricaturesco,Wikimedia Commons,axel_mendoza,e26d93e9d98bd1f9b9f8273bedfbee85efed9ad1
axel_mendoza_img_0417,img_417.png,robots_y_tecnologia,ilustracion_plana_color,64,64,imagen con robot explorador futurista,Wikimedia Commons,axel_mendoza,0f1530c1b2f46e7cfeca27c8abcf08724c39a8a8
axel_mendoza_img_0418,img_418.png,robots_y_tecnologia,ilustracion_plana_color,64,64,imagen con robot humanoide en acción,Wikimedia Commons,axel_mendoza,b0a8f04c444821f87cec4dccc64a4cc21b359440
axel_mendoza_img_0419,img_419.png,robots_y_tecnologia,ilustracion_plana_color,64,64,gráfico de robot explorador grande,Wikimedia Commons,axel_mendoza,dbd532b4c61080a45a30950ed8b201881e88670b
axel_mendoza_img_0420,img_420.png,robots_y_tecnologia,ilustracion_plana_color,64,64,imagen con robot espacial moderno miniatura de perfil,Wikimedia Commons,axel_mendoza,8e96d307f2ec9ff23ee6bed1721b4ae3b6e5fc87
axel_mendoza_img_0421,img_421.png,robots_y_tecnologia,ilustracion_plana_color,64,64,dibujo de robot asistente figura grande estático,Wikimedia Commons,axel_mendoza,11fe196505d898daf1af4ab9fe665def2801e2c4
axel_mendoza_img_0422,img_422.png,robots_y_tecnologia,ilustracion_plana_color,64,64,clipart con máquina autónoma en estilo clipart de medio cuerpo,Wikimedia Commons,axel_mendoza,38283bdb4d7d8a5236e02226fd108ee8a2938d81
axel_mendoza_img_0423,img_423.png,robots_y_tecnologia,ilustracion_plana_color,64,64,ilustración de robot de servicio icono pequeño,Wikimedia Commons,axel_mendoza,f83b3270c8e6b9862fb50aab45adcff71ce9f4c8
axel_mendoza_img_0424,img_424.png,robots_y_tecnologia,ilustracion_plana_color,64,64,clipart con robot neón,Wikimedia Commons,axel_mendoza,aa0ae908e6a5078f6931cd066a67742ae482b8d4
axel_mendoza_img_0425,img_425.png,robots_y_tecnologia,ilustracion_plana_color,64,64,icono de robot humanoide con circuitos,Wikimedia Commons,axel_mendoza,d2fbb9ed3e5153fe799881c09b8dff744a438aaf
axel_mendoza_img_0426,img_426.png,robots_y_tecnologia,ilustracion_plana_color,64,64,figura de androide caminando,Wikimedia Commons,axel_mendoza,626fd82a6ef6a426fd9f108866691c65145e3fa5
axel_mendoza_img_0427,img_427.png,robots_y_tecnologia,ilustracion_plana_color,64,64,viñeta con robot de servicio geométrico portada,Wikimedia Commons,axel_mendoza,d3240f8f6503452143537515f91d3bbf328a3b1a
axel_mendoza_img_0428,img_428.png,robots_y_tecnologia,ilustracion_plana_color,64,64,gráfico de robot industrial de medio cuerpo en fondo blanco,Wikimedia Commons,axel_mendoza,e740f035dd7b279181261f966cdf919a74d46f36
axel_mendoza_img_0429,img_429.png,robots_y_tecnologia,ilustracion_plana_color,64,64,imagen con robot espacial en primer plano trabajando,Wikimedia Commons,axel_mendoza,70477c1a9e69176a4102e0211fb253b1be6fb284
axel_mendoza_img_0430,img_430.png,robots_y_tecnologia,ilustracion_plana_color,64,64,ilustración de robot asistente caricaturesco grande solo,Wikimedia Commons,axel_mendoza,7ec4f1b77e0f2239bcf75eb4b82836e3c389eed6
axel_mendoza_img_0431,img_431.png,robots_y_tecnologia,ilustracion_plana_color,64,64,dibujo de mecha futurista,Wikimedia Commons,axel_mendoza,12607cd3f34e3e97c8c6598f99b56981bbd25641
axel_mendoza_img_0433,img_433.png,robots_y_tecnologia,ilustracion_plana_color,64,64,figura de robot guerrero neón figura grande,Wikimedia Commons,axel_mendoza,93f03777e9dede052260d0d9e4cef25c9ad1f718
axel_mendoza_img_0434,img_434.png,robots_y_tecnologia,ilustracion_plana_color,64,64,icono de robot explorador miniatura,Wikimedia Commons,axel_mendoza,925d981224552248b194ef118f6a95031b642240
axel_mendoza_img_0435,img_435.png,robots_y_tecnologia,ilustracion_plana_color,64,64,viñeta con máquina autónoma de frente,Wikimedia Commons,axel_mendoza,0a319f7b9e00dccd5dceee4b9dd640803d81509b
axel_mendoza_img_0436,img_436.png,robots_y_tecnologia,ilustracion_plana_color,64,64,ilustración de robot estático,Wikimedia Commons,axel_mendoza,4e4d73213ef5f12cbbd57062c123790c7e2a5094
axel_mendoza_img_0437,img_437.png,robots_y_tecnologia,ilustracion_plana_color,64,64,clipart con robot humanoide plano con engranajes,Wikimedia Commons,axel_mendoza,f3f7a7f861560b7dab010afda1ec5e4691e6b15e
axel_mendoza_img_0438,img_438.png,robots_y_tecnologia,ilustracion_plana_color,64,64,icono de mecha moderno icono pequeño de frente,Wikimedia Commons,axel_mendoza,3b59c89502aff4179b2254fbcb0cea83b7628fdf
axel_mendoza_img_0439,img_439.png,robots_y_tecnologia,ilustracion_plana_color,64,64,viñeta con robot explorador saludando,Wikimedia Commons,axel_mendoza,9104b6ff192db4f4d3da79fcc0c97c8199156861
axel_mendoza_img_0440,img_440.png,robots_y_tecnologia,ilustracion_plana_color,64,64,gráfico de robot asistente con luz de neón,Wikimedia Commons,axel_mendoza,06acd83e8736efed03a23756d02938579b870764
axel_mendoza_img_0441,img_441.png,robots_y_tecnologia,ilustracion_plana_color,64,64,dibujo de mecha animado de cuerpo entero,Wikimedia Commons,axel_mendoza,b98ec7ad1e191a3d8005973514cb3ee2d2bd11e3
axel_mendoza_img_0442,img_442.png,robots_y_tecnologia,ilustracion_plana_color,64,64,imagen con mecha miniatura,Wikimedia Commons,axel_mendoza,2cf015f107ab73c922f792962239c26ec1fc737a
axel_mendoza_img_0443,img_443.png,robots_y_tecnologia,ilustracion_plana_color,64,64,gráfico de robot de servicio neón mediano con luz de neón,Wikimedia Commons,axel_mendoza,cb0edf6f458b2f8771b87492582b6e4068f6b37d
axel_mendoza_img_0444,img_444.png,robots_y_tecnologia,ilustracion_plana_color,64,64,ilustración de robot asistente animado de medio cuerpo con circuitos,Wikimedia Commons,axel_mendoza,8e345fedc2514f441413635266d8b3c1d4f63ea5
axel_mendoza_img_0445,img_445.png,robots_y_tecnologia,ilustracion_plana_color,64,64,clipart con robot explorador vintage en fondo simple,Wikimedia Commons,axel_mendoza,39a81fca0b205a7c2070664b4fafc289c73b0d05
axel_mendoza_img_0446,img_446.png,robots_y_tecnologia,ilustracion_plana_color,64,64,viñeta con robot guerrero colorido mediano,Wikimedia Commons,axel_mendoza,1f81a7418b63c33a3c4578d49b447199033658ab
axel_mendoza_img_0447,img_447.png,robots_y_tecnologia,ilustracion_plana_color,64,64,figura de androide retro solo,Wikimedia Commons,axel_mendoza,3d084ca0b8e0f39b0535be85ad13ffe44ccb97aa
axel_mendoza_img_0448,img_448.png,robots_y_tecnologia,ilustracion_plana_color,64,64,clipart con mecha portada,Wikimedia Commons,axel_mendoza,3a6397b8378ef289d88ccfb7b933e31da78aa8d9
axel_mendoza_img_0449,img_449.png,robots_y_tecnologia,ilustracion_plana_color,64,64,viñeta con robot cartoon figura grande con circuitos,Wikimedia Commons,axel_mendoza,20d1b64213114d6bfa4c2fef1f594ed9c0accee0
axel_mendoza_img_0450,img_450.png,robots_y_tecnologia,ilustracion_plana_color,64,64,gráfico de robot industrial en fondo simple,Wikimedia Commons,axel_mendoza,ae942e01e99842d232539ff96111d386d6d6ffc0
axel_mendoza_img_0451,img_451.png,robots_y_tecnologia,ilustracion_plana_color,64,64,dibujo de robot industrial geométrico en acción,Wikimedia Commons,axel_mendoza,471a5c7868c99008f8f26da7f8cbbf122351d946
axel_mendoza_img_0452,img_452.png,robots_y_tecnologia,ilustracion_plana_color,64,64,gráfico de robot de juguete pequeño,Wikimedia Commons,axel_mendoza,e3325a18b578339cbe97ffbf52d4f5fb75fb9293
axel_mendoza_img_0453,img_453.png,robots_y_tecnologia,ilustracion_plana_color,64,64,ilustración de androide moderno con engranajes,Wikimedia Commons,axel_mendoza,a2a00da6c6d1e2b49407429ebf066835a51771ab
axel_mendoza_img_0454,img_454.png,robots_y_tecnologia,ilustracion_plana_color,64,64,imagen con robot industrial solo,Wikimedia Commons,axel_mendoza,05bf16d6e2380c819a904ef8224e430bf1706d04
axel_mendoza_img_0455,img_455.png,robots_y_tecnologia,ilustracion_plana_color,64,64,icono de máquina autónoma minimalista pequeño,Wikimedia Commons,axel_mendoza,32180ff636a731620a17b033878855324330689a
axel_mendoza_img_0456,img_456.png,robots_y_tecnologia,ilustracion_plana_color,64,64,dibujo de robot industrial en fondo blanco,Wikimedia Commons,axel_mendoza,73c08715ad2950735c9f66bdb761a9ecd97d0606
axel_mendoza_img_0457,img_457.png,robots_y_tecnologia,ilustracion_plana_color,64,64,figura de robot industrial estático,Wikimedia Commons,axel_mendoza,fa1e352445581ed6ee7cce77e8186af49650b44e
axel_mendoza_img_0458,img_458.png,robots_y_tecnologia,ilustracion_plana_color,64,64,gráfico de robot espacial caricaturesco con luz de neón,Wikimedia Commons,axel_mendoza,90d76ae4d610eb8371e1ebdc7dcad06ba4e995ce
axel_mendoza_img_0459,img_459.png,robots_y_tecnologia,ilustracion_plana_color,64,64,clipart con robot cartoon con luz de neón,Wikimedia Commons,axel_mendoza,85a7b66fb5e29f838adc9d53277bbf838573468a
axel_mendoza_img_0460,img_460.png,robots_y_tecnologia,ilustracion_plana_color,64,64,imagen con robot de servicio vintage de cuerpo entero,Wikimedia Commons,axel_mendoza,261dcbd3361606266abfcf170486e2e6aace9797
axel_mendoza_img_0461,img_461.png,robots_y_tecnologia,ilustracion_plana_color,64,64,gráfico de robot guerrero de medio cuerpo solo,Wikimedia Commons,axel_mendoza,f60ec0d5e2da84606c67ae241a46599f0ba5a57b
axel_mendoza_img_0462,img_462.png,robots_y_tecnologia,ilustracion_plana_color,64,64,viñeta con robot industrial pixelado en el espacio,Wikimedia Commons,axel_mendoza,1162e11a35fffdd1190dd79647e1b7c4ca4101b4
axel_mendoza_img_0463,img_463.png,robots_y_tecnologia,ilustracion_plana_color,64,64,clipart con robot explorador pequeño,Wikimedia Commons,axel_mendoza,4e88682e61b41766448a6ad1653621a367ce070b
axel_mendoza_img_0464,img_464.png,robots_y_tecnologia,ilustracion_plana_color,64,64,gráfico de máquina autónoma en estilo cartoon grande,Wikimedia Commons,axel_mendoza,55a8cf16d95c89c09e5c77d99375932a21bdafcd
axel_mendoza_img_0465,img_465.png,robots_y_tecnologia,ilustracion_plana_color,64,64,dibujo de robot industrial plano con engranajes,Wikimedia Commons,axel_mendoza,f2cdc6455884a3e14fd657eb03251984866dcbab
axel_mendoza_img_0466,img_466.png,robots_y_tecnologia,ilustracion_plana_color,64,64,figura de androide de cuerpo completo,Wikimedia Commons,axel_mendoza,378c791ec7101b612b925450cbdf9d2c8ad4491c
axel_mendoza_img_0467,img_467.png,robots_y_tecnologia,ilustracion_plana_color,64,64,gráfico de robot cartoon miniatura en acción,Wikimedia Commons,axel_mendoza,7e843bbdfdf2b758d4924000eb4d424a4a23bec3
axel_mendoza_img_0468,img_468.png,robots_y_tecnologia,ilustracion_plana_color,64,64,ilustración de robot industrial miniatura,Wikimedia Commons,axel_mendoza,dfec69b2efb5715df7c38420259db537a3c0b296
axel_mendoza_img_0469,img_469.png,robots_y_tecnologia,ilustracion_plana_color,64,64,icono de robot industrial neón mediano en movimiento,Wikimedia Commons,axel_mendoza,6aaad266508951b90b6e1b9b4809a186a351aafa
axel_mendoza_img_0470,img_470.png,robots_y_tecnologia,ilustracion_plana_color,64,64,icono de robot guerrero geométrico con luz de neón,Wikimedia Commons,axel_mendoza,ecc36365180aa8878093a006e72179382e3b38b4
axel_mendoza_img_0471,img_471.png,robots_y_tecnologia,ilustracion_plana_color,64,64,dibujo de robot guerrero figura grande en fondo simple,Wikimedia Commons,axel_mendoza,df62a1fcd94043c63fb6c7b81d461fad3a4a517c
axel_mendoza_img_0472,img_472.png,robots_y_tecnologia,ilustracion_plana_color,64,64,dibujo de robot de servicio icono pequeño con engranajes,Wikimedia Commons,axel_mendoza,51804648ca8feaed6b5acc41d94f42f05811a4d0
axel_mendoza_img_0473,img_473.png,robots_y_tecnologia,ilustracion_plana_color,64,64,viñeta con robot explorador pixelado en primer plano volando,Wikimedia Commons,axel_mendoza,43f066c37d721ced41a86cc1ebd193c951b0cb00
axel_mendoza_img_0474,img_474.png,robots_y_tecnologia,ilustracion_plana_color,64,64,figura de robot guerrero miniatura trabajando,Wikimedia Commons,axel_mendoza,6de6aff10bca96745576dc61a6e14b13ef7b6d52
axel_mendoza_img_0475,img_475.png,robots_y_tecnologia,ilustracion_plana_color,64,64,clipart con robot caricaturesco,Wikimedia Commons,axel_mendoza,46cd1cc3249c1ddf5faaf9b44d261666005c8dd3
axel_mendoza_img_0476,img_476.png,robots_y_tecnologia,ilustracion_plana_color,64,64,gráfico de robot espacial en fondo blanco,Wikimedia Commons,axel_mendoza,3532212792225c9f1a1d73552d58cffb4dc578ea
axel_mendoza_img_0477,img_477.png,robots_y_tecnologia,ilustracion_plana_color,64,64,gráfico de robot de juguete pixelado en movimiento,Wikimedia Commons,axel_mendoza,76112aa710d41c642660e4da86c63c468bba1682
axel_mendoza_img_0478,img_478.png,robots_y_tecnologia,ilustracion_plana_color,64,64,figura de robot espacial en movimiento,Wikimedia Commons,axel_mendoza,1a2ca27ed6ca28900e95ae73e247b61c6142e31f
axel_mendoza_img_0486,img_486.png,robots_y_tecnologia,ilustracion_plana_color,64,64,dibujo de robot caminando,Wikimedia Commons,axel_mendoza,0d7621ce97cb443bca45e52934a57ec768f44d37
axel_mendoza_img_0516,img_516.png,robots_y_tecnologia,ilustracion_plana_color,64,64,ilustración de robot de servicio de cuerpo completo,Wikimedia Commons,axel_mendoza,43afb47f1cee5f291c01bbde8eb7bcf438d94702
axel_mendoza_img_0517,img_517.png,robots_y_tecnologia,ilustracion_plana_color,64,64,icono de robot asistente en el espacio,Wikimedia Commons,axel_mendoza,eb626c3da986effc75b763e0157ff6b98c9cb6a9
axel_mendoza_img_0518,img_518.png,robots_y_tecnologia,ilustracion_plana_color,64,64,gráfico de robot de servicio pixelado miniatura solo,Wikimedia Commons,axel_mendoza,88498bcebd93cc9d6d58f0d6e47546451ca7d4ee
axel_mendoza_img_0519,img_519.png,robots_y_tecnologia,ilustracion_plana_color,64,64,figura de robot asistente de cuerpo entero,Wikimedia Commons,axel_mendoza,1cb53983991cad5d402caf2d2c19a832ebd1813d
axel_mendoza_img_0520,img_520.png,robots_y_tecnologia,ilustracion_plana_color,64,64,dibujo de robot de servicio moderno en movimiento,Wikimedia Commons,axel_mendoza,3e2a0b25ce2062d8ba4193759d68c901b4a7b272
axel_mendoza_img_0521,img_521.png,robots_y_tecnologia,ilustracion_plana_color,64,64,clipart con robot guerrero de medio cuerpo en movimiento,Wikimedia Commons,axel_mendoza,0cd08a5bd99b9f9a7beffbe9d788f822819b7021
axel_mendoza_img_0522,img_522.png,robots_y_tecnologia,ilustracion_plana_color,64,64,icono de robot de servicio solo,Wikimedia Commons,axel_mendoza,71a89329b22bbdf305d9d5ce6f2b784c7ae909ed
axel_mendoza_img_0523,img_523.png,robots_y_tecnologia,ilustracion_plana_color,64,64,ilustración de robot de juguete miniatura con luz de neón,Wikimedia Commons,axel_mendoza,3321345e117dbe31baba0b02e3fa6cccad480f34
axel_mendoza_img_0524,img_524.png,robots_y_tecnologia,ilustracion_plana_color,64,64,imagen con mecha en estilo clipart con engranajes,Wikimedia Commons,axel_mendoza,94c4359fd58b43cc0ca48fb59e5d199895bccaa2
axel_mendoza_img_0525,img_525.png,robots_y_tecnologia,ilustracion_plana_color,64,64,dibujo de mecha de cuerpo entero,Wikimedia Commons,axel_mendoza,2cc16f45c67a69c2dc0e1d32f3393650cd5fb11c
axel_mendoza_img_0526,img_526.png,robots_y_tecnologia,ilustracion_plana_color,64,64,dibujo de robot industrial caricaturesco con circuitos,Wikimedia Commons,axel_mendoza,660dcd6404eaac56c9e1b63fcd34f3f1195b0169
axel_mendoza_img_0527,img_527.png,robots_y_tecnologia,ilustracion_plana_color,64,64,gráfico de androide miniatura,Wikimedia Commons,axel_mendoza,9bd56e6b2b972e42888d44db391d525689f2bda0
axel_mendoza_img_0528,img_528.png,robots_y_tecnologia,ilustracion_plana_color,64,64,gráfico de máquina autónoma con luz de neón,Wikimedia Commons,axel_mendoza,4a4d22927a5f2c5ee222231d6150f5290d98f7c5
axel_mendoza_img_0529,img_529.png,robots_y_tecnologia,ilustracion_plana_color,64,64,figura de mecha geométrico figura grande con pantalla,Wikimedia Commons,axel_mendoza,cdff21c403807d661f4d438df92bab93b8f0baac
axel_mendoza_img_0530,img_530.png,robots_y_tecnologia,ilustracion_plana_color,64,64,ilustración de androide metálico,Wikimedia Commons,axel_mendoza,70e32cf5be2fede66f1b87da704c1ebb99b07d93
axel_mendoza_img_0531,img_531.png,robots_y_tecnologia,ilustracion_plana_color,64,64,imagen con robot de juguete vintage en fondo blanco,Wikimedia Commons,axel_mendoza,000eb2eaf6ebe9e7b67fc6a6f08643c7f4d490e3
axel_mendoza_img_0532,img_532.png,robots_y_tecnologia,ilustracion_plana_color,64,64,gráfico de androide mediano,Wikimedia Commons,axel_mendoza,2792acaa390629f18d791a86d8e39e223865c76f
axel_mendoza_img_0533,img_533.png,robots_y_tecnologia,ilustracion_plana_color,64,64,icono de robot asistente plano con engranajes,Wikimedia Commons,axel_mendoza,756d604f364ae03601b2dff796108d4c7c372a7a
axel_mendoza_img_0534,img_534.png,robots_y_tecnologia,ilustracion_plana_color,64,64,clipart con robot de servicio icono pequeño,Wikimedia Commons,axel_mendoza,4a28c6e5a782a10688376ee307b0a745a8f0a849
axel_mendoza_img_0535,img_535.png,robots_y_tecnologia,ilustracion_plana_color,64,64,gráfico de androide grande en fondo simple,Wikimedia Commons,axel_mendoza,a4e29e0ef1554efd4c3731ec4f41828a2c54bd96
axel_mendoza_img_0536,img_536.png,robots_y_tecnologia,ilustracion_plana_color,64,64,figura de robot asistente de cuerpo completo estático,Wikimedia Commons,axel_mendoza,bf1d178d6fb284de326bef9fe081138e8dcb88cd
axel_mendoza_img_0537,img_537.png,robots_y_tecnologia,ilustracion_plana_color,64,64,figura de robot asistente futurista icono pequeño,Wikimedia Commons,axel_mendoza,f4e9104fb77cbe27c7fa3d8f51b7d973c988a287
axel_mendoza_img_0538,img_538.png,robots_y_tecnologia,ilustracion_plana_color,64,64,ilustración de robot espacial mediano portada,Wikimedia Commons,axel_mendoza,b0f93431e2503df71cca08127b0e799a9e7b3021
axel_mendoza_img_0539,img_539.png,robots_y_tecnologia,ilustracion_plana_color,64,64,figura de robot cartoon grande,Wikimedia Commons,axel_mendoza,a41767a6612adae6d11435f1ab96d6d5d837f6b4
axel_mendoza_img_0540,img_540.png,robots_y_tecnologia,ilustracion_plana_color,64,64,clipart con máquina autónoma con luz de neón,Wikimedia Commons,axel_mendoza,1ed6c73ac3d57cd8a7bce82e6f4ccb4e1ba3acdd
axel_mendoza_img_0541,img_541.png,robots_y_tecnologia,ilustracion_plana_color,64,64,viñeta con robot industrial metálico de cuerpo entero,Wikimedia Commons,axel_mendoza,6a0a413d44e7d0946350dc9a7e0a6d0844664c67
axel_mendoza_img_0542,img_542.png,robots_y_tecnologia,ilustracion_plana_color,64,64,gráfico de robot guerrero animado volando,Wikimedia Commons,axel_mendoza,3e80b81ec16585ae6d12f74c7da93b0d91ff2bb5
axel_mendoza_img_0543,img_543.png,robots_y_tecnologia,ilustracion_plana_color,64,64,gráfico de robot guerrero animado de cuerpo completo,Wikimedia Commons,axel_mendoza,add0b3d7657d820f93d4615c58c69bdcc302c1d6
axel_mendoza_img_0544,img_544.png,robots_y_tecnologia,ilustracion_plana_color,64,64,ilustración de robot de juguete figura grande caminando,Wikimedia Commons,axel_mendoza,63531bd9736e865b113e60360e4d86ec2b1166d0
axel_mendoza_img_0545,img_545.png,robots_y_tecnologia,ilustracion_plana_color,64,64,figura de robot industrial mediano con herramientas,Wikimedia Commons,axel_mendoza,67cd3fcbbddee55015593baafd908c89b4d63dac
axel_mendoza_img_0546,img_546.png,robots_y_tecnologia,ilustracion_plana_color,64,64,viñeta con máquina autónoma vintage,Wikimedia Commons,axel_mendoza,c6b30452cba9b9db4dec6c9cf3aff91ff47c9561
axel_mendoza_img_0547,img_547.png,robots_y_tecnologia,ilustracion_plana_color,64,64,gráfico de robot de juguete futurista en primer plano,Wikimedia Commons,axel_mendoza,753c9a179afed5be8c68d21de20645f7a39105f5
axel_mendoza_img_0548,img_548.png,robots_y_tecnologia,ilustracion_plana_color,64,64,viñeta con robot de juguete de medio cuerpo,Wikimedia Commons,axel_mendoza,fa53eae18c939c9743b875832f173dd0ed8ee810
axel_mendoza_img_0550,img_550.png,robots_y_tecnologia,ilustracion_plana_color,64,64,dibujo de androide retro saludando,Wikimedia Commons,axel_mendoza,04bb2bd0c0516c784f5ac20ddf29fe52318fa253
axel_mendoza_img_0551,img_551.png,robots_y_tecnologia,ilustracion_plana_color,64,64,gráfico de robot guerrero junto a tecnología,Wikimedia Commons,axel_mendoza,ee88368a0a062750045cd7af794fe3cc14d01041
axel_mendoza_img_0552,img_552.png,robots_y_tecnologia,ilustracion_plana_color,64,64,gráfico de robot humanoide en estilo clipart figura grande,Wikimedia Commons,axel_mendoza,eebc4e9325a03bc60eb6e8478fe50892b051fe45
axel_mendoza_img_0553,img_553.png,robots_y_tecnologia,ilustracion_plana_color,64,64,clipart con robot asistente caminando,Wikimedia Commons,axel_mendoza,08286d625299ce98f60d63cdc9e6876fd1a818f1
axel_mendoza_img_0554,img_554.png,robots_y_tecnologia,ilustracion_plana_color,64,64,viñeta con robot de juguete en primer plano portada,Wikimedia Commons,axel_mendoza,22d259ebc238f504fe42a87697f6ae7cf7d98856
axel_mendoza_img_0555,img_555.png,robots_y_tecnologia,ilustracion_plana_color,64,64,clipart con robot industrial pixelado de cuerpo entero,Wikimedia Commons,axel_mendoza,417528b617d530fcc86993a096e8383cce7687b9
axel_mendoza_img_0556,img_556.png,robots_y_tecnologia,ilustracion_plana_color,64,64,viñeta con robot guerrero con circuitos,Wikimedia Commons,axel_mendoza,8cd73a34e3991a50c0699156dbc5456b18665172
axel_mendoza_img_0557,img_557.png,robots_y_tecnologia,ilustracion_plana_color,64,64,viñeta con robot asistente retro,Wikimedia Commons,axel_mendoza,8c2ffceaa8226bab737ac5fae7327f7fa4908f18
axel_mendoza_img_0558,img_558.png,robots_y_tecnologia,ilustracion_plana_color,64,64,icono de robot espacial animado de medio cuerpo trabajando,Wikimedia Commons,axel_mendoza,c960882143a6c473f2ddaa9bf72ef8ea8016274d
axel_mendoza_img_0559,img_559.png,robots_y_tecnologia,ilustracion_plana_color,64,64,dibujo de robot humanoide junto a tecnología,Wikimedia Commons,axel_mendoza,97cb91220d6b856a9436358cfe1434d0e37875c6
axel_mendoza_img_0560,img_560.png,robots_y_tecnologia,ilustracion_plana_color,64,64,viñeta con máquina autónoma en estilo cartoon,Wikimedia Commons,axel_mendoza,742797f35c06a81d84fd876a05e8676dfe698d5a
axel_mendoza_img_0561,img_561.png,robots_y_tecnologia,ilustracion_plana_color,64,64,dibujo de robot explorador en estilo cartoon en primer plano con luz de neón,Wikimedia Commons,axel_mendoza,d1601b056fa5ad6501d22767b60ce2061ccd0cc0
axel_mendoza_img_0562,img_562.png,robots_y_tecnologia,ilustracion_plana_color,64,64,imagen con robot explorador icono pequeño,Wikimedia Commons,axel_mendoza,807894f7889a9a949044980ccd1ba7a25fe81058
axel_mendoza_img_0563,img_563.png,robots_y_tecnologia,ilustracion_plana_color,64,64,gráfico de androide neón en el espacio,Wikimedia Commons,axel_mendoza,35e53c8c4ad6325ed3ec74d53bde8fe730b13629
axel_mendoza_img_0564,img_564.png,robots_y_tecnologia,ilustracion_plana_color,64,64,imagen con robot asistente en primer plano,Wikimedia Commons,axel_mendoza,da89247e1b514b7c810097ece776792e8a6fccd1
axel_mendoza_img_0565,img_565.png,robots_y_tecnologia,ilustracion_plana_color,64,64,ilustración de robot explorador metálico de cuerpo completo,Wikimedia Commons,axel_mendoza,409a8e4180f1c906ced6b8ea295fca1c283c3e28
axel_mendoza_img_0566,img_566.png,robots_y_tecnologia,ilustracion_plana_color,64,64,figura de mecha de cuerpo entero,Wikimedia Commons,axel_mendoza,5f9b3be87866938f160c65b0df374dc3d096b451
axel_mendoza_img_0567,img_567.png,robots_y_tecnologia,ilustracion_plana_color,64,64,clipart con robot explorador en acción,Wikimedia Commons,axel_mendoza,230bfbf65612603da1a3818c8c58412085edab23
axel_mendoza_img_0568,img_568.png,robots_y_tecnologia,ilustracion_plana_color,64,64,figura de máquina autónoma con luz de neón,Wikimedia Commons,axel_mendoza,3494f52dcf4bb5a70461d812f7a3ac448a675c6a
axel_mendoza_img_0569,img_569.png,robots_y_tecnologia,ilustracion_plana_color,64,64,figura de mecha caricaturesco junto a tecnología,Wikimedia Commons,axel_mendoza,6682800869733274e50e48900c78176d8fbaf821
axel_mendoza_img_0570,img_570.png,robots_y_tecnologia,ilustracion_plana_color,64,64,ilustración de robot humanoide de cuerpo entero en acción,Wikimedia Commons,axel_mendoza,76ca5fb7b407b5997b8b25cfef807c45ae24312a
axel_mendoza_img_0571,img_571.png,robots_y_tecnologia,ilustracion_plana_color,64,64,clipart con mecha grande trabajando,Wikimedia Commons,axel_mendoza,dee5add38cbba2f88a0178cf6e381e054dd4e258
axel_mendoza_img_0572,img_572.png,robots_y_tecnologia,ilustracion_plana_color,64,64,figura de robot industrial metálico en movimiento,Wikimedia Commons,axel_mendoza,2df671272a43f18ba0398e79923a2006bd68ec7e
axel_mendoza_img_0573,img_573.png,robots_y_tecnologia,ilustracion_plana_color,64,64,dibujo de robot cartoon colorido con engranajes,Wikimedia Commons,axel_mendoza,0afd4ef20659f35e413f7583362f763522a98eb1
axel_mendoza_img_0574,img_574.png,robots_y_tecnologia,ilustracion_plana_color,64,64,ilustración de robot guerrero en estilo cartoon de medio cuerpo en fondo simple,Wikimedia Commons,axel_mendoza,234f70d1487ec90604566c8d5fb594449ac53db1
axel_mendoza_img_0576,img_576.png,robots_y_tecnologia,ilustracion_plana_color,64,64,viñeta con robot cartoon vintage,Wikimedia Commons,axel_mendoza,459ccf7192c445cff4f15ad0ef0dd7668a18282b
axel_mendoza_img_0577,img_577.png,robots_y_tecnologia,ilustracion_plana_color,64,64,gráfico de robot industrial de cuerpo completo,Wikimedia Commons,axel_mendoza,85fff5a6a0505384a4365b6d66e61f5b61484866
axel_mendoza_img_0578,img_578.png,robots_y_tecnologia,ilustracion_plana_color,64,64,figura de robot espacial figura grande junto a tecnología,Wikimedia Commons,axel_mendoza,362a9e74950746bb2fa01516d7e5e8e8a5724fc4
axel_mendoza_img_0579,img_579.png,robots_y_tecnologia,ilustracion_plana_color,64,64,viñeta con robot explorador plano en acción,Wikimedia Commons,axel_mendoza,85bc6381a81146344756568c8dff8fb8f618d248
axel_mendoza_img_0580,img_580.png,robots_y_tecnologia,ilustracion_plana_color,64,64,viñeta con robot futurista grande con engranajes,Wikimedia Commons,axel_mendoza,b83a9fcc969c81a03f74b715bda6dcbbda3b41a4
axel_mendoza_img_0581,img_581.png,robots_y_tecnologia,ilustracion_plana_color,64,64,imagen con robot guerrero minimalista grande,Wikimedia Commons,axel_mendoza,d18e97cc1fc1bcbba380b3323bfb4b1c9e992ed5
axel_mendoza_img_0582,img_582.png,robots_y_tecnologia,ilustracion_plana_color,64,64,dibujo de androide vintage con herramientas,Wikimedia Commons,axel_mendoza,37bb1fd9e7040c04049ac1830802ac25cfed5929
axel_mendoza_img_0583,img_583.png,robots_y_tecnologia,ilustracion_plana_color,64,64,figura de robot cartoon geométrico grande en acción,Wikimedia Commons,axel_mendoza,38595e4adedc4e57e8b1298f9a5d9b204d5b997d
axel_mendoza_img_0584,img_584.png,robots_y_tecnologia,ilustracion_plana_color,64,64,dibujo de mecha neón de cuerpo completo,Wikimedia Commons,axel_mendoza,9144c704e7bd35be37211b0cc063f882dba53e3e
axel_mendoza_img_0585,img_585.png,robots_y_tecnologia,ilustracion_plana_color,64,64,ilustración de mecha futurista,Wikimedia Commons,axel_mendoza,473ac821e3949720287c202d2180b8ff72147be0
axel_mendoza_img_0586,img_586.png,robots_y_tecnologia,ilustracion_plana_color,64,64,ilustración de robot humanoide moderno de cuerpo completo,Wikimedia Commons,axel_mendoza,34f074de80b7c94b704f2e6925f0e6750b9e17b1
axel_mendoza_img_0587,img_587.png,robots_y_tecnologia,ilustracion_plana_color,64,64,viñeta con robot animado,Wikimedia Commons,axel_mendoza,d5953cfbc938d59db8b9e0d46463e3914d9b9b4c
axel_mendoza_img_0588,img_588.png,robots_y_tecnologia,ilustracion_plana_color,64,64,gráfico de mecha icono pequeño,Wikimedia Commons,axel_mendoza,6675eb2274d6a0b977c181691611596bd54c6b04
axel_mendoza_img_0589,img_589.png,robots_y_tecnologia,ilustracion_plana_color,64,64,gráfico de androide neón de perfil,Wikimedia Commons,axel_mendoza,782ae3b8d4ce2ad6054ad0434fd9d5ed258e20dc
axel_mendoza_img_0590,img_590.png,robots_y_tecnologia,ilustracion_plana_color,64,64,figura de robot espacial de cuerpo entero saludando,Wikimedia Commons,axel_mendoza,778d128912aed450173ef7081946dedf3a3a8425
axel_mendoza_img_0591,img_591.png,robots_y_tecnologia,ilustracion_plana_color,64,64,clipart con androide en estilo cartoon,Wikimedia Commons,axel_mendoza,76620fddcbc01641006c2e7a31550fcc054b492c
axel_mendoza_img_0592,img_592.png,robots_y_tecnologia,ilustracion_plana_color,64,64,clipart con robot asistente saludando,Wikimedia Commons,axel_mendoza,2b1140423c357bfbb3b487bd29e61e068971d898
axel_mendoza_img_0593,img_593.png,robots_y_tecnologia,ilustracion_plana_color,64,64,viñeta con robot industrial futurista mediano,Wikimedia Commons,axel_mendoza,724c2e8f13f3eaaabe6343ca6fbd9ab9b48427c9
axel_mendoza_img_0594,img_594.png,robots_y_tecnologia,ilustracion_plana_color,64,64,ilustración de robot de juguete de cuerpo entero,Wikimedia Commons,axel_mendoza,67380bd0cc5b20f0e3dd5e89a0ea8db4c4e016e6
axel_mendoza_img_0595,img_595.png,robots_y_tecnologia,ilustracion_plana_color,64,64,figura de robot explorador retro de cuerpo completo,Wikimedia Commons,axel_mendoza,b1dee1731db52224d3e9b6e7ba2b5183b5f14d85
axel_mendoza_img_0596,img_596.png,robots_y_tecnologia,ilustracion_plana_color,64,64,ilustración de robot industrial en estilo cartoon,Wikimedia Commons,axel_mendoza,7babd9efe1235a1b589e6de8c6d55b47a0b6720c
axel_mendoza_img_0597,img_597.png,robots_y_tecnologia,ilustracion_plana_color,64,64,dibujo de robot explorador neón,Wikimedia Commons,axel_mendoza,5ebf469c5760e0a7be8281cd27ac7fee87cbcd8b
axel_mendoza_img_0598,img_598.png,robots_y_tecnologia,ilustracion_plana_color,64,64,icono de mecha colorido en acción,Wikimedia Commons,axel_mendoza,effaf98392f01bd875a1ed1b94705f760e80bc39
axel_mendoza_img_0599,img_599.png,robots_y_tecnologia,ilustracion_plana_color,64,64,icono de robot asistente mediano,Wikimedia Commons,axel_mendoza,0f884ae7f72b4b43d9d4b89e50b687fde5bdbded
axel_mendoza_img_0600,img_600.png,robots_y_tecnologia,ilustracion_plana_color,64,64,ilustración de máquina autónoma geométrico pequeño,Wikimedia Commons,axel_mendoza,4d73316d473c24dc2c722d026a46916e14c226ca
axel_mendoza_img_0601,img_601.png,robots_y_tecnologia,ilustracion_plana_color,64,64,clipart con robot guerrero miniatura con circuitos,Wikimedia Commons,axel_mendoza,3718f429e17201169d0fffbee4347c7f8fe093e3
axel_mendoza_img_0602,img_602.png,robots_y_tecnologia,ilustracion_plana_color,64,64,clipart con robot explorador mediano portada,Wikimedia Commons,axel_mendoza,f9738cababde33ea342958b9ff68a8209a1a851e
axel_mendoza_img_0603,img_603.png,robots_y_tecnologia,ilustracion_plana_color,64,64,ilustración de robot en acción,Wikimedia Commons,axel_mendoza,3663c9e184ce43d1f6fefb7de40bedc3ae75124a
axel_mendoza_img_0604,img_604.png,robots_y_tecnologia,ilustracion_plana_color,64,64,gráfico de máquina autónoma caricaturesco figura grande con circuitos,Wikimedia Commons,axel_mendoza,f521d76e80b85c30f0eda4503e4a727d88f78220
axel_mendoza_img_0605,img_605.png,robots_y_tecnologia,ilustracion_plana_color,64,64,gráfico de androide vintage figura grande,Wikimedia Commons,axel_mendoza,d5a3f16b4ae9f49c4b48438f905ce638c01f04d8
axel_mendoza_img_0606,img_606.png,robots_y_tecnologia,ilustracion_plana_color,64,64,clipart con robot espacial de frente,Wikimedia Commons,axel_mendoza,f4701824f7af08e53e7b8a145937427a0a0506a6
axel_mendoza_img_0607,img_607.png,robots_y_tecnologia,ilustracion_plana_color,64,64,icono de robot explorador en fondo blanco,Wikimedia Commons,axel_mendoza,33e7869d2da4dafad4f15d0c68c271263a781a28
axel_mendoza_img_0608,img_608.png,robots_y_tecnologia,ilustracion_plana_color,64,64,ilustración de robot espacial neón de cuerpo entero,Wikimedia Commons,axel_mendoza,0b2f67714797595e63ee4fb881af180ff1a4e379
axel_mendoza_img_0609,img_609.png,robots_y_tecnologia,ilustracion_plana_color,64,64,icono de androide geométrico de cuerpo entero de perfil,Wikimedia Commons,axel_mendoza,8f6d2d9f77fd601431a7c439aec969a3e2ee08c4
axel_mendoza_img_0610,img_610.png,robots_y_tecnologia,ilustracion_plana_color,64,64,imagen con robot espacial vintage grande,Wikimedia Commons,axel_mendoza,00c859962f71a98e9bd40042d4ed792fa2274f9a
axel_mendoza_img_0611,img_611.png,robots_y_tecnologia,ilustracion_plana_color,64,64,clipart con mecha animado grande en movimiento,Wikimedia Commons,axel_mendoza,1b5dc87dad01ef00b64e224d9f803d37f960319d
axel_mendoza_img_0612,img_612.png,robots_y_tecnologia,ilustracion_plana_color,64,64,dibujo de robot humanoide grande con herramientas,Wikimedia Commons,axel_mendoza,9065834ef91de3f9e7671eced440b4f51dd3555d
axel_mendoza_img_0613,img_613.png,robots_y_tecnologia,ilustracion_plana_color,64,64,ilustración de robot explorador geométrico,Wikimedia Commons,axel_mendoza,3604c472080d7f4b51d6dee27a5b71024d94c676
axel_mendoza_img_0614,img_614.png,robots_y_tecnologia,ilustracion_plana_color,64,64,gráfico de robot espacial mediano,Wikimedia Commons,axel_mendoza,57ec06fdd87c03fb61d16855dab9a4e53d8b31be
axel_mendoza_img_0615,img_615.png,robots_y_tecnologia,ilustracion_plana_color,64,64,ilustración de robot asistente en estilo clipart,Wikimedia Commons,axel_mendoza,8f56c2f8a73f1288c12361c54d75d3834e1b7734
axel_mendoza_img_0616,img_616.png,robots_y_tecnologia,ilustracion_plana_color,64,64,viñeta con robot de juguete retro en primer plano caminando,Wikimedia Commons,axel_mendoza,18536ac20e7af82e345d998bf991c460b3ffc966
axel_mendoza_img_0617,img_617.png,robots_y_tecnologia,ilustracion_plana_color,64,64,ilustración de robot de juguete mediano trabajando,Wikimedia Commons,axel_mendoza,d20d019d50233048bd2d236e5d8c7e2c500e902a
axel_mendoza_img_0618,img_618.png,robots_y_tecnologia,ilustracion_plana_color,64,64,imagen con robot pixelado,Wikimedia Commons,axel_mendoza,5886f2aff410c4e6fa996de05516df39df77cbeb
axel_mendoza_img_0619,img_619.png,robots_y_tecnologia,ilustracion_plana_color,64,64,viñeta con robot de servicio colorido grande caminando,Wikimedia Commons,axel_mendoza,5b78f01a6f6137db66dd2648482bf2ce45b062a2
axel_mendoza_img_0620,img_620.png,robots_y_tecnologia,ilustracion_plana_color,64,64,imagen con máquina autónoma de cuerpo entero,Wikimedia Commons,axel_mendoza,8f2af48f1987b8d179dfb4eb5e8b5b7bf0240912
axel_mendoza_img_0621,img_621.png,robots_y_tecnologia,ilustracion_plana_color,64,64,icono de robot guerrero en primer plano con herramientas,Wikimedia Commons,axel_mendoza,dddaff9a9465be940bd2e06bebbf822e122d16d4
axel_mendoza_img_0622,img_622.png,robots_y_tecnologia,ilustracion_plana_color,64,64,ilustración de robot de juguete mediano,Wikimedia Commons,axel_mendoza,0b195511089ee955f1ccf0b5bdb98836b93760a8
axel_mendoza_img_0623,img_623.png,robots_y_tecnologia,ilustracion_plana_color,64,64,imagen con robot humanoide minimalista,Wikimedia Commons,axel_mendoza,d994b86ac7e8c22b2e924b1d83f33b17e3dd1e1d
axel_mendoza_img_0624,img_624.png,robots_y_tecnologia,ilustracion_plana_color,64,64,ilustración de robot asistente pixelado de medio cuerpo,Wikimedia Commons,axel_mendoza,98cb2e8cdb1b181a04e5f303e91af8d319bb1f81
axel_mendoza_img_0625,img_625.png,robots_y_tecnologia,ilustracion_plana_color,64,64,ilustración de máquina autónoma pequeño en fondo simple,Wikimedia Commons,axel_mendoza,00e6d693f9c292e5c150080381c0ac50a8a0be81
axel_mendoza_img_0626,img_626.png,robots_y_tecnologia,ilustracion_plana_color,64,64,dibujo de robot de juguete metálico con pantalla,Wikimedia Commons,axel_mendoza,8aa8f9ca7ada4105e7fb7583ad15928d0593988f
axel_mendoza_img_0627,img_627.png,robots_y_tecnologia,ilustracion_plana_color,64,64,viñeta con robot de servicio moderno volando,Wikimedia Commons,axel_mendoza,9a3ed4388f2a46758c7827c75b9f65cd6db61008
axel_mendoza_img_0628,img_628.png,robots_y_tecnologia,ilustracion_plana_color,64,64,icono de robot humanoide animado,Wikimedia Commons,axel_mendoza,6104c4475b138bc11a11bdef3cd244ef035cd92e
axel_mendoza_img_0629,img_629.png,robots_y_tecnologia,ilustracion_plana_color,64,64,figura de robot cartoon pixelado en fondo blanco,Wikimedia Commons,axel_mendoza,db548b94f3d9bb3f0c709039fbe1ca47380d9a47
axel_mendoza_img_0630,img_630.png,robots_y_tecnologia,ilustracion_plana_color,64,64,gráfico de mecha neón de medio cuerpo de perfil,Wikimedia Commons,axel_mendoza,ce7d1bf8bfc5b96fb94e287422cd5fc08c124e80
axel_mendoza_img_0631,img_631.png,robots_y_tecnologia,ilustracion_plana_color,64,64,icono de robot guerrero en estilo clipart saludando,Wikimedia Commons,axel_mendoza,8fec7ce4f6f436c8d67c8df2fc6a663178c06415
axel_mendoza_img_0632,img_632.png,robots_y_tecnologia,ilustracion_plana_color,64,64,dibujo de androide animado,Wikimedia Commons,axel_mendoza,f69cd681faebe7829cce62cc27ba821c6124f034
axel_mendoza_img_0633,img_633.png,robots_y_tecnologia,ilustracion_plana_color,64,64,figura de robot asistente neón mediano,Wikimedia Commons,axel_mendoza,a87c973b97d3dc42d8f6462489a9c5824ec8a55a
axel_mendoza_img_0634,img_634.png,robots_y_tecnologia,ilustracion_plana_color,64,64,clipart con robot cartoon pixelado de cuerpo entero de frente,Wikimedia Commons,axel_mendoza,4ec7f7b3a7a781a011c96c3f11cdef622f8e7a70
axel_mendoza_img_0635,img_635.png,robots_y_tecnologia,ilustracion_plana_color,64,64,imagen con robot guerrero trabajando,Wikimedia Commons,axel_mendoza,49a27294bd7381998dacc8e3bac6088a0a02d745
axel_mendoza_img_0636,img_636.png,robots_y_tecnologia,ilustracion_plana_color,64,64,dibujo de robot de servicio de cuerpo entero en fondo blanco,Wikimedia Commons,axel_mendoza,da0a01e4218f795aa234b974cb27385495647b03
axel_mendoza_img_0637,img_637.png,robots_y_tecnologia,ilustracion_plana_color,64,64,viñeta con robot espacial mediano volando,Wikimedia Commons,axel_mendoza,d0e56067aedd8c9d50784b2d43c4557587ad1b4d
axel_mendoza_img_0638,img_638.png,robots_y_tecnologia,ilustracion_plana_color,64,64,ilustración de robot humanoide futurista con engranajes,Wikimedia Commons,axel_mendoza,ebcdd1f141d983b8b8e01e97e64782b90fb45cd9
axel_mendoza_img_0639,img_639.png,robots_y_tecnologia,ilustracion_plana_color,64,64,figura de robot guerrero futurista figura grande,Wikimedia Commons,axel_mendoza,bf6def49890c12492b75d47af544e2c5001d5442
axel_mendoza_img_0640,img_640.png,robots_y_tecnologia,ilustracion_plana_color,64,64,icono de robot asistente icono pequeño,Wikimedia Commons,axel_mendoza,269ee721e5f78c536be285be0b24965630faf4ad
axel_mendoza_img_0641,img_641.png,robots_y_tecnologia,ilustracion_plana_color,64,64,ilustración de androide de medio cuerpo,Wikimedia Commons,axel_mendoza,1d48590213dc8b012f53867213740843abd4300d
axel_mendoza_img_0642,img_642.png,robots_y_tecnologia,ilustracion_plana_color,64,64,icono de robot de servicio retro mediano trabajando,Wikimedia Commons,axel_mendoza,4d8c072631412de45453cbc77575a8d990291eef
axel_mendoza_img_0643,img_643.png,robots_y_tecnologia,ilustracion_plana_color,64,64,gráfico de máquina autónoma de medio cuerpo con herramientas,Wikimedia Commons,axel_mendoza,d41b27a7de6619fc08857feff7b79835f8fce4e4
axel_mendoza_img_0644,img_644.png,robots_y_tecnologia,ilustracion_plana_color,64,64,clipart con robot icono pequeño,Wikimedia Commons,axel_mendoza,3d206b3fe3d343a07ed9ee4aab4b59b2a2a3e9b4
axel_mendoza_img_0645,img_645.png,robots_y_tecnologia,ilustracion_plana_color,64,64,icono de androide en estilo clipart,Wikimedia Commons,axel_mendoza,8979c42121998791c76a2d125b6bd2215199636e
axel_mendoza_img_0646,img_646.png,robots_y_tecnologia,ilustracion_plana_color,64,64,imagen con robot pixelado de cuerpo completo saludando,Wikimedia Commons,axel_mendoza,a48fd8cdb2c181fadcbc68ae144aa2825b526aaa
axel_mendoza_img_0647,img_647.png,robots_y_tecnologia,ilustracion_plana_color,64,64,gráfico de robot de servicio vintage junto a tecnología,Wikimedia Commons,axel_mendoza,25d934c5398c067adc26c7a71ca9da9b97125a3c
axel_mendoza_img_0648,img_648.png,robots_y_tecnologia,ilustracion_plana_color,64,64,dibujo de androide volando,Wikimedia Commons,axel_mendoza,4d08367fd09691d8e91e5ecc23c2d574ef0509c4
axel_mendoza_img_0649,img_649.png,robots_y_tecnologia,ilustracion_plana_color,64,64,viñeta con robot explorador retro,Wikimedia Commons,axel_mendoza,7ce36a18f16b3480a455ee3e4b7854bfb316d4ef
axel_mendoza_img_0650,img_650.png,robots_y_tecnologia,ilustracion_plana_color,64,64,imagen con robot asistente animado grande junto a tecnología,Wikimedia Commons,axel_mendoza,97b07a7dcb4758834ff5b9031ab6711c1b5341f9
axel_mendoza_img_0651,img_651.png,robots_y_tecnologia,ilustracion_plana_color,64,64,gráfico de robot asistente animado de cuerpo entero,Wikimedia Commons,axel_mendoza,16a5024a4a3849b0cdb9a55336726745219f0719
axel_mendoza_img_0652,img_652.png,robots_y_tecnologia,ilustracion_plana_color,64,64,figura de robot industrial geométrico con herramientas,Wikimedia Commons,axel_mendoza,e2dd971610e94eb1476df5481cba816584476a84
axel_mendoza_img_0653,img_653.png,robots_y_tecnologia,ilustracion_plana_color,64,64,viñeta con robot humanoide miniatura con pantalla,Wikimedia Commons,axel_mendoza,d2befd2efa9513adf2343e90d749d55acc6c393e
axel_mendoza_img_0654,img_654.png,robots_y_tecnologia,ilustracion_plana_color,64,64,icono de robot cartoon con circuitos,Wikimedia Commons,axel_mendoza,607cba639ea2b563d76d97483f210dd58ae0e99f
axel_mendoza_img_0655,img_655.png,robots_y_tecnologia,ilustracion_plana_color,64,64,viñeta con robot solo,Wikimedia Commons,axel_mendoza,e1f12e0a1d0781931b4a44e7b9dd8323590e7af5
axel_mendoza_img_0656,img_656.png,robots_y_tecnologia,ilustracion_plana_color,64,64,gráfico de robot industrial vintage trabajando,Wikimedia Commons,axel_mendoza,456c2d4fb2d3252fa41e96087ec58d3e7fd53596
axel_mendoza_img_0657,img_657.png,robots_y_tecnologia,ilustracion_plana_color,64,64,imagen con robot guerrero metálico,Wikimedia Commons,axel_mendoza,c925bd8888bada2615d19baa9bff429b2569b1f8
axel_mendoza_img_0658,img_658.png,robots_y_tecnologia,ilustracion_plana_color,64,64,viñeta con robot de servicio estático,Wikimedia Commons,axel_mendoza,11ebc591ad1a4a9cdd3f1d4a39c6f21c6404da54
axel_mendoza_img_0659,img_659.png,robots_y_tecnologia,ilustracion_plana_color,64,64,gráfico de robot espacial pequeño en fondo blanco,Wikimedia Commons,axel_mendoza,736a0d89cd7c7f3dcc96eaba52d958d609a01260
axel_mendoza_img_0660,img_660.png,robots_y_tecnologia,ilustracion_plana_color,64,64,icono de robot en acción,Wikimedia Commons,axel_mendoza,ffbbe305de1727678245161c9b3a56d6ba21fb72
axel_mendoza_img_0661,img_661.png,robots_y_tecnologia,ilustracion_plana_color,64,64,viñeta con máquina autónoma miniatura,Wikimedia Commons,axel_mendoza,0a39cb5328791942cf96adfd2ce11923f1b6858b
axel_mendoza_img_0662,img_662.png,robots_y_tecnologia,ilustracion_plana_color,64,64,ilustración de robot industrial vintage con herramientas,Wikimedia Commons,axel_mendoza,2ff813d1cf414be1720daea27edb5284d52ba0bc
axel_mendoza_img_0663,img_663.png,robots_y_tecnologia,ilustracion_plana_color,64,64,imagen con robot explorador solo,Wikimedia Commons,axel_mendoza,91f3ff1fe5b113cd21ce231caa83ac175430f55f
axel_mendoza_img_0664,img_664.png,robots_y_tecnologia,ilustracion_plana_color,64,64,clipart con robot humanoide miniatura en fondo blanco,Wikimedia Commons,axel_mendoza,ae82786978b17defe661aab556d7ecfbe466f237
axel_mendoza_img_0665,img_665.png,robots_y_tecnologia,ilustracion_plana_color,64,64,figura de robot de juguete en primer plano,Wikimedia Commons,axel_mendoza,f6cebd1cfad08514c60b87f8ca941760bfc44f72
axel_mendoza_img_0666,img_666.png,robots_y_tecnologia,ilustracion_plana_color,64,64,clipart con robot de juguete con luz de neón,Wikimedia Commons,axel_mendoza,79ffee10a5164985b44822d365516e8cb027ee92
axel_mendoza_img_0667,img_667.png,robots_y_tecnologia,ilustracion_plana_color,64,64,clipart con robot asistente mediano en acción,Wikimedia Commons,axel_mendoza,35e9fae450369da59c9489657274ce2924c67c0e
axel_mendoza_img_0668,img_668.png,robots_y_tecnologia,ilustracion_plana_color,64,64,icono de robot en estilo cartoon portada,Wikimedia Commons,axel_mendoza,229f1cc29d4e2a26003719b7c1e2c5b36a35dc47
axel_mendoza_img_0669,img_669.png,robots_y_tecnologia,ilustracion_plana_color,64,64,icono de robot explorador en primer plano caminando,Wikimedia Commons,axel_mendoza,5482a44a06467601c6a1a929effbb5327d2a7b4e
axel_mendoza_img_0670,img_670.png,robots_y_tecnologia,ilustracion_plana_color,64,64,figura de robot grande,Wikimedia Commons,axel_mendoza,8c8bc76c28b074db2f6ff9e66d9826c604a1a68a
axel_mendoza_img_0671,img_671.png,robots_y_tecnologia,ilustracion_plana_color,64,64,clipart con robot explorador futurista,Wikimedia Commons,axel_mendoza,e1c44046ebfc737e7b994ba35df340e82fa8ac60
axel_mendoza_img_0672,img_672.png,robots_y_tecnologia,ilustracion_plana_color,64,64,figura de mecha vintage de cuerpo entero junto a tecnología,Wikimedia Commons,axel_mendoza,2907848d113d7853e069f487c0e0091c66d2373c
axel_mendoza_img_0673,img_673.png,robots_y_tecnologia,ilustracion_plana_color,64,64,figura de robot espacial plano grande caminando,Wikimedia Commons,axel_mendoza,ca605fca627f262f8e6fffe7a5d3fde8a2144cd3
axel_mendoza_img_0674,img_674.png,robots_y_tecnologia,ilustracion_plana_color,64,64,gráfico de robot explorador vintage,Wikimedia Commons,axel_mendoza,27cda45dd01c9acf8a4044e8347b86182d90d503
axel_mendoza_img_0675,img_675.png,robots_y_tecnologia,ilustracion_plana_color,64,64,figura de robot industrial vintage caminando,Wikimedia Commons,axel_mendoza,d37217e33595f6f7d539e4d010c315012b2a0986
axel_mendoza_img_0676,img_676.png,robots_y_tecnologia,ilustracion_plana_color,64,64,dibujo de mecha neón de medio cuerpo,Wikimedia Commons,axel_mendoza,ff0f66b26b42b31b3e7ca080716c7f4233a85a62
axel_mendoza_img_0677,img_677.png,robots_y_tecnologia,ilustracion_plana_color,64,64,imagen con mecha moderno junto a tecnología,Wikimedia Commons,axel_mendoza,d5ba59d57443ba54be16e158c1b1887ac666838d
axel_mendoza_img_0678,img_678.png,robots_y_tecnologia,ilustracion_plana_color,64,64,clipart con robot de juguete plano miniatura trabajando,Wikimedia Commons,axel_mendoza,69ed017d5e97360eeec8417be5460bbd6a43fc9c
axel_mendoza_img_0679,img_679.png,robots_y_tecnologia,ilustracion_plana_color,64,64,ilustración de robot asistente retro,Wikimedia Commons,axel_mendoza,d1d994efebbc729cf9858e2bda48e00396f7bd39
axel_mendoza_img_0680,img_680.png,robots_y_tecnologia,ilustracion_plana_color,64,64,figura de robot de servicio retro en fondo blanco,Wikimedia Commons,axel_mendoza,0985b4c9c8a75558b164fafca11980a373b36729
axel_mendoza_img_0681,img_681.png,robots_y_tecnologia,ilustracion_plana_color,64,64,imagen con robot espacial minimalista de cuerpo completo,Wikimedia Commons,axel_mendoza,0c4f71739c658e11478273b03c22fe072d62b543
axel_mendoza_img_0682,img_682.png,robots_y_tecnologia,ilustracion_plana_color,64,64,dibujo de robot explorador pequeño en acción,Wikimedia Commons,axel_mendoza,fdfba6c5ef2e01e881b9589f53d291e00e64e3a1
axel_mendoza_img_0683,img_683.png,robots_y_tecnologia,ilustracion_plana_color,64,64,viñeta con mecha colorido grande,Wikimedia Commons,axel_mendoza,1ad9b9772edf815014391681b3a7d01df40777e9
axel_mendoza_img_0684,img_684.png,robots_y_tecnologia,ilustracion_plana_color,64,64,gráfico de robot de servicio en estilo cartoon de cuerpo entero,Wikimedia Commons,axel_mendoza,2266a00efcadf2a0c34267b9fa80745d43ebecbf
axel_mendoza_img_0685,img_685.png,robots_y_tecnologia,ilustracion_plana_color,64,64,viñeta con robot explorador miniatura,Wikimedia Commons,axel_mendoza,36b075868d8f37c20c2186c4e923c609da57154d
axel_mendoza_img_0686,img_686.png,robots_y_tecnologia,ilustracion_plana_color,64,64,viñeta con androide metálico en el espacio,Wikimedia Commons,axel_mendoza,53d93c7905d2fce33f4d554789895998c61140da
axel_mendoza_img_0687,img_687.png,robots_y_tecnologia,ilustracion_plana_color,64,64,figura de robot espacial futurista mediano en fondo blanco,Wikimedia Commons,axel_mendoza,8d0df29d3ef385e266d64abbcac36e8beaadf4c7
axel_mendoza_img_0688,img_688.png,robots_y_tecnologia,ilustracion_plana_color,64,64,gráfico de robot humanoide neón con luz de neón,Wikimedia Commons,axel_mendoza,3a3d8a63563863da46dcf5dd879c3c7ee3ca078f
axel_mendoza_img_0689,img_689.png,robots_y_tecnologia,ilustracion_plana_color,64,64,figura de robot de juguete moderno icono pequeño portada,Wikimedia Commons,axel_mendoza,10f9b95fe81dcec25be9c9a3f94b3cdb7877c8f0
axel_mendoza_img_0690,img_690.png,robots_y_tecnologia,ilustracion_plana_color,64,64,clipart con robot de juguete geométrico de cuerpo entero,Wikimedia Commons,axel_mendoza,956cfe18afc48e5c8c87f34daa605a931be5f85a
axel_mendoza_img_0691,img_691.png,robots_y_tecnologia,ilustracion_plana_color,64,64,ilustración de robot de servicio minimalista de cuerpo completo con circuitos,Wikimedia Commons,axel_mendoza,bee0ae4f89b609821ef0489c5687b61568c2f9ab
axel_mendoza_img_0692,img_692.png,robots_y_tecnologia,ilustracion_plana_color,64,64,dibujo de robot cartoon caricaturesco,Wikimedia Commons,axel_mendoza,542949d02baae97467d172b7ba365eb8a33a6453
axel_mendoza_img_0693,img_693.png,robots_y_tecnologia,ilustracion_plana_color,64,64,imagen con robot guerrero moderno figura grande en movimiento,Wikimedia Commons,axel_mendoza,0d6ebffa7fc525ac715dcf575a810ff776e3a564
axel_mendoza_img_0694,img_694.png,robots_y_tecnologia,ilustracion_plana_color,64,64,imagen con robot de servicio animado de frente,Wikimedia Commons,axel_mendoza,5a8687e9ac560f7bc463d9c578c1ca2c7636ead4
axel_mendoza_img_0695,img_695.png,robots_y_tecnologia,ilustracion_plana_color,64,64,viñeta con robot industrial pequeño volando,Wikimedia Commons,axel_mendoza,54680c95c37ec57ff48ae1cbc56943b333f39404
axel_mendoza_img_0696,img_696.png,robots_y_tecnologia,ilustracion_plana_color,64,64,dibujo de androide en estilo clipart en el espacio,Wikimedia Commons,axel_mendoza,ad5c5c5c803dcff15d0d53e44385967f4edfc87d
axel_mendoza_img_0697,img_697.png,robots_y_tecnologia,ilustracion_plana_color,64,64,gráfico de robot asistente de medio cuerpo,Wikimedia Commons,axel_mendoza,fadb1c90e8b52f47036aa146ac40cba3d766eff9
axel_mendoza_img_0698,img_698.png,robots_y_tecnologia,ilustracion_plana_color,64,64,gráfico de robot humanoide plano,Wikimedia Commons,axel_mendoza,1034bfa0c6e4faa8afa0c227ece55757e94f9ff2
axel_mendoza_img_0699,img_699.png,robots_y_tecnologia,ilustracion_plana_color,64,64,viñeta con robot caricaturesco con engranajes,Wikimedia Commons,axel_mendoza,d71d4e203da6e922103492e41aef660282fee3bf
axel_mendoza_img_0700,img_700.png,robots_y_tecnologia,ilustracion_plana_color,64,64,icono de robot espacial pequeño saludando,Wikimedia Commons,axel_mendoza,ca5a988e158e607976f4a22f3df8189eacd40b58
axel_mendoza_img_0701,img_701.png,robots_y_tecnologia,ilustracion_plana_color,64,64,ilustración de androide en primer plano,Wikimedia Commons,axel_mendoza,e8fe4bd7ccf0ddc6d80081a99d44e68c1c0fe1f8
axel_mendoza_img_0702,img_702.png,robots_y_tecnologia,ilustracion_plana_color,64,64,icono de máquina autónoma animado de cuerpo entero,Wikimedia Commons,axel_mendoza,a716b251309cdf387905c87c807a7a5648c0646b
axel_mendoza_img_0703,img_703.png,robots_y_tecnologia,ilustracion_plana_color,64,64,viñeta con robot de juguete geométrico de cuerpo completo,Wikimedia Commons,axel_mendoza,7ce1f4960c422ad3b4ede72e9eeb48dabd8da97f
axel_mendoza_img_0704,img_704.png,robots_y_tecnologia,ilustracion_plana_color,64,64,ilustración de robot guerrero pequeño estático,Wikimedia Commons,axel_mendoza,44702d712a8c46e9db0c2d9975732ee5d7d2bfe9
axel_mendoza_img_0705,img_705.png,robots_y_tecnologia,ilustracion_plana_color,64,64,clipart con androide caminando,Wikimedia Commons,axel_mendoza,363e48f29e83e91fc0bca829ae16a05fa1086910
axel_mendoza_img_0706,img_706.png,robots_y_tecnologia,ilustracion_plana_color,64,64,icono de robot explorador minimalista en acción,Wikimedia Commons,axel_mendoza,f0d27cac8361e7638c4b1615dc544a2237b7532c
axel_mendoza_img_0707,img_707.png,robots_y_tecnologia,ilustracion_plana_color,64,64,ilustración de robot cartoon colorido de cuerpo completo,Wikimedia Commons,axel_mendoza,3cc17d87dd5a15c09fdd132cbf41d68b760774eb
axel_mendoza_img_0708,img_708.png,robots_y_tecnologia,ilustracion_plana_color,64,64,dibujo de robot de servicio mediano,Wikimedia Commons,axel_mendoza,982ad6e871168b693e8d64e74739d7279a98418f
axel_mendoza_img_0709,img_709.png,robots_y_tecnologia,ilustracion_plana_color,64,64,gráfico de máquina autónoma plano de medio cuerpo,Wikimedia Commons,axel_mendoza,023f269b2b98ea2261e4685eea52477bcb63d158
axel_mendoza_img_0710,img_710.png,robots_y_tecnologia,ilustracion_plana_color,64,64,imagen con robot explorador neón miniatura,Wikimedia Commons,axel_mendoza,242cf78367b8a9ba59840d2bbf40a68d3cd40649
axel_mendoza_img_0711,img_711.png,robots_y_tecnologia,ilustracion_plana_color,64,64,gráfico de androide saludando,Wikimedia Commons,axel_mendoza,31f59a93a7403e453969c5e5d1056096d08f5bba
axel_mendoza_img_0712,img_712.png,robots_y_tecnologia,ilustracion_plana_color,64,64,ilustración de androide en el espacio,Wikimedia Commons,axel_mendoza,255698d58849dd9d7bf89a630d3d5b05ea31b713
axel_mendoza_img_0713,img_713.png,robots_y_tecnologia,ilustracion_plana_color,64,64,figura de robot guerrero de cuerpo entero,Wikimedia Commons,axel_mendoza,1fc74c44953223388e6a15d929caa8b31fe20bae
axel_mendoza_img_0714,img_714.png,robots_y_tecnologia,ilustracion_plana_color,64,64,viñeta con robot solo,Wikimedia Commons,axel_mendoza,885dfe527b10583731731b9727106ff1d4c0ad71
axel_mendoza_img_0715,img_715.png,robots_y_tecnologia,ilustracion_plana_color,64,64,gráfico de robot colorido trabajando,Wikimedia Commons,axel_mendoza,4a6e226cf86ea9097bf16790dcd47186292fd90d
axel_mendoza_img_0716,img_716.png,robots_y_tecnologia,ilustracion_plana_color,64,64,viñeta con robot espacial geométrico en primer plano portada,Wikimedia Commons,axel_mendoza,c60794a9ab284318c4b5ab713032246adcf5b9b9
axel_mendoza_img_0717,img_717.png,robots_y_tecnologia,ilustracion_plana_color,64,64,dibujo de robot espacial icono pequeño de perfil,Wikimedia Commons,axel_mendoza,533d5a65a6ecabc7c48b2d925318391a901c181e
axel_mendoza_img_0718,img_718.png,robots_y_tecnologia,ilustracion_plana_color,64,64,icono de robot humanoide icono pequeño,Wikimedia Commons,axel_mendoza,4545c26965f3cba1551cf390fe68c6bb96681db5
axel_mendoza_img_0719,img_719.png,robots_y_tecnologia,ilustracion_plana_color,64,64,gráfico de robot de juguete mediano volando,Wikimedia Commons,axel_mendoza,18c0ba5234d1b580d96a33d20749857f8559242c
axel_mendoza_img_0720,img_720.png,robots_y_tecnologia,ilustracion_plana_color,64,64,icono de robot guerrero neón icono pequeño,Wikimedia Commons,axel_mendoza,e41cd8e9d6e672943c04f5206c75e6b6f3679313
axel_mendoza_img_0721,img_721.png,robots_y_tecnologia,ilustracion_plana_color,64,64,figura de robot grande,Wikimedia Commons,axel_mendoza,e135e5638dd7709ce32289d386254e0cb37b6354
axel_mendoza_img_0722,img_722.png,robots_y_tecnologia,ilustracion_plana_color,64,64,gráfico de robot humanoide figura grande junto a tecnología,Wikimedia Commons,axel_mendoza,143e43306399610b6ad4eb5a176dc48e89fc0fb6
axel_mendoza_img_0723,img_723.png,robots_y_tecnologia,ilustracion_plana_color,64,64,clipart con robot industrial geométrico de cuerpo completo en acción,Wikimedia Commons,axel_mendoza,ff5b0fe347e81c702ec9ef6f4fc8b6c9b2f50c47
axel_mendoza_img_0724,img_724.png,robots_y_tecnologia,ilustracion_plana_color,64,64,imagen con robot asistente animado volando,Wikimedia Commons,axel_mendoza,ea75afca8c61068adfbfeeafcc3db2b32a79411e
axel_mendoza_img_0725,img_725.png,robots_y_tecnologia,ilustracion_plana_color,64,64,figura de robot asistente de cuerpo entero de perfil,Wikimedia Commons,axel_mendoza,e6734932707748f6c6021e80a0d020c842190c84
axel_mendoza_img_0726,img_726.png,robots_y_tecnologia,ilustracion_plana_color,64,64,imagen con robot industrial plano,Wikimedia Commons,axel_mendoza,55ac338929e6cfc83df81bb8f9ef6ea4f3099650
axel_mendoza_img_0727,img_727.png,robots_y_tecnologia,ilustracion_plana_color,64,64,clipart con robot asistente moderno figura grande,Wikimedia Commons,axel_mendoza,eeff12bc4833790b1664de93bff065032a1395b4
axel_mendoza_img_0728,img_728.png,robots_y_tecnologia,ilustracion_plana_color,64,64,clipart con robot espacial mediano en el espacio,Wikimedia Commons,axel_mendoza,adcfd6f2ffc5397db9c9d063edfee8a6f6af844e
axel_mendoza_img_0729,img_729.png,robots_y_tecnologia,ilustracion_plana_color,64,64,gráfico de robot retro miniatura volando,Wikimedia Commons,axel_mendoza,0ce251e06502c31a9d186a92eaf32c5e69533a85
axel_mendoza_img_0730,img_730.png,robots_y_tecnologia,ilustracion_plana_color,64,64,icono de robot cartoon de cuerpo completo,Wikimedia Commons,axel_mendoza,520644dfa628f19d06bcbc861c3ae3a49af1b308
axel_mendoza_img_0731,img_731.png,robots_y_tecnologia,ilustracion_plana_color,64,64,gráfico de máquina autónoma animado,Wikimedia Commons,axel_mendoza,7a88dd6d22f330c931c920f2f53e80d5c4888f1b
axel_mendoza_img_0732,img_732.png,robots_y_tecnologia,ilustracion_plana_color,64,64,clipart con robot de juguete metálico trabajando,Wikimedia Commons,axel_mendoza,499e85d2a76d615702d66231542d68e569ec77eb
axel_mendoza_img_0733,img_733.png,robots_y_tecnologia,ilustracion_plana_color,64,64,dibujo de mecha de medio cuerpo con circuitos,Wikimedia Commons,axel_mendoza,c1b670a60f643d5a887d4265bf923bb160f646fa
axel_mendoza_img_0734,img_734.png,robots_y_tecnologia,ilustracion_plana_color,64,64,figura de robot asistente caricaturesco de cuerpo completo,Wikimedia Commons,axel_mendoza,b32b1f3f1debcab606da399bb454581f1a66152c
axel_mendoza_img_0735,img_735.png,robots_y_tecnologia,ilustracion_plana_color,64,64,gráfico de robot de juguete pequeño estático,Wikimedia Commons,axel_mendoza,c95c26fb9389706f24c83293f530c27d5c0277d1
axel_mendoza_img_0736,img_736.png,robots_y_tecnologia,ilustracion_plana_color,64,64,figura de máquina autónoma vintage,Wikimedia Commons,axel_mendoza,20be3a1a37e475f413ce15ab8f38a6faf7021f59
axel_mendoza_img_0737,img_737.png,robots_y_tecnologia,ilustracion_plana_color,64,64,dibujo de robot cartoon icono pequeño de frente,Wikimedia Commons,axel_mendoza,3ac0a026acee7349138f58561195cadefe8a6ee1
axel_mendoza_img_0738,img_738.png,robots_y_tecnologia,ilustracion_plana_color,64,64,dibujo de robot cartoon de medio cuerpo con herramientas,Wikimedia Commons,axel_mendoza,0df6cf191c8c9bc60ceb9dc3495062b9e3a013ed
axel_mendoza_img_0739,img_739.png,robots_y_tecnologia,ilustracion_plana_color,64,64,dibujo de robot industrial retro,Wikimedia Commons,axel_mendoza,0bce576844034fd3a4ac0024f6a6ea3cbdd2c0c2
axel_mendoza_img_0740,img_740.png,robots_y_tecnologia,ilustracion_plana_color,64,64,gráfico de robot cartoon plano grande portada,Wikimedia Commons,axel_mendoza,710d242b0869492e413e1852f71c3439c0c6b97e
axel_mendoza_img_0741,img_741.png,robots_y_tecnologia,ilustracion_plana_color,64,64,viñeta con robot espacial caricaturesco,Wikimedia Commons,axel_mendoza,de1c883049233983e30f4b287bdd6f101d27a843
axel_mendoza_img_0742,img_742.png,robots_y_tecnologia,ilustracion_plana_color,64,64,imagen con robot de juguete neón miniatura,Wikimedia Commons,axel_mendoza,90c0443fd8b2ed8c72cd759e2ba565b9b8ceffa0
axel_mendoza_img_0743,img_743.png,robots_y_tecnologia,ilustracion_plana_color,64,64,icono de robot cartoon icono pequeño en fondo simple,Wikimedia Commons,axel_mendoza,596a7d635ffdc6166bf547f5ba44a3ce24fc6a8c
axel_mendoza_img_0744,img_744.png,robots_y_tecnologia,ilustracion_plana_color,64,64,dibujo de robot humanoide caminando,Wikimedia Commons,axel_mendoza,e397d416c735cb1b042102b14aae7010c0014799
axel_mendoza_img_0745,img_745.png,robots_y_tecnologia,ilustracion_plana_color,64,64,ilustración de robot asistente de medio cuerpo con luz de neón,Wikimedia Commons,axel_mendoza,d96b36e2fc61afc9830857bd9a17be4fe64d68ab
axel_mendoza_img_0746,img_746.png,robots_y_tecnologia,ilustracion_plana_color,64,64,clipart con robot cartoon en primer plano,Wikimedia Commons,axel_mendoza,80ecdf3d45df50f14142e81a390388e4dddcb4b1
axel_mendoza_img_0747,img_747.png,robots_y_tecnologia,ilustracion_plana_color,64,64,figura de robot industrial neón con circuitos,Wikimedia Commons,axel_mendoza,d743e9471cd884c6364650392787af6c49ac42a8
axel_mendoza_img_0748,img_748.png,robots_y_tecnologia,ilustracion_plana_color,64,64,figura de robot de servicio miniatura,Wikimedia Commons,axel_mendoza,b5ddb8a1703936f8b3b69c868e2726c59718ee55
axel_mendoza_img_0749,img_749.png,robots_y_tecnologia,ilustracion_plana_color,64,64,ilustración de robot asistente animado miniatura,Wikimedia Commons,axel_mendoza,69b6c92364e7b6181fdbea9fc9e91c1946acd5a4
axel_mendoza_img_0750,img_750.png,robots_y_tecnologia,ilustracion_plana_color,64,64,ilustración de robot asistente estático,Wikimedia Commons,axel_mendoza,4bd5af37c0a1d91706e2bda5e5c4a0b79633b046
axel_mendoza_img_0751,img_751.png,robots_y_tecnologia,ilustracion_plana_color,64,64,gráfico de máquina autónoma caricaturesco de cuerpo entero en acción,Wikimedia Commons,axel_mendoza,0319aaf6c14bb029dde9e2eb43710634b33ca974
axel_mendoza_img_0752,img_752.png,robots_y_tecnologia,ilustracion_plana_color,64,64,clipart con robot humanoide en primer plano,Wikimedia Commons,axel_mendoza,1edced83fa58ca27657548791892213cfaa56c4a
axel_mendoza_img_0753,img_753.png,robots_y_tecnologia,ilustracion_plana_color,64,64,viñeta con robot humanoide de frente,Wikimedia Commons,axel_mendoza,111be7d5c725d5d476b28ecbf301e54a86730a1f
axel_mendoza_img_0754,img_754.png,robots_y_tecnologia,ilustracion_plana_color,64,64,figura de robot cartoon retro en primer plano,Wikimedia Commons,axel_mendoza,b623df4a1684de1efe9e4e77e9564bd8122abed5
axel_mendoza_img_0755,img_755.png,robots_y_tecnologia,ilustracion_plana_color,64,64,viñeta con robot espacial minimalista grande junto a tecnología,Wikimedia Commons,axel_mendoza,32737ddace3811380fd818cbff77ab5ffd22adf3
axel_mendoza_img_0756,img_756.png,robots_y_tecnologia,ilustracion_plana_color,64,64,clipart con robot asistente mediano,Wikimedia Commons,axel_mendoza,172e68c62b0e8510a8e24dfec9f247f17a3d4d4a
axel_mendoza_img_0757,img_757.png,robots_y_tecnologia,ilustracion_plana_color,64,64,gráfico de robot cartoon con circuitos,Wikimedia Commons,axel_mendoza,00c6d2291ea330bdbd5c47b306c9948a42e74c37
axel_mendoza_img_0758,img_758.png,robots_y_tecnologia,ilustracion_plana_color,64,64,gráfico de robot animado figura grande,Wikimedia Commons,axel_mendoza,4fc0225278cdd27314433e5fb650ae2187f25b78
axel_mendoza_img_0759,img_759.png,robots_y_tecnologia,ilustracion_plana_color,64,64,figura de robot geométrico,Wikimedia Commons,axel_mendoza,4c830ea742820aadfb551d5a99abe57f92016be1
axel_mendoza_img_0760,img_760.png,robots_y_tecnologia,ilustracion_plana_color,64,64,imagen con robot cartoon animado trabajando,Wikimedia Commons,axel_mendoza,478ba4a0903c1688811f42edbb803be6a67107ac
axel_mendoza_img_0761,img_761.png,robots_y_tecnologia,ilustracion_plana_color,64,64,figura de robot espacial retro,Wikimedia Commons,axel_mendoza,acd4fcafb9400ead83f7f9668f431d3f73215817
axel_mendoza_img_0762,img_762.png,robots_y_tecnologia,ilustracion_plana_color,64,64,dibujo de robot humanoide en el espacio,Wikimedia Commons,axel_mendoza,835c9fd5154798bf829c74b2a580bbbd4356fbf7
axel_mendoza_img_0763,img_763.png,robots_y_tecnologia,ilustracion_plana_color,64,64,viñeta con mecha miniatura estático,Wikimedia Commons,axel_mendoza,fd2767ace440a76878875db07fc3c655a8dd0362
axel_mendoza_img_0764,img_764.png,robots_y_tecnologia,ilustracion_plana_color,64,64,gráfico de robot cartoon en primer plano en movimiento,Wikimedia Commons,axel_mendoza,3237e438d8a6157bf11f8ce31e7af1adf0707aa3
axel_mendoza_img_0765,img_765.png,robots_y_tecnologia,ilustracion_plana_color,64,64,icono de robot humanoide de cuerpo entero portada,Wikimedia Commons,axel_mendoza,7684fd73e1e66ac6292249649a86e27bd713cec7
axel_mendoza_img_0766,img_766.png,robots_y_tecnologia,ilustracion_plana_color,64,64,icono de mecha retro portada,Wikimedia Commons,axel_mendoza,dd3116e28eed6cb9057842d69c6ae81a6fe6cbd9
axel_mendoza_img_0767,img_767.png,robots_y_tecnologia,ilustracion_plana_color,64,64,clipart con androide solo,Wikimedia Commons,axel_mendoza,3bfcb186200f83b33e4530486e62e514371571f3
axel_mendoza_img_0768,img_768.png,robots_y_tecnologia,ilustracion_plana_color,64,64,dibujo de robot explorador en estilo cartoon,Wikimedia Commons,axel_mendoza,dbdbb4a7e560764fedee9e67f8583051942c1176
axel_mendoza_img_0769,img_769.png,robots_y_tecnologia,ilustracion_plana_color,64,64,imagen con robot cartoon en acción,Wikimedia Commons,axel_mendoza,89e10c3d1e9def7fc6f89bfc9ac545ff1243167a
axel_mendoza_img_0770,img_770.png,robots_y_tecnologia,ilustracion_plana_color,64,64,ilustración de robot guerrero en estilo clipart,Wikimedia Commons,axel_mendoza,154367efcca0654933100b046beed01b9537574f
axel_mendoza_img_0771,img_771.png,robots_y_tecnologia,ilustracion_plana_color,64,64,dibujo de robot asistente volando,Wikimedia Commons,axel_mendoza,d90bea96ddc9852fa97c821110058a622d8827dc
axel_mendoza_img_0772,img_772.png,robots_y_tecnologia,ilustracion_plana_color,64,64,imagen con robot espacial colorido,Wikimedia Commons,axel_mendoza,fbb2a6d0b37070d543753b2c84d3852904efbe61
axel_mendoza_img_0773,img_773.png,robots_y_tecnologia,ilustracion_plana_color,64,64,clipart con robot guerrero mediano estático,Wikimedia Commons,axel_mendoza,d61fc9f31bb0fe4318e608a3886eedcaf6c4498e
axel_mendoza_img_0774,img_774.png,robots_y_tecnologia,ilustracion_plana_color,64,64,ilustración de robot espacial futurista,Wikimedia Commons,axel_mendoza,42b2555adf5775496bb0f6635da9bf32ec88bd4f
axel_mendoza_img_0775,img_775.png,robots_y_tecnologia,ilustracion_plana_color,64,64,icono de robot explorador caricaturesco volando,Wikimedia Commons,axel_mendoza,17a224213b4b4b4bffdd4c1f6b8b3135d04c3846
axel_mendoza_img_0776,img_776.png,robots_y_tecnologia,ilustracion_plana_color,64,64,gráfico de robot espacial pequeño con luz de neón,Wikimedia Commons,axel_mendoza,161ea7041ff4b6ca9f0a2ead8f29bef01bbecd67
axel_mendoza_img_0777,img_777.png,robots_y_tecnologia,ilustracion_plana_color,64,64,icono de mecha geométrico icono pequeño,Wikimedia Commons,axel_mendoza,2455e759f3dce2981bbf641a544957fa6c470557
axel_mendoza_img_0778,img_778.png,robots_y_tecnologia,ilustracion_plana_color,64,64,imagen con robot vintage de perfil,Wikimedia Commons,axel_mendoza,8cb79c030522cd34ac360b5a68adf83a895e45c1
axel_mendoza_img_0779,img_779.png,robots_y_tecnologia,ilustracion_plana_color,64,64,viñeta con robot humanoide figura grande,Wikimedia Commons,axel_mendoza,6c155cc6ab1630cf1bfcfd54deb1c2106aba8e89
axel_mendoza_img_0780,img_780.png,robots_y_tecnologia,ilustracion_plana_color,64,64,ilustración de robot espacial vintage,Wikimedia Commons,axel_mendoza,b45d5bb2609407365cd8ace09b1c24816bff2354
axel_mendoza_img_0781,img_781.png,robots_y_tecnologia,ilustracion_plana_color,64,64,dibujo de robot asistente mediano caminando,Wikimedia Commons,axel_mendoza,a4c4d7898cfce60e2cbde9724af57bbeefa924fc
axel_mendoza_img_0782,img_782.png,robots_y_tecnologia,ilustracion_plana_color,64,64,imagen con robot espacial en primer plano,Wikimedia Commons,axel_mendoza,17ce7d376643da048abf027dfec7fcaccc111461
axel_mendoza_img_0783,img_783.png,robots_y_tecnologia,ilustracion_plana_color,64,64,ilustración de androide pixelado,Wikimedia Commons,axel_mendoza,a31f7aa08e7208794802a115abf55ebbf3affeaf
axel_mendoza_img_0784,img_784.png,robots_y_tecnologia,ilustracion_plana_color,64,64,clipart con robot cartoon grande,Wikimedia Commons,axel_mendoza,ba59ceba27e00dfe1b354171dbd272c1221ac130
axel_mendoza_img_0785,img_785.png,robots_y_tecnologia,ilustracion_plana_color,64,64,viñeta con robot de juguete mediano en fondo simple,Wikimedia Commons,axel_mendoza,ae0384565f339ab0814298db05aec96a136ac562
axel_mendoza_img_0786,img_786.png,robots_y_tecnologia,ilustracion_plana_color,64,64,figura de robot humanoide de cuerpo entero,Wikimedia Commons,axel_mendoza,c707111cae0e905fd7d95d632e575d09ce804b4d
axel_mendoza_img_0787,img_787.png,robots_y_tecnologia,ilustracion_plana_color,64,64,dibujo de robot guerrero neón icono pequeño,Wikimedia Commons,axel_mendoza,d116907473746cf1415f4bca7262fd2ea93aa6f4
axel_mendoza_img_0788,img_788.png,robots_y_tecnologia,ilustracion_plana_color,64,64,clipart con androide retro,Wikimedia Commons,axel_mendoza,fec18c8addc61a4ee29b0b2283d2b8abbd229e28
axel_mendoza_img_0789,img_789.png,robots_y_tecnologia,ilustracion_plana_color,64,64,gráfico de robot de juguete en estilo clipart miniatura con engranajes,Wikimedia Commons,axel_mendoza,6f45c5b745984440b76abb424e37fc1ef18afad1
axel_mendoza_img_0790,img_790.png,robots_y_tecnologia,ilustracion_plana_color,64,64,gráfico de robot explorador plano portada,Wikimedia Commons,axel_mendoza,9a76d757ac5f6cd93f501a1e3d5a7e3b53bff85b
axel_mendoza_img_0791,img_791.png,robots_y_tecnologia,ilustracion_plana_color,64,64,clipart con robot asistente icono pequeño,Wikimedia Commons,axel_mendoza,9a714b247715f45db85030343ff738f641e3741d
axel_mendoza_img_0792,img_792.png,robots_y_tecnologia,ilustracion_plana_color,64,64,viñeta con robot futurista de medio cuerpo,Wikimedia Commons,axel_mendoza,e9de8b9b05c0bf6c0ed3036b11229d5fc36bab3f
axel_mendoza_img_0793,img_793.png,robots_y_tecnologia,ilustracion_plana_color,64,64,icono de robot cartoon pixelado en primer plano estático,Wikimedia Commons,axel_mendoza,86c723b9be57eb2a32350ead62db305e1a666b89
axel_mendoza_img_0794,img_794.png,robots_y_tecnologia,ilustracion_plana_color,64,64,ilustración de robot guerrero en movimiento,Wikimedia Commons,axel_mendoza,43a386b6305b8700bbd64239e8b4a8b9f92ea56b
axel_mendoza_img_0795,img_795.png,robots_y_tecnologia,ilustracion_plana_color,64,64,gráfico de robot humanoide figura grande con pantalla,Wikimedia Commons,axel_mendoza,7128a5f9358581293dc2d652ce082e153a316ced
axel_mendoza_img_0796,img_796.png,robots_y_tecnologia,ilustracion_plana_color,64,64,imagen con robot cartoon geométrico grande estático,Wikimedia Commons,axel_mendoza,a5ca260aa6188782fc0b0f875e34a2201d44d6df
axel_mendoza_img_0797,img_797.png,robots_y_tecnologia,ilustracion_plana_color,64,64,viñeta con robot asistente grande,Wikimedia Commons,axel_mendoza,4ababebab5f8171a5fb59ab7949cfb60a917180c
axel_mendoza_img_0798,img_798.png,robots_y_tecnologia,ilustracion_plana_color,64,64,viñeta con robot de servicio en primer plano,Wikimedia Commons,axel_mendoza,ac9811e8cdc9d001bea58c3815bd1087b6d7a8cd
axel_mendoza_img_0799,img_799.png,robots_y_tecnologia,ilustracion_plana_color,64,64,icono de máquina autónoma vintage de cuerpo entero solo,Wikimedia Commons,axel_mendoza,94230dddd69393a60c208b2b0a7e0abfbf6e313c
axel_mendoza_img_0800,img_800.png,robots_y_tecnologia,ilustracion_plana_color,64,64,icono de androide icono pequeño,Wikimedia Commons,axel_mendoza,b4e900632f949b0eb6afbf77a2795867f0dc6cdb
axel_mendoza_img_0801,img_801.png,robots_y_tecnologia,ilustracion_plana_color,64,64,ilustración de robot asistente en estilo clipart en primer plano,Wikimedia Commons,axel_mendoza,5780664b4679669936154e233d08177576f18b87
axel_mendoza_img_0802,img_802.png,robots_y_tecnologia,ilustracion_plana_color,64,64,imagen con androide colorido de cuerpo entero,Wikimedia Commons,axel_mendoza,bad0cea24245aa969b76d4652bbc4182add1326e
axel_mendoza_img_0803,img_803.png,robots_y_tecnologia,ilustracion_plana_color,64,64,imagen con androide con pantalla,Wikimedia Commons,axel_mendoza,36af467b50aa6da0d9207dcdd9010d2c5631cfe2
axel_mendoza_img_0804,img_804.png,robots_y_tecnologia,ilustracion_plana_color,64,64,dibujo de máquina autónoma en estilo cartoon,Wikimedia Commons,axel_mendoza,94ca01e7f11ed545a9e429af6f4d5c0d02b01d7b
axel_mendoza_img_0805,img_805.png,robots_y_tecnologia,ilustracion_plana_color,64,64,figura de robot de cuerpo completo con engranajes,Wikimedia Commons,axel_mendoza,df42128a98f8581338f1c8d613308c481b38e9af
axel_mendoza_img_0806,img_806.png,robots_y_tecnologia,ilustracion_plana_color,64,64,viñeta con mecha en primer plano con engranajes,Wikimedia Commons,axel_mendoza,927304915a7525463bfa43a9f09456f638db0dd2
axel_mendoza_img_0807,img_807.png,robots_y_tecnologia,ilustracion_plana_color,64,64,ilustración de robot explorador vintage de cuerpo completo portada,Wikimedia Commons,axel_mendoza,293b26e24b87681b23598d4e3e52dee111eac797
axel_mendoza_img_0808,img_808.png,robots_y_tecnologia,ilustracion_plana_color,64,64,figura de robot cartoon de medio cuerpo con luz de neón,Wikimedia Commons,axel_mendoza,3f05e366f84b57669dd660eb45880e35bc5e9f2d
axel_mendoza_img_0809,img_809.png,robots_y_tecnologia,ilustracion_plana_color,64,64,figura de mecha caminando,Wikimedia Commons,axel_mendoza,c7766e851ba7d67d3d04f1d594d236fae42fb5f6
axel_mendoza_img_0810,img_810.png,robots_y_tecnologia,ilustracion_plana_color,64,64,clipart con mecha neón de cuerpo entero,Wikimedia Commons,axel_mendoza,45be8d39db2216dad6a2d08b854c9d2f1efac845
axel_mendoza_img_0811,img_811.png,robots_y_tecnologia,ilustracion_plana_color,64,64,icono de robot industrial de cuerpo entero volando,Wikimedia Commons,axel_mendoza,5e4fc19163a3fc125196deaecd3e4155c9e137b0
axel_mendoza_img_0812,img_812.png,robots_y_tecnologia,ilustracion_plana_color,64,64,icono de mecha plano mediano,Wikimedia Commons,axel_mendoza,7a824e11f8d5f5ae84f934e75c7a9238a71838a0
axel_mendoza_img_0813,img_813.png,robots_y_tecnologia,ilustracion_plana_color,64,64,ilustración de robot explorador geométrico icono pequeño con engranajes,Wikimedia Commons,axel_mendoza,9a15c42ae70611d4c229e7500fea14ffea96457d
axel_mendoza_img_0814,img_814.png,robots_y_tecnologia,ilustracion_plana_color,64,64,clipart con robot asistente animado,Wikimedia Commons,axel_mendoza,c1d9c40f801f70bbc5155eb7e529035fe59cdf54
axel_mendoza_img_0815,img_815.png,robots_y_tecnologia,ilustracion_plana_color,64,64,gráfico de robot de juguete caminando,Wikimedia Commons,axel_mendoza,bc709affd59e9654954233ec2673e61787cf5702
axel_mendoza_img_0816,img_816.png,robots_y_tecnologia,ilustracion_plana_color,64,64,clipart con mecha pixelado,Wikimedia Commons,axel_mendoza,55b8b96d80ea4ec7ddc57544fd94388cdfc38d69
axel_mendoza_img_0817,img_817.png,robots_y_tecnologia,ilustracion_plana_color,64,64,figura de máquina autónoma geométrico de cuerpo entero,Wikimedia Commons,axel_mendoza,f9ab9945776b149dc817ecc36abedfe39bb6997e
axel_mendoza_img_0818,img_818.png,robots_y_tecnologia,ilustracion_plana_color,64,64,icono de robot espacial en el espacio,Wikimedia Commons,axel_mendoza,40bcc5517330cc06d29400b2a655c47928866b31
axel_mendoza_img_0819,img_819.png,robots_y_tecnologia,ilustracion_plana_color,64,64,clipart con robot humanoide colorido miniatura,Wikimedia Commons,axel_mendoza,9f7ca499093c2dc4aa30252f3366215d6beea3f6
axel_mendoza_img_0820,img_820.png,robots_y_tecnologia,ilustracion_plana_color,64,64,figura de mecha figura grande volando,Wikimedia Commons,axel_mendoza,c81b944bf501334c79089180c9023a464088ffef
axel_mendoza_img_0821,img_821.png,robots_y_tecnologia,ilustracion_plana_color,64,64,icono de robot de juguete neón en fondo simple,Wikimedia Commons,axel_mendoza,203266c7b73872dc1e9263dc29b3cc28dc0a4b9f
axel_mendoza_img_0822,img_822.png,robots_y_tecnologia,ilustracion_plana_color,64,64,clipart con mecha vintage,Wikimedia Commons,axel_mendoza,a7df8289f2056baaf0e23938000a54c8bf625482
axel_mendoza_img_0823,img_823.png,robots_y_tecnologia,ilustracion_plana_color,64,64,figura de mecha con luz de neón,Wikimedia Commons,axel_mendoza,426c25795ec1aacf0da9285436ea28c05c175ce9
axel_mendoza_img_0824,img_824.png,robots_y_tecnologia,ilustracion_plana_color,64,64,gráfico de robot cartoon neón figura grande,Wikimedia Commons,axel_mendoza,16564344803e87a1447f70038dfc97d97419d650
axel_mendoza_img_0825,img_825.png,robots_y_tecnologia,ilustracion_plana_color,64,64,gráfico de robot explorador figura grande,Wikimedia Commons,axel_mendoza,182f42252c6143b0188a6c06a44166107686b679
axel_mendoza_img_0826,img_826.png,robots_y_tecnologia,ilustracion_plana_color,64,64,gráfico de robot humanoide animado pequeño volando,Wikimedia Commons,axel_mendoza,ab35886889c155c4c1327d9c2997c9301355c836
axel_mendoza_img_0827,img_827.png,robots_y_tecnologia,ilustracion_plana_color,64,64,clipart con robot espacial de medio cuerpo saludando,Wikimedia Commons,axel_mendoza,61dc7a259c00be59014bcb6034d8e491989e9580
axel_mendoza_img_0828,img_828.png,robots_y_tecnologia,ilustracion_plana_color,64,64,imagen con mecha de medio cuerpo,Wikimedia Commons,axel_mendoza,24ee07ffeea30dc42ad0c613a7b2450ecaf51e79
axel_mendoza_img_0829,img_829.png,robots_y_tecnologia,ilustracion_plana_color,64,64,imagen con robot de servicio icono pequeño,Wikimedia Commons,axel_mendoza,eb8a3ddcaa7146a71990f070689e83dadefb9441
axel_mendoza_img_0830,img_830.png,robots_y_tecnologia,ilustracion_plana_color,64,64,icono de mecha solo,Wikimedia Commons,axel_mendoza,c86e651af3023af6a29d2335006190b56fcd5e7e
axel_mendoza_img_0831,img_831.png,robots_y_tecnologia,ilustracion_plana_color,64,64,dibujo de mecha vintage solo,Wikimedia Commons,axel_mendoza,bd944619bb580068312aef2861a1137b17097ec9
axel_mendoza_img_0832,img_832.png,robots_y_tecnologia,ilustracion_plana_color,64,64,gráfico de robot explorador vintage en primer plano,Wikimedia Commons,axel_mendoza,4fb1bcfe6c98592bcf55beb21fb8ae51cef50f5d
axel_mendoza_img_0833,img_833.png,robots_y_tecnologia,ilustracion_plana_color,64,64,imagen con mecha caricaturesco de cuerpo completo con pantalla,Wikimedia Commons,axel_mendoza,01ae0916f8f4ad150218d55e993d78a5ab1a9d6a
axel_mendoza_img_0834,img_834.png,robots_y_tecnologia,ilustracion_plana_color,64,64,viñeta con robot industrial en primer plano,Wikimedia Commons,axel_mendoza,23c8b8dd8966d66c20b64d295cf90c49c02b7532
axel_mendoza_img_0835,img_835.png,robots_y_tecnologia,ilustracion_plana_color,64,64,icono de robot explorador en el espacio,Wikimedia Commons,axel_mendoza,2a9601fe7ed5b35fb637514fa9d988a61cc0ea8c
axel_mendoza_img_0836,img_836.png,robots_y_tecnologia,ilustracion_plana_color,64,64,clipart con robot cartoon futurista grande,Wikimedia Commons,axel_mendoza,9cf42a5fac1237a502670979891a51f7d7c52b73
axel_mendoza_img_0837,img_837.png,robots_y_tecnologia,ilustracion_plana_color,64,64,ilustración de robot guerrero animado,Wikimedia Commons,axel_mendoza,c5c651fdce050f52f4de189020205ddf2d7d5114
axel_mendoza_img_0838,img_838.png,robots_y_tecnologia,ilustracion_plana_color,64,64,dibujo de robot humanoide con herramientas,Wikimedia Commons,axel_mendoza,4c6a9cdb97ca23a7289d74fd7d684dfbcd6b25d9
axel_mendoza_img_0839,img_839.png,robots_y_tecnologia,ilustracion_plana_color,64,64,figura de robot asistente neón grande en acción,Wikimedia Commons,axel_mendoza,9014e4b1914d2e219cd61c0952c42a6ac9ef3fd5
axel_mendoza_img_0840,img_840.png,robots_y_tecnologia,ilustracion_plana_color,64,64,figura de robot de juguete animado en el espacio,Wikimedia Commons,axel_mendoza,168cd69e1593f32c995620e07ff7f4e307e96d52
axel_mendoza_img_0841,img_841.png,robots_y_tecnologia,ilustracion_plana_color,64,64,figura de androide metálico en primer plano,Wikimedia Commons,axel_mendoza,cf3eb14fd5e36402212cc711f88bf2823a2e6449
axel_mendoza_img_0842,img_842.png,robots_y_tecnologia,ilustracion_plana_color,64,64,clipart con máquina autónoma futurista caminando,Wikimedia Commons,axel_mendoza,20adc69e138e5c6d518dc364bae78396a401ac7b
axel_mendoza_img_0843,img_843.png,robots_y_tecnologia,ilustracion_plana_color,64,64,gráfico de androide plano de cuerpo completo,Wikimedia Commons,axel_mendoza,be62b873ba3961c3fc7c5a3292fcc737b9e0d2a6
axel_mendoza_img_0844,img_844.png,robots_y_tecnologia,ilustracion_plana_color,64,64,figura de robot de servicio plano,Wikimedia Commons,axel_mendoza,95b58afb1d0078e02ff41f5ad2e751deaa1e5a5f
axel_mendoza_img_0845,img_845.png,robots_y_tecnologia,ilustracion_plana_color,64,64,viñeta con máquina autónoma pequeño,Wikimedia Commons,axel_mendoza,71c37067560a2c2fabf5848b538a8dc62523294b
axel_mendoza_img_0846,img_846.png,robots_y_tecnologia,ilustracion_plana_color,64,64,figura de robot asistente minimalista,Wikimedia Commons,axel_mendoza,f07507f6077af3c97ae72468779c6a1f28a01ee4
axel_mendoza_img_0847,img_847.png,robots_y_tecnologia,ilustracion_plana_color,64,64,imagen con robot cartoon geométrico solo,Wikimedia Commons,axel_mendoza,879b5c0229449197fe079590dceef1daefb38c25
axel_mendoza_img_0848,img_848.png,robots_y_tecnologia,ilustracion_plana_color,64,64,ilustración de robot guerrero figura grande,Wikimedia Commons,axel_mendoza,b76e9960bb258150fd1bfe49e87107ad3c746768
axel_mendoza_img_0849,img_849.png,robots_y_tecnologia,ilustracion_plana_color,64,64,figura de máquina autónoma metálico figura grande con engranajes,Wikimedia Commons,axel_mendoza,4bbacc6e9d1761611b7abb589b26c95a4d938969
axel_mendoza_img_0850,img_850.png,robots_y_tecnologia,ilustracion_plana_color,64,64,imagen con robot espacial geométrico de cuerpo completo,Wikimedia Commons,axel_mendoza,affecf1d97dcfea5db0e57ce570fdfa317eac2be
axel_mendoza_img_0851,img_851.png,robots_y_tecnologia,ilustracion_plana_color,64,64,ilustración de androide con luz de neón,Wikimedia Commons,axel_mendoza,f679699c9c33838b26355bfb40023aefce4a938d
axel_mendoza_img_0852,img_852.png,robots_y_tecnologia,ilustracion_plana_color,64,64,ilustración de robot industrial vintage de cuerpo completo con circuitos,Wikimedia Commons,axel_mendoza,f0485cac6cb7b196eb21a236c606ea17a90edcef
axel_mendoza_img_0853,img_853.png,robots_y_tecnologia,ilustracion_plana_color,64,64,ilustración de robot industrial de cuerpo entero,Wikimedia Commons,axel_mendoza,32c73b4de5dda8cb07cc71f8dcff552ee346fa50
axel_mendoza_img_0854,img_854.png,robots_y_tecnologia,ilustracion_plana_color,64,64,clipart con robot en estilo clipart,Wikimedia Commons,axel_mendoza,c56826543bd94ecb17ac22539aa24b2155a1886f
axel_mendoza_img_0855,img_855.png,robots_y_tecnologia,ilustracion_plana_color,64,64,ilustración de robot retro de medio cuerpo con luz de neón,Wikimedia Commons,axel_mendoza,fa09fe8eca45b0186058b51e857e3600d54be585
axel_mendoza_img_0856,img_856.png,robots_y_tecnologia,ilustracion_plana_color,64,64,icono de robot espacial colorido de cuerpo entero con engranajes,Wikimedia Commons,axel_mendoza,445ef7e11be60a3a2a796aefa7ec26e9a473c906
axel_mendoza_img_0857,img_857.png,robots_y_tecnologia,ilustracion_plana_color,64,64,gráfico de robot guerrero plano,Wikimedia Commons,axel_mendoza,75d6db089ea40e3464a999b1523f0c1d17c4dce2
axel_mendoza_img_0858,img_858.png,robots_y_tecnologia,ilustracion_plana_color,64,64,ilustración de máquina autónoma animado,Wikimedia Commons,axel_mendoza,36e61612ef50729a55ce413acefad6230cdb0672
axel_mendoza_img_0859,img_859.png,robots_y_tecnologia,ilustracion_plana_color,64,64,imagen con mecha mediano,Wikimedia Commons,axel_mendoza,4c857c5097757cf20682fd31c9554a5245aead21
axel_mendoza_img_0860,img_860.png,robots_y_tecnologia,ilustracion_plana_color,64,64,ilustración de robot espacial con pantalla,Wikimedia Commons,axel_mendoza,2621b3f7a149ce7e9e0d4706588fc3748e12012f
axel_mendoza_img_0861,img_861.png,robots_y_tecnologia,ilustracion_plana_color,64,64,dibujo de robot explorador geométrico icono pequeño solo,Wikimedia Commons,axel_mendoza,c8e90d44cff4b6c2ebe7892fd2ea701819f6f605
axel_mendoza_img_0862,img_862.png,robots_y_tecnologia,ilustracion_plana_color,64,64,imagen con robot asistente retro figura grande,Wikimedia Commons,axel_mendoza,6f43f277d53199f7a535fa3e6ea203b10d97093f
axel_mendoza_img_0863,img_863.png,robots_y_tecnologia,ilustracion_plana_color,64,64,gráfico de robot explorador metálico en el espacio,Wikimedia Commons,axel_mendoza,2dba4aedc05569d10c80eeeb0e071312f54e5d84
axel_mendoza_img_0864,img_864.png,robots_y_tecnologia,ilustracion_plana_color,64,64,clipart con robot espacial vintage,Wikimedia Commons,axel_mendoza,d9aabda14b9c3ba024d85301dcdf4fbdfb90228a
axel_mendoza_img_0865,img_865.png,robots_y_tecnologia,ilustracion_plana_color,64,64,clipart con androide junto a tecnología,Wikimedia Commons,axel_mendoza,a8b677af39d8dbec3ca60aede44a6f1eedd5f86b
axel_mendoza_img_0866,img_866.png,robots_y_tecnologia,ilustracion_plana_color,64,64,gráfico de máquina autónoma en el espacio,Wikimedia Commons,axel_mendoza,3731e0c1d3459396ac96ddcc84e042ecee5c7e7c
axel_mendoza_img_0867,img_867.png,robots_y_tecnologia,ilustracion_plana_color,64,64,figura de robot industrial colorido saludando,Wikimedia Commons,axel_mendoza,19668a5bba11cc3849b241be80e734c739b038f0
axel_mendoza_img_0868,img_868.png,robots_y_tecnologia,ilustracion_plana_color,64,64,clipart con robot industrial moderno volando,Wikimedia Commons,axel_mendoza,7d87b99360fe23d520ed5715e2eddd37cad9e028
axel_mendoza_img_0869,img_869.png,robots_y_tecnologia,ilustracion_plana_color,64,64,clipart con robot cartoon metálico miniatura en acción,Wikimedia Commons,axel_mendoza,54b1ba106b905a66eda9dee52d64f4d3a1111830
axel_mendoza_img_0870,img_870.png,robots_y_tecnologia,ilustracion_plana_color,64,64,viñeta con robot cartoon mediano,Wikimedia Commons,axel_mendoza,4426d9fbf0476e4a576d84d48050b749a839c5b2
axel_mendoza_img_0871,img_871.png,robots_y_tecnologia,ilustracion_plana_color,64,64,ilustración de robot espacial futurista,Wikimedia Commons,axel_mendoza,60debf5c717ee4f8f09057f15d409e570550b98d
axel_mendoza_img_0872,img_872.png,robots_y_tecnologia,ilustracion_plana_color,64,64,figura de robot de servicio retro de cuerpo completo,Wikimedia Commons,axel_mendoza,a3122c4fce23439f636fc21cfbbf8cfd1b7e31fc
axel_mendoza_img_0873,img_873.png,robots_y_tecnologia,ilustracion_plana_color,64,64,ilustración de robot industrial icono pequeño con engranajes,Wikimedia Commons,axel_mendoza,b146ce7360d5887bfa11dfdd2302f0ad454b7fdc
axel_mendoza_img_0874,img_874.png,robots_y_tecnologia,ilustracion_plana_color,64,64,dibujo de mecha grande junto a tecnología,Wikimedia Commons,axel_mendoza,4cbc6222e38afa85d05d76eecabd8d114540864c
axel_mendoza_img_0875,img_875.png,robots_y_tecnologia,ilustracion_plana_color,64,64,figura de robot explorador caminando,Wikimedia Commons,axel_mendoza,5a098f453893f22cfa7e113106e904274025d413
axel_mendoza_img_0876,img_876.png,robots_y_tecnologia,ilustracion_plana_color,64,64,figura de robot industrial metálico de cuerpo completo con circuitos,Wikimedia Commons,axel_mendoza,0e1c9c78898680983a4cc48bd1aae4728fb52a92
axel_mendoza_img_0877,img_877.png,robots_y_tecnologia,ilustracion_plana_color,64,64,figura de robot humanoide en primer plano en movimiento,Wikimedia Commons,axel_mendoza,13355d4050a0c4de061e2b7a60452e764882bc1f
axel_mendoza_img_0878,img_878.png,robots_y_tecnologia,ilustracion_plana_color,64,64,viñeta con robot de servicio metálico de medio cuerpo,Wikimedia Commons,axel_mendoza,c65e1ebcce24164ffbeef719e2bc67a894d39eb3
axel_mendoza_img_0879,img_879.png,robots_y_tecnologia,ilustracion_plana_color,64,64,ilustración de robot humanoide de frente,Wikimedia Commons,axel_mendoza,293b6f9e28302c83cff841cd65580db8ab03663b
axel_mendoza_img_0880,img_880.png,robots_y_tecnologia,ilustracion_plana_color,64,64,dibujo de robot humanoide figura grande,Wikimedia Commons,axel_mendoza,c1091ffe0b2f719e3537349abaa36866667c00e8
axel_mendoza_img_0881,img_881.png,robots_y_tecnologia,ilustracion_plana_color,64,64,ilustración de mecha pequeño estático,Wikimedia Commons,axel_mendoza,93d78a1a366de17f139625a871bde17c06dc2af4
axel_mendoza_img_0882,img_882.png,robots_y_tecnologia,ilustracion_plana_color,64,64,imagen con robot de juguete moderno,Wikimedia Commons,axel_mendoza,242f5f49d5e7bf2adff823f642c205086823688b
axel_mendoza_img_0883,img_883.png,robots_y_tecnologia,ilustracion_plana_color,64,64,imagen con máquina autónoma caricaturesco con luz de neón,Wikimedia Commons,axel_mendoza,04abcda78e148283c27f4e2f6a1c0f6d7f975baf
axel_mendoza_img_0884,img_884.png,robots_y_tecnologia,ilustracion_plana_color,64,64,clipart con robot de servicio colorido de cuerpo completo,Wikimedia Commons,axel_mendoza,754db58280ce9fab806b33b74e147ab36d6b447a
axel_mendoza_img_0886,img_886.png,robots_y_tecnologia,ilustracion_plana_color,64,64,gráfico de robot de servicio en estilo cartoon pequeño trabajando,Wikimedia Commons,axel_mendoza,641b518d5416c9144d4feca11a184395b2ceaedb
axel_mendoza_img_0887,img_887.png,robots_y_tecnologia,ilustracion_plana_color,64,64,clipart con robot explorador grande,Wikimedia Commons,axel_mendoza,e10dcb70f13ba82440715a540c574941af8fa060
axel_mendoza_img_0888,img_888.png,robots_y_tecnologia,ilustracion_plana_color,64,64,clipart con robot de juguete moderno en movimiento,Wikimedia Commons,axel_mendoza,cd87f0f3ac78ab6f30b5b9d4bdaf64769049cc91
axel_mendoza_img_0889,img_889.png,robots_y_tecnologia,ilustracion_plana_color,64,64,imagen con robot industrial icono pequeño trabajando,Wikimedia Commons,axel_mendoza,9b9578c5971795d9316255cbc582cd2bc2891919
axel_mendoza_img_0890,img_890.png,robots_y_tecnologia,ilustracion_plana_color,64,64,dibujo de robot de servicio minimalista pequeño volando,Wikimedia Commons,axel_mendoza,60ee5ce3883cf5e17e923b89f8aeea5d866a82d7
axel_mendoza_img_0891,img_891.png,robots_y_tecnologia,ilustracion_plana_color,64,64,figura de robot guerrero en acción,Wikimedia Commons,axel_mendoza,1a63294b378a041313e8ef3e5d768eea13cd3b96
axel_mendoza_img_0892,img_892.png,robots_y_tecnologia,ilustracion_plana_color,64,64,figura de androide neón figura grande con herramientas,Wikimedia Commons,axel_mendoza,9a95c1b7a5085ee7052cf6777bb4be939b584d13
axel_mendoza_img_0893,img_893.png,robots_y_tecnologia,ilustracion_plana_color,64,64,dibujo de robot de juguete miniatura,Wikimedia Commons,axel_mendoza,36bc95ef7207ed131132c82111a3b30fe345d1c5
axel_mendoza_img_0894,img_894.png,robots_y_tecnologia,ilustracion_plana_color,64,64,gráfico de robot de servicio moderno mediano,Wikimedia Commons,axel_mendoza,67029152d1e954645bad8164f1b61c446bf55174
axel_mendoza_img_0895,img_895.png,robots_y_tecnologia,ilustracion_plana_color,64,64,gráfico de robot industrial de cuerpo entero en fondo simple,Wikimedia Commons,axel_mendoza,80a1b5697e60f2389fca7c7e661c01fe88209222
axel_mendoza_img_0896,img_896.png,robots_y_tecnologia,ilustracion_plana_color,64,64,figura de robot asistente icono pequeño,Wikimedia Commons,axel_mendoza,2a95ff3ae7fdfd7916dd7ac73d5cecd896d14858
axel_mendoza_img_0897,img_897.png,robots_y_tecnologia,ilustracion_plana_color,64,64,clipart con robot asistente retro de cuerpo completo de frente,Wikimedia Commons,axel_mendoza,7074a4c89322e5bf71d57838ff46da072c603d63
axel_mendoza_img_0898,img_898.png,robots_y_tecnologia,ilustracion_plana_color,64,64,dibujo de robot industrial caminando,Wikimedia Commons,axel_mendoza,c0e81ef0caac9b9dab485dc68a2bf0b9ee12fd32
axel_mendoza_img_0899,img_899.png,robots_y_tecnologia,ilustracion_plana_color,64,64,ilustración de robot cartoon de cuerpo entero en fondo blanco,Wikimedia Commons,axel_mendoza,c0d2e2c1d60a187c03dd2d7c94fd284ea27cafbe
axel_mendoza_img_0900,img_900.png,robots_y_tecnologia,ilustracion_plana_color,64,64,ilustración de robot asistente vintage,Wikimedia Commons,axel_mendoza,447b1e3c6687e9e70a5543eb37a52a4a4985f182
axel_mendoza_img_0901,img_901.png,robots_y_tecnologia,ilustracion_plana_color,64,64,clipart con robot cartoon pixelado portada,Wikimedia Commons,axel_mendoza,3377b3b7dd5bd0c6593f714ee0b68527c5f4fab9
axel_mendoza_img_0902,img_902.png,robots_y_tecnologia,ilustracion_plana_color,64,64,imagen con robot humanoide moderno caminando,Wikimedia Commons,axel_mendoza,0582da753f79012b622693de2fe0eefad5e6881c
axel_mendoza_img_0903,img_903.png,robots_y_tecnologia,ilustracion_plana_color,64,64,imagen con robot de juguete retro caminando,Wikimedia Commons,axel_mendoza,dad0e666cafeaaf25475e623344579834bf7b4d2
axel_mendoza_img_0904,img_904.png,robots_y_tecnologia,ilustracion_plana_color,64,64,clipart con máquina autónoma miniatura junto a tecnología,Wikimedia Commons,axel_mendoza,6af5c50c9e91fd61a7fe41d476681e9580495280
axel_mendoza_img_0905,img_905.png,robots_y_tecnologia,ilustracion_plana_color,64,64,imagen con mecha neón,Wikimedia Commons,axel_mendoza,41a4c54e076dfc0cc5afbd860618fd007d03f47f
axel_mendoza_img_0906,img_906.png,robots_y_tecnologia,ilustracion_plana_color,64,64,viñeta con robot de juguete en estilo clipart caminando,Wikimedia Commons,axel_mendoza,5ff6b52966d4bc5330b50df272c7a08da3e821f3
axel_mendoza_img_0907,img_907.png,robots_y_tecnologia,ilustracion_plana_color,64,64,gráfico de robot de juguete retro caminando,Wikimedia Commons,axel_mendoza,7e12a055ccc862250e2ef9f46e99d79c5e5652fb
