id,archivo,tematica,estilo,ancho,alto,descripcion,fuente,recolector,hash_imagen
Valeria14022001_img_0001,img_0001.png,heroes_y_aventuras,ilustracion_plana_color,400,400,armadura con espada,rawpixel,Valeria14022001,2645fdd6c9cf50455fa617ae3273f789360de6b2
Valeria14022001_img_0002,img_0002.png,heroes_y_aventuras,ilustracion_plana_color,800,1200,astronauta amistoso sena paz,rawpixel,Valeria14022001,321a7085a577b4e3c3e0424015fe0de2ea3bd7d5
Valeria14022001_img_0003,img_0003.png,heroes_y_aventuras,ilustracion_plana_color,800,800,astronauta con arma,rawpixel,Valeria14022001,4342ac6adb2c6d79f207763a9df083804a1b5412
Valeria14022001_img_0004,img_0004.png,heroes_y_aventuras,ilustracion_plana_color,400,400,astronauta de pie,rawpixel,Valeria14022001,e69e6d6cd709b8855110057d58f69dd8c0a97658
Valeria14022001_img_0005,img_0005.png,heroes_y_aventuras,ilustracion_plana_color,800,800,astronauta de pie sena paz,rawpixel,Valeria14022001,27be32b7c08ca673455b2d61fbd8a35333c5a5b9
Valeria14022001_img_0006,img_0006.png,heroes_y_aventuras,ilustracion_plana_color,400,400,astronauta flotando,rawpixel,Valeria14022001,ccbf3a09be24df7d799209aea88d0f2aeb42aa96
Valeria14022001_img_0007,img_0007.png,heroes_y_aventuras,ilustracion_plana_color,800,800,astronauta flotando sena paz,rawpixel,Valeria14022001,d25811ab3012e75898cc9f4e9aabf95da73f281a
Valeria14022001_img_0008,img_0008.png,heroes_y_aventuras,ilustracion_plana_color,800,800,bombera casco rojo extinguidor,rawpixel,Valeria14022001,1ffc2e738db9c8a8f5dd398410cfd62655ea690d
Valeria14022001_img_0009,img_0009.png,heroes_y_aventuras,ilustracion_plana_color,800,800,bombera casco rojo manguera azul,rawpixel,Valeria14022001,9e15c426b3681c037109d5f554547034359065cb
Valeria14022001_img_0010,img_0010.png,heroes_y_aventuras,ilustracion_plana_color,800,800,bombera manta mangera,rawpixel,Valeria14022001,6ccfd186d248bed58d6af2f1d881a5afc02ed4f5
Valeria14022001_img_0011,img_0011.png,heroes_y_aventuras,ilustracion_plana_color,800,800,bombera naranja casco,rawpixel,Valeria14022001,e0e4369425ae009a004639f4c66fd427d91deacc
Valeria14022001_img_0012,img_0012.png,heroes_y_aventuras,ilustracion_plana_color,800,800,bombera roja,rawpixel,Valeria14022001,4156ad883b30985998f9d6cc8d7cdebb2677d336
Valeria14022001_img_0013,img_0013.png,heroes_y_aventuras,ilustracion_plana_color,800,800,bombera roja con casco,rawpixel,Valeria14022001,4323f82fbe7ceefc7ac694e91dccac5bc7e30ae8
Valeria14022001_img_0014,img_0014.png,heroes_y_aventuras,ilustracion_plana_color,800,800,bombera roja con manguera,rawpixel,Valeria14022001,28ad139f097f580c309938aff760c7b52ed12c92
Valeria14022001_img_0015,img_0015.png,heroes_y_aventuras,ilustracion_plana_color,800,800,bombera rubia con manguera,rawpixel,Valeria14022001,e4d6ee15d43dc662778b6624ddfdffc73f5f228a
Valeria14022001_img_0016,img_0016.png,heroes_y_aventuras,ilustracion_plana_color,800,1200,bombera traje naranja rayas naranjas,rawpixel,Valeria14022001,b2286d7a405387cc48cb6ca83972d327ee0cc8b6
Valeria14022001_img_0017,img_0017.png,heroes_y_aventuras,ilustracion_plana_color,800,1422,bombera traje negro con manguea,rawpixel,Valeria14022001,a21009774f0bb01f369e930f21f1766a7fe30aff
Valeria14022001_img_0018,img_0018.png,heroes_y_aventuras,ilustracion_plana_color,800,800,bombera traje y casco amarillo con manguera,rawpixel,Valeria14022001,97242fd84bab7a2c01739ea6269b6ff383dba4ba
Valeria14022001_img_0019,img_0019.png,heroes_y_aventuras,ilustracion_plana_color,800,800,bombero amarillo casco rojo manguera,rawpixel,Valeria14022001,dc4c64c497d48ef0629201928e885d78f3599875
Valeria14022001_img_0020,img_0020.png,heroes_y_aventuras,ilustracion_plana_color,800,800,bombero amarillo casco rojo manguera,rawpixel,Valeria14022001,822fbbdf064725590e8577d5d57099560e81a392
Valeria14022001_img_0021,img_0021.png,heroes_y_aventuras,ilustracion_plana_color,800,800,bombero amarillo con hacha,rawpixel,Valeria14022001,049cc5438f4966d72cde901665a260ab05025ef7
Valeria14022001_img_0022,img_0022.png,heroes_y_aventuras,ilustracion_plana_color,800,800,bombero amarillo con manguera,rawpixel,Valeria14022001,51bd6ef7f1bbd984c3663f73a15c63b196e3f17b
Valeria14022001_img_0023,img_0023.png,heroes_y_aventuras,ilustracion_plana_color,800,800,bombero animado azul con manguera,rawpixel,Valeria14022001,fcf8b93a128f48b0d537afe7f846e9a0b005cf3f
Valeria14022001_img_0024,img_0024.png,heroes_y_aventuras,ilustracion_plana_color,800,800,bombero animado con manguera,rawpixel,Valeria14022001,886dd0502540cf3b036105a4c4a06f49a9928295
Valeria14022001_img_0025,img_0025.png,heroes_y_aventuras,ilustracion_plana_color,800,800,bombero animado traje rojo,rawpixel,Valeria14022001,184a33d7553130f6f8513a8138c0c3934bbf61b3
Valeria14022001_img_0026,img_0026.png,heroes_y_aventuras,ilustracion_plana_color,800,800,bombero caminando con hacha y manguera,rawpixel,Valeria14022001,e636a8ceb60c1c5f36781ff23005a3043c9f1e2f
Valeria14022001_img_0027,img_0027.png,heroes_y_aventuras,ilustracion_plana_color,800,800,bombero casco,rawpixel,Valeria14022001,63a8c135edbbc0c1c451513de90f2811666f7bf1
Valeria14022001_img_0028,img_0028.png,heroes_y_aventuras,ilustracion_plana_color,800,800,bombero casco amarillo extintor,rawpixel,Valeria14022001,60798f63f729acbcac4d7b36fec769b589ab1a64
Valeria14022001_img_0029,img_0029.png,heroes_y_aventuras,ilustracion_plana_color,800,800,bombero casco amarillo hacha y manguera,rawpixel,Valeria14022001,12a6ff2552103b1ef2d2bcd0ddcd252c99614a29
Valeria14022001_img_0030,img_0030.png,heroes_y_aventuras,ilustracion_plana_color,800,800,bombero casco negro traje cafe,rawpixel,Valeria14022001,b4ed4864660f65d7bc8dc6076638d18149ee3c5b
Valeria14022001_img_0031,img_0031.png,heroes_y_aventuras,ilustracion_plana_color,800,800,bombero casco rojo apaga fuego,rawpixel,Valeria14022001,6209b5c684d51a8588a4a9c5ac6d6502e38d33f1
Valeria14022001_img_0032,img_0032.png,heroes_y_aventuras,ilustracion_plana_color,800,800,bombero casco rojo hacha y manguera,rawpixel,Valeria14022001,5280a107100debd8a01adff8bc3177d24a5041c6
Valeria14022001_img_0033,img_0033.png,heroes_y_aventuras,ilustracion_plana_color,800,800,bombero casco rojo traje azul y manguera,rawpixel,Valeria14022001,7948d3f6463a9f13dbee392e076f227c9391448e
Valeria14022001_img_0034,img_0034.png,heroes_y_aventuras,ilustracion_plana_color,800,800,bombero casco rojo traje cafe,rawpixel,Valeria14022001,c8511466765538a98737e6c70954cb148a735945
Valeria14022001_img_0035,img_0035.png,heroes_y_aventuras,ilustracion_plana_color,800,800,bombero casco rojo traje naranja raya amarillas,rawpixel,Valeria14022001,2b9c12f01dc78c0604f896cddd111bc1c7c0d58b
Valeria14022001_img_0036,img_0036.png,heroes_y_aventuras,ilustracion_plana_color,800,800,bombero combate fuego,rawpixel,Valeria14022001,b201502e05697b5806235d8fefe320cb06b4bcec
Valeria14022001_img_0037,img_0037.png,heroes_y_aventuras,ilustracion_plana_color,800,800,bombero con herramientas,rawpixel,Valeria14022001,4012bea8f9d76250b6991454e0a87ecd5f3d6297
Valeria14022001_img_0038,img_0038.png,heroes_y_aventuras,ilustracion_plana_color,1200,1200,bombero con manguera,rawpixel,Valeria14022001,0c955f392449630c5cb2f96c5c19c21e9f5d3b43
Valeria14022001_img_0039,img_0039.png,heroes_y_aventuras,ilustracion_plana_color,800,800,bombero con mascara,rawpixel,Valeria14022001,ece54de50e70cad9639d466fb92c17a6a5cde343
Valeria14022001_img_0040,img_0040.png,heroes_y_aventuras,ilustracion_plana_color,800,800,bombero correidno traje rojo,rawpixel,Valeria14022001,2c56793cad784373e0c425d50ea11d6d768017c2
Valeria14022001_img_0041,img_0041.png,heroes_y_aventuras,ilustracion_plana_color,800,800,bombero corriendo,rawpixel,Valeria14022001,293542b44ad25133981b61c5ef0901532e7ffaf5
Valeria14022001_img_0042,img_0042.png,heroes_y_aventuras,ilustracion_plana_color,800,800,bombero emblema hacha manguera,rawpixel,Valeria14022001,5bc209a13bef13fb03130c105f672a95c83d20a0
Valeria14022001_img_0043,img_0043.png,heroes_y_aventuras,ilustracion_plana_color,800,800,bombero hacha manguera y casco,rawpixel,Valeria14022001,644bd42b475e8d1e469eb26daa82b4c97567c4cd
Valeria14022001_img_0044,img_0044.png,heroes_y_aventuras,ilustracion_plana_color,800,800,bombero luchando con fuego,rawpixel,Valeria14022001,dc600efbc715079ce463e4d69c35eead55d00682
Valeria14022001_img_0045,img_0045.png,heroes_y_aventuras,ilustracion_plana_color,800,800,bombero manguera hacha casco rosa,rawpixel,Valeria14022001,edc7e39dcaff291d140477b70b80dcc788bdf01d
Valeria14022001_img_0046,img_0046.png,heroes_y_aventuras,ilustracion_plana_color,800,800,bombero morado,rawpixel,Valeria14022001,12ec96e602ddabd9d1cb53a16f21daf04f67cbde
Valeria14022001_img_0047,img_0047.png,heroes_y_aventuras,ilustracion_plana_color,800,800,bombero mujer con traje rojo,rawpixel,Valeria14022001,5d2b63dd41f91e22d58b7f2d7f644d0b59fe4563
Valeria14022001_img_0048,img_0048.png,heroes_y_aventuras,ilustracion_plana_color,800,800,bombero naranja con manguera,rawpixel,Valeria14022001,bbd95bffd7e1a145689539e29ef283f649a0433f
Valeria14022001_img_0049,img_0049.png,heroes_y_aventuras,ilustracion_plana_color,800,800,bombero naranja manguera azul,rawpixel,Valeria14022001,f140ef58ad773c437f0880f5193a62678b092e74
Valeria14022001_img_0050,img_0050.png,heroes_y_aventuras,ilustracion_plana_color,800,800,bombero orca con manguera,rawpixel,Valeria14022001,b85a2b3a968a802ef22a9457b5718544e6ee949e
Valeria14022001_img_0051,img_0051.png,heroes_y_aventuras,ilustracion_plana_color,800,800,bombero posando con manguera,rawpixel,Valeria14022001,cf9268eca3ed630f88f4f45c06c3d7b01e9b9e4f
Valeria14022001_img_0052,img_0052.png,heroes_y_aventuras,ilustracion_plana_color,800,800,bombero pose heroica,rawpixel,Valeria14022001,709f4200e093d068b64d04a08f33357feb432ba2
Valeria14022001_img_0053,img_0053.png,heroes_y_aventuras,ilustracion_plana_color,800,800,bombero rojo con manguera,rawpixel,Valeria14022001,fa07fbf19917721a6e88c591c2125667d867b784
Valeria14022001_img_0054,img_0054.png,heroes_y_aventuras,ilustracion_plana_color,800,800,bombero rojo con manguera y fuego,rawpixel,Valeria14022001,6b30d9405506131178daa9810a7c308f1c235f42
Valeria14022001_img_0055,img_0055.png,heroes_y_aventuras,ilustracion_plana_color,800,800,bombero rojo hacha manguera casco,rawpixel,Valeria14022001,dac9a128bf93c40ef9bb238b1b0f7215816dcd95
Valeria14022001_img_0056,img_0056.png,heroes_y_aventuras,ilustracion_plana_color,800,800,bombero rojo posando con manguera,rawpixel,Valeria14022001,30961de498e97a70ac7934b74dfe019e0657c282
Valeria14022001_img_0057,img_0057.png,heroes_y_aventuras,ilustracion_plana_color,800,800,bombero rojo rayas amarillas manguera,rawpixel,Valeria14022001,5b40fd88a3ac45c1955868a857923773d48f51d9
Valeria14022001_img_0058,img_0058.png,heroes_y_aventuras,ilustracion_plana_color,800,800,bombero rojo y amarillo con manguera,rawpixel,Valeria14022001,7fb67136dfdb1acc700d6aa61bddd23a47336bfa
Valeria14022001_img_0059,img_0059.png,heroes_y_aventuras,ilustracion_plana_color,800,800,bombero traje amarillo,rawpixel,Valeria14022001,ec07c536d14ef1d688979e43792a0bc7dfe507a3
Valeria14022001_img_0060,img_0060.png,heroes_y_aventuras,ilustracion_plana_color,800,800,bombero traje amarillo con lineas,rawpixel,Valeria14022001,b0bf283261f495e7952ecf793845abcde7a588c9
Valeria14022001_img_0061,img_0061.png,heroes_y_aventuras,ilustracion_plana_color,800,800,bombero traje cafe,rawpixel,Valeria14022001,63faba865f0d3ef1a4372013c6db5e7d7fdb7a61
Valeria14022001_img_0062,img_0062.png,heroes_y_aventuras,ilustracion_plana_color,800,800,bombero traje cafe con manguera y hacha,rawpixel,Valeria14022001,6d6688270225606c94d882b45a2d0231232b32b0
Valeria14022001_img_0063,img_0063.png,heroes_y_aventuras,ilustracion_plana_color,800,800,bombero traje negro,rawpixel,Valeria14022001,117a03329bd519957a096e9254446a809e1c27f1
Valeria14022001_img_0064,img_0064.png,heroes_y_aventuras,ilustracion_plana_color,800,800,bombero traje negro casco rojo,rawpixel,Valeria14022001,ed8217595f5b521eff9fff84cd48e4b6e83a88ae
Valeria14022001_img_0065,img_0065.png,heroes_y_aventuras,ilustracion_plana_color,800,800,bombero traje negro casco rojo con hacha y bigote,rawpixel,Valeria14022001,81a89d69c82f546f5fe7fa41b006be994347cb88
Valeria14022001_img_0066,img_0066.png,heroes_y_aventuras,ilustracion_plana_color,800,800,bombero traje oscuro manguera,rawpixel,Valeria14022001,fe517838b141a4c441fb73ee0fc91b39eb1ea549
Valeria14022001_img_0067,img_0067.png,heroes_y_aventuras,ilustracion_plana_color,800,800,bombero traje oscuro rayas amarillas,rawpixel,Valeria14022001,6e3ddd38aecc2f113a6733a9593971d9bd5076b4
Valeria14022001_img_0068,img_0068.png,heroes_y_aventuras,ilustracion_plana_color,800,800,bombero traje rayas amarillas y rojas,rawpixel,Valeria14022001,f07a58428da645eadd728cde2588add113a1fb58
Valeria14022001_img_0069,img_0069.png,heroes_y_aventuras,ilustracion_plana_color,800,800,bombero uniforme oscuro con hacha y manguera,rawpixel,Valeria14022001,98b65ccaf8298eebf4c52f297086bc1e2b1e0f8e
Valeria14022001_img_0070,img_0070.png,heroes_y_aventuras,ilustracion_plana_color,800,800,bombero uniforme rayas amarillas manguera,rawpixel,Valeria14022001,035e107d6cf56773b8856cdfd50847476b731d72
Valeria14022001_img_0071,img_0071.png,heroes_y_aventuras,ilustracion_plana_color,800,800,bomberp amarillo con manguera,rawpixel,Valeria14022001,7df8c8c3239c03a4d1bc6d18f722f82eafc7bf85
Valeria14022001_img_0072,img_0072.png,heroes_y_aventuras,ilustracion_plana_color,800,800,caballero animado espada escudo,rawpixel,Valeria14022001,5ac152dbed03f09b9199471cb233de33ec4c64fb
Valeria14022001_img_0073,img_0073.png,heroes_y_aventuras,ilustracion_plana_color,800,800,caballero aramdura roja casco concuernos,rawpixel,Valeria14022001,93eb50a31ffd76ae834807503836093decce561b
Valeria14022001_img_0074,img_0074.png,heroes_y_aventuras,ilustracion_plana_color,800,800,caballero armadura espada escudo,rawpixel,Valeria14022001,8996cc435f882aa2fe11b2fe008c1c154b47c5d0
Valeria14022001_img_0075,img_0075.png,heroes_y_aventuras,ilustracion_plana_color,400,400,caballero con espada,rawpixel,Valeria14022001,30adfad9c83ab442ca8eb549830dc62a53cb591b
Valeria14022001_img_0076,img_0076.png,heroes_y_aventuras,ilustracion_plana_color,800,800,caballero con espada y escudo,rawpixel,Valeria14022001,ba85d06bb55e5f91fccdfbcbd3d790aeed1e76bd
Valeria14022001_img_0077,img_0077.png,heroes_y_aventuras,ilustracion_plana_color,800,800,caballero cruzado armado,rawpixel,Valeria14022001,5a85aede812762853f8d2a7325111bf150290f20
Valeria14022001_img_0078,img_0078.png,heroes_y_aventuras,ilustracion_plana_color,800,800,caballero escudo de madera y espada,rawpixel,Valeria14022001,0274d8a491a207e2069345ae1d2383cc7def9a7b
Valeria14022001_img_0079,img_0079.png,heroes_y_aventuras,ilustracion_plana_color,1200,1200,caballero espada escudo,rawpixel,Valeria14022001,98d6c71165e9d689ad1802483a224298b84cea1e
Valeria14022001_img_0080,img_0080.png,heroes_y_aventuras,ilustracion_plana_color,800,800,caballero espada y capa,rawpixel,Valeria14022001,3879cb49babab3f875a6d90ec99593c2e41f3218
Valeria14022001_img_0081,img_0081.png,heroes_y_aventuras,ilustracion_plana_color,800,800,caballero espada y escudo,rawpixel,Valeria14022001,d6b8a63987c88031db02b461fb0ebed98d3d11a9
Valeria14022001_img_0082,img_0082.png,heroes_y_aventuras,ilustracion_plana_color,800,800,caballero guerrero casco espada escudo,rawpixel,Valeria14022001,ce1c22febadbc450a41de0b27cea04c6724df4f9
Valeria14022001_img_0083,img_0083.png,heroes_y_aventuras,ilustracion_plana_color,800,800,caballero medieval a caballo,rawpixel,Valeria14022001,f75a5a858f9f4f060f42684ea3e303d2a102b74d
Valeria14022001_img_0084,img_0084.png,heroes_y_aventuras,ilustracion_plana_color,800,800,caballero medieval con espada,rawpixel,Valeria14022001,34da7cd43029380041f88b492eb246db63225dd2
Valeria14022001_img_0085,img_0085.png,heroes_y_aventuras,ilustracion_plana_color,800,800,caballero medieval con estandarte,rawpixel,Valeria14022001,257755fff7f916cff54edb1fe5d03fc365d97e6b
Valeria14022001_img_0086,img_0086.png,heroes_y_aventuras,ilustracion_plana_color,800,800,caballero medieval espada escudo,rawpixel,Valeria14022001,c1138c38e3bfaee98dbc817b60a5cc9dfc91b267
Valeria14022001_img_0087,img_0087.png,heroes_y_aventuras,ilustracion_plana_color,800,800,caballero medieval espada escudo casco heroe,rawpixel,Valeria14022001,b4fdf6c799f32c36c9fd94021aea5a8e6447c8ab
Valeria14022001_img_0088,img_0088.png,heroes_y_aventuras,ilustracion_plana_color,800,800,caballero naranja espada escudo,rawpixel,Valeria14022001,3f5cac3cc98997c679175eee2e4ad466eadc7cd7
Valeria14022001_img_0089,img_0089.png,heroes_y_aventuras,ilustracion_plana_color,800,800,caballero pequeno casco escudo y espada,rawpixel,Valeria14022001,aca14a3e4e519233758daa418ae4903647a20934
Valeria14022001_img_0090,img_0090.png,heroes_y_aventuras,ilustracion_plana_color,800,1120,caballero rubio con capa,rawpixel,Valeria14022001,dfee210a23ec7d2ca87f552f12cccd803530acd9
Valeria14022001_img_0091,img_0091.png,heroes_y_aventuras,ilustracion_plana_color,400,400,caballero sobre leon,rawpixel,Valeria14022001,57ca700fcfab240280c387a5166b4e8660c85e54
Valeria14022001_img_0092,img_0092.png,heroes_y_aventuras,ilustracion_plana_color,800,800,capa azul traje rojo superheroe,rawpixel,Valeria14022001,dc2c591bee3982cd33d0e847fefd3c61078bfcb1
Valeria14022001_img_0093,img_0093.png,heroes_y_aventuras,ilustracion_plana_color,800,800,capa roja superheroe azul,rawpixel,Valeria14022001,aefff5fe669485ee64443c29858cc49a54910263
Valeria14022001_img_0094,img_0094.png,heroes_y_aventuras,ilustracion_plana_color,400,400,chica colorida azul rosa,rawpixel,Valeria14022001,cb64474be9cc605630f28cd8d98c960c4a2b7362
Valeria14022001_img_0095,img_0095.png,heroes_y_aventuras,ilustracion_plana_color,400,400,chica colorida azul rosa lapiz,rawpixel,Valeria14022001,1e23ba9daa3e53b42f32f7cba2c384c228273094
Valeria14022001_img_0096,img_0096.png,heroes_y_aventuras,ilustracion_plana_color,800,800,chica con espada,rawpixel,Valeria14022001,9248d689bc929e0febab43b0ce37547819108bc1
Valeria14022001_img_0097,img_0097.png,heroes_y_aventuras,ilustracion_plana_color,800,1131,chica exploradora vestido verde,rawpixel,Valeria14022001,899972271e21b3d1830bc7e89dad09ba085cc24f
Valeria14022001_img_0098,img_0098.png,heroes_y_aventuras,ilustracion_plana_color,800,1131,chica heroe vestido verde y rojo,rawpixel,Valeria14022001,786213a7a109b97b26cc8883ac253dc11a1f7072
Valeria14022001_img_0099,img_0099.png,heroes_y_aventuras,ilustracion_plana_color,800,1131,chica superheroina capa roja,rawpixel,Valeria14022001,2c408f86c9941acd6f242f130c80368bf5d55a05
Valeria14022001_img_0100,img_0100.png,heroes_y_aventuras,ilustracion_plana_color,800,1131,chica superheroina capa verde vestido amarillo,rawpixel,Valeria14022001,a2d4981d7a8cebd011538f4a47ce41caad867b86
Valeria14022001_img_0101,img_0101.png,heroes_y_aventuras,ilustracion_plana_color,800,1131,chica superheroina capa roja vestido azul,rawpixel,Valeria14022001,02aceded630ed50f62ec77c4fecd5412ccb65712
Valeria14022001_img_0102,img_0102.png,heroes_y_aventuras,ilustracion_plana_color,800,1131,chica superheroina capa verde traje verde,rawpixel,Valeria14022001,73952c9471e025e723d9194bb416e0bb5f5d3f98
Valeria14022001_img_0103,img_0103.png,heroes_y_aventuras,ilustracion_plana_color,800,1131,chica superheroina traje verde capa amarilla,rawpixel,Valeria14022001,58941c50399612e1997b61b66c4cdfbd204daa51
Valeria14022001_img_0104,img_0104.png,heroes_y_aventuras,ilustracion_plana_color,800,1131,chica superheroina vestido verde capa verde y amarilla,rawpixel,Valeria14022001,820ea69413834bed92677886312d4cd072f62497
Valeria14022001_img_0105,img_0105.png,heroes_y_aventuras,ilustracion_plana_color,800,800,chico bandolero enmascarado,rawpixel,Valeria14022001,bc4b97fd2a2733f3f14c84a227a22c6d13fbc8fb
Valeria14022001_img_0106,img_0106.png,heroes_y_aventuras,ilustracion_plana_color,800,800,chico con capa naranja,rawpixel,Valeria14022001,8ceced5a77db759cc0b6cb18e79c43c6aa203400
Valeria14022001_img_0107,img_0107.png,heroes_y_aventuras,ilustracion_plana_color,800,800,chico con escudo,rawpixel,Valeria14022001,f4ddd0d9bbb93a2721cc211342d26eb19ed30d1f
Valeria14022001_img_0108,img_0108.png,heroes_y_aventuras,ilustracion_plana_color,800,1131,chico heroe traje verde capa roja,rawpixel,Valeria14022001,3650762b5145a67cba91c53656e71b965391cb0d
Valeria14022001_img_0109,img_0109.png,heroes_y_aventuras,ilustracion_plana_color,800,1131,chico superheroe capa roja traje azul cinturon,rawpixel,Valeria14022001,c08d89f0cc232f17d588f861860c04b897e9d0aa
Valeria14022001_img_0110,img_0110.png,heroes_y_aventuras,ilustracion_plana_color,800,1131,chico superheroe traje azul,rawpixel,Valeria14022001,90f8c1ec68fa591afe937396140e8888d64f1d22
Valeria14022001_img_0111,img_0111.png,heroes_y_aventuras,ilustracion_plana_color,800,1131,chico superheroe traje azul capa roja,rawpixel,Valeria14022001,8837023ec87292aef6fa9f2aabaf496bec48738e
Valeria14022001_img_0112,img_0112.png,heroes_y_aventuras,ilustracion_plana_color,800,1131,chico superheroe traje verde capa verde,rawpixel,Valeria14022001,079025208a4b0c8a280f7c44f722e2db5a0e1dec
Valeria14022001_img_0113,img_0113.png,heroes_y_aventuras,ilustracion_plana_color,800,800,colorido guerrero,rawpixel,Valeria14022001,1e7ee8466abd13eec2ee603f450394b0f76b86e3
Valeria14022001_img_0114,img_0114.png,heroes_y_aventuras,ilustracion_plana_color,800,800,cruzado guerrero espada y escudo,rawpixel,Valeria14022001,516d7229d193d914711a749a263d63ea0c3ffb66
Valeria14022001_img_0115,img_0115.png,heroes_y_aventuras,ilustracion_plana_color,800,800,dragon bombero con cuernos,rawpixel,Valeria14022001,34980cc80c2840843d7be7f7c8f66ffb70b11442
Valeria14022001_img_0116,img_0116.png,heroes_y_aventuras,ilustracion_plana_color,800,800,dragon bombero con manguera,rawpixel,Valeria14022001,bca82fd7609c0c4a5802a82bf26bd255a40cb37a
Valeria14022001_img_0117,img_0117.png,heroes_y_aventuras,ilustracion_plana_color,800,800,dragon bombero con manguera rojo,rawpixel,Valeria14022001,b0c792d609540102a1eaaaca81e55ae0eb0986be
Valeria14022001_img_0118,img_0118.png,heroes_y_aventuras,ilustracion_plana_color,800,800,duende guerrero espada escudo,rawpixel,Valeria14022001,9e44f19e531028c9951b775481347d941633f1a5
Valeria14022001_img_0119,img_0119.png,heroes_y_aventuras,ilustracion_plana_color,800,800,escoces guerrero con espada y escudo,rawpixel,Valeria14022001,052e45cb733a124596b78844f6ce72501486dafd
Valeria14022001_img_0120,img_0120.png,heroes_y_aventuras,ilustracion_plana_color,800,800,espartano lanza escudo,rawpixel,Valeria14022001,de24d21be05bcbda48544d611d9fd0cc6a58192d
Valeria14022001_img_0121,img_0121.png,heroes_y_aventuras,ilustracion_plana_color,800,800,explorador con brujula,rawpixel,Valeria14022001,5b4f5c97a98b9e065f3a28a2be68dfbfbedfa631
Valeria14022001_img_0122,img_0122.png,heroes_y_aventuras,ilustracion_plana_color,800,800,explorador conquistador espada escudo,rawpixel,Valeria14022001,fc22401ee1691ee4deaac2e09e88389040fbdb29
Valeria14022001_img_0123,img_0123.png,heroes_y_aventuras,ilustracion_plana_color,800,800,explorador daga sombrero y capa,rawpixel,Valeria14022001,2212933d3c825285d9ac31c9dcea82f8d2995a7c
Valeria14022001_img_0124,img_0124.png,heroes_y_aventuras,ilustracion_plana_color,800,800,explorador mochila espada,rawpixel,Valeria14022001,844258418680c4d5177a28d99de04d0d5df4478d
Valeria14022001_img_0125,img_0125.png,heroes_y_aventuras,ilustracion_plana_color,800,800,explorador sombrero capa verde,rawpixel,Valeria14022001,ef69021b8e5356d0bc6f179102f0e1d2c7d316b4
Valeria14022001_img_0126,img_0126.png,heroes_y_aventuras,ilustracion_plana_color,800,800,exploradora con capa dagas y flechas,rawpixel,Valeria14022001,fd4cc53368899de78e57a09a835428711561ed79
Valeria14022001_img_0127,img_0127.png,heroes_y_aventuras,ilustracion_plana_color,800,800,exploradora con capa y daga,rawpixel,Valeria14022001,573f958220a6a32edb2812822b26aa8e1a3f9e06
Valeria14022001_img_0128,img_0128.png,heroes_y_aventuras,ilustracion_plana_color,800,800,gato bombero,rawpixel,Valeria14022001,3528a761c1f1aacc57b819c4b1b7f81242db7895
Valeria14022001_img_0129,img_0129.png,heroes_y_aventuras,ilustracion_plana_color,800,800,gato heroe concapa,rawpixel,Valeria14022001,8fd289cdfcbd06105f1bb429e98f2e7b1c0a0522
Valeria14022001_img_0130,img_0130.png,heroes_y_aventuras,ilustracion_plana_color,400,400,general romano con espada,rawpixel,Valeria14022001,59c6b0aeda5c52dd319aec8fa04231bd3426963c
Valeria14022001_img_0131,img_0131.png,heroes_y_aventuras,ilustracion_plana_color,1200,1200,gran bombero caminando,rawpixel,Valeria14022001,c7aec03274e4ac47820dba788cbb8fcc36f5e360
Valeria14022001_img_0132,img_0132.png,heroes_y_aventuras,ilustracion_plana_color,800,800,gran heroe reciclador,rawpixel,Valeria14022001,94fc861eddbe3e428cb49988c21ba62c4b94d4bf
Valeria14022001_img_0133,img_0133.png,heroes_y_aventuras,ilustracion_plana_color,800,1169,gran superheroe fuerte capa roja traje azul botas amarillas,rawpixel,Valeria14022001,601347d6681b6980a732c9b61bc318142f0fd7e3
Valeria14022001_img_0134,img_0134.png,heroes_y_aventuras,ilustracion_plana_color,800,800,gran superheroe volando hacia delante,rawpixel,Valeria14022001,119121587cbb1236ebad80eb3797ff755479146c
Valeria14022001_img_0135,img_0135.png,heroes_y_aventuras,ilustracion_plana_color,800,800,griego astronomo,rawpixel,Valeria14022001,cf30eb842fec4b90e84494c552455e88cbad4ae7
Valeria14022001_img_0136,img_0136.png,heroes_y_aventuras,ilustracion_plana_color,800,800,griego filosofo,rawpixel,Valeria14022001,417ade9a415479debedec55539eff1fe2f1685ab
Valeria14022001_img_0137,img_0137.png,heroes_y_aventuras,ilustracion_plana_color,800,800,griego filosofo fisico,rawpixel,Valeria14022001,48eb8cf6f7a3ba929f38bd06f608e85568e822da
Valeria14022001_img_0138,img_0138.png,heroes_y_aventuras,ilustracion_plana_color,800,800,guerreo caballero medieval con escudo y espada,rawpixel,Valeria14022001,8f2d8dad64e4aaf189eacf6e080c098fe6978e1e
Valeria14022001_img_0139,img_0139.png,heroes_y_aventuras,ilustracion_plana_color,800,800,guerrera atenea espada escudo,rawpixel,Valeria14022001,c03297fc18056446d50714b0b923e2bbee28b6e7
Valeria14022001_img_0140,img_0140.png,heroes_y_aventuras,ilustracion_plana_color,800,800,guerrera colorida espada,rawpixel,Valeria14022001,1a0261ed12b798e1b195f30d3d3205b41ef5acb1
Valeria14022001_img_0141,img_0141.png,heroes_y_aventuras,ilustracion_plana_color,800,800,guerrera con espada y escudo,rawpixel,Valeria14022001,18fe0a7152d722c5ca905a1dd7e3fec78c3e7c7c
Valeria14022001_img_0142,img_0142.png,heroes_y_aventuras,ilustracion_plana_color,800,800,guerrera fuerte con espada,rawpixel,Valeria14022001,3dd8a1db762c138c7ce0785bc96a5835f89e079d
Valeria14022001_img_0143,img_0143.png,heroes_y_aventuras,ilustracion_plana_color,800,800,guerrera fuerte con espada posando,rawpixel,Valeria14022001,920bd1a7b1e94d28f9b8169e46e4de562f268a90
Valeria14022001_img_0144,img_0144.png,heroes_y_aventuras,ilustracion_plana_color,800,800,guerrera fuerte espada casco posando,rawpixel,Valeria14022001,7fe52cef4afa6aa0db29ba1dcab2d82ab2c49048
Valeria14022001_img_0145,img_0145.png,heroes_y_aventuras,ilustracion_plana_color,800,800,guerrera fuerte posando,rawpixel,Valeria14022001,c13919c996edbf40ad680721ea508e562d8e68d5
Valeria14022001_img_0146,img_0146.png,heroes_y_aventuras,ilustracion_plana_color,800,800,guerrera posando espada capa y casco,rawpixel,Valeria14022001,11a577f6f7ea55c203bd79581c41f8ba2d786da2
Valeria14022001_img_0147,img_0147.png,heroes_y_aventuras,ilustracion_plana_color,800,800,guerrera vikinga espada escudo,rawpixel,Valeria14022001,f45d9d353096243fef6f3668a248ec0857d0fa52
Valeria14022001_img_0148,img_0148.png,heroes_y_aventuras,ilustracion_plana_color,800,800,guerrero anime espada,rawpixel,Valeria14022001,5dd1b64cf4fb7c857c15655211ce74ee8869f120
Valeria14022001_img_0149,img_0149.png,heroes_y_aventuras,ilustracion_plana_color,800,800,guerrero anime espada capa roja,rawpixel,Valeria14022001,61243c8ef8721c82386ef9544f3f18334e300866
Valeria14022001_img_0150,img_0150.png,heroes_y_aventuras,ilustracion_plana_color,800,800,guerrero caballero azul escudo y espada,rawpixel,Valeria14022001,888982085886896c12d4bacc853bd69f99c6e909
Valeria14022001_img_0151,img_0151.png,heroes_y_aventuras,ilustracion_plana_color,800,800,guerrero capa verde espada,rawpixel,Valeria14022001,4e5260ca13469401362a700470516998f31e14b6
Valeria14022001_img_0152,img_0152.png,heroes_y_aventuras,ilustracion_plana_color,800,800,guerrero casco espada escudo con cruz,rawpixel,Valeria14022001,a79d9db8c6ddd49b1b6d0d816a5bf3582b1a261f
Valeria14022001_img_0153,img_0153.png,heroes_y_aventuras,ilustracion_plana_color,800,800,guerrero espada banda,rawpixel,Valeria14022001,7de1814d1d695fbf81f77546fde6e0201fa52f5a
Valeria14022001_img_0154,img_0154.png,heroes_y_aventuras,ilustracion_plana_color,800,800,guerrero espada escudo casco,rawpixel,Valeria14022001,d0c841ae4ffdc59f5632b33d88374c3c6900dbbf
Valeria14022001_img_0155,img_0155.png,heroes_y_aventuras,ilustracion_plana_color,800,800,guerrero medieval luchando,rawpixel,Valeria14022001,a39cefa4c2d7433c63964337cca1b730f71a27d0
Valeria14022001_img_0156,img_0156.png,heroes_y_aventuras,ilustracion_plana_color,800,800,guerrero oscuro espada escudo,rawpixel,Valeria14022001,84d61f1679d823650d321ca03c69bc8d7c7ea576
Valeria14022001_img_0157,img_0157.png,heroes_y_aventuras,ilustracion_plana_color,800,800,guerrero rubio con capa,rawpixel,Valeria14022001,beef932e78fa6c243d668406bb561ba07e6299fa
Valeria14022001_img_0158,img_0158.png,heroes_y_aventuras,ilustracion_plana_color,800,800,guerrero vikingo espada escudo,rawpixel,Valeria14022001,6f6452c0794e35b066d02b53c2100a92ae44cdd1
Valeria14022001_img_0159,img_0159.png,heroes_y_aventuras,ilustracion_plana_color,800,800,guerrerp chino con lanza,rawpixel,Valeria14022001,def5c129e511caf470443128e86a12844e0c65e2
Valeria14022001_img_0160,img_0160.png,heroes_y_aventuras,ilustracion_plana_color,1200,1200,hercules con mazo,rawpixel,Valeria14022001,ac3062a1ccb7c2e4e07b4aa5db88a18acee35216
Valeria14022001_img_0161,img_0161.png,heroes_y_aventuras,ilustracion_plana_color,800,800,hercules con mazo y capa,rawpixel,Valeria14022001,0108df605eb7d9976bdadee51c89a99bce567304
Valeria14022001_img_0162,img_0162.png,heroes_y_aventuras,ilustracion_plana_color,800,800,hercules posando,rawpixel,Valeria14022001,6abae47121e2281e28e202208639e1da71c95912
Valeria14022001_img_0163,img_0163.png,heroes_y_aventuras,ilustracion_plana_color,800,800,hercules posando capa,rawpixel,Valeria14022001,9c27c661c50f061b0012343a782b97107393597d
Valeria14022001_img_0164,img_0164.png,heroes_y_aventuras,ilustracion_plana_color,800,800,hero con capa y mascara,rawpixel,Valeria14022001,fdf2b9a508b0784ff8c38c39131ecdcc9d2005cb
Valeria14022001_img_0165,img_0165.png,heroes_y_aventuras,ilustracion_plana_color,800,800,heroe antifaz rojo con picos,rawpixel,Valeria14022001,98724fdcd511df25b5a924dbfc3ff6d86067a2ad
Valeria14022001_img_0166,img_0166.png,heroes_y_aventuras,ilustracion_plana_color,800,800,heroe azul con capa roja,rawpixel,Valeria14022001,11e192fa341d7a2884ec6fd4c63846533c0b7c32
Valeria14022001_img_0167,img_0167.png,heroes_y_aventuras,ilustracion_plana_color,800,800,heroe azul estrella,rawpixel,Valeria14022001,76b8ec6c24662e2463dbdc20adb9cd88784b4209
Valeria14022001_img_0168,img_0168.png,heroes_y_aventuras,ilustracion_plana_color,800,800,heroe capa azul blanco,rawpixel,Valeria14022001,febaed4be766cf61bd8244ad8ae2b40f1b9f9729
Valeria14022001_img_0169,img_0169.png,heroes_y_aventuras,ilustracion_plana_color,800,533,heroe capa roja pose,rawpixel,Valeria14022001,1edd07e406dce019534be2c163442db94e2b2d5c
Valeria14022001_img_0170,img_0170.png,heroes_y_aventuras,ilustracion_plana_color,800,800,heroe capa roja y orejas,rawpixel,Valeria14022001,3b2b02ed33484684499c9d710f329cf60bf52792
Valeria14022001_img_0171,img_0171.png,heroes_y_aventuras,ilustracion_plana_color,800,800,heroe clasico con traje,rawpixel,Valeria14022001,6ed40a2cd75c009d2e25f50f5194bd7282543c83
Valeria14022001_img_0172,img_0172.png,heroes_y_aventuras,ilustracion_plana_color,800,1604,heroe con capa blanco y negro,rawpixel,Valeria14022001,516d4293b53977ce31828c1a435d2fd9764da154
Valeria14022001_img_0173,img_0173.png,heroes_y_aventuras,ilustracion_plana_color,800,800,heroe con triangulo,rawpixel,Valeria14022001,2fbce8dae3235b921577826f23b3b9d4c1f885b1
Valeria14022001_img_0174,img_0174.png,heroes_y_aventuras,ilustracion_plana_color,800,800,heroe corriendo rapido,rawpixel,Valeria14022001,0eedf491cc797acefca4eb7df93df00d81d14361
Valeria14022001_img_0175,img_0175.png,heroes_y_aventuras,ilustracion_plana_color,800,800,heroe de independencia,rawpixel,Valeria14022001,df9349b1225625da13d8f12b11f212bb170c4a75
Valeria14022001_img_0176,img_0176.png,heroes_y_aventuras,ilustracion_plana_color,800,800,heroe delgado saludando,rawpixel,Valeria14022001,6b9587678bf951d21d740bb7fcc9cedfa3c27bdb
Valeria14022001_img_0177,img_0177.png,heroes_y_aventuras,ilustracion_plana_color,800,800,heroe escudo sombrero espada,rawpixel,Valeria14022001,ec1918de64d98f470e5200b0f7d479e450342d32
Valeria14022001_img_0178,img_0178.png,heroes_y_aventuras,ilustracion_plana_color,800,800,heroe estrella posando,rawpixel,Valeria14022001,2da6d834bf379cf1ca6ad7feb8c3f6d27a212e7e
Valeria14022001_img_0179,img_0179.png,heroes_y_aventuras,ilustracion_plana_color,800,800,heroe estrella rubio,rawpixel,Valeria14022001,078be2c9c90eed14c5253b2fcc94350f7bb29857
Valeria14022001_img_0180,img_0180.png,heroes_y_aventuras,ilustracion_plana_color,800,1131,heroe generico capa y mascara,rawpixel,Valeria14022001,57806debfd34338836e90bf0a83a543bc95404a7
Valeria14022001_img_0181,img_0181.png,heroes_y_aventuras,ilustracion_plana_color,800,800,heroe morado con capa,rawpixel,Valeria14022001,32ef7f3bdcdaf5a9abc813dc93bce5d8000e5c27
Valeria14022001_img_0182,img_0182.png,heroes_y_aventuras,ilustracion_plana_color,800,800,heroe negro con capa y rayo,rawpixel,Valeria14022001,8541d3a2f4c684ddf6b3179e831d35c38a2e6787
Valeria14022001_img_0183,img_0183.png,heroes_y_aventuras,ilustracion_plana_color,800,800,heroe pequeno traje azul con antifaz rojo,rawpixel,Valeria14022001,bb21494d92a4f7a96c797cc3ae4b8bca953169aa
Valeria14022001_img_0184,img_0184.png,heroes_y_aventuras,ilustracion_plana_color,800,533,heroe posando traje azul capa roja,rawpixel,Valeria14022001,8ca8f9449405b94347df810b61b48f7a61902831
Valeria14022001_img_0185,img_0185.png,heroes_y_aventuras,ilustracion_plana_color,800,1422,heroe pose heroica,rawpixel,Valeria14022001,46465dbba5677436935056de57d293efe3679d98
Valeria14022001_img_0186,img_0186.png,heroes_y_aventuras,ilustracion_plana_color,800,800,heroe prismatico,rawpixel,Valeria14022001,622e905087cf665e9e0335886ca7e82d15df86dc
Valeria14022001_img_0187,img_0187.png,heroes_y_aventuras,ilustracion_plana_color,800,800,heroe reciclador,rawpixel,Valeria14022001,3fa7413851d471b641ffad09ac60286388605180
Valeria14022001_img_0188,img_0188.png,heroes_y_aventuras,ilustracion_plana_color,800,800,heroe rosa capa posando,rawpixel,Valeria14022001,9fc3e9fcd79617d3f7f83f7de9a685e733efdccf
Valeria14022001_img_0189,img_0189.png,heroes_y_aventuras,ilustracion_plana_color,800,800,heroe rosado con capa,rawpixel,Valeria14022001,229e5b5ab41f3978199c0a32c4542427cce644da
Valeria14022001_img_0190,img_0190.png,heroes_y_aventuras,ilustracion_plana_color,800,800,heroe rubio capa amarilla,rawpixel,Valeria14022001,042076a8e8405fce880f91ca2fce962b21d6c5cb
Valeria14022001_img_0191,img_0191.png,heroes_y_aventuras,ilustracion_plana_color,800,800,heroe superman capa roja,rawpixel,Valeria14022001,924821d499fe89214d51e71e942535fa1cbe1904
Valeria14022001_img_0192,img_0192.png,heroes_y_aventuras,ilustracion_plana_color,800,1200,heroe traje,rawpixel,Valeria14022001,b67f26b38313c4026332403ad0e45e2700736e9d
Valeria14022001_img_0193,img_0193.png,heroes_y_aventuras,ilustracion_plana_color,800,533,heroe traje amarillo volando,rawpixel,Valeria14022001,4c70996714704da3574acecae6afee070ade7977
Valeria14022001_img_0194,img_0194.png,heroes_y_aventuras,ilustracion_plana_color,800,800,heroe traje azul antifaz,rawpixel,Valeria14022001,6dfe70cc206b3b6863e4ba05a10dcd844b3281c5
Valeria14022001_img_0195,img_0195.png,heroes_y_aventuras,ilustracion_plana_color,800,800,heroe traje azul con capa roja y emblema,rawpixel,Valeria14022001,bcae0b67c73d56ca6f42804d871131047c7fed8b
Valeria14022001_img_0196,img_0196.png,heroes_y_aventuras,ilustracion_plana_color,800,800,heroe traje negro capa negra,rawpixel,Valeria14022001,5eae335dcb61b36e0de59e006143c6f925523e9b
Valeria14022001_img_0197,img_0197.png,heroes_y_aventuras,ilustracion_plana_color,800,800,heroe traje rojo,rawpixel,Valeria14022001,1dcaaa30f27a7884d6e04d90cf4cfcf9d85a8ad9
Valeria14022001_img_0198,img_0198.png,heroes_y_aventuras,ilustracion_plana_color,800,800,heroe traje rojo capa azul,rawpixel,Valeria14022001,f0aa2dfd28d7cc317dbdd707da33d3d769902908
Valeria14022001_img_0199,img_0199.png,heroes_y_aventuras,ilustracion_plana_color,800,800,heroina bombera traje amarillo,rawpixel,Valeria14022001,cba13cb8102c9224d2f678d775cce96d9a3855d6
Valeria14022001_img_0200,img_0200.png,heroes_y_aventuras,ilustracion_plana_color,800,1200,heroina capa blanca traje rojo,rawpixel,Valeria14022001,cf08cb9c3e7e08be40464783a01b6b510ec5c378
Valeria14022001_img_0201,img_0201.png,heroes_y_aventuras,ilustracion_plana_color,800,800,heroina castana voladora,rawpixel,Valeria14022001,9ca08760ae2c55832fe886753a7eda9adc3afc39
Valeria14022001_img_0202,img_0202.png,heroes_y_aventuras,ilustracion_plana_color,800,800,heroina voladora traje rojo,rawpixel,Valeria14022001,ee0aa18cbd2461beea5b78897ee36455a71a0e25
Valeria14022001_img_0203,img_0203.png,heroes_y_aventuras,ilustracion_plana_color,800,800,heroina volando abajo,rawpixel,Valeria14022001,bbedfaa91f0bbe967fee194f0c9c4b9b9f65a71f
Valeria14022001_img_0204,img_0204.png,heroes_y_aventuras,ilustracion_plana_color,800,800,hombre caminando,rawpixel,Valeria14022001,38493b003ae4c18c7c872ef80d9ecbb1ced8ddc7
Valeria14022001_img_0205,img_0205.png,heroes_y_aventuras,ilustracion_plana_color,800,800,hombre casco rojo de bombero,rawpixel,Valeria14022001,3b97b79baa76932a1744fe4141cfd6d368ae387f
Valeria14022001_img_0206,img_0206.png,heroes_y_aventuras,ilustracion_plana_color,800,800,hombre con espada,rawpixel,Valeria14022001,a59eee1a7e61c8927c6218d32b069492790ab986
Valeria14022001_img_0207,img_0207.png,heroes_y_aventuras,ilustracion_plana_color,800,800,hombre fuerte con mazo,rawpixel,Valeria14022001,6db31b89b6598a27e22d2fa8aaf1c5f48c6cdd50
Valeria14022001_img_0208,img_0208.png,heroes_y_aventuras,ilustracion_plana_color,800,800,hombre fuerte posando,rawpixel,Valeria14022001,d25a8eb5ed3b328c9acfc29982fd2822d1498987
Valeria14022001_img_0209,img_0209.png,heroes_y_aventuras,ilustracion_plana_color,800,800,hombre fuerte posando musculoso,rawpixel,Valeria14022001,a9a1b7918d551a4f70ec5686307761c20f94172d
Valeria14022001_img_0210,img_0210.png,heroes_y_aventuras,ilustracion_plana_color,800,800,hombre fuerte rostro,rawpixel,Valeria14022001,5c80c20cfa80cf4ca6119d7caa0e3d84895fad23
Valeria14022001_img_0211,img_0211.png,heroes_y_aventuras,ilustracion_plana_color,800,800,hombre musculoso,rawpixel,Valeria14022001,c7010d8dd6ba6079f3988f2229ebac46af2941d6
Valeria14022001_img_0212,img_0212.png,heroes_y_aventuras,ilustracion_plana_color,800,800,hombre muy fuerte posando,rawpixel,Valeria14022001,6ff0f0f00cc34e14cfdd767919e1c7050632d2f9
Valeria14022001_img_0213,img_0213.png,heroes_y_aventuras,ilustracion_plana_color,800,800,hombre super heroe,rawpixel,Valeria14022001,87e64b2be1f27daca6240b6f75850deb609eeb37
Valeria14022001_img_0214,img_0214.png,heroes_y_aventuras,ilustracion_plana_color,800,800,joven alzando espada,rawpixel,Valeria14022001,56317c6461c49c266d80390b13f7153827c829a5
Valeria14022001_img_0215,img_0215.png,heroes_y_aventuras,ilustracion_plana_color,800,800,joven caminando con espada,rawpixel,Valeria14022001,c04dc46b485801d555dc1fe44835c8a23288e254
Valeria14022001_img_0216,img_0216.png,heroes_y_aventuras,ilustracion_plana_color,800,800,joven con bufanda posando,rawpixel,Valeria14022001,541831d0bf218d1d964c89e9e442fde459650197
Valeria14022001_img_0217,img_0217.png,heroes_y_aventuras,ilustracion_plana_color,800,1131,joven con espada,rawpixel,Valeria14022001,c0dcd837c2c54b4f1c291218f7d380f93ab71cd9
Valeria14022001_img_0218,img_0218.png,heroes_y_aventuras,ilustracion_plana_color,800,800,joven con espada pose,rawpixel,Valeria14022001,2a035030ef842e3a9eb9b529218fd239424881f4
Valeria14022001_img_0219,img_0219.png,heroes_y_aventuras,ilustracion_plana_color,800,800,joven elfo heroe espada escudo,rawpixel,Valeria14022001,6ed4af0f12277ab3ad4489473773015b1ab7f447
Valeria14022001_img_0220,img_0220.png,heroes_y_aventuras,ilustracion_plana_color,800,800,joven heroe con capa,rawpixel,Valeria14022001,ebdacb6501cfb396181bccca67c02c01e581eef9
Valeria14022001_img_0221,img_0221.png,heroes_y_aventuras,ilustracion_plana_color,800,800,joven heroe con espada y escudo,rawpixel,Valeria14022001,88e6d3685c1390218b1df898eff944bc3fff59cd
Valeria14022001_img_0222,img_0222.png,heroes_y_aventuras,ilustracion_plana_color,800,800,joven heroe con traje medieval,rawpixel,Valeria14022001,5c18205ab4d1c431fe224eb5dc8b552c1fd0e69f
Valeria14022001_img_0223,img_0223.png,heroes_y_aventuras,ilustracion_plana_color,800,800,joven heroe espada escudo rubio,rawpixel,Valeria14022001,0f0e0bbbf3bb330e87095f72055d15bfe263c1fe
Valeria14022001_img_0224,img_0224.png,heroes_y_aventuras,ilustracion_plana_color,800,800,joven heroe espada escudo y chaleco,rawpixel,Valeria14022001,5ed05e240e97ca4566f8a6c16f7589308bfb35ce
Valeria14022001_img_0225,img_0225.png,heroes_y_aventuras,ilustracion_plana_color,800,800,joven heroe espada escudo y flechas,rawpixel,Valeria14022001,c1c7e084b5ad0c920928ac39c090a755d55a8b76
Valeria14022001_img_0226,img_0226.png,heroes_y_aventuras,ilustracion_plana_color,800,800,joven heroe espada escudo y sombrero,rawpixel,Valeria14022001,95944f3b3ea6c0c9cb4d7497058e5819889d02ba
Valeria14022001_img_0227,img_0227.png,heroes_y_aventuras,ilustracion_plana_color,800,800,joven heroe espada y escudo de madera,rawpixel,Valeria14022001,a91f4e620b2924d22b9c75a1b7939ec7e7b26d8f
Valeria14022001_img_0228,img_0228.png,heroes_y_aventuras,ilustracion_plana_color,800,800,joven heroe espada y escudo de metal,rawpixel,Valeria14022001,5cc5508db7877918e479dddf8b2a5142b5a13b69
Valeria14022001_img_0229,img_0229.png,heroes_y_aventuras,ilustracion_plana_color,800,800,joven pequeno con espada,rawpixel,Valeria14022001,8cfcd79c4bee606918cd9c8da3dd71c8a0e5d570
Valeria14022001_img_0230,img_0230.png,heroes_y_aventuras,ilustracion_plana_color,800,800,joven soldado con lanza y escudo,rawpixel,Valeria14022001,e00c8e942b7b994043c96170b629b54cc5b558f3
Valeria14022001_img_0231,img_0231.png,heroes_y_aventuras,ilustracion_plana_color,800,800,joven soldado romano,rawpixel,Valeria14022001,541e4d246943e70c39953e5424c0fe8f9e258314
Valeria14022001_img_0232,img_0232.png,heroes_y_aventuras,ilustracion_plana_color,800,800,lobo heroe con capa,rawpixel,Valeria14022001,32fd9bf0730b86fefd501a9ec2662440558c1970
Valeria14022001_img_0233,img_0233.png,heroes_y_aventuras,ilustracion_plana_color,800,800,maga baculo sombrero,rawpixel,Valeria14022001,69e260d2d12a3c29c1d620ccdbbea14c1ea6ec54
Valeria14022001_img_0234,img_0234.png,heroes_y_aventuras,ilustracion_plana_color,800,800,medieval guerrero espada escudo casco,rawpixel,Valeria14022001,766adeabf54993de75deceacdf4a045690cc2723
Valeria14022001_img_0235,img_0235.png,heroes_y_aventuras,ilustracion_plana_color,400,400,monje sabio,rawpixel,Valeria14022001,1164693c39812fec7c8a27ae253ec46d90c897fd
Valeria14022001_img_0236,img_0236.png,heroes_y_aventuras,ilustracion_plana_color,800,800,mujer bombera manguera rojo,rawpixel,Valeria14022001,e437d1047aa7d20b15c86edeba669f0f0aef41f8
Valeria14022001_img_0237,img_0237.png,heroes_y_aventuras,ilustracion_plana_color,800,800,mujer bombero amarilla con casco rojo,rawpixel,Valeria14022001,6ac530167f23bb4e2c1a1a849d75b85586adeeeb
Valeria14022001_img_0238,img_0238.png,heroes_y_aventuras,ilustracion_plana_color,800,800,mujer bombero con manguera,rawpixel,Valeria14022001,9285bb08d40bf77e7a1d59da69a3c2065bef480d
Valeria14022001_img_0239,img_0239.png,heroes_y_aventuras,ilustracion_plana_color,800,800,mujer bombero roja con manguera,rawpixel,Valeria14022001,586fbf1f5572f9ef03dbef32851f7dca843204fd
Valeria14022001_img_0240,img_0240.png,heroes_y_aventuras,ilustracion_plana_color,800,800,mujer bombero traje amarillo,rawpixel,Valeria14022001,6adb7e3d991ab89b4fe14ed22e9fc11c365c6801
Valeria14022001_img_0241,img_0241.png,heroes_y_aventuras,ilustracion_plana_color,400,400,mujer con arpa,rawpixel,Valeria14022001,c3a195f0688541d0780053798483d767df8bc65b
Valeria14022001_img_0242,img_0242.png,heroes_y_aventuras,ilustracion_plana_color,800,800,mujer con espada,rawpixel,Valeria14022001,e52042daa3f63ca43d476d0cb978193a27acb76e
Valeria14022001_img_0243,img_0243.png,heroes_y_aventuras,ilustracion_plana_color,800,800,mujer con espada saltando,rawpixel,Valeria14022001,47204e39989729982b0539c5b2125472aed9c292
Valeria14022001_img_0244,img_0244.png,heroes_y_aventuras,ilustracion_plana_color,800,800,mujer griego peleando,rawpixel,Valeria14022001,5209f6696a1c7f055114ddaf5475152179397eaf
Valeria14022001_img_0245,img_0245.png,heroes_y_aventuras,ilustracion_plana_color,800,1115,mujer heroina blanco,rawpixel,Valeria14022001,2805199fa5f57f0f3099c2df3f924edc3a933a87
Valeria14022001_img_0246,img_0246.png,heroes_y_aventuras,ilustracion_plana_color,400,400,mujer pirata,rawpixel,Valeria14022001,f5919d057e8924bf0582aabc90418c9023961e5b
Valeria14022001_img_0247,img_0247.png,heroes_y_aventuras,ilustracion_plana_color,800,800,nina heroina,rawpixel,Valeria14022001,3c1008641a96f184113cb0462249281a3ba982d9
Valeria14022001_img_0248,img_0248.png,heroes_y_aventuras,ilustracion_plana_color,800,800,nini heroe con capa y antifaz,rawpixel,Valeria14022001,3bcf092da29e5397d7806757064bc0aeae35a5eb
Valeria14022001_img_0249,img_0249.png,heroes_y_aventuras,ilustracion_plana_color,800,800,nino astronauta con arma,rawpixel,Valeria14022001,178c8a9a83a920f4b5f6c67fdcda346bdb635906
Valeria14022001_img_0250,img_0250.png,heroes_y_aventuras,ilustracion_plana_color,800,800,nino bombero con hacha,rawpixel,Valeria14022001,b5c123de7cc990d75b189278b88d878bff5c9d8c
Valeria14022001_img_0251,img_0251.png,heroes_y_aventuras,ilustracion_plana_color,800,800,nino caballero con espada,rawpixel,Valeria14022001,0290744a47356bbe2c6274d592d5ccb77d950647
Valeria14022001_img_0252,img_0252.png,heroes_y_aventuras,ilustracion_plana_color,800,1422,nino con espada,rawpixel,Valeria14022001,c7d3d78c9ec53ff48471b89f5344e1beb04d59af
Valeria14022001_img_0253,img_0253.png,heroes_y_aventuras,ilustracion_plana_color,800,800,nino heroe antifaz,rawpixel,Valeria14022001,cf49db1f697b34011db5452407db6f323b5d0ce8
Valeria14022001_img_0254,img_0254.png,heroes_y_aventuras,ilustracion_plana_color,800,800,nino heroe antifaz y capa,rawpixel,Valeria14022001,8894a9e939d5c3e9a1cc30b941e280db50094964
Valeria14022001_img_0255,img_0255.png,heroes_y_aventuras,ilustracion_plana_color,800,800,nino heroe con capa y antifaz,rawpixel,Valeria14022001,3af169891af10a05aff6e1b8a9e62c5682643d3d
Valeria14022001_img_0256,img_0256.png,heroes_y_aventuras,ilustracion_plana_color,800,800,nino heroe con capa y antifaz verde,rawpixel,Valeria14022001,0c5eacc0ddcc33ce241ef38b7111e3c0966186c0
Valeria14022001_img_0257,img_0257.png,heroes_y_aventuras,ilustracion_plana_color,800,800,nino heroe con capa y estrella,rawpixel,Valeria14022001,3af33f6496212cbba074b31f17769f8780feedb3
Valeria14022001_img_0258,img_0258.png,heroes_y_aventuras,ilustracion_plana_color,800,800,nino heroe de pie con antifaz,rawpixel,Valeria14022001,fcbfe28e3ae80e17a7d727d4429fcbd3826f0673
Valeria14022001_img_0259,img_0259.png,heroes_y_aventuras,ilustracion_plana_color,800,800,nino heroe estrella de pie,rawpixel,Valeria14022001,a3812d93c2e3a9620b55497711ca84707b8a0566
Valeria14022001_img_0260,img_0260.png,heroes_y_aventuras,ilustracion_plana_color,800,800,nino pose superheroe,rawpixel,Valeria14022001,e80f51059a1e42291efc9d8e4676faae37bb5334
Valeria14022001_img_0261,img_0261.png,heroes_y_aventuras,ilustracion_plana_color,800,800,nino superheroe con rayo,rawpixel,Valeria14022001,90083a13d01fe4a759a27e03c4028c3c503e5d51
Valeria14022001_img_0262,img_0262.png,heroes_y_aventuras,ilustracion_plana_color,800,800,nino superheroe corriendo,rawpixel,Valeria14022001,e1419ce6db778e1d0a0cf85ff2d951cf10b43959
Valeria14022001_img_0263,img_0263.png,heroes_y_aventuras,ilustracion_plana_color,800,800,nino superheroe de pie,rawpixel,Valeria14022001,2133ead84b1f61aba7d68f11efc3776398aeb74f
Valeria14022001_img_0264,img_0264.png,heroes_y_aventuras,ilustracion_plana_color,800,800,nino superheroe fuerte,rawpixel,Valeria14022001,18eaab939a469dc7c517d0aa2ceb7bf716a2b11f
Valeria14022001_img_0265,img_0265.png,heroes_y_aventuras,ilustracion_plana_color,800,800,nino superheroe planta,rawpixel,Valeria14022001,c1f26e1a10deed151b4a428a98933a1d8865a697
Valeria14022001_img_0266,img_0266.png,heroes_y_aventuras,ilustracion_plana_color,800,800,nino superheroe planta pose heroica,rawpixel,Valeria14022001,012a59f08e76a00b71a2acce4c43536377807804
Valeria14022001_img_0267,img_0267.png,heroes_y_aventuras,ilustracion_plana_color,1200,1200,nino superheroe rubio,rawpixel,Valeria14022001,8602fcadff756b5ce13a3a6e5b6b80633d8ff3fd
Valeria14022001_img_0268,img_0268.png,heroes_y_aventuras,ilustracion_plana_color,800,800,nino superheroe volando,rawpixel,Valeria14022001,6c70d7ef1a6fc580c8f6612814249b8a5b6537e1
Valeria14022001_img_0269,img_0269.png,heroes_y_aventuras,ilustracion_plana_color,800,800,pequena heroina con capa,rawpixel,Valeria14022001,d72ee5cdc31ea033aa3157bb8f43dfc28b930184
Valeria14022001_img_0270,img_0270.png,heroes_y_aventuras,ilustracion_plana_color,800,800,pequena heroina traje azul emblema,rawpixel,Valeria14022001,a60c2b2db3332675c88e463d71acc3126aea5f82
Valeria14022001_img_0271,img_0271.png,heroes_y_aventuras,ilustracion_plana_color,400,400,pequena mujer fuerte,rawpixel,Valeria14022001,1358c01cab5926f8259e9fb712ee724d6d2f696f
Valeria14022001_img_0272,img_0272.png,heroes_y_aventuras,ilustracion_plana_color,400,400,pequeno caballero a caballo,rawpixel,Valeria14022001,4a0e659bcae803529263c54ebed66a1b7e1bd53d
Valeria14022001_img_0273,img_0273.png,heroes_y_aventuras,ilustracion_plana_color,800,1131,pequeno chico con espada,rawpixel,Valeria14022001,0aa8e32bcfa868e0f2c5e61a63a79e21f52df61b
Valeria14022001_img_0274,img_0274.png,heroes_y_aventuras,ilustracion_plana_color,800,800,pequeno guerrero espada escudo,rawpixel,Valeria14022001,0aa8cc091ab5e9bbb5d3b5b0e4a1bdaa4b1baeb5
Valeria14022001_img_0275,img_0275.png,heroes_y_aventuras,ilustracion_plana_color,800,800,pequeno hero con capa,rawpixel,Valeria14022001,cf1884068adb830947497023dab23e4e5995d36a
Valeria14022001_img_0276,img_0276.png,heroes_y_aventuras,ilustracion_plana_color,800,800,pequeno heroe capa posando,rawpixel,Valeria14022001,bb0f7b0f746d4ca0ba527e910068fa126dfb6b8b
Valeria14022001_img_0277,img_0277.png,heroes_y_aventuras,ilustracion_plana_color,800,800,pequeno heroe capa roja,rawpixel,Valeria14022001,d113b2deb98ea52c0ad5d62b9a7b0147c485fcea
Valeria14022001_img_0278,img_0278.png,heroes_y_aventuras,ilustracion_plana_color,800,800,pequeno heroe con antifaz posando,rawpixel,Valeria14022001,172fcc7f44c76d084053f289a80df19f3d4f2f1a
Valeria14022001_img_0279,img_0279.png,heroes_y_aventuras,ilustracion_plana_color,800,800,pequeno heroe con capa y antifaz,rawpixel,Valeria14022001,00ce477a3fc4fb450122b9bfa8e9aab1537e681b
Valeria14022001_img_0280,img_0280.png,heroes_y_aventuras,ilustracion_plana_color,1200,800,pequeno heroe con espada,rawpixel,Valeria14022001,975ac036839be1dca0f33b97a507f440de1a5fb8
Valeria14022001_img_0281,img_0281.png,heroes_y_aventuras,ilustracion_plana_color,800,800,pequeno heroe rubio con capa,rawpixel,Valeria14022001,1d8fd8d5e127026bb9c4b27869ae1e92bf9c83fa
Valeria14022001_img_0282,img_0282.png,heroes_y_aventuras,ilustracion_plana_color,800,800,pequeno luchador posando,rawpixel,Valeria14022001,3b977dd8a03b1474ebe37133ac12f5306471e112
Valeria14022001_img_0283,img_0283.png,heroes_y_aventuras,ilustracion_plana_color,800,800,pequeno soldado romano espada y escudo,rawpixel,Valeria14022001,a3794aae50f6ccd820de536ac9578bcdf273e5e4
Valeria14022001_img_0284,img_0284.png,heroes_y_aventuras,ilustracion_plana_color,800,800,pequeno superheroe,rawpixel,Valeria14022001,3c4a4a6dffe5caacf342c34a9a53dcf6a6447f2b
Valeria14022001_img_0285,img_0285.png,heroes_y_aventuras,ilustracion_plana_color,800,800,pequeno superheroe con estrella,rawpixel,Valeria14022001,5876040481b3d90211bdfbebffdeb83779e8f8d8
Valeria14022001_img_0286,img_0286.png,heroes_y_aventuras,ilustracion_plana_color,800,800,pequeno superheroe corriendo,rawpixel,Valeria14022001,edcbccde3c2f0c135d23be7c6baea20469167c81
Valeria14022001_img_0287,img_0287.png,heroes_y_aventuras,ilustracion_plana_color,800,800,pequeno superheroe de reciclaje,rawpixel,Valeria14022001,44d3fc8e08e54fb20469fa0e588869bc761b2cd6
Valeria14022001_img_0288,img_0288.png,heroes_y_aventuras,ilustracion_plana_color,400,400,pequeno superheroe estrella capa roja traje azul,rawpixel,Valeria14022001,3cecac0c26863b0b2d7d018b79fb42f6b852dcf6
Valeria14022001_img_0289,img_0289.png,heroes_y_aventuras,ilustracion_plana_color,800,800,pequeno superheroe triangulo,rawpixel,Valeria14022001,fcde2d12f6c32cb0e141d9c64bea05ad287f4302
Valeria14022001_img_0290,img_0290.png,heroes_y_aventuras,ilustracion_plana_color,800,799,pequeno superheroe volando,rawpixel,Valeria14022001,6731dfebcebb1fefc0e46301dce7fc401ac0e79b
Valeria14022001_img_0291,img_0291.png,heroes_y_aventuras,ilustracion_plana_color,800,800,perro bombero con casco,rawpixel,Valeria14022001,ef097b84758269b905fb3e3513113294b0e1442d
Valeria14022001_img_0292,img_0292.png,heroes_y_aventuras,ilustracion_plana_color,800,800,perro bombreo con manguera,rawpixel,Valeria14022001,1c00ee4f2995974b01bbbfc7e89870a087584ce8
Valeria14022001_img_0293,img_0293.png,heroes_y_aventuras,ilustracion_plana_color,800,800,perro labrador bombero,rawpixel,Valeria14022001,a87e2919f4bb1eca8b03feb3ceff3fb283976dbc
Valeria14022001_img_0294,img_0294.png,heroes_y_aventuras,ilustracion_plana_color,800,800,perro labrador bombero con manguera,rawpixel,Valeria14022001,b59c4394b55364131d7b26249059cd341ed4485d
Valeria14022001_img_0295,img_0295.png,heroes_y_aventuras,ilustracion_plana_color,800,800,peuqena heroina vestido azul,rawpixel,Valeria14022001,0a23d5488d21cc0492bd2d4e3189dc512985b135
Valeria14022001_img_0296,img_0296.png,heroes_y_aventuras,ilustracion_plana_color,400,400,pirata con sombrero y espada,rawpixel,Valeria14022001,4b4bf985cae211253b4d56cd06f2f0cb79e12fb6
Valeria14022001_img_0297,img_0297.png,heroes_y_aventuras,ilustracion_plana_color,400,400,reina,rawpixel,Valeria14022001,d14ad901dd670a7db157af9bc9bb2960eb4d180d
Valeria14022001_img_0298,img_0298.png,heroes_y_aventuras,ilustracion_plana_color,400,400,reina con baston,rawpixel,Valeria14022001,8feb84ff899ad491de775a02c69586fca9951fe4
Valeria14022001_img_0299,img_0299.png,heroes_y_aventuras,ilustracion_plana_color,400,400,reina saludando,rawpixel,Valeria14022001,d14d834fabdae17967c67bc057e4d156e2b140c1
Valeria14022001_img_0300,img_0300.png,heroes_y_aventuras,ilustracion_plana_color,800,800,rey caballero espada y escudo,rawpixel,Valeria14022001,173b4e525ecf1b238ccaeadf7847676841394e48
Valeria14022001_img_0301,img_0301.png,heroes_y_aventuras,ilustracion_plana_color,800,800,rey guerrero con espada y escudo,rawpixel,Valeria14022001,7e341215d4dc1a9a67b14b317fdfad3a0c4be5a4
Valeria14022001_img_0302,img_0302.png,heroes_y_aventuras,ilustracion_plana_color,800,800,rey guerrero cruzado,rawpixel,Valeria14022001,6f0c81a864b6cffe3882ded88e25c0dfc4f4984d
Valeria14022001_img_0303,img_0303.png,heroes_y_aventuras,ilustracion_plana_color,800,800,rey guerrero cruzado con espada,rawpixel,Valeria14022001,14ec8932fa55ab54f7314cc6341857293c246c7d
Valeria14022001_img_0304,img_0304.png,heroes_y_aventuras,ilustracion_plana_color,800,800,rey guerrero cruzado con espada y escudo,rawpixel,Valeria14022001,0f163de1b40f28aee0ada253c4ed4492970ed893
Valeria14022001_img_0305,img_0305.png,heroes_y_aventuras,ilustracion_plana_color,400,400,rey guerrero sobre leon,rawpixel,Valeria14022001,9553b05cfca4a22a318cbf65475fe0ca2c1c630c
Valeria14022001_img_0306,img_0306.png,heroes_y_aventuras,ilustracion_plana_color,800,800,rey medieval con espada y escudo,rawpixel,Valeria14022001,eb75647c516dda7a30eb704e24e8793f9444c85f
Valeria14022001_img_0307,img_0307.png,heroes_y_aventuras,ilustracion_plana_color,800,800,rey medieval corona,rawpixel,Valeria14022001,0347d6cc1e050ec9ce63fbacdb81f6e58f6fcf97
Valeria14022001_img_0308,img_0308.png,heroes_y_aventuras,ilustracion_plana_color,400,400,rey saludando,rawpixel,Valeria14022001,3339a89de7607709a6687578db600b294ae96388
Valeria14022001_img_0309,img_0309.png,heroes_y_aventuras,ilustracion_plana_color,800,800,robot rosado,rawpixel,Valeria14022001,89995e1b47e9fa139bf0e48f0d01bf8b2ae25620
Valeria14022001_img_0310,img_0310.png,heroes_y_aventuras,ilustracion_plana_color,800,800,romano casco espado y casco,rawpixel,Valeria14022001,2bb83808ebbf9908b5ecdf70ae5b74b0c9223b59
Valeria14022001_img_0311,img_0311.png,heroes_y_aventuras,ilustracion_plana_color,800,800,romano con capa y espada,rawpixel,Valeria14022001,4a118b5baba2d00d056ad10fab9ea1d1f1d87b75
Valeria14022001_img_0312,img_0312.png,heroes_y_aventuras,ilustracion_plana_color,800,800,romano sosteniendo casco,rawpixel,Valeria14022001,ea1c220d2de58c7f40b6a34d9ff856d6b2c861c5
Valeria14022001_img_0313,img_0313.png,heroes_y_aventuras,ilustracion_plana_color,800,800,romano sosteniendo casco dorado,rawpixel,Valeria14022001,32cda9f63e1ce3f5c25096c9ecae599d2432ce52
Valeria14022001_img_0314,img_0314.png,heroes_y_aventuras,ilustracion_plana_color,800,800,romano viendo casco,rawpixel,Valeria14022001,793c7c77a9cdaf4240e2dcec19ee23b45488babd
Valeria14022001_img_0315,img_0315.png,heroes_y_aventuras,ilustracion_plana_color,1200,1200,silueta bombero,rawpixel,Valeria14022001,7aff542fed6d77e4ebe91e9e18c01445e002bdc6
Valeria14022001_img_0316,img_0316.png,heroes_y_aventuras,ilustracion_plana_color,800,800,silueta guerrero espada escudo,rawpixel,Valeria14022001,a26e3ab664efa11f32fa68b34e2d9acbb495e113
Valeria14022001_img_0317,img_0317.png,heroes_y_aventuras,ilustracion_plana_color,400,400,soldado armado,rawpixel,Valeria14022001,85d39379245df84699ba435b6c470de751d2367c
Valeria14022001_img_0318,img_0318.png,heroes_y_aventuras,ilustracion_plana_color,800,800,soldado armado casco militar,rawpixel,Valeria14022001,d7ca626f3e5a9a7f28bf954c74a9594168e70028
Valeria14022001_img_0319,img_0319.png,heroes_y_aventuras,ilustracion_plana_color,800,800,soldado casco escudo espada,rawpixel,Valeria14022001,02c2ea8c877b81c19e2b69d0fd10d93f174f61bf
Valeria14022001_img_0320,img_0320.png,heroes_y_aventuras,ilustracion_plana_color,400,400,soldado con armadura,rawpixel,Valeria14022001,6447cec837b5d224eb57eb86796f228985f8b8e9
Valeria14022001_img_0321,img_0321.png,heroes_y_aventuras,ilustracion_plana_color,400,400,soldado con armadura armado,rawpixel,Valeria14022001,a5857bfcec38cad0cd1c06e92a92c5024cfe6684
Valeria14022001_img_0322,img_0322.png,heroes_y_aventuras,ilustracion_plana_color,800,800,soldado con armadura azul y espada,rawpixel,Valeria14022001,40ed08071a0882796432d81d2bc11fc195fd2014
Valeria14022001_img_0323,img_0323.png,heroes_y_aventuras,ilustracion_plana_color,400,400,soldado con armadura espada y escudo,rawpixel,Valeria14022001,bbfd461d682ac8740a80fd369da70210f093ab1c
Valeria14022001_img_0324,img_0324.png,heroes_y_aventuras,ilustracion_plana_color,800,800,soldado con lanza y escudo,rawpixel,Valeria14022001,86a1506996d5611e2b2a585a51fc66312b185a52
Valeria14022001_img_0325,img_0325.png,heroes_y_aventuras,ilustracion_plana_color,800,800,soldado nativo espada y escudo,rawpixel,Valeria14022001,fc2579b64d5642235c343a220bc3aa1703111be6
Valeria14022001_img_0326,img_0326.png,heroes_y_aventuras,ilustracion_plana_color,1000,1000,soldado romano armado,rawpixel,Valeria14022001,219123d9151d6c0ee0150f61d2c46cf412e7f9e8
Valeria14022001_img_0327,img_0327.png,heroes_y_aventuras,ilustracion_plana_color,800,800,soldado romano con capa y espada,rawpixel,Valeria14022001,0c8409fb66d28ab867a73e52227b20627609a9f5
Valeria14022001_img_0328,img_0328.png,heroes_y_aventuras,ilustracion_plana_color,800,800,soldado romano con escudo,rawpixel,Valeria14022001,b2ed4d5fc96f461541a1a834383a07cbc4688a04
Valeria14022001_img_0329,img_0329.png,heroes_y_aventuras,ilustracion_plana_color,800,800,soldado romano con espada y escudo,rawpixel,Valeria14022001,2fe284e7271fdfad17877cb8039377ce83e64fbc
Valeria14022001_img_0330,img_0330.png,heroes_y_aventuras,ilustracion_plana_color,800,800,soldado romano con lanza,rawpixel,Valeria14022001,8e481702264803ee5c295b9c7a5cbca572306915
Valeria14022001_img_0331,img_0331.png,heroes_y_aventuras,ilustracion_plana_color,800,800,soldado romano con lanza y escudo,rawpixel,Valeria14022001,ec91f20159abf2a11f0c1fd1936b078b4f159c03
Valeria14022001_img_0332,img_0332.png,heroes_y_aventuras,ilustracion_plana_color,800,800,soldado romano entrenando,rawpixel,Valeria14022001,a9e7346a069a5f385271154f2e2574c5e12ef09d
Valeria14022001_img_0333,img_0333.png,heroes_y_aventuras,ilustracion_plana_color,800,800,soldado romano espada casco y escudo,rawpixel,Valeria14022001,65f80e846f5279b0e57b4a4685a06000a96666ae
Valeria14022001_img_0334,img_0334.png,heroes_y_aventuras,ilustracion_plana_color,800,800,soldado romano espada y escudo,rawpixel,Valeria14022001,4a1da28b3f0cfba45c40d48dedf83373964f419b
Valeria14022001_img_0335,img_0335.png,heroes_y_aventuras,ilustracion_plana_color,800,800,soldado romano lanza casco y escudo,rawpixel,Valeria14022001,9f1b0391c041bcc0105b96c52f7868bc8e587150
Valeria14022001_img_0336,img_0336.png,heroes_y_aventuras,ilustracion_plana_color,800,800,soldado romano lanza y escudo,rawpixel,Valeria14022001,1418cadbd64437bde5f0a4cfe9304e8fcac925eb
Valeria14022001_img_0337,img_0337.png,heroes_y_aventuras,ilustracion_plana_color,800,800,soldado romano murmillo,rawpixel,Valeria14022001,3ccfa4bd14a153b36318728feb425d1a32a11068
Valeria14022001_img_0338,img_0338.png,heroes_y_aventuras,ilustracion_plana_color,800,800,soldado romano sin casco,rawpixel,Valeria14022001,0da2a5e11712d4a7b665b6dba842f284a0146774
Valeria14022001_img_0339,img_0339.png,heroes_y_aventuras,ilustracion_plana_color,1200,1200,super hombre posando,rawpixel,Valeria14022001,c7743084d95f51e26bba314f86c30274eacf058b
Valeria14022001_img_0340,img_0340.png,heroes_y_aventuras,ilustracion_plana_color,800,800,superheroe alto y delgado,rawpixel,Valeria14022001,4259b08fe165ee81b51d5a8470834f8664bc85cd
Valeria14022001_img_0341,img_0341.png,heroes_y_aventuras,ilustracion_plana_color,800,800,superheroe antifaz azul con picos,rawpixel,Valeria14022001,9d4926765fe77ce25cd531c03601fe9ca1b174d5
Valeria14022001_img_0342,img_0342.png,heroes_y_aventuras,ilustracion_plana_color,800,1131,superheroe asustado,rawpixel,Valeria14022001,2aa7df14857860d9e091bf9d786fbb7df72abba1
Valeria14022001_img_0343,img_0343.png,heroes_y_aventuras,ilustracion_plana_color,800,800,superheroe azul con capa,rawpixel,Valeria14022001,5c0e6492650523d785888b12753c64f8dd5683a0
Valeria14022001_img_0344,img_0344.png,heroes_y_aventuras,ilustracion_plana_color,800,800,superheroe brillante con capa,rawpixel,Valeria14022001,8a2a87d138068bf81bc16f9ef88ffffe19c637fd
Valeria14022001_img_0345,img_0345.png,heroes_y_aventuras,ilustracion_plana_color,800,800,superheroe calvo capa verde,rawpixel,Valeria14022001,5b7fd7b10fd938fa5b33d096c79ee086708597dd
Valeria14022001_img_0346,img_0346.png,heroes_y_aventuras,ilustracion_plana_color,800,800,superheroe capa amarilla antifaz,rawpixel,Valeria14022001,2c957ddcb1c576d62b61d029c70ab7084282ed5f
Valeria14022001_img_0347,img_0347.png,heroes_y_aventuras,ilustracion_plana_color,800,800,superheroe capa roja traje azul emblema,rawpixel,Valeria14022001,b7f0daa30325028d37be8ef0cd3d1ba20e9f7999
Valeria14022001_img_0348,img_0348.png,heroes_y_aventuras,ilustracion_plana_color,800,533,superheroe capa roja traje color azul,rawpixel,Valeria14022001,827dbd69a2898f1cc7ca42af76af2cc7bfd12884
Valeria14022001_img_0349,img_0349.png,heroes_y_aventuras,ilustracion_plana_color,800,800,superheroe casco capa azul,rawpixel,Valeria14022001,5220e05facd1ed000f04f7d91f2dca7d0a6a07c3
Valeria14022001_img_0350,img_0350.png,heroes_y_aventuras,ilustracion_plana_color,800,800,superheroe clasico con capa,rawpixel,Valeria14022001,97aec36080c3e4952d0a9301d8bb68ba2dd22a7d
Valeria14022001_img_0351,img_0351.png,heroes_y_aventuras,ilustracion_plana_color,800,800,superheroe clasico traje rojo,rawpixel,Valeria14022001,3fcdecdaf2c3cde21804710d07b89f0d072b67f3
Valeria14022001_img_0352,img_0352.png,heroes_y_aventuras,ilustracion_plana_color,800,800,superheroe con antifaz capa y estrella,rawpixel,Valeria14022001,20e4bc7cdd166beb84f3dc7e3c64c32bc4b46488
Valeria14022001_img_0353,img_0353.png,heroes_y_aventuras,ilustracion_plana_color,800,800,superheroe con antifaz y estrella,rawpixel,Valeria14022001,38d5041a4798012b337135c2b2667e6529aaabee
Valeria14022001_img_0354,img_0354.png,heroes_y_aventuras,ilustracion_plana_color,800,800,superheroe con mascara,rawpixel,Valeria14022001,263b2e0636ae200d8e0042a0c67e2e17338779e5
Valeria14022001_img_0355,img_0355.png,heroes_y_aventuras,ilustracion_plana_color,800,1200,superheroe con traje y capa roja,rawpixel,Valeria14022001,9f6ba2cab82631c641ed9b269c35e40cd9fbff91
Valeria14022001_img_0356,img_0356.png,heroes_y_aventuras,ilustracion_plana_color,1200,1200,superheroe de traje negro,rawpixel,Valeria14022001,9cd38389894236babbee76ce3e7ca5c9b493e0fb
Valeria14022001_img_0357,img_0357.png,heroes_y_aventuras,ilustracion_plana_color,800,800,superheroe delgado,rawpixel,Valeria14022001,649c7ab95b42ee6deb21be45536954957e72a5da
Valeria14022001_img_0358,img_0358.png,heroes_y_aventuras,ilustracion_plana_color,800,800,superheroe delgado saludando,rawpixel,Valeria14022001,167c7a1938dd5e82474e93cdc5b2d18277e7430e
Valeria14022001_img_0359,img_0359.png,heroes_y_aventuras,ilustracion_plana_color,800,800,superheroe ecologico,rawpixel,Valeria14022001,e23b6c3c37fa6e3d59c0057ea8b509f6030889ec
Valeria14022001_img_0360,img_0360.png,heroes_y_aventuras,ilustracion_plana_color,800,800,superheroe ecologico verde,rawpixel,Valeria14022001,866a1a464aaa0a28224e37a627730f70cda6617f
Valeria14022001_img_0361,img_0361.png,heroes_y_aventuras,ilustracion_plana_color,800,800,superheroe enmascarado con capa,rawpixel,Valeria14022001,1c53ce382a6bf7d81bacad297512a949c5db0fd3
Valeria14022001_img_0362,img_0362.png,heroes_y_aventuras,ilustracion_plana_color,800,800,superheroe estrella anime,rawpixel,Valeria14022001,7013d65dc14d21a0e5936aa73a46791e73170ae2
Valeria14022001_img_0363,img_0363.png,heroes_y_aventuras,ilustracion_plana_color,800,1189,superheroe estrella blanco y negro,rawpixel,Valeria14022001,7aed2abf8ccc0aea981dbcfe4109940881a12d5a
Valeria14022001_img_0364,img_0364.png,heroes_y_aventuras,ilustracion_plana_color,800,800,superheroe estrella capa azul,rawpixel,Valeria14022001,df6b148e2148320fbce4778ad503e0c1b62f6b5f
Valeria14022001_img_0365,img_0365.png,heroes_y_aventuras,ilustracion_plana_color,800,800,superheroe estrella enmascarado,rawpixel,Valeria14022001,81eb2bf64fd01827046fe18f1acec2fff111dddf
Valeria14022001_img_0366,img_0366.png,heroes_y_aventuras,ilustracion_plana_color,800,800,superheroe estrella traje naranja,rawpixel,Valeria14022001,193a949eba9a9a81bb285b8fde6fd299bc7d9a45
Valeria14022001_img_0367,img_0367.png,heroes_y_aventuras,ilustracion_plana_color,800,800,superheroe fuerte traje azul capa roja y emblema,rawpixel,Valeria14022001,79452921c3364611f4c65156e03ccaa6be497986
Valeria14022001_img_0368,img_0368.png,heroes_y_aventuras,ilustracion_plana_color,799,800,superheroe mascara azul,rawpixel,Valeria14022001,33ae2aef91981f6728a9cdc9e6dfdbf5a69a4937
Valeria14022001_img_0369,img_0369.png,heroes_y_aventuras,ilustracion_plana_color,800,800,superheroe morado antifaz con picos,rawpixel,Valeria14022001,9802d55f4f92ce458020d30bb54af1878b801ccf
Valeria14022001_img_0370,img_0370.png,heroes_y_aventuras,ilustracion_plana_color,800,800,superheroe morado con capa,rawpixel,Valeria14022001,4d1a894c1784d40e1ea30cafe953854d9baf96c9
Valeria14022001_img_0371,img_0371.png,heroes_y_aventuras,ilustracion_plana_color,800,800,superheroe morado con capa y emblema,rawpixel,Valeria14022001,6c171e4a5852d0c96d3f54663352f384915afa0e
Valeria14022001_img_0372,img_0372.png,heroes_y_aventuras,ilustracion_plana_color,800,800,superheroe oscuro rayo,rawpixel,Valeria14022001,b0be0f1269531147846d9315abfbd6fc3feb3e0c
Valeria14022001_img_0373,img_0373.png,heroes_y_aventuras,ilustracion_plana_color,800,800,superheroe pequeno capa,rawpixel,Valeria14022001,77f43a6725f3c664df9fb0402f06564588ba413e
Valeria14022001_img_0374,img_0374.png,heroes_y_aventuras,ilustracion_plana_color,400,400,superheroe pequeno capa roja y shorts,rawpixel,Valeria14022001,32f55f4e0cb174cf176cb2d2d9fc12530ef86f74
Valeria14022001_img_0375,img_0375.png,heroes_y_aventuras,ilustracion_plana_color,800,800,superheroe pequeno capa verde,rawpixel,Valeria14022001,9c32ce4d59bc06c2660027f1b71f59049d982323
Valeria14022001_img_0376,img_0376.png,heroes_y_aventuras,ilustracion_plana_color,800,800,superheroe pequeno reciclaje capa roja,rawpixel,Valeria14022001,0b27079a37e188d4b8d30fa4c64f8fa0ae292859
Valeria14022001_img_0377,img_0377.png,heroes_y_aventuras,ilustracion_plana_color,800,800,superheroe pequeno rubio con capa roja,rawpixel,Valeria14022001,7cd30da9649aceb85393ecc4ab9a9009e3d87f4a
Valeria14022001_img_0378,img_0378.png,heroes_y_aventuras,ilustracion_plana_color,800,1131,superheroe pequeno usando capa,rawpixel,Valeria14022001,70a0ca028507c63e7323351db49ac7cf1ca2e009
Valeria14022001_img_0379,img_0379.png,heroes_y_aventuras,ilustracion_plana_color,800,800,superheroe planta con capa,rawpixel,Valeria14022001,9df8ecff92e7ed71217cba6a9df9ab99cb31ba65
Valeria14022001_img_0380,img_0380.png,heroes_y_aventuras,ilustracion_plana_color,800,800,superheroe pose heroica,rawpixel,Valeria14022001,cdce690015d0113c59030f409892b23c84da902e
Valeria14022001_img_0381,img_0381.png,heroes_y_aventuras,ilustracion_plana_color,800,800,superheroe rapido corriendo,rawpixel,Valeria14022001,3566df08e60ebee97bd87ae4723bcebf7a5ae286
Valeria14022001_img_0382,img_0382.png,heroes_y_aventuras,ilustracion_plana_color,800,800,superheroe rubio,rawpixel,Valeria14022001,7e5ce6b9b573c3492eb165960ab3fb616ab59e66
Valeria14022001_img_0383,img_0383.png,heroes_y_aventuras,ilustracion_plana_color,800,1200,superheroe traje amarillo capa blanca,rawpixel,Valeria14022001,65181566752824f1ac82fd0bc0dea3ad1a296449
Valeria14022001_img_0384,img_0384.png,heroes_y_aventuras,ilustracion_plana_color,800,1200,superheroe traje amarillo casco verde,rawpixel,Valeria14022001,1d2aaa9c7c6826d99df9775c12555eef9095cda6
Valeria14022001_img_0385,img_0385.png,heroes_y_aventuras,ilustracion_plana_color,800,800,superheroe traje azul botas y capa roja,rawpixel,Valeria14022001,6383dcbf9b7b3ea5581dfa7c0c7822f6aa63eacd
Valeria14022001_img_0386,img_0386.png,heroes_y_aventuras,ilustracion_plana_color,800,1422,superheroe traje azul con estrella,rawpixel,Valeria14022001,04718e4b8cf13403e0d4c82e9a2310a0ae1687b8
Valeria14022001_img_0387,img_0387.png,heroes_y_aventuras,ilustracion_plana_color,800,800,superheroe traje azul estrella amarilla,rawpixel,Valeria14022001,cc2ccbe926b19c0f9f5d7978f05767be4d1b59cb
Valeria14022001_img_0388,img_0388.png,heroes_y_aventuras,ilustracion_plana_color,800,800,superheroe traje rojo,rawpixel,Valeria14022001,46272b0e43055e3bee340fac3b6cfa368dfcbbdd
Valeria14022001_img_0389,img_0389.png,heroes_y_aventuras,ilustracion_plana_color,800,800,superheroe traje verde guantes rojo,rawpixel,Valeria14022001,09417ab8eb362439c74f2ca54e0df3964cb9f9bd
Valeria14022001_img_0390,img_0390.png,heroes_y_aventuras,ilustracion_plana_color,800,1131,superheroe volador,rawpixel,Valeria14022001,1971bf5e6da5ec2cddc7dfcce9ac31a168c7ad56
Valeria14022001_img_0391,img_0391.png,heroes_y_aventuras,ilustracion_plana_color,800,1422,superheroe volando capa amarilla,rawpixel,Valeria14022001,b93b56cf22cbc4c87f637ad4d9e926a5c2d5cd58
Valeria14022001_img_0392,img_0392.png,heroes_y_aventuras,ilustracion_plana_color,800,1131,superheroe volando capa roja,rawpixel,Valeria14022001,acd932de1f88b47f1f95a2d5d26ec337d040aaa9
Valeria14022001_img_0393,img_0393.png,heroes_y_aventuras,ilustracion_plana_color,800,800,superheroe volando rayo,rawpixel,Valeria14022001,52d6ac14931b35e21aeff64a82d11897d45d722c
Valeria14022001_img_0394,img_0394.png,heroes_y_aventuras,ilustracion_plana_color,800,1338,superheroina capa blanca traje rojo,rawpixel,Valeria14022001,d932d55b4d4e05a12140f48cb230f6281d5d56d2
Valeria14022001_img_0395,img_0395.png,heroes_y_aventuras,ilustracion_plana_color,800,800,superheroina capa roja estrella,rawpixel,Valeria14022001,3596d0dc43c2b7a28eb64f840980fa0df80b9d78
Valeria14022001_img_0396,img_0396.png,heroes_y_aventuras,ilustracion_plana_color,800,800,superheroina capa roja traje azul pose,rawpixel,Valeria14022001,e6b4ab18e544a0614a71779ad795b44408850628
Valeria14022001_img_0397,img_0397.png,heroes_y_aventuras,ilustracion_plana_color,800,1423,superheroina capa roja vestido azul,rawpixel,Valeria14022001,99ab576e0e5e39525d03c85ada75f37f260e869c
Valeria14022001_img_0398,img_0398.png,heroes_y_aventuras,ilustracion_plana_color,800,800,superheroina estrella capa,rawpixel,Valeria14022001,69a216bff03c7bba2660a793d86b4f8547e57ab1
Valeria14022001_img_0399,img_0399.png,heroes_y_aventuras,ilustracion_plana_color,800,800,superheroina poderosa,rawpixel,Valeria14022001,3390ee132dd1fff47879b868a6b6f591cfc00400
Valeria14022001_img_0400,img_0400.png,heroes_y_aventuras,ilustracion_plana_color,800,800,superheroina posando,rawpixel,Valeria14022001,d337b63e9592cedc1d71555f523ab4ff96bfb71c
Valeria14022001_img_0401,img_0401.png,heroes_y_aventuras,ilustracion_plana_color,800,800,superheroina pose heroica,rawpixel,Valeria14022001,b426e84e80eb9f22be299fa3def7a72e3a038b8d
Valeria14022001_img_0402,img_0402.png,heroes_y_aventuras,ilustracion_plana_color,800,800,superheroina rubia,rawpixel,Valeria14022001,0aa0193532cb8d53e2c655e512d7fd97a12a26a6
Valeria14022001_img_0403,img_0403.png,heroes_y_aventuras,ilustracion_plana_color,800,800,superheroina traje azul falda roja,rawpixel,Valeria14022001,7d39a19584d67b1301d3bc46a764eed3dc2b7088
Valeria14022001_img_0404,img_0404.png,heroes_y_aventuras,ilustracion_plana_color,800,800,superheroina traje verde antifaz,rawpixel,Valeria14022001,5b5b1e70d5eecf042c69050362e5aed045f2d0d7
Valeria14022001_img_0405,img_0405.png,heroes_y_aventuras,ilustracion_plana_color,800,1422,superman pose heroica,rawpixel,Valeria14022001,bac52deb936bfa4879213af7d2e247312e66d10b
Valeria14022001_img_0406,img_0406.png,heroes_y_aventuras,ilustracion_plana_color,800,800,vampiro capa,rawpixel,Valeria14022001,1b82d09e969961634ca561c45fb1d7ed30634b95
Valeria14022001_img_0407,img_0407.png,heroes_y_aventuras,ilustracion_plana_color,800,800,viejo romano lanza escudo,rawpixel,Valeria14022001,d6fba2cd6d6a354749bd84008e8efe4f4d32155a
Valeria14022001_img_0408,img_0408.png,heroes_y_aventuras,ilustracion_plana_color,800,800,viejo soldado con lanza y escudo,rawpixel,Valeria14022001,094db13694a6eac60b15ce796694799054cc0aab
Valeria14022001_img_0409,img_0409.png,heroes_y_aventuras,ilustracion_plana_color,800,800,viejo soldado romano,rawpixel,Valeria14022001,130ec89e66036da89edf8657e8c3d57a399d18e2
Valeria14022001_img_0410,img_0410.png,heroes_y_aventuras,ilustracion_plana_color,800,800,wukong con palo,rawpixel,Valeria14022001,7461eb24b349d23b5555d813d1993e206722bc0f
Valeria14022001_img_0411,img_0411.png,heroes_y_aventuras,ilustracion_plana_color,445,300,acantilado aventurero atardecer camioneta,vecteezy,Valeria14022001,2657b8152f13a05bb5bb3efc77957d060fa6518c
Valeria14022001_img_0412,img_0412.png,heroes_y_aventuras,ilustracion_plana_color,363,302,aladin alfombra magica,vecteezy,Valeria14022001,017e6bc46af54acaaf83eaa0189f757f52712d59
Valeria14022001_img_0413,img_0413.png,heroes_y_aventuras,ilustracion_plana_color,490,339,aladin alfombra magica noche,vecteezy,Valeria14022001,e9c9a813d3a00c4816b3a0a8666b995a7963856c
Valeria14022001_img_0414,img_0414.png,heroes_y_aventuras,ilustracion_plana_color,187,288,aladin mostrando lampara,vecteezy,Valeria14022001,936fff1e1f9912417c0034d35acae0d1c1278fa4
Valeria14022001_img_0415,img_0415.png,heroes_y_aventuras,ilustracion_plana_color,495,344,aladin volando alfombra magica,vecteezy,Valeria14022001,f73b1c0d8aeebfa8eb8aea295afac36220e2e1d8
Valeria14022001_img_0416,img_0416.png,heroes_y_aventuras,ilustracion_plana_color,348,252,alcantilado mar,vecteezy,Valeria14022001,a3b119aae88152060efc894b1b5c67d6209e971b
Valeria14022001_img_0417,img_0417.png,heroes_y_aventuras,ilustracion_plana_color,329,330,alfombra magica,vecteezy,Valeria14022001,05bd6453d92ed6276cf8872afeeb5567f873a392
Valeria14022001_img_0418,img_0418.png,heroes_y_aventuras,ilustracion_plana_color,299,280,alicia conejo corriendo,vecteezy,Valeria14022001,bc1b890162a77d055d3a2db548bc79d66218aab5
Valeria14022001_img_0419,img_0419.png,heroes_y_aventuras,ilustracion_plana_color,292,298,alicia espejo cruzando,vecteezy,Valeria14022001,8db4e55b704adeb06212ee1d75792e31fb75bdaa
Valeria14022001_img_0420,img_0420.png,heroes_y_aventuras,ilustracion_plana_color,324,186,anaconda pantano peligro,vecteezy,Valeria14022001,79ec2a12d3046fdef04c2b93b392ac609d7db7fc
Valeria14022001_img_0421,img_0421.png,heroes_y_aventuras,ilustracion_plana_color,452,328,anaconda pantano peligro enojada,vecteezy,Valeria14022001,fec65d2f73667a3a4c3a2bba3a067dc2f2031de4
Valeria14022001_img_0422,img_0422.png,heroes_y_aventuras,ilustracion_plana_color,230,213,androide semihumano mirando arriba,vecteezy,Valeria14022001,993ac4e07e8c541de05b8b30ed5eaa26cb1beda8
Valeria14022001_img_0423,img_0423.png,heroes_y_aventuras,ilustracion_plana_color,165,253,androide semihumano mirando perfil,vecteezy,Valeria14022001,b772067f08a461ffe440816df2c6114626515e14
Valeria14022001_img_0424,img_0424.png,heroes_y_aventuras,ilustracion_plana_color,253,229,animal caballo atardecer,vecteezy,Valeria14022001,7ef0f07f4050ed2b689cf52c664a855b11817b58
Valeria14022001_img_0425,img_0425.png,heroes_y_aventuras,ilustracion_plana_color,233,268,arma arco flecha,vecteezy,Valeria14022001,0be3e7f392fa44b1d429e9fb856f2bbe3f4ee967
Valeria14022001_img_0426,img_0426.png,heroes_y_aventuras,ilustracion_plana_color,265,313,arma ballesta arma,vecteezy,Valeria14022001,ab558e0adce57696c9aaf201ff59e3bfe10247b6
Valeria14022001_img_0427,img_0427.png,heroes_y_aventuras,ilustracion_plana_color,348,352,arma daga,vecteezy,Valeria14022001,2ff98687222f48164a3cb2271cee8e1582113597
Valeria14022001_img_0428,img_0428.png,heroes_y_aventuras,ilustracion_plana_color,273,259,arma dagas,vecteezy,Valeria14022001,dc348ad29f76ddd50e5bda70cfec69afbcc64bca
Valeria14022001_img_0429,img_0429.png,heroes_y_aventuras,ilustracion_plana_color,245,261,arma escudo,vecteezy,Valeria14022001,351853f7df19be12966d4b912a4f854d111df825
Valeria14022001_img_0430,img_0430.png,heroes_y_aventuras,ilustracion_plana_color,306,292,arma escudo negro,vecteezy,Valeria14022001,0851773e421588e09d6ad9ebc6c84ef3f1a353b4
Valeria14022001_img_0431,img_0431.png,heroes_y_aventuras,ilustracion_plana_color,208,292,arma felchas arco,vecteezy,Valeria14022001,1e7cb163b50adc3834316d1ada68c9e30fa94115
Valeria14022001_img_0432,img_0432.png,heroes_y_aventuras,ilustracion_plana_color,207,395,arma flechas,vecteezy,Valeria14022001,603f9e3f6e4c3c3a55a6203dd1b9e93116d4bc0d
Valeria14022001_img_0433,img_0433.png,heroes_y_aventuras,ilustracion_plana_color,226,275,arma hacha,vecteezy,Valeria14022001,e7ae5d29693c53a3894c60bd6ef3cd69b86fa676
Valeria14022001_img_0434,img_0434.png,heroes_y_aventuras,ilustracion_plana_color,268,223,arma hachas,vecteezy,Valeria14022001,c16d63afea7413c52772c3b76f845113aff76a92
Valeria14022001_img_0435,img_0435.png,heroes_y_aventuras,ilustracion_plana_color,108,281,arma lanza,vecteezy,Valeria14022001,cd645dc2f37dccfe43d81caff1d69e43924b9328
Valeria14022001_img_0436,img_0436.png,heroes_y_aventuras,ilustracion_plana_color,185,273,arma resortera,vecteezy,Valeria14022001,f6614a7e3295b68c6073c74d49f9ea5b612f53be
Valeria14022001_img_0437,img_0437.png,heroes_y_aventuras,ilustracion_plana_color,119,272,armadura medieval,vecteezy,Valeria14022001,b8a33bc7ecba76ad3ad5e2f9c8bb390746585a67
Valeria14022001_img_0438,img_0438.png,heroes_y_aventuras,ilustracion_plana_color,163,236,armas armadura china,vecteezy,Valeria14022001,5dc6f9be78dbd9281adf15371751d67d0ac25a0c
Valeria14022001_img_0439,img_0439.png,heroes_y_aventuras,ilustracion_plana_color,180,224,articula borla magica morada,vecteezy,Valeria14022001,1593fac4e74195ce37db59ad4e63d01723997ee1
Valeria14022001_img_0440,img_0440.png,heroes_y_aventuras,ilustracion_plana_color,184,177,articula borla magica roja,vecteezy,Valeria14022001,2eccfdf84492715e1cb948d11bfe12d1a7710e1a
Valeria14022001_img_0441,img_0441.png,heroes_y_aventuras,ilustracion_plana_color,217,208,articulo anillo poder inscripcion,vecteezy,Valeria14022001,a0c771c7c5ab7c4f2aa389a5f93934012739f395
Valeria14022001_img_0442,img_0442.png,heroes_y_aventuras,ilustracion_plana_color,613,359,articulo anillos entrelazados,vecteezy,Valeria14022001,fe9e3fa4ed28d5a18d48c47232ac8a2894cd6568
Valeria14022001_img_0443,img_0443.png,heroes_y_aventuras,ilustracion_plana_color,304,308,articulo antena parabolica,vecteezy,Valeria14022001,fb7404ecc889077778f567ff7067358ca1b76b35
Valeria14022001_img_0444,img_0444.png,heroes_y_aventuras,ilustracion_plana_color,261,298,articulo antena senal,vecteezy,Valeria14022001,8c1dcd02572d6a6af4219f2d58a25fbc84a3ee90
Valeria14022001_img_0445,img_0445.png,heroes_y_aventuras,ilustracion_plana_color,239,292,articulo antorcha encendida mano,vecteezy,Valeria14022001,be8b7eab13913973ead626f9109444b729b5de83
Valeria14022001_img_0446,img_0446.png,heroes_y_aventuras,ilustracion_plana_color,250,282,articulo antorcha encendida pared,vecteezy,Valeria14022001,8f94f7a4dbb0f03fde76f3dddad20c5c83e6a573
Valeria14022001_img_0447,img_0447.png,heroes_y_aventuras,ilustracion_plana_color,248,292,articulo bandera blanca,vecteezy,Valeria14022001,2b5fd425758ea91707a8e771578f405496a9f98d
Valeria14022001_img_0448,img_0448.png,heroes_y_aventuras,ilustracion_plana_color,268,316,articulo bandera pirata rota,vecteezy,Valeria14022001,acf9b9521260fb54aec062e1af3ceae60c60f0f9
Valeria14022001_img_0449,img_0449.png,heroes_y_aventuras,ilustracion_plana_color,470,284,articulo bandera realeza,vecteezy,Valeria14022001,5d27a387f99f96d75514582f439f5ef995412447
Valeria14022001_img_0450,img_0450.png,heroes_y_aventuras,ilustracion_plana_color,268,287,articulo brujula verde orientacion,vecteezy,Valeria14022001,6f2969c60706d1819331303f0643f2e5eb15d5dc
Valeria14022001_img_0451,img_0451.png,heroes_y_aventuras,ilustracion_plana_color,235,287,articulo buena suerte joya,vecteezy,Valeria14022001,95b1d5cec384445fea59c206853c439d8abe3a04
Valeria14022001_img_0452,img_0452.png,heroes_y_aventuras,ilustracion_plana_color,252,301,articulo caliz detalles joya,vecteezy,Valeria14022001,6f6c44201da8ae4ae0e374c15d2e3afec561d1c8
Valeria14022001_img_0453,img_0453.png,heroes_y_aventuras,ilustracion_plana_color,302,291,articulo caliz joyas valioso,vecteezy,Valeria14022001,249e2e4d6054b04120f6a443ed661bd7e865fa13
Valeria14022001_img_0454,img_0454.png,heroes_y_aventuras,ilustracion_plana_color,210,244,articulo caliz simple,vecteezy,Valeria14022001,1ed3b0fc04f28d326fcccc5073ee75af1c3c3f8c
Valeria14022001_img_0455,img_0455.png,heroes_y_aventuras,ilustracion_plana_color,284,244,articulo catalejo cafe,vecteezy,Valeria14022001,ee1d2cb75d2870ca1ed9b2edd8ce2d897951f54b
Valeria14022001_img_0456,img_0456.png,heroes_y_aventuras,ilustracion_plana_color,226,224,articulo catalejo dorado,vecteezy,Valeria14022001,9bd9fbbafc79a1e68758c85bbe60eb5d18a666b9
Valeria14022001_img_0457,img_0457.png,heroes_y_aventuras,ilustracion_plana_color,250,328,articulo collar cruz joyas,vecteezy,Valeria14022001,a697a722800a313b0c750fb504bd43250a2b7a4b
Valeria14022001_img_0458,img_0458.png,heroes_y_aventuras,ilustracion_plana_color,304,303,articulo collar joyaz,vecteezy,Valeria14022001,668148cd933697bdcaaabfef351a5fe5a19c038e
Valeria14022001_img_0459,img_0459.png,heroes_y_aventuras,ilustracion_plana_color,244,173,articulo corona,vecteezy,Valeria14022001,92a087fd7a6c1a3efbf8adc31b653d5dcbcb2d98
Valeria14022001_img_0460,img_0460.png,heroes_y_aventuras,ilustracion_plana_color,271,224,articulo corona rey,vecteezy,Valeria14022001,309c5249e45940f60987eba69cfab2df3c2dca53
Valeria14022001_img_0461,img_0461.png,heroes_y_aventuras,ilustracion_plana_color,259,257,articulo cristales azules magicos,vecteezy,Valeria14022001,c85576ee790fde08fa0e7b3be59ae3f0dcb2b182
Valeria14022001_img_0462,img_0462.png,heroes_y_aventuras,ilustracion_plana_color,191,246,articulo cristales multicolor magicos,vecteezy,Valeria14022001,bd9a8275cdb3df7409ca0fca1570f357b5b23df4
Valeria14022001_img_0463,img_0463.png,heroes_y_aventuras,ilustracion_plana_color,162,290,articulo joya azul,vecteezy,Valeria14022001,f0a926c89fbefb1c63cb13af5f1a3924e1f8d6a9
Valeria14022001_img_0464,img_0464.png,heroes_y_aventuras,ilustracion_plana_color,227,230,articulo joya diamante,vecteezy,Valeria14022001,bc669becd7aa035c86d91db44b7525a57238571e
Valeria14022001_img_0465,img_0465.png,heroes_y_aventuras,ilustracion_plana_color,413,292,articulo libro antiguo abierto,vecteezy,Valeria14022001,8b183e727616e7c3797116a891d52a1aac7ae6a0
Valeria14022001_img_0466,img_0466.png,heroes_y_aventuras,ilustracion_plana_color,324,272,articulo libro registros,vecteezy,Valeria14022001,e63cd3a2814b1b503a33458d76f83678b57828a4
Valeria14022001_img_0467,img_0467.png,heroes_y_aventuras,ilustracion_plana_color,432,320,articulo libros pluma antigua,vecteezy,Valeria14022001,0f81c5ea4854161f9f4430d2abc3116a49d62967
Valeria14022001_img_0468,img_0468.png,heroes_y_aventuras,ilustracion_plana_color,218,282,articulo llave antigua inferior,vecteezy,Valeria14022001,550214bfca588c0f0c39a7665a0ec8e09e425b63
Valeria14022001_img_0469,img_0469.png,heroes_y_aventuras,ilustracion_plana_color,263,266,articulo llave antigua superior,vecteezy,Valeria14022001,6831a74ab973b0be9a215aae58f0a8630860527e
Valeria14022001_img_0470,img_0470.png,heroes_y_aventuras,ilustracion_plana_color,361,261,articulo mapa mundo,vecteezy,Valeria14022001,ddc31a9ecda3ba268dcf60e33cd8419cae3e704f
Valeria14022001_img_0471,img_0471.png,heroes_y_aventuras,ilustracion_plana_color,233,284,articulo pocion magica,vecteezy,Valeria14022001,d05a6dd9dea7542e2f066fbae0e55adaa12b7b0a
Valeria14022001_img_0472,img_0472.png,heroes_y_aventuras,ilustracion_plana_color,440,256,articulo pociones magicas,vecteezy,Valeria14022001,a99031ff1da7401d54176d66ff4263cbd2412b51
Valeria14022001_img_0473,img_0473.png,heroes_y_aventuras,ilustracion_plana_color,203,288,articulo reloj arena,vecteezy,Valeria14022001,981be682f9cd7357b045c36a29d9695cbcef4c25
Valeria14022001_img_0474,img_0474.png,heroes_y_aventuras,ilustracion_plana_color,166,220,articulo reloj arena mitad tiempo,vecteezy,Valeria14022001,c911bf160a17e0e7efa79f1b4eb9c58df5ad53dc
Valeria14022001_img_0475,img_0475.png,heroes_y_aventuras,ilustracion_plana_color,182,230,articulo reloj bolsillo antiguo,vecteezy,Valeria14022001,a87491fee10a5b6e4f15b51058ff28fbfb227d5d
Valeria14022001_img_0476,img_0476.png,heroes_y_aventuras,ilustracion_plana_color,174,265,articulo reloj cucu,vecteezy,Valeria14022001,c7140879a3405c4828a41baa5cb90d21066e03bd
Valeria14022001_img_0477,img_0477.png,heroes_y_aventuras,ilustracion_plana_color,236,282,articulo reloj mecanico las2,vecteezy,Valeria14022001,b7a4cabe2fbb4ae157de36f1623479c79be8a81e
Valeria14022001_img_0478,img_0478.png,heroes_y_aventuras,ilustracion_plana_color,326,321,articulo rosa vientos orientacion,vecteezy,Valeria14022001,d0340d3ced510a4c7b66fed8bb4e663c776efe9a
Valeria14022001_img_0479,img_0479.png,heroes_y_aventuras,ilustracion_plana_color,234,253,articulo satelite antena,vecteezy,Valeria14022001,1988eb78ea1cd0ae15879fc4c64e86f7a4464955
Valeria14022001_img_0480,img_0480.png,heroes_y_aventuras,ilustracion_plana_color,163,122,articulo telescopio puesto,vecteezy,Valeria14022001,29ce3e7c54d989dc638976e899bc482a020f5306
Valeria14022001_img_0481,img_0481.png,heroes_y_aventuras,ilustracion_plana_color,162,270,articulos amuletos cristal buena suerte,vecteezy,Valeria14022001,3151e6af6962f9d1db14f3028656525aeb25e419
Valeria14022001_img_0482,img_0482.png,heroes_y_aventuras,ilustracion_plana_color,261,294,articulos amuletos japoneses buena suerte,vecteezy,Valeria14022001,83f24e749d55ffbfaee485f6bf6199d268192a22
Valeria14022001_img_0483,img_0483.png,heroes_y_aventuras,ilustracion_plana_color,463,307,atardecer bosque camino,vecteezy,Valeria14022001,a85fcc0af5df3d673372192aebdd424da597a613
Valeria14022001_img_0484,img_0484.png,heroes_y_aventuras,ilustracion_plana_color,443,207,atardecer montanas bosque,vecteezy,Valeria14022001,1075b0560fce91a1cae5f2acd1a3f7fb85fc9043
Valeria14022001_img_0485,img_0485.png,heroes_y_aventuras,ilustracion_plana_color,271,298,banderines medievales azul,vecteezy,Valeria14022001,eac36158481b88009b04dd03a56b8c67104e4ef7
Valeria14022001_img_0486,img_0486.png,heroes_y_aventuras,ilustracion_plana_color,471,206,banderines rojo medievales,vecteezy,Valeria14022001,9cdbef49f666b7743c6c0891661af8c7c64b0a51
Valeria14022001_img_0487,img_0487.png,heroes_y_aventuras,ilustracion_plana_color,202,324,barco galeta,vecteezy,Valeria14022001,99b840fc19ee1d45c13e3aefeaf39ffb63971f5c
Valeria14022001_img_0488,img_0488.png,heroes_y_aventuras,ilustracion_plana_color,346,281,barco pirata,vecteezy,Valeria14022001,6805d16d35b35d4e02c3453ed07a74eaeb8b11a5
Valeria14022001_img_0489,img_0489.png,heroes_y_aventuras,ilustracion_plana_color,355,359,barco pirata asiatico,vecteezy,Valeria14022001,8824dbf502c15b68442111dd54744ed468f67ec9
Valeria14022001_img_0490,img_0490.png,heroes_y_aventuras,ilustracion_plana_color,339,347,barco vapor,vecteezy,Valeria14022001,8e209f3ab75ba51b5ced5476ec0acbc9897860df
Valeria14022001_img_0491,img_0491.png,heroes_y_aventuras,ilustracion_plana_color,452,288,barcos vikingos,vecteezy,Valeria14022001,c3ab7bf79b8278ee6e92fb33be9a755dec52cb4e
Valeria14022001_img_0492,img_0492.png,heroes_y_aventuras,ilustracion_plana_color,363,288,batalla hombres ciclope,vecteezy,Valeria14022001,141fca6aa972fe59db28c5d3607fa9d45eeca528
Valeria14022001_img_0493,img_0493.png,heroes_y_aventuras,ilustracion_plana_color,525,219,bigben noche ninos volando noche,vecteezy,Valeria14022001,18b8529ffb48599cea76484a6f9264a0c6410314
Valeria14022001_img_0494,img_0494.png,heroes_y_aventuras,ilustracion_plana_color,562,368,bosque dia,vecteezy,Valeria14022001,16ef7a9da8d3bfd33a45930194d428a6d655d3c3
Valeria14022001_img_0495,img_0495.png,heroes_y_aventuras,ilustracion_plana_color,461,230,bosque montanas nevadas,vecteezy,Valeria14022001,1cfc2daf341b38b0cdb9da8e8357dfccd4c370e8
Valeria14022001_img_0496,img_0496.png,heroes_y_aventuras,ilustracion_plana_color,425,305,bosque nevado,vecteezy,Valeria14022001,76aaca4155330f2754391b36f0e6960d7cbc6237
Valeria14022001_img_0497,img_0497.png,heroes_y_aventuras,ilustracion_plana_color,439,287,bosque nieve cielo arboles,vecteezy,Valeria14022001,e77137403da5f22cfd21817ce146619a391ec169
Valeria14022001_img_0498,img_0498.png,heroes_y_aventuras,ilustracion_plana_color,496,273,bosque noche,vecteezy,Valeria14022001,30fb90c9095b5fcbf62e8b6e6a1bccaac2a11cc8
Valeria14022001_img_0499,img_0499.png,heroes_y_aventuras,ilustracion_plana_color,426,264,bosque oscuro peligro,vecteezy,Valeria14022001,2c831491e78ba931405c18bec28fae718e9666ba
Valeria14022001_img_0500,img_0500.png,heroes_y_aventuras,ilustracion_plana_color,434,266,bosque piedra cielo,vecteezy,Valeria14022001,9e41ef29e46a6ac67b2f509faa2ed53d144958b0
Valeria14022001_img_0501,img_0501.png,heroes_y_aventuras,ilustracion_plana_color,268,294,botella con mapa mar,vecteezy,Valeria14022001,8a9c35726b5541f5e053ea85afd721d0d72f019b
Valeria14022001_img_0502,img_0502.png,heroes_y_aventuras,ilustracion_plana_color,136,261,botella mapa,vecteezy,Valeria14022001,46870fe4f19f72237cd2f3fe6d2ea5267288e9a3
Valeria14022001_img_0503,img_0503.png,heroes_y_aventuras,ilustracion_plana_color,166,187,botella redonda mapa,vecteezy,Valeria14022001,29b225ea5f9047c4728ed0a6f94e8e811cacd4f6
Valeria14022001_img_0504,img_0504.png,heroes_y_aventuras,ilustracion_plana_color,202,311,bruja esboca sombrero sonriendo,vecteezy,Valeria14022001,015724ff2a87b19ee771631898d3669cf4eac406
Valeria14022001_img_0505,img_0505.png,heroes_y_aventuras,ilustracion_plana_color,220,227,brujula azu,vecteezy,Valeria14022001,19ac0662017aa40f0fa47c5138b04caa8c04a3b7
Valeria14022001_img_0506,img_0506.png,heroes_y_aventuras,ilustracion_plana_color,191,347,buzo traje animal,vecteezy,Valeria14022001,d2c853f8e1316915e959985c7621e584ae56e24e
Valeria14022001_img_0507,img_0507.png,heroes_y_aventuras,ilustracion_plana_color,162,258,caballero medieval pensativo,vecteezy,Valeria14022001,cee08e02cab11b6edac007b53867720a5a430e96
Valeria14022001_img_0508,img_0508.png,heroes_y_aventuras,ilustracion_plana_color,250,271,caballo galopando,vecteezy,Valeria14022001,d67ef9972cb71312663dc15ec9bbffdcb3435ea6
Valeria14022001_img_0509,img_0509.png,heroes_y_aventuras,ilustracion_plana_color,292,251,caballo troya,vecteezy,Valeria14022001,293664a30884cd2952bd653f6e943ca93e5c09b6
Valeria14022001_img_0510,img_0510.png,heroes_y_aventuras,ilustracion_plana_color,370,301,caballos troya,vecteezy,Valeria14022001,961d8c6da5772334be0d1adea56cb0105fc9c4a2
Valeria14022001_img_0511,img_0511.png,heroes_y_aventuras,ilustracion_plana_color,349,271,cabana madera bosque,vecteezy,Valeria14022001,1213e5d56887649594629a1df6c79edd8cea4009
Valeria14022001_img_0512,img_0512.png,heroes_y_aventuras,ilustracion_plana_color,442,208,cabana nieve arboles,vecteezy,Valeria14022001,90c271bcfa4e4f2896695704ebc837e85a51b4f2
Valeria14022001_img_0513,img_0513.png,heroes_y_aventuras,ilustracion_plana_color,234,207,caja fuerte cerrada,vecteezy,Valeria14022001,c5ab6d730c7dbd10773ca0919d25e896af0d733b
Valeria14022001_img_0514,img_0514.png,heroes_y_aventuras,ilustracion_plana_color,333,230,caja fuerte dinero,vecteezy,Valeria14022001,4d2ec1d72012d67b54ae22b9f29a596cacd52b72
Valeria14022001_img_0515,img_0515.png,heroes_y_aventuras,ilustracion_plana_color,219,281,calavera espadas pirata,vecteezy,Valeria14022001,c565f3d3bbc3c6e8ade4bac63d26adeb5c22d447
Valeria14022001_img_0516,img_0516.png,heroes_y_aventuras,ilustracion_plana_color,473,317,camino amarillo mundo fantastico,vecteezy,Valeria14022001,ba5535eb0ad3b8072fb81f15e6547d00f30624a1
Valeria14022001_img_0517,img_0517.png,heroes_y_aventuras,ilustracion_plana_color,223,241,campamento fogata bosque,vecteezy,Valeria14022001,51622327b23fc27821c9557d162fccfa235679a5
Valeria14022001_img_0518,img_0518.png,heroes_y_aventuras,ilustracion_plana_color,351,342,canon silueta,vecteezy,Valeria14022001,2505ea66dca79f69cecc7595da59d00ad2215b7f
Valeria14022001_img_0519,img_0519.png,heroes_y_aventuras,ilustracion_plana_color,291,275,caperucita bosque caminando,vecteezy,Valeria14022001,a72349af6bcc496818779e1abd677c0f4df9cdbd
Valeria14022001_img_0520,img_0520.png,heroes_y_aventuras,ilustracion_plana_color,214,253,caperucita feliz canasta,vecteezy,Valeria14022001,5f4a985b0d7b04ce4bcae11fef9c583488a0bd35
Valeria14022001_img_0521,img_0521.png,heroes_y_aventuras,ilustracion_plana_color,383,302,caperucita lobo cama fingir,vecteezy,Valeria14022001,a69c026acfe51c4903ec110ca75496eec19a8c6e
Valeria14022001_img_0522,img_0522.png,heroes_y_aventuras,ilustracion_plana_color,281,266,caperucita lobo persecusion,vecteezy,Valeria14022001,749cac75d71685f256d2fc6708274936de2b1f55
Valeria14022001_img_0523,img_0523.png,heroes_y_aventuras,ilustracion_plana_color,495,272,captura de pantalla 20 6 2026 124946 www vecteezy com,vecteezy,Valeria14022001,3e4925fc26f2e541fbe5c12f530283bdac65bdcb
Valeria14022001_img_0524,img_0524.png,heroes_y_aventuras,ilustracion_plana_color,338,254,casa dulces trampa,vecteezy,Valeria14022001,52d4ec77b10fac469626810ad06562373841d2aa
Valeria14022001_img_0525,img_0525.png,heroes_y_aventuras,ilustracion_plana_color,516,319,cascada,vecteezy,Valeria14022001,969a720465da61f7e6f1fd82570c9160ca69146d
Valeria14022001_img_0526,img_0526.png,heroes_y_aventuras,ilustracion_plana_color,458,313,cascada arboles,vecteezy,Valeria14022001,b3d2fd3e630f5c69aaa254523a5e8461442bead8
Valeria14022001_img_0527,img_0527.png,heroes_y_aventuras,ilustracion_plana_color,244,309,cascanueces heroina odette,vecteezy,Valeria14022001,237c0a667435f89331492d21f0d285acc4957541
Valeria14022001_img_0528,img_0528.png,heroes_y_aventuras,ilustracion_plana_color,182,284,cascanueces sonriente valiente,vecteezy,Valeria14022001,60d211951799d31db7f1bfeb6df2fbe931d45cf5
Valeria14022001_img_0529,img_0529.png,heroes_y_aventuras,ilustracion_plana_color,268,309,caso troyano,vecteezy,Valeria14022001,c986974c3d75f4266b32e338d1432c2bf4268194
Valeria14022001_img_0530,img_0530.png,heroes_y_aventuras,ilustracion_plana_color,295,320,castillo dragon nubes,vecteezy,Valeria14022001,0367d58b068d7b156ac1669447a9c807959c7c87
Valeria14022001_img_0531,img_0531.png,heroes_y_aventuras,ilustracion_plana_color,508,282,castillo esmeralda,vecteezy,Valeria14022001,d2ff9989ec7cd653c244eb46b36427ca6788f183
Valeria14022001_img_0532,img_0532.png,heroes_y_aventuras,ilustracion_plana_color,377,267,castillo magico fotaleza brillante,vecteezy,Valeria14022001,920444d952f1c3fbd6b7d4b33a5f56e9d81f0c96
Valeria14022001_img_0533,img_0533.png,heroes_y_aventuras,ilustracion_plana_color,348,291,castillo medieval,vecteezy,Valeria14022001,8509c38be9cd5f26c253b0656cea81af6f415290
Valeria14022001_img_0534,img_0534.png,heroes_y_aventuras,ilustracion_plana_color,397,336,castillo medieval rio,vecteezy,Valeria14022001,6dd35515d3b6e393903de501481ba8d2c2e551b3
Valeria14022001_img_0535,img_0535.png,heroes_y_aventuras,ilustracion_plana_color,486,354,castillo reloj ruso,vecteezy,Valeria14022001,5e9baf2ed95b7a7036abd3c978818e1330d3ee3f
Valeria14022001_img_0536,img_0536.png,heroes_y_aventuras,ilustracion_plana_color,514,329,caverna tesoro solo,vecteezy,Valeria14022001,8fca32b43ee3ab1003fc82b1ade90fe3ebc9fa34
Valeria14022001_img_0537,img_0537.png,heroes_y_aventuras,ilustracion_plana_color,289,339,cazador apuntando,vecteezy,Valeria14022001,56da945ef75cc18be7f0c1a42dd879cc02bc159a
Valeria14022001_img_0538,img_0538.png,heroes_y_aventuras,ilustracion_plana_color,161,267,cazador binoculares,vecteezy,Valeria14022001,08a9db0191b9975d5494b230082cefa91aa680da
Valeria14022001_img_0539,img_0539.png,heroes_y_aventuras,ilustracion_plana_color,286,181,choque rayos laser futurista vatalla,vecteezy,Valeria14022001,c6c77c8e3a6a8d1681ddd0c097081ecc959ab3e7
Valeria14022001_img_0540,img_0540.png,heroes_y_aventuras,ilustracion_plana_color,216,230,ciclope martillo rayo zaus,vecteezy,Valeria14022001,fff35403b09c8482b3dc7e989f1266529a915abe
Valeria14022001_img_0541,img_0541.png,heroes_y_aventuras,ilustracion_plana_color,428,301,ciudad arabe noche,vecteezy,Valeria14022001,2cd9dbc148e64a9d36c9802c2f9d98ebb38ae09a
Valeria14022001_img_0542,img_0542.png,heroes_y_aventuras,ilustracion_plana_color,164,214,cohete blanco estacionado,vecteezy,Valeria14022001,8e7375a47e82347d250be4eb603c3ac31daeec61
Valeria14022001_img_0543,img_0543.png,heroes_y_aventuras,ilustracion_plana_color,195,207,cohete despegando amarillo,vecteezy,Valeria14022001,b355a2086ef71076858711932bb139e53269c587
Valeria14022001_img_0544,img_0544.png,heroes_y_aventuras,ilustracion_plana_color,194,240,cohete espacio nubes,vecteezy,Valeria14022001,e2b7c5c7ba844e3a5baa2e3ee820684633656aef
Valeria14022001_img_0545,img_0545.png,heroes_y_aventuras,ilustracion_plana_color,517,316,cohete orbita desplazamiento,vecteezy,Valeria14022001,193ce0ca11ed3e46b68089213ed3b6f83fba5261
Valeria14022001_img_0546,img_0546.png,heroes_y_aventuras,ilustracion_plana_color,260,287,columnas griegas,vecteezy,Valeria14022001,f6a7d324b0c527920019f2fc4a669fbe66ad86f0
Valeria14022001_img_0547,img_0547.png,heroes_y_aventuras,ilustracion_plana_color,180,184,columnas palacio chino,vecteezy,Valeria14022001,552722bb812c07a73c8ab55902fa88a2e9610aaa
Valeria14022001_img_0548,img_0548.png,heroes_y_aventuras,ilustracion_plana_color,251,310,conejo blanco reloj,vecteezy,Valeria14022001,d06f027b7ca60e6f2c3f599c89b588086af2c0e7
Valeria14022001_img_0549,img_0549.png,heroes_y_aventuras,ilustracion_plana_color,424,283,conejo blanco reloj corriendo,vecteezy,Valeria14022001,14295556ad1c039ade50e6b69b02160a49d26525
Valeria14022001_img_0550,img_0550.png,heroes_y_aventuras,ilustracion_plana_color,328,203,continentes mundo,vecteezy,Valeria14022001,3607fe08cbf80a9488f25d8c01ca5b55e15079cf
Valeria14022001_img_0551,img_0551.png,heroes_y_aventuras,ilustracion_plana_color,520,252,cosas magicas orejas conejo,vecteezy,Valeria14022001,b6f115a42148f7bb548eab15e57918af6996edb6
Valeria14022001_img_0552,img_0552.png,heroes_y_aventuras,ilustracion_plana_color,384,312,criatura abominable nieves,vecteezy,Valeria14022001,0e18d324f86b4ad7d5dd55e7f259fad6d50446d9
Valeria14022001_img_0553,img_0553.png,heroes_y_aventuras,ilustracion_plana_color,325,354,criatura bosque cuernos enorme trespiernas,vecteezy,Valeria14022001,0d9ef236080df9d606d79508aa9c2e4fa68dc39c
Valeria14022001_img_0554,img_0554.png,heroes_y_aventuras,ilustracion_plana_color,226,234,criatura centauro,vecteezy,Valeria14022001,82b545b0f3cb24a077f377086a5b4e03cbb1be0d
Valeria14022001_img_0555,img_0555.png,heroes_y_aventuras,ilustracion_plana_color,278,347,criatura centauro caballo hombre guerrero arco,vecteezy,Valeria14022001,0c8f87afdd3efc8a68cb5866e01ab839bf4f1e00
Valeria14022001_img_0556,img_0556.png,heroes_y_aventuras,ilustracion_plana_color,268,343,criatura centauro caballo hombre naturaleza silueta,vecteezy,Valeria14022001,b857bde350451a66583a9d167b8e59af0a2aab21
Valeria14022001_img_0557,img_0557.png,heroes_y_aventuras,ilustracion_plana_color,306,317,criatura dragon bebe,vecteezy,Valeria14022001,646d79be4b6153a5dfce83232e014d9c327cedb4
Valeria14022001_img_0558,img_0558.png,heroes_y_aventuras,ilustracion_plana_color,357,245,criatura dragon feroz,vecteezy,Valeria14022001,76390406b50e4cd7c99f9254e10d5ff47366a31f
Valeria14022001_img_0559,img_0559.png,heroes_y_aventuras,ilustracion_plana_color,255,284,criatura dragon temible,vecteezy,Valeria14022001,f91ee6cfe30493d435d5c2ac79381681e7b11010
Valeria14022001_img_0560,img_0560.png,heroes_y_aventuras,ilustracion_plana_color,319,216,criatura fenix volando espalda,vecteezy,Valeria14022001,1bea091065d696f449823fc8170d3b24cc718872
Valeria14022001_img_0561,img_0561.png,heroes_y_aventuras,ilustracion_plana_color,288,296,criatura fenix volando rencer,vecteezy,Valeria14022001,2f27e65811af6f8344ceb220a17881885a5e2070
Valeria14022001_img_0562,img_0562.png,heroes_y_aventuras,ilustracion_plana_color,351,292,criatura garras dragon,vecteezy,Valeria14022001,ea9a63102b2c13b16824e2df31d959d395847f53
Valeria14022001_img_0563,img_0563.png,heroes_y_aventuras,ilustracion_plana_color,181,258,criatura gigante ataca ciudad,vecteezy,Valeria14022001,ed0502f70d1ff639eddfbe6480c1c11a8a69f8e2
Valeria14022001_img_0564,img_0564.png,heroes_y_aventuras,ilustracion_plana_color,368,289,criatura gigante robot,vecteezy,Valeria14022001,47bc3fc372cf12cb07f0501817bab84dc459dd6e
Valeria14022001_img_0565,img_0565.png,heroes_y_aventuras,ilustracion_plana_color,325,339,criatura golem piedra,vecteezy,Valeria14022001,3d79e5cd0f94f7c1433852965161a1408c1a288d
Valeria14022001_img_0566,img_0566.png,heroes_y_aventuras,ilustracion_plana_color,255,261,criatura grifo parado,vecteezy,Valeria14022001,aae10386cf732ea6e52cee1b5ef83adce811056f
Valeria14022001_img_0567,img_0567.png,heroes_y_aventuras,ilustracion_plana_color,226,288,criatura grifo rugido volando,vecteezy,Valeria14022001,c27377f637f61c13e3e9ec2a6be9ca8d856ef37b
Valeria14022001_img_0568,img_0568.png,heroes_y_aventuras,ilustracion_plana_color,331,328,criatura mitologica cerberus trescabezas,vecteezy,Valeria14022001,ed82858c6f6966c2db6341417be216efa494b9d0
Valeria14022001_img_0569,img_0569.png,heroes_y_aventuras,ilustracion_plana_color,312,323,criatura mitologica china tigre,vecteezy,Valeria14022001,d39d426afc7ff30aafc5ed7cecfac3cd6d2a7cb4
Valeria14022001_img_0570,img_0570.png,heroes_y_aventuras,ilustracion_plana_color,242,321,criatura mitologica dos cabezas,vecteezy,Valeria14022001,9365714ca6f852272a8c165e958a57c8ef535f22
Valeria14022001_img_0571,img_0571.png,heroes_y_aventuras,ilustracion_plana_color,259,236,criatura mitologica grifo,vecteezy,Valeria14022001,6df9af4b1080bddd9fae367295e7848df39ca353
Valeria14022001_img_0572,img_0572.png,heroes_y_aventuras,ilustracion_plana_color,397,320,criatura mitologica hydra,vecteezy,Valeria14022001,e4a47f2d4dd7e3204fc7855e99be9600066bbad8
Valeria14022001_img_0573,img_0573.png,heroes_y_aventuras,ilustracion_plana_color,211,234,criatura mitologica minotauro,vecteezy,Valeria14022001,55e31eaa17e02807757896629c018d0f0a339e37
Valeria14022001_img_0574,img_0574.png,heroes_y_aventuras,ilustracion_plana_color,321,350,criatura montana enorme piegrande,vecteezy,Valeria14022001,8c8b4d9657cb18ffe7ccef0ff57c4663c2e9c646
Valeria14022001_img_0575,img_0575.png,heroes_y_aventuras,ilustracion_plana_color,220,223,criatura oceano kraken,vecteezy,Valeria14022001,817119f19749a363b0dcd43be5e1f1cfe7e81adc
Valeria14022001_img_0576,img_0576.png,heroes_y_aventuras,ilustracion_plana_color,386,347,criatura pegaso brillando bosque magia,vecteezy,Valeria14022001,4cb12d643685a7074a20f05e363977fcb6805476
Valeria14022001_img_0577,img_0577.png,heroes_y_aventuras,ilustracion_plana_color,263,256,criatura pegaso parado silueta,vecteezy,Valeria14022001,282518894de29be1ad8a40fe41cad3f43de310b1
Valeria14022001_img_0578,img_0578.png,heroes_y_aventuras,ilustracion_plana_color,291,245,criatura pegaso silueta luna noche,vecteezy,Valeria14022001,779dbb715798c38ead14533412eb4db08a7d20fb
Valeria14022001_img_0579,img_0579.png,heroes_y_aventuras,ilustracion_plana_color,307,277,criatura quimera mitologica cuatro,vecteezy,Valeria14022001,f78fdd5e035f145f2d2c652c31db8f225e60636d
Valeria14022001_img_0580,img_0580.png,heroes_y_aventuras,ilustracion_plana_color,336,339,criatura quimera mitologica tres,vecteezy,Valeria14022001,a004f8dcc9c124ffe53d225aed67b30648dd8708
Valeria14022001_img_0581,img_0581.png,heroes_y_aventuras,ilustracion_plana_color,334,256,criatura verde alas horror,vecteezy,Valeria14022001,46ecdb4f7081f6f1a18e143b0d990ade75f04022
Valeria14022001_img_0582,img_0582.png,heroes_y_aventuras,ilustracion_plana_color,313,310,criatura verde horror,vecteezy,Valeria14022001,de2c1f42ef60e1aa405eee73f4c9ee9d5458bb7f
Valeria14022001_img_0583,img_0583.png,heroes_y_aventuras,ilustracion_plana_color,225,291,critatura verde hacha peligro,vecteezy,Valeria14022001,c93e6bf850352c4490931f8da39fd352ade48eee
Valeria14022001_img_0584,img_0584.png,heroes_y_aventuras,ilustracion_plana_color,359,265,cueva congeldada estalcmitas,vecteezy,Valeria14022001,d9889c4658fd7fd8a6ac441c508c59efbc88feec
Valeria14022001_img_0585,img_0585.png,heroes_y_aventuras,ilustracion_plana_color,426,296,cueva cristales explorar,vecteezy,Valeria14022001,a2e87480fa4393a96391fd1d2341fd1e0694263c
Valeria14022001_img_0586,img_0586.png,heroes_y_aventuras,ilustracion_plana_color,425,297,cueva explorador lintera,vecteezy,Valeria14022001,cf148be0837d72aa0319ad6f74e35798dd032228
Valeria14022001_img_0587,img_0587.png,heroes_y_aventuras,ilustracion_plana_color,456,315,cueva misteriosa,vecteezy,Valeria14022001,c70cf2d7b32df0e5ad0ec19bac83fcd37d9d0e58
Valeria14022001_img_0588,img_0588.png,heroes_y_aventuras,ilustracion_plana_color,474,311,cueva sin explorar mar aventura,vecteezy,Valeria14022001,845912045360d236c9b262ab8414af6ebbde8cc6
Valeria14022001_img_0589,img_0589.png,heroes_y_aventuras,ilustracion_plana_color,468,325,cueva tesoro,vecteezy,Valeria14022001,5bb045e752a870d822f651a33e7c589e2a64b4f9
Valeria14022001_img_0590,img_0590.png,heroes_y_aventuras,ilustracion_plana_color,259,312,daga curva,vecteezy,Valeria14022001,8162014b830530102097097eb8a646722a3dcc0d
Valeria14022001_img_0591,img_0591.png,heroes_y_aventuras,ilustracion_plana_color,869,300,desierto extenso calor,vecteezy,Valeria14022001,95ad0f3eabfacb24d32c6a8b1dfa01ea355c8c37
Valeria14022001_img_0592,img_0592.png,heroes_y_aventuras,ilustracion_plana_color,429,324,detective leyendo fumando,vecteezy,Valeria14022001,9dd1f0d2ba1bbd437a6397c4857377d3ff32b781
Valeria14022001_img_0593,img_0593.png,heroes_y_aventuras,ilustracion_plana_color,178,246,detective lupa investigando,vecteezy,Valeria14022001,9289e059b58b1cdf07ee8baa2a3728c7cd539160
Valeria14022001_img_0594,img_0594.png,heroes_y_aventuras,ilustracion_plana_color,227,223,detective pensando lupn,vecteezy,Valeria14022001,255b8d6325b6f2b633fa6bd9d952f7976320855e
Valeria14022001_img_0595,img_0595.png,heroes_y_aventuras,ilustracion_plana_color,191,178,dinosaurios cazador presa,vecteezy,Valeria14022001,6ebc345f4daa78ac7d96bff6385a4a139456630f
Valeria14022001_img_0596,img_0596.png,heroes_y_aventuras,ilustracion_plana_color,390,324,dioes griego zeus,vecteezy,Valeria14022001,f143f84485124197607805739e1e52c6dda87625
Valeria14022001_img_0597,img_0597.png,heroes_y_aventuras,ilustracion_plana_color,229,209,dios griego apolo,vecteezy,Valeria14022001,cd37e2e7e08aba688ae6888da2b25cce1c561d6d
Valeria14022001_img_0598,img_0598.png,heroes_y_aventuras,ilustracion_plana_color,318,365,dios griego hades,vecteezy,Valeria14022001,b5885e0d61964cbd0bae3d9e7bf6522908ca10cc
Valeria14022001_img_0599,img_0599.png,heroes_y_aventuras,ilustracion_plana_color,205,211,dios griego hermes,vecteezy,Valeria14022001,ce44c49ba4980982c63dbb9dbd58370896a6ef85
Valeria14022001_img_0600,img_0600.png,heroes_y_aventuras,ilustracion_plana_color,470,314,dios griego poseidon,vecteezy,Valeria14022001,96b4bb9e161226dcdd8ceb36ddd0537b9c1d265b
Valeria14022001_img_0601,img_0601.png,heroes_y_aventuras,ilustracion_plana_color,247,280,dios griego zeus,vecteezy,Valeria14022001,f3d0a4abf0311e463cdb2fb9323e76f0cbe0c2a0
Valeria14022001_img_0602,img_0602.png,heroes_y_aventuras,ilustracion_plana_color,269,278,dios indio mono,vecteezy,Valeria14022001,0f1d708fcf7a41a83542d7df7ee9802bcccfdbdc
Valeria14022001_img_0603,img_0603.png,heroes_y_aventuras,ilustracion_plana_color,233,297,dios nordico hacha gigante,vecteezy,Valeria14022001,94983f8aab008f264641309c918ce65cf30d093d
Valeria14022001_img_0604,img_0604.png,heroes_y_aventuras,ilustracion_plana_color,245,247,diosa griega athenea,vecteezy,Valeria14022001,36acc89b218d7d34f8d267b8350b8711888da793
Valeria14022001_img_0605,img_0605.png,heroes_y_aventuras,ilustracion_plana_color,212,301,diosa mujer romana,vecteezy,Valeria14022001,c6b9edc8a95c6024991e4fad20135b0db284ac50
Valeria14022001_img_0606,img_0606.png,heroes_y_aventuras,ilustracion_plana_color,358,253,dragon caballero siluetas,vecteezy,Valeria14022001,173eea02e4dc8e44c09b45b1861f32fa74b1fe58
Valeria14022001_img_0607,img_0607.png,heroes_y_aventuras,ilustracion_plana_color,366,250,dragon morado montana sentado,vecteezy,Valeria14022001,ed393edb6ad1073aebfcb7823211fc49e38d1299
Valeria14022001_img_0608,img_0608.png,heroes_y_aventuras,ilustracion_plana_color,323,324,dragon nubes,vecteezy,Valeria14022001,b0ef2a1c47d882a4fbd2a35cbe3287d5c6934d4d
Valeria14022001_img_0609,img_0609.png,heroes_y_aventuras,ilustracion_plana_color,307,321,dragon sentado grande rojo,vecteezy,Valeria14022001,f85d9529da5f43b846cbbdf10d7194583bdd5cda
Valeria14022001_img_0610,img_0610.png,heroes_y_aventuras,ilustracion_plana_color,258,277,dragon volando colteando,vecteezy,Valeria14022001,41f259e3f25480c1276def016b6a1021a2d44465
Valeria14022001_img_0611,img_0611.png,heroes_y_aventuras,ilustracion_plana_color,265,318,duelo hombres ataque defens,vecteezy,Valeria14022001,ef72d4bbbe5d46c79dc8ba8c6e5914144316cb74
Valeria14022001_img_0612,img_0612.png,heroes_y_aventuras,ilustracion_plana_color,357,260,entrada custodiada,vecteezy,Valeria14022001,fb7384850b6b61d6841c05b0d23b6d80949455ca
Valeria14022001_img_0613,img_0613.png,heroes_y_aventuras,ilustracion_plana_color,442,308,equipo escalar ropa herramientas,vecteezy,Valeria14022001,26fa13e8040d49abee8cf2c2d55c046e012831b1
Valeria14022001_img_0614,img_0614.png,heroes_y_aventuras,ilustracion_plana_color,442,283,equipo explorar articulos herramientas,vecteezy,Valeria14022001,9ec90b2d6aae3fc35e069a12b4f1871c5b3dbbf1
Valeria14022001_img_0615,img_0615.png,heroes_y_aventuras,ilustracion_plana_color,400,310,escalador punta montana,vecteezy,Valeria14022001,3252307289d50f2ae18c44b67303a384303e8368
Valeria14022001_img_0616,img_0616.png,heroes_y_aventuras,ilustracion_plana_color,185,215,escalar acantilado,vecteezy,Valeria14022001,314e6d8f006a589a3498521b92430f6d529d4c92
Valeria14022001_img_0617,img_0617.png,heroes_y_aventuras,ilustracion_plana_color,248,238,escalar cima montana,vecteezy,Valeria14022001,729a11054f176bf8dacb98036a4439a5e5898eb4
Valeria14022001_img_0618,img_0618.png,heroes_y_aventuras,ilustracion_plana_color,366,245,escalar escalar montana explorar,vecteezy,Valeria14022001,9bb12415d370ddb3a1b357fe251c81c80b072052
Valeria14022001_img_0619,img_0619.png,heroes_y_aventuras,ilustracion_plana_color,199,245,escalar montana,vecteezy,Valeria14022001,d5dfac6ff6bd357ecfad1fa2f2c8d959ab13862a
Valeria14022001_img_0620,img_0620.png,heroes_y_aventuras,ilustracion_plana_color,501,282,escalar montana nevada,vecteezy,Valeria14022001,a4228b889080cce68c4217274c858e71b66f036a
Valeria14022001_img_0621,img_0621.png,heroes_y_aventuras,ilustracion_plana_color,446,301,escalar muje montana,vecteezy,Valeria14022001,2724577807edc295f394ae5bfc8890e0ae420c0f
Valeria14022001_img_0622,img_0622.png,heroes_y_aventuras,ilustracion_plana_color,402,273,escalar risco,vecteezy,Valeria14022001,a361fcdd60b486ef798c9d7684e03755c99989b4
Valeria14022001_img_0623,img_0623.png,heroes_y_aventuras,ilustracion_plana_color,363,375,escena acampar fogata noche,vecteezy,Valeria14022001,53a657100394cd49edd76d4faf5b7f3ad30002bf
Valeria14022001_img_0624,img_0624.png,heroes_y_aventuras,ilustracion_plana_color,460,286,escena arboles vient fuerte,vecteezy,Valeria14022001,b576eae92d9b83c58abe3ce1fe74a0b2241bf2b7
Valeria14022001_img_0625,img_0625.png,heroes_y_aventuras,ilustracion_plana_color,375,252,escena astronauta espacio cohete,vecteezy,Valeria14022001,a0fcb808528ed85e2bd78d398c2178061455a61e
Valeria14022001_img_0626,img_0626.png,heroes_y_aventuras,ilustracion_plana_color,206,135,escena astronautas platicando espacio,vecteezy,Valeria14022001,717cb6a3281b62f0d5d250e7e28e966549f6cec7
Valeria14022001_img_0627,img_0627.png,heroes_y_aventuras,ilustracion_plana_color,470,303,escena atardecer bosque montana,vecteezy,Valeria14022001,db626fab2355ea9e4d24085414eeeac8469065fa
Valeria14022001_img_0628,img_0628.png,heroes_y_aventuras,ilustracion_plana_color,454,294,escena atardecer bosque montana aves,vecteezy,Valeria14022001,96cc866623f7f339cc25dce1584409e461b2f3f3
Valeria14022001_img_0629,img_0629.png,heroes_y_aventuras,ilustracion_plana_color,439,302,escena atardecer bosque montana deslumbrante,vecteezy,Valeria14022001,9ad9a83fbcaf146a13c1953e3526d64b474f41cd
Valeria14022001_img_0630,img_0630.png,heroes_y_aventuras,ilustracion_plana_color,460,298,escena atardecer desierto montana,vecteezy,Valeria14022001,1de91048b6df1d011507efaceec9d9ab91be1c84
Valeria14022001_img_0631,img_0631.png,heroes_y_aventuras,ilustracion_plana_color,467,206,escena atardecer mar montana,vecteezy,Valeria14022001,24037effd9f2ae6df5065c7e622b3f5dca5b3e99
Valeria14022001_img_0632,img_0632.png,heroes_y_aventuras,ilustracion_plana_color,232,239,escena atronauta espacio viendo,vecteezy,Valeria14022001,976f90e384efac9bca5072a755d8fd1a36cff603
Valeria14022001_img_0633,img_0633.png,heroes_y_aventuras,ilustracion_plana_color,322,301,escena bandera victoria atardecer caballo jinete bandera,vecteezy,Valeria14022001,6e887e7c94bcbd85bc703e17e3b99338bec11e4c
Valeria14022001_img_0634,img_0634.png,heroes_y_aventuras,ilustracion_plana_color,346,302,escena banderas espadas,vecteezy,Valeria14022001,6a1ab9f95ce3e22820b6e5f3818c595a9fea8916
Valeria14022001_img_0635,img_0635.png,heroes_y_aventuras,ilustracion_plana_color,332,306,escena barco ataque kraken,vecteezy,Valeria14022001,c32f8c2c0ec69699cfc4703484146b30e754a355
Valeria14022001_img_0636,img_0636.png,heroes_y_aventuras,ilustracion_plana_color,467,289,escena barco faro mar,vecteezy,Valeria14022001,3ad90e3bb3ff101b5840af4ab9b1661aaec4edb0
Valeria14022001_img_0637,img_0637.png,heroes_y_aventuras,ilustracion_plana_color,450,296,escena batalla bandos jinetes infanteria,vecteezy,Valeria14022001,7da219388ff64a3ff31bda2d98c8dcf3f28be49a
Valeria14022001_img_0638,img_0638.png,heroes_y_aventuras,ilustracion_plana_color,401,291,escena batalla barco ballena monstruo mar,vecteezy,Valeria14022001,e235c98f7a18f606e2e7ca8106d3da1b0a6540f9
Valeria14022001_img_0639,img_0639.png,heroes_y_aventuras,ilustracion_plana_color,606,277,escena batalla canon personas,vecteezy,Valeria14022001,81f63817b70fdeadac391952caaff67992d3e679
Valeria14022001_img_0640,img_0640.png,heroes_y_aventuras,ilustracion_plana_color,336,252,escena batalla heroe titan,vecteezy,Valeria14022001,4b7f96cd4975862485ddeb58f229919258b53574
Valeria14022001_img_0641,img_0641.png,heroes_y_aventuras,ilustracion_plana_color,317,195,escena batalla hombre ballena monstruo mar,vecteezy,Valeria14022001,4c3af76891ad39a77a587e84fd688e4bcc364e93
Valeria14022001_img_0642,img_0642.png,heroes_y_aventuras,ilustracion_plana_color,385,333,escena batlla hombre gigante,vecteezy,Valeria14022001,6f03e51637387b4c3e33f3929e9b3e72a43cc245
Valeria14022001_img_0643,img_0643.png,heroes_y_aventuras,ilustracion_plana_color,251,266,escena bombero apagando incendio,vecteezy,Valeria14022001,e78d1e737eee7c22592631f1683e6d304f49df00
Valeria14022001_img_0644,img_0644.png,heroes_y_aventuras,ilustracion_plana_color,609,293,escena cabana bosque montana,vecteezy,Valeria14022001,8fcbbd9806ed0d6fd6b0ee4607f9f1a5bf91b493
Valeria14022001_img_0645,img_0645.png,heroes_y_aventuras,ilustracion_plana_color,542,196,escena calabozo noche,vecteezy,Valeria14022001,b1d3d603641e51105cb815792aac3127ffbd8538
Valeria14022001_img_0646,img_0646.png,heroes_y_aventuras,ilustracion_plana_color,436,221,escena calabozos,vecteezy,Valeria14022001,4dd74f98175d320d8e655c0429479f4720d31853
Valeria14022001_img_0647,img_0647.png,heroes_y_aventuras,ilustracion_plana_color,204,176,escena camello mujer luna noche silueta,vecteezy,Valeria14022001,fc6185ce9323f12282f6fd6e8500c735a749ddc2
Valeria14022001_img_0648,img_0648.png,heroes_y_aventuras,ilustracion_plana_color,365,190,escena caminar companeros,vecteezy,Valeria14022001,f5a13f2a82e1ffa0a6c175b2c71f3aea96080ad2
Valeria14022001_img_0649,img_0649.png,heroes_y_aventuras,ilustracion_plana_color,480,300,escena camino,vecteezy,Valeria14022001,d8456ed2dd0bc4b441b9bfc421df9c7599c8ad63
Valeria14022001_img_0650,img_0650.png,heroes_y_aventuras,ilustracion_plana_color,582,280,escena camino montana,vecteezy,Valeria14022001,0949200fcefdde31d694d218d608987f9c234cb7
Valeria14022001_img_0651,img_0651.png,heroes_y_aventuras,ilustracion_plana_color,435,300,escena campamento noche,vecteezy,Valeria14022001,a2e93c7da1b88cc41bb2a459d8efde43062ef55f
Valeria14022001_img_0652,img_0652.png,heroes_y_aventuras,ilustracion_plana_color,684,302,escena campo,vecteezy,Valeria14022001,cb8db5e06051669917bf3bdb47919bf0fa06e0dc
Valeria14022001_img_0653,img_0653.png,heroes_y_aventuras,ilustracion_plana_color,469,202,escena campo flores,vecteezy,Valeria14022001,67112e97cb2aaa431e30d447fb27dc497105d24b
Valeria14022001_img_0654,img_0654.png,heroes_y_aventuras,ilustracion_plana_color,416,285,escena canon,vecteezy,Valeria14022001,be89233f7801f036837e5fbd9720ea81009ae1a9
Valeria14022001_img_0655,img_0655.png,heroes_y_aventuras,ilustracion_plana_color,469,298,escena canon acantilado,vecteezy,Valeria14022001,968cdad2a426dcfabb6f5e3dedc88e23d81d3558
Valeria14022001_img_0656,img_0656.png,heroes_y_aventuras,ilustracion_plana_color,453,226,escena carrera auto,vecteezy,Valeria14022001,07e960bf92e126f184cb575816befdcfcd79fc14
Valeria14022001_img_0657,img_0657.png,heroes_y_aventuras,ilustracion_plana_color,405,211,escena carrera carretera auto,vecteezy,Valeria14022001,c678974fd25ef71256b8b6679b66bef595f905f2
Valeria14022001_img_0658,img_0658.png,heroes_y_aventuras,ilustracion_plana_color,308,225,escena cazador espada guerra,vecteezy,Valeria14022001,29537240b804d6df2d63244da7315c14a91bca46
Valeria14022001_img_0659,img_0659.png,heroes_y_aventuras,ilustracion_plana_color,444,329,escena cementerio,vecteezy,Valeria14022001,01a1a2b4546f351c85531a37241b6f702a3d8bf2
Valeria14022001_img_0660,img_0660.png,heroes_y_aventuras,ilustracion_plana_color,407,184,escena cementerio silueta,vecteezy,Valeria14022001,867b468b142bd5730462fb97085aa7a5a1b61888
Valeria14022001_img_0661,img_0661.png,heroes_y_aventuras,ilustracion_plana_color,462,242,escena cielo nubes dibujo,vecteezy,Valeria14022001,15047c04642488532ce4ed776dbed63265474610
Valeria14022001_img_0662,img_0662.png,heroes_y_aventuras,ilustracion_plana_color,288,176,escena ciudad dia,vecteezy,Valeria14022001,8baf7518c5d9b6fc5f36069122eabccf7906d20c
Valeria14022001_img_0663,img_0663.png,heroes_y_aventuras,ilustracion_plana_color,362,297,escena ciudad noche,vecteezy,Valeria14022001,070abb4d6fb55aee9d6a8d9fbfdeb8d5a0119590
Valeria14022001_img_0664,img_0664.png,heroes_y_aventuras,ilustracion_plana_color,292,194,escena desierto persona caminando,vecteezy,Valeria14022001,bc2af7e9c8e41115c318c434beceb49fc02ba6a5
Valeria14022001_img_0665,img_0665.png,heroes_y_aventuras,ilustracion_plana_color,473,286,escena desierto personas camellos,vecteezy,Valeria14022001,f9f11fce4fd112b47e72395f0ecd59db60857d47
Valeria14022001_img_0666,img_0666.png,heroes_y_aventuras,ilustracion_plana_color,450,310,escena duelo artistas marciales,vecteezy,Valeria14022001,82c6d4fa97a868ac4feef929623d2b09d0e720aa
Valeria14022001_img_0667,img_0667.png,heroes_y_aventuras,ilustracion_plana_color,360,250,escena duelo dos guerreros,vecteezy,Valeria14022001,bea282236b75fad7ab5611e4452bd2facb1fd3e4
Valeria14022001_img_0668,img_0668.png,heroes_y_aventuras,ilustracion_plana_color,314,319,escena duelo gigante hombre,vecteezy,Valeria14022001,b9fc96cd5c8b814db0e65cc2e3798e04d4590ff4
Valeria14022001_img_0669,img_0669.png,heroes_y_aventuras,ilustracion_plana_color,345,207,escena duelo jinetes,vecteezy,Valeria14022001,9da3043d13c9449a712f8819935bee8bacef255f
Valeria14022001_img_0670,img_0670.png,heroes_y_aventuras,ilustracion_plana_color,462,317,escena duelo kendo,vecteezy,Valeria14022001,cdf5be7202063aa47cee1bfebc6763ec7242c1e3
Valeria14022001_img_0671,img_0671.png,heroes_y_aventuras,ilustracion_plana_color,420,290,escena duelo mosqueteros,vecteezy,Valeria14022001,bb753ec86a601d6063af6fdf1f55c284d7417ebf
Valeria14022001_img_0672,img_0672.png,heroes_y_aventuras,ilustracion_plana_color,219,334,escena escalar hombre,vecteezy,Valeria14022001,2d4e5bbe456aa24db5009efc8e38c0d23ea5b1e4
Valeria14022001_img_0673,img_0673.png,heroes_y_aventuras,ilustracion_plana_color,333,307,escena escalar mujer,vecteezy,Valeria14022001,35ad8b1554792399898a10b29cc0c27d56ba7151
Valeria14022001_img_0674,img_0674.png,heroes_y_aventuras,ilustracion_plana_color,423,254,escena esfinge piramide,vecteezy,Valeria14022001,02541c6b9ae23b7d058faf107e7c98519aec1daa
Valeria14022001_img_0675,img_0675.png,heroes_y_aventuras,ilustracion_plana_color,261,253,escena esfinge sol,vecteezy,Valeria14022001,968408e5c9b625837e80fad5b2f9283a10cf71d1
Valeria14022001_img_0676,img_0676.png,heroes_y_aventuras,ilustracion_plana_color,395,267,escena estrellas espacio,vecteezy,Valeria14022001,ea5be66eabf407a3c63873fc141ed567a151e461
Valeria14022001_img_0677,img_0677.png,heroes_y_aventuras,ilustracion_plana_color,481,275,escena explorador bosque mapa,vecteezy,Valeria14022001,5ebf4e5c180b340085256e3e3ef2b65ccffeed01
Valeria14022001_img_0678,img_0678.png,heroes_y_aventuras,ilustracion_plana_color,467,329,escena faro encendido noche,vecteezy,Valeria14022001,894e44e8817edc2c23cfafc9533d5e7dd4d62893
Valeria14022001_img_0679,img_0679.png,heroes_y_aventuras,ilustracion_plana_color,211,173,escena fortaleza destruida,vecteezy,Valeria14022001,e18bc36827e0abeec4afb2a507e42920102ba3ca
Valeria14022001_img_0680,img_0680.png,heroes_y_aventuras,ilustracion_plana_color,161,188,escena fortaleza incendio,vecteezy,Valeria14022001,68cc68d67785a47869b6d841e60ecb09e5ab0f13
Valeria14022001_img_0681,img_0681.png,heroes_y_aventuras,ilustracion_plana_color,204,298,escena hombre caminando aventura,vecteezy,Valeria14022001,4d8b98b33055fee9ab48ee1e5ed32722acb84547
Valeria14022001_img_0682,img_0682.png,heroes_y_aventuras,ilustracion_plana_color,295,279,escena hombre venciendo viento,vecteezy,Valeria14022001,c6c0180ab89d45ec3c03413153b5b56cb3b6399c
Valeria14022001_img_0683,img_0683.png,heroes_y_aventuras,ilustracion_plana_color,457,286,escena iceberg derretido pedazos hielo,vecteezy,Valeria14022001,6fbe0d552447de8d71718b1efe6c3b8f3a0b606f
Valeria14022001_img_0684,img_0684.png,heroes_y_aventuras,ilustracion_plana_color,403,284,escena intercambio extraterrestre hombre espacio,vecteezy,Valeria14022001,fd49d7967b1ddcca56a1952a096d0500f51d2950
Valeria14022001_img_0685,img_0685.png,heroes_y_aventuras,ilustracion_plana_color,461,311,escena jinetes cabalgando guerra,vecteezy,Valeria14022001,57a168aeefdbb0465dd9718267bd45c7a4a4223a
Valeria14022001_img_0686,img_0686.png,heroes_y_aventuras,ilustracion_plana_color,421,303,escena jungla oasto lainas,vecteezy,Valeria14022001,8bb32bfa984ec2cfbdcf99117b63fabaf38e3330
Valeria14022001_img_0687,img_0687.png,heroes_y_aventuras,ilustracion_plana_color,344,223,escena lluvia arboles montana,vecteezy,Valeria14022001,9a4b86e6e946898fa46016563b8a2cb60802f060
Valeria14022001_img_0688,img_0688.png,heroes_y_aventuras,ilustracion_plana_color,396,246,escena lluvia estrellas,vecteezy,Valeria14022001,34ad9dd83b4b3ae285e2f8abb467a7f3429bae80
Valeria14022001_img_0689,img_0689.png,heroes_y_aventuras,ilustracion_plana_color,352,364,escena lluvia estrellas mar,vecteezy,Valeria14022001,5787cf781604679a87aa7e49c129076d446accd0
Valeria14022001_img_0690,img_0690.png,heroes_y_aventuras,ilustracion_plana_color,434,274,escena lluvia torrencial,vecteezy,Valeria14022001,1084accc686e485fe7dcc1b9297eb87254556241
Valeria14022001_img_0691,img_0691.png,heroes_y_aventuras,ilustracion_plana_color,407,277,escena marino capitan catalejo,vecteezy,Valeria14022001,f8d1ce8b3c3108a816c2c58e1ed5d1a641336935
Valeria14022001_img_0692,img_0692.png,heroes_y_aventuras,ilustracion_plana_color,330,227,escena molino globos aerostaticos,vecteezy,Valeria14022001,0040a38758f9b7ab484e8b39029b01a7fb6ab041
Valeria14022001_img_0693,img_0693.png,heroes_y_aventuras,ilustracion_plana_color,347,307,escena mono espacio luna,vecteezy,Valeria14022001,55c0b1028070ddd46a5f2c0db1905b8d15ecb9c7
Valeria14022001_img_0694,img_0694.png,heroes_y_aventuras,ilustracion_plana_color,414,257,escena nevada cabana,vecteezy,Valeria14022001,a53939813214ac73b727dd42324b7967f98acc21
Valeria14022001_img_0695,img_0695.png,heroes_y_aventuras,ilustracion_plana_color,397,240,escena nevada montana arboles,vecteezy,Valeria14022001,e31b301718462d002bfcad8d72e51c868848eba9
Valeria14022001_img_0696,img_0696.png,heroes_y_aventuras,ilustracion_plana_color,523,294,escena neveada monatnas arboles lago,vecteezy,Valeria14022001,e8ead4f3f96252a51e6ec5b4ca57841414338041
Valeria14022001_img_0697,img_0697.png,heroes_y_aventuras,ilustracion_plana_color,503,310,escena noche casas ciudad,vecteezy,Valeria14022001,2bd832e21dad52095849bec6ce165c69284657aa
Valeria14022001_img_0698,img_0698.png,heroes_y_aventuras,ilustracion_plana_color,281,151,escena noche estrellada,vecteezy,Valeria14022001,e58d70438ea7cee52e0c517579df10be33d060a4
Valeria14022001_img_0699,img_0699.png,heroes_y_aventuras,ilustracion_plana_color,503,274,escena noche nublado luna arboles,vecteezy,Valeria14022001,6752c2715685227069da84caabd19cb8256e3c81
Valeria14022001_img_0700,img_0700.png,heroes_y_aventuras,ilustracion_plana_color,322,198,escena noche nublado luna arboles lago,vecteezy,Valeria14022001,3b4ae3d0c5611d919f0d4aa70a829a57f73c09b3
Valeria14022001_img_0701,img_0701.png,heroes_y_aventuras,ilustracion_plana_color,358,196,escena noche nublado luna menguante arboles,vecteezy,Valeria14022001,16ae2dc1efa7a77d7cbe58307bbe4097ad4b5f31
Valeria14022001_img_0702,img_0702.png,heroes_y_aventuras,ilustracion_plana_color,435,253,escena noche nublado luna montanas,vecteezy,Valeria14022001,ce4083a0311bd364f832d8cfb0d78029463f70fa
Valeria14022001_img_0703,img_0703.png,heroes_y_aventuras,ilustracion_plana_color,353,222,escena novedad bosque,vecteezy,Valeria14022001,38ffba130b27b83a0eb68eecc1801c5a91a023a7
Valeria14022001_img_0704,img_0704.png,heroes_y_aventuras,ilustracion_plana_color,414,242,escena nubes cielo azil,vecteezy,Valeria14022001,5546c49be4691ec81459bd5184e0ca8feb720b25
Valeria14022001_img_0705,img_0705.png,heroes_y_aventuras,ilustracion_plana_color,396,191,escena nubes cielo azil formas,vecteezy,Valeria14022001,c26568ec71b13b76e3bb032f56824d527a8d4698
Valeria14022001_img_0706,img_0706.png,heroes_y_aventuras,ilustracion_plana_color,393,287,escena nubes cielo sol,vecteezy,Valeria14022001,bc787d4f7e2f24eabcb3f31643fe8e45d99a727e
Valeria14022001_img_0707,img_0707.png,heroes_y_aventuras,ilustracion_plana_color,283,282,escena ovn ciudad edificios,vecteezy,Valeria14022001,6b7a573231db04332685444b95990b0563b70f6f
Valeria14022001_img_0708,img_0708.png,heroes_y_aventuras,ilustracion_plana_color,273,276,escena ovni luz bosque,vecteezy,Valeria14022001,c0c704c3aa66d759350e9448d120bceac8dd7fea
Valeria14022001_img_0709,img_0709.png,heroes_y_aventuras,ilustracion_plana_color,200,252,escena persona conquistando planeta,vecteezy,Valeria14022001,4ef6a8252a650cbbf896a447f6b14b33a0c90468
Valeria14022001_img_0710,img_0710.png,heroes_y_aventuras,ilustracion_plana_color,425,336,escena persona explorando planeta desierto,vecteezy,Valeria14022001,502b3a73db8fb497a38bbc7d10aa0cdb78e093f8
Valeria14022001_img_0711,img_0711.png,heroes_y_aventuras,ilustracion_plana_color,339,235,escena piramide atardecer,vecteezy,Valeria14022001,14470076d35cb1fb59342b4ef3da8fa724ae6a68
Valeria14022001_img_0712,img_0712.png,heroes_y_aventuras,ilustracion_plana_color,484,248,escena piramides,vecteezy,Valeria14022001,fe9ed16686a190013b0be3b3239f232e18b1c32f
Valeria14022001_img_0713,img_0713.png,heroes_y_aventuras,ilustracion_plana_color,215,171,escena portal agujero espacio,vecteezy,Valeria14022001,ac62c9631ceeabe44d3f8d6b34909ef780a99b5e
Valeria14022001_img_0714,img_0714.png,heroes_y_aventuras,ilustracion_plana_color,161,169,escena portal agujero espacio morado luminoso,vecteezy,Valeria14022001,e6e9784753f5f9fc73b1a1e03ce24e62ffcd0d63
Valeria14022001_img_0715,img_0715.png,heroes_y_aventuras,ilustracion_plana_color,249,187,escena portal extraterrestre,vecteezy,Valeria14022001,1b062f8b2b343537a67a8045280395c76cb25485
Valeria14022001_img_0716,img_0716.png,heroes_y_aventuras,ilustracion_plana_color,293,263,escena portal magico morado,vecteezy,Valeria14022001,8f49273ec2ab804bfa43f5acbe6fd678a988197b
Valeria14022001_img_0717,img_0717.png,heroes_y_aventuras,ilustracion_plana_color,230,286,escena portal magico puerta,vecteezy,Valeria14022001,1962a381eb94c998579eca82ca132bef4cae99dc
Valeria14022001_img_0718,img_0718.png,heroes_y_aventuras,ilustracion_plana_color,422,305,escena puerto barco actualidad,vecteezy,Valeria14022001,7817f5eb515903e52294a2cbc2d7b729956d48ad
Valeria14022001_img_0719,img_0719.png,heroes_y_aventuras,ilustracion_plana_color,303,220,escena puerto barco antiguedad,vecteezy,Valeria14022001,50b163715314539c5ce750a7f80d9c0c79701fe5
Valeria14022001_img_0720,img_0720.png,heroes_y_aventuras,ilustracion_plana_color,375,237,escena rescate familia heroes,vecteezy,Valeria14022001,3c19bb37cddb7233fcd97d714cd9246d2eb58651
Valeria14022001_img_0721,img_0721.png,heroes_y_aventuras,ilustracion_plana_color,279,240,escena rescate hombres herido heroes,vecteezy,Valeria14022001,0f17a1c103e8d4126862249d0b5b7673ed862997
Valeria14022001_img_0722,img_0722.png,heroes_y_aventuras,ilustracion_plana_color,232,333,escena rio salvaje motana,vecteezy,Valeria14022001,1424446db127c8292caf40ccc820eb3c3d00435b
Valeria14022001_img_0723,img_0723.png,heroes_y_aventuras,ilustracion_plana_color,459,313,escena ruinas submarinas,vecteezy,Valeria14022001,427ef7ef6adf144ababc8372ae22fd7a42ab3a7f
Valeria14022001_img_0724,img_0724.png,heroes_y_aventuras,ilustracion_plana_color,468,333,escena ruinas tierra,vecteezy,Valeria14022001,7a6dbea2b99c73ee7973d58a89d53552d9dc7893
Valeria14022001_img_0725,img_0725.png,heroes_y_aventuras,ilustracion_plana_color,219,281,escena salto felicidad mujer,vecteezy,Valeria14022001,56a8bc7a2cf1d7dbd0fe7d3ef7230bb23d325ac1
Valeria14022001_img_0726,img_0726.png,heroes_y_aventuras,ilustracion_plana_color,255,263,escena salto hombre,vecteezy,Valeria14022001,913afc78b31ceec768fb52df76db0636168d0a68
Valeria14022001_img_0727,img_0727.png,heroes_y_aventuras,ilustracion_plana_color,255,255,escena santuario chino,vecteezy,Valeria14022001,04ef8e7b56a6cc493ecbf016e346afae578ebf5c
Valeria14022001_img_0728,img_0728.png,heroes_y_aventuras,ilustracion_plana_color,445,305,escena santuarios arco japon,vecteezy,Valeria14022001,7711ca08d72bd741c8609391011d051e714cec2a
Valeria14022001_img_0729,img_0729.png,heroes_y_aventuras,ilustracion_plana_color,403,209,escena taberna dia,vecteezy,Valeria14022001,1f7b588e2b6f626456daec691cbec7baa2a5107e
Valeria14022001_img_0730,img_0730.png,heroes_y_aventuras,ilustracion_plana_color,478,209,escena taberna noche,vecteezy,Valeria14022001,46bceccc3ca20e036aaa5dcb7e98711f77610801
Valeria14022001_img_0731,img_0731.png,heroes_y_aventuras,ilustracion_plana_color,403,278,escena tormenta ciudad,vecteezy,Valeria14022001,8e1250152a43f19540b302470d90b9ce9f6e4224
Valeria14022001_img_0732,img_0732.png,heroes_y_aventuras,ilustracion_plana_color,428,287,escena trineo persona,vecteezy,Valeria14022001,c496e1dc960f390f499ef06601fdb1d5e462a321
Valeria14022001_img_0733,img_0733.png,heroes_y_aventuras,ilustracion_plana_color,523,351,escena viento arboles,vecteezy,Valeria14022001,87f24e0696085ec76c41215c98f7a702b7810d1f
Valeria14022001_img_0734,img_0734.png,heroes_y_aventuras,ilustracion_plana_color,342,244,escena viento arboles montana,vecteezy,Valeria14022001,da6ef04768feeaa9d76dd25c347f19e9f879cd36
Valeria14022001_img_0735,img_0735.png,heroes_y_aventuras,ilustracion_plana_color,378,237,escena viento fuerte casa,vecteezy,Valeria14022001,6558f51023c60fbbc9938e8ca9da23b84b390564
Valeria14022001_img_0736,img_0736.png,heroes_y_aventuras,ilustracion_plana_color,369,259,escena vikingos barco batalla mar,vecteezy,Valeria14022001,4016beebd605b3131bf51ca1838319b888fe0eaa
Valeria14022001_img_0737,img_0737.png,heroes_y_aventuras,ilustracion_plana_color,525,277,escena villa bosque,vecteezy,Valeria14022001,1bb90d0cc84e788c4e26ff8e414d6f19497d6379
Valeria14022001_img_0738,img_0738.png,heroes_y_aventuras,ilustracion_plana_color,629,266,escena villa campo,vecteezy,Valeria14022001,dcea3becc7d99154e258ae34c122cb8d8abe251d
Valeria14022001_img_0739,img_0739.png,heroes_y_aventuras,ilustracion_plana_color,397,166,escnea nevada oscuridad,vecteezy,Valeria14022001,19d0b8e330d2bf4ab59799c9426e8567eb926d5b
Valeria14022001_img_0740,img_0740.png,heroes_y_aventuras,ilustracion_plana_color,553,238,escplorador valle canon,vecteezy,Valeria14022001,0808b4852a517dea457ae1f2b2fd481e8e6dc333
Valeria14022001_img_0741,img_0741.png,heroes_y_aventuras,ilustracion_plana_color,460,290,espacio estrellas planeta,vecteezy,Valeria14022001,4c6f57c9c1375485444ce899597b463857918e0b
Valeria14022001_img_0742,img_0742.png,heroes_y_aventuras,ilustracion_plana_color,617,230,espada medieval,vecteezy,Valeria14022001,c38aebe3055d81f4cab6bb6b74149525c87a6ee4
Valeria14022001_img_0743,img_0743.png,heroes_y_aventuras,ilustracion_plana_color,264,259,espada pirata,vecteezy,Valeria14022001,ca48a8ead30de211c3615ce8c5ecdd3da079a95e
Valeria14022001_img_0744,img_0744.png,heroes_y_aventuras,ilustracion_plana_color,366,239,espada pirata peligro,vecteezy,Valeria14022001,6e637a5c51b315a9e73fb153296dc4a5432d715b
Valeria14022001_img_0745,img_0745.png,heroes_y_aventuras,ilustracion_plana_color,565,231,espada pirate,vecteezy,Valeria14022001,e0dbe27b975966ef5dce8d250ea23f87443a6aae
Valeria14022001_img_0746,img_0746.png,heroes_y_aventuras,ilustracion_plana_color,261,258,espadas medievales,vecteezy,Valeria14022001,fe9557d9af9925d2a446426ef966952e85bbe1bc
Valeria14022001_img_0747,img_0747.png,heroes_y_aventuras,ilustracion_plana_color,338,287,espadas medievales cruzadas,vecteezy,Valeria14022001,009b6bbab0ead8c391a7db43d7f5aa805c8376af
Valeria14022001_img_0748,img_0748.png,heroes_y_aventuras,ilustracion_plana_color,195,239,espantapajaros feliz,vecteezy,Valeria14022001,6df61147c3399e6692bf82aa2ca175a89fbfacb8
Valeria14022001_img_0749,img_0749.png,heroes_y_aventuras,ilustracion_plana_color,255,289,espejo magico,vecteezy,Valeria14022001,4414515093160c4f94e6a860a092c38ba53406b4
Valeria14022001_img_0750,img_0750.png,heroes_y_aventuras,ilustracion_plana_color,215,233,explorador cueva atardecer bosque,vecteezy,Valeria14022001,4e96ee2a7af202b737f9eaee96a0c44425f87a6b
Valeria14022001_img_0751,img_0751.png,heroes_y_aventuras,ilustracion_plana_color,191,332,extraterrestre azul saludando,vecteezy,Valeria14022001,34c0c1ffbde4e77a57ec9aa324494e2f8113863c
Valeria14022001_img_0752,img_0752.png,heroes_y_aventuras,ilustracion_plana_color,450,226,faro tormenta mar,vecteezy,Valeria14022001,fce157d30dc01ec9ed7ec264c4a34d8cda43a64d
Valeria14022001_img_0753,img_0753.png,heroes_y_aventuras,ilustracion_plana_color,308,300,fogata sencilla,vecteezy,Valeria14022001,f8d7ddd952ddebac5ffeb9b9f1b3a698846c68f9
Valeria14022001_img_0754,img_0754.png,heroes_y_aventuras,ilustracion_plana_color,255,220,fogatas piedras,vecteezy,Valeria14022001,ac23ba1d6a13d49cede8ba64207e6eafd0f035c2
Valeria14022001_img_0755,img_0755.png,heroes_y_aventuras,ilustracion_plana_color,279,367,gato botas azul,vecteezy,Valeria14022001,2312834b90d9ce06755dd0163384129f5c2e65ac
Valeria14022001_img_0756,img_0756.png,heroes_y_aventuras,ilustracion_plana_color,222,320,gato botas espada florete,vecteezy,Valeria14022001,84fe7f4ff9acbaf153d7cdcc7ad7016547d729b8
Valeria14022001_img_0757,img_0757.png,heroes_y_aventuras,ilustracion_plana_color,299,276,genio lampara aladin,vecteezy,Valeria14022001,25201be0d97292ece97fa477704188d1bd7e527c
Valeria14022001_img_0758,img_0758.png,heroes_y_aventuras,ilustracion_plana_color,282,280,genio lampara deseos,vecteezy,Valeria14022001,5fddded659a9d29795ac5807ab5adb236032475a
Valeria14022001_img_0759,img_0759.png,heroes_y_aventuras,ilustracion_plana_color,241,336,genio lampara magico,vecteezy,Valeria14022001,2469a8b04feee34def4ef3bd6a08d4cb378f3952
Valeria14022001_img_0760,img_0760.png,heroes_y_aventuras,ilustracion_plana_color,276,284,gobo aerostatico,vecteezy,Valeria14022001,b5dad0c1830b2d08aa707642aac2ea0e78ba2bce
Valeria14022001_img_0761,img_0761.png,heroes_y_aventuras,ilustracion_plana_color,313,277,goleta barco,vecteezy,Valeria14022001,78f7da459389d63292b0cce779f7f43c803126c2
Valeria14022001_img_0762,img_0762.png,heroes_y_aventuras,ilustracion_plana_color,267,372,guerrer barco navegando,vecteezy,Valeria14022001,0e72a43ecdaaa1a2337ce79e1112abf89ee48043
Valeria14022001_img_0763,img_0763.png,heroes_y_aventuras,ilustracion_plana_color,226,325,guerrera griega,vecteezy,Valeria14022001,574ef054d69f82536042413b8eb846cbf41cb14d
Valeria14022001_img_0764,img_0764.png,heroes_y_aventuras,ilustracion_plana_color,269,310,guerrera troyana,vecteezy,Valeria14022001,40b8a538f8e695937e2f561c622c78cefe302bc9
Valeria14022001_img_0765,img_0765.png,heroes_y_aventuras,ilustracion_plana_color,355,239,guerrero cielo hercules,vecteezy,Valeria14022001,8fdeb46190fb664f07a015ce93825e38adb0565e
Valeria14022001_img_0766,img_0766.png,heroes_y_aventuras,ilustracion_plana_color,182,223,guerrero contra monstrup troya,vecteezy,Valeria14022001,8c447d207f87f595a8dbae29774a87cba84b4c85
Valeria14022001_img_0767,img_0767.png,heroes_y_aventuras,ilustracion_plana_color,168,230,guerrero escudo espada,vecteezy,Valeria14022001,aa7f3c3a9d97566c88930e39cd258c4dcb578b16
Valeria14022001_img_0768,img_0768.png,heroes_y_aventuras,ilustracion_plana_color,256,330,guerrero escudo espada armadura,vecteezy,Valeria14022001,1bb8eab66cca4c4221235e5f3554026fb2329321
Valeria14022001_img_0769,img_0769.png,heroes_y_aventuras,ilustracion_plana_color,243,280,guerrero escudo espada pose,vecteezy,Valeria14022001,f8c20b28988d17becd4231d406ccb48a84938cdc
Valeria14022001_img_0770,img_0770.png,heroes_y_aventuras,ilustracion_plana_color,241,336,guerrero espada escudo volteando,vecteezy,Valeria14022001,33f23f07fd2af8f09aeeaba6512305c4f93c20b5
Valeria14022001_img_0771,img_0771.png,heroes_y_aventuras,ilustracion_plana_color,318,351,guerrero espada lanza barbaro,vecteezy,Valeria14022001,1c056e6becb40417636e5859d59bd84ef0818f26
Valeria14022001_img_0772,img_0772.png,heroes_y_aventuras,ilustracion_plana_color,244,269,guerrero griego silueta escudo lanza,vecteezy,Valeria14022001,9bfc32ea22f336e53875eb3beb8a1843ca6425ea
Valeria14022001_img_0773,img_0773.png,heroes_y_aventuras,ilustracion_plana_color,290,290,guerrero inframundo caverna,vecteezy,Valeria14022001,6379a64ded4695fc9034b9c901f75bf60617c3b8
Valeria14022001_img_0774,img_0774.png,heroes_y_aventuras,ilustracion_plana_color,455,310,guerrero medieval caballo escudo,vecteezy,Valeria14022001,b2c5c8548135ef5aa27c2c852a69b730c09ad0e2
Valeria14022001_img_0775,img_0775.png,heroes_y_aventuras,ilustracion_plana_color,338,237,guerrero pielanimal arma,vecteezy,Valeria14022001,18f199ece098946872ce9bd1af62c96c368ebbdf
Valeria14022001_img_0776,img_0776.png,heroes_y_aventuras,ilustracion_plana_color,165,323,guerrero tartaro,vecteezy,Valeria14022001,d95f522645a2f186e707be0909a6dd0bd72876f8
Valeria14022001_img_0777,img_0777.png,heroes_y_aventuras,ilustracion_plana_color,202,310,guerrero tribu arco flecha,vecteezy,Valeria14022001,aa6d7200518accf4e8f2366cef6353ca3243893c
Valeria14022001_img_0778,img_0778.png,heroes_y_aventuras,ilustracion_plana_color,306,316,guerrero troyano atacando,vecteezy,Valeria14022001,cbab8a135dcd7f3f0d508be7562ca77bba1884d0
Valeria14022001_img_0779,img_0779.png,heroes_y_aventuras,ilustracion_plana_color,201,298,guerrero troyano escudo lanza,vecteezy,Valeria14022001,20be5fedbe5cfef07bffc11215214ff12791c2d1
Valeria14022001_img_0780,img_0780.png,heroes_y_aventuras,ilustracion_plana_color,279,278,guerrero viking casco,vecteezy,Valeria14022001,b4005ae310ec3c3ef91cfbaec257e1f05ce1ba5d
Valeria14022001_img_0781,img_0781.png,heroes_y_aventuras,ilustracion_plana_color,205,245,guerrero vikingo hacha escudo,vecteezy,Valeria14022001,cbcead7525b88eb3e0cd246cfbf0bfd088cb3086
Valeria14022001_img_0782,img_0782.png,heroes_y_aventuras,ilustracion_plana_color,250,328,guerrero vikingo intimidante espada,vecteezy,Valeria14022001,606255d67fc6c769530c1f07b90b8f08f46db7f4
Valeria14022001_img_0783,img_0783.png,heroes_y_aventuras,ilustracion_plana_color,442,321,guerro troyano peleano,vecteezy,Valeria14022001,40e1e3ceae9a967be967c0fa28a374af8424fb4a
Valeria14022001_img_0784,img_0784.png,heroes_y_aventuras,ilustracion_plana_color,286,281,hada sonriente volando,vecteezy,Valeria14022001,c642250ea5619a313901414b65696ed768026937
Valeria14022001_img_0785,img_0785.png,heroes_y_aventuras,ilustracion_plana_color,257,311,hombre despacho lupa investigador,vecteezy,Valeria14022001,df3b76b5362a9045ec452c5874164a1340a88a43
Valeria14022001_img_0786,img_0786.png,heroes_y_aventuras,ilustracion_plana_color,213,275,hombre martillo creador fuego,vecteezy,Valeria14022001,bd00cc932982ff142616eca8708bcd715da88b1b
Valeria14022001_img_0787,img_0787.png,heroes_y_aventuras,ilustracion_plana_color,188,326,hombre ojalata,vecteezy,Valeria14022001,c6a4b1cd8e033a2ec9f17694c87819fdd12dd261
Valeria14022001_img_0788,img_0788.png,heroes_y_aventuras,ilustracion_plana_color,181,272,hombre tridente,vecteezy,Valeria14022001,bab18a9a2955aff5e85beece7a549b1402d7215d
Valeria14022001_img_0789,img_0789.png,heroes_y_aventuras,ilustracion_plana_color,290,288,hombre turbante alfombra desierto,vecteezy,Valeria14022001,d121d914699e5274f00b9485b6262a0f6f0c71de
Valeria14022001_img_0790,img_0790.png,heroes_y_aventuras,ilustracion_plana_color,365,366,humo incendio,vecteezy,Valeria14022001,23f717149f242a7380a136effda674b4ca691b5a
Valeria14022001_img_0791,img_0791.png,heroes_y_aventuras,ilustracion_plana_color,291,324,humo incendio viento,vecteezy,Valeria14022001,a63f06b0b48b4a73f7fdd4b290ba0d0203f13b86
Valeria14022001_img_0792,img_0792.png,heroes_y_aventuras,ilustracion_plana_color,382,192,isla deshabitada,vecteezy,Valeria14022001,9a15dd14ff6bf62ba0e29a51c86946c6818638d7
Valeria14022001_img_0793,img_0793.png,heroes_y_aventuras,ilustracion_plana_color,152,259,juana arco heroina,vecteezy,Valeria14022001,cb2b7abb1f3832f488d4a00273a40c7c7abef545
Valeria14022001_img_0794,img_0794.png,heroes_y_aventuras,ilustracion_plana_color,309,214,ladrones caballo,vecteezy,Valeria14022001,4fa645a7e54e6bfb2c6840a131c6554f9e9e2bbe
Valeria14022001_img_0795,img_0795.png,heroes_y_aventuras,ilustracion_plana_color,318,295,ladrones caballo armas,vecteezy,Valeria14022001,e69db2a7529b55a52180c8291dbe45d3f91e2175
Valeria14022001_img_0796,img_0796.png,heroes_y_aventuras,ilustracion_plana_color,233,184,lampara aceite,vecteezy,Valeria14022001,e6d7342732c9e625c1193ccbe4310dee88e02676
Valeria14022001_img_0797,img_0797.png,heroes_y_aventuras,ilustracion_plana_color,333,260,lampara del genio,vecteezy,Valeria14022001,786917ed972dd08c2c009c2f0dc6edc10065f6c9
Valeria14022001_img_0798,img_0798.png,heroes_y_aventuras,ilustracion_plana_color,280,284,lampara magica,vecteezy,Valeria14022001,af57bb0dd98b1090d964f23f9fdd2833d5908a3d
Valeria14022001_img_0799,img_0799.png,heroes_y_aventuras,ilustracion_plana_color,358,352,leon macho selva,vecteezy,Valeria14022001,2970a04a577b98a0f3e6bfecc2d94e4db06d84a8
Valeria14022001_img_0800,img_0800.png,heroes_y_aventuras,ilustracion_plana_color,308,218,leon perfil,vecteezy,Valeria14022001,564f0579b8c1edb3f0b807c719418aa1070bec7c
Valeria14022001_img_0801,img_0801.png,heroes_y_aventuras,ilustracion_plana_color,338,268,lobo ahullando,vecteezy,Valeria14022001,239e5cda4653fa81738ee0735a2f45c849dfac0a
Valeria14022001_img_0802,img_0802.png,heroes_y_aventuras,ilustracion_plana_color,265,287,lobo atacando,vecteezy,Valeria14022001,3a11df7bfd3d0004755cba3d91ff3fc91073f985
Valeria14022001_img_0803,img_0803.png,heroes_y_aventuras,ilustracion_plana_color,367,334,lobo completo ahullando,vecteezy,Valeria14022001,efc00a8e0834465f8f942ae11c954d4f678cd5f2
Valeria14022001_img_0804,img_0804.png,heroes_y_aventuras,ilustracion_plana_color,337,318,lobo feroz,vecteezy,Valeria14022001,503bf45118898ed5882235e6ef4ebe26df19abc1
Valeria14022001_img_0805,img_0805.png,heroes_y_aventuras,ilustracion_plana_color,422,258,lobo gris caminando,vecteezy,Valeria14022001,426d9268a619ba2a24df85fc4ec71b01b929d888
Valeria14022001_img_0806,img_0806.png,heroes_y_aventuras,ilustracion_plana_color,491,158,londres silueta,vecteezy,Valeria14022001,be66aded95e2fee543b8972ffab29add93d3475d
Valeria14022001_img_0807,img_0807.png,heroes_y_aventuras,ilustracion_plana_color,220,168,loro pirata,vecteezy,Valeria14022001,ad0e35ad93e330a504ea3e2aaa68798fbe01fe2a
Valeria14022001_img_0808,img_0808.png,heroes_y_aventuras,ilustracion_plana_color,397,261,lugar coliseo atardecer frente,vecteezy,Valeria14022001,69fc2596e18710c49f46243e7c9c8b145b83f2b9
Valeria14022001_img_0809,img_0809.png,heroes_y_aventuras,ilustracion_plana_color,460,290,lugar coliseo batllas entrada,vecteezy,Valeria14022001,f2d976eda3c3267ca57d6905f99e5953ea01f273
Valeria14022001_img_0810,img_0810.png,heroes_y_aventuras,ilustracion_plana_color,562,236,lugar coliseo vacio,vecteezy,Valeria14022001,e5ab56df18be7b4f187630551d92c6baa21071bb
Valeria14022001_img_0811,img_0811.png,heroes_y_aventuras,ilustracion_plana_color,251,203,luna creciente noche,vecteezy,Valeria14022001,291b708117a95cd1659a6fb8cbed8cc339de1fb6
Valeria14022001_img_0812,img_0812.png,heroes_y_aventuras,ilustracion_plana_color,259,259,luna llena blanca,vecteezy,Valeria14022001,3b7fbc38f2ba3f9e9b1971d8fe5f18892fe93fed
Valeria14022001_img_0813,img_0813.png,heroes_y_aventuras,ilustracion_plana_color,351,297,luna llena estrellas,vecteezy,Valeria14022001,fb6dccd128461df74f5d601558bdc6dcf280d81f
Valeria14022001_img_0814,img_0814.png,heroes_y_aventuras,ilustracion_plana_color,263,216,luna menguante estellas espacio,vecteezy,Valeria14022001,955e2839b1038f4733b1fe75ad804ad776f6abf6
Valeria14022001_img_0815,img_0815.png,heroes_y_aventuras,ilustracion_plana_color,566,348,luna superficie,vecteezy,Valeria14022001,41cda1cb34873c16e91a984c2013f8b4343af197
Valeria14022001_img_0816,img_0816.png,heroes_y_aventuras,ilustracion_plana_color,210,177,lupa pista,vecteezy,Valeria14022001,b07654b84e4ba0750e45cb98dc9e2c91ee83928f
Valeria14022001_img_0817,img_0817.png,heroes_y_aventuras,ilustracion_plana_color,419,269,mapa mundo,vecteezy,Valeria14022001,e5d5b357f72a8fc956fecf001ff45fd901b5a2fd
Valeria14022001_img_0818,img_0818.png,heroes_y_aventuras,ilustracion_plana_color,487,307,mapa tesoro,vecteezy,Valeria14022001,7e6799fa860fff18e53d2aa25be65056a335af07
Valeria14022001_img_0819,img_0819.png,heroes_y_aventuras,ilustracion_plana_color,496,314,mapa viejo,vecteezy,Valeria14022001,a7769245d554ea38dae13804862c83bafa4e91fa
Valeria14022001_img_0820,img_0820.png,heroes_y_aventuras,ilustracion_plana_color,462,319,mar fondo oscuro,vecteezy,Valeria14022001,cdb48aa419b5ba535dd4aac149db18e19e42b04d
Valeria14022001_img_0821,img_0821.png,heroes_y_aventuras,ilustracion_plana_color,450,291,molino,vecteezy,Valeria14022001,086a49f6155fe04e46aaf42e071a52ae36331d4d
Valeria14022001_img_0822,img_0822.png,heroes_y_aventuras,ilustracion_plana_color,577,246,monstruo ballena,vecteezy,Valeria14022001,7009aea9ee523fb7c3ce7dd6f964f418aa049fdc
Valeria14022001_img_0823,img_0823.png,heroes_y_aventuras,ilustracion_plana_color,397,256,monstruo ballena enojado,vecteezy,Valeria14022001,dae435ff1ef8f1ab694c225415447bb14239c337
Valeria14022001_img_0824,img_0824.png,heroes_y_aventuras,ilustracion_plana_color,441,303,monstruo ballena silueta,vecteezy,Valeria14022001,5d80593ec91eac1696f793ccf0ee7807befb83d9
Valeria14022001_img_0825,img_0825.png,heroes_y_aventuras,ilustracion_plana_color,236,320,monstruo ciclope,vecteezy,Valeria14022001,a030996c0891dc18361b7f8237f21f0d4107f89f
Valeria14022001_img_0826,img_0826.png,heroes_y_aventuras,ilustracion_plana_color,312,337,monstruo griego medusa,vecteezy,Valeria14022001,ccf5a729c23b3b70a67c038c2739d4d978bf64a7
Valeria14022001_img_0827,img_0827.png,heroes_y_aventuras,ilustracion_plana_color,484,190,monstruo mar kraken,vecteezy,Valeria14022001,3d3405fee85a34a2053756e4cd9bc822675ba86d
Valeria14022001_img_0828,img_0828.png,heroes_y_aventuras,ilustracion_plana_color,214,258,monstruo pirata tentaculos,vecteezy,Valeria14022001,8420689e62a5aaaf8d89476ec2d20d8da0556467
Valeria14022001_img_0829,img_0829.png,heroes_y_aventuras,ilustracion_plana_color,259,278,monstruo serpiente venenosa,vecteezy,Valeria14022001,c7552d94fa058aace02187d508409b0906a81c4f
Valeria14022001_img_0830,img_0830.png,heroes_y_aventuras,ilustracion_plana_color,314,274,monstruo serpientes medusa,vecteezy,Valeria14022001,81de6558fa90a33619d3ae4f790d945efb5a1de9
Valeria14022001_img_0831,img_0831.png,heroes_y_aventuras,ilustracion_plana_color,335,353,monstruo sombras grande,vecteezy,Valeria14022001,a692137909918abc4a92019de8c63abf5d8cf6bb
Valeria14022001_img_0832,img_0832.png,heroes_y_aventuras,ilustracion_plana_color,307,328,monstruo sombras peludo,vecteezy,Valeria14022001,d315604237db6b1457121144c0f07de8e6b6a7fd
Valeria14022001_img_0833,img_0833.png,heroes_y_aventuras,ilustracion_plana_color,363,179,montanas siluetas,vecteezy,Valeria14022001,a43ba18fba0a1d1a727a3756666dce8a3b83b542
Valeria14022001_img_0834,img_0834.png,heroes_y_aventuras,ilustracion_plana_color,282,287,mosntruo serpiente anaconda,vecteezy,Valeria14022001,b1231a98ed7a5f6565b9ba3dc609ebd0b4be39e5
Valeria14022001_img_0835,img_0835.png,heroes_y_aventuras,ilustracion_plana_color,338,297,mosquetero defensa preparado,vecteezy,Valeria14022001,e095d8b20541c1ed7e8b77c1f3f58b72e815ec18
Valeria14022001_img_0836,img_0836.png,heroes_y_aventuras,ilustracion_plana_color,224,319,mujer acantilado noche mar,vecteezy,Valeria14022001,ee71fac7fb261cbe63a11641a1fe9b77c73dac3b
Valeria14022001_img_0837,img_0837.png,heroes_y_aventuras,ilustracion_plana_color,310,282,mujer atardecer entrenando fortaleza defensa,vecteezy,Valeria14022001,24f8459f223227b9fa56f24b497b2c7f4b4c8288
Valeria14022001_img_0838,img_0838.png,heroes_y_aventuras,ilustracion_plana_color,245,285,mujer blanca bonita perfil,vecteezy,Valeria14022001,1d8f2d05f652041b8b778f6d21a6d12d66487dbd
Valeria14022001_img_0839,img_0839.png,heroes_y_aventuras,ilustracion_plana_color,343,343,mujer caminando llvia bosque,vecteezy,Valeria14022001,8b1382494fa9ba06ea99aea1af9334412ad5cb8a
Valeria14022001_img_0840,img_0840.png,heroes_y_aventuras,ilustracion_plana_color,305,305,mujer defensa arte marcial,vecteezy,Valeria14022001,eaed2a2334041719cc23eecee0782182d14d728b
Valeria14022001_img_0841,img_0841.png,heroes_y_aventuras,ilustracion_plana_color,220,265,mujer defensa postura,vecteezy,Valeria14022001,3383a81e7e340b6f59db161ad392e0002cea45fd
Valeria14022001_img_0842,img_0842.png,heroes_y_aventuras,ilustracion_plana_color,195,237,mujer griega,vecteezy,Valeria14022001,4b6c3ea59698a62b071a819154017481b8a9ec62
Valeria14022001_img_0843,img_0843.png,heroes_y_aventuras,ilustracion_plana_color,270,280,mujer guerrera asesina dagas,vecteezy,Valeria14022001,6b9031933cd8b4c9d0d2a772ac98b687fa1f0c9e
Valeria14022001_img_0844,img_0844.png,heroes_y_aventuras,ilustracion_plana_color,224,220,mujer guerrera asesina kunais,vecteezy,Valeria14022001,e825d26dbf2f79bb461991f90b155782db60c3c1
Valeria14022001_img_0845,img_0845.png,heroes_y_aventuras,ilustracion_plana_color,171,264,mujer guerrera asesina parada guardia,vecteezy,Valeria14022001,18a348593f29782db9014a28d1f77e5b2d412e37
Valeria14022001_img_0846,img_0846.png,heroes_y_aventuras,ilustracion_plana_color,243,253,mujer guerrera asiatica china espada,vecteezy,Valeria14022001,ff7d090a0a24832de0d2288e63adde9f0567e15f
Valeria14022001_img_0847,img_0847.png,heroes_y_aventuras,ilustracion_plana_color,176,230,mujer guerrera bosque espada escudo,vecteezy,Valeria14022001,2a7caaddb91bb77cabc26acc71076af87917ae8a
Valeria14022001_img_0848,img_0848.png,heroes_y_aventuras,ilustracion_plana_color,160,251,mujer guerrera coliseo escudo lanza,vecteezy,Valeria14022001,337958314eb089e736d1df52c6aca1209c8a0443
Valeria14022001_img_0849,img_0849.png,heroes_y_aventuras,ilustracion_plana_color,332,308,mujer guerrera escudo,vecteezy,Valeria14022001,637731d0897f808633b37809d4f5eca34e6ae55e
Valeria14022001_img_0850,img_0850.png,heroes_y_aventuras,ilustracion_plana_color,303,315,mujer guerrera espada capa,vecteezy,Valeria14022001,9f1c0d259273e6ca740f40df8285cd6fe15b0c65
Valeria14022001_img_0851,img_0851.png,heroes_y_aventuras,ilustracion_plana_color,337,318,mujer guerrera espadas sentada,vecteezy,Valeria14022001,681ebe26967dca5b21d356578099db05f77accd1
Valeria14022001_img_0852,img_0852.png,heroes_y_aventuras,ilustracion_plana_color,238,230,mujer guerrera grande espada fuerte,vecteezy,Valeria14022001,b520cb507be10d7968a62f1cb2560a143d1898d0
Valeria14022001_img_0853,img_0853.png,heroes_y_aventuras,ilustracion_plana_color,148,273,mujer guerrera hacha,vecteezy,Valeria14022001,bdb108456bcbf63dd283ae1cde220a184308ae99
Valeria14022001_img_0854,img_0854.png,heroes_y_aventuras,ilustracion_plana_color,124,277,mujer guerrera lanza armadura,vecteezy,Valeria14022001,133a3705e30af2b0acd2a51f47a2141b929c29f7
Valeria14022001_img_0855,img_0855.png,heroes_y_aventuras,ilustracion_plana_color,303,303,mujer guerrera lanza silueta,vecteezy,Valeria14022001,69bc5890ecbe689c86bf602a76ba65ddf08e34a7
Valeria14022001_img_0856,img_0856.png,heroes_y_aventuras,ilustracion_plana_color,188,247,mujer guerrera rubia espada,vecteezy,Valeria14022001,aa836ba8aaeccaebf0598f7dbf23c04b3ee1de37
Valeria14022001_img_0857,img_0857.png,heroes_y_aventuras,ilustracion_plana_color,199,241,mujer guerrera torso espada,vecteezy,Valeria14022001,0eeb7c9454b8775b00766164802db37f6dc3c6a4
Valeria14022001_img_0858,img_0858.png,heroes_y_aventuras,ilustracion_plana_color,215,277,mujer guerrerra espada piedra viento,vecteezy,Valeria14022001,bf09e32980f2d3cb429095ac85839ce1c5af9797
Valeria14022001_img_0859,img_0859.png,heroes_y_aventuras,ilustracion_plana_color,244,245,mujer negra color bonita perfil,vecteezy,Valeria14022001,45d4669ca37745ed0f283e6a3f4fad0cc2d3c322
Valeria14022001_img_0860,img_0860.png,heroes_y_aventuras,ilustracion_plana_color,173,310,mujer pirata,vecteezy,Valeria14022001,cc9b6343ccba79641482499fab62d6d6a0c3161e
Valeria14022001_img_0861,img_0861.png,heroes_y_aventuras,ilustracion_plana_color,147,234,mujer rusa nina vestido,vecteezy,Valeria14022001,0ae138ac22ad69fdac11b1c4cb0f4f743cb2eb68
Valeria14022001_img_0862,img_0862.png,heroes_y_aventuras,ilustracion_plana_color,217,279,mujer valiente,vecteezy,Valeria14022001,7723be5e6071ae1a590d7ce28e6baab3ddf7f16a
Valeria14022001_img_0863,img_0863.png,heroes_y_aventuras,ilustracion_plana_color,240,233,mundo planeta,vecteezy,Valeria14022001,8c8fb6189749467837bc8cfb6c7569b47d908bca
Valeria14022001_img_0864,img_0864.png,heroes_y_aventuras,ilustracion_plana_color,311,240,nariz pinocho mentira,vecteezy,Valeria14022001,831db8ba4d038cd6dbf771c7feb8b41be34d7425
Valeria14022001_img_0865,img_0865.png,heroes_y_aventuras,ilustracion_plana_color,465,307,niebla densa,vecteezy,Valeria14022001,2d8996abeb491ef03cb537be9d64f8377cb8d1c8
Valeria14022001_img_0866,img_0866.png,heroes_y_aventuras,ilustracion_plana_color,394,231,niebla leve oscuridad,vecteezy,Valeria14022001,e6aed916e2942cd8c402e583caa0b6e5ed364e4d
Valeria14022001_img_0867,img_0867.png,heroes_y_aventuras,ilustracion_plana_color,544,232,niebla oscuridad,vecteezy,Valeria14022001,847b46a5917c4f5b8b1b4a042abd0df16a1d42c9
Valeria14022001_img_0868,img_0868.png,heroes_y_aventuras,ilustracion_plana_color,187,215,nina barbara salvaje,vecteezy,Valeria14022001,4094c88e064e809ec958dc2b2919e4cde5cc16e3
Valeria14022001_img_0869,img_0869.png,heroes_y_aventuras,ilustracion_plana_color,172,312,nina pequena feliz vestido rojo,vecteezy,Valeria14022001,1ab54eac5054a35fc6b639005372f6399c0458ac
Valeria14022001_img_0870,img_0870.png,heroes_y_aventuras,ilustracion_plana_color,223,255,nina valiente sonriente canasta,vecteezy,Valeria14022001,66234e43bd4561592af7b613e62bc5e2816eb035
Valeria14022001_img_0871,img_0871.png,heroes_y_aventuras,ilustracion_plana_color,449,322,ninos jugando atardecer lag,vecteezy,Valeria14022001,4d87d0e39c42b76607ad85608723ba8c3920c75b
Valeria14022001_img_0872,img_0872.png,heroes_y_aventuras,ilustracion_plana_color,242,305,noche luna llena mar,vecteezy,Valeria14022001,922d26a63770107cce4387b76e873230b5954fbe
Valeria14022001_img_0873,img_0873.png,heroes_y_aventuras,ilustracion_plana_color,461,249,oasis agua gente animales palmeras,vecteezy,Valeria14022001,1f9cd95b3b2f113fa825fc1dec0b754c657cd9e3
Valeria14022001_img_0874,img_0874.png,heroes_y_aventuras,ilustracion_plana_color,387,199,oasis noche,vecteezy,Valeria14022001,5b166881142c35cac8201930b20588816c5c0f79
Valeria14022001_img_0875,img_0875.png,heroes_y_aventuras,ilustracion_plana_color,460,304,oceano peces fondo,vecteezy,Valeria14022001,e91204da91280bbbf3a5ba7923d1ab493186f016
Valeria14022001_img_0876,img_0876.png,heroes_y_aventuras,ilustracion_plana_color,267,268,olas gigantes,vecteezy,Valeria14022001,2f7fcca7daae2d1ce07ec5164ea6383840f06955
Valeria14022001_img_0877,img_0877.png,heroes_y_aventuras,ilustracion_plana_color,516,276,onda luz expansiva,vecteezy,Valeria14022001,0508e78ae232a55970d0378e2e11c40ff002ed8e
Valeria14022001_img_0878,img_0878.png,heroes_y_aventuras,ilustracion_plana_color,566,298,palacio arabe,vecteezy,Valeria14022001,b4d0a95c1d218e2ff299d5971afc2ba8ded8df4a
Valeria14022001_img_0879,img_0879.png,heroes_y_aventuras,ilustracion_plana_color,289,294,palacio arabe noche,vecteezy,Valeria14022001,2b608639982f75283b8c621e2d602c429dc88ae6
Valeria14022001_img_0880,img_0880.png,heroes_y_aventuras,ilustracion_plana_color,438,300,palacio arabia,vecteezy,Valeria14022001,c8b458f4469150f405585a2cd10c75063d6a5f86
Valeria14022001_img_0881,img_0881.png,heroes_y_aventuras,ilustracion_plana_color,258,243,palacio chino,vecteezy,Valeria14022001,90e35126c987dcba6020263e46ced553503fbad7
Valeria14022001_img_0882,img_0882.png,heroes_y_aventuras,ilustracion_plana_color,451,288,palacio desierto atardecer,vecteezy,Valeria14022001,a2bb6fcbd916493751f1524d4fabec9040a57110
Valeria14022001_img_0883,img_0883.png,heroes_y_aventuras,ilustracion_plana_color,309,330,palacio ruso realeza,vecteezy,Valeria14022001,dab72f411460898ebc6bd8d8438a571d222d40a8
Valeria14022001_img_0884,img_0884.png,heroes_y_aventuras,ilustracion_plana_color,361,249,pantano apestoso aventura terror,vecteezy,Valeria14022001,0975a22111d9fb5ba41988c25e00627e710b4dff
Valeria14022001_img_0885,img_0885.png,heroes_y_aventuras,ilustracion_plana_color,154,189,pareja rusa hombre mujer,vecteezy,Valeria14022001,3e8d48035bef6137c6223ad37091ef87b0194c29
Valeria14022001_img_0886,img_0886.png,heroes_y_aventuras,ilustracion_plana_color,234,228,persona gorgona medusa perfil,vecteezy,Valeria14022001,4981419b2f0a558094571046869ef7d11861b450
Valeria14022001_img_0887,img_0887.png,heroes_y_aventuras,ilustracion_plana_color,202,331,personaje arquero guerrero,vecteezy,Valeria14022001,1f63baccad8a03c4ef7dd9b17d2496df1f90938b
Valeria14022001_img_0888,img_0888.png,heroes_y_aventuras,ilustracion_plana_color,209,383,personaje arquero robin hood,vecteezy,Valeria14022001,319731822d7167c464ea0f662d13e2fe166e2d85
Valeria14022001_img_0889,img_0889.png,heroes_y_aventuras,ilustracion_plana_color,374,238,personaje arqueros bosque,vecteezy,Valeria14022001,ca6845c96022440abaec45b816cd0ef3eb1ce20a
Valeria14022001_img_0890,img_0890.png,heroes_y_aventuras,ilustracion_plana_color,221,296,personaje asesino,vecteezy,Valeria14022001,29ee62d4395b2f242fe1b7c35bd4a4dd5c4095c3
Valeria14022001_img_0891,img_0891.png,heroes_y_aventuras,ilustracion_plana_color,340,321,personaje asesino arquero,vecteezy,Valeria14022001,6d3617d538386612719e37b60b230b6ccbf63495
Valeria14022001_img_0892,img_0892.png,heroes_y_aventuras,ilustracion_plana_color,228,336,personaje asesino dagas,vecteezy,Valeria14022001,9563a9c75d9369ade459ef72c7fba5160ebda49b
Valeria14022001_img_0893,img_0893.png,heroes_y_aventuras,ilustracion_plana_color,263,274,personaje asesino noche,vecteezy,Valeria14022001,7de1324e57f923337fc4df53775d2b364f383684
Valeria14022001_img_0894,img_0894.png,heroes_y_aventuras,ilustracion_plana_color,177,337,personaje astronauta blanco,vecteezy,Valeria14022001,ca2540684e90d6b5e563c096254fea2e29c48b01
Valeria14022001_img_0895,img_0895.png,heroes_y_aventuras,ilustracion_plana_color,339,228,personaje ballena monstruo,vecteezy,Valeria14022001,f496011882f62eef20ef094f46969f50a0cdd465
Valeria14022001_img_0896,img_0896.png,heroes_y_aventuras,ilustracion_plana_color,228,234,personaje barbaro hacha furioso,vecteezy,Valeria14022001,4d1314a4bcd1057b87b0709b096352413ab4a418
Valeria14022001_img_0897,img_0897.png,heroes_y_aventuras,ilustracion_plana_color,215,343,personaje bruja,vecteezy,Valeria14022001,75a9651e02397cceaf3b304f0090d255afcbb3c3
Valeria14022001_img_0898,img_0898.png,heroes_y_aventuras,ilustracion_plana_color,235,234,personaje capitan barco,vecteezy,Valeria14022001,7ae14e8312615bb84ffe9651cb9880d5faa93476
Valeria14022001_img_0899,img_0899.png,heroes_y_aventuras,ilustracion_plana_color,289,288,personaje cara ciclope,vecteezy,Valeria14022001,cf6b4ef3c15c62b221be58b0f8fe6b473eaeef49
Valeria14022001_img_0900,img_0900.png,heroes_y_aventuras,ilustracion_plana_color,272,270,personaje cazador tesoro cueva,vecteezy,Valeria14022001,fdb69fa25613b8d3741ca5e244d3ed3ea15a19be
Valeria14022001_img_0901,img_0901.png,heroes_y_aventuras,ilustracion_plana_color,183,282,personaje ciclope arma ataque,vecteezy,Valeria14022001,fe6ac4ff274d909ad886b1e7f33c5793840d9752
Valeria14022001_img_0902,img_0902.png,heroes_y_aventuras,ilustracion_plana_color,327,304,personaje ciclope arma contorno,vecteezy,Valeria14022001,a7943b4e08aedd65218cd25136a8c6b05c89c9c8
Valeria14022001_img_0903,img_0903.png,heroes_y_aventuras,ilustracion_plana_color,214,275,personaje ciclope silueta,vecteezy,Valeria14022001,976ab43f56d952253d89c9f20646d043d5f62cf7
Valeria14022001_img_0904,img_0904.png,heroes_y_aventuras,ilustracion_plana_color,314,225,personaje druida bosque baston,vecteezy,Valeria14022001,24162da5782a857538d9c4bb3839765dcc8ae57b
Valeria14022001_img_0905,img_0905.png,heroes_y_aventuras,ilustracion_plana_color,320,315,personaje druida mistico naturaleza,vecteezy,Valeria14022001,19c3319c56dca3bbd3c85f7d33daeeeebf05d45d
Valeria14022001_img_0906,img_0906.png,heroes_y_aventuras,ilustracion_plana_color,307,334,personaje duende guantes gorro hombre,vecteezy,Valeria14022001,a38f17c256c3b30efb00cd190dff34c13a600dbc
Valeria14022001_img_0907,img_0907.png,heroes_y_aventuras,ilustracion_plana_color,321,288,personaje duende magico clasico hombre,vecteezy,Valeria14022001,a7c1a7f0501f8b7e4c7e75a60c4c73070a5f7115
Valeria14022001_img_0908,img_0908.png,heroes_y_aventuras,ilustracion_plana_color,239,280,personaje duende navidad feliz hombre,vecteezy,Valeria14022001,88e7ad718fcadad570997fc329d63e1cdd6d173a
Valeria14022001_img_0909,img_0909.png,heroes_y_aventuras,ilustracion_plana_color,248,280,personaje elfa mujer sentada,vecteezy,Valeria14022001,ae32414e087ec86e537fa7ff8cac53914ee92877
Valeria14022001_img_0910,img_0910.png,heroes_y_aventuras,ilustracion_plana_color,214,349,personaje elfa mujer sentada durmiendo,vecteezy,Valeria14022001,d970151891a38199081a5771ab564ce3cea840d0
Valeria14022001_img_0911,img_0911.png,heroes_y_aventuras,ilustracion_plana_color,160,300,personaje elfo hombre alto,vecteezy,Valeria14022001,155e780f90c9aa8ed9bee4ad4122651bd1e8bc86
Valeria14022001_img_0912,img_0912.png,heroes_y_aventuras,ilustracion_plana_color,284,332,personaje enano guerrero hombre hacha,vecteezy,Valeria14022001,6fb8ac7ca5805162b6f11db6cc6824e1c005a566
Valeria14022001_img_0913,img_0913.png,heroes_y_aventuras,ilustracion_plana_color,204,276,personaje enano guerrero hombre rostro,vecteezy,Valeria14022001,931eabe91fec76e3abcfcf660163ba8b59d8d48d
Valeria14022001_img_0914,img_0914.png,heroes_y_aventuras,ilustracion_plana_color,203,294,personaje enano hombre pico,vecteezy,Valeria14022001,cb5a64f10f7ef0981ea4f09a703ee5d411d351f1
Valeria14022001_img_0915,img_0915.png,heroes_y_aventuras,ilustracion_plana_color,207,268,personaje esfinge,vecteezy,Valeria14022001,57ea45a2f9c0cab932a7f32704c843931a47ae4b
Valeria14022001_img_0916,img_0916.png,heroes_y_aventuras,ilustracion_plana_color,258,261,personaje explorador espacio,vecteezy,Valeria14022001,2dbece76e93cd4e70fa0ac180af527beb597eddd
Valeria14022001_img_0917,img_0917.png,heroes_y_aventuras,ilustracion_plana_color,329,242,personaje explorador espacio luna,vecteezy,Valeria14022001,588392421a4175321a122acf4fd9f571ed027344
Valeria14022001_img_0918,img_0918.png,heroes_y_aventuras,ilustracion_plana_color,337,336,personaje explorador mirando selva,vecteezy,Valeria14022001,b81c002c262fa7ca1d12be9f8a3a1081796bccd7
Valeria14022001_img_0919,img_0919.png,heroes_y_aventuras,ilustracion_plana_color,291,303,personaje explorador piramides,vecteezy,Valeria14022001,d620cdeb313d877d13293d227ba944fd47c41f53
Valeria14022001_img_0920,img_0920.png,heroes_y_aventuras,ilustracion_plana_color,237,335,personaje explorador selva,vecteezy,Valeria14022001,67a87a63391289b860301eade4e5654aa76402ad
Valeria14022001_img_0921,img_0921.png,heroes_y_aventuras,ilustracion_plana_color,312,311,personaje gigante arma perfil,vecteezy,Valeria14022001,3bc1a11f9795dc98a8c795e305c5d9b6dbed825c
Valeria14022001_img_0922,img_0922.png,heroes_y_aventuras,ilustracion_plana_color,257,335,personaje gnomo lampara hombre,vecteezy,Valeria14022001,4ab92b74af45beabd46e05e4effc01c54c52c3ff
Valeria14022001_img_0923,img_0923.png,heroes_y_aventuras,ilustracion_plana_color,205,253,personaje gnomo regando flores jardin,vecteezy,Valeria14022001,ee855d15f03ebf2e95ad604c73584d753bff3674
Valeria14022001_img_0924,img_0924.png,heroes_y_aventuras,ilustracion_plana_color,257,328,personaje gnomospersonaje hombres campo,vecteezy,Valeria14022001,a2b0a5e3db8d3d3590e76a2179d0e4dd24255361
Valeria14022001_img_0925,img_0925.png,heroes_y_aventuras,ilustracion_plana_color,341,355,personaje gorgona medusa,vecteezy,Valeria14022001,112589323776afacc9102f403b8ad5a1bd46cbe0
Valeria14022001_img_0926,img_0926.png,heroes_y_aventuras,ilustracion_plana_color,210,262,personaje guerrero asiatico,vecteezy,Valeria14022001,ae7532f9e3dbaac1694bc80b49603fa23412aace
Valeria14022001_img_0927,img_0927.png,heroes_y_aventuras,ilustracion_plana_color,205,215,personaje guerrero barbaro,vecteezy,Valeria14022001,155b13dec6de5343b8b58dd3a3930c731245948f
Valeria14022001_img_0928,img_0928.png,heroes_y_aventuras,ilustracion_plana_color,258,291,personaje guerrero enorme escudo lanza,vecteezy,Valeria14022001,500a3a65b231d2b206d12dd2c83b7751531f7bd5
Valeria14022001_img_0929,img_0929.png,heroes_y_aventuras,ilustracion_plana_color,176,309,personaje hechicera,vecteezy,Valeria14022001,8f82a8dd2093a1a252f2498214d1eaad9f305418
Valeria14022001_img_0930,img_0930.png,heroes_y_aventuras,ilustracion_plana_color,255,286,personaje hechicero,vecteezy,Valeria14022001,4549bab446946adbc7ff4c69c7295cadebcc5bc2
Valeria14022001_img_0931,img_0931.png,heroes_y_aventuras,ilustracion_plana_color,384,353,personaje hechicero baston bolacristal,vecteezy,Valeria14022001,c75569140059dd17c69ed00119dc360682f9326e
Valeria14022001_img_0932,img_0932.png,heroes_y_aventuras,ilustracion_plana_color,325,335,personaje hechicero malvado,vecteezy,Valeria14022001,0dc996d3e22b1e943d02dc091ded125f74e8515f
Valeria14022001_img_0933,img_0933.png,heroes_y_aventuras,ilustracion_plana_color,164,274,personaje heroina doctora,vecteezy,Valeria14022001,2340d862c17eba8a62edcfc73d79b39ad0a8f129
Valeria14022001_img_0934,img_0934.png,heroes_y_aventuras,ilustracion_plana_color,202,295,personaje hombre arquero guerrero,vecteezy,Valeria14022001,754ceb06f46dd7cfe643459691286230fd5cc1a0
Valeria14022001_img_0935,img_0935.png,heroes_y_aventuras,ilustracion_plana_color,339,230,personaje kraken,vecteezy,Valeria14022001,81c9dcffb89bd75c5733e4335d3f2a0fae39ae63
Valeria14022001_img_0936,img_0936.png,heroes_y_aventuras,ilustracion_plana_color,216,271,personaje ladron escape victoria,vecteezy,Valeria14022001,c46c37ec2f020de7255bfa3deabb5d8b29153bf6
Valeria14022001_img_0937,img_0937.png,heroes_y_aventuras,ilustracion_plana_color,257,267,personaje ladron sagaz ingenioso,vecteezy,Valeria14022001,f743f07a59f2376429e0c815aaec6f9146de7416
Valeria14022001_img_0938,img_0938.png,heroes_y_aventuras,ilustracion_plana_color,258,313,personaje maga,vecteezy,Valeria14022001,edb28d6236e2c725d2e6c7efa189f25f6f56a49d
Valeria14022001_img_0939,img_0939.png,heroes_y_aventuras,ilustracion_plana_color,231,272,personaje mago,vecteezy,Valeria14022001,d7c3d1c0f3ef25f2736adba5c75e5d1125533ae9
Valeria14022001_img_0940,img_0940.png,heroes_y_aventuras,ilustracion_plana_color,243,210,personaje marinero capitan,vecteezy,Valeria14022001,4ba8160d4f8d66ec2d8eaccf418619e1c68604f3
Valeria14022001_img_0941,img_0941.png,heroes_y_aventuras,ilustracion_plana_color,232,206,personaje marineros tripulacion,vecteezy,Valeria14022001,8edc9ed286760317fd256e43f7ad06635dc7aa03
Valeria14022001_img_0942,img_0942.png,heroes_y_aventuras,ilustracion_plana_color,256,352,personaje minotaruo hacha,vecteezy,Valeria14022001,7abad32dd98bdf077c27f3bbdb6d1df4131bdd2e
Valeria14022001_img_0943,img_0943.png,heroes_y_aventuras,ilustracion_plana_color,180,279,personaje minotauro parado,vecteezy,Valeria14022001,86d353fc5ec27ea922e83cf120d56d8d914e59b2
Valeria14022001_img_0944,img_0944.png,heroes_y_aventuras,ilustracion_plana_color,260,246,personaje moje meditar,vecteezy,Valeria14022001,0855fd81754ebcda51f48db8eedf05b1deeb3558
Valeria14022001_img_0945,img_0945.png,heroes_y_aventuras,ilustracion_plana_color,203,231,personaje monje,vecteezy,Valeria14022001,9a780b9ea461af98489bac7b58cf163f8decea61
Valeria14022001_img_0946,img_0946.png,heroes_y_aventuras,ilustracion_plana_color,281,221,personaje monje guerrero,vecteezy,Valeria14022001,4df8feb04aeae0a15cfd0a59a78589604f06091d
Valeria14022001_img_0947,img_0947.png,heroes_y_aventuras,ilustracion_plana_color,338,298,personaje mujer barbara guerrera,vecteezy,Valeria14022001,ae21e7d077f316f3344b77dc532b3e502e9f1164
Valeria14022001_img_0948,img_0948.png,heroes_y_aventuras,ilustracion_plana_color,272,294,personaje mujer guerrera,vecteezy,Valeria14022001,3028cf8b1c9302e856a55e823f83878bb546199b
Valeria14022001_img_0949,img_0949.png,heroes_y_aventuras,ilustracion_plana_color,342,289,personaje mujer guerrera china,vecteezy,Valeria14022001,92a33fde7cc714d5465225235a5aa9cf933456ca
Valeria14022001_img_0950,img_0950.png,heroes_y_aventuras,ilustracion_plana_color,248,314,personaje mujer troyana hermosa,vecteezy,Valeria14022001,bcd9dcc35f0bb21c11d6c6fe414b623717c7032a
Valeria14022001_img_0951,img_0951.png,heroes_y_aventuras,ilustracion_plana_color,173,353,personaje mujer vikinga infantil,vecteezy,Valeria14022001,19a8d6471753ec181522e4c2a73ed87851294dc1
Valeria14022001_img_0952,img_0952.png,heroes_y_aventuras,ilustracion_plana_color,246,385,personaje principe,vecteezy,Valeria14022001,baee90be7fdf5fe8d8cd5e901c6fe2d38bc4d347
Valeria14022001_img_0953,img_0953.png,heroes_y_aventuras,ilustracion_plana_color,149,386,personaje principe recto noble,vecteezy,Valeria14022001,2c2d0755881df9eea1c9b49ef31133bc48b5a029
Valeria14022001_img_0954,img_0954.png,heroes_y_aventuras,ilustracion_plana_color,187,314,personaje reina amable,vecteezy,Valeria14022001,53132a217fcde017c92a00c78a8f6cfa96667a41
Valeria14022001_img_0955,img_0955.png,heroes_y_aventuras,ilustracion_plana_color,253,253,personaje reina madre,vecteezy,Valeria14022001,c10a157bd9609904233f990b7e664c93aff229c8
Valeria14022001_img_0956,img_0956.png,heroes_y_aventuras,ilustracion_plana_color,133,218,personaje reina malvad enojada,vecteezy,Valeria14022001,700a552be914791e62b281c453f16adb531f88ae
Valeria14022001_img_0957,img_0957.png,heroes_y_aventuras,ilustracion_plana_color,199,352,personaje rey arrogante,vecteezy,Valeria14022001,efdfff8145c2159634298d2691af54be2bb9b824
Valeria14022001_img_0958,img_0958.png,heroes_y_aventuras,ilustracion_plana_color,270,326,personaje rey saludano bueno,vecteezy,Valeria14022001,b9fa7ac6749bb615720cc760d33b8a24b2af3f32
Valeria14022001_img_0959,img_0959.png,heroes_y_aventuras,ilustracion_plana_color,196,194,personaje robot rojo blanco,vecteezy,Valeria14022001,233e60d474f1a175b61b81be1a073e8d890e11f5
Valeria14022001_img_0960,img_0960.png,heroes_y_aventuras,ilustracion_plana_color,258,261,personaje sabio concentrado levitando,vecteezy,Valeria14022001,350a9d9566aaad9777b17bdd1aad40d50c0a5fc8
Valeria14022001_img_0961,img_0961.png,heroes_y_aventuras,ilustracion_plana_color,204,248,personaje sirena espalda bella,vecteezy,Valeria14022001,9564241fd1418e35866c6b50e3fe734012eef58e
Valeria14022001_img_0962,img_0962.png,heroes_y_aventuras,ilustracion_plana_color,473,329,personaje sirena fondo marino peces,vecteezy,Valeria14022001,4285043b055ced349006c2e54d5a7e7c4df4df63
Valeria14022001_img_0963,img_0963.png,heroes_y_aventuras,ilustracion_plana_color,226,266,personaje sirena sentada roca,vecteezy,Valeria14022001,2a887dd8399b7a097e9635b85978fcd20e54e93a
Valeria14022001_img_0964,img_0964.png,heroes_y_aventuras,ilustracion_plana_color,322,322,personaje sirena sentada roca mar,vecteezy,Valeria14022001,560ad7b903a432b2e3c68e0442231d170fac210a
Valeria14022001_img_0965,img_0965.png,heroes_y_aventuras,ilustracion_plana_color,323,268,personaje soldado batalla,vecteezy,Valeria14022001,0731c1119f1a6083b7198ac9df01809e96551f09
Valeria14022001_img_0966,img_0966.png,heroes_y_aventuras,ilustracion_plana_color,254,277,personaje soldados saludando,vecteezy,Valeria14022001,8ef2cde711d5605264b53cf78525c4f8a3a9218c
Valeria14022001_img_0967,img_0967.png,heroes_y_aventuras,ilustracion_plana_color,337,305,personaje vaquero caballo atardecer cabalgando,vecteezy,Valeria14022001,19a554a929227c125ce9f5ea1061dc2c0de41072
Valeria14022001_img_0968,img_0968.png,heroes_y_aventuras,ilustracion_plana_color,298,247,personaje vaquero pistola,vecteezy,Valeria14022001,656efb20b11ee7e0dcca98d1c368be62e63a7e28
Valeria14022001_img_0969,img_0969.png,heroes_y_aventuras,ilustracion_plana_color,308,315,personje sabio hablando,vecteezy,Valeria14022001,f52ee33a07957e7f1c3c9b3d1a34eeef7b156ca6
Valeria14022001_img_0970,img_0970.png,heroes_y_aventuras,ilustracion_plana_color,248,300,pinocho,vecteezy,Valeria14022001,b603aa9738644b46dabbc6e0a59acfc4348823ac
Valeria14022001_img_0971,img_0971.png,heroes_y_aventuras,ilustracion_plana_color,208,160,pipa humo,vecteezy,Valeria14022001,78244d3f91622431705a52d59f7af165c423290c
Valeria14022001_img_0972,img_0972.png,heroes_y_aventuras,ilustracion_plana_color,303,275,piraratas isla tesoro,vecteezy,Valeria14022001,1224521d9eaf7a2c67d782721cf418eff24ff1c0
Valeria14022001_img_0973,img_0973.png,heroes_y_aventuras,ilustracion_plana_color,470,355,pirata en guardia loro espada pata palo,vecteezy,Valeria14022001,9e5cda1a028e4510d774afe09a87dd371222c3d0
Valeria14022001_img_0974,img_0974.png,heroes_y_aventuras,ilustracion_plana_color,249,341,pirata espada atacando,vecteezy,Valeria14022001,3ebb986e4da40b4a2afc33f0366983c04234be34
Valeria14022001_img_0975,img_0975.png,heroes_y_aventuras,ilustracion_plana_color,251,322,pirata espada sombrero peleando,vecteezy,Valeria14022001,a3fb27b0febedc33a073e3b914cf4a7af44df8a4
Valeria14022001_img_0976,img_0976.png,heroes_y_aventuras,ilustracion_plana_color,218,364,pirata garfio pata palo,vecteezy,Valeria14022001,8838ad20ddec21e100295827261a97889df51303
Valeria14022001_img_0977,img_0977.png,heroes_y_aventuras,ilustracion_plana_color,251,348,pirata malayo espada,vecteezy,Valeria14022001,842f9040d47be83228fc871ce7834483b806b98a
Valeria14022001_img_0978,img_0978.png,heroes_y_aventuras,ilustracion_plana_color,170,243,pista hombre investigacion,vecteezy,Valeria14022001,15ee20cc3ba3a7e28ad62517d27facc7431c687b
Valeria14022001_img_0979,img_0979.png,heroes_y_aventuras,ilustracion_plana_color,470,293,playa arena agua,vecteezy,Valeria14022001,e0fa3d5168849828fad03d6ae892839059d332a5
Valeria14022001_img_0980,img_0980.png,heroes_y_aventuras,ilustracion_plana_color,493,294,playa atardecer,vecteezy,Valeria14022001,948d66d802adbdae375eed56aa5f1c6398c8befb
Valeria14022001_img_0981,img_0981.png,heroes_y_aventuras,ilustracion_plana_color,289,206,playa desertica palmeras,vecteezy,Valeria14022001,fde6e40d503efa33a6b84da23adb1e5ba1796196
Valeria14022001_img_0982,img_0982.png,heroes_y_aventuras,ilustracion_plana_color,170,233,pocion para ser chiquito,vecteezy,Valeria14022001,41d57ee9f25dfc564ec8e00f9f9b2dc76c44463b
Valeria14022001_img_0983,img_0983.png,heroes_y_aventuras,ilustracion_plana_color,228,246,rayo choque suelo,vecteezy,Valeria14022001,a5b48b37e2d40d53743f90b8b3eca607cb6d29cd
Valeria14022001_img_0984,img_0984.png,heroes_y_aventuras,ilustracion_plana_color,241,260,rayo choque suelo astillas,vecteezy,Valeria14022001,508b1f55e555844c3ea837cca1ce07f824d05c3e
Valeria14022001_img_0985,img_0985.png,heroes_y_aventuras,ilustracion_plana_color,429,294,rayo largo parte pared,vecteezy,Valeria14022001,666147dcd1dba852b133be87f15562a497534521
Valeria14022001_img_0986,img_0986.png,heroes_y_aventuras,ilustracion_plana_color,447,324,rayo laser futurista,vecteezy,Valeria14022001,33e56548c96e48d2a7c24ad03bebaf8f6ad59d86
Valeria14022001_img_0987,img_0987.png,heroes_y_aventuras,ilustracion_plana_color,603,248,rayo laser morado,vecteezy,Valeria14022001,877a37bd92853000fc88b3103637c90ecf0e79b9
Valeria14022001_img_0988,img_0988.png,heroes_y_aventuras,ilustracion_plana_color,307,251,rayo laser rojo,vecteezy,Valeria14022001,aed46c659116ee8c0c2a950e7de5fe6c935fd2ac
Valeria14022001_img_0989,img_0989.png,heroes_y_aventuras,ilustracion_plana_color,370,276,recusitacion cardio pulmonar,vecteezy,Valeria14022001,6c7e14b7e64676f274d623194c2c0d595f96a773
Valeria14022001_img_0990,img_0990.png,heroes_y_aventuras,ilustracion_plana_color,234,237,reina calmada bonita,vecteezy,Valeria14022001,cca0d9a46ebcda740174903bd2f65d8ed347b063
Valeria14022001_img_0991,img_0991.png,heroes_y_aventuras,ilustracion_plana_color,326,397,reina villana cruel,vecteezy,Valeria14022001,949ad3b916009b60d91533c29570134a88d540e6
Valeria14022001_img_0992,img_0992.png,heroes_y_aventuras,ilustracion_plana_color,227,312,rey arrogante corona,vecteezy,Valeria14022001,71116e38f8c9c915210ee89b2103736cb16f01c7
Valeria14022001_img_0993,img_0993.png,heroes_y_aventuras,ilustracion_plana_color,226,233,rey leon valiente,vecteezy,Valeria14022001,dab629fb33f30f0c0ff8a78b1e680a2fe828533b
Valeria14022001_img_0994,img_0994.png,heroes_y_aventuras,ilustracion_plana_color,195,288,rey raton malvado,vecteezy,Valeria14022001,8a05a809521cdb2f814b09fcd85cc729d53b4d15
Valeria14022001_img_0995,img_0995.png,heroes_y_aventuras,ilustracion_plana_color,429,241,rio atardecer,vecteezy,Valeria14022001,6fa771e08a8aff65276e86858c092fd9a89c69e6
Valeria14022001_img_0996,img_0996.png,heroes_y_aventuras,ilustracion_plana_color,451,220,rio cielo sol,vecteezy,Valeria14022001,80fd6cabd4a68a69663346f950efcd3c89dd1936
Valeria14022001_img_0997,img_0997.png,heroes_y_aventuras,ilustracion_plana_color,336,300,rio montanas,vecteezy,Valeria14022001,fdec943a429ea979d4d617fdd234c5027d71f5e0
Valeria14022001_img_0998,img_0998.png,heroes_y_aventuras,ilustracion_plana_color,160,253,robin hood ladron heroe,vecteezy,Valeria14022001,6c9a91348dfc9c4291b08d95dcbca8373582bb19
Valeria14022001_img_0999,img_0999.png,heroes_y_aventuras,ilustracion_plana_color,236,284,robot ai listo encendido,vecteezy,Valeria14022001,fb7041e4e6db350c5558d02fda25bbc100b1fb43
Valeria14022001_img_1000,img_1000.png,heroes_y_aventuras,ilustracion_plana_color,202,324,robot feliz corriendo,vecteezy,Valeria14022001,d3525d1eaa80b0b2fb446cc2066d463fe14d7bbf
Valeria14022001_img_1001,img_1001.png,heroes_y_aventuras,ilustracion_plana_color,193,191,robot r feliz listo encendido,vecteezy,Valeria14022001,c8a147480f720cb74e1e178eb368c8de48d5d72a
Valeria14022001_img_1002,img_1002.png,heroes_y_aventuras,ilustracion_plana_color,479,316,sabana africana atardecer,vecteezy,Valeria14022001,72df4b06c175bf47f5c4841bb6f2251eb41bc828
Valeria14022001_img_1003,img_1003.png,heroes_y_aventuras,ilustracion_plana_color,267,275,santa claus,vecteezy,Valeria14022001,5136cf83853f407c1dc6ea720c0f0fed49ee7ba6
Valeria14022001_img_1004,img_1004.png,heroes_y_aventuras,ilustracion_plana_color,237,244,santa claus bolsa,vecteezy,Valeria14022001,faf99e3a761b97a975cbe60efb352403aaa87816
Valeria14022001_img_1005,img_1005.png,heroes_y_aventuras,ilustracion_plana_color,446,266,selva arboles lianas,vecteezy,Valeria14022001,bbd4b3b50365a6c86a75b918971d0f8059963ba5
Valeria14022001_img_1006,img_1006.png,heroes_y_aventuras,ilustracion_plana_color,462,333,selva cielo lianas,vecteezy,Valeria14022001,23e881a3caa4326221724a8b1ac2b7c386c8e59c
Valeria14022001_img_1007,img_1007.png,heroes_y_aventuras,ilustracion_plana_color,603,327,selva lianas arbustos,vecteezy,Valeria14022001,d67a2c453ba4f38e8d728b32f0e5de79f3950a36
Valeria14022001_img_1008,img_1008.png,heroes_y_aventuras,ilustracion_plana_color,258,305,serpiente,vecteezy,Valeria14022001,c61b16fd6d1bac8b5359559094db563be6aa23ed
Valeria14022001_img_1009,img_1009.png,heroes_y_aventuras,ilustracion_plana_color,575,260,serpiente arbol cazando,vecteezy,Valeria14022001,85927584016b8d14f0bbbbaa4d717b9e2aac5687
Valeria14022001_img_1010,img_1010.png,heroes_y_aventuras,ilustracion_plana_color,451,294,serpiente moviendose,vecteezy,Valeria14022001,3250ce59155e6bf40aaf9e3ee2a44e71e93216f4
Valeria14022001_img_1011,img_1011.png,heroes_y_aventuras,ilustracion_plana_color,242,242,sherlock investigando lupa,vecteezy,Valeria14022001,c2413d6c060f2920721a1d1d398de4f8fa6548d3
Valeria14022001_img_1012,img_1012.png,heroes_y_aventuras,ilustracion_plana_color,305,287,sol calor amarillo,vecteezy,Valeria14022001,91f95fceaa0a697fce1f8fbb482eb3b0b10f2a25
Valeria14022001_img_1013,img_1013.png,heroes_y_aventuras,ilustracion_plana_color,170,182,solo amarillo completo,vecteezy,Valeria14022001,5ca3ef35afcfdd4219afaaef6908ccf930da2e2e
Valeria14022001_img_1014,img_1014.png,heroes_y_aventuras,ilustracion_plana_color,222,249,solo amarillo completo infantil,vecteezy,Valeria14022001,339a6501a62cd240f5eb6489d5378cf3b144ea25
Valeria14022001_img_1015,img_1015.png,heroes_y_aventuras,ilustracion_plana_color,216,207,solo naranja completo,vecteezy,Valeria14022001,0c4edbdfd4e75c5ed2882d0656b127163a7553f3
Valeria14022001_img_1016,img_1016.png,heroes_y_aventuras,ilustracion_plana_color,332,262,submarino,vecteezy,Valeria14022001,82a02205ac5a4203ca5c1d0381bb6018c6b89b4e
Valeria14022001_img_1017,img_1017.png,heroes_y_aventuras,ilustracion_plana_color,327,169,submarino rojo,vecteezy,Valeria14022001,c157acd33aac172f30bcfe17f017087f61e3f0e3
Valeria14022001_img_1018,img_1018.png,heroes_y_aventuras,ilustracion_plana_color,229,187,submarino rojo mar fondo,vecteezy,Valeria14022001,f88fefcc3ff8ae81dc1126e1ed44647e9fe0b914
Valeria14022001_img_1019,img_1019.png,heroes_y_aventuras,ilustracion_plana_color,494,341,sultan alfombra magica,vecteezy,Valeria14022001,d569cb5e40e9ef666b12ed48daebefd32312c60c
Valeria14022001_img_1020,img_1020.png,heroes_y_aventuras,ilustracion_plana_color,386,259,tentaculos kraken,vecteezy,Valeria14022001,a999365a818d1ea00c5a0052f13c67b851236aa6
Valeria14022001_img_1021,img_1021.png,heroes_y_aventuras,ilustracion_plana_color,532,202,tesoro armas abundante,vecteezy,Valeria14022001,0f11e3efd2b446b271b0e8eeabae97e54db0e2a6
Valeria14022001_img_1022,img_1022.png,heroes_y_aventuras,ilustracion_plana_color,517,281,tesoro cueva playa barcos,vecteezy,Valeria14022001,1bf99b710ea537dd0cf6116903a066c16ffbafd7
Valeria14022001_img_1023,img_1023.png,heroes_y_aventuras,ilustracion_plana_color,247,255,tesoro llave,vecteezy,Valeria14022001,dfb0b40d9c9612c6ef11e9ff8a8d8144bd9d7309
Valeria14022001_img_1024,img_1024.png,heroes_y_aventuras,ilustracion_plana_color,553,267,tesoro maldicion,vecteezy,Valeria14022001,f8fc79adedab59fef702a3ad08652b5ef158d270
Valeria14022001_img_1025,img_1025.png,heroes_y_aventuras,ilustracion_plana_color,360,272,tormenta nubes rayos,vecteezy,Valeria14022001,9c2f60cd77911d6325e9b644efd0ad1e7cc4a1f2
Valeria14022001_img_1026,img_1026.png,heroes_y_aventuras,ilustracion_plana_color,424,192,tormenta pceano,vecteezy,Valeria14022001,9adb5114f9ddb3ab67fa09b85454257208a59489
Valeria14022001_img_1027,img_1027.png,heroes_y_aventuras,ilustracion_plana_color,288,290,tornado,vecteezy,Valeria14022001,7d2b18fde0f08e04127d956731f250220dbddde2
Valeria14022001_img_1028,img_1028.png,heroes_y_aventuras,ilustracion_plana_color,422,319,tortuga caminando,vecteezy,Valeria14022001,6b90d0aa55223a421af128bdfd8e91a16ad464e5
Valeria14022001_img_1029,img_1029.png,heroes_y_aventuras,ilustracion_plana_color,229,222,tortuga gigante rugiendo,vecteezy,Valeria14022001,86d1f795023c3104a298537a88ed1a544ecc0355
Valeria14022001_img_1030,img_1030.png,heroes_y_aventuras,ilustracion_plana_color,430,271,tortuga mirando grande,vecteezy,Valeria14022001,7aba23693b9e6a56bd8f57d724776da4bed476c0
Valeria14022001_img_1031,img_1031.png,heroes_y_aventuras,ilustracion_plana_color,475,343,tren vapor,vecteezy,Valeria14022001,b19f1d756dd9b886b67546d05f031448eccd0911
Valeria14022001_img_1032,img_1032.png,heroes_y_aventuras,ilustracion_plana_color,263,182,trineo perros silueta,vecteezy,Valeria14022001,766e7dd45cdfc13add22aa97b7927ebf6b9bb9ae
Valeria14022001_img_1033,img_1033.png,heroes_y_aventuras,ilustracion_plana_color,569,379,trineo solo,vecteezy,Valeria14022001,00c9849e82a232f2e9e4d2e4d33d4886b4a91b0e
Valeria14022001_img_1034,img_1034.png,heroes_y_aventuras,ilustracion_plana_color,233,244,vehiculo aerostatico barco globo,vecteezy,Valeria14022001,930bc48c2bdb2b98a8b93772bbef35b7ec7665d1
Valeria14022001_img_1035,img_1035.png,heroes_y_aventuras,ilustracion_plana_color,305,279,vehiculo balsa bandera agua,vecteezy,Valeria14022001,d1a02600b11ca9fe59a59d86e903e55a2d09ad5d
Valeria14022001_img_1036,img_1036.png,heroes_y_aventuras,ilustracion_plana_color,403,286,vehiculo balsa carpa provisiones,vecteezy,Valeria14022001,9d6179df42c23421ce12ae18c1ac28cf132f78d3
Valeria14022001_img_1037,img_1037.png,heroes_y_aventuras,ilustracion_plana_color,334,235,vehiculo balsa salvavidas,vecteezy,Valeria14022001,2e0debe65dccaead67925ebfd9fd9d97b5696616
Valeria14022001_img_1038,img_1038.png,heroes_y_aventuras,ilustracion_plana_color,208,215,vehiculo barco danado agujeros piratas,vecteezy,Valeria14022001,b41a3e766b8775861e8b96be3df6551f9a4ea7a8
Valeria14022001_img_1039,img_1039.png,heroes_y_aventuras,ilustracion_plana_color,482,251,vehiculo barco mediano,vecteezy,Valeria14022001,ef8c597c6c9ba678bc0f6df7181ed64cfafc317c
Valeria14022001_img_1040,img_1040.png,heroes_y_aventuras,ilustracion_plana_color,281,256,vehiculo barco pirata entero,vecteezy,Valeria14022001,8b8574bcad48378523b1b87fe5c354a81a395b34
Valeria14022001_img_1041,img_1041.png,heroes_y_aventuras,ilustracion_plana_color,267,254,vehiculo barco pirata fuego,vecteezy,Valeria14022001,a86740df687357219d28522b14dfd541fdf66359
Valeria14022001_img_1042,img_1042.png,heroes_y_aventuras,ilustracion_plana_color,217,234,vehiculo barco varado encallado,vecteezy,Valeria14022001,9b6a718bd99298da6864093bb1d527768dd3d0d9
Valeria14022001_img_1043,img_1043.png,heroes_y_aventuras,ilustracion_plana_color,308,255,vehiculo barco vikingo grande velas,vecteezy,Valeria14022001,222a38c6f6d39edc4bf90e7cb15dcd2fdb2ad007
Valeria14022001_img_1044,img_1044.png,heroes_y_aventuras,ilustracion_plana_color,469,188,vehiculo carreta antigua doble,vecteezy,Valeria14022001,1794ba7c7428841ce1d1c77e27640f707a4eafe1
Valeria14022001_img_1045,img_1045.png,heroes_y_aventuras,ilustracion_plana_color,360,246,vehiculo carreta antigua simple,vecteezy,Valeria14022001,a337751bd9f25013760afb2640d0b70b07490479
Valeria14022001_img_1046,img_1046.png,heroes_y_aventuras,ilustracion_plana_color,178,123,vehiculo carreta tapada antigua,vecteezy,Valeria14022001,d48a526d99e6adddbc8bda54ce68e30af830a014
Valeria14022001_img_1047,img_1047.png,heroes_y_aventuras,ilustracion_plana_color,432,310,vehiculo globo aerostatico atardecer,vecteezy,Valeria14022001,6edd534eb5e9c4ea81d3f8d145f890dac095dc1c
Valeria14022001_img_1048,img_1048.png,heroes_y_aventuras,ilustracion_plana_color,471,324,vehiculo globo aerostatico ciudad,vecteezy,Valeria14022001,c8f70f1ec8cd4f9703b9ef572eb4bc001f136a8c
Valeria14022001_img_1049,img_1049.png,heroes_y_aventuras,ilustracion_plana_color,218,309,vehiculo globo aerostatico silueta,vecteezy,Valeria14022001,43ce222fed179a19e940d4a0e32565215e93b396
Valeria14022001_img_1050,img_1050.png,heroes_y_aventuras,ilustracion_plana_color,452,315,vehiculo globo aerostatico simple,vecteezy,Valeria14022001,1cc9d83abe4773a4648e4b691c6451f85540a9d5
Valeria14022001_img_1051,img_1051.png,heroes_y_aventuras,ilustracion_plana_color,473,323,vehiculo globos aerostaticos campo,vecteezy,Valeria14022001,88136b3e8d09eec1078860780a864654575c1505
Valeria14022001_img_1052,img_1052.png,heroes_y_aventuras,ilustracion_plana_color,228,181,vehiculo submarino amarillo,vecteezy,Valeria14022001,70a5f28218f9c1cab5f8f3f4f749983e5e702f0c
Valeria14022001_img_1053,img_1053.png,heroes_y_aventuras,ilustracion_plana_color,326,240,vehiculo submarino silueta mar,vecteezy,Valeria14022001,3586ce22e1fe72de65959dd0bcdbd5e1e22ea909
Valeria14022001_img_1054,img_1054.png,heroes_y_aventuras,ilustracion_plana_color,360,162,vehiculo trasatlantico barco habitaciones,vecteezy,Valeria14022001,b85013127cdf4bd0f37c23c5723a4f49e0b64fc0
Valeria14022001_img_1055,img_1055.png,heroes_y_aventuras,ilustracion_plana_color,567,222,vehiculo tren silueta,vecteezy,Valeria14022001,c8e444e76e1fe6415c1a839e7170826b4177755d
Valeria14022001_img_1056,img_1056.png,heroes_y_aventuras,ilustracion_plana_color,512,278,vehiculo tren vapor,vecteezy,Valeria14022001,1cbe8d6916374800e0a8e46131c8402057627fd5
Valeria14022001_img_1057,img_1057.png,heroes_y_aventuras,ilustracion_plana_color,468,231,vehiculo tren vapor nevado color,vecteezy,Valeria14022001,4081f8b8094971538e75ed471d3078c146aa5a82
Valeria14022001_img_1058,img_1058.png,heroes_y_aventuras,ilustracion_plana_color,315,187,vehiculo tren vias,vecteezy,Valeria14022001,34fe621118e1e00359e7139ac109e96636c8cc6d
Valeria14022001_img_1059,img_1059.png,heroes_y_aventuras,ilustracion_plana_color,545,279,vehiculo trineo pequeno,vecteezy,Valeria14022001,4b1b5c4b13e6784d6f3952913de8a221c1cd8d8d
Valeria14022001_img_1060,img_1060.png,heroes_y_aventuras,ilustracion_plana_color,231,189,vehicuo baco antiguo grande,vecteezy,Valeria14022001,fc493d3c3b67b6e19be50bd75fc25696b750091b
Valeria14022001_img_1061,img_1061.png,heroes_y_aventuras,ilustracion_plana_color,279,280,vista espacial epica,vecteezy,Valeria14022001,a5f56debca12317201afe87788c99fc3b1c5aad5
Valeria14022001_img_1062,img_1062.png,heroes_y_aventuras,ilustracion_plana_color,290,333,vista globo aerostatico atardecer,vecteezy,Valeria14022001,aa5b701d0ba3811d266d882422d4e0fd2976ff3a
Valeria14022001_img_1063,img_1063.png,heroes_y_aventuras,ilustracion_plana_color,298,276,volcan bn,vecteezy,Valeria14022001,f0eeb6d5281aba7f3602319baf344ebdb370367f
Valeria14022001_img_1064,img_1064.png,heroes_y_aventuras,ilustracion_plana_color,395,345,volcan color,vecteezy,Valeria14022001,ba19a6fbb7b5ddc55c23e642bc4c761ecbfb4ad9
