id,archivo,tematica,estilo,ancho,alto,descripcion,fuente,recolector,hash_imagen
yaretzi_mexica_img_0001,img_001.jpeg,animales,ilustracion_plana_color,385,524,ilustracion estilo tierno donde se observa: rana,Pinterest,yaretzi_mexica,ce04a1d8d99a229b0eae91041f156e5d43caff81
yaretzi_mexica_img_0002,img_002.jpg,animales,ilustracion_plana_color,647,980,ilustracion estilo tierno donde se observa: perro,Pinterest,yaretzi_mexica,ed0fdc95afba9cda4851ec9a7685360d6bd741ba
yaretzi_mexica_img_0003,img_003.png,animales,ilustracion_plana_color,512,512,ilustracion estilo tierno donde se observa: panda,Flat Icon,yaretzi_mexica,7d190079c794f14636ff1eb3b47f9527ac65c4a4
yaretzi_mexica_img_0004,img_004.jpeg,animales,ilustracion_plana_color,240,240,ilustracion estilo tierno donde se observa: ratón,Pinterest,yaretzi_mexica,6d8eb252f32e61e86c2d80eb372479e92ea01c8e
yaretzi_mexica_img_0005,img_005.jpg,animales,ilustracion_plana_color,512,512,ilustracion estilo tierno donde se observa: oveja,Flat Icon,yaretzi_mexica,15d95657f813704f2b5bc9212be09079af70cb6e
yaretzi_mexica_img_0006,img_006.png,animales,ilustracion_plana_color,450,450,ilustracion estilo tierno donde se observa: oso,Pinterest,yaretzi_mexica,ce14686c284253723b9ba59602cd4834acb0a6c9
yaretzi_mexica_img_0007,img_007.jpg,animales,ilustracion_plana_color,1200,910,ilustracion estilo tierno donde se observa: rana,Pinterest,yaretzi_mexica,cbecfd34e2bea0fe4776afaa7bac9c8bde9fa56d
yaretzi_mexica_img_0008,img_008.png,animales,ilustracion_plana_color,800,2105,ilustracion estilo tierno donde se observa: cerdito,Openclipart,yaretzi_mexica,33f97dd8ff67a340ae04e65a1d125a5eef6c3353
yaretzi_mexica_img_0009,img_009.jpg,animales,ilustracion_plana_color,512,512,ilustracion estilo tierno donde se observa: pájaro,Flat Icon,yaretzi_mexica,8f67befc987ad2a6864456b829abdce8d39eb1f5
yaretzi_mexica_img_0010,img_010.png,animales,ilustracion_plana_color,512,512,ilustracion estilo tierno donde se observa: oveja,Flat Icon,yaretzi_mexica,d384ac702f1fad7fdee8b1417c14fff2247b8feb
yaretzi_mexica_img_0011,img_011.jpg,animales,ilustracion_plana_color,256,256,ilustracion estilo tierno donde se observa: pato,Flat Icon,yaretzi_mexica,9c4d93b5dfae5fc3ebaff0c301647c6a3fac6d0e
yaretzi_mexica_img_0012,img_012.png,animales,ilustracion_plana_color,800,828,ilustracion estilo tierno donde se observa: mono,Openclipart,yaretzi_mexica,2cadbdcc7b73c44e8ef78efce1c8a296fe804751
yaretzi_mexica_img_0013,img_013.jpg,animales,ilustracion_plana_color,951,980,ilustracion estilo tierno donde se observa: pájaro,Pinterest,yaretzi_mexica,6ddc1120433076e70bf7fcdb4a51a63865bb8269
yaretzi_mexica_img_0014,img_014.png,animales,ilustracion_plana_color,450,450,ilustracion estilo tierno donde se observa: león,Pinterest,yaretzi_mexica,bef8ec94b7b6b4d292471ae3c3b105d2cceb3d37
yaretzi_mexica_img_0015,img_015.jpg,animales,ilustracion_plana_color,256,256,ilustracion estilo tierno donde se observa: pájaro,Openclipart,yaretzi_mexica,7a054192d9e1f37ee936d077a2cc56fc9e2f5d2f
yaretzi_mexica_img_0016,img_016.png,animales,ilustracion_plana_color,800,869,ilustracion estilo tierno donde se observa: pájaro,Openclipart,yaretzi_mexica,684b0d0942851ccfd08490e3ca497a2a5969e891
yaretzi_mexica_img_0017,img_017.jpg,animales,ilustracion_plana_color,256,256,ilustracion estilo tierno donde se observa: pájaro,Openclipart,yaretzi_mexica,5559afff39611a86319c5e41a4ba00ddc2991528
yaretzi_mexica_img_0018,img_018.png,animales,ilustracion_plana_color,450,450,ilustracion estilo tierno donde se observa: pájaro,Pinterest,yaretzi_mexica,44bddbc3d8a25512d59e7bcf1036d989af328c1b
yaretzi_mexica_img_0019,img_019.jpg,animales,ilustracion_plana_color,512,512,ilustracion estilo tierno donde se observa: cerdito,Pinterest,yaretzi_mexica,b529cf343745cc178c605dfe4878f65bf0170134
yaretzi_mexica_img_0020,img_020.png,animales,ilustracion_plana_color,800,593,ilustracion estilo tierno donde se observa: conejo,Openclipart,yaretzi_mexica,7709502acf15a456201d20791da1f411a110d04f
yaretzi_mexica_img_0021,img_021.jpg,animales,ilustracion_plana_color,512,512,ilustracion estilo tierno donde se observa: cerdito,Openclipart,yaretzi_mexica,4a786899137e7b6f86ad39ecd48ec9eb6aa8e0a9
yaretzi_mexica_img_0022,img_022.png,animales,ilustracion_plana_color,512,512,ilustracion estilo tierno donde se observa: cerdito,Openclipart,yaretzi_mexica,34e1c957a42199fdf3e9844645bd10ed7d85cc45
yaretzi_mexica_img_0023,img_023.jpg,animales,ilustracion_plana_color,512,512,ilustracion estilo tierno donde se observa: cerdito,Openclipart,yaretzi_mexica,d51c23f1dbce47776164ebd0ffed6dbd5f4ce47a
yaretzi_mexica_img_0024,img_024.png,animales,ilustracion_plana_color,450,450,ilustracion estilo tierno donde se observa: conejo,Pinterest,yaretzi_mexica,1cc36911b835c155606e9c0b39284f721966e593
yaretzi_mexica_img_0025,img_025.jpg,animales,ilustracion_plana_color,302,394,ilustracion estilo tierno donde se observa: cerdito,Pinterest,yaretzi_mexica,732ab4b5c8e2c8f6acbcd20cf89f550b2a215f1e
yaretzi_mexica_img_0026,img_026.png,animales,ilustracion_plana_color,800,1082,ilustracion estilo tierno donde se observa: cerdito,Openclipart,yaretzi_mexica,fa36ffa38552f733df401904f5458836199b3d8d
yaretzi_mexica_img_0027,img_027.jpeg,animales,ilustracion_plana_color,228,228,ilustracion estilo tierno donde se observa: mono,Openclipart,yaretzi_mexica,29e85bc010be779187cfbebbfd131556d1ece6dc
yaretzi_mexica_img_0028,img_028.jpg,animales,ilustracion_plana_color,256,256,ilustracion estilo tierno donde se observa: oveja,Pinterest,yaretzi_mexica,97cf33991c410e3233aa02bed550b91f423331fa
yaretzi_mexica_img_0029,img_029.png,animales,ilustracion_plana_color,800,695,ilustracion estilo tierno donde se observa: rana,Openclipart,yaretzi_mexica,d643a270c2b6937c24410b5be7c61a2ed2344b69
yaretzi_mexica_img_0030,img_030.jpg,animales,ilustracion_plana_color,1199,835,ilustracion estilo tierno donde se observa: oveja,Openclipart,yaretzi_mexica,7b39dd196c4e0a35f5f37c0c0b7fc8a274d136b9
yaretzi_mexica_img_0031,img_031.png,animales,ilustracion_plana_color,512,512,ilustracion estilo tierno donde se observa: ratón,Openclipart,yaretzi_mexica,d83f96a7d9c5ba77efa3023f2187243732e258f7
yaretzi_mexica_img_0032,img_032.jpg,animales,ilustracion_plana_color,250,288,ilustracion estilo tierno donde se observa: pájaro,Openclipart,yaretzi_mexica,195b5ee8160ec442b2b865aa4939aa3faf68ebc6
yaretzi_mexica_img_0033,img_033.png,animales,ilustracion_plana_color,450,450,ilustracion estilo tierno donde se observa: ratón,Openclipart,yaretzi_mexica,f3951a60333edc5e0de10f5cbd7e039f916c0ff2
yaretzi_mexica_img_0034,img_034.jpg,animales,ilustracion_plana_color,256,256,ilustracion estilo tierno donde se observa: rana,Openclipart,yaretzi_mexica,71823a79ecc7817f73b6882df11b598c9acfb0b6
yaretzi_mexica_img_0035,img_035.png,animales,ilustracion_plana_color,800,1023,ilustracion estilo tierno donde se observa: pájaro,Openclipart,yaretzi_mexica,51aeb8c78176a1afdfb4bd83648e28bd44e8106b
yaretzi_mexica_img_0036,img_036.jpg,animales,ilustracion_plana_color,512,512,ilustracion estilo tierno donde se observa: pájaro,Openclipart,yaretzi_mexica,2145e1dc2b47d372cb1dfe68ed68b90e353da8c2
yaretzi_mexica_img_0037,img_037.png,animales,ilustracion_plana_color,450,450,ilustracion estilo tierno donde se observa: oveja,Openclipart,yaretzi_mexica,9d7523df8be43abc1f460733613703c6212faaa1
yaretzi_mexica_img_0038,img_038.jpg,animales,ilustracion_plana_color,1199,1034,ilustracion estilo tierno donde se observa: cerdito,Openclipart,yaretzi_mexica,383c7be67d1f2b1c4a80e4bf8dd5ca1d23493d13
yaretzi_mexica_img_0039,img_039.png,animales,ilustracion_plana_color,512,512,ilustracion estilo tierno donde se observa: gato,Openclipart,yaretzi_mexica,42c6e4c598a039af056e91503f47996b9f1181a7
yaretzi_mexica_img_0040,img_040.jpg,animales,ilustracion_plana_color,1200,1565,ilustracion estilo tierno donde se observa: ratón,Openclipart,yaretzi_mexica,1c7c80fc65d43a37f759a380ea82ad527475d24f
yaretzi_mexica_img_0041,img_041.png,animales,ilustracion_plana_color,512,512,ilustracion estilo tierno donde se observa: tigre,Openclipart,yaretzi_mexica,338834eb40c7169a28fa37efeaf90f85cacae94d
yaretzi_mexica_img_0042,img_042.jpg,animales,ilustracion_plana_color,362,282,ilustracion estilo tierno donde se observa: oveja,Openclipart,yaretzi_mexica,46db5529cc110ad3ed23a203d0690c66ae3bb36a
yaretzi_mexica_img_0043,img_043.png,animales,ilustracion_plana_color,450,450,ilustracion estilo tierno donde se observa: tigre,Openclipart,yaretzi_mexica,e775129ad2fce30f3645bee60c2472ea598c5740
yaretzi_mexica_img_0044,img_044.jpg,animales,ilustracion_plana_color,258,234,ilustracion estilo tierno donde se observa: cerdito,Openclipart,yaretzi_mexica,aada07c8fb6a8bf02332b20ac9f63f34eb9862ef
yaretzi_mexica_img_0045,img_045.png,animales,ilustracion_plana_color,800,1493,ilustracion estilo tierno donde se observa: rana,Openclipart,yaretzi_mexica,5947d97cf447075c5ffb8deaa860de87baf456a3
yaretzi_mexica_img_0046,img_046.jpg,animales,ilustracion_plana_color,512,512,ilustracion estilo tierno donde se observa: león,Openclipart,yaretzi_mexica,e7e3cd127afd85c6385bd19a75cb928188e3b400
yaretzi_mexica_img_0047,img_047.png,animales,ilustracion_plana_color,800,1778,ilustracion estilo tierno donde se observa: mono,Openclipart,yaretzi_mexica,db569289705a71ef2aad6c6f68c8a231977140df
yaretzi_mexica_img_0048,img_048.jpg,animales,ilustracion_plana_color,600,600,ilustracion estilo tierno donde se observa: rana,Openclipart,yaretzi_mexica,30458c82fdeb9ef8d971baf2da4a09c24c0be5a0
yaretzi_mexica_img_0049,img_049.png,animales,ilustracion_plana_color,800,833,ilustracion estilo tierno donde se observa: conejo,Openclipart,yaretzi_mexica,439bc68b8a29be8596498d016c977ecb696563f5
yaretzi_mexica_img_0050,img_050.jpeg,animales,ilustracion_plana_color,212,212,ilustracion estilo tierno donde se observa: zorro,Openclipart,yaretzi_mexica,a643836d239047a79df14ba661295d53475034cf
yaretzi_mexica_img_0051,img_051.jpg,animales,ilustracion_plana_color,256,256,ilustracion estilo tierno donde se observa: cerdito,Openclipart,yaretzi_mexica,ba21ac8e2a9eeeaa33f8d5d62a6f951434d42be7
yaretzi_mexica_img_0052,img_052.png,animales,ilustracion_plana_color,800,1507,ilustracion estilo tierno donde se observa: zorro,Openclipart,yaretzi_mexica,59402ee6b88fb2cfe7b896b96b9498c630f9b407
yaretzi_mexica_img_0053,img_053.jpg,animales,ilustracion_plana_color,298,298,ilustracion estilo tierno donde se observa: rana,Openclipart,yaretzi_mexica,b3c77d7e5232f189396ae75920df677a078808f4
yaretzi_mexica_img_0054,img_054.png,animales,ilustracion_plana_color,512,512,ilustracion estilo tierno donde se observa: cerdito,Openclipart,yaretzi_mexica,fc825e39c30407636ce7db99edc2f4d4a51c48e1
yaretzi_mexica_img_0055,img_055.jpg,animales,ilustracion_plana_color,600,681,ilustracion estilo tierno donde se observa: zorro,Pinterest,yaretzi_mexica,39dc128ac522a26091bb63cd38376ae6636923e4
yaretzi_mexica_img_0056,img_056.png,animales,ilustracion_plana_color,800,770,ilustracion estilo tierno donde se observa: cerdito,Openclipart,yaretzi_mexica,765bc957f9a098d1bb2c3ec2aee8d1a7d548472a
yaretzi_mexica_img_0057,img_057.jpg,animales,ilustracion_plana_color,735,982,ilustracion estilo tierno donde se observa: zorro,Openclipart,yaretzi_mexica,8a92fdf05ec817ea7e5508c455c7c878be5ba194
yaretzi_mexica_img_0058,img_058.png,animales,ilustracion_plana_color,800,781,ilustracion estilo tierno donde se observa: cerdito,Openclipart,yaretzi_mexica,3a9b11cc0e6d6dec8e3128fa268b94979bf0ab66
yaretzi_mexica_img_0059,img_059.jpg,animales,ilustracion_plana_color,1004,833,ilustracion estilo tierno donde se observa: zorro,Openclipart,yaretzi_mexica,4fe64a3e841162897b11650f3dab11748cb1395a
yaretzi_mexica_img_0060,img_060.png,animales,ilustracion_plana_color,1152,2048,ilustracion estilo tierno donde se observa: cerdito,Openclipart,yaretzi_mexica,3f48f650928f1311e296d09525629cabd5e4a2e7
yaretzi_mexica_img_0061,img_061.jpg,animales,ilustracion_plana_color,302,228,ilustracion estilo tierno donde se observa: pájaro,Openclipart,yaretzi_mexica,4c1aaf34a315483fc07c23a66a6a2565b9aa6e17
yaretzi_mexica_img_0062,img_062.png,animales,ilustracion_plana_color,800,973,ilustracion estilo tierno donde se observa: pájaro,Openclipart,yaretzi_mexica,0ac95720b46e92f0103737f24782e07995708cb4
yaretzi_mexica_img_0063,img_063.jpg,animales,ilustracion_plana_color,512,512,ilustracion estilo tierno donde se observa: tigre,Openclipart,yaretzi_mexica,47970fc729515c331238e72bcd3ac5deedd0727f
yaretzi_mexica_img_0064,img_064.png,animales,ilustracion_plana_color,512,512,ilustracion estilo tierno donde se observa: pato,Openclipart,yaretzi_mexica,1974c33d8d56e405d8706a87d84c0db1ee3816c7
yaretzi_mexica_img_0065,img_065.jpg,animales,ilustracion_plana_color,612,612,ilustracion estilo tierno donde se observa: mono,Openclipart,yaretzi_mexica,90b7210cd39df5c0ac126cf0f523d0ff7b901def
yaretzi_mexica_img_0066,img_066.png,animales,ilustracion_plana_color,800,984,ilustracion estilo tierno donde se observa: mono,Openclipart,yaretzi_mexica,f883ba017ea234b3ee34e83f56cab133f517cbce
yaretzi_mexica_img_0067,img_067.jpg,animales,ilustracion_plana_color,298,298,ilustracion estilo tierno donde se observa: mono,Openclipart,yaretzi_mexica,89e9d1b868808800bbd05ac4e9abc1e5e3acbb68
yaretzi_mexica_img_0068,img_068.png,animales,ilustracion_plana_color,450,450,ilustracion estilo tierno donde se observa: mono,Openclipart,yaretzi_mexica,5ee4e6d87bc8db78f29614902a8b721d5a0dc810
yaretzi_mexica_img_0069,img_069.jpg,animales,ilustracion_plana_color,363,307,ilustracion estilo tierno donde se observa: mono,Openclipart,yaretzi_mexica,f9ca28db86d3ee5a1fb86a99b5fc298fea89ff90
yaretzi_mexica_img_0070,img_070.png,animales,ilustracion_plana_color,800,1686,ilustracion estilo tierno donde se observa: rana,Openclipart,yaretzi_mexica,a514e6094200c244a464df92663dbe13e32e2476
yaretzi_mexica_img_0071,img_071.jpg,animales,ilustracion_plana_color,299,299,ilustracion estilo tierno donde se observa: mono,Flat Icon,yaretzi_mexica,a6f867676ac4cad36bb350260f8485cda0dce700
yaretzi_mexica_img_0072,img_072.png,animales,ilustracion_plana_color,450,450,ilustracion estilo tierno donde se observa: tigre,Openclipart,yaretzi_mexica,44c5f597206f7562925564f8e13b25ebfeb6dfd6
yaretzi_mexica_img_0073,img_073.jpeg,animales,ilustracion_plana_color,266,266,ilustracion estilo tierno donde se observa: cerdito,Openclipart,yaretzi_mexica,b26b76a906964cfa7aef228960bb8e48ab0fdea8
yaretzi_mexica_img_0074,img_074.jpg,animales,ilustracion_plana_color,768,1344,ilustracion estilo tierno donde se observa: oveja,Openclipart,yaretzi_mexica,53793ddd51eb0da37b32d597eae5054866a679ee
yaretzi_mexica_img_0075,img_075.png,animales,ilustracion_plana_color,800,1509,ilustracion estilo tierno donde se observa: zorro,Openclipart,yaretzi_mexica,8aaad0190cf1f0f612b3d0e9e2fdba382762235f
yaretzi_mexica_img_0076,img_076.jpg,animales,ilustracion_plana_color,1080,1080,ilustracion estilo tierno donde se observa: pájaro,Openclipart,yaretzi_mexica,c5ca1e522fba62c06081a324f9dcfeb2e48aeece
yaretzi_mexica_img_0077,img_077.png,animales,ilustracion_plana_color,512,512,ilustracion estilo tierno donde se observa: perro,Openclipart,yaretzi_mexica,62fd804f8859f5ccca748479a63db55d5fcf8288
yaretzi_mexica_img_0078,img_078.jpg,animales,ilustracion_plana_color,613,582,ilustracion estilo tierno donde se observa: koala,Openclipart,yaretzi_mexica,64e1ad6650d422eb27ef6dad555d8d57bafa4fe2
yaretzi_mexica_img_0079,img_079.png,animales,ilustracion_plana_color,800,701,ilustracion estilo tierno donde se observa: oveja,Openclipart,yaretzi_mexica,71e1016550b316e242cf6af234799d0458afe019
yaretzi_mexica_img_0080,img_080.jpg,animales,ilustracion_plana_color,512,512,ilustracion estilo tierno donde se observa: perro,Openclipart,yaretzi_mexica,2ca0ade789ccf2dd8fa96e042f539e820c461096
yaretzi_mexica_img_0081,img_081.png,animales,ilustracion_plana_color,800,827,ilustracion estilo tierno donde se observa: oveja,Openclipart,yaretzi_mexica,f6830113fbc51262c0ea97bf84da449e36df8e7a
yaretzi_mexica_img_0082,img_082.jpg,animales,ilustracion_plana_color,288,235,ilustracion estilo tierno donde se observa: perro,Openclipart,yaretzi_mexica,fe9ab43e965fcf5e84997fbb5ddb93126aa461e3
yaretzi_mexica_img_0083,img_083.png,animales,ilustracion_plana_color,450,450,ilustracion estilo tierno donde se observa: oso,Openclipart,yaretzi_mexica,108110419969c14b40fa585dbdc60e2896f5c696
yaretzi_mexica_img_0084,img_084.jpg,animales,ilustracion_plana_color,350,607,ilustracion estilo tierno donde se observa: perro,Openclipart,yaretzi_mexica,49911f53c05f1e550d98e1073b5c24dcd72c7ba2
yaretzi_mexica_img_0085,img_085.png,animales,ilustracion_plana_color,800,764,ilustracion estilo tierno donde se observa: conejo,Openclipart,yaretzi_mexica,b284c86bcc26fcb16fcb4f39bddcab5a9cec9f13
yaretzi_mexica_img_0086,img_086.jpg,animales,ilustracion_plana_color,1200,1565,ilustracion estilo tierno donde se observa: mono,Openclipart,yaretzi_mexica,4373580c3feb3166f81a4cf447807c958074c5cf
yaretzi_mexica_img_0087,img_087.png,animales,ilustracion_plana_color,450,450,ilustracion estilo tierno donde se observa: ratón,Openclipart,yaretzi_mexica,e8932b0e61e48272ccea527ee6d64133fe4bb67e
yaretzi_mexica_img_0088,img_088.jpg,animales,ilustracion_plana_color,512,512,ilustracion estilo tierno donde se observa: rana,Openclipart,yaretzi_mexica,520616a9d98847bebf51bfed4a51713db8b43672
yaretzi_mexica_img_0089,img_089.png,animales,ilustracion_plana_color,512,512,ilustracion estilo tierno donde se observa: pájaro,Openclipart,yaretzi_mexica,4dc7b7ed6dedc2fa9493e895f35b16791e789ccc
yaretzi_mexica_img_0090,img_090.jpg,animales,ilustracion_plana_color,453,553,ilustracion estilo tierno donde se observa: ratón,Openclipart,yaretzi_mexica,44a8fe7263758f196a28cec5832d327820724e1c
yaretzi_mexica_img_0091,img_091.png,animales,ilustracion_plana_color,800,1373,ilustracion estilo tierno donde se observa: pato,Openclipart,yaretzi_mexica,ecf4848debf8f5f0be09053c3b20ad50feaa7219
yaretzi_mexica_img_0092,img_092.jpg,animales,ilustracion_plana_color,1024,1536,ilustracion estilo tierno donde se observa: ratón,Openclipart,yaretzi_mexica,24ae31d3883a06c5a70a50f03b3b6bde43a1a66a
yaretzi_mexica_img_0093,img_093.png,animales,ilustracion_plana_color,450,450,ilustracion estilo tierno donde se observa: pato,Openclipart,yaretzi_mexica,9a42759b1a4b47ece4cef1d7fccac0a634744c6e
yaretzi_mexica_img_0094,img_094.jpg,animales,ilustracion_plana_color,736,544,ilustracion estilo tierno donde se observa: cerdito,Openclipart,yaretzi_mexica,4cf115c02503575446cdb93578d7462919983bc2
yaretzi_mexica_img_0095,img_095.png,animales,ilustracion_plana_color,512,512,ilustracion estilo tierno donde se observa: ratón,Openclipart,yaretzi_mexica,2463e0a2133921fbaef742e985dad9a3e08ff83f
yaretzi_mexica_img_0096,img_096.jpeg,animales,ilustracion_plana_color,228,228,ilustracion estilo tierno donde se observa: rana,Openclipart,yaretzi_mexica,cc0046335f658b605d763a4f1c64d84f924dc273
yaretzi_mexica_img_0097,img_097.jpg,animales,ilustracion_plana_color,256,256,ilustracion estilo tierno donde se observa: pájaro,Openclipart,yaretzi_mexica,648a96b87904c0a2af928f98dfc03df2865da97e
yaretzi_mexica_img_0098,img_098.png,animales,ilustracion_plana_color,800,422,ilustracion estilo tierno donde se observa: ratón,Openclipart,yaretzi_mexica,bfc3ff22f2aec4c3530531c2d75ad4d86b4004fa
yaretzi_mexica_img_0099,img_099.jpg,animales,ilustracion_plana_color,369,272,ilustracion estilo tierno donde se observa: pájaro,Openclipart,yaretzi_mexica,061f0c786f70c906ec278fdf930d3c9725d32c45
yaretzi_mexica_img_0100,img_100.png,animales,ilustracion_plana_color,800,713,ilustracion estilo tierno donde se observa: ratón,Openclipart,yaretzi_mexica,a6b341bacc3690036fa5b43585b4ec774fb278cf
yaretzi_mexica_img_0101,img_101.jpg,animales,ilustracion_plana_color,768,1344,ilustracion estilo tierno donde se observa: cerdito,Openclipart,yaretzi_mexica,bb2366ba366c7c67522f3dd0bfe1fbf71361911b
yaretzi_mexica_img_0102,img_102.png,animales,ilustracion_plana_color,512,512,ilustracion estilo tierno donde se observa: rana,Openclipart,yaretzi_mexica,4bf23dfcadb5a92409f3cabfa820d6f9ba1519f1
yaretzi_mexica_img_0103,img_103.jpg,animales,ilustracion_plana_color,735,512,ilustracion estilo tierno donde se observa: zorro,Openclipart,yaretzi_mexica,d3abcb780e5dee941303e53764923681f6afa021
yaretzi_mexica_img_0104,img_104.png,animales,ilustracion_plana_color,800,534,ilustracion estilo tierno donde se observa: rana,Openclipart,yaretzi_mexica,d9b7dfb9085767862118897aa24c088af8c2f9e1
yaretzi_mexica_img_0105,img_105.jpg,animales,ilustracion_plana_color,1129,1145,ilustracion estilo tierno donde se observa: zorro,Openclipart,yaretzi_mexica,9580841dafda32b3b8e9c982453a14dad74c1113
yaretzi_mexica_img_0106,img_106.png,animales,ilustracion_plana_color,450,450,ilustracion estilo tierno donde se observa: rana,Openclipart,yaretzi_mexica,c54ed0a1c903db312f55038b4b807b71bccd350c
yaretzi_mexica_img_0107,img_107.jpg,animales,ilustracion_plana_color,600,600,ilustracion estilo tierno donde se observa: panda,Flat Icon,yaretzi_mexica,aa116237e4da38c00bfe64dc5cf232a8500e140a
yaretzi_mexica_img_0108,img_108.png,animales,ilustracion_plana_color,800,1002,ilustracion estilo tierno donde se observa: pájaro,Openclipart,yaretzi_mexica,f54bf3339d372be6b400a7e58b7fbe81b6c74861
yaretzi_mexica_img_0109,img_109.jpg,animales,ilustracion_plana_color,1024,1024,ilustracion estilo tierno donde se observa: perro,Pinterest,yaretzi_mexica,68bfd5c32ca7bd7be274e83538e9fb66ff1f1968
yaretzi_mexica_img_0110,img_110.png,animales,ilustracion_plana_color,800,1138,ilustracion estilo tierno donde se observa: pájaro,Openclipart,yaretzi_mexica,12c3cdd93121f1c36a1b0f264622cb41d22a8dab
yaretzi_mexica_img_0111,img_111.jpg,animales,ilustracion_plana_color,1080,1528,ilustracion estilo tierno donde se observa: zorro,Openclipart,yaretzi_mexica,ac2952378fece96ddfd03f400ef57afb97c0235a
yaretzi_mexica_img_0112,img_112.png,animales,ilustracion_plana_color,450,450,ilustracion estilo tierno donde se observa: pájaro,Openclipart,yaretzi_mexica,0faaef796c82deb642715ef8a1a44c81265e534e
yaretzi_mexica_img_0113,img_113.jpg,animales,ilustracion_plana_color,480,480,ilustracion estilo tierno donde se observa: oso,Openclipart,yaretzi_mexica,56ed425fe7b821e58b769b9761e107e5c5f28c17
yaretzi_mexica_img_0114,img_114.png,animales,ilustracion_plana_color,512,512,ilustracion estilo tierno donde se observa: pájaro,Openclipart,yaretzi_mexica,f54e11ad74fe00cb76ecd57625ea94032f1a2548
yaretzi_mexica_img_0115,img_115.jpg,animales,ilustracion_plana_color,512,512,ilustracion estilo tierno donde se observa: ratón,Openclipart,yaretzi_mexica,e07f163042151299c9f5e3a77336c2707d426f17
yaretzi_mexica_img_0116,img_116.png,animales,ilustracion_plana_color,450,450,ilustracion estilo tierno donde se observa: pájaro,Openclipart,yaretzi_mexica,2e81da08e40b9053225f72085c0b16a2966dfcfc
yaretzi_mexica_img_0117,img_117.jpg,animales,ilustracion_plana_color,735,462,ilustracion estilo tierno donde se observa: ratón,Openclipart,yaretzi_mexica,016a2bdf66717cc35bd51a8f592906d6274f0d83
yaretzi_mexica_img_0118,img_118.png,animales,ilustracion_plana_color,800,939,ilustracion estilo tierno donde se observa: panda,Openclipart,yaretzi_mexica,1555d5d6396f8cf0b3185a15d6278579f1097e28
yaretzi_mexica_img_0119,img_119.jpeg,animales,ilustracion_plana_color,232,232,ilustracion estilo tierno donde se observa: pájaro,Openclipart,yaretzi_mexica,51ac07feb9e737f2cf5b7223937f585057508b53
yaretzi_mexica_img_0120,img_120.jpg,animales,ilustracion_plana_color,683,788,ilustracion estilo tierno donde se observa: pájaro,Openclipart,yaretzi_mexica,d911dc9afe55d6a33d3e269e8c2602c2a0f3649b
yaretzi_mexica_img_0121,img_121.png,animales,ilustracion_plana_color,800,784,ilustracion estilo tierno donde se observa: panda,Openclipart,yaretzi_mexica,85cd90807561726b4e9f3b4d9dd55a2a25f5896d
yaretzi_mexica_img_0122,img_122.jpg,animales,ilustracion_plana_color,768,1344,ilustracion estilo tierno donde se observa: ratón,Openclipart,yaretzi_mexica,3c007bbb3c4eada27bb57cf4e9a6310a765cd313
yaretzi_mexica_img_0123,img_123.png,animales,ilustracion_plana_color,512,512,ilustracion estilo tierno donde se observa: conejo,Openclipart,yaretzi_mexica,64ccacbc107d4c116a185bcbe75e221341bfbfa9
yaretzi_mexica_img_0124,img_124.jpg,animales,ilustracion_plana_color,567,400,ilustracion estilo tierno donde se observa: oveja,Openclipart,yaretzi_mexica,f246aa8aa032bcc794d6e0300ee34f972bfb6a81
yaretzi_mexica_img_0125,img_125.png,animales,ilustracion_plana_color,800,1168,ilustracion estilo tierno donde se observa: conejo,Openclipart,yaretzi_mexica,c51c4ae70c69b2dcd62dbdc5e9c6bc9cda6f06ef
yaretzi_mexica_img_0126,img_126.jpg,animales,ilustracion_plana_color,1200,680,ilustracion estilo tierno donde se observa: gato,Openclipart,yaretzi_mexica,bf9db3b6092bc475d7ed090a6dbfd7fcc8af6f08
yaretzi_mexica_img_0127,img_127.png,animales,ilustracion_plana_color,800,830,ilustracion estilo tierno donde se observa: oveja,Openclipart,yaretzi_mexica,42dce0d84eb3d91ea91480aa6b13964fd5f61e5c
yaretzi_mexica_img_0128,img_128.jpg,animales,ilustracion_plana_color,400,400,ilustracion estilo tierno donde se observa: ratón,Openclipart,yaretzi_mexica,c902e4d0cc25505d5475d801460e39db65f9c553
yaretzi_mexica_img_0129,img_129.png,animales,ilustracion_plana_color,450,450,ilustracion estilo tierno donde se observa: pájaro,Openclipart,yaretzi_mexica,355363ad0289d5550321e491f0311474874fa940
yaretzi_mexica_img_0130,img_130.jpg,animales,ilustracion_plana_color,512,512,ilustracion estilo tierno donde se observa: pájaro,Openclipart,yaretzi_mexica,8858d37bcd63669766691c15dbb5151266a0730a
yaretzi_mexica_img_0131,img_131.png,animales,ilustracion_plana_color,800,847,ilustracion estilo tierno donde se observa: zorro,Openclipart,yaretzi_mexica,11fea9e4236b3d20881d467072a073ef0be88533
yaretzi_mexica_img_0132,img_132.jpg,animales,ilustracion_plana_color,512,512,ilustracion estilo tierno donde se observa: pájaro,Openclipart,yaretzi_mexica,b800c0e1c441a0c7dd8d643e9eb9c9eb24d386fc
yaretzi_mexica_img_0133,img_133.png,animales,ilustracion_plana_color,512,512,ilustracion estilo tierno donde se observa: pájaro,Openclipart,yaretzi_mexica,6bfea280035eb5fb8c774fc8d2e6fa8c56f4e7a6
yaretzi_mexica_img_0134,img_134.jpg,animales,ilustracion_plana_color,512,512,ilustracion estilo tierno donde se observa: pájaro,Openclipart,yaretzi_mexica,afd1cc02c4c361440572bc6100c403cace49773b
yaretzi_mexica_img_0135,img_135.png,animales,ilustracion_plana_color,512,512,ilustracion estilo tierno donde se observa: ratón,Openclipart,yaretzi_mexica,fd0f7c868045915322708fb0d434a52b9e554873
yaretzi_mexica_img_0136,img_136.jpg,animales,ilustracion_plana_color,512,512,ilustracion estilo tierno donde se observa: pájaro,Openclipart,yaretzi_mexica,a99633c02b4ae4dc2d777732a14668d800b6952f
yaretzi_mexica_img_0137,img_137.png,animales,ilustracion_plana_color,800,600,ilustracion estilo tierno donde se observa: mono,Openclipart,yaretzi_mexica,3db4aad5ac724ea28670e7614d11f61a644a1684
yaretzi_mexica_img_0138,img_138.jpg,animales,ilustracion_plana_color,512,512,ilustracion estilo tierno donde se observa: conejo,Openclipart,yaretzi_mexica,74e567bf17174fbf758dd95dee2f4a1ae8e236db
yaretzi_mexica_img_0139,img_139.png,animales,ilustracion_plana_color,450,450,ilustracion estilo tierno donde se observa: ratón,Openclipart,yaretzi_mexica,5157deb819080f56dce0a5aa36cb8adb6b0f327a
yaretzi_mexica_img_0140,img_140.jpg,animales,ilustracion_plana_color,512,512,ilustracion estilo tierno donde se observa: pájaro,Openclipart,yaretzi_mexica,6028c7895b6b199f4814255623eee147546d7356
yaretzi_mexica_img_0141,img_141.png,animales,ilustracion_plana_color,800,956,ilustracion estilo tierno donde se observa: oso,Openclipart,yaretzi_mexica,c0a0fb636439784ce9a3ec93ca08652e30bce4da
yaretzi_mexica_img_0142,img_142.jpeg,animales,ilustracion_plana_color,248,248,ilustracion estilo tierno donde se observa: koala,Openclipart,yaretzi_mexica,9837b27af40ff55b539bbbcf8ccff5277856ff1f
yaretzi_mexica_img_0143,img_143.jpg,animales,ilustracion_plana_color,256,256,ilustracion estilo tierno donde se observa: cerdito,Openclipart,yaretzi_mexica,db4788e9998833a3c17b64970ca4e7cc9b16aa78
yaretzi_mexica_img_0144,img_144.png,animales,ilustracion_plana_color,800,590,ilustracion estilo tierno donde se observa: mono,Openclipart,yaretzi_mexica,235a5ce5b42f0c6c5a5f30ccc1b10d0aacebdff3
yaretzi_mexica_img_0145,img_145.jpg,animales,ilustracion_plana_color,1200,973,ilustracion estilo tierno donde se observa: ratón,Openclipart,yaretzi_mexica,15ff139b92871da77fe9f18f3f6c640deb80ef02
yaretzi_mexica_img_0146,img_146.png,animales,ilustracion_plana_color,512,512,ilustracion estilo tierno donde se observa: pájaro,Openclipart,yaretzi_mexica,8766251aa669ee5a664368ceb34e7e792cef329b
yaretzi_mexica_img_0147,img_147.jpg,animales,ilustracion_plana_color,512,512,ilustracion estilo tierno donde se observa: cerdito,Openclipart,yaretzi_mexica,350c5cad42ea6a7bddc296995ec4b86795833478
yaretzi_mexica_img_0148,img_148.png,animales,ilustracion_plana_color,800,510,ilustracion estilo tierno donde se observa: perro,Openclipart,yaretzi_mexica,8d9b2a7530cc03a2dfeb1f57b046fde5ff455689
yaretzi_mexica_img_0149,img_149.jpg,animales,ilustracion_plana_color,512,512,ilustracion estilo tierno donde se observa: perro,Openclipart,yaretzi_mexica,921f1ebc2d489ede44f6b5fc53a2543398f44113
yaretzi_mexica_img_0150,img_150.png,animales,ilustracion_plana_color,503,589,ilustracion estilo tierno donde se observa: pato,Openclipart,yaretzi_mexica,7f8550feb125d846bacb759d06c870da3e781523
yaretzi_mexica_img_0151,img_151.jpg,animales,ilustracion_plana_color,300,300,ilustracion estilo tierno donde se observa: oso,Openclipart,yaretzi_mexica,fc122e77559e097975781a0a8cca5ba07187062c
yaretzi_mexica_img_0152,img_152.png,animales,ilustracion_plana_color,800,499,ilustracion estilo tierno donde se observa: cerdito,Openclipart,yaretzi_mexica,a313721bae7567997bf5af27ddb9180e2d26c3e3
yaretzi_mexica_img_0153,img_153.jpg,animales,ilustracion_plana_color,500,500,ilustracion estilo tierno donde se observa: pájaro,Openclipart,yaretzi_mexica,be7e15e867d3dd73ac8ac003357bfe4fbb74f16e
yaretzi_mexica_img_0154,img_154.png,animales,ilustracion_plana_color,800,912,ilustracion estilo tierno donde se observa: león,Openclipart,yaretzi_mexica,72962f48e3700134ae9b82ef3ea92b696e4b3034
yaretzi_mexica_img_0155,img_155.jpg,animales,ilustracion_plana_color,1200,869,ilustracion estilo tierno donde se observa: cerdito,Openclipart,yaretzi_mexica,29c580e89f73becd58884bf9a65ab27f832313bb
yaretzi_mexica_img_0156,img_156.png,animales,ilustracion_plana_color,450,450,ilustracion estilo tierno donde se observa: cerdito,Openclipart,yaretzi_mexica,45d8ca0f1cae744e91363edd8bebdac599e07cdf
yaretzi_mexica_img_0157,img_157.jpg,animales,ilustracion_plana_color,512,512,ilustracion estilo tierno donde se observa: oveja,Openclipart,yaretzi_mexica,7252be7a604484b3ebee97f7b2a92e3e3512a909
yaretzi_mexica_img_0158,img_158.png,animales,ilustracion_plana_color,800,1216,ilustracion estilo tierno donde se observa: mono,Openclipart,yaretzi_mexica,afdd5871ecd39b74cf8042487f8d930f5566bc76
yaretzi_mexica_img_0159,img_159.jpg,animales,ilustracion_plana_color,512,512,ilustracion estilo tierno donde se observa: oveja,Openclipart,yaretzi_mexica,13cfcdb34bae16a62d0d70a7cc51d910f52b3bfc
yaretzi_mexica_img_0160,img_160.png,animales,ilustracion_plana_color,450,450,ilustracion estilo tierno donde se observa: león,Openclipart,yaretzi_mexica,6a91bda860198a574054616fb0afb9a50be221bd
yaretzi_mexica_img_0161,img_161.jpg,animales,ilustracion_plana_color,512,512,ilustracion estilo tierno donde se observa: cerdito,Flat Icon,yaretzi_mexica,38c219eeda305d8f021b760fb644f0385a856a75
yaretzi_mexica_img_0162,img_162.png,animales,ilustracion_plana_color,512,512,ilustracion estilo tierno donde se observa: ratón,Openclipart,yaretzi_mexica,7f50969687747d3de1e1e52fc01557da6b85cf8f
yaretzi_mexica_img_0163,img_163.jpg,animales,ilustracion_plana_color,600,600,ilustracion estilo tierno donde se observa: pájaro,Openclipart,yaretzi_mexica,1f0a02a36142766ac95657076fadfc28a81297cd
yaretzi_mexica_img_0164,img_164.png,animales,ilustracion_plana_color,800,658,ilustracion estilo tierno donde se observa: ratón,Openclipart,yaretzi_mexica,a5a4a20565f0da61696b06440b977bf728fc353c
yaretzi_mexica_img_0165,img_165.jpeg,animales,ilustracion_plana_color,245,245,ilustracion estilo tierno donde se observa: pato,Openclipart,yaretzi_mexica,a00baa2228c03185e0dc133b8f9a7bef53350afc
yaretzi_mexica_img_0166,img_166.jpg,animales,ilustracion_plana_color,512,512,ilustracion estilo tierno donde se observa: conejo,Openclipart,yaretzi_mexica,77c0cb0f189ae3be89730a2d71ff6e6e2c7c36e8
yaretzi_mexica_img_0167,img_167.png,animales,ilustracion_plana_color,450,450,ilustracion estilo tierno donde se observa: perro,Openclipart,yaretzi_mexica,320ae3e81b47edada84e99dd41ce38fa5ebfbe8f
yaretzi_mexica_img_0168,img_168.jpg,animales,ilustracion_plana_color,500,462,ilustracion estilo tierno donde se observa: pájaro,Openclipart,yaretzi_mexica,ec025ff0d65fe737e4e558bd93a678db7c7342cc
yaretzi_mexica_img_0169,img_169.png,animales,ilustracion_plana_color,512,512,ilustracion estilo tierno donde se observa: león,Flat Icon,yaretzi_mexica,0b9ded35da10f657f6e08152e48289458a08b609
yaretzi_mexica_img_0170,img_170.jpg,animales,ilustracion_plana_color,512,512,ilustracion estilo tierno donde se observa: cerdito,Openclipart,yaretzi_mexica,3a474b58756e512d920b8a6342c361fb112634f0
yaretzi_mexica_img_0171,img_171.png,animales,ilustracion_plana_color,512,512,ilustracion estilo tierno donde se observa: pájaro,Openclipart,yaretzi_mexica,0c470a2321d004912f6170467e14ddb47ef776cd
yaretzi_mexica_img_0172,img_172.jpg,animales,ilustracion_plana_color,512,512,ilustracion estilo tierno donde se observa: conejo,Openclipart,yaretzi_mexica,87e209380c08e102784ca9b8129ec171dfb4938c
yaretzi_mexica_img_0173,img_173.png,animales,ilustracion_plana_color,800,1285,ilustracion estilo tierno donde se observa: pájaro,Openclipart,yaretzi_mexica,5425db1c252e9f0300eb718e0802e0c5c0a1ebbb
yaretzi_mexica_img_0174,img_174.jpg,animales,ilustracion_plana_color,1052,1198,ilustracion estilo tierno donde se observa: ratón,Openclipart,yaretzi_mexica,bfceda0e9e9cd94dda4e8096f943787a6ebd68fb
yaretzi_mexica_img_0175,img_175.png,animales,ilustracion_plana_color,512,512,ilustracion estilo tierno donde se observa: ratón,Openclipart,yaretzi_mexica,bc0ad3f4c4d945143ddd1b5be23d8eb68f70643c
yaretzi_mexica_img_0176,img_176.jpg,animales,ilustracion_plana_color,512,512,ilustracion estilo tierno donde se observa: tigre,Openclipart,yaretzi_mexica,32fd2ee39c652f0f68aeb38672d8a3cab78a5ad8
yaretzi_mexica_img_0177,img_177.png,animales,ilustracion_plana_color,800,854,ilustracion estilo tierno donde se observa: mono,Openclipart,yaretzi_mexica,d45b14978eea2910d4dd8db73347bfc596108d0a
yaretzi_mexica_img_0178,img_178.jpg,animales,ilustracion_plana_color,512,512,ilustracion estilo tierno donde se observa: león,Openclipart,yaretzi_mexica,5861ae7278d5b4da4a3f5907f06901cd18381399
yaretzi_mexica_img_0179,img_179.png,animales,ilustracion_plana_color,512,512,ilustracion estilo tierno donde se observa: conejo,Openclipart,yaretzi_mexica,a4583a2d5b2e69c1bb4b524ef7706358d1214170
yaretzi_mexica_img_0180,img_180.jpg,animales,ilustracion_plana_color,822,1065,ilustracion estilo tierno donde se observa: cerdito,Openclipart,yaretzi_mexica,c744f877e352da6ecbda5ae5f25f13bd4561183c
yaretzi_mexica_img_0181,img_181.png,animales,ilustracion_plana_color,800,1294,ilustracion estilo tierno donde se observa: mono,Openclipart,yaretzi_mexica,833005422f53d984e19d870883c15d364fbb5156
yaretzi_mexica_img_0182,img_182.jpg,animales,ilustracion_plana_color,720,846,ilustracion estilo tierno donde se observa: perro,Openclipart,yaretzi_mexica,9cdd554f247181b8c7bd65fb5444915c80254bfb
yaretzi_mexica_img_0183,img_183.png,animales,ilustracion_plana_color,800,582,ilustracion estilo tierno donde se observa: rana,Openclipart,yaretzi_mexica,0eaca76c156b662f1c2a3a747ef78174f23d82e0
yaretzi_mexica_img_0184,img_184.jpg,animales,ilustracion_plana_color,600,420,ilustracion estilo tierno donde se observa: perro,Openclipart,yaretzi_mexica,480839d0eb5583e2f8604e55a9726769607c0dc7
yaretzi_mexica_img_0185,img_185.png,animales,ilustracion_plana_color,800,765,ilustracion estilo tierno donde se observa: rana,Openclipart,yaretzi_mexica,5eeae06548191cc857672ea2190f8c3d8c439d34
yaretzi_mexica_img_0186,img_186.jpg,animales,ilustracion_plana_color,512,512,ilustracion estilo tierno donde se observa: oveja,Openclipart,yaretzi_mexica,bb51d29027240c3ba79332c98e4a89910ed6d04b
yaretzi_mexica_img_0187,img_187.png,animales,ilustracion_plana_color,450,450,ilustracion estilo tierno donde se observa: pájaro,Openclipart,yaretzi_mexica,3a2c25d253d241e27c086780708c49f3e039b467
yaretzi_mexica_img_0188,img_188.jpeg,animales,ilustracion_plana_color,213,213,ilustracion estilo tierno donde se observa: oveja,Openclipart,yaretzi_mexica,e3e778f98c03a63800662952e010f496628fb89e
yaretzi_mexica_img_0189,img_189.jpg,animales,ilustracion_plana_color,512,512,ilustracion estilo tierno donde se observa: conejo,Openclipart,yaretzi_mexica,8fea84f16872dc17c8d920779ed5f5ef715ffd1c
yaretzi_mexica_img_0190,img_190.png,animales,ilustracion_plana_color,800,1272,ilustracion estilo tierno donde se observa: pato,Openclipart,yaretzi_mexica,c937bfdba90795b8fac7e77a710622abb24ce59a
yaretzi_mexica_img_0191,img_191.jpg,animales,ilustracion_plana_color,512,512,ilustracion estilo tierno donde se observa: oveja,Openclipart,yaretzi_mexica,235809292e39adf37d5399e0021a544603ae8f6c
yaretzi_mexica_img_0192,img_192.png,animales,ilustracion_plana_color,800,657,ilustracion estilo tierno donde se observa: mono,Openclipart,yaretzi_mexica,c7553cb99ea9e86d0bb3a42dda66ef7c8d0b9ccc
yaretzi_mexica_img_0193,img_193.jpg,animales,ilustracion_plana_color,1080,986,ilustracion estilo tierno donde se observa: rana,Openclipart,yaretzi_mexica,8436ad7a42002e9bdd9c08cb0c9b7fa0e78ba3de
yaretzi_mexica_img_0194,img_194.png,animales,ilustracion_plana_color,512,512,ilustracion estilo tierno donde se observa: pájaro,Openclipart,yaretzi_mexica,6b3b28a35ac7d00ace2bf7b5454d2452706c8139
yaretzi_mexica_img_0195,img_195.jpg,animales,ilustracion_plana_color,1200,1200,ilustracion estilo tierno donde se observa: rana,Openclipart,yaretzi_mexica,fdf4b1f0a0455d08b6948c6e99d855f4fbddc6d1
yaretzi_mexica_img_0196,img_196.png,animales,ilustracion_plana_color,800,1453,ilustracion estilo tierno donde se observa: pato,Openclipart,yaretzi_mexica,8d5144c901eab50d46b8c3b64389c201663161cd
yaretzi_mexica_img_0197,img_197.jpg,animales,ilustracion_plana_color,512,512,ilustracion estilo tierno donde se observa: tigre,Openclipart,yaretzi_mexica,0e4aa6a82e5774bd7ebfee2a6ecb818c4bf4fe6e
yaretzi_mexica_img_0198,img_198.png,animales,ilustracion_plana_color,450,450,ilustracion estilo tierno donde se observa: pájaro,Openclipart,yaretzi_mexica,73d80e1436c0e738d8d2e0599f2421d098ba6076
yaretzi_mexica_img_0199,img_199.jpg,animales,ilustracion_plana_color,600,600,ilustracion estilo tierno donde se observa: oveja,Openclipart,yaretzi_mexica,a6d23b0e56c330c963db8300faae625da73beed5
yaretzi_mexica_img_0200,img_200.png,animales,ilustracion_plana_color,512,512,ilustracion estilo tierno donde se observa: conejo,Openclipart,yaretzi_mexica,5e1c64e3e811ea3292456e3c88cf7b315246c5fa
yaretzi_mexica_img_0201,img_201.jpg,animales,ilustracion_plana_color,388,388,ilustracion estilo tierno donde se observa: perro,Openclipart,yaretzi_mexica,2ee6064278e48ef6b38487914efecd231c690b86
yaretzi_mexica_img_0202,img_202.png,animales,ilustracion_plana_color,800,706,ilustracion estilo tierno donde se observa: conejo,Openclipart,yaretzi_mexica,d9fb4df5f5582b58b5a7aecba268fd6c8d61688e
yaretzi_mexica_img_0203,img_203.jpg,animales,ilustracion_plana_color,350,500,ilustracion estilo tierno donde se observa: conejo,Openclipart,yaretzi_mexica,a9560ef348fa86a964a63de0503da7a07b56b004
yaretzi_mexica_img_0204,img_204.png,animales,ilustracion_plana_color,800,802,ilustracion estilo tierno donde se observa: pato,Openclipart,yaretzi_mexica,4711a4366381291116d2bb8a6e2eeadd6565651a
yaretzi_mexica_img_0205,img_205.jpg,animales,ilustracion_plana_color,460,410,ilustracion estilo tierno donde se observa: cerdito,Flat Icon,yaretzi_mexica,7703e7322e1e9a387ea2b9f1664350e4b7eff2cc
yaretzi_mexica_img_0206,img_206.png,animales,ilustracion_plana_color,450,450,ilustracion estilo tierno donde se observa: perro,Flat Icon,yaretzi_mexica,834d79306fd10bcdec665c5f6f986bae7d492e3d
yaretzi_mexica_img_0207,img_207.jpg,animales,ilustracion_plana_color,980,980,ilustracion estilo tierno donde se observa: pájaro,Flat Icon,yaretzi_mexica,7d5f9f2464d53c1b37ee8d50f6ae6069dccde38f
yaretzi_mexica_img_0208,img_208.png,animales,ilustracion_plana_color,512,512,ilustracion estilo tierno donde se observa: zorro,Openclipart,yaretzi_mexica,8a9281c0a35134d84ca2b0ed49d24e597b927c79
yaretzi_mexica_img_0209,img_209.jpg,animales,ilustracion_plana_color,736,1041,ilustracion estilo tierno donde se observa: pájaro,Flat Icon,yaretzi_mexica,3a0ace325e5cf795d1e0050c5c2a692d6bddf3ec
yaretzi_mexica_img_0210,img_210.png,animales,ilustracion_plana_color,512,512,ilustracion estilo tierno donde se observa: rana,Openclipart,yaretzi_mexica,d5b4ccb8211ab906bc12ce5f453b9e72dfe120dc
yaretzi_mexica_img_0211,img_211.jpeg,animales,ilustracion_plana_color,228,228,ilustracion estilo tierno donde se observa: zorro,Openclipart,yaretzi_mexica,db015c3c8f7048a13e95ad7d667b7209e49f4e6a
yaretzi_mexica_img_0212,img_212.jpg,animales,ilustracion_plana_color,256,256,ilustracion estilo tierno donde se observa: tigre,Openclipart,yaretzi_mexica,b14c6c4fe8806531599b4d8314f309b3d65006f1
yaretzi_mexica_img_0213,img_213.png,animales,ilustracion_plana_color,800,819,ilustracion estilo tierno donde se observa: oveja,Openclipart,yaretzi_mexica,f15396edafed39cd1eb6c25bf45648e55aca6609
yaretzi_mexica_img_0214,img_214.jpg,animales,ilustracion_plana_color,220,220,ilustracion estilo tierno donde se observa: pájaro,Openclipart,yaretzi_mexica,21fff0a06db7dc1f88b8551fbdecedd7c40f69fe
yaretzi_mexica_img_0215,img_215.png,animales,ilustracion_plana_color,450,450,ilustracion estilo tierno donde se observa: zorro,Openclipart,yaretzi_mexica,9e468636bf486be4631c54ecccb3ad31b7e30066
yaretzi_mexica_img_0216,img_216.jpg,animales,ilustracion_plana_color,220,220,ilustracion estilo tierno donde se observa: pájaro,Openclipart,yaretzi_mexica,d5a343d63321f9a19ee980769005aac13ec7a86f
yaretzi_mexica_img_0217,img_217.png,animales,ilustracion_plana_color,706,800,ilustracion estilo tierno donde se observa: pájaro,Openclipart,yaretzi_mexica,8758842edf2e8b6f8f5e070436fd9e213ffef856
yaretzi_mexica_img_0218,img_218.jpg,animales,ilustracion_plana_color,220,220,ilustracion estilo tierno donde se observa: pájaro,Openclipart,yaretzi_mexica,1bd33aac36fb4ceadb85c9842dd3adf5f1e96281
yaretzi_mexica_img_0219,img_219.png,animales,ilustracion_plana_color,800,752,ilustracion estilo tierno donde se observa: pájaro,Openclipart,yaretzi_mexica,f055dffea10868958c10ae48d2bf4395472cfd6c
yaretzi_mexica_img_0220,img_220.jpg,animales,ilustracion_plana_color,943,980,ilustracion estilo tierno donde se observa: pájaro,Openclipart,yaretzi_mexica,1d0c7d5e95f5c7526731fab89d2b74af141b6cca
yaretzi_mexica_img_0221,img_221.png,animales,ilustracion_plana_color,512,512,ilustracion estilo tierno donde se observa: tigre,Openclipart,yaretzi_mexica,030a755e445986b44863484b661e2a8d9af40b4c
yaretzi_mexica_img_0222,img_222.jpg,animales,ilustracion_plana_color,240,240,ilustracion estilo tierno donde se observa: pájaro,Pinterest,yaretzi_mexica,9cc791683b1d37df505c4e627452769414777fbe
yaretzi_mexica_img_0223,img_223.png,animales,ilustracion_plana_color,450,450,ilustracion estilo tierno donde se observa: conejo,Openclipart,yaretzi_mexica,d00a39010525547b76aca6de2f3c3cde30784c72
yaretzi_mexica_img_0224,img_224.jpg,animales,ilustracion_plana_color,768,1344,ilustracion estilo tierno donde se observa: pájaro,Openclipart,yaretzi_mexica,922ce4b58489b89b175b70c2640d3de5b18218ec
yaretzi_mexica_img_0225,img_225.png,animales,ilustracion_plana_color,800,1314,ilustracion estilo tierno donde se observa: pato,Openclipart,yaretzi_mexica,a02d9347bf6c112f983431d392b5223db2318fa6
yaretzi_mexica_img_0226,img_226.jpg,animales,ilustracion_plana_color,256,256,ilustracion estilo tierno donde se observa: pájaro,Openclipart,yaretzi_mexica,a7908a22a2d613f7fc14e3ba3f783637052fdc84
yaretzi_mexica_img_0227,img_227.png,animales,ilustracion_plana_color,800,1368,ilustracion estilo tierno donde se observa: pato,Openclipart,yaretzi_mexica,b4d3b4ee81eb2b5e5e61cff9e98e2c99c216ab36
yaretzi_mexica_img_0228,img_228.jpg,animales,ilustracion_plana_color,512,512,ilustracion estilo tierno donde se observa: cerdito,Openclipart,yaretzi_mexica,5baa1d4c1cfed2d152ae634a5f15dac9105b62f6
yaretzi_mexica_img_0229,img_229.png,animales,ilustracion_plana_color,750,800,ilustracion estilo tierno donde se observa: pato,Openclipart,yaretzi_mexica,06f81820ea653ca69d81f9da7d68736c5aeeb98e
yaretzi_mexica_img_0230,img_230.jpg,animales,ilustracion_plana_color,512,512,ilustracion estilo tierno donde se observa: cerdito,Openclipart,yaretzi_mexica,6207f2aa7fc535912918205a148a12a211c4ad70
yaretzi_mexica_img_0231,img_231.png,animales,ilustracion_plana_color,800,1284,ilustracion estilo tierno donde se observa: pato,Openclipart,yaretzi_mexica,f8623575c0b6587eb09b74aaef663ad9de8d3934
yaretzi_mexica_img_0232,img_232.jpg,animales,ilustracion_plana_color,1200,1042,ilustracion estilo tierno donde se observa: cerdito,Openclipart,yaretzi_mexica,11b9948d3a44121fbdd88bf56719ee656303351d
yaretzi_mexica_img_0233,img_233.png,animales,ilustracion_plana_color,800,685,ilustracion estilo tierno donde se observa: león,Openclipart,yaretzi_mexica,a57f819f32364326f044bb074aaeb4ba1e25d153
yaretzi_mexica_img_0234,img_234.jpeg,animales,ilustracion_plana_color,360,360,ilustracion estilo tierno donde se observa: ratón,Openclipart,yaretzi_mexica,f7aee9706da974beb14fcdeb601eb4c756d5e050
yaretzi_mexica_img_0235,img_235.jpg,animales,ilustracion_plana_color,512,512,ilustracion estilo tierno donde se observa: pájaro,Openclipart,yaretzi_mexica,807aba81f543fe995c76a179d50b72936ad42f5f
yaretzi_mexica_img_0236,img_236.png,animales,ilustracion_plana_color,450,450,ilustracion estilo tierno donde se observa: panda,Openclipart,yaretzi_mexica,ce8c17ea1dcfad668a14e281b3abf7cb4fa98bd6
yaretzi_mexica_img_0237,img_237.jpeg,animales,ilustracion_plana_color,227,227,ilustracion estilo tierno donde se observa: pájaro,Openclipart,yaretzi_mexica,efb1f9b48ed88acd6730af723ab1c93ad196d643
yaretzi_mexica_img_0238,img_238.jpg,animales,ilustracion_plana_color,512,512,ilustracion estilo tierno donde se observa: conejo,Openclipart,yaretzi_mexica,ac93ee3365114dc04a76479d3e47e7450cecf9c0
yaretzi_mexica_img_0239,img_239.png,animales,ilustracion_plana_color,800,1247,ilustracion estilo tierno donde se observa: oveja,Openclipart,yaretzi_mexica,0ab05e7560719a443c43617a78a24f1e324c2a44
yaretzi_mexica_img_0240,img_240.jpg,animales,ilustracion_plana_color,600,420,ilustracion estilo tierno donde se observa: cerdito,Openclipart,yaretzi_mexica,fb81652d6903abeb3da3d53e93d5e005cf0d4b6d
yaretzi_mexica_img_0241,img_241.png,animales,ilustracion_plana_color,720,800,ilustracion estilo tierno donde se observa: gato,Openclipart,yaretzi_mexica,e7d38a605a249a74f438f1cb379f8c2479a41007
yaretzi_mexica_img_0242,img_242.jpg,animales,ilustracion_plana_color,512,512,ilustracion estilo tierno donde se observa: gato,Openclipart,yaretzi_mexica,866a4446788379d5ba6c6c26b4e9057b8fd8169a
yaretzi_mexica_img_0243,img_243.png,animales,ilustracion_plana_color,800,1161,ilustracion estilo tierno donde se observa: pájaro,Openclipart,yaretzi_mexica,7c2af9680c7e6b58f882429b1113084f9094f58a
yaretzi_mexica_img_0244,img_244.jpg,animales,ilustracion_plana_color,512,512,ilustracion estilo tierno donde se observa: gato,Openclipart,yaretzi_mexica,d2bd9d8f86b59ade77bb0ef30489b90c7aa6417c
yaretzi_mexica_img_0245,img_245.png,animales,ilustracion_plana_color,450,450,ilustracion estilo tierno donde se observa: pájaro,Openclipart,yaretzi_mexica,f879c735e509f98ab2841e8e156606f85d235421
yaretzi_mexica_img_0246,img_246.jpg,animales,ilustracion_plana_color,480,480,ilustracion estilo tierno donde se observa: oveja,Openclipart,yaretzi_mexica,336125bf7aa84ae921e0ac53b02f90a004369192
yaretzi_mexica_img_0247,img_247.png,animales,ilustracion_plana_color,800,919,ilustracion estilo tierno donde se observa: ratón,Openclipart,yaretzi_mexica,5e2260961b2ee4f2c86d8ba47cdade9a35392fd8
yaretzi_mexica_img_0248,img_248.jpg,animales,ilustracion_plana_color,512,512,ilustracion estilo tierno donde se observa: perro,Openclipart,yaretzi_mexica,65abef71d7a8847db1943a7b1cdc9a6efcff8b01
yaretzi_mexica_img_0249,img_249.png,animales,ilustracion_plana_color,800,617,ilustracion estilo tierno donde se observa: oso,Openclipart,yaretzi_mexica,12c0176a3f126c31792510c5723ca7f2ab22de37
yaretzi_mexica_img_0250,img_250.jpg,animales,ilustracion_plana_color,512,512,ilustracion estilo tierno donde se observa: pájaro,Openclipart,yaretzi_mexica,23a1ad9558830e9ff8d221b922597d2264172a4b
yaretzi_mexica_img_0251,img_251.png,animales,ilustracion_plana_color,512,512,ilustracion estilo tierno donde se observa: mono,Openclipart,yaretzi_mexica,d2e4dbbcc6924486ea5c3f93c84e0ddafc575551
yaretzi_mexica_img_0252,img_252.jpg,animales,ilustracion_plana_color,1080,416,ilustracion estilo tierno donde se observa: rana,Openclipart,yaretzi_mexica,34f9b81bdc39f32092ec5a71b5c4a4d8a73a59f0
yaretzi_mexica_img_0253,img_253.png,animales,ilustracion_plana_color,450,450,ilustracion estilo tierno donde se observa: mono,Openclipart,yaretzi_mexica,35e33b913e65e4cf96094e7bb671761308d12f97
yaretzi_mexica_img_0254,img_254.jpg,animales,ilustracion_plana_color,590,340,ilustracion estilo tierno donde se observa: rana,Openclipart,yaretzi_mexica,25ecbb8a932a4b5d6560e100b3dd799c278ebe74
yaretzi_mexica_img_0255,img_255.png,animales,ilustracion_plana_color,800,838,ilustracion estilo tierno donde se observa: pájaro,Openclipart,yaretzi_mexica,cbe031b9e271f763b1b9964dcf70970266d5ed48
yaretzi_mexica_img_0256,img_256.jpg,animales,ilustracion_plana_color,384,384,ilustracion estilo tierno donde se observa: rana,Openclipart,yaretzi_mexica,4944d47025cb90d7649d8ce6e57c74420baf5ddc
yaretzi_mexica_img_0257,img_257.png,animales,ilustracion_plana_color,450,450,ilustracion estilo tierno donde se observa: pájaro,Openclipart,yaretzi_mexica,d3fc01388334e5ad167aaafd86004034a19f0d39
yaretzi_mexica_img_0258,img_258.jpg,animales,ilustracion_plana_color,512,512,ilustracion estilo tierno donde se observa: conejo,Flat Icon,yaretzi_mexica,e2d92df0529f7c819a9e87aab96fe8863f5400b1
yaretzi_mexica_img_0259,img_259.png,animales,ilustracion_plana_color,800,654,ilustracion estilo tierno donde se observa: mono,Openclipart,yaretzi_mexica,37b4aa5bf874892ad62ef1acd8c4b40cb5505b4c
yaretzi_mexica_img_0260,img_260.jpeg,animales,ilustracion_plana_color,222,222,ilustracion estilo tierno donde se observa: pájaro,Openclipart,yaretzi_mexica,de46299961dd47fdac2cf5193d305e03533d7cf1
yaretzi_mexica_img_0261,img_261.jpg,animales,ilustracion_plana_color,512,512,ilustracion estilo tierno donde se observa: koala,Flat Icon,yaretzi_mexica,70c4d520c57977ab8e5e95b72579624439888596
yaretzi_mexica_img_0262,img_262.png,animales,ilustracion_plana_color,512,512,ilustracion estilo tierno donde se observa: ratón,Openclipart,yaretzi_mexica,80c77c8a82ecde773a2b325b232c99de410948a2
yaretzi_mexica_img_0263,img_263.jpg,animales,ilustracion_plana_color,512,512,ilustracion estilo tierno donde se observa: conejo,Flat Icon,yaretzi_mexica,a0e079140cd7e5bb6d30049036cbda8396a45852
yaretzi_mexica_img_0264,img_264.png,animales,ilustracion_plana_color,800,1272,ilustracion estilo tierno donde se observa: pato,Openclipart,yaretzi_mexica,2f84bb9b7e2b2fc9ca6c10a3c6559b44e50d0a01
yaretzi_mexica_img_0265,img_265.jpg,animales,ilustracion_plana_color,1200,1002,ilustracion estilo tierno donde se observa: conejo,Openclipart,yaretzi_mexica,b286f516076c10b99c229f42c320344deda4a85a
yaretzi_mexica_img_0266,img_266.png,animales,ilustracion_plana_color,450,450,ilustracion estilo tierno donde se observa: pájaro,Openclipart,yaretzi_mexica,78fac58fa2d56463351eccab782b2d4a51751dc9
yaretzi_mexica_img_0267,img_267.jpg,animales,ilustracion_plana_color,774,841,ilustracion estilo tierno donde se observa: ratón,Openclipart,yaretzi_mexica,1a6401b67714ffa6d528c4252b6bae85cea13312
yaretzi_mexica_img_0268,img_268.png,animales,ilustracion_plana_color,512,512,ilustracion estilo tierno donde se observa: tigre,Openclipart,yaretzi_mexica,f51904f250c8a6ca2bd0b54d721b17bedc9d7884
yaretzi_mexica_img_0269,img_269.jpg,animales,ilustracion_plana_color,430,531,ilustracion estilo tierno donde se observa: conejo,Openclipart,yaretzi_mexica,2c4b657e68b843e05aebf3689a45e489f4cc2c7d
yaretzi_mexica_img_0270,img_270.png,animales,ilustracion_plana_color,800,1536,ilustracion estilo tierno donde se observa: mono,Openclipart,yaretzi_mexica,63840bd18b2933ce1fa1fc4e37eabf9709f3b8be
yaretzi_mexica_img_0271,img_271.jpg,animales,ilustracion_plana_color,886,930,ilustracion estilo tierno donde se observa: panda,Openclipart,yaretzi_mexica,b38b8579dccbc67751425ad3fa2509185004fe8a
yaretzi_mexica_img_0272,img_272.png,animales,ilustracion_plana_color,450,450,ilustracion estilo tierno donde se observa: tigre,Openclipart,yaretzi_mexica,65be431595a400c9809701f31d15aca64b47f89c
yaretzi_mexica_img_0273,img_273.jpg,animales,ilustracion_plana_color,512,512,ilustracion estilo tierno donde se observa: ratón,Openclipart,yaretzi_mexica,d5d6729561a921f844150eafe66377d69209f95a
yaretzi_mexica_img_0274,img_274.png,animales,ilustracion_plana_color,512,512,ilustracion estilo tierno donde se observa: ratón,Openclipart,yaretzi_mexica,23438b576ad389b61a2009a8ef3c4af73fea38d2
yaretzi_mexica_img_0275,img_275.jpg,animales,ilustracion_plana_color,512,512,ilustracion estilo tierno donde se observa: pájaro,Openclipart,yaretzi_mexica,1c54e46aa9c43aa207618d9efe1f815d50ee4046
yaretzi_mexica_img_0276,img_276.png,animales,ilustracion_plana_color,450,450,ilustracion estilo tierno donde se observa: cerdito,Flat Icon,yaretzi_mexica,924aee2e450e8a98b73d6a62894c3b8111b1e607
yaretzi_mexica_img_0277,img_277.jpg,animales,ilustracion_plana_color,576,495,ilustracion estilo tierno donde se observa: ratón,Openclipart,yaretzi_mexica,1ee1864bfce4b866d1649f96c83a3f6b369f1efc
yaretzi_mexica_img_0278,img_278.png,animales,ilustracion_plana_color,800,630,ilustracion estilo tierno donde se observa: cerdito,Openclipart,yaretzi_mexica,c3ae8cb1f77ac9272b9596afb1df58aea0a6b477
yaretzi_mexica_img_0279,img_279.jpg,animales,ilustracion_plana_color,550,389,ilustracion estilo tierno donde se observa: oso,Openclipart,yaretzi_mexica,b37e86282995c4cc775b511451aa0d13ff22f8b2
yaretzi_mexica_img_0280,img_280.png,animales,ilustracion_plana_color,800,1018,ilustracion estilo tierno donde se observa: perro,Openclipart,yaretzi_mexica,257bd2271db1f3f2c613f864833202050139ae7a
yaretzi_mexica_img_0281,img_281.jpg,animales,ilustracion_plana_color,1199,1039,ilustracion estilo tierno donde se observa: oso,Flat Icon,yaretzi_mexica,90fd5ea8b30c20668806fd4d62bcaf246e6101e9
yaretzi_mexica_img_0282,img_282.png,animales,ilustracion_plana_color,450,450,ilustracion estilo tierno donde se observa: cerdito,Openclipart,yaretzi_mexica,c72a6c51db694bde9b43a094a34d52a750f99772
yaretzi_mexica_img_0283,img_283.jpeg,animales,ilustracion_plana_color,191,191,ilustracion estilo tierno donde se observa: panda,Openclipart,yaretzi_mexica,351123e1d09334f37a1178c3ce7fc2d6b8953605
yaretzi_mexica_img_0284,img_284.jpg,animales,ilustracion_plana_color,450,450,ilustracion estilo tierno donde se observa: koala,Openclipart,yaretzi_mexica,18f04bd2ec7c6258a3833542e610e7c5e8b83061
yaretzi_mexica_img_0285,img_285.png,animales,ilustracion_plana_color,800,450,ilustracion estilo tierno donde se observa: mono,Openclipart,yaretzi_mexica,46b45a2d62a1463148c705b231f77ddffa1f4ced
yaretzi_mexica_img_0286,img_286.jpg,animales,ilustracion_plana_color,768,1344,ilustracion estilo tierno donde se observa: rana,Openclipart,yaretzi_mexica,8e32d01e51b21a241bc22d59b5ff92e0b45c87db
yaretzi_mexica_img_0287,img_287.png,animales,ilustracion_plana_color,512,512,ilustracion estilo tierno donde se observa: cerdito,Openclipart,yaretzi_mexica,aedeac138abbe8786cdfac65464ece498c5023e9
yaretzi_mexica_img_0288,img_288.jpg,animales,ilustracion_plana_color,1200,816,ilustracion estilo tierno donde se observa: rana,Openclipart,yaretzi_mexica,e250fded1cb560a67c13b26ca4561061df2d5a27
yaretzi_mexica_img_0289,img_289.png,animales,ilustracion_plana_color,512,512,ilustracion estilo tierno donde se observa: tigre,Openclipart,yaretzi_mexica,a2864059b86f5222313e92b540d1dabcccb26ef9
yaretzi_mexica_img_0290,img_290.jpg,animales,ilustracion_plana_color,512,512,ilustracion estilo tierno donde se observa: rana,Openclipart,yaretzi_mexica,926bc8ff2a16a60e142aa0e62aa4e37c7c561cc0
yaretzi_mexica_img_0291,img_291.png,animales,ilustracion_plana_color,800,652,ilustracion estilo tierno donde se observa: ratón,Openclipart,yaretzi_mexica,7dd1301808cc1729a3183797025e6a080dc1003a
yaretzi_mexica_img_0292,img_292.jpg,animales,ilustracion_plana_color,460,305,ilustracion estilo tierno donde se observa: pájaro,Openclipart,yaretzi_mexica,88a6729adacb14d836fc247e9ebd95bc2a1110fc
yaretzi_mexica_img_0293,img_293.png,animales,ilustracion_plana_color,800,1091,ilustracion estilo tierno donde se observa: gato,Openclipart,yaretzi_mexica,afa347a0cc412d75bd8255bab2658850f359b18f
yaretzi_mexica_img_0294,img_294.jpg,animales,ilustracion_plana_color,512,512,ilustracion estilo tierno donde se observa: rana,Openclipart,yaretzi_mexica,b0c957779951751c361f82eedf39d6d3b59b330f
yaretzi_mexica_img_0295,img_295.png,animales,ilustracion_plana_color,800,1028,ilustracion estilo tierno donde se observa: oso,Openclipart,yaretzi_mexica,e65a479c18ace67a4ed82dd9165ee3c1b1850d35
yaretzi_mexica_img_0296,img_296.jpg,animales,ilustracion_plana_color,512,512,ilustracion estilo tierno donde se observa: cerdito,Openclipart,yaretzi_mexica,f8eaa0532b45f1ce98d29ba098e31932d4108d26
yaretzi_mexica_img_0297,img_297.png,animales,ilustracion_plana_color,800,1325,ilustracion estilo tierno donde se observa: rana,Openclipart,yaretzi_mexica,22199c5a324147a47f5ec197887c32d9ebaaf827
yaretzi_mexica_img_0298,img_298.jpg,animales,ilustracion_plana_color,512,512,ilustracion estilo tierno donde se observa: león,Openclipart,yaretzi_mexica,91030412a213c52abdf91d425a4ec50488224bc8
yaretzi_mexica_img_0299,img_299.png,animales,ilustracion_plana_color,450,450,ilustracion estilo tierno donde se observa: rana,Openclipart,yaretzi_mexica,f431303cace9c3c089bf2e1cde10e614b7b56d9b
yaretzi_mexica_img_0300,img_300.jpg,animales,ilustracion_plana_color,700,700,ilustracion estilo tierno donde se observa: rana,Openclipart,yaretzi_mexica,a266be823b714caf15572b81f1e58f645928b26a
yaretzi_mexica_img_0301,img_301.png,animales,ilustracion_plana_color,450,450,ilustracion estilo tierno donde se observa: oveja,Openclipart,yaretzi_mexica,45507feca7cd16adb1ebe5fa80cc2e6435b4cd32
yaretzi_mexica_img_0302,img_302.jpg,animales,ilustracion_plana_color,600,600,ilustracion estilo tierno donde se observa: rana,Openclipart,yaretzi_mexica,b050b4ea94dbe5b897b86615c79424b4c31d318d
yaretzi_mexica_img_0303,img_303.png,animales,ilustracion_plana_color,800,981,ilustracion estilo tierno donde se observa: cerdito,Openclipart,yaretzi_mexica,96c37fd8af2512b82048de3cde0ad7435cd4f8e1
yaretzi_mexica_img_0304,img_304.jpg,animales,ilustracion_plana_color,512,512,ilustracion estilo tierno donde se observa: ratón,Openclipart,yaretzi_mexica,d510ae9e25844b5b2d2421e9a5d98551a624fe12
yaretzi_mexica_img_0305,img_305.png,animales,ilustracion_plana_color,800,882,ilustracion estilo tierno donde se observa: cerdito,Openclipart,yaretzi_mexica,6b5b7c4c00607dafcfea1bc894d4a01d8c12dc6d
yaretzi_mexica_img_0306,img_306.jpeg,animales,ilustracion_plana_color,222,224,ilustracion estilo tierno donde se observa: pájaro,Openclipart,yaretzi_mexica,9f6cd0b08e115aada1c9f42309a6679df60808c9
yaretzi_mexica_img_0307,img_307.jpg,animales,ilustracion_plana_color,512,512,ilustracion estilo tierno donde se observa: cerdito,Openclipart,yaretzi_mexica,5961b84aef9b23f1587e4da6be2ef24fae91da3f
yaretzi_mexica_img_0308,img_308.png,animales,ilustracion_plana_color,450,450,ilustracion estilo tierno donde se observa: ratón,Openclipart,yaretzi_mexica,e712459cb8437f33a600d2d7dce93092589125a2
yaretzi_mexica_img_0309,img_309.jpg,animales,ilustracion_plana_color,1200,1200,ilustracion estilo tierno donde se observa: ratón,Openclipart,yaretzi_mexica,b7160ae39755e301e040aadfb641eac00e03c047
yaretzi_mexica_img_0310,img_310.png,animales,ilustracion_plana_color,450,450,ilustracion estilo tierno donde se observa: cerdito,Openclipart,yaretzi_mexica,8eddc968e6b92d146134577e896bb9690a061e93
yaretzi_mexica_img_0311,img_311.jpg,animales,ilustracion_plana_color,1000,1000,ilustracion estilo tierno donde se observa: ratón,Openclipart,yaretzi_mexica,e2c15f98e6c4de86a664502834856cc899e1ad0e
yaretzi_mexica_img_0312,img_312.png,animales,ilustracion_plana_color,800,1134,ilustracion estilo tierno donde se observa: mono,Openclipart,yaretzi_mexica,1e21bc9f7a53dd50170c975325088ef067020852
yaretzi_mexica_img_0313,img_313.jpg,animales,ilustracion_plana_color,305,303,ilustracion estilo tierno donde se observa: ratón,Openclipart,yaretzi_mexica,985b6516bdb87fc9ca6268f545f195a261ec26ea
yaretzi_mexica_img_0314,img_314.png,animales,ilustracion_plana_color,512,512,ilustracion estilo tierno donde se observa: tigre,Openclipart,yaretzi_mexica,45c79e645437737bd6ab24837be9b8cf6ca65e99
yaretzi_mexica_img_0315,img_315.jpg,animales,ilustracion_plana_color,1125,977,ilustracion estilo tierno donde se observa: koala,Openclipart,yaretzi_mexica,e1b6894c91c24ac204dabea21e7e07a86ad233e8
yaretzi_mexica_img_0316,img_316.png,animales,ilustracion_plana_color,512,512,ilustracion estilo tierno donde se observa: perro,Openclipart,yaretzi_mexica,c9344d5ac78de9e3d995f3650002d6b08d6092fb
yaretzi_mexica_img_0317,img_317.jpg,animales,ilustracion_plana_color,1079,1439,ilustracion estilo tierno donde se observa: ratón,Openclipart,yaretzi_mexica,006d838cd95416b9e9c6471d41362b0124bf4b08
yaretzi_mexica_img_0318,img_318.png,animales,ilustracion_plana_color,468,800,ilustracion estilo tierno donde se observa: tigre,Openclipart,yaretzi_mexica,66010a85730ae61f2ca01f4ba3c015f5e8059854
yaretzi_mexica_img_0319,img_319.jpg,animales,ilustracion_plana_color,736,736,ilustracion estilo tierno donde se observa: ratón,Openclipart,yaretzi_mexica,1f30c20006c3b34bf775f6b7cfbed102cfcf6804
yaretzi_mexica_img_0320,img_320.png,animales,ilustracion_plana_color,512,512,ilustracion estilo tierno donde se observa: pájaro,Openclipart,yaretzi_mexica,6983af99df4cc5106c175362d763d79d6e44eaa6
yaretzi_mexica_img_0321,img_321.jpg,animales,ilustracion_plana_color,512,512,ilustracion estilo tierno donde se observa: león,Flat Icon,yaretzi_mexica,618097fb27708a0a07a3637d3329b82f2facdeb5
yaretzi_mexica_img_0322,img_322.png,animales,ilustracion_plana_color,800,1197,ilustracion estilo tierno donde se observa: pájaro,Openclipart,yaretzi_mexica,65210e14845c62dc66daf43441d85eacdc546c09
yaretzi_mexica_img_0323,img_323.jpg,animales,ilustracion_plana_color,388,388,ilustracion estilo tierno donde se observa: león,Openclipart,yaretzi_mexica,94344b92e3551e486277d6658b5c5b3d9c2ceaa5
yaretzi_mexica_img_0324,img_324.png,animales,ilustracion_plana_color,512,512,ilustracion estilo tierno donde se observa: panda,Flat Icon,yaretzi_mexica,ac5665c98aa08e578d984a48fced6603b7371581
yaretzi_mexica_img_0325,img_325.jpg,animales,ilustracion_plana_color,512,512,ilustracion estilo tierno donde se observa: perro,Openclipart,yaretzi_mexica,28c077a9db2a6edec8591f5fff4c386a97af8bfc
yaretzi_mexica_img_0326,img_326.png,animales,ilustracion_plana_color,512,512,ilustracion estilo tierno donde se observa: koala,Openclipart,yaretzi_mexica,5e8439f2eb311fb27fbf84e082b9bd69c7ea8f56
yaretzi_mexica_img_0327,img_327.jpg,animales,ilustracion_plana_color,512,512,ilustracion estilo tierno donde se observa: león,Flat Icon,yaretzi_mexica,4aad3e6605ae4f019c38398862d77b61254f79fb
yaretzi_mexica_img_0328,img_328.png,animales,ilustracion_plana_color,450,450,ilustracion estilo tierno donde se observa: rana,Openclipart,yaretzi_mexica,279e3e6cead6a6e4c4aa7e6cf46ecbec1a79bdd6
yaretzi_mexica_img_0329,img_329.jpeg,animales,ilustracion_plana_color,227,227,ilustracion estilo tierno donde se observa: cerdito,Openclipart,yaretzi_mexica,86ada7ce48ed5954a878f9c10a81c7f40c0669c5
yaretzi_mexica_img_0330,img_330.jpg,animales,ilustracion_plana_color,512,512,ilustracion estilo tierno donde se observa: cerdito,Openclipart,yaretzi_mexica,b7b8d702748fa725806bc4164b691803818193b5
yaretzi_mexica_img_0331,img_331.png,animales,ilustracion_plana_color,512,512,ilustracion estilo tierno donde se observa: mono,Openclipart,yaretzi_mexica,88c16c735653e4d80573199aa8982cae5a7a2ffa
yaretzi_mexica_img_0332,img_332.jpg,animales,ilustracion_plana_color,640,640,ilustracion estilo tierno donde se observa: conejo,Openclipart,yaretzi_mexica,f3480e3bd9a2ee248155bdf3065e3b9e452df0b2
yaretzi_mexica_img_0333,img_333.png,animales,ilustracion_plana_color,800,1320,ilustracion estilo tierno donde se observa: rana,Openclipart,yaretzi_mexica,6d39eac0151fd5f159abaff5442641100cd30e6a
yaretzi_mexica_img_0334,img_334.jpg,animales,ilustracion_plana_color,1199,768,ilustracion estilo tierno donde se observa: pato,Flat Icon,yaretzi_mexica,0d199eb65fdddb9f46d9db519d3e530c9809ac6d
yaretzi_mexica_img_0335,img_335.png,animales,ilustracion_plana_color,450,450,ilustracion estilo tierno donde se observa: rana,Openclipart,yaretzi_mexica,3f6bca47c972039eef6e9026653027d6eb014ac0
yaretzi_mexica_img_0336,img_336.jpg,animales,ilustracion_plana_color,600,600,ilustracion estilo tierno donde se observa: perro,Flat Icon,yaretzi_mexica,1291d6fcc3c669e6adc9bc5c914713cad134745d
yaretzi_mexica_img_0337,img_337.png,animales,ilustracion_plana_color,512,512,ilustracion estilo tierno donde se observa: conejo,Openclipart,yaretzi_mexica,4c6218df5932c5de9bfd34383fc411958db6dde4
yaretzi_mexica_img_0338,img_338.jpg,animales,ilustracion_plana_color,512,512,ilustracion estilo tierno donde se observa: pájaro,Openclipart,yaretzi_mexica,93af7e745641b22f84618d8ffdcab62efa51dca2
yaretzi_mexica_img_0339,img_339.png,animales,ilustracion_plana_color,450,450,ilustracion estilo tierno donde se observa: tigre,Openclipart,yaretzi_mexica,77f9d8909e27f7a57fdf620406e076e56ca995fb
yaretzi_mexica_img_0340,img_340.jpg,animales,ilustracion_plana_color,512,512,ilustracion estilo tierno donde se observa: pato,Openclipart,yaretzi_mexica,523f68e0282243d8de4934377bef18096afa70f9
yaretzi_mexica_img_0341,img_341.png,animales,ilustracion_plana_color,800,1166,ilustracion estilo tierno donde se observa: rana,Openclipart,yaretzi_mexica,e92164a37ec4f2b0e638e8857b5ce59ed7190b3f
yaretzi_mexica_img_0342,img_342.jpg,animales,ilustracion_plana_color,552,980,ilustracion estilo tierno donde se observa: pájaro,Openclipart,yaretzi_mexica,17a617f5f73fa12eed56f67220466603755858f3
yaretzi_mexica_img_0343,img_343.png,animales,ilustracion_plana_color,512,512,ilustracion estilo tierno donde se observa: panda,Openclipart,yaretzi_mexica,19e7353dcd3d08fe725e2ff230e0f617c21ec3e5
yaretzi_mexica_img_0344,img_344.jpg,animales,ilustracion_plana_color,512,512,ilustracion estilo tierno donde se observa: pájaro,Openclipart,yaretzi_mexica,3fdf8abad3f2f24c5d0cd59192cc9d58736ad6c8
yaretzi_mexica_img_0345,img_345.png,animales,ilustracion_plana_color,800,663,ilustracion estilo tierno donde se observa: mono,Openclipart,yaretzi_mexica,6654053011e67886d105faf2f223c7f5ee8617de
yaretzi_mexica_img_0346,img_346.jpg,animales,ilustracion_plana_color,640,640,ilustracion estilo tierno donde se observa: león,Openclipart,yaretzi_mexica,15cd65bbc3c0662bc15800908e23bea907cfea9c
yaretzi_mexica_img_0347,img_347.png,animales,ilustracion_plana_color,450,450,ilustracion estilo tierno donde se observa: cerdito,Openclipart,yaretzi_mexica,e5feabd44f7fa1e6edf806e11cb33ebd68d8cdd6
yaretzi_mexica_img_0348,img_348.jpg,animales,ilustracion_plana_color,512,512,ilustracion estilo tierno donde se observa: perro,Openclipart,yaretzi_mexica,83f974766de3992cbb9b3142dd0d8365083d4f08
yaretzi_mexica_img_0349,img_349.png,animales,ilustracion_plana_color,800,1348,ilustracion estilo tierno donde se observa: león,Openclipart,yaretzi_mexica,adfe61fc32305e05683dbe171a432da424208b6c
yaretzi_mexica_img_0350,img_350.jpg,animales,ilustracion_plana_color,512,512,ilustracion estilo tierno donde se observa: gato,Openclipart,yaretzi_mexica,a979e3d659fbf5584474458ad13c4fca87619dc6
yaretzi_mexica_img_0351,img_351.png,animales,ilustracion_plana_color,783,792,ilustracion estilo tierno donde se observa: león,Openclipart,yaretzi_mexica,8e8b592d6c4369b30ba7e880ec9229528c6588f0
yaretzi_mexica_img_0352,img_352.jpeg,animales,ilustracion_plana_color,183,183,ilustracion estilo tierno donde se observa: panda,Openclipart,yaretzi_mexica,6657010df3c3b5cafd88570d1077e99c4940233d
yaretzi_mexica_img_0353,img_353.jpg,animales,ilustracion_plana_color,512,512,ilustracion estilo tierno donde se observa: cerdito,Openclipart,yaretzi_mexica,b9f82689d9175f58945258e35a3bfef440827d3f
yaretzi_mexica_img_0354,img_354.png,animales,ilustracion_plana_color,780,800,ilustracion estilo tierno donde se observa: zorro,Openclipart,yaretzi_mexica,cb586803da91f9c66503ba4ee4517d0f8ffa9973
yaretzi_mexica_img_0355,img_355.jpg,animales,ilustracion_plana_color,512,512,ilustracion estilo tierno donde se observa: gato,Openclipart,yaretzi_mexica,d8d2d9950ceb136762086e878291e05f8d7e0c5f
yaretzi_mexica_img_0356,img_356.png,animales,ilustracion_plana_color,780,772,ilustracion estilo tierno donde se observa: león,Openclipart,yaretzi_mexica,1a4845de7784b2e10c85e7ef7d4ea53272318cc1
yaretzi_mexica_img_0357,img_357.jpg,animales,ilustracion_plana_color,236,236,ilustracion estilo tierno donde se observa: rana,Openclipart,yaretzi_mexica,0f8137838ecf9465450f8ad4e700d2e60202ccfb
yaretzi_mexica_img_0358,img_358.png,animales,ilustracion_plana_color,450,450,ilustracion estilo tierno donde se observa: león,Openclipart,yaretzi_mexica,966c5aeb91ad584a9e98e38f6e57e815d0003039
yaretzi_mexica_img_0359,img_359.jpg,animales,ilustracion_plana_color,612,612,ilustracion estilo tierno donde se observa: rana,Openclipart,yaretzi_mexica,9b06e6820eec38156f39a729e6cc36627997993f
yaretzi_mexica_img_0360,img_360.png,animales,ilustracion_plana_color,512,512,ilustracion estilo tierno donde se observa: tigre,Openclipart,yaretzi_mexica,daed1ca944c5a9ed98f914763b5f70933a9d1cee
yaretzi_mexica_img_0361,img_361.jpg,animales,ilustracion_plana_color,512,512,ilustracion estilo tierno donde se observa: rana,Openclipart,yaretzi_mexica,af8e0698962f03d6fa9b8b8af0fd63803c281e8f
yaretzi_mexica_img_0362,img_362.png,animales,ilustracion_plana_color,800,1166,ilustracion estilo tierno donde se observa: tigre,Openclipart,yaretzi_mexica,af2449fa39637c681d6f7003d56857cd3e5737b6
yaretzi_mexica_img_0363,img_363.jpg,animales,ilustracion_plana_color,1199,799,ilustracion estilo tierno donde se observa: rana,Openclipart,yaretzi_mexica,538cb1bbb1a5ccee96cdfb03db26444548475f7a
yaretzi_mexica_img_0364,img_364.png,animales,ilustracion_plana_color,800,1262,ilustracion estilo tierno donde se observa: tigre,Openclipart,yaretzi_mexica,b0d722651b59bd66e5ae7ab85d2af48e2b0739ba
yaretzi_mexica_img_0365,img_365.jpg,animales,ilustracion_plana_color,512,512,ilustracion estilo tierno donde se observa: oso,Openclipart,yaretzi_mexica,8db102c413fd37d7e9a5c68e11e8eaeb567dee1c
yaretzi_mexica_img_0366,img_366.png,animales,ilustracion_plana_color,450,450,ilustracion estilo tierno donde se observa: gato,Openclipart,yaretzi_mexica,c595710f76820fe1cd52b1034e5dc8ea8810eb01
yaretzi_mexica_img_0367,img_367.jpg,animales,ilustracion_plana_color,512,512,ilustracion estilo tierno donde se observa: conejo,Flat Icon,yaretzi_mexica,b9bcc8da48ffc469884f964670f98cc4e45bd5e2
yaretzi_mexica_img_0368,img_368.png,animales,ilustracion_plana_color,800,600,ilustracion estilo tierno donde se observa: mono,Openclipart,yaretzi_mexica,2ff592736ede061a9ce8c5ac4e2a8f2bc478c22d
yaretzi_mexica_img_0369,img_369.jpg,animales,ilustracion_plana_color,480,480,ilustracion estilo tierno donde se observa: cerdito,Flat Icon,yaretzi_mexica,9501aaa45acaf8cc90fae3e74623e95ae3ac1336
yaretzi_mexica_img_0370,img_370.png,animales,ilustracion_plana_color,800,1326,ilustracion estilo tierno donde se observa: ratón,Openclipart,yaretzi_mexica,3f85887bf94e93e66f22f0085859186c072a7cab
yaretzi_mexica_img_0371,img_371.jpg,animales,ilustracion_plana_color,512,512,ilustracion estilo tierno donde se observa: cerdito,Openclipart,yaretzi_mexica,fb7b33e8ca692df8feec2c9752924f56d3f2e21c
yaretzi_mexica_img_0372,img_372.png,animales,ilustracion_plana_color,450,450,ilustracion estilo tierno donde se observa: conejo,Openclipart,yaretzi_mexica,a50509fc0ea7d578b94d0dbbfed6baa04c975464
yaretzi_mexica_img_0373,img_373.jpg,animales,ilustracion_plana_color,980,980,ilustracion estilo tierno donde se observa: rana,Openclipart,yaretzi_mexica,d4d88a06e959fe4e29f6800675fb8333adaffdb3
yaretzi_mexica_img_0374,img_374.png,animales,ilustracion_plana_color,800,1129,ilustracion estilo tierno donde se observa: conejo,Openclipart,yaretzi_mexica,cae77ef2354861a6edf5b90da3a55ce7163b984d
yaretzi_mexica_img_0375,img_375.jpeg,animales,ilustracion_plana_color,366,275,ilustracion estilo tierno donde se observa: rana,Openclipart,yaretzi_mexica,03491f4a09071cce449d2b4c1d8f90a639d22feb
yaretzi_mexica_img_0376,img_376.jpg,animales,ilustracion_plana_color,450,450,ilustracion estilo tierno donde se observa: cerdito,Openclipart,yaretzi_mexica,1dd9b444e25952fdc90037d2f843fa48091f0aa0
yaretzi_mexica_img_0377,img_377.png,animales,ilustracion_plana_color,450,450,ilustracion estilo tierno donde se observa: zorro,Openclipart,yaretzi_mexica,1c2c94a9719c07e78ebae96c1005a3de853a415a
yaretzi_mexica_img_0378,img_378.jpg,animales,ilustracion_plana_color,512,512,ilustracion estilo tierno donde se observa: ratón,Openclipart,yaretzi_mexica,e23ba3b0e39815718bdbe030af7f5db69600bfb8
yaretzi_mexica_img_0379,img_379.png,animales,ilustracion_plana_color,800,1030,ilustracion estilo tierno donde se observa: koala,Openclipart,yaretzi_mexica,a36fc92a3e073ab55256bf48162e9a1e9a9f3535
yaretzi_mexica_img_0380,img_380.jpg,animales,ilustracion_plana_color,400,400,ilustracion estilo tierno donde se observa: ratón,Openclipart,yaretzi_mexica,78e97af3a6ea8f628b62ae107f916aa797d45d62
yaretzi_mexica_img_0381,img_381.png,animales,ilustracion_plana_color,450,450,ilustracion estilo tierno donde se observa: gato,Openclipart,yaretzi_mexica,8f1c38d0641fd1d2827b6b12de4e700179cbf08a
yaretzi_mexica_img_0382,img_382.jpg,animales,ilustracion_plana_color,512,512,ilustracion estilo tierno donde se observa: ratón,Openclipart,yaretzi_mexica,b4bcc0da523f990a5a6550faf797fffec333bbd8
yaretzi_mexica_img_0383,img_383.png,animales,ilustracion_plana_color,512,512,ilustracion estilo tierno donde se observa: oveja,Flat Icon,yaretzi_mexica,7561cffc6a44aa53f6946b6f3d57160d68a9d712
yaretzi_mexica_img_0384,img_384.jpg,animales,ilustracion_plana_color,512,512,ilustracion estilo tierno donde se observa: ratón,Openclipart,yaretzi_mexica,529950e726f6e3511108deaf1a97aa539a359115
yaretzi_mexica_img_0385,img_385.png,animales,ilustracion_plana_color,450,450,ilustracion estilo tierno donde se observa: perro,Openclipart,yaretzi_mexica,644b7af7411fcda4878653f6974c15eafdef469d
yaretzi_mexica_img_0386,img_386.jpg,animales,ilustracion_plana_color,981,980,ilustracion estilo tierno donde se observa: cerdito,Openclipart,yaretzi_mexica,581963a32808fbb1f5611314df677eb43702db73
yaretzi_mexica_img_0387,img_387.png,animales,ilustracion_plana_color,512,512,ilustracion estilo tierno donde se observa: oso,Openclipart,yaretzi_mexica,452f03d55e6b6beca641636dcb2ff560303d7b70
yaretzi_mexica_img_0388,img_388.jpg,animales,ilustracion_plana_color,256,256,ilustracion estilo tierno donde se observa: pato,Openclipart,yaretzi_mexica,aee8210e9fadd35c12d11cd914c329b5d03a9a9f
yaretzi_mexica_img_0389,img_389.png,animales,ilustracion_plana_color,800,1317,ilustracion estilo tierno donde se observa: perro,Openclipart,yaretzi_mexica,c60784be5f7ba9cfbab481d5c1ca75ee554002b9
yaretzi_mexica_img_0390,img_390.jpg,animales,ilustracion_plana_color,512,512,ilustracion estilo tierno donde se observa: perro,Openclipart,yaretzi_mexica,3294d4b4c3b4f9f471b4c876252e48da5d0c34fc
yaretzi_mexica_img_0391,img_391.png,animales,ilustracion_plana_color,450,450,ilustracion estilo tierno donde se observa: zorro,Openclipart,yaretzi_mexica,f963d4bb85d556110274994c9193b935dc9f9c23
yaretzi_mexica_img_0392,img_392.jpg,animales,ilustracion_plana_color,512,512,ilustracion estilo tierno donde se observa: tigre,Openclipart,yaretzi_mexica,e3c31b9f2cb082a3ac46094588daff72c6a8cae1
yaretzi_mexica_img_0393,img_393.png,animales,ilustracion_plana_color,800,890,ilustracion estilo tierno donde se observa: ratón,Openclipart,yaretzi_mexica,bc4d721d0a01b9a4436978502019c2c1c32d1f30
yaretzi_mexica_img_0394,img_394.jpg,animales,ilustracion_plana_color,284,332,ilustracion estilo tierno donde se observa: león,Openclipart,yaretzi_mexica,8f315b97068e20e6e45e10c4bdba089fdc773154
yaretzi_mexica_img_0395,img_395.png,animales,ilustracion_plana_color,800,894,ilustracion estilo tierno donde se observa: mono,Openclipart,yaretzi_mexica,6551712c07951667a7b0251571aba901a1ca40d3
yaretzi_mexica_img_0396,img_396.jpg,animales,ilustracion_plana_color,1116,1264,ilustracion estilo tierno donde se observa: oveja,Openclipart,yaretzi_mexica,81c63a608d7423ace28d106a953556e36b9db6b6
yaretzi_mexica_img_0397,img_397.png,animales,ilustracion_plana_color,800,749,ilustracion estilo tierno donde se observa: mono,Openclipart,yaretzi_mexica,ae25499a83080c353fa972793f1cadba9aeec064
yaretzi_mexica_img_0398,img_398.jpeg,animales,ilustracion_plana_color,194,194,ilustracion estilo tierno donde se observa: pato,Openclipart,yaretzi_mexica,4d33342abd3bad0404fd1a82d68bb5922a47566b
yaretzi_mexica_img_0399,img_399.jpg,animales,ilustracion_plana_color,1024,768,ilustracion estilo tierno donde se observa: cerdito,Openclipart,yaretzi_mexica,a81b98d12ab4798b31dc80359587cc046b541a98
yaretzi_mexica_img_0400,img_400.png,animales,ilustracion_plana_color,800,871,ilustracion estilo tierno donde se observa: gato,Openclipart,yaretzi_mexica,bd2496bf3b236373a8eb87bb81afa6fcb645e6d4
yaretzi_mexica_img_0401,img_401.jpg,animales,ilustracion_plana_color,512,512,ilustracion estilo tierno donde se observa: koala,Flat Icon,yaretzi_mexica,ab761a269b30ff61ec3912a0eb4086a755a05065
yaretzi_mexica_img_0402,img_402.png,animales,ilustracion_plana_color,512,512,ilustracion estilo tierno donde se observa: ratón,Flat Icon,yaretzi_mexica,ce5a7e5e9c7cab3e1e558e3015340e2ed9d9c9bb
yaretzi_mexica_img_0403,img_403.jpg,animales,ilustracion_plana_color,512,512,ilustracion estilo tierno donde se observa: ratón,Openclipart,yaretzi_mexica,89f41c5009b0c20c8145fd2377d27b932fd958e6
yaretzi_mexica_img_0404,img_404.png,animales,ilustracion_plana_color,450,450,ilustracion estilo tierno donde se observa: ratón,Openclipart,yaretzi_mexica,d287ac7243546a5248c30dc2fccaf23e5c3087fa
yaretzi_mexica_img_0405,img_405.jpg,animales,ilustracion_plana_color,500,500,ilustracion estilo tierno donde se observa: koala,Openclipart,yaretzi_mexica,603b996f5788f6009d988a70ad5c84b13bc48429
yaretzi_mexica_img_0406,img_406.png,animales,ilustracion_plana_color,800,600,ilustracion estilo tierno donde se observa: rana,Openclipart,yaretzi_mexica,bb21b320060ff74e94e4f682de11ada31094d3f1
yaretzi_mexica_img_0407,img_407.jpg,animales,ilustracion_plana_color,480,480,ilustracion estilo tierno donde se observa: conejo,Openclipart,yaretzi_mexica,615b15a068480fc8d30910a2637a2a954ef46b0c
yaretzi_mexica_img_0408,img_408.png,animales,ilustracion_plana_color,450,450,ilustracion estilo tierno donde se observa: rana,Openclipart,yaretzi_mexica,09c9f9a7b71e7b34f1113b65689ac65a616f7599
yaretzi_mexica_img_0409,img_409.jpg,animales,ilustracion_plana_color,1080,1080,ilustracion estilo tierno donde se observa: rana,Pinterest,yaretzi_mexica,e9df6e5006142bd95524ee1921f0b1810a6f2ac3
yaretzi_mexica_img_0410,img_410.png,animales,ilustracion_plana_color,512,512,ilustracion estilo tierno donde se observa: rana,Openclipart,yaretzi_mexica,7c83f80d741b2a688eec9fd66b5b634d71ccfb23
yaretzi_mexica_img_0411,img_411.jpg,animales,ilustracion_plana_color,600,600,ilustracion estilo tierno donde se observa: mono,Flat Icon,yaretzi_mexica,9c3eafe7399c2a75b4515f39a9d7b72153663f90
yaretzi_mexica_img_0412,img_412.png,animales,ilustracion_plana_color,512,512,ilustracion estilo tierno donde se observa: zorro,Openclipart,yaretzi_mexica,a21c4a2ac16f5eb5421ade3262d8c8f84a29e8b9
yaretzi_mexica_img_0413,img_413.jpg,animales,ilustracion_plana_color,314,500,ilustracion estilo tierno donde se observa: panda,Openclipart,yaretzi_mexica,31e04d86f9044053158a6d4627d34a97390ecadb
yaretzi_mexica_img_0414,img_414.png,animales,ilustracion_plana_color,800,690,ilustracion estilo tierno donde se observa: koala,Openclipart,yaretzi_mexica,b7870ac20a10d5b779cea6fb3642ea4cff54d0db
yaretzi_mexica_img_0415,img_415.jpg,animales,ilustracion_plana_color,500,500,ilustracion estilo tierno donde se observa: gato,Openclipart,yaretzi_mexica,d63c4cea40f9fec138775d801f3803cd6a9ff283
yaretzi_mexica_img_0416,img_416.png,animales,ilustracion_plana_color,450,450,ilustracion estilo tierno donde se observa: oso,Openclipart,yaretzi_mexica,7ce0205b7ed406819862b7c18b4763e8a2c4fa29
yaretzi_mexica_img_0417,img_417.jpg,animales,ilustracion_plana_color,768,1344,ilustracion estilo tierno donde se observa: mono,Openclipart,yaretzi_mexica,3484d24c0f58d5f6dec9be2f856a873c3d090632
yaretzi_mexica_img_0418,img_418.png,animales,ilustracion_plana_color,800,600,ilustracion estilo tierno donde se observa: ratón,Openclipart,yaretzi_mexica,a9a10c2616e767ec24377e8fb03e45ac0702a584
yaretzi_mexica_img_0419,img_419.jpg,animales,ilustracion_plana_color,768,1344,ilustracion estilo tierno donde se observa: panda,Openclipart,yaretzi_mexica,d955b92d0da4c8079accd28910ad0eeeb7716b3f
yaretzi_mexica_img_0420,img_420.png,animales,ilustracion_plana_color,450,450,ilustracion estilo tierno donde se observa: pájaro,Openclipart,yaretzi_mexica,b11d7434225442070d7e0c2c013a85d2fc5ea97a
yaretzi_mexica_img_0421,img_421.jpeg,animales,ilustracion_plana_color,202,202,ilustracion estilo tierno donde se observa: perro,Pinterest,yaretzi_mexica,e4abf2e4f8b043ded159094a7c3bd2ba37c3269f
yaretzi_mexica_img_0422,img_422.jpg,animales,ilustracion_plana_color,512,512,ilustracion estilo tierno donde se observa: rana,Openclipart,yaretzi_mexica,4e704f97f3e3defda91b9fd60fb928f29011c50a
yaretzi_mexica_img_0423,img_423.png,animales,ilustracion_plana_color,450,450,ilustracion estilo tierno donde se observa: ratón,Openclipart,yaretzi_mexica,625b9ef871c64cc3c1f92c652a22c859f584631d
yaretzi_mexica_img_0424,img_424.jpg,animales,ilustracion_plana_color,768,1344,ilustracion estilo tierno donde se observa: panda,Flat Icon,yaretzi_mexica,018acd7f3951e6ab65cbe0ea0fb58d74ff17dfef
yaretzi_mexica_img_0425,img_425.png,animales,ilustracion_plana_color,512,512,ilustracion estilo tierno donde se observa: rana,Openclipart,yaretzi_mexica,72221dab4b1d58b4eee04980e0b366e900ca97e0
yaretzi_mexica_img_0426,img_426.jpg,animales,ilustracion_plana_color,980,980,ilustracion estilo tierno donde se observa: gato,Openclipart,yaretzi_mexica,f852e6bd76b0323d1a070582bbb5a4dc0674c23e
yaretzi_mexica_img_0427,img_427.png,animales,ilustracion_plana_color,450,450,ilustracion estilo tierno donde se observa: ratón,Openclipart,yaretzi_mexica,8e874ea1ee4265d3f35d46704df63ea59d40cfda
yaretzi_mexica_img_0428,img_428.jpg,animales,ilustracion_plana_color,578,626,ilustracion estilo tierno donde se observa: panda,Openclipart,yaretzi_mexica,be30083a16c6a323a0fadb06f68143e516d56d25
yaretzi_mexica_img_0429,img_429.png,animales,ilustracion_plana_color,800,1029,ilustracion estilo tierno donde se observa: oso,Openclipart,yaretzi_mexica,e17c1c134680c1c55d16364b78684350d9615ffa
yaretzi_mexica_img_0430,img_430.jpg,animales,ilustracion_plana_color,800,532,ilustracion estilo tierno donde se observa: mono,Openclipart,yaretzi_mexica,f3ff9e090fbbf1df613d731a89443cd73d36b018
yaretzi_mexica_img_0431,img_431.png,animales,ilustracion_plana_color,512,512,ilustracion estilo tierno donde se observa: león,Openclipart,yaretzi_mexica,21911c338dc432378afffd06cab6a88d62f735a7
yaretzi_mexica_img_0432,img_432.jpg,animales,ilustracion_plana_color,334,640,ilustracion estilo tierno donde se observa: mono,Pinterest,yaretzi_mexica,c9b2d9a2d5f85dc79e419b4665f87f764dc689a1
yaretzi_mexica_img_0433,img_433.png,animales,ilustracion_plana_color,450,450,ilustracion estilo tierno donde se observa: mono,Openclipart,yaretzi_mexica,24b7ee56ad3c7482a1fc4bf714c2722efb66867d
yaretzi_mexica_img_0434,img_434.jpg,animales,ilustracion_plana_color,1199,899,ilustracion estilo tierno donde se observa: mono,Flat Icon,yaretzi_mexica,7b0f6532bd94b44e3eac0589dd3c6ba9c51ceded
yaretzi_mexica_img_0435,img_435.png,animales,ilustracion_plana_color,800,630,ilustracion estilo tierno donde se observa: mono,Openclipart,yaretzi_mexica,e32de1c9efcd9dc0a31831c30c90319d5356bc2d
yaretzi_mexica_img_0436,img_436.jpg,animales,ilustracion_plana_color,1199,608,ilustracion estilo tierno donde se observa: perro,Flat Icon,yaretzi_mexica,7854e40b8f6f5631f8ef1e03af1171b06a4a0233
yaretzi_mexica_img_0437,img_437.png,animales,ilustracion_plana_color,800,947,ilustracion estilo tierno donde se observa: mono,Openclipart,yaretzi_mexica,713a14dc675057d130139ac793e6011f023f4e55
yaretzi_mexica_img_0438,img_438.jpg,animales,ilustracion_plana_color,1200,435,ilustracion estilo tierno donde se observa: pato,Openclipart,yaretzi_mexica,e12b27153a94c5490d105a19abeb2de7939dfe80
yaretzi_mexica_img_0439,img_439.png,animales,ilustracion_plana_color,450,450,ilustracion estilo tierno donde se observa: tigre,Openclipart,yaretzi_mexica,e6054209365bb5f6a2db3c9ebe1a121aa8ef1937
yaretzi_mexica_img_0440,img_440.jpg,animales,ilustracion_plana_color,238,238,ilustracion estilo tierno donde se observa: pato,Flat Icon,yaretzi_mexica,5f9f5b9b5148610b8ff25e7a47734d4bde1d1961
yaretzi_mexica_img_0441,img_441.png,animales,ilustracion_plana_color,512,512,ilustracion estilo tierno donde se observa: ratón,Openclipart,yaretzi_mexica,e535e0ea2813a245161b8ddd5f2fdeec1fc9a9c6
yaretzi_mexica_img_0442,img_442.jpg,animales,ilustracion_plana_color,736,736,ilustracion estilo tierno donde se observa: pájaro,Flat Icon,yaretzi_mexica,61abd94979166932c129c42dd01d56275cfc3142
yaretzi_mexica_img_0443,img_443.png,animales,ilustracion_plana_color,450,450,ilustracion estilo tierno donde se observa: panda,Openclipart,yaretzi_mexica,1d65e44e42c7f9a3e0c38e4db223e22b9d712f02
yaretzi_mexica_img_0444,img_444.jpeg,animales,ilustracion_plana_color,198,198,ilustracion estilo tierno donde se observa: perro,Flat Icon,yaretzi_mexica,b116ef4ec79771679015f2d64037cac05c80675b
yaretzi_mexica_img_0445,img_445.jpg,animales,ilustracion_plana_color,512,512,ilustracion estilo tierno donde se observa: conejo,Openclipart,yaretzi_mexica,e98aac05cc4cc4886f22b55411db78c710e08b77
yaretzi_mexica_img_0446,img_446.png,animales,ilustracion_plana_color,800,1025,ilustracion estilo tierno donde se observa: panda,Openclipart,yaretzi_mexica,13eeb4dc50695556d472b6def5fe6906ed1beac2
yaretzi_mexica_img_0447,img_447.jpg,animales,ilustracion_plana_color,512,512,ilustracion estilo tierno donde se observa: león,Openclipart,yaretzi_mexica,70568bf2557f6e5cef7f05a573a27ec4d7c8d005
yaretzi_mexica_img_0448,img_448.png,animales,ilustracion_plana_color,800,957,ilustracion estilo tierno donde se observa: mono,Openclipart,yaretzi_mexica,2b7e5494ae5780f154930eeb1774029bd994b03f
yaretzi_mexica_img_0449,img_449.jpg,animales,ilustracion_plana_color,736,736,ilustracion estilo tierno donde se observa: oveja,Pinterest,yaretzi_mexica,4dd3565da1e23751c8274aa2e54833e83c4ada93
yaretzi_mexica_img_0450,img_450.png,animales,ilustracion_plana_color,800,718,ilustracion estilo tierno donde se observa: mono,Openclipart,yaretzi_mexica,a36beafc7a54679362aa4451df27e507a6d8aebd
yaretzi_mexica_img_0451,img_451.jpg,animales,ilustracion_plana_color,964,1250,ilustracion estilo tierno donde se observa: oveja,Openclipart,yaretzi_mexica,624608020d2a79e8f9029fcd96c543315a31c371
yaretzi_mexica_img_0452,img_452.png,animales,ilustracion_plana_color,800,761,ilustracion estilo tierno donde se observa: mono,Openclipart,yaretzi_mexica,cfd5f2e8233d1999b81f8ce1ea84c4657e0c8174
yaretzi_mexica_img_0453,img_453.jpg,animales,ilustracion_plana_color,508,903,ilustracion estilo tierno donde se observa: oveja,Openclipart,yaretzi_mexica,52059c9b701201dbd2b107d2d96f960b83af2e2b
yaretzi_mexica_img_0454,img_454.png,animales,ilustracion_plana_color,512,512,ilustracion estilo tierno donde se observa: gato,Openclipart,yaretzi_mexica,e4776fb04ed20765fc96b11e8cf7bdb8d6c85735
yaretzi_mexica_img_0455,img_455.jpg,animales,ilustracion_plana_color,956,1529,ilustracion estilo tierno donde se observa: oveja,Openclipart,yaretzi_mexica,2f4c59bde2e65b1e1cbd17a01ff9dff2a69d4383
yaretzi_mexica_img_0456,img_456.png,animales,ilustracion_plana_color,712,786,ilustracion estilo tierno donde se observa: mono,Openclipart,yaretzi_mexica,5d0e56d7de7b0c2b663dd356bd56484faedad374
yaretzi_mexica_img_0457,img_457.jpg,animales,ilustracion_plana_color,1200,1200,ilustracion estilo tierno donde se observa: oveja,Flat Icon,yaretzi_mexica,579b30b02181bdde4070f7b10fbe80cf9b233a39
yaretzi_mexica_img_0458,img_458.png,animales,ilustracion_plana_color,450,450,ilustracion estilo tierno donde se observa: mono,Openclipart,yaretzi_mexica,ffdd13409415c1a8f8b6724e18ed34fdbde76d5c
yaretzi_mexica_img_0459,img_459.jpg,animales,ilustracion_plana_color,733,980,ilustracion estilo tierno donde se observa: oveja,Flat Icon,yaretzi_mexica,78fad8da8941343fc01eee4c678dd9759b7e31ec
yaretzi_mexica_img_0460,img_460.png,animales,ilustracion_plana_color,512,512,ilustracion estilo tierno donde se observa: mono,Openclipart,yaretzi_mexica,010a0dcb5d5174729f7719ab580981dd73ce841b
yaretzi_mexica_img_0461,img_461.jpg,animales,ilustracion_plana_color,247,300,ilustracion estilo tierno donde se observa: oveja,Openclipart,yaretzi_mexica,e8763601da6c172b744a7c947b6527c0f5b64e95
yaretzi_mexica_img_0462,img_462.png,animales,ilustracion_plana_color,800,898,ilustracion estilo tierno donde se observa: oveja,Openclipart,yaretzi_mexica,8aa810c129e617179bbd4952af6aa8227046de73
yaretzi_mexica_img_0463,img_463.jpg,animales,ilustracion_plana_color,600,600,ilustracion estilo tierno donde se observa: perro,Openclipart,yaretzi_mexica,b9f43d35b18dc55a3a4f86067df50b9aa98ccfd6
yaretzi_mexica_img_0464,img_464.png,animales,ilustracion_plana_color,450,450,ilustracion estilo tierno donde se observa: ratón,Openclipart,yaretzi_mexica,9959840931d0c0a010309643eb862385abb9f2f1
yaretzi_mexica_img_0465,img_465.jpg,animales,ilustracion_plana_color,534,534,ilustracion estilo tierno donde se observa: oveja,Openclipart,yaretzi_mexica,91f6914722582579ff349df6e0fc617e094a4e71
yaretzi_mexica_img_0466,img_466.png,animales,ilustracion_plana_color,800,905,ilustracion estilo tierno donde se observa: mono,Openclipart,yaretzi_mexica,c392d65b75543aa6a8f400744595218f633535f1
yaretzi_mexica_img_0467,img_467.jpeg,animales,ilustracion_plana_color,427,427,ilustracion estilo tierno donde se observa: perro,Openclipart,yaretzi_mexica,73e4cdb48f8be605f7f4a66ba2e6a8ecf08ab466
yaretzi_mexica_img_0468,img_468.jpg,animales,ilustracion_plana_color,512,512,ilustracion estilo tierno donde se observa: pájaro,Openclipart,yaretzi_mexica,9ded4946cb08f5079fcfe7937fb8ec765dd8504f
yaretzi_mexica_img_0469,img_469.png,animales,ilustracion_plana_color,800,528,ilustracion estilo tierno donde se observa: rana,Openclipart,yaretzi_mexica,b63eb7c26f332c3d2e07bd710c5605328f56dc5d
yaretzi_mexica_img_0470,img_470.jpeg,animales,ilustracion_plana_color,209,201,ilustracion estilo tierno donde se observa: cerdito,Pinterest,yaretzi_mexica,a4892fbde4941926223a62a50fb9ba933e3c3df4
yaretzi_mexica_img_0471,img_471.jpg,animales,ilustracion_plana_color,512,512,ilustracion estilo tierno donde se observa: conejo,Openclipart,yaretzi_mexica,0496efc9ac4d41c217b2374d10c726ae509ff649
yaretzi_mexica_img_0472,img_472.png,animales,ilustracion_plana_color,800,1039,ilustracion estilo tierno donde se observa: pájaro,Openclipart,yaretzi_mexica,dfaaa2367383ae7bbc26f3ba8f35f603851f474d
yaretzi_mexica_img_0473,img_473.jpg,animales,ilustracion_plana_color,960,720,ilustracion estilo tierno donde se observa: oveja,Openclipart,yaretzi_mexica,556eb078ccff5604e0865ef9b90f72ae88e2c93d
yaretzi_mexica_img_0474,img_474.png,animales,ilustracion_plana_color,450,450,ilustracion estilo tierno donde se observa: pájaro,Openclipart,yaretzi_mexica,e2b83899075de81cc85e1a8a44935dd946567bd3
yaretzi_mexica_img_0475,img_475.jpg,animales,ilustracion_plana_color,735,664,ilustracion estilo tierno donde se observa: ratón,Openclipart,yaretzi_mexica,e1d33bdd70af853e9b1c298017d55a88c4c50ca8
yaretzi_mexica_img_0476,img_476.png,animales,ilustracion_plana_color,800,484,ilustracion estilo tierno donde se observa: ratón,Openclipart,yaretzi_mexica,ff4dd0dffaa10f666e73ae8a7556007caac69b0a
yaretzi_mexica_img_0477,img_477.jpg,animales,ilustracion_plana_color,546,741,ilustracion estilo tierno donde se observa: ratón,Openclipart,yaretzi_mexica,f283243eb37ec7731fc9ff0ade2889ee67cd2317
yaretzi_mexica_img_0478,img_478.png,animales,ilustracion_plana_color,512,512,ilustracion estilo tierno donde se observa: mono,Openclipart,yaretzi_mexica,bafe368990a394d4d8d22a3d9b3e8c1483498c91
yaretzi_mexica_img_0479,img_479.jpg,animales,ilustracion_plana_color,300,246,ilustracion estilo tierno donde se observa: panda,Openclipart,yaretzi_mexica,af8cdaaba4f0fa09696314752647ecef5c401371
yaretzi_mexica_img_0480,img_480.png,animales,ilustracion_plana_color,800,778,ilustracion estilo tierno donde se observa: oso,Openclipart,yaretzi_mexica,3c6f283263900a90eec0c8383bf5dd8acf6abd91
yaretzi_mexica_img_0481,img_481.jpg,animales,ilustracion_plana_color,640,640,ilustracion estilo tierno donde se observa: ratón,Openclipart,yaretzi_mexica,056429e0f45663cd7e43c9a661e54ef9ea0ef562
yaretzi_mexica_img_0482,img_482.png,animales,ilustracion_plana_color,450,450,ilustracion estilo tierno donde se observa: mono,Flat Icon,yaretzi_mexica,cb995aea6657707e74582633025dc847024b5e1f
yaretzi_mexica_img_0483,img_483.jpg,animales,ilustracion_plana_color,300,284,ilustracion estilo tierno donde se observa: ratón,Openclipart,yaretzi_mexica,bee2218bfaf0f06c90368f6fb34702f1e6adb25d
yaretzi_mexica_img_0484,img_484.png,animales,ilustracion_plana_color,800,1231,ilustracion estilo tierno donde se observa: oveja,Openclipart,yaretzi_mexica,229ff84d0986385b741df2b5b42d4d012a6e7d5d
yaretzi_mexica_img_0485,img_485.jpg,animales,ilustracion_plana_color,512,512,ilustracion estilo tierno donde se observa: pájaro,Openclipart,yaretzi_mexica,7869cb4940fb7050bdace32a93dde1895435e2c1
yaretzi_mexica_img_0486,img_486.png,animales,ilustracion_plana_color,450,450,ilustracion estilo tierno donde se observa: pato,Openclipart,yaretzi_mexica,b096db73524007f36dcbb4026770677aec2bb8b5
yaretzi_mexica_img_0487,img_487.jpg,animales,ilustracion_plana_color,220,220,ilustracion estilo tierno donde se observa: león,Pinterest,yaretzi_mexica,0fad3726fb5e270ccbe66a38b79972de16782a0a
yaretzi_mexica_img_0488,img_488.png,animales,ilustracion_plana_color,800,1045,ilustracion estilo tierno donde se observa: oveja,Openclipart,yaretzi_mexica,1443555ea3dc20b9526403e040ce3e09973c6143
yaretzi_mexica_img_0489,img_489.jpg,animales,ilustracion_plana_color,256,256,ilustracion estilo tierno donde se observa: león,Flat Icon,yaretzi_mexica,fec5fa0f7174a685fd28a527d60d2c82050342dc
yaretzi_mexica_img_0490,img_490.png,animales,ilustracion_plana_color,512,512,ilustracion estilo tierno donde se observa: mono,Openclipart,yaretzi_mexica,bb900e4636146f3f6c6510e7354afedbd5cb1bf7
yaretzi_mexica_img_0491,img_491.jpg,animales,ilustracion_plana_color,512,512,ilustracion estilo tierno donde se observa: león,Openclipart,yaretzi_mexica,15a1e85d108a6de2798689cff5c03798730e846e
yaretzi_mexica_img_0492,img_492.png,animales,ilustracion_plana_color,800,892,ilustracion estilo tierno donde se observa: mono,Openclipart,yaretzi_mexica,0ccb5a5df709a7b3d4fe5b11c4f6985cc2975eaa
yaretzi_mexica_img_0493,img_493.jpeg,animales,ilustracion_plana_color,173,173,ilustracion estilo tierno donde se observa: conejo,Openclipart,yaretzi_mexica,9a68f2e86562abc62474ec448b7f1267d84110e9
yaretzi_mexica_img_0494,img_494.jpg,animales,ilustracion_plana_color,512,512,ilustracion estilo tierno donde se observa: conejo,Openclipart,yaretzi_mexica,b2e42481f274b2f3380061570e1c26ece83e94ae
yaretzi_mexica_img_0495,img_495.png,animales,ilustracion_plana_color,800,856,ilustracion estilo tierno donde se observa: pájaro,Openclipart,yaretzi_mexica,b0da92a84423e243ce6f74f913ab8ca4ca10030d
yaretzi_mexica_img_0496,img_496.jpg,animales,ilustracion_plana_color,512,512,ilustracion estilo tierno donde se observa: mono,Openclipart,yaretzi_mexica,25fe8726aeb6dd643a83a01efb8e8275d09bc5c0
yaretzi_mexica_img_0497,img_497.png,animales,ilustracion_plana_color,512,512,ilustracion estilo tierno donde se observa: perro,Openclipart,yaretzi_mexica,890d1dfa5980fb71a95e251d06c6a70d904ae606
yaretzi_mexica_img_0498,img_498.jpg,animales,ilustracion_plana_color,256,256,ilustracion estilo tierno donde se observa: mono,Openclipart,yaretzi_mexica,1fd0a671ea3beb52f4deef113ed7dca589798331
yaretzi_mexica_img_0499,img_499.png,animales,ilustracion_plana_color,800,1037,ilustracion estilo tierno donde se observa: cerdito,Openclipart,yaretzi_mexica,ae5221605d9d76ebec08d7a4d374efcde86cb073
yaretzi_mexica_img_0500,img_500.jpg,animales,ilustracion_plana_color,512,512,ilustracion estilo tierno donde se observa: león,Openclipart,yaretzi_mexica,b9f232034fb41bc7cfb0282c39e501859ae7347f
yaretzi_mexica_img_0501,img_501.png,animales,ilustracion_plana_color,512,512,ilustracion estilo tierno donde se observa: mono,Openclipart,yaretzi_mexica,ddf24b77412772ec3b0d3faed6aa66bb020a370f
yaretzi_mexica_img_0502,img_502.jpg,animales,ilustracion_plana_color,220,220,ilustracion estilo tierno donde se observa: cerdito,Openclipart,yaretzi_mexica,de8b4ffe59b63a76475b4f7fde3a50640b47d70a
yaretzi_mexica_img_0503,img_503.png,animales,ilustracion_plana_color,450,450,ilustracion estilo tierno donde se observa: pato,Flat Icon,yaretzi_mexica,9b3e59296aab915199ccc2eac352428136f66ac4
yaretzi_mexica_img_0504,img_504.jpg,animales,ilustracion_plana_color,512,512,ilustracion estilo tierno donde se observa: pájaro,Openclipart,yaretzi_mexica,923df3886963c12f4f3e26cbcf2f0308800ee600
yaretzi_mexica_img_0505,img_505.png,animales,ilustracion_plana_color,800,1464,ilustracion estilo tierno donde se observa: rana,Openclipart,yaretzi_mexica,5b77040f98927b0d82eeb10195aab6884ea88eea
yaretzi_mexica_img_0506,img_506.jpg,animales,ilustracion_plana_color,512,512,ilustracion estilo tierno donde se observa: perro,Openclipart,yaretzi_mexica,b09564c80120071777d9db56c77b3be6817bcfa9
yaretzi_mexica_img_0507,img_507.png,animales,ilustracion_plana_color,450,450,ilustracion estilo tierno donde se observa: oso,Openclipart,yaretzi_mexica,875bc8749090533bdcc82f748aa0760f70465750
yaretzi_mexica_img_0508,img_508.jpg,animales,ilustracion_plana_color,512,512,ilustracion estilo tierno donde se observa: rana,Openclipart,yaretzi_mexica,4ff584256db2c494eedde5cee7cd6fe9e18d03d5
yaretzi_mexica_img_0509,img_509.png,animales,ilustracion_plana_color,800,1177,ilustracion estilo tierno donde se observa: oso,Openclipart,yaretzi_mexica,b9625b58efec32f273bc475c1a7dc0d1049d4758
yaretzi_mexica_img_0510,img_510.jpg,animales,ilustracion_plana_color,600,600,ilustracion estilo tierno donde se observa: rana,Openclipart,yaretzi_mexica,34ee3cc5dbb148f471482109a44c05055762beab
yaretzi_mexica_img_0511,img_511.png,animales,ilustracion_plana_color,800,929,ilustracion estilo tierno donde se observa: oso,Openclipart,yaretzi_mexica,9b05756ce1818684ce762e69413d41de74b48585
yaretzi_mexica_img_0512,img_512.jpg,animales,ilustracion_plana_color,512,512,ilustracion estilo tierno donde se observa: cerdito,Openclipart,yaretzi_mexica,ffb3e1d0a1d2c6ec1ba495eac637fca91f9f8ecd
yaretzi_mexica_img_0513,img_513.png,animales,ilustracion_plana_color,512,512,ilustracion estilo tierno donde se observa: perro,Openclipart,yaretzi_mexica,14034a1059ff790b75b9165ea36f1e607a4e06d9
yaretzi_mexica_img_0514,img_514.jpg,animales,ilustracion_plana_color,512,512,ilustracion estilo tierno donde se observa: panda,Flat Icon,yaretzi_mexica,04ca3f0d6d06965c39f5183d7056606f4089f1af
yaretzi_mexica_img_0515,img_515.png,animales,ilustracion_plana_color,512,512,ilustracion estilo tierno donde se observa: panda,Openclipart,yaretzi_mexica,0736a0c2205b6921773c0c1d988b17649f989ddd
yaretzi_mexica_img_0516,img_516.jpeg,animales,ilustracion_plana_color,172,172,ilustracion estilo tierno donde se observa: pájaro,Openclipart,yaretzi_mexica,3d0a72a55fc9651c47773c43281e87949dfa356a
yaretzi_mexica_img_0517,img_517.jpg,animales,ilustracion_plana_color,600,600,ilustracion estilo tierno donde se observa: conejo,Pinterest,yaretzi_mexica,acebed89096b2df6d01d582fa843f1c50028d7c8
yaretzi_mexica_img_0518,img_518.png,animales,ilustracion_plana_color,800,1394,ilustracion estilo tierno donde se observa: pájaro,Openclipart,yaretzi_mexica,d4f29af50b6e1a78788ceb1951c62059c63cd508
yaretzi_mexica_img_0519,img_519.jpg,animales,ilustracion_plana_color,512,512,ilustracion estilo tierno donde se observa: zorro,Openclipart,yaretzi_mexica,2d909b8f1976cfa4e4531a24d91db5362cf1b851
yaretzi_mexica_img_0520,img_520.png,animales,ilustracion_plana_color,512,512,ilustracion estilo tierno donde se observa: perro,Openclipart,yaretzi_mexica,19759f947184eb49c21742c40136bb3695e81cc4
yaretzi_mexica_img_0521,img_521.jpg,animales,ilustracion_plana_color,512,512,ilustracion estilo tierno donde se observa: panda,Openclipart,yaretzi_mexica,a4e327d5ab8d8b39124568718a66795b7bac6a34
yaretzi_mexica_img_0522,img_522.png,animales,ilustracion_plana_color,450,450,ilustracion estilo tierno donde se observa: pato,Openclipart,yaretzi_mexica,9d2a02d08c60447819dc526288e40566c2cc4d2a
yaretzi_mexica_img_0523,img_523.jpg,animales,ilustracion_plana_color,220,220,ilustracion estilo tierno donde se observa: koala,Pinterest,yaretzi_mexica,8a40ab42e4fab9681d46b859089f5c08a8965340
yaretzi_mexica_img_0524,img_524.png,animales,ilustracion_plana_color,512,512,ilustracion estilo tierno donde se observa: oveja,Openclipart,yaretzi_mexica,8f56dad0af5e8b7f110a6158deb6f3585e895008
yaretzi_mexica_img_0525,img_525.jpg,animales,ilustracion_plana_color,1024,1024,ilustracion estilo tierno donde se observa: rana,Openclipart,yaretzi_mexica,7e07a255c40fc4a30751378ee068fc57fac66b64
yaretzi_mexica_img_0526,img_526.png,animales,ilustracion_plana_color,450,450,ilustracion estilo tierno donde se observa: oveja,Openclipart,yaretzi_mexica,bf75535302c30ee4b7b5e8118629754cc8614be1
yaretzi_mexica_img_0527,img_527.jpg,animales,ilustracion_plana_color,512,512,ilustracion estilo tierno donde se observa: ratón,Openclipart,yaretzi_mexica,635b75439d50f063a486c37ecb0a0c4e514bbbd3
yaretzi_mexica_img_0528,img_528.png,animales,ilustracion_plana_color,800,970,ilustracion estilo tierno donde se observa: pájaro,Openclipart,yaretzi_mexica,0e6b2f20688193f42addffb22d64a9c935d354e3
yaretzi_mexica_img_0529,img_529.jpg,animales,ilustracion_plana_color,768,1344,ilustracion estilo tierno donde se observa: oso,Openclipart,yaretzi_mexica,c11151d9635f9bfce2d6494a685a87f0e70b3e06
yaretzi_mexica_img_0530,img_530.png,animales,ilustracion_plana_color,800,838,ilustracion estilo tierno donde se observa: pájaro,Openclipart,yaretzi_mexica,83340dcef32c5e647415687d2df894472d382572
yaretzi_mexica_img_0531,img_531.jpg,animales,ilustracion_plana_color,510,540,ilustracion estilo tierno donde se observa: mono,Flat Icon,yaretzi_mexica,20fe31601ee55d5d7eeaee8ded3575bfaa84dd71
yaretzi_mexica_img_0532,img_532.png,animales,ilustracion_plana_color,800,1269,ilustracion estilo tierno donde se observa: pájaro,Openclipart,yaretzi_mexica,df00a41b231e44565fbd31745c27e8f1f389e125
yaretzi_mexica_img_0533,img_533.jpg,animales,ilustracion_plana_color,900,884,ilustracion estilo tierno donde se observa: mono,Openclipart,yaretzi_mexica,fab81894c0cd1779c17c0acda80a84d0c1c6e309
yaretzi_mexica_img_0534,img_534.png,animales,ilustracion_plana_color,512,512,ilustracion estilo tierno donde se observa: pájaro,Openclipart,yaretzi_mexica,8d66b13c8e69d7136c92788f1783b0b5dee06bc8
yaretzi_mexica_img_0535,img_535.jpg,animales,ilustracion_plana_color,564,737,ilustracion estilo tierno donde se observa: mono,Openclipart,yaretzi_mexica,1e2fe5b59c0973d2fa510f3b8e4f83c6efa8ab9d
yaretzi_mexica_img_0536,img_536.png,animales,ilustracion_plana_color,800,811,ilustracion estilo tierno donde se observa: pájaro,Openclipart,yaretzi_mexica,4ac3068b5062979169e543ba5224ce827a92952d
yaretzi_mexica_img_0537,img_537.jpg,animales,ilustracion_plana_color,512,512,ilustracion estilo tierno donde se observa: mono,Flat Icon,yaretzi_mexica,8970fe098fb87f759c6631e7dbed332177b218ab
yaretzi_mexica_img_0538,img_538.png,animales,ilustracion_plana_color,800,810,ilustracion estilo tierno donde se observa: pájaro,Openclipart,yaretzi_mexica,8f8a7bd2ff5575299398e1f2e42e88306227ce47
yaretzi_mexica_img_0539,img_539.jpeg,animales,ilustracion_plana_color,193,193,ilustracion estilo tierno donde se observa: rana,Openclipart,yaretzi_mexica,8bd2effc217b20d9d0a2179d5e0b5400abfa9c4f
yaretzi_mexica_img_0540,img_540.jpg,animales,ilustracion_plana_color,455,606,ilustracion estilo tierno donde se observa: conejo,Pinterest,yaretzi_mexica,a47005b71d068a5f7e50300e0d0e5713b2bab958
yaretzi_mexica_img_0541,img_541.png,animales,ilustracion_plana_color,800,754,ilustracion estilo tierno donde se observa: pájaro,Openclipart,yaretzi_mexica,8dca69a1803101b500f29474f4d3d0da96cf14f8
yaretzi_mexica_img_0542,img_542.jpg,animales,ilustracion_plana_color,292,260,ilustracion estilo tierno donde se observa: mono,Openclipart,yaretzi_mexica,edabc3a7c8dd0d5e692cf7e70d5e0eee3fbcfdf8
yaretzi_mexica_img_0543,img_543.png,animales,ilustracion_plana_color,800,682,ilustracion estilo tierno donde se observa: oso,Openclipart,yaretzi_mexica,952b1a4b2689cee4dbda1cd5cda01170d12b83a6
yaretzi_mexica_img_0544,img_544.jpg,animales,ilustracion_plana_color,512,512,ilustracion estilo tierno donde se observa: perro,Flat Icon,yaretzi_mexica,6b211dd358001e5fc1ebab7e996d8598f5f66a74
yaretzi_mexica_img_0545,img_545.png,animales,ilustracion_plana_color,743,793,ilustracion estilo tierno donde se observa: panda,Openclipart,yaretzi_mexica,4fe11d72f0dde8f9e04e7e55619033fc85fb75c1
yaretzi_mexica_img_0546,img_546.jpg,animales,ilustracion_plana_color,384,384,ilustracion estilo tierno donde se observa: panda,Pinterest,yaretzi_mexica,6d201b6c5de6060cbe421f03cade2c61cae62b28
yaretzi_mexica_img_0547,img_547.png,animales,ilustracion_plana_color,450,450,ilustracion estilo tierno donde se observa: panda,Openclipart,yaretzi_mexica,b5d2fb7c21c0c9167f8de3d0ff24fda011af43c7
yaretzi_mexica_img_0548,img_548.jpg,animales,ilustracion_plana_color,512,512,ilustracion estilo tierno donde se observa: ratón,Openclipart,yaretzi_mexica,7a23206737755e60bc43bf464c225e0ad692f1a5
yaretzi_mexica_img_0549,img_549.png,animales,ilustracion_plana_color,512,512,ilustracion estilo tierno donde se observa: zorro,Openclipart,yaretzi_mexica,59e31c13d256afedd2686c20a5d655ddcd60a169
yaretzi_mexica_img_0550,img_550.jpg,animales,ilustracion_plana_color,500,800,ilustracion estilo tierno donde se observa: ratón,Openclipart,yaretzi_mexica,7cfa75fa2b794d9cb75a747f825ca3b17d7512e3
yaretzi_mexica_img_0551,img_551.png,animales,ilustracion_plana_color,800,767,ilustracion estilo tierno donde se observa: león,Openclipart,yaretzi_mexica,5e0b5c3d69469b7e72b4bf82780202ec4f6e46b5
yaretzi_mexica_img_0552,img_552.jpg,animales,ilustracion_plana_color,1024,1024,ilustracion estilo tierno donde se observa: mono,Flat Icon,yaretzi_mexica,c3e2e8b9de4358624da7d05396a79463643fa5bf
yaretzi_mexica_img_0553,img_553.png,animales,ilustracion_plana_color,450,450,ilustracion estilo tierno donde se observa: león,Openclipart,yaretzi_mexica,6904ddb4b168ff25500c43934f1572f765612678
yaretzi_mexica_img_0554,img_554.jpg,animales,ilustracion_plana_color,1199,1298,ilustracion estilo tierno donde se observa: perro,Openclipart,yaretzi_mexica,ad85b5f9a9be88ef15126a7d108bcc19b1141faf
yaretzi_mexica_img_0555,img_555.png,animales,ilustracion_plana_color,512,512,ilustracion estilo tierno donde se observa: gato,Openclipart,yaretzi_mexica,8fce0ce00a9b9d7e6370eba17a45e3344022adf8
yaretzi_mexica_img_0556,img_556.jpg,animales,ilustracion_plana_color,512,512,ilustracion estilo tierno donde se observa: perro,Flat Icon,yaretzi_mexica,e6d5d823e12c91da70711efe0dce0aa020ac9fd3
yaretzi_mexica_img_0557,img_557.png,animales,ilustracion_plana_color,512,512,ilustracion estilo tierno donde se observa: pato,Openclipart,yaretzi_mexica,b51eba51f3e9e31aef4b587faff08f15aef5d252
yaretzi_mexica_img_0558,img_558.jpg,animales,ilustracion_plana_color,736,736,ilustracion estilo tierno donde se observa: pato,Openclipart,yaretzi_mexica,39220ce9309fd36cff8537f3a57582ac83f6d6f5
yaretzi_mexica_img_0559,img_559.png,animales,ilustracion_plana_color,450,450,ilustracion estilo tierno donde se observa: pato,Openclipart,yaretzi_mexica,c1f564000ae0a1b04b7ddf6b6973ff22326169fd
yaretzi_mexica_img_0560,img_560.jpg,animales,ilustracion_plana_color,736,736,ilustracion estilo tierno donde se observa: perro,Flat Icon,yaretzi_mexica,485586ae78feee57aa431da8dbe559ea003e332d
yaretzi_mexica_img_0561,img_561.png,animales,ilustracion_plana_color,512,512,ilustracion estilo tierno donde se observa: pájaro,Openclipart,yaretzi_mexica,82a0c9bac8a321f4c8d07ddf67451f5dba528ffd
yaretzi_mexica_img_0562,img_562.jpeg,animales,ilustracion_plana_color,210,210,ilustracion estilo tierno donde se observa: rana,Openclipart,yaretzi_mexica,512003922fb039ba838c4b14e545009de912a3c2
yaretzi_mexica_img_0563,img_563.jpg,animales,ilustracion_plana_color,1024,1024,ilustracion estilo tierno donde se observa: conejo,Openclipart,yaretzi_mexica,610f59d93aaa5673ebad8c5ef7f5cc6959584da4
yaretzi_mexica_img_0564,img_564.png,animales,ilustracion_plana_color,800,1006,ilustracion estilo tierno donde se observa: pájaro,Openclipart,yaretzi_mexica,886c347df7714eea771b691d3e9a845a77cb3dc7
yaretzi_mexica_img_0565,img_565.jpg,animales,ilustracion_plana_color,1200,1117,ilustracion estilo tierno donde se observa: pato,Openclipart,yaretzi_mexica,1f92326a0c2a3e74accff1257b4617001f7d09f0
yaretzi_mexica_img_0566,img_566.png,animales,ilustracion_plana_color,450,450,ilustracion estilo tierno donde se observa: pájaro,Openclipart,yaretzi_mexica,5d52d614d0dcac377d01d43196bdfc8126698a84
yaretzi_mexica_img_0567,img_567.jpg,animales,ilustracion_plana_color,220,220,ilustracion estilo tierno donde se observa: perro,Openclipart,yaretzi_mexica,bce6057af13b5a62e5a04086a891ad03cdc33727
yaretzi_mexica_img_0568,img_568.png,animales,ilustracion_plana_color,512,512,ilustracion estilo tierno donde se observa: pájaro,Openclipart,yaretzi_mexica,d5a8822e65ac815df673120f7ea442206c6de852
yaretzi_mexica_img_0569,img_569.jpg,animales,ilustracion_plana_color,750,562,ilustracion estilo tierno donde se observa: pájaro,Flat Icon,yaretzi_mexica,63d8dd82a745be108f512e4f4e03cd9eac0c0f01
yaretzi_mexica_img_0570,img_570.png,animales,ilustracion_plana_color,450,450,ilustracion estilo tierno donde se observa: pájaro,Openclipart,yaretzi_mexica,6267e59c978fc81c90f2a79ec750bd112ecf203f
yaretzi_mexica_img_0571,img_571.jpg,animales,ilustracion_plana_color,600,347,ilustracion estilo tierno donde se observa: perro,Openclipart,yaretzi_mexica,211a597e63e413d733e2c5536801a0133e148a35
yaretzi_mexica_img_0572,img_572.png,animales,ilustracion_plana_color,800,1420,ilustracion estilo tierno donde se observa: pato,Openclipart,yaretzi_mexica,2e634cad4620dcf2c588d86587e5ccc5c9effffc
yaretzi_mexica_img_0573,img_573.jpg,animales,ilustracion_plana_color,512,512,ilustracion estilo tierno donde se observa: perro,Openclipart,yaretzi_mexica,a80d674c4f9b6e796cb6de3f56a3add908004e96
yaretzi_mexica_img_0574,img_574.png,animales,ilustracion_plana_color,450,450,ilustracion estilo tierno donde se observa: pato,Openclipart,yaretzi_mexica,fb92c3c790e4eba9820936d6ee870caa0c81fd68
yaretzi_mexica_img_0575,img_575.jpg,animales,ilustracion_plana_color,220,220,ilustracion estilo tierno donde se observa: koala,Pinterest,yaretzi_mexica,6c76514c88f3f67ed5d184cb80a8700e5af26af3
yaretzi_mexica_img_0576,img_576.png,animales,ilustracion_plana_color,800,806,ilustracion estilo tierno donde se observa: pájaro,Openclipart,yaretzi_mexica,3aae7e6b94217e3631bb3024fca726574775aa28
yaretzi_mexica_img_0577,img_577.jpg,animales,ilustracion_plana_color,980,980,ilustracion estilo tierno donde se observa: zorro,Flat Icon,yaretzi_mexica,4b25b8b2fec5908fa5667b0f024fe1ace33db967
yaretzi_mexica_img_0578,img_578.png,animales,ilustracion_plana_color,450,450,ilustracion estilo tierno donde se observa: mono,Openclipart,yaretzi_mexica,ae5e2d5a4302921442d7fb15e18437b0d751e472
yaretzi_mexica_img_0579,img_579.jpg,animales,ilustracion_plana_color,626,626,ilustracion estilo tierno donde se observa: pato,Flat Icon,yaretzi_mexica,636cf4fa14b909ff2ae2ed6fb5c9dac78a50f778
yaretzi_mexica_img_0580,img_580.png,animales,ilustracion_plana_color,800,939,ilustracion estilo tierno donde se observa: pájaro,Openclipart,yaretzi_mexica,c75f1516c69325b6335adcf6f1fc87a6f560240d
yaretzi_mexica_img_0581,img_581.jpg,animales,ilustracion_plana_color,1200,857,ilustracion estilo tierno donde se observa: cerdito,Openclipart,yaretzi_mexica,e5adc488ae2c6d2a6f171c3a613d916a60f4e3ac
yaretzi_mexica_img_0582,img_582.png,animales,ilustracion_plana_color,800,723,ilustracion estilo tierno donde se observa: pájaro,Openclipart,yaretzi_mexica,471d9a94177fa053d1d7f267938523f9262d6081
yaretzi_mexica_img_0583,img_583.jpg,animales,ilustracion_plana_color,980,980,ilustracion estilo tierno donde se observa: ratón,Openclipart,yaretzi_mexica,8175ad70eed1a3d42067d5677572bcae74795579
yaretzi_mexica_img_0584,img_584.png,animales,ilustracion_plana_color,450,450,ilustracion estilo tierno donde se observa: pájaro,Openclipart,yaretzi_mexica,68b6209254eecf7193c0b3ed4f93311594562151
yaretzi_mexica_img_0585,img_585.jpeg,animales,ilustracion_plana_color,216,216,ilustracion estilo tierno donde se observa: rana,Openclipart,yaretzi_mexica,5f3b0de767f09f085afc9c67c5caaf04d0b1bc61
yaretzi_mexica_img_0586,img_586.jpg,animales,ilustracion_plana_color,512,512,ilustracion estilo tierno donde se observa: perro,Openclipart,yaretzi_mexica,d61b2784aca3d89a49a99b3b22b058cfb72b6a27
yaretzi_mexica_img_0587,img_587.png,animales,ilustracion_plana_color,800,752,ilustracion estilo tierno donde se observa: pájaro,Openclipart,yaretzi_mexica,97b29a44361fbb5be70cf5d04861915ba600e1d7
yaretzi_mexica_img_0588,img_588.jpg,animales,ilustracion_plana_color,800,275,ilustracion estilo tierno donde se observa: perro,Openclipart,yaretzi_mexica,6bd4e804b930c05a80a73800b62efdba369dd40b
yaretzi_mexica_img_0589,img_589.png,animales,ilustracion_plana_color,800,1111,ilustracion estilo tierno donde se observa: perro,Openclipart,yaretzi_mexica,02bc856dbdd7e2b1d311d837e88fddbcf489ccd3
yaretzi_mexica_img_0590,img_590.jpg,animales,ilustracion_plana_color,1198,526,ilustracion estilo tierno donde se observa: zorro,Openclipart,yaretzi_mexica,016ea82b72030cac5c09f80af1560b8771626225
yaretzi_mexica_img_0591,img_591.png,animales,ilustracion_plana_color,800,866,ilustracion estilo tierno donde se observa: perro,Openclipart,yaretzi_mexica,cb3400ce782c855b632ac53e9ed8d12ebd13da30
yaretzi_mexica_img_0592,img_592.jpg,animales,ilustracion_plana_color,736,736,ilustracion estilo tierno donde se observa: zorro,Openclipart,yaretzi_mexica,492fbfec04ca03191f087d454e8d33f1981eed8c
yaretzi_mexica_img_0593,img_593.png,animales,ilustracion_plana_color,800,684,ilustracion estilo tierno donde se observa: perro,Openclipart,yaretzi_mexica,7ed544eec8a5763a161d463cb74ea869b754ec60
yaretzi_mexica_img_0594,img_594.jpg,animales,ilustracion_plana_color,240,240,ilustracion estilo tierno donde se observa: cerdito,Openclipart,yaretzi_mexica,4452e679dc77c0c3da49cd75500c1c808bdb17e6
yaretzi_mexica_img_0595,img_595.png,animales,ilustracion_plana_color,800,731,ilustracion estilo tierno donde se observa: perro,Openclipart,yaretzi_mexica,614d3b5462cc71bd8223d2194ef65a7dc4189997
yaretzi_mexica_img_0596,img_596.jpg,animales,ilustracion_plana_color,980,980,ilustracion estilo tierno donde se observa: oveja,Flat Icon,yaretzi_mexica,749775818ab43a30a04c2ca84ceb242586e2d5a9
yaretzi_mexica_img_0597,img_597.png,animales,ilustracion_plana_color,450,450,ilustracion estilo tierno donde se observa: perro,Openclipart,yaretzi_mexica,49dabac725c437534b094809a85877e88c99c3ac
yaretzi_mexica_img_0598,img_598.jpg,animales,ilustracion_plana_color,238,250,ilustracion estilo tierno donde se observa: zorro,Flat Icon,yaretzi_mexica,5431a57c9d7a8a587a42ac0a8e97fce7e2396143
yaretzi_mexica_img_0599,img_599.png,animales,ilustracion_plana_color,512,512,ilustracion estilo tierno donde se observa: zorro,Openclipart,yaretzi_mexica,fe1c17d200a22045fd5629d819fb6066d5f9248f
yaretzi_mexica_img_0600,img_600.jpg,animales,ilustracion_plana_color,550,326,ilustracion estilo tierno donde se observa: cerdito,Openclipart,yaretzi_mexica,9148e58879d827d132dcb1df75287679e9a814ca
yaretzi_mexica_img_0601,img_601.png,animales,ilustracion_plana_color,800,807,ilustracion estilo tierno donde se observa: pájaro,Openclipart,yaretzi_mexica,42887d699d0359ff364a0edd2a9143034a41415e
yaretzi_mexica_img_0602,img_602.jpg,animales,ilustracion_plana_color,626,376,ilustracion estilo tierno donde se observa: cerdito,Openclipart,yaretzi_mexica,f9bccd52286c19b4df6e4655e4f53e934e8bd8db
yaretzi_mexica_img_0603,img_603.png,animales,ilustracion_plana_color,450,450,ilustracion estilo tierno donde se observa: pájaro,Openclipart,yaretzi_mexica,79d9cb1584e353ab32cb16aeb7a3569c734697f6
yaretzi_mexica_img_0604,img_604.jpg,animales,ilustracion_plana_color,639,439,ilustracion estilo tierno donde se observa: conejo,Openclipart,yaretzi_mexica,38ff4685074f40a68fae9fd9035e089f3a7f4780
yaretzi_mexica_img_0605,img_605.png,animales,ilustracion_plana_color,800,668,ilustracion estilo tierno donde se observa: ratón,Openclipart,yaretzi_mexica,3b5e33882bf3afdbfe8d681d6f468cddba3219b7
yaretzi_mexica_img_0606,img_606.jpg,animales,ilustracion_plana_color,512,512,ilustracion estilo tierno donde se observa: panda,Openclipart,yaretzi_mexica,ae6085ee15479710767ecc5385c6845d20ef3a29
yaretzi_mexica_img_0607,img_607.png,animales,ilustracion_plana_color,800,420,ilustracion estilo tierno donde se observa: pájaro,Openclipart,yaretzi_mexica,e8e45446af6f2398d6fbeeec73567e0bf7f572c4
yaretzi_mexica_img_0608,img_608.jpeg,animales,ilustracion_plana_color,216,216,ilustracion estilo tierno donde se observa: perro,Openclipart,yaretzi_mexica,a1ea9830850c454a546d699c58e9cbcd7b6abd5b
yaretzi_mexica_img_0609,img_609.jpg,animales,ilustracion_plana_color,512,512,ilustracion estilo tierno donde se observa: pájaro,Openclipart,yaretzi_mexica,46f0d7c9bc3dd7cd4a9cea3d272be51eeaadad9a
yaretzi_mexica_img_0610,img_610.png,animales,ilustracion_plana_color,800,1008,ilustracion estilo tierno donde se observa: pájaro,Openclipart,yaretzi_mexica,361a67e41c7490d570458f714d111ab7f95cefa5
yaretzi_mexica_img_0611,img_611.jpg,animales,ilustracion_plana_color,512,512,ilustracion estilo tierno donde se observa: cerdito,Flat Icon,yaretzi_mexica,4d39d16c631f3bd516d6016122bfc14b3355eb10
yaretzi_mexica_img_0612,img_612.png,animales,ilustracion_plana_color,800,533,ilustracion estilo tierno donde se observa: gato,Openclipart,yaretzi_mexica,20bdbaa3bf2f7e801be61876e38b8d59028bfe7c
yaretzi_mexica_img_0613,img_613.jpg,animales,ilustracion_plana_color,512,512,ilustracion estilo tierno donde se observa: oso,Flat Icon,yaretzi_mexica,8e072c7abad0b8347d591e69b7021986ff4793a5
yaretzi_mexica_img_0614,img_614.png,animales,ilustracion_plana_color,800,565,ilustracion estilo tierno donde se observa: ratón,Openclipart,yaretzi_mexica,76070365c07a4b78951ecca09e66dee4477d3bab
yaretzi_mexica_img_0615,img_615.jpg,animales,ilustracion_plana_color,512,512,ilustracion estilo tierno donde se observa: oso,Flat Icon,yaretzi_mexica,c31e32a3b482065a2ad2214c8a5e1c6b00216d5d
yaretzi_mexica_img_0616,img_616.png,animales,ilustracion_plana_color,800,593,ilustracion estilo tierno donde se observa: rana,Openclipart,yaretzi_mexica,e2d19fd7d846b9b74b5fc85726bc4823cf199a47
yaretzi_mexica_img_0617,img_617.jpg,animales,ilustracion_plana_color,512,512,ilustracion estilo tierno donde se observa: oso,Flat Icon,yaretzi_mexica,b3f8e107756e36815a4368108ebb062c56dc6c00
yaretzi_mexica_img_0618,img_618.png,animales,ilustracion_plana_color,800,548,ilustracion estilo tierno donde se observa: pájaro,Openclipart,yaretzi_mexica,f825a965a0f576eba3999e874ff95aeafca7f08d
yaretzi_mexica_img_0619,img_619.jpg,animales,ilustracion_plana_color,512,512,ilustracion estilo tierno donde se observa: oso,Pinterest,yaretzi_mexica,3bfa701fa1242784cca26b8346e0d156d8ce7ae8
yaretzi_mexica_img_0620,img_620.png,animales,ilustracion_plana_color,800,560,ilustracion estilo tierno donde se observa: panda,Openclipart,yaretzi_mexica,c6b23cdabd6fbf8da5b6a6dfd496a643a521f3f2
yaretzi_mexica_img_0621,img_621.jpg,animales,ilustracion_plana_color,200,200,ilustracion estilo tierno donde se observa: pájaro,Openclipart,yaretzi_mexica,b7b2fff69d463cbab13c63c3d2fcf624c4d6dcb2
yaretzi_mexica_img_0622,img_622.png,animales,ilustracion_plana_color,800,543,ilustracion estilo tierno donde se observa: rana,Openclipart,yaretzi_mexica,dcb811be5a2a25008805d839503ddae97f4ec796
yaretzi_mexica_img_0623,img_623.jpg,animales,ilustracion_plana_color,220,220,ilustracion estilo tierno donde se observa: pájaro,Openclipart,yaretzi_mexica,eda8bf2d9ec0cd986374dfd7ec3cfaebcf7fbff5
yaretzi_mexica_img_0624,img_624.png,animales,ilustracion_plana_color,800,561,ilustracion estilo tierno donde se observa: ratón,Openclipart,yaretzi_mexica,6a21a5870887a48ed9f1ef1e00a8a8caacc940d2
yaretzi_mexica_img_0625,img_625.jpg,animales,ilustracion_plana_color,600,600,ilustracion estilo tierno donde se observa: pájaro,Openclipart,yaretzi_mexica,cb538692e503501cf03ce04c8cb7d5e8b77d96f2
yaretzi_mexica_img_0626,img_626.png,animales,ilustracion_plana_color,800,620,ilustracion estilo tierno donde se observa: rana,Openclipart,yaretzi_mexica,3d8f379683bf751905a24d808ac0d86b11fc783b
yaretzi_mexica_img_0627,img_627.jpg,animales,ilustracion_plana_color,220,220,ilustracion estilo tierno donde se observa: panda,Pinterest,yaretzi_mexica,5cb4e4188fefc6e713b730e27f78841a01e9a9e4
yaretzi_mexica_img_0628,img_628.png,animales,ilustracion_plana_color,800,672,ilustracion estilo tierno donde se observa: rana,Openclipart,yaretzi_mexica,8a1e05dcc72e866556f84f5048444ea03c0a50ff
yaretzi_mexica_img_0629,img_629.jpg,animales,ilustracion_plana_color,736,712,ilustracion estilo tierno donde se observa: ratón,Openclipart,yaretzi_mexica,7fe29b0c0be0a02f1ea00611b950609f381d1072
yaretzi_mexica_img_0630,img_630.png,animales,ilustracion_plana_color,800,587,ilustracion estilo tierno donde se observa: cerdito,Openclipart,yaretzi_mexica,c3de49a76239b0ad40a50c50852f45997303f39a
yaretzi_mexica_img_0631,img_631.jpeg,animales,ilustracion_plana_color,193,193,ilustracion estilo tierno donde se observa: zorro,Openclipart,yaretzi_mexica,b71e6605910a1ffe913bfded546442e62bac0735
yaretzi_mexica_img_0632,img_632.jpg,animales,ilustracion_plana_color,500,500,ilustracion estilo tierno donde se observa: pájaro,Openclipart,yaretzi_mexica,30c8cc66dc8fab8c677742bde5d2623b3bbeec5d
yaretzi_mexica_img_0633,img_633.png,animales,ilustracion_plana_color,800,1771,ilustracion estilo tierno donde se observa: pájaro,Openclipart,yaretzi_mexica,bf9d3a8311653c1b1e2c7ab13a9590bce18d2d19
yaretzi_mexica_img_0634,img_634.jpg,animales,ilustracion_plana_color,600,600,ilustracion estilo tierno donde se observa: pato,Flat Icon,yaretzi_mexica,be204d4b79baa7dfd27df978ac4d64a0e7af3333
yaretzi_mexica_img_0635,img_635.png,animales,ilustracion_plana_color,800,586,ilustracion estilo tierno donde se observa: rana,Openclipart,yaretzi_mexica,78c1d455b35fd791c13f20e82659cfbce731e769
yaretzi_mexica_img_0636,img_636.jpg,animales,ilustracion_plana_color,512,512,ilustracion estilo tierno donde se observa: oso,Pinterest,yaretzi_mexica,0ab59f1f9e62f98e53f6d62a9c7348e900c8c1b1
yaretzi_mexica_img_0637,img_637.png,animales,ilustracion_plana_color,512,512,ilustracion estilo tierno donde se observa: pato,Openclipart,yaretzi_mexica,59d93bbd197d331f34f900022712cd972f426358
yaretzi_mexica_img_0638,img_638.jpg,animales,ilustracion_plana_color,512,512,ilustracion estilo tierno donde se observa: rana,Flat Icon,yaretzi_mexica,4c4e5e4a79ad7faebccb53834d5d86f88ac5f5ae
yaretzi_mexica_img_0639,img_639.png,animales,ilustracion_plana_color,512,512,ilustracion estilo tierno donde se observa: pato,Openclipart,yaretzi_mexica,e9ed550081bdc9e4919164de5568b9a3b7d82d1a
yaretzi_mexica_img_0640,img_640.jpg,animales,ilustracion_plana_color,250,250,ilustracion estilo tierno donde se observa: mono,Flat Icon,yaretzi_mexica,8f9899fc0159db08a460fe0f3993cad254498fcb
yaretzi_mexica_img_0641,img_641.png,animales,ilustracion_plana_color,512,512,ilustracion estilo tierno donde se observa: tigre,Openclipart,yaretzi_mexica,556100d20c49195618bcb894697c31b2bc09bd9e
yaretzi_mexica_img_0642,img_642.jpg,animales,ilustracion_plana_color,734,1000,ilustracion estilo tierno donde se observa: koala,Openclipart,yaretzi_mexica,33dd3d82823abe939cc78b8d7694de82a4a4335d
yaretzi_mexica_img_0643,img_643.png,animales,ilustracion_plana_color,800,1318,ilustracion estilo tierno donde se observa: pájaro,Openclipart,yaretzi_mexica,c74dc504f718594eae38fb49bc138035cf0d3c25
yaretzi_mexica_img_0644,img_644.jpg,animales,ilustracion_plana_color,768,1344,ilustracion estilo tierno donde se observa: panda,Openclipart,yaretzi_mexica,867b127a0f15c3af99aac775bcc3b2c4d38dd17d
yaretzi_mexica_img_0645,img_645.png,animales,ilustracion_plana_color,800,726,ilustracion estilo tierno donde se observa: ratón,Openclipart,yaretzi_mexica,a1d6cf94863f33dd36acb8577e975e8ae2599311
yaretzi_mexica_img_0646,img_646.jpg,animales,ilustracion_plana_color,1200,1281,ilustracion estilo tierno donde se observa: panda,Flat Icon,yaretzi_mexica,c8da9d65ca0d0d80d95cb65305daa95d2377d060
yaretzi_mexica_img_0647,img_647.png,animales,ilustracion_plana_color,800,783,ilustracion estilo tierno donde se observa: ratón,Openclipart,yaretzi_mexica,bc7564adc727973c717ea14b776234007d6cc204
yaretzi_mexica_img_0648,img_648.jpg,animales,ilustracion_plana_color,736,736,ilustracion estilo tierno donde se observa: mono,Flat Icon,yaretzi_mexica,dd330956b3313ba030f466c2600f073875b10aa0
yaretzi_mexica_img_0649,img_649.png,animales,ilustracion_plana_color,800,571,ilustracion estilo tierno donde se observa: ratón,Openclipart,yaretzi_mexica,154ad2120c6c74d922e9f38319d9d9567208c66f
yaretzi_mexica_img_0650,img_650.jpg,animales,ilustracion_plana_color,960,960,ilustracion estilo tierno donde se observa: panda,Openclipart,yaretzi_mexica,5bdfc6b6c2a56947d7c218d9103b1f69ce83b6fc
yaretzi_mexica_img_0651,img_651.png,animales,ilustracion_plana_color,512,512,ilustracion estilo tierno donde se observa: pájaro,Openclipart,yaretzi_mexica,873bb30c049b3d57c45857016083459cbb21e58e
yaretzi_mexica_img_0652,img_652.jpg,animales,ilustracion_plana_color,300,300,ilustracion estilo tierno donde se observa: perro,Openclipart,yaretzi_mexica,13155831839e113a8783de265051efc91d61a3b7
yaretzi_mexica_img_0653,img_653.png,animales,ilustracion_plana_color,450,450,ilustracion estilo tierno donde se observa: pájaro,Flat Icon,yaretzi_mexica,cdb4ef13a849f21b77d12d691447401b65f43b40
yaretzi_mexica_img_0654,img_654.jpeg,animales,ilustracion_plana_color,201,201,ilustracion estilo tierno donde se observa: zorro,Openclipart,yaretzi_mexica,8ed8978db0eaf8ba3eef9de7de5ea282edc43551
yaretzi_mexica_img_0655,img_655.jpg,animales,ilustracion_plana_color,736,1104,ilustracion estilo tierno donde se observa: ratón,Openclipart,yaretzi_mexica,77aee07b9cfce020f5ec8fb4bc742d54c88a685d
yaretzi_mexica_img_0656,img_656.png,animales,ilustracion_plana_color,800,958,ilustracion estilo tierno donde se observa: pájaro,Openclipart,yaretzi_mexica,94485a294f89b2046f561bde16e9265475956583
yaretzi_mexica_img_0657,img_657.jpg,animales,ilustracion_plana_color,512,512,ilustracion estilo tierno donde se observa: perro,Openclipart,yaretzi_mexica,b36abaa1e9247a42c6e699b80895d26000ee3486
yaretzi_mexica_img_0658,img_658.png,animales,ilustracion_plana_color,800,1178,ilustracion estilo tierno donde se observa: pájaro,Openclipart,yaretzi_mexica,86c9babe90f86f05a6bddeb896c5d4eb99b68b25
yaretzi_mexica_img_0659,img_659.jpg,animales,ilustracion_plana_color,512,512,ilustracion estilo tierno donde se observa: perro,Openclipart,yaretzi_mexica,37defeb31266376fa15cda6e3730c9d6adb1740a
yaretzi_mexica_img_0660,img_660.png,animales,ilustracion_plana_color,800,1270,ilustracion estilo tierno donde se observa: pájaro,Openclipart,yaretzi_mexica,c35797d95b09a18b590d684545c477fa39754579
yaretzi_mexica_img_0661,img_661.jpg,animales,ilustracion_plana_color,589,680,ilustracion estilo tierno donde se observa: perro,Openclipart,yaretzi_mexica,8a05c7f5dc223df967da07385fd7d1f2251215fa
yaretzi_mexica_img_0662,img_662.png,animales,ilustracion_plana_color,800,905,ilustracion estilo tierno donde se observa: ratón,Openclipart,yaretzi_mexica,40c8efddb0bb628677fc9e626ffe9a90eb201a56
yaretzi_mexica_img_0663,img_663.jpg,animales,ilustracion_plana_color,980,980,ilustracion estilo tierno donde se observa: perro,Openclipart,yaretzi_mexica,bc1e0a7025ba61e3ab356a77298c2907e5ce5f04
yaretzi_mexica_img_0664,img_664.png,animales,ilustracion_plana_color,512,512,ilustracion estilo tierno donde se observa: pato,Openclipart,yaretzi_mexica,6c00dbc2d49f34b149c3e30fe69300f15ec045be
yaretzi_mexica_img_0665,img_665.jpg,animales,ilustracion_plana_color,512,512,ilustracion estilo tierno donde se observa: ratón,Openclipart,yaretzi_mexica,0b207c06f307230dbe386767a39542255df0c6eb
yaretzi_mexica_img_0666,img_666.png,animales,ilustracion_plana_color,800,1012,ilustracion estilo tierno donde se observa: pájaro,Openclipart,yaretzi_mexica,b31b52783d9940ea851bb05a77237c48e2981799
yaretzi_mexica_img_0667,img_667.jpg,animales,ilustracion_plana_color,400,400,ilustracion estilo tierno donde se observa: rana,Flat Icon,yaretzi_mexica,b134825c7853ca93a7a4d0c186a0d70039ad3b4b
yaretzi_mexica_img_0668,img_668.png,animales,ilustracion_plana_color,800,833,ilustracion estilo tierno donde se observa: pájaro,Openclipart,yaretzi_mexica,24aa3975b72cd49a76a60a773599411df9d3f59d
yaretzi_mexica_img_0669,img_669.jpg,animales,ilustracion_plana_color,600,600,ilustracion estilo tierno donde se observa: pato,Flat Icon,yaretzi_mexica,876c158da2c30b53f9ce694e4232a7ae136bdabc
yaretzi_mexica_img_0670,img_670.png,animales,ilustracion_plana_color,450,450,ilustracion estilo tierno donde se observa: pájaro,Openclipart,yaretzi_mexica,23853edde4ed6792c50c39e525909698c57ed828
yaretzi_mexica_img_0671,img_671.jpg,animales,ilustracion_plana_color,512,512,ilustracion estilo tierno donde se observa: pato,Openclipart,yaretzi_mexica,0010dac7b16a999e980f97e39e80f3a68d64893d
yaretzi_mexica_img_0672,img_672.png,animales,ilustracion_plana_color,800,895,ilustracion estilo tierno donde se observa: león,Openclipart,yaretzi_mexica,7622ca4d259a3cf20bdcc3e4ab62674a212e9d43
yaretzi_mexica_img_0673,img_673.jpg,animales,ilustracion_plana_color,512,512,ilustracion estilo tierno donde se observa: tigre,Openclipart,yaretzi_mexica,df84f6a5a7bf7f59d68062cb9d360fcad2b948f8
yaretzi_mexica_img_0674,img_674.png,animales,ilustracion_plana_color,512,512,ilustracion estilo tierno donde se observa: pájaro,Openclipart,yaretzi_mexica,3796898fb89bdef82c615289aa0112628eab0e2e
yaretzi_mexica_img_0675,img_675.jpg,animales,ilustracion_plana_color,512,512,ilustracion estilo tierno donde se observa: tigre,Openclipart,yaretzi_mexica,8cded879771c9105172170221ee1fa10cab949db
yaretzi_mexica_img_0676,img_676.png,animales,ilustracion_plana_color,512,512,ilustracion estilo tierno donde se observa: mono,Openclipart,yaretzi_mexica,166c7da896a5a23f94a5210190e56f85644c9438
yaretzi_mexica_img_0677,img_677.jpeg,animales,ilustracion_plana_color,220,220,ilustracion estilo tierno donde se observa: león,Openclipart,yaretzi_mexica,faaf76583c6f627c741249f4c59990fb3ac329dc
yaretzi_mexica_img_0678,img_678.jpg,animales,ilustracion_plana_color,768,1344,ilustracion estilo tierno donde se observa: ratón,Openclipart,yaretzi_mexica,3501b2c0ce6798cca75a052b56ef7386159249d5
yaretzi_mexica_img_0679,img_679.png,animales,ilustracion_plana_color,800,807,ilustracion estilo tierno donde se observa: pájaro,Openclipart,yaretzi_mexica,5117973f00bf467ddbdc42566fa37af217114bc2
yaretzi_mexica_img_0680,img_680.jpg,animales,ilustracion_plana_color,512,512,ilustracion estilo tierno donde se observa: pájaro,Openclipart,yaretzi_mexica,c9a8688adfa280a52b664335ff97fc9823f5b7d8
yaretzi_mexica_img_0681,img_681.png,animales,ilustracion_plana_color,800,783,ilustracion estilo tierno donde se observa: rana,Openclipart,yaretzi_mexica,299e431ad261f67c1b0b982b44a4f56f2902d711
yaretzi_mexica_img_0682,img_682.jpg,animales,ilustracion_plana_color,1055,798,ilustracion estilo tierno donde se observa: rana,Openclipart,yaretzi_mexica,f44f145b55cf01e32c4cdb875b03dd12308f5623
yaretzi_mexica_img_0683,img_683.png,animales,ilustracion_plana_color,800,783,ilustracion estilo tierno donde se observa: rana,Openclipart,yaretzi_mexica,440cd2482d215022b5b3becf3d88b96e6383c423
yaretzi_mexica_img_0684,img_684.jpg,animales,ilustracion_plana_color,564,564,ilustracion estilo tierno donde se observa: pájaro,Flat Icon,yaretzi_mexica,7da8d11f5344e9b200ad26f138d057f3dfff3758
yaretzi_mexica_img_0685,img_685.png,animales,ilustracion_plana_color,450,450,ilustracion estilo tierno donde se observa: mono,Openclipart,yaretzi_mexica,daf027973b8ae078a8ee2372ad639b89b56fe1fd
yaretzi_mexica_img_0686,img_686.jpg,animales,ilustracion_plana_color,856,796,ilustracion estilo tierno donde se observa: perro,Openclipart,yaretzi_mexica,8f3e748fcd47a39e15a0780f470c262e91e71117
yaretzi_mexica_img_0687,img_687.png,animales,ilustracion_plana_color,512,512,ilustracion estilo tierno donde se observa: tigre,Openclipart,yaretzi_mexica,50ae74667694cf422b6fe22950d4868c1c529d4e
yaretzi_mexica_img_0688,img_688.jpg,animales,ilustracion_plana_color,500,386,ilustracion estilo tierno donde se observa: oso,Pinterest,yaretzi_mexica,dab6b33de07f02a953abe6031671d0256bd6cee8
yaretzi_mexica_img_0689,img_689.png,animales,ilustracion_plana_color,800,1258,ilustracion estilo tierno donde se observa: ratón,Openclipart,yaretzi_mexica,a27c49963add05f55f28db586f47eef59ca725e7
yaretzi_mexica_img_0690,img_690.jpg,animales,ilustracion_plana_color,600,600,ilustracion estilo tierno donde se observa: panda,Flat Icon,yaretzi_mexica,847dae98d7ce4d3a5e561834834494ba891763ef
yaretzi_mexica_img_0691,img_691.png,animales,ilustracion_plana_color,800,811,ilustracion estilo tierno donde se observa: oso,Openclipart,yaretzi_mexica,04c4fc580ff957b025fc8b0d459cb4455cbd1e12
yaretzi_mexica_img_0692,img_692.jpg,animales,ilustracion_plana_color,612,612,ilustracion estilo tierno donde se observa: koala,Flat Icon,yaretzi_mexica,2f9742f108396f2701ae19204e5442b742e01db6
yaretzi_mexica_img_0693,img_693.png,animales,ilustracion_plana_color,450,450,ilustracion estilo tierno donde se observa: león,Openclipart,yaretzi_mexica,8a3bde365d115717b53a9651c20ff6f4042ba583
yaretzi_mexica_img_0694,img_694.jpg,animales,ilustracion_plana_color,938,980,ilustracion estilo tierno donde se observa: oso,Flat Icon,yaretzi_mexica,a53288242e5e5f41ffc9bb98cf610107daf6d6ca
yaretzi_mexica_img_0695,img_695.png,animales,ilustracion_plana_color,800,751,ilustracion estilo tierno donde se observa: mono,Openclipart,yaretzi_mexica,7188c589d82d5c68d7470a01d0e6f490822d42c4
yaretzi_mexica_img_0696,img_696.jpg,animales,ilustracion_plana_color,364,640,ilustracion estilo tierno donde se observa: oso,Openclipart,yaretzi_mexica,029a993535cc527e21c1ee31ed30f2bb3a7b6e1c
yaretzi_mexica_img_0697,img_697.png,animales,ilustracion_plana_color,800,1073,ilustracion estilo tierno donde se observa: rana,Openclipart,yaretzi_mexica,803d1dda0948fda5d169bd1bc45403e13776bb90
yaretzi_mexica_img_0698,img_698.jpg,animales,ilustracion_plana_color,626,626,ilustracion estilo tierno donde se observa: oveja,Openclipart,yaretzi_mexica,88b7ad2a1c04a30f01cec883929f6067caedfe29
yaretzi_mexica_img_0699,img_699.png,animales,ilustracion_plana_color,512,512,ilustracion estilo tierno donde se observa: rana,Openclipart,yaretzi_mexica,b2df7c0ff766e724b2ac714d6d718ef0e6f9b6df
yaretzi_mexica_img_0700,img_700.jpeg,animales,ilustracion_plana_color,433,433,ilustracion estilo tierno donde se observa: conejo,Openclipart,yaretzi_mexica,0029ba9fc263206b68d366d55837a613a1c0a4e8
yaretzi_mexica_img_0701,img_701.jpg,animales,ilustracion_plana_color,512,512,ilustracion estilo tierno donde se observa: ratón,Openclipart,yaretzi_mexica,7a3aa46105a6b3ede5eb9c0bc4b04123a2b7f472
yaretzi_mexica_img_0702,img_702.png,animales,ilustracion_plana_color,512,512,ilustracion estilo tierno donde se observa: pájaro,Openclipart,yaretzi_mexica,4af5295d4e32e185859daa14d27a04b540a303c3
yaretzi_mexica_img_0703,img_703.jpeg,animales,ilustracion_plana_color,204,204,ilustracion estilo tierno donde se observa: perro,Openclipart,yaretzi_mexica,da35924c00d0f202211f1c79157bd3743065a1ae
yaretzi_mexica_img_0704,img_704.jpg,animales,ilustracion_plana_color,310,357,ilustracion estilo tierno donde se observa: ratón,Openclipart,yaretzi_mexica,611451c40465e95cf7d9e10e9b718813b8f3a919
yaretzi_mexica_img_0705,img_705.png,animales,ilustracion_plana_color,800,1186,ilustracion estilo tierno donde se observa: pájaro,Openclipart,yaretzi_mexica,0b0af0e2063da8fca1584cf31464aa672063cf93
yaretzi_mexica_img_0706,img_706.jpg,animales,ilustracion_plana_color,736,736,ilustracion estilo tierno donde se observa: oso,Pinterest,yaretzi_mexica,855d102a40cd30d6a2c39034ae3de64c6f25127d
yaretzi_mexica_img_0707,img_707.png,animales,ilustracion_plana_color,450,450,ilustracion estilo tierno donde se observa: rana,Openclipart,yaretzi_mexica,925c291515931fe4b52693f881ef1a46b1e092b8
yaretzi_mexica_img_0708,img_708.jpg,animales,ilustracion_plana_color,512,512,ilustracion estilo tierno donde se observa: perro,Flat Icon,yaretzi_mexica,db020ad5b2fe58a26707698ab444b6980222b7dc
yaretzi_mexica_img_0709,img_709.png,animales,ilustracion_plana_color,512,512,ilustracion estilo tierno donde se observa: mono,Openclipart,yaretzi_mexica,f70db0be5f529ec3d9c03e4d02e1a03eb661883f
yaretzi_mexica_img_0710,img_710.jpg,animales,ilustracion_plana_color,626,626,ilustracion estilo tierno donde se observa: oso,Flat Icon,yaretzi_mexica,e0b897e073ca33b12829282f2e4ce7f90486c48b
yaretzi_mexica_img_0711,img_711.png,animales,ilustracion_plana_color,450,450,ilustracion estilo tierno donde se observa: tigre,Openclipart,yaretzi_mexica,1817ab72b13563a89a32360e9ae0841904dc5fb7
yaretzi_mexica_img_0712,img_712.jpg,animales,ilustracion_plana_color,313,313,ilustracion estilo tierno donde se observa: oso,Flat Icon,yaretzi_mexica,85eba1fc33e37a014135e36b12a54b939f245dff
yaretzi_mexica_img_0713,img_713.png,animales,ilustracion_plana_color,512,512,ilustracion estilo tierno donde se observa: ratón,Openclipart,yaretzi_mexica,34dc740b310b565da67a8abe24cf28a20411c052
yaretzi_mexica_img_0714,img_714.jpg,animales,ilustracion_plana_color,360,360,ilustracion estilo tierno donde se observa: oso,Flat Icon,yaretzi_mexica,c7bedf6af410ffab01b563221838c903b35e2ae0
yaretzi_mexica_img_0715,img_715.png,animales,ilustracion_plana_color,800,901,ilustracion estilo tierno donde se observa: oso,Openclipart,yaretzi_mexica,47ac2032b0697fc0f9b288e1ee9252bfdc65901e
yaretzi_mexica_img_0716,img_716.jpg,animales,ilustracion_plana_color,626,626,ilustracion estilo tierno donde se observa: oso,Flat Icon,yaretzi_mexica,e368f43693cbf39996ec92f83c6785498e5248c7
yaretzi_mexica_img_0717,img_717.png,animales,ilustracion_plana_color,800,740,ilustracion estilo tierno donde se observa: ratón,Openclipart,yaretzi_mexica,cccf759d0060bb25e2b4f3940a2641125a6c129b
yaretzi_mexica_img_0718,img_718.jpg,animales,ilustracion_plana_color,980,980,ilustracion estilo tierno donde se observa: ratón,Openclipart,yaretzi_mexica,0406b1fd4691a63e8119a0f4d2a955c35a74ed9c
yaretzi_mexica_img_0719,img_719.png,animales,ilustracion_plana_color,450,450,ilustracion estilo tierno donde se observa: ratón,Openclipart,yaretzi_mexica,561d721f61b87837b348f39511f96c9140e82f1d
yaretzi_mexica_img_0720,img_720.jpg,animales,ilustracion_plana_color,680,678,ilustracion estilo tierno donde se observa: ratón,Openclipart,yaretzi_mexica,2395e2fff59e518b9becdc521e0054f842dc2c32
yaretzi_mexica_img_0721,img_721.png,animales,ilustracion_plana_color,512,512,ilustracion estilo tierno donde se observa: ratón,Openclipart,yaretzi_mexica,0115cb58e53e20adc205c1e28be38bb952fcc8d5
yaretzi_mexica_img_0722,img_722.jpg,animales,ilustracion_plana_color,1200,922,ilustracion estilo tierno donde se observa: pájaro,Openclipart,yaretzi_mexica,907467406d6b55cd41b784d2895cac8ae2b7feef
yaretzi_mexica_img_0723,img_723.png,animales,ilustracion_plana_color,800,1540,ilustracion estilo tierno donde se observa: pato,Openclipart,yaretzi_mexica,40cb6f9a6c37bd3e1c667afec0e6c8f729f2a8a7
yaretzi_mexica_img_0724,img_724.jpg,animales,ilustracion_plana_color,735,551,ilustracion estilo tierno donde se observa: ratón,Openclipart,yaretzi_mexica,088596d3d5f9681c06d5ee7c1ae4cc444904a4e6
yaretzi_mexica_img_0725,img_725.png,animales,ilustracion_plana_color,450,450,ilustracion estilo tierno donde se observa: ratón,Flat Icon,yaretzi_mexica,f1c86d4e2b5bb0d9339ed029598b441c8335364e
yaretzi_mexica_img_0726,img_726.jpeg,animales,ilustracion_plana_color,200,200,ilustracion estilo tierno donde se observa: león,Openclipart,yaretzi_mexica,f22e7b77cad98c510d6336331e989c7f54be544e
yaretzi_mexica_img_0727,img_727.jpg,animales,ilustracion_plana_color,256,256,ilustracion estilo tierno donde se observa: ratón,Openclipart,yaretzi_mexica,dff3b51991ac63e45ec7bc6b35380ca68b37b08d
yaretzi_mexica_img_0728,img_728.png,animales,ilustracion_plana_color,800,848,ilustracion estilo tierno donde se observa: pájaro,Openclipart,yaretzi_mexica,9ff7e2628d7ff043d2758d431edd6964b2c5d048
yaretzi_mexica_img_0729,img_729.jpg,animales,ilustracion_plana_color,300,300,ilustracion estilo tierno donde se observa: pájaro,Openclipart,yaretzi_mexica,62157ad1c9c67c0c86784a34140db6cb983683ad
yaretzi_mexica_img_0730,img_730.png,animales,ilustracion_plana_color,512,512,ilustracion estilo tierno donde se observa: oso,Openclipart,yaretzi_mexica,42f20915fd1ffb9159d9c849f805d06ca6db20e5
yaretzi_mexica_img_0731,img_731.jpg,animales,ilustracion_plana_color,736,736,ilustracion estilo tierno donde se observa: tigre,Openclipart,yaretzi_mexica,fc27ac305c1f6976cfa30717bf1f43fc53346fda
yaretzi_mexica_img_0732,img_732.png,animales,ilustracion_plana_color,450,450,ilustracion estilo tierno donde se observa: perro,Pictosonidos,yaretzi_mexica,ef486a7367890c210148c8022fd4661b60f4de8a
yaretzi_mexica_img_0733,img_733.jpg,animales,ilustracion_plana_color,980,980,ilustracion estilo tierno donde se observa: pájaro,Openclipart,yaretzi_mexica,e0d58bcfe5b95e871136b94cf3182afb7a3bbd98
yaretzi_mexica_img_0734,img_734.png,animales,ilustracion_plana_color,800,1014,ilustracion estilo tierno donde se observa: rana,Openclipart,yaretzi_mexica,f9800cd546f0fdcaece5dcf2035a282797965da9
yaretzi_mexica_img_0735,img_735.jpg,animales,ilustracion_plana_color,736,736,ilustracion estilo tierno donde se observa: tigre,Openclipart,yaretzi_mexica,698a12e04e6cb8333b906866af28b4ae52482a20
yaretzi_mexica_img_0736,img_736.png,animales,ilustracion_plana_color,800,969,ilustracion estilo tierno donde se observa: cerdito,Openclipart,yaretzi_mexica,cca83f3ed3a3896d2282a525e5cc4cc1d67cb77a
yaretzi_mexica_img_0737,img_737.jpg,animales,ilustracion_plana_color,736,736,ilustracion estilo tierno donde se observa: tigre,Flat Icon,yaretzi_mexica,0178ee058771aa1ba2af74622cbf02f8a4d5313a
yaretzi_mexica_img_0738,img_738.png,animales,ilustracion_plana_color,450,450,ilustracion estilo tierno donde se observa: cerdito,Openclipart,yaretzi_mexica,184570c5ae3b5c5a17ff3a21e17282e349548385
yaretzi_mexica_img_0739,img_739.jpg,animales,ilustracion_plana_color,600,600,ilustracion estilo tierno donde se observa: pato,Flat Icon,yaretzi_mexica,241ff4138b2f0e78d8d103740ae5f847348dc589
yaretzi_mexica_img_0740,img_740.png,animales,ilustracion_plana_color,800,1110,ilustracion estilo tierno donde se observa: ratón,Openclipart,yaretzi_mexica,784f14086a380c1501762206bc7e683c35204445
yaretzi_mexica_img_0741,img_741.jpg,animales,ilustracion_plana_color,521,499,ilustracion estilo tierno donde se observa: pájaro,Openclipart,yaretzi_mexica,d060ae835c587b53764eb1717da1a4dc90831acb
yaretzi_mexica_img_0742,img_742.png,animales,ilustracion_plana_color,800,1076,ilustracion estilo tierno donde se observa: oveja,Openclipart,yaretzi_mexica,f1469c67757b809698122537cffc19c740acb53c
yaretzi_mexica_img_0743,img_743.jpg,animales,ilustracion_plana_color,676,700,ilustracion estilo tierno donde se observa: mono,Openclipart,yaretzi_mexica,1c110dc73f4c327c97b26814345b05364dcb2f5c
yaretzi_mexica_img_0744,img_744.png,animales,ilustracion_plana_color,450,450,ilustracion estilo tierno donde se observa: rana,Openclipart,yaretzi_mexica,19ded3ff0e7bede88e978dce56fcbeb783675894
yaretzi_mexica_img_0745,img_745.jpg,animales,ilustracion_plana_color,512,512,ilustracion estilo tierno donde se observa: rana,Openclipart,yaretzi_mexica,ec9a1939b7f26d4f713d8c166d8e93da8cba3af4
yaretzi_mexica_img_0746,img_746.png,animales,ilustracion_plana_color,512,512,ilustracion estilo tierno donde se observa: panda,Openclipart,yaretzi_mexica,58a86d1f668e2be52ec1a421b42f4147707fcea5
yaretzi_mexica_img_0747,img_747.jpg,animales,ilustracion_plana_color,512,512,ilustracion estilo tierno donde se observa: rana,Pictosonidos,yaretzi_mexica,9b96264f22cff0b6f0b117183d836072d127a596
yaretzi_mexica_img_0748,img_748.png,animales,ilustracion_plana_color,800,462,ilustracion estilo tierno donde se observa: rana,Openclipart,yaretzi_mexica,f0db61c6f2484e9f0bd73e2227a4b4868e304bbd
yaretzi_mexica_img_0749,img_749.jpeg,animales,ilustracion_plana_color,196,196,ilustracion estilo tierno donde se observa: perro,Openclipart,yaretzi_mexica,b72ac6ef86b88a7c015091249937ef5590503d53
yaretzi_mexica_img_0750,img_750.jpg,animales,ilustracion_plana_color,256,256,ilustracion estilo tierno donde se observa: pato,Openclipart,yaretzi_mexica,3ea0cdcbea0fbcfb0bcbd06dfc351eb42e84b051
yaretzi_mexica_img_0751,img_751.png,animales,ilustracion_plana_color,800,844,ilustracion estilo tierno donde se observa: pájaro,Openclipart,yaretzi_mexica,29253815f71336a3b12bc96b7dd2b03f1cf12a6d
yaretzi_mexica_img_0752,img_752.jpg,animales,ilustracion_plana_color,512,512,ilustracion estilo tierno donde se observa: mono,Openclipart,yaretzi_mexica,b1918db285d0268b12d1b471a76445d3f9c25834
yaretzi_mexica_img_0753,img_753.png,animales,ilustracion_plana_color,450,450,ilustracion estilo tierno donde se observa: cerdito,Openclipart,yaretzi_mexica,1086d5e5f1802727d4078010b50839aaac3a2af2
yaretzi_mexica_img_0754,img_754.jpg,animales,ilustracion_plana_color,220,220,ilustracion estilo tierno donde se observa: koala,Pinterest,yaretzi_mexica,ac2d9b841fa4c752841431c9db3a8716854de108
yaretzi_mexica_img_0755,img_755.png,animales,ilustracion_plana_color,512,512,ilustracion estilo tierno donde se observa: rana,Openclipart,yaretzi_mexica,04ea4a5e3f2af6b2a120c85a71051e6d76eb65ff
yaretzi_mexica_img_0756,img_756.jpg,animales,ilustracion_plana_color,465,500,ilustracion estilo tierno donde se observa: rana,Openclipart,yaretzi_mexica,442ae7bc97617120887b3a3bfae3f75dbc2eadfd
yaretzi_mexica_img_0757,img_757.png,animales,ilustracion_plana_color,800,518,ilustracion estilo tierno donde se observa: rana,Openclipart,yaretzi_mexica,ada66a4a9415833ca98ceb09fbc1c52a55e1c600
yaretzi_mexica_img_0758,img_758.jpg,animales,ilustracion_plana_color,361,388,ilustracion estilo tierno donde se observa: rana,Openclipart,yaretzi_mexica,742888b1bfc56e8693180d11b8f13fc9f4fa40f8
yaretzi_mexica_img_0759,img_759.png,animales,ilustracion_plana_color,800,433,ilustracion estilo tierno donde se observa: pato,Openclipart,yaretzi_mexica,0d93dd3a07c49a36eed7ca6f87654e43ae7c3eaa
yaretzi_mexica_img_0760,img_760.jpg,animales,ilustracion_plana_color,500,473,ilustracion estilo tierno donde se observa: ratón,Openclipart,yaretzi_mexica,a02d07156aa5683d611bab8d8defccf369bd2693
yaretzi_mexica_img_0761,img_761.png,animales,ilustracion_plana_color,800,562,ilustracion estilo tierno donde se observa: rana,Openclipart,yaretzi_mexica,ebdbe2c1077ec52311185bcf41d465b0d470943a
yaretzi_mexica_img_0762,img_762.jpg,animales,ilustracion_plana_color,745,872,ilustracion estilo tierno donde se observa: ratón,Openclipart,yaretzi_mexica,754f7169e018c21b2025dd35e82cacd45e7896c9
yaretzi_mexica_img_0763,img_763.png,animales,ilustracion_plana_color,800,406,ilustracion estilo tierno donde se observa: perro,Openclipart,yaretzi_mexica,670b1af88f897a8d2f7e62027deca049bfef2e18
yaretzi_mexica_img_0764,img_764.jpg,animales,ilustracion_plana_color,960,962,ilustracion estilo tierno donde se observa: ratón,Openclipart,yaretzi_mexica,621c095b544711656d373713f92705d3625cd9a0
yaretzi_mexica_img_0765,img_765.png,animales,ilustracion_plana_color,800,518,ilustracion estilo tierno donde se observa: mono,Openclipart,yaretzi_mexica,221c96537bc48784820865faaade06af318ccd9c
yaretzi_mexica_img_0766,img_766.jpg,animales,ilustracion_plana_color,512,512,ilustracion estilo tierno donde se observa: ratón,Openclipart,yaretzi_mexica,bddea4a27348b8d80f029d8a7bf06329c674c2ae
yaretzi_mexica_img_0767,img_767.png,animales,ilustracion_plana_color,800,412,ilustracion estilo tierno donde se observa: pato,Openclipart,yaretzi_mexica,a8fb95a8e1d66e72145e9e4f446f93f6d33d8224
yaretzi_mexica_img_0768,img_768.jpg,animales,ilustracion_plana_color,600,599,ilustracion estilo tierno donde se observa: oveja,Openclipart,yaretzi_mexica,1f15d35e112484f0ded13231367a0aca7c94a4ff
yaretzi_mexica_img_0769,img_769.png,animales,ilustracion_plana_color,800,1170,ilustracion estilo tierno donde se observa: rana,Openclipart,yaretzi_mexica,a942094bdcd5f8ed81d84d16620f58e353103b89
yaretzi_mexica_img_0770,img_770.jpg,animales,ilustracion_plana_color,1200,1630,ilustracion estilo tierno donde se observa: oso,Openclipart,yaretzi_mexica,d6a606f96ee92e00a83bec8a50d85ed693d291b6
yaretzi_mexica_img_0771,img_771.png,animales,ilustracion_plana_color,800,434,ilustracion estilo tierno donde se observa: pato,Openclipart,yaretzi_mexica,96639686fcda770d76ede905ae7e91143a5c47e7
yaretzi_mexica_img_0772,img_772.jpeg,animales,ilustracion_plana_color,187,187,ilustracion estilo tierno donde se observa: ratón,Openclipart,yaretzi_mexica,05b940a450bc6558db1f652535e3f26391184c04
yaretzi_mexica_img_0773,img_773.jpg,animales,ilustracion_plana_color,888,980,ilustracion estilo tierno donde se observa: pájaro,Openclipart,yaretzi_mexica,20b97188f011fcb3dfab0e578a824cfad3e24bfb
yaretzi_mexica_img_0774,img_774.png,animales,ilustracion_plana_color,800,892,ilustracion estilo tierno donde se observa: pájaro,Openclipart,yaretzi_mexica,ee2fa8e43cbab17b62b5235bd7060d48a06d559d
yaretzi_mexica_img_0775,img_775.jpg,animales,ilustracion_plana_color,235,287,ilustracion estilo tierno donde se observa: oso,Openclipart,yaretzi_mexica,289a04d6945ce2c4f22e31030906ff13dcd352df
yaretzi_mexica_img_0776,img_776.png,animales,ilustracion_plana_color,800,1028,ilustracion estilo tierno donde se observa: oso,Openclipart,yaretzi_mexica,5c95d8ac52eee278d22c992bb974743e38348f51
yaretzi_mexica_img_0777,img_777.jpg,animales,ilustracion_plana_color,512,512,ilustracion estilo tierno donde se observa: pájaro,Openclipart,yaretzi_mexica,52a4622fb75c78f15705e55accc4963256093f2c
yaretzi_mexica_img_0778,img_778.png,animales,ilustracion_plana_color,800,870,ilustracion estilo tierno donde se observa: koala,Openclipart,yaretzi_mexica,332a73d11973e34971412317c5e69cc79c881cc5
yaretzi_mexica_img_0779,img_779.jpg,animales,ilustracion_plana_color,480,480,ilustracion estilo tierno donde se observa: cerdito,Flat Icon,yaretzi_mexica,f7bfd1ecc9f12581ddc626ae753a1567ded6cb15
yaretzi_mexica_img_0780,img_780.png,animales,ilustracion_plana_color,800,1125,ilustracion estilo tierno donde se observa: panda,Openclipart,yaretzi_mexica,b1fa895fd9e74e47b9f2599795153c487c11860e
yaretzi_mexica_img_0781,img_781.jpg,animales,ilustracion_plana_color,512,512,ilustracion estilo tierno donde se observa: rana,Openclipart,yaretzi_mexica,32d51dab4ab5eb46ef0e6327a2dd72ab3299e423
yaretzi_mexica_img_0782,img_782.png,animales,ilustracion_plana_color,800,861,ilustracion estilo tierno donde se observa: koala,Openclipart,yaretzi_mexica,447732ad2682c11eab5842ee2b57d30f05c79caf
yaretzi_mexica_img_0783,img_783.jpg,animales,ilustracion_plana_color,512,512,ilustracion estilo tierno donde se observa: rana,Openclipart,yaretzi_mexica,b98a0ced5b11e328f57b2b841516d2bdfa69046f
yaretzi_mexica_img_0784,img_784.png,animales,ilustracion_plana_color,800,1156,ilustracion estilo tierno donde se observa: koala,Openclipart,yaretzi_mexica,78dea17aca94219c942686a66616b19b2baecc90
yaretzi_mexica_img_0785,img_785.jpg,animales,ilustracion_plana_color,512,512,ilustracion estilo tierno donde se observa: cerdito,Openclipart,yaretzi_mexica,9cfe9db69218c2e1e38872593e86255e6d4749f1
yaretzi_mexica_img_0786,img_786.png,animales,ilustracion_plana_color,800,905,ilustracion estilo tierno donde se observa: mono,Openclipart,yaretzi_mexica,8a0fff7e2f5d377ae63b7c89a4dda879c0ff04a6
yaretzi_mexica_img_0787,img_787.jpg,animales,ilustracion_plana_color,512,512,ilustracion estilo tierno donde se observa: cerdito,Openclipart,yaretzi_mexica,fa5d32402a12b50571b551de070eb7b8f01704f1
yaretzi_mexica_img_0788,img_788.png,animales,ilustracion_plana_color,512,512,ilustracion estilo tierno donde se observa: perro,Openclipart,yaretzi_mexica,0ca918e3e5fbc90f6d35a8491b8fb2d717948e46
yaretzi_mexica_img_0789,img_789.jpg,animales,ilustracion_plana_color,512,512,ilustracion estilo tierno donde se observa: perro,Openclipart,yaretzi_mexica,8256481e372ef722e2a949caf291a596c300d861
yaretzi_mexica_img_0790,img_790.png,animales,ilustracion_plana_color,800,630,ilustracion estilo tierno donde se observa: cerdito,Openclipart,yaretzi_mexica,4acdfb945403cd3b6ee13b987bad3110ae118995
yaretzi_mexica_img_0791,img_791.jpg,animales,ilustracion_plana_color,512,512,ilustracion estilo tierno donde se observa: perro,Openclipart,yaretzi_mexica,2a41686c0232323052a93e649f5846374346cc51
yaretzi_mexica_img_0792,img_792.png,animales,ilustracion_plana_color,566,800,ilustracion estilo tierno donde se observa: tigre,Openclipart,yaretzi_mexica,25bee2455ff61073a6364fe2e86b11afd1d61af9
yaretzi_mexica_img_0793,img_793.jpg,animales,ilustracion_plana_color,512,512,ilustracion estilo tierno donde se observa: tigre,Openclipart,yaretzi_mexica,4692f4732cd44017a19611eb6e52e45813baeeb1
yaretzi_mexica_img_0794,img_794.png,animales,ilustracion_plana_color,450,450,ilustracion estilo tierno donde se observa: cerdito,Openclipart,yaretzi_mexica,8846acbf296ad0011b498069ce07e15b56275d35
yaretzi_mexica_img_0795,img_795.jpeg,animales,ilustracion_plana_color,200,200,ilustracion estilo tierno donde se observa: cerdito,Pinterest,yaretzi_mexica,818a475f6a2b97462d25975710f1c6971f1e2bf0
yaretzi_mexica_img_0796,img_796.jpg,animales,ilustracion_plana_color,256,256,ilustracion estilo tierno donde se observa: pájaro,Openclipart,yaretzi_mexica,66dd5465f177fc56e2730cecbd860b63e7a5af58
yaretzi_mexica_img_0797,img_797.png,animales,ilustracion_plana_color,800,1159,ilustracion estilo tierno donde se observa: pájaro,Openclipart,yaretzi_mexica,97b51c9c2e84f8ad609fee4a4e0356b7a8e63d8e
yaretzi_mexica_img_0798,img_798.jpg,animales,ilustracion_plana_color,1024,768,ilustracion estilo tierno donde se observa: pato,Openclipart,yaretzi_mexica,97610b977b2b806ce50bc8e60f172e26f25eb3b6
yaretzi_mexica_img_0799,img_799.png,animales,ilustracion_plana_color,512,512,ilustracion estilo tierno donde se observa: rana,Openclipart,yaretzi_mexica,ed0e2e06516a13b52835f7f99abb7778a3e75bba
yaretzi_mexica_img_0800,img_800.jpg,animales,ilustracion_plana_color,512,512,ilustracion estilo tierno donde se observa: pájaro,Openclipart,yaretzi_mexica,1ec97b9af0ed4f67a758fa2fda55f17d718bb509
yaretzi_mexica_img_0801,img_801.png,animales,ilustracion_plana_color,512,512,ilustracion estilo tierno donde se observa: rana,Openclipart,yaretzi_mexica,db3200e98e6d2e911178a7f2ce94834d42ba55f6
yaretzi_mexica_img_0802,img_802.jpg,animales,ilustracion_plana_color,512,512,ilustracion estilo tierno donde se observa: pájaro,Openclipart,yaretzi_mexica,c5fe0dfc4a7ab325944ec77e9b28d2e67f43989c
yaretzi_mexica_img_0803,img_803.png,animales,ilustracion_plana_color,800,815,ilustracion estilo tierno donde se observa: rana,Openclipart,yaretzi_mexica,52f1121368c56262d6877f6fa1c8b8687dee7217
yaretzi_mexica_img_0804,img_804.jpg,animales,ilustracion_plana_color,300,300,ilustracion estilo tierno donde se observa: perro,Pinterest,yaretzi_mexica,318c0377cb8d43574ddf4c43d47f707ce8a6a685
yaretzi_mexica_img_0805,img_805.png,animales,ilustracion_plana_color,450,450,ilustracion estilo tierno donde se observa: rana,Openclipart,yaretzi_mexica,c23194bef06f8ef727656fd680b94f7ddc4ffcd7
yaretzi_mexica_img_0806,img_806.jpg,animales,ilustracion_plana_color,900,900,ilustracion estilo tierno donde se observa: cerdito,Openclipart,yaretzi_mexica,a0ce0aee37f4f805d0122aad2f94429b5fde062d
yaretzi_mexica_img_0807,img_807.png,animales,ilustracion_plana_color,800,1412,ilustracion estilo tierno donde se observa: rana,Openclipart,yaretzi_mexica,ca2a50e8c14a76e9462c0dcc017d653e2c373483
yaretzi_mexica_img_0808,img_808.jpg,animales,ilustracion_plana_color,268,232,ilustracion estilo tierno donde se observa: oveja,Openclipart,yaretzi_mexica,4bb99188f101eec344eca94054fceb0358f28911
yaretzi_mexica_img_0809,img_809.png,animales,ilustracion_plana_color,800,562,ilustracion estilo tierno donde se observa: rana,Openclipart,yaretzi_mexica,4ef2796b698ccc4537c2f8f7e077dcdb4ad8f315
yaretzi_mexica_img_0810,img_810.jpg,animales,ilustracion_plana_color,556,480,ilustracion estilo tierno donde se observa: ratón,Openclipart,yaretzi_mexica,64e966365e1a51f6784b8cd239d941fd7dfbdcf7
yaretzi_mexica_img_0811,img_811.png,animales,ilustracion_plana_color,450,450,ilustracion estilo tierno donde se observa: tigre,Openclipart,yaretzi_mexica,c056435f1e1d8ff2bd891fdf8be50f4fe5f64da1
yaretzi_mexica_img_0812,img_812.jpg,animales,ilustracion_plana_color,640,640,ilustracion estilo tierno donde se observa: león,Openclipart,yaretzi_mexica,3e267aeb96f8034a0682f2de3ee83d610ebe2010
yaretzi_mexica_img_0813,img_813.png,animales,ilustracion_plana_color,512,512,ilustracion estilo tierno donde se observa: pájaro,Openclipart,yaretzi_mexica,b4f42728cc0f5d92a6f4a981995ef6536320ada1
yaretzi_mexica_img_0814,img_814.jpg,animales,ilustracion_plana_color,1200,900,ilustracion estilo tierno donde se observa: ratón,Openclipart,yaretzi_mexica,795227c5f9f2dd3e3a291d7147c2def2aee632f3
yaretzi_mexica_img_0815,img_815.png,animales,ilustracion_plana_color,800,789,ilustracion estilo tierno donde se observa: pájaro,Openclipart,yaretzi_mexica,7924aad92df305f6c7cddaac468c7d5d673ed195
yaretzi_mexica_img_0816,img_816.jpg,animales,ilustracion_plana_color,1200,1200,ilustracion estilo tierno donde se observa: gato,Pinterest,yaretzi_mexica,267ccc3e82402facc4a3dcd6184161ddb1214905
yaretzi_mexica_img_0817,img_817.png,animales,ilustracion_plana_color,450,450,ilustracion estilo tierno donde se observa: pájaro,Openclipart,yaretzi_mexica,9d0bc4a8a212277dbfbc9001acb0ff119fe4bc42
yaretzi_mexica_img_0818,img_818.jpeg,animales,ilustracion_plana_color,222,222,ilustracion estilo tierno donde se observa: ratón,Flat Icon,yaretzi_mexica,9e9518c2ea16ac277853a47df02309ec34618c43
yaretzi_mexica_img_0819,img_819.jpg,animales,ilustracion_plana_color,450,450,ilustracion estilo tierno donde se observa: pájaro,Openclipart,yaretzi_mexica,1e17f398c112fb65800a629acf28304c467847bc
yaretzi_mexica_img_0820,img_820.png,animales,ilustracion_plana_color,800,913,ilustracion estilo tierno donde se observa: pájaro,Openclipart,yaretzi_mexica,8b8ed8b247c99b012d973d4bd073c23610e8edb2
yaretzi_mexica_img_0821,img_821.jpg,animales,ilustracion_plana_color,1080,1080,ilustracion estilo tierno donde se observa: panda,Pinterest,yaretzi_mexica,4d982e555e094a3869206d82e7662216a86de265
yaretzi_mexica_img_0822,img_822.png,animales,ilustracion_plana_color,512,512,ilustracion estilo tierno donde se observa: panda,Openclipart,yaretzi_mexica,2c6f9092038b8e7a679e69d1b22025abf85ed2ad
yaretzi_mexica_img_0823,img_823.jpg,animales,ilustracion_plana_color,512,512,ilustracion estilo tierno donde se observa: oveja,Flat Icon,yaretzi_mexica,61781df97ba26360781ae6011c5e6af13e40de13
yaretzi_mexica_img_0824,img_824.png,animales,ilustracion_plana_color,800,917,ilustracion estilo tierno donde se observa: koala,Openclipart,yaretzi_mexica,2156b7d12b5e5cd575c22910db80db1fec9ca814
yaretzi_mexica_img_0825,img_825.jpg,animales,ilustracion_plana_color,512,512,ilustracion estilo tierno donde se observa: cerdito,Openclipart,yaretzi_mexica,96326480532f74db3b48f7ce64d1a669a779cada
yaretzi_mexica_img_0826,img_826.png,animales,ilustracion_plana_color,800,642,ilustracion estilo tierno donde se observa: pájaro,Openclipart,yaretzi_mexica,ff2002f38ea4eb34849f9f4c98e38dbb68a754a2
yaretzi_mexica_img_0827,img_827.jpg,animales,ilustracion_plana_color,512,512,ilustracion estilo tierno donde se observa: oveja,Openclipart,yaretzi_mexica,30a40cd253c52015c06444ddab712cf51bc8595c
yaretzi_mexica_img_0828,img_828.png,animales,ilustracion_plana_color,450,450,ilustracion estilo tierno donde se observa: pájaro,Openclipart,yaretzi_mexica,0fa941d0829a45be11427420ff4cbe1a0615849b
yaretzi_mexica_img_0829,img_829.jpg,animales,ilustracion_plana_color,512,512,ilustracion estilo tierno donde se observa: mono,Openclipart,yaretzi_mexica,fd50c3fdc5eff00a912872afc843b6cdbfa6f2ae
yaretzi_mexica_img_0830,img_830.png,animales,ilustracion_plana_color,800,832,ilustracion estilo tierno donde se observa: cerdito,Openclipart,yaretzi_mexica,76fed61dcebf05990e29ee9c533c024474026ed9
yaretzi_mexica_img_0831,img_831.jpg,animales,ilustracion_plana_color,512,512,ilustracion estilo tierno donde se observa: cerdito,Openclipart,yaretzi_mexica,bb70a673a863bee8c9f7e7ff2b8e8e0cd2531c81
yaretzi_mexica_img_0832,img_832.png,animales,ilustracion_plana_color,800,474,ilustracion estilo tierno donde se observa: león,Openclipart,yaretzi_mexica,7fe2d36967380b2a89a479f57da0a4eecfe5887f
yaretzi_mexica_img_0833,img_833.jpg,animales,ilustracion_plana_color,736,736,ilustracion estilo tierno donde se observa: perro,Flat Icon,yaretzi_mexica,31546ee6858742d00cab919b037b4b405a8d17a4
yaretzi_mexica_img_0834,img_834.png,animales,ilustracion_plana_color,1152,2048,ilustracion estilo tierno donde se observa: cerdito,Openclipart,yaretzi_mexica,e866ee878d76752cead16e214d00119bfbde763b
yaretzi_mexica_img_0835,img_835.jpg,animales,ilustracion_plana_color,512,512,ilustracion estilo tierno donde se observa: cerdito,Openclipart,yaretzi_mexica,e120ba67f2a5257fc84635dbd85d8dbedb29c7f6
yaretzi_mexica_img_0836,img_836.png,animales,ilustracion_plana_color,800,879,ilustracion estilo tierno donde se observa: cerdito,Openclipart,yaretzi_mexica,582045043b959dec17a15db7d937a194952fab00
yaretzi_mexica_img_0837,img_837.jpg,animales,ilustracion_plana_color,315,344,ilustracion estilo tierno donde se observa: oveja,Openclipart,yaretzi_mexica,f8ceba04293aabe07a3bb9268d09116f607575bf
yaretzi_mexica_img_0838,img_838.png,animales,ilustracion_plana_color,800,849,ilustracion estilo tierno donde se observa: rana,Openclipart,yaretzi_mexica,713c27cd1e7388ef4d179c8d9087a064a17483e7
yaretzi_mexica_img_0839,img_839.jpg,animales,ilustracion_plana_color,577,802,ilustracion estilo tierno donde se observa: ratón,Openclipart,yaretzi_mexica,9db33e6a9b62a1801cef53454acfe6574f94891b
yaretzi_mexica_img_0840,img_840.png,animales,ilustracion_plana_color,800,1500,ilustracion estilo tierno donde se observa: oveja,Openclipart,yaretzi_mexica,e3ab948a06e21aab2db5689db79a9bdac0ead9bc
yaretzi_mexica_img_0841,img_841.jpeg,animales,ilustracion_plana_color,204,204,ilustracion estilo tierno donde se observa: perro,Openclipart,yaretzi_mexica,97cc3ac33680b1579416a96fcadfcfe5bd535712
yaretzi_mexica_img_0842,img_842.jpg,animales,ilustracion_plana_color,768,1344,ilustracion estilo tierno donde se observa: mono,Openclipart,yaretzi_mexica,03d057783e225d99dba3a5f84ebea8d132d8107e
yaretzi_mexica_img_0843,img_843.png,animales,ilustracion_plana_color,800,778,ilustracion estilo tierno donde se observa: pájaro,Openclipart,yaretzi_mexica,db5a48cbda4fc660e2356fc68b07bd3bf87aac72
yaretzi_mexica_img_0844,img_844.jpg,animales,ilustracion_plana_color,750,750,ilustracion estilo tierno donde se observa: ratón,Openclipart,yaretzi_mexica,3f8f4350449cd0830d4013f9c95d42c2e07d9a05
yaretzi_mexica_img_0845,img_845.png,animales,ilustracion_plana_color,450,450,ilustracion estilo tierno donde se observa: mono,Openclipart,yaretzi_mexica,8b2c03d0c42a160794f4e917ac3a6b5cde60f9f5
yaretzi_mexica_img_0846,img_846.jpg,animales,ilustracion_plana_color,512,512,ilustracion estilo tierno donde se observa: panda,Flat Icon,yaretzi_mexica,3c1bddf932a9f0e72d676b822779bede7b7765a5
yaretzi_mexica_img_0847,img_847.png,animales,ilustracion_plana_color,800,1045,ilustracion estilo tierno donde se observa: mono,Openclipart,yaretzi_mexica,ea4d23687149be44f249b2b2ff5a72bd76c45b73
yaretzi_mexica_img_0848,img_848.jpg,animales,ilustracion_plana_color,600,600,ilustracion estilo tierno donde se observa: zorro,Flat Icon,yaretzi_mexica,935a6a492add77d3ccc49e71057f5c1cfaa12c51
yaretzi_mexica_img_0849,img_849.png,animales,ilustracion_plana_color,512,512,ilustracion estilo tierno donde se observa: oveja,Openclipart,yaretzi_mexica,b961148d23c441f977dc50a574062acbf73b7d73
yaretzi_mexica_img_0850,img_850.png,animales,ilustracion_plana_color,800,628,ilustracion estilo tierno donde se observa: ratón,Openclipart,yaretzi_mexica,b6ace50cdd9e4d0d5d5b9b2ae5dbf3a162224671
yaretzi_mexica_img_0851,img_851.png,animales,ilustracion_plana_color,800,821,ilustracion estilo tierno donde se observa: panda,Openclipart,yaretzi_mexica,a09fa321600c6287e1cb30ba63a1428e35aebd6d
yaretzi_mexica_img_0852,img_852.png,animales,ilustracion_plana_color,512,512,ilustracion estilo tierno donde se observa: zorro,Openclipart,yaretzi_mexica,5017689554806a0c2b5f8ae3007d7e3d3d303ca2
yaretzi_mexica_img_0853,img_853.png,animales,ilustracion_plana_color,800,842,ilustracion estilo tierno donde se observa: koala,Openclipart,yaretzi_mexica,4fa1e90c5e2d90c4a298254b42ff72c7350ac880
yaretzi_mexica_img_0854,img_854.png,animales,ilustracion_plana_color,800,926,ilustracion estilo tierno donde se observa: conejo,Openclipart,yaretzi_mexica,582751b60d25b1025fbd78fc22b332fa49958cad
yaretzi_mexica_img_0855,img_855.png,animales,ilustracion_plana_color,800,1024,ilustracion estilo tierno donde se observa: conejo,Openclipart,yaretzi_mexica,68f1edcf581bd926bf9834531335b3c02b1c0dbe
yaretzi_mexica_img_0856,img_856.png,animales,ilustracion_plana_color,450,450,ilustracion estilo tierno donde se observa: zorro,Openclipart,yaretzi_mexica,791ffd997d1c0a0672941658e9684fe8ee1b4ced
yaretzi_mexica_img_0857,img_857.jpeg,animales,ilustracion_plana_color,172,172,ilustracion estilo tierno donde se observa: pájaro,Openclipart,yaretzi_mexica,8c3708f6d57726e74fe906038e7c6281d1a55cc2
yaretzi_mexica_img_0858,img_858.jpg,animales,ilustracion_plana_color,1200,1059,ilustracion estilo tierno donde se observa: mono,Openclipart,yaretzi_mexica,892b413bb0fff1564d0caee51b415ac2fc6c4775
yaretzi_mexica_img_0859,img_859.png,animales,ilustracion_plana_color,800,977,ilustracion estilo tierno donde se observa: pájaro,Openclipart,yaretzi_mexica,629f201539f8259572a5c0589b52d33c83678b9e
yaretzi_mexica_img_0860,img_860.png,animales,ilustracion_plana_color,512,512,ilustracion estilo tierno donde se observa: zorro,Openclipart,yaretzi_mexica,e2cf076165a50e693f211a9742ea1c316f5a433e
yaretzi_mexica_img_0861,img_861.png,animales,ilustracion_plana_color,512,512,ilustracion estilo tierno donde se observa: tigre,Openclipart,yaretzi_mexica,c7ad3874251b87382a96e1ca5877695c067df082
yaretzi_mexica_img_0862,img_862.png,animales,ilustracion_plana_color,393,281,ilustracion estilo tierno donde se observa: panda,Openclipart,yaretzi_mexica,1184cb138874ce8c82f0d385c7c6b7fd124504d2
yaretzi_mexica_img_0863,img_863.png,animales,ilustracion_plana_color,512,512,ilustracion estilo tierno donde se observa: oveja,Openclipart,yaretzi_mexica,21d6768dad6f2df405e7113d67ca7c80cf4ff5e7
yaretzi_mexica_img_0864,img_864.png,animales,ilustracion_plana_color,512,512,ilustracion estilo tierno donde se observa: mono,Openclipart,yaretzi_mexica,9060c2d9ec500d18436c1ee82a1971f51be6cf69
yaretzi_mexica_img_0865,img_865.png,animales,ilustracion_plana_color,512,512,ilustracion estilo tierno donde se observa: león,Openclipart,yaretzi_mexica,ab3e3d23114ecfe54c3f637d09dc8ca651643ad6
yaretzi_mexica_img_0866,img_866.png,animales,ilustracion_plana_color,512,512,ilustracion estilo tierno donde se observa: oveja,Openclipart,yaretzi_mexica,a8a9bb8722d37dfe9608de06fb567f5aa3b10728
yaretzi_mexica_img_0867,img_867.png,animales,ilustracion_plana_color,512,512,ilustracion estilo tierno donde se observa: perro,Openclipart,yaretzi_mexica,b08ae99d6084e1f1f9b1cde602d4cf8c6bced49e
yaretzi_mexica_img_0868,img_868.jpeg,animales,ilustracion_plana_color,187,187,ilustracion estilo tierno donde se observa: pájaro,Openclipart,yaretzi_mexica,1d57ee41ba7e9b7bbea7cfd3259e423910b737fb
yaretzi_mexica_img_0869,img_869.jpg,animales,ilustracion_plana_color,500,500,ilustracion estilo tierno donde se observa: rana,Openclipart,yaretzi_mexica,1a443e7014b9ba2c800ed5e1198dc6bb43ad0dd2
yaretzi_mexica_img_0870,img_870.png,animales,ilustracion_plana_color,800,778,ilustracion estilo tierno donde se observa: pájaro,Openclipart,yaretzi_mexica,3e0bab7cbdcdae8608eefa75dc2dc7f6fa84f865
yaretzi_mexica_img_0871,img_871.jpeg,animales,ilustracion_plana_color,216,216,ilustracion estilo tierno donde se observa: pájaro,Openclipart,yaretzi_mexica,43ad9d9ff9f9187363ed49cfd257969692c5a85b
yaretzi_mexica_img_0872,img_872.jpg,animales,ilustracion_plana_color,256,256,ilustracion estilo tierno donde se observa: pájaro,Openclipart,yaretzi_mexica,c70d85d104379625169e548545de218b121166fe
yaretzi_mexica_img_0873,img_873.png,animales,ilustracion_plana_color,800,1215,ilustracion estilo tierno donde se observa: pájaro,Openclipart,yaretzi_mexica,6e25472cf2973e8805da2b0efcb70bfea7166094
yaretzi_mexica_img_0874,img_874.jpeg,animales,ilustracion_plana_color,412,412,ilustracion estilo tierno donde se observa: gato,Openclipart,yaretzi_mexica,0a0a21db1eabbcb31c7174e6c5f706e7f3956354
yaretzi_mexica_img_0875,img_875.jpg,animales,ilustracion_plana_color,512,512,ilustracion estilo tierno donde se observa: ratón,Openclipart,yaretzi_mexica,c08278f4f03a455604bbafb72136c5252dcedd5b
yaretzi_mexica_img_0876,img_876.png,animales,ilustracion_plana_color,800,458,ilustracion estilo tierno donde se observa: pato,Openclipart,yaretzi_mexica,2e336efc180f61fbea35332f210e52573259387b
yaretzi_mexica_img_0877,img_877.jpeg,animales,ilustracion_plana_color,193,193,ilustracion estilo tierno donde se observa: pájaro,Openclipart,yaretzi_mexica,642bd0ad8c01a5d77b3eb8caf7d48f1c6d35f63b
yaretzi_mexica_img_0878,img_878.jpg,animales,ilustracion_plana_color,672,901,ilustracion estilo tierno donde se observa: conejo,Openclipart,yaretzi_mexica,b4934dc5b6f113e241cce2e20559c11bc1adf8fb
yaretzi_mexica_img_0879,img_879.png,animales,ilustracion_plana_color,800,1048,ilustracion estilo tierno donde se observa: pájaro,Openclipart,yaretzi_mexica,dfa2dc35bebc817d019ef8ca78df387bd66fbfc7
yaretzi_mexica_img_0880,img_880.jpeg,animales,ilustracion_plana_color,201,201,ilustracion estilo tierno donde se observa: pato,Openclipart,yaretzi_mexica,d1cdbfb80cbe15f13631aec1b7d6286c71fbe75a
yaretzi_mexica_img_0881,img_881.jpg,animales,ilustracion_plana_color,1080,612,ilustracion estilo tierno donde se observa: rana,Openclipart,yaretzi_mexica,299fc5fa9ebc704b4c002388a404cea74a485c98
yaretzi_mexica_img_0882,img_882.png,animales,ilustracion_plana_color,800,1399,ilustracion estilo tierno donde se observa: pájaro,Openclipart,yaretzi_mexica,73e831bc7a5848a625fada31abdf79716cb95aeb
yaretzi_mexica_img_0883,img_883.jpeg,animales,ilustracion_plana_color,208,208,ilustracion estilo tierno donde se observa: panda,Flat Icon,yaretzi_mexica,6f10832f637e20253678b2aed3a00f56c3971819
yaretzi_mexica_img_0884,img_884.jpg,animales,ilustracion_plana_color,512,512,ilustracion estilo tierno donde se observa: ratón,Openclipart,yaretzi_mexica,0d446313a441fcd433736cedd328a72c99b59218
yaretzi_mexica_img_0885,img_885.png,animales,ilustracion_plana_color,800,906,ilustracion estilo tierno donde se observa: pájaro,Openclipart,yaretzi_mexica,d0bdc2bfab3e9e88f1469c65c77b6dc82dee3c47
yaretzi_mexica_img_0886,img_886.jpeg,animales,ilustracion_plana_color,200,200,ilustracion estilo tierno donde se observa: león,Openclipart,yaretzi_mexica,0b0ba5d1886f43b03ebe30d673b7aa8e5eba2dfd
yaretzi_mexica_img_0887,img_887.jpg,animales,ilustracion_plana_color,768,1344,ilustracion estilo tierno donde se observa: perro,Flat Icon,yaretzi_mexica,eb44ae8e6f0a30b52703656c9e667bc05fab158b
yaretzi_mexica_img_0888,img_888.png,animales,ilustracion_plana_color,800,885,ilustracion estilo tierno donde se observa: pájaro,Openclipart,yaretzi_mexica,0b8a86e245107f9a15b3d9b7cb9a81b7946fa0e2
yaretzi_mexica_img_0889,img_889.jpeg,animales,ilustracion_plana_color,176,176,ilustracion estilo tierno donde se observa: zorro,Openclipart,yaretzi_mexica,ba619f80db295427d59339fcdbb8d540161b032b
yaretzi_mexica_img_0890,img_890.jpg,animales,ilustracion_plana_color,512,512,ilustracion estilo tierno donde se observa: koala,Openclipart,yaretzi_mexica,7d5f617a6260758376bf6d6d21a7904524e8e477
yaretzi_mexica_img_0891,img_891.png,animales,ilustracion_plana_color,800,882,ilustracion estilo tierno donde se observa: pájaro,Openclipart,yaretzi_mexica,3320a9034c88a96492b67ae7c5efc5cd98384cdb
yaretzi_mexica_img_0892,img_892.jpeg,animales,ilustracion_plana_color,204,204,ilustracion estilo tierno donde se observa: tigre,Openclipart,yaretzi_mexica,fe2cce182ee13b816dc028ebd4541a3d49a266cf
yaretzi_mexica_img_0893,img_893.jpg,animales,ilustracion_plana_color,256,256,ilustracion estilo tierno donde se observa: koala,Openclipart,yaretzi_mexica,00e980fbef05a0aa4297aab494c056a66e5ed6a4
yaretzi_mexica_img_0894,img_894.png,animales,ilustracion_plana_color,800,857,ilustracion estilo tierno donde se observa: pájaro,Openclipart,yaretzi_mexica,f59c5e0b5ca0c7e7106da76b1b1281e41f8594da
yaretzi_mexica_img_0895,img_895.jpeg,animales,ilustracion_plana_color,177,177,ilustracion estilo tierno donde se observa: conejo,Openclipart,yaretzi_mexica,f81d9b271f2023712adc2f060e9d5c6d9812f744
yaretzi_mexica_img_0896,img_896.jpg,animales,ilustracion_plana_color,1000,1000,ilustracion estilo tierno donde se observa: león,Openclipart,yaretzi_mexica,6c6376c0d622ff60eb66fdc6880806a2a97d5a4a
yaretzi_mexica_img_0897,img_897.png,animales,ilustracion_plana_color,800,855,ilustracion estilo tierno donde se observa: pájaro,Openclipart,yaretzi_mexica,2e021d788f550abc7eb8571ebc147a6472f2a5f4
yaretzi_mexica_img_0898,img_898.jpeg,animales,ilustracion_plana_color,172,172,ilustracion estilo tierno donde se observa: oso,Openclipart,yaretzi_mexica,bd2c21e41796ef0e9e42c75147ebf50ed81a0966
yaretzi_mexica_img_0899,img_899.jpg,animales,ilustracion_plana_color,512,512,ilustracion estilo tierno donde se observa: león,Openclipart,yaretzi_mexica,3162b9b110b121c3681c65ac67fbd0addd13302c
yaretzi_mexica_img_0900,img_900.png,animales,ilustracion_plana_color,512,512,ilustracion estilo tierno donde se observa: pájaro,Openclipart,yaretzi_mexica,f2dfa1007f1cc93d83611936155d80d5180097a3
yaretzi_mexica_img_0901,img_901.jpeg,animales,ilustracion_plana_color,201,201,ilustracion estilo tierno donde se observa: pájaro,Openclipart,yaretzi_mexica,4bce4692154721c16a5d09b4d78580debd63ba7c
yaretzi_mexica_img_0902,img_902.jpg,animales,ilustracion_plana_color,980,980,ilustracion estilo tierno donde se observa: león,Openclipart,yaretzi_mexica,2d47ec0ee429f592ce9ef1aaec012fd5c036b9cb
yaretzi_mexica_img_0903,img_903.png,animales,ilustracion_plana_color,450,450,ilustracion estilo tierno donde se observa: pájaro,Openclipart,yaretzi_mexica,1dbcf64ad85478a217d5203dc436b5d513aee28b
yaretzi_mexica_img_0904,img_904.jpeg,animales,ilustracion_plana_color,187,187,ilustracion estilo tierno donde se observa: perro,Openclipart,yaretzi_mexica,c1efb274689aff8e1bdfa4d3a300ea282f051881
yaretzi_mexica_img_0905,img_905.jpg,animales,ilustracion_plana_color,512,512,ilustracion estilo tierno donde se observa: león,Openclipart,yaretzi_mexica,42f837bb57d1684ce09fd4d001e38720875e6c16
yaretzi_mexica_img_0906,img_906.png,animales,ilustracion_plana_color,800,905,ilustracion estilo tierno donde se observa: conejo,Openclipart,yaretzi_mexica,44ac7cd94d26fc68930c31af86888e9b596fe6f9
yaretzi_mexica_img_0907,img_907.jpeg,animales,ilustracion_plana_color,449,449,ilustracion estilo tierno donde se observa: rana,Openclipart,yaretzi_mexica,6ceb12ec4d8c6375846151e156316a40c33e89a9
yaretzi_mexica_img_0908,img_908.jpg,animales,ilustracion_plana_color,512,512,ilustracion estilo tierno donde se observa: zorro,Openclipart,yaretzi_mexica,1f3e855deae456a35443756c376112e55dae2fe3
yaretzi_mexica_img_0909,img_909.png,animales,ilustracion_plana_color,450,450,ilustracion estilo tierno donde se observa: pájaro,Openclipart,yaretzi_mexica,8e715f8244cd27f2ba76fa2fe11f4a12840f4f78
yaretzi_mexica_img_0910,img_910.jpeg,animales,ilustracion_plana_color,361,361,ilustracion estilo tierno donde se observa: cerdito,Openclipart,yaretzi_mexica,dbc0e6952cfa689645381d0be2d26c6f70109bee
yaretzi_mexica_img_0911,img_911.jpg,animales,ilustracion_plana_color,500,500,ilustracion estilo tierno donde se observa: león,Openclipart,yaretzi_mexica,55d227382f8d1fb9b97e5bafec4e5584853cdb53
yaretzi_mexica_img_0912,img_912.png,animales,ilustracion_plana_color,800,1293,ilustracion estilo tierno donde se observa: panda,Openclipart,yaretzi_mexica,48f2856cc0a27cc2205ad0cb79db50a8b015d064
yaretzi_mexica_img_0913,img_913.jpeg,animales,ilustracion_plana_color,376,415,ilustracion estilo tierno donde se observa: pájaro,Openclipart,yaretzi_mexica,0749e45396676282b2e3af661a8d3bdecfb2a981
yaretzi_mexica_img_0914,img_914.jpg,animales,ilustracion_plana_color,512,512,ilustracion estilo tierno donde se observa: perro,Flat Icon,yaretzi_mexica,8dc3ffd1f9d3ccaaa461d9cc5347bc82a765ad3e
yaretzi_mexica_img_0915,img_915.png,animales,ilustracion_plana_color,800,886,ilustracion estilo tierno donde se observa: cerdito,Openclipart,yaretzi_mexica,f9e2d1e6efb01250f544794f5bf50dd86241dc85
yaretzi_mexica_img_0916,img_916.jpg,animales,ilustracion_plana_color,500,500,ilustracion estilo tierno donde se observa: pájaro,Openclipart,yaretzi_mexica,8764de82114fe0c4f0dc8a419395d4b67ea890e6
yaretzi_mexica_img_0917,img_917.png,animales,ilustracion_plana_color,800,381,ilustracion estilo tierno donde se observa: pato,Openclipart,yaretzi_mexica,65654428e74829720051c7fe447c20c89e5c52b5
yaretzi_mexica_img_0918,img_918.jpg,animales,ilustracion_plana_color,915,1022,ilustracion estilo tierno donde se observa: panda,Openclipart,yaretzi_mexica,ff4ea94401ad50b10de438380b9ac752b9f01c97
yaretzi_mexica_img_0919,img_919.png,animales,ilustracion_plana_color,450,450,ilustracion estilo tierno donde se observa: pato,Openclipart,yaretzi_mexica,014d0467a6d21b716eb4c00816df05e2ab2352c4
yaretzi_mexica_img_0920,img_920.jpg,animales,ilustracion_plana_color,512,512,ilustracion estilo tierno donde se observa: mono,Openclipart,yaretzi_mexica,a6a52d5da28206b3a2a5eeaf3f3b9628c46b8c2b
yaretzi_mexica_img_0921,img_921.png,animales,ilustracion_plana_color,800,768,ilustracion estilo tierno donde se observa: ratón,Openclipart,yaretzi_mexica,42e6995f4aeda13e97de236ed3a13d17a678c62e
yaretzi_mexica_img_0922,img_922.jpg,animales,ilustracion_plana_color,256,256,ilustracion estilo tierno donde se observa: mono,Openclipart,yaretzi_mexica,345d78f4cb6ee26fe27c5470722b9ee813764428
yaretzi_mexica_img_0923,img_923.png,animales,ilustracion_plana_color,512,512,ilustracion estilo tierno donde se observa: pato,Openclipart,yaretzi_mexica,da7238cc15602dd5016f62a0d9e317958737df1e
yaretzi_mexica_img_0924,img_924.jpg,animales,ilustracion_plana_color,512,512,ilustracion estilo tierno donde se observa: perro,Openclipart,yaretzi_mexica,f555947c4b1c313b99e0dc177d9f479f29567ea2
yaretzi_mexica_img_0925,img_925.png,animales,ilustracion_plana_color,800,631,ilustracion estilo tierno donde se observa: ratón,Openclipart,yaretzi_mexica,73e28f1f73f9504683b47db9da02ea89509a336a
yaretzi_mexica_img_0926,img_926.jpg,animales,ilustracion_plana_color,640,929,ilustracion estilo tierno donde se observa: oso,Openclipart,yaretzi_mexica,ba6c0ac524a838fef026e5b858b34e501370db7d
yaretzi_mexica_img_0927,img_927.png,animales,ilustracion_plana_color,450,450,ilustracion estilo tierno donde se observa: rana,Openclipart,yaretzi_mexica,0704648ba43318892ba8fccc6f30f66844dd7020
yaretzi_mexica_img_0928,img_928.jpg,animales,ilustracion_plana_color,709,1063,ilustracion estilo tierno donde se observa: oso,Openclipart,yaretzi_mexica,831e53b4e13f08b2641c3ccd5555004af7b9663c
yaretzi_mexica_img_0929,img_929.png,animales,ilustracion_plana_color,512,512,ilustracion estilo tierno donde se observa: panda,Openclipart,yaretzi_mexica,bc24632397b2a470ba0be62d8b4e4e25914fab0e
yaretzi_mexica_img_0930,img_930.jpg,animales,ilustracion_plana_color,512,512,ilustracion estilo tierno donde se observa: oso,Openclipart,yaretzi_mexica,7e3ed426e3d8940d602031db4e8ad801b1685c62
yaretzi_mexica_img_0931,img_931.png,animales,ilustracion_plana_color,450,450,ilustracion estilo tierno donde se observa: pato,Openclipart,yaretzi_mexica,605c59afd3557d2dbf5c5f6f12a22f0c5601b996
yaretzi_mexica_img_0932,img_932.jpeg,animales,ilustracion_plana_color,244,244,ilustracion estilo tierno donde se observa: oveja,Openclipart,yaretzi_mexica,9162ef89db705296ae67b8bff6ae75baaaddcee6
yaretzi_mexica_img_0933,img_933.jpg,animales,ilustracion_plana_color,500,500,ilustracion estilo tierno donde se observa: conejo,Flat Icon,yaretzi_mexica,ec55941d462728499f57a72a1340d621a6c63c8c
yaretzi_mexica_img_0934,img_934.png,animales,ilustracion_plana_color,800,1389,ilustracion estilo tierno donde se observa: cerdito,Openclipart,yaretzi_mexica,f05fa560756b9eba980d4cf320ebded661eb1c6c
yaretzi_mexica_img_0935,img_935.jpg,animales,ilustracion_plana_color,512,512,ilustracion estilo tierno donde se observa: oso,Flat Icon,yaretzi_mexica,47238c6604c87ef9b5fc79acc3a478476865b407
yaretzi_mexica_img_0936,img_936.png,animales,ilustracion_plana_color,800,838,ilustracion estilo tierno donde se observa: conejo,Openclipart,yaretzi_mexica,d671878421995ca6ccce235755a94db81dbc8f12
yaretzi_mexica_img_0937,img_937.jpg,animales,ilustracion_plana_color,450,450,ilustracion estilo tierno donde se observa: oso,Flat Icon,yaretzi_mexica,cad60038e99002bf3e6c7edfedc8477690ead929
yaretzi_mexica_img_0938,img_938.png,animales,ilustracion_plana_color,512,512,ilustracion estilo tierno donde se observa: cerdito,Openclipart,yaretzi_mexica,4dfb61484c8689bdeba5a0b50780af77fe3c66d7
yaretzi_mexica_img_0939,img_939.jpg,animales,ilustracion_plana_color,1200,1200,ilustracion estilo tierno donde se observa: panda,Openclipart,yaretzi_mexica,f7f287442af13d78b2ecd02d35cc748c4b3b0bd1
yaretzi_mexica_img_0940,img_940.png,animales,ilustracion_plana_color,800,933,ilustracion estilo tierno donde se observa: oveja,Openclipart,yaretzi_mexica,204198c55e08f60ec46a19f33829e6cd115c5d45
yaretzi_mexica_img_0941,img_941.jpg,animales,ilustracion_plana_color,736,1041,ilustracion estilo tierno donde se observa: panda,Flat Icon,yaretzi_mexica,53a5b1f813c5b4098d3f71e60eae93a4df3aebec
yaretzi_mexica_img_0942,img_942.png,animales,ilustracion_plana_color,450,450,ilustracion estilo tierno donde se observa: cerdito,Openclipart,yaretzi_mexica,e7f2b9b508831add4086e1cc614634abf09360c8
yaretzi_mexica_img_0943,img_943.jpg,animales,ilustracion_plana_color,512,512,ilustracion estilo tierno donde se observa: pato,Openclipart,yaretzi_mexica,aa8e9502b787f55aa8a56281acba4710d467952c
yaretzi_mexica_img_0944,img_944.png,animales,ilustracion_plana_color,800,1227,ilustracion estilo tierno donde se observa: oveja,Openclipart,yaretzi_mexica,8d8af3eecec2fd4e71505d271deb640f89be5f47
yaretzi_mexica_img_0945,img_945.jpg,animales,ilustracion_plana_color,512,512,ilustracion estilo tierno donde se observa: pato,Openclipart,yaretzi_mexica,06fd3287852991d480b62cd3c72d7aba4208bb55
yaretzi_mexica_img_0946,img_946.png,animales,ilustracion_plana_color,787,706,ilustracion estilo tierno donde se observa: oveja,Openclipart,yaretzi_mexica,376303e1a5078d293ecd73b6f3b89c50c29e9f51
yaretzi_mexica_img_0947,img_947.jpg,animales,ilustracion_plana_color,512,512,ilustracion estilo tierno donde se observa: pato,Openclipart,yaretzi_mexica,0f69cf62b2368fe45cd8b06d344498c94fe3204d
yaretzi_mexica_img_0948,img_948.png,animales,ilustracion_plana_color,450,450,ilustracion estilo tierno donde se observa: oveja,Openclipart,yaretzi_mexica,4aa7645396b33d34ae5e72afbeeea3baa08a71a4
yaretzi_mexica_img_0949,img_949.jpg,animales,ilustracion_plana_color,256,256,ilustracion estilo tierno donde se observa: pato,Openclipart,yaretzi_mexica,8a7aa44647b999082c3d109f38add425aedfbb1b
yaretzi_mexica_img_0950,img_950.png,animales,ilustracion_plana_color,512,512,ilustracion estilo tierno donde se observa: pájaro,Openclipart,yaretzi_mexica,7a8a4db44e636ace75d4268f6e18db76899fbff3
yaretzi_mexica_img_0951,img_951.jpg,animales,ilustracion_plana_color,736,1041,ilustracion estilo tierno donde se observa: pato,Flat Icon,yaretzi_mexica,f013a14aefee0d566607589d511eb6569ee556c1
yaretzi_mexica_img_0952,img_952.png,animales,ilustracion_plana_color,450,450,ilustracion estilo tierno donde se observa: pájaro,Openclipart,yaretzi_mexica,d0bffc8abeeb2a0ad899f61a41736f386ed9a2f3
yaretzi_mexica_img_0953,img_953.jpg,animales,ilustracion_plana_color,512,512,ilustracion estilo tierno donde se observa: pájaro,Openclipart,yaretzi_mexica,dc417ccc3e802740ecaa041ae0f7e734bb6ed9dc
yaretzi_mexica_img_0954,img_954.png,animales,ilustracion_plana_color,800,902,ilustracion estilo tierno donde se observa: cerdito,Openclipart,yaretzi_mexica,fa112529c0cdd6966f13a71947d2529e64d88c23
yaretzi_mexica_img_0955,img_955.jpeg,animales,ilustracion_plana_color,248,248,ilustracion estilo tierno donde se observa: león,Openclipart,yaretzi_mexica,14a1f67bb6a1a9b3181b2283358e4234aa1f38c4
yaretzi_mexica_img_0956,img_956.jpg,animales,ilustracion_plana_color,512,512,ilustracion estilo tierno donde se observa: pato,Flat Icon,yaretzi_mexica,356a321d35e5e365cf7563411ec11fb1d20f4177
yaretzi_mexica_img_0957,img_957.png,animales,ilustracion_plana_color,800,871,ilustracion estilo tierno donde se observa: pájaro,Openclipart,yaretzi_mexica,5ce3334b1c79ef2e6fb912991fab3da78fc9fa81
yaretzi_mexica_img_0958,img_958.jpg,animales,ilustracion_plana_color,512,512,ilustracion estilo tierno donde se observa: pájaro,Openclipart,yaretzi_mexica,b4636bcd9098a34ee6329982355ca86efb6fc779
yaretzi_mexica_img_0959,img_959.png,animales,ilustracion_plana_color,800,792,ilustracion estilo tierno donde se observa: conejo,Openclipart,yaretzi_mexica,3727585725bd1adf0d97dfbbba6cdfc726e8ee7e
yaretzi_mexica_img_0960,img_960.jpg,animales,ilustracion_plana_color,298,298,ilustracion estilo tierno donde se observa: pájaro,Openclipart,yaretzi_mexica,c7ab9c73dcf6679152192a5edd445058478beaff
yaretzi_mexica_img_0961,img_961.png,animales,ilustracion_plana_color,450,450,ilustracion estilo tierno donde se observa: perro,Openclipart,yaretzi_mexica,b2de0dd5ca385b92ac52d090fd9c8b5f13a6d59e
yaretzi_mexica_img_0962,img_962.jpg,animales,ilustracion_plana_color,512,512,ilustracion estilo tierno donde se observa: perro,Openclipart,yaretzi_mexica,7249e3a83dd3976169e63ff80c6c8e774e05077d
yaretzi_mexica_img_0963,img_963.png,animales,ilustracion_plana_color,800,652,ilustracion estilo tierno donde se observa: rana,Openclipart,yaretzi_mexica,2588d7dab31464359b6d0ecdff70e1765f2045c3
yaretzi_mexica_img_0964,img_964.jpg,animales,ilustracion_plana_color,512,512,ilustracion estilo tierno donde se observa: perro,Openclipart,yaretzi_mexica,65f78125fbce35b0d44a04098dd5082beb98c5b1
yaretzi_mexica_img_0965,img_965.png,animales,ilustracion_plana_color,512,512,ilustracion estilo tierno donde se observa: tigre,Openclipart,yaretzi_mexica,5986d40eb71255d6474cf264e26c253302ee6cc7
yaretzi_mexica_img_0966,img_966.jpg,animales,ilustracion_plana_color,768,1344,ilustracion estilo tierno donde se observa: perro,Openclipart,yaretzi_mexica,78d38111934d0735e93e499198aecdaa2cf5724b
yaretzi_mexica_img_0967,img_967.png,animales,ilustracion_plana_color,800,1549,ilustracion estilo tierno donde se observa: rana,Openclipart,yaretzi_mexica,d4cf08c603ff4fd6932037f95fe3b97163dfeaef
yaretzi_mexica_img_0968,img_968.jpg,animales,ilustracion_plana_color,500,500,ilustracion estilo tierno donde se observa: perro,Openclipart,yaretzi_mexica,dcf4bfd9a9e38eaa8d62497712a2234e2302f051
yaretzi_mexica_img_0969,img_969.png,animales,ilustracion_plana_color,450,450,ilustracion estilo tierno donde se observa: león,Openclipart,yaretzi_mexica,1eaaae4183814d63825dd264e45fc80ca900722b
yaretzi_mexica_img_0970,img_970.jpg,animales,ilustracion_plana_color,512,512,ilustracion estilo tierno donde se observa: pájaro,Openclipart,yaretzi_mexica,32c721652d6b0cbdea44294727771be5f700843f
yaretzi_mexica_img_0971,img_971.png,animales,ilustracion_plana_color,512,512,ilustracion estilo tierno donde se observa: león,Openclipart,yaretzi_mexica,ccca2b74a7e54a5108979c82f3af60360dace516
yaretzi_mexica_img_0972,img_972.jpg,animales,ilustracion_plana_color,512,512,ilustracion estilo tierno donde se observa: mono,Openclipart,yaretzi_mexica,443dfec19be34c562aef6726c4fe90840fbd60af
yaretzi_mexica_img_0973,img_973.png,animales,ilustracion_plana_color,800,956,ilustracion estilo tierno donde se observa: cerdito,Openclipart,yaretzi_mexica,0d729d630193282ec66975050838824c46b234d8
yaretzi_mexica_img_0974,img_974.jpg,animales,ilustracion_plana_color,512,512,ilustracion estilo tierno donde se observa: rana,Openclipart,yaretzi_mexica,7ac5e93906a58de7bd20bce9f91341b57b93ae87
yaretzi_mexica_img_0975,img_975.png,animales,ilustracion_plana_color,800,706,ilustracion estilo tierno donde se observa: cerdito,Openclipart,yaretzi_mexica,a3a5c0f0536926d8e363f6a13663fea2f8e0f9fe
yaretzi_mexica_img_0976,img_976.jpg,animales,ilustracion_plana_color,500,500,ilustracion estilo tierno donde se observa: rana,Openclipart,yaretzi_mexica,1ab8b3eb8a0bc13006ddd04987a0d0578e7ff055
yaretzi_mexica_img_0977,img_977.png,animales,ilustracion_plana_color,450,450,ilustracion estilo tierno donde se observa: perro,Openclipart,yaretzi_mexica,80fa62e3713d969443adf452ea6c3141e170d39a
yaretzi_mexica_img_0978,img_978.jpeg,animales,ilustracion_plana_color,232,232,ilustracion estilo tierno donde se observa: cerdito,Openclipart,yaretzi_mexica,9a2be1ab4fb5400a807074e70e99a7e474d94bbc
yaretzi_mexica_img_0979,img_979.jpg,animales,ilustracion_plana_color,512,512,ilustracion estilo tierno donde se observa: oveja,Openclipart,yaretzi_mexica,cc3e8fba5e8309f422c2c89eff0d14e944fdad18
yaretzi_mexica_img_0980,img_980.png,animales,ilustracion_plana_color,800,675,ilustracion estilo tierno donde se observa: pájaro,Openclipart,yaretzi_mexica,f3c2ca685df6010aa5f5bb9640eb07c325495f7e
yaretzi_mexica_img_0981,img_981.jpg,animales,ilustracion_plana_color,512,512,ilustracion estilo tierno donde se observa: ratón,Openclipart,yaretzi_mexica,2023fff0e5acd7e317934dc1f10c1e979d3f6975
yaretzi_mexica_img_0982,img_982.png,animales,ilustracion_plana_color,800,934,ilustracion estilo tierno donde se observa: oveja,Openclipart,yaretzi_mexica,50cef01f7c0bc33cb27461b8166432faae6052c9
yaretzi_mexica_img_0983,img_983.jpg,animales,ilustracion_plana_color,735,544,ilustracion estilo tierno donde se observa: ratón,Openclipart,yaretzi_mexica,c2d3683236b89fb0992d7bf3f0c9a62a78ccd33b
yaretzi_mexica_img_0984,img_984.png,animales,ilustracion_plana_color,450,450,ilustracion estilo tierno donde se observa: oveja,Openclipart,yaretzi_mexica,4404d5bccc2022eaba63da4af411e38b3f27fc03
yaretzi_mexica_img_0985,img_985.jpg,animales,ilustracion_plana_color,512,512,ilustracion estilo tierno donde se observa: león,Openclipart,yaretzi_mexica,cc0cc0ca40694b4d1cea33c669b3ef769eac0314
yaretzi_mexica_img_0986,img_986.png,animales,ilustracion_plana_color,800,878,ilustracion estilo tierno donde se observa: oveja,Openclipart,yaretzi_mexica,c707720f9f8365f22c651d5aca940f533a39e7c1
yaretzi_mexica_img_0987,img_987.jpg,animales,ilustracion_plana_color,768,1344,ilustracion estilo tierno donde se observa: cerdito,Flat Icon,yaretzi_mexica,721088a53c43da647aa2f33dc24228a5cba7b660
yaretzi_mexica_img_0988,img_988.png,animales,ilustracion_plana_color,800,583,ilustracion estilo tierno donde se observa: león,Openclipart,yaretzi_mexica,149d4d7bc9864dce5e79fc670535977b95d8222d
yaretzi_mexica_img_0989,img_989.jpg,animales,ilustracion_plana_color,256,256,ilustracion estilo tierno donde se observa: cerdito,Flat Icon,yaretzi_mexica,c15f89eb6d3646f40dc0fcc6f20a0b3e3fd6ab70
yaretzi_mexica_img_0990,img_990.png,animales,ilustracion_plana_color,800,601,ilustracion estilo tierno donde se observa: rana,Openclipart,yaretzi_mexica,ba5c838e35e809a847d5c30fa864b2aeaa2df15d
yaretzi_mexica_img_0991,img_991.jpg,animales,ilustracion_plana_color,512,512,ilustracion estilo tierno donde se observa: rana,Openclipart,yaretzi_mexica,eb924070f1984e230df65e8f1621d4c00655fe6d
yaretzi_mexica_img_0992,img_992.png,animales,ilustracion_plana_color,800,1335,ilustracion estilo tierno donde se observa: mono,Openclipart,yaretzi_mexica,57f8b6cc69713383521ea24b0c11e27d9e295280
yaretzi_mexica_img_0993,img_993.jpg,animales,ilustracion_plana_color,512,512,ilustracion estilo tierno donde se observa: león,Openclipart,yaretzi_mexica,2cd439bc6260a06c3a4745d61a7b08aa9ddbb0ae
yaretzi_mexica_img_0994,img_994.png,animales,ilustracion_plana_color,450,450,ilustracion estilo tierno donde se observa: conejo,Openclipart,yaretzi_mexica,bc4e15ca2c75c9061acd7fb390fa37b612dcbcf6
yaretzi_mexica_img_0995,img_995.jpg,animales,ilustracion_plana_color,512,512,ilustracion estilo tierno donde se observa: tigre,Openclipart,yaretzi_mexica,1b8365e1fc6931cd32a2d66d9560a45af43c1717
yaretzi_mexica_img_0996,img_996.png,animales,ilustracion_plana_color,800,899,ilustracion estilo tierno donde se observa: pájaro,Openclipart,yaretzi_mexica,afad0f00704626af1dae878a809368ddce464fd4
yaretzi_mexica_img_0997,img_997.jpg,animales,ilustracion_plana_color,512,512,ilustracion estilo tierno donde se observa: tigre,Pinterest,yaretzi_mexica,b74b08d9ba10fc4bbbd902f395e14112066954e4
yaretzi_mexica_img_0998,img_998.png,animales,ilustracion_plana_color,512,512,ilustracion estilo tierno donde se observa: rana,Openclipart,yaretzi_mexica,e7b510674b06638e530595085c8ec948cf37a2fa
yaretzi_mexica_img_0999,img_999.jpg,animales,ilustracion_plana_color,512,512,ilustracion estilo tierno donde se observa: rana,Openclipart,yaretzi_mexica,53d0ab6ebc4a70367ccd7aab1cb808dcba793913
yaretzi_mexica_img_1000,img_1000.png,animales,ilustracion_plana_color,800,1388,ilustracion estilo tierno donde se observa: rana,Openclipart,yaretzi_mexica,b90c0087b913ef7a9e25bd9c7c2c75251bb4e626
