id,archivo,tematica,estilo,ancho,alto,descripcion,fuente,recolector,hash_imagen
evelyne_rojas_img_0001,img_001.png,fantasmas_y_misterio,ilustracion_plana_color,1280,1105,,Openclipart,evelyne_rojas,c4f96ab69ff6308347cee453323fcd9c011770c9
evelyne_rojas_img_0002,img_002.png,fantasmas_y_misterio,ilustracion_plana_color,1280,1280,,Openclipart,evelyne_rojas,4561eef938a9486277143e9fe453b0617c15abee
evelyne_rojas_img_0003,img_003.png,fantasmas_y_misterio,ilustracion_plana_color,1280,1280,,Openclipart,evelyne_rojas,8f35301b1670934c186068ef72157d73331356d6
evelyne_rojas_img_0004,img_004.png,fantasmas_y_misterio,ilustracion_plana_color,1280,1280,,Openclipart,evelyne_rojas,8604e4f059f15dec7feb63d41458b8216b127a4e
evelyne_rojas_img_0005,img_005.png,fantasmas_y_misterio,ilustracion_plana_color,1280,1280,,Openclipart,evelyne_rojas,c5cd44a5b1b99d6e1bfa19e2e103802f23cced96
evelyne_rojas_img_0006,img_006.png,fantasmas_y_misterio,ilustracion_plana_color,1280,1187,,Openclipart,evelyne_rojas,9f1e5a8aa9e4e9e413938cc5171df95ed4bf3ac6
evelyne_rojas_img_0007,img_007.png,fantasmas_y_misterio,ilustracion_plana_color,1280,1280,,Openclipart,evelyne_rojas,0b9969faf5b68ae26a07a004ad1e965defeaf854
evelyne_rojas_img_0008,img_008.png,fantasmas_y_misterio,ilustracion_plana_color,1245,1280,,Openclipart,evelyne_rojas,f54b33d06d5144a498ab194fed83cef4274729e4
evelyne_rojas_img_0009,img_009.png,fantasmas_y_misterio,ilustracion_plana_color,1280,1280,,Openclipart,evelyne_rojas,1a2dfd217047cf268710abb2c5701604f66c95b7
evelyne_rojas_img_0010,img_010.png,fantasmas_y_misterio,ilustracion_plana_color,1280,1280,,Openclipart,evelyne_rojas,8aa175154c79e0360ec766df4c86a35df7fcb633
evelyne_rojas_img_0011,img_011.png,fantasmas_y_misterio,ilustracion_plana_color,1280,1280,,Openclipart,evelyne_rojas,472973b65f1fd4aef20492c8dfcea590466122ed
evelyne_rojas_img_0012,img_012.png,fantasmas_y_misterio,ilustracion_plana_color,1280,1280,,Openclipart,evelyne_rojas,31b37a35d9daba63821e8205ddbaed4eb1c8d2db
evelyne_rojas_img_0013,img_013.png,fantasmas_y_misterio,ilustracion_plana_color,1280,1067,,Openclipart,evelyne_rojas,7aa4e0dff8a35ee2b6d139e4bcac83a5fa373226
evelyne_rojas_img_0014,img_014.png,fantasmas_y_misterio,ilustracion_plana_color,1280,1280,,Openclipart,evelyne_rojas,05ee3ef74d2a811a559ac9435f85cd08752a0a7e
evelyne_rojas_img_0015,img_015.png,fantasmas_y_misterio,ilustracion_plana_color,1280,1280,,Openclipart,evelyne_rojas,df5562f03460d66f94ab2ced6d540ba37f75b3ab
evelyne_rojas_img_0016,img_016.png,fantasmas_y_misterio,ilustracion_plana_color,800,295,,Openclipart,evelyne_rojas,05697a6e328f9f9d6cbb7a15425c534af28c13bf
evelyne_rojas_img_0017,img_017.png,fantasmas_y_misterio,ilustracion_plana_color,1055,1280,,Openclipart,evelyne_rojas,096cfab6fdf1d9acd6fc1df620ae04d43f4a98e9
evelyne_rojas_img_0018,img_018.png,fantasmas_y_misterio,ilustracion_plana_color,1166,1280,,Openclipart,evelyne_rojas,e2c525ec8138b60cab933025bb6c00a47516773a
evelyne_rojas_img_0019,img_019.png,fantasmas_y_misterio,ilustracion_plana_color,1266,1280,,Openclipart,evelyne_rojas,1e4950baa8a834ca5995430dc16f6c1412fa19fa
evelyne_rojas_img_0020,img_020.png,fantasmas_y_misterio,ilustracion_plana_color,573,800,,Openclipart,evelyne_rojas,227e58d7c810d98a20ce5b1e7fc0f9b59b5c0a68
evelyne_rojas_img_0021,img_021.png,fantasmas_y_misterio,ilustracion_plana_color,800,712,,Openclipart,evelyne_rojas,f42d76a860df1aa3f03c569b967c3cfda0fb8bc2
evelyne_rojas_img_0022,img_022.png,fantasmas_y_misterio,ilustracion_plana_color,738,800,,Openclipart,evelyne_rojas,9a5f5bb73bab487cbb84174db3ea628031ff6935
evelyne_rojas_img_0023,img_023.png,fantasmas_y_misterio,ilustracion_plana_color,751,800,,Openclipart,evelyne_rojas,24cd330e9bf213d1215e2f11e2e6031dd6efca17
evelyne_rojas_img_0024,img_024.png,fantasmas_y_misterio,ilustracion_plana_color,800,752,,Openclipart,evelyne_rojas,747e1ba00f968298a1ddc7c7c84b4d0f3c1acef1
evelyne_rojas_img_0025,img_025.png,fantasmas_y_misterio,ilustracion_plana_color,225,529,,Openclipart,evelyne_rojas,caaa2f477c1c3441279279f2d0b36199b940df95
evelyne_rojas_img_0026,img_026.png,fantasmas_y_misterio,ilustracion_plana_color,800,712,,Openclipart,evelyne_rojas,7a7172b12a29e4305806874c3a9623c5f528d6d1
evelyne_rojas_img_0027,img_027.png,fantasmas_y_misterio,ilustracion_plana_color,628,800,,Openclipart,evelyne_rojas,005dbc501c41a3cf87f0eb6f47243f1e95b66f01
evelyne_rojas_img_0028,img_028.png,fantasmas_y_misterio,ilustracion_plana_color,772,800,,Openclipart,evelyne_rojas,632eb53b68a2ac436be509d62e5e3d22fe7c2d14
evelyne_rojas_img_0029,img_029.png,fantasmas_y_misterio,ilustracion_plana_color,758,748,,Openclipart,evelyne_rojas,bc82ff35371fe34e2b4cb848774bae7d8e7b7093
evelyne_rojas_img_0030,img_030.png,fantasmas_y_misterio,ilustracion_plana_color,788,800,,Openclipart,evelyne_rojas,437f41127d8ec819a85f37f44d1fce4e08143033
evelyne_rojas_img_0031,img_031.png,fantasmas_y_misterio,ilustracion_plana_color,477,800,,Openclipart,evelyne_rojas,bad85e51c560d11632d98ab424fd8945387d52e6
evelyne_rojas_img_0032,img_032.png,fantasmas_y_misterio,ilustracion_plana_color,566,800,,Openclipart,evelyne_rojas,24716de6e77dd3a4a5be072dede578dda695acb2
evelyne_rojas_img_0033,img_033.png,fantasmas_y_misterio,ilustracion_plana_color,800,800,,Openclipart,evelyne_rojas,dbe8d121adb007feab5ec34e62b1664817e38fa8
evelyne_rojas_img_0034,img_034.png,fantasmas_y_misterio,ilustracion_plana_color,617,800,,Openclipart,evelyne_rojas,7ab4cbf278573ef48fa49ac2715c0c316cd681d1
evelyne_rojas_img_0035,img_035.png,fantasmas_y_misterio,ilustracion_plana_color,800,380,,Openclipart,evelyne_rojas,8a458c7b54bad4752dfe9571373d98a17469dfa5
evelyne_rojas_img_0036,img_036.png,fantasmas_y_misterio,ilustracion_plana_color,738,800,,Openclipart,evelyne_rojas,2d278d2aa6391b6939af65bffb2f2ee46f4765b9
evelyne_rojas_img_0037,img_037.png,fantasmas_y_misterio,ilustracion_plana_color,567,800,,Openclipart,evelyne_rojas,18ce99a5f2efb04f7fcccc13de64c916a3f74ea8
evelyne_rojas_img_0038,img_038.png,fantasmas_y_misterio,ilustracion_plana_color,800,464,,Openclipart,evelyne_rojas,57592477dfc3da2eec438d39c8fbdb62b42a0375
evelyne_rojas_img_0039,img_039.png,fantasmas_y_misterio,ilustracion_plana_color,576,800,,Openclipart,evelyne_rojas,4427593340d91c9f9fdde82980be5d50ab9724a5
evelyne_rojas_img_0040,img_040.png,fantasmas_y_misterio,ilustracion_plana_color,800,567,,Openclipart,evelyne_rojas,c514ec82b73336c75ec7b3dc16e226a51cf957c7
evelyne_rojas_img_0041,img_041.png,fantasmas_y_misterio,ilustracion_plana_color,778,800,,Openclipart,evelyne_rojas,0d1b84a556279decb21772e291dd45d3399b8a3f
evelyne_rojas_img_0042,img_042.png,fantasmas_y_misterio,ilustracion_plana_color,800,516,,Openclipart,evelyne_rojas,c4bde549ef599af6a1d29723985c313109b9c625
evelyne_rojas_img_0043,img_043.png,fantasmas_y_misterio,ilustracion_plana_color,701,800,,Openclipart,evelyne_rojas,baa49984a966cf45d0507e9d7ba6a52fc8183606
evelyne_rojas_img_0044,img_044.png,fantasmas_y_misterio,ilustracion_plana_color,1190,1280,,Openclipart,evelyne_rojas,a405e3e3790f0793b5c003ef47b577b59bd7a9b6
evelyne_rojas_img_0045,img_045.png,fantasmas_y_misterio,ilustracion_plana_color,1280,1280,,Openclipart,evelyne_rojas,d91493c38b7d9a4312a32b422eca9bcae72e1eb8
evelyne_rojas_img_0046,img_046.png,fantasmas_y_misterio,ilustracion_plana_color,1280,1067,,Openclipart,evelyne_rojas,5b351ae7fa0cdce31647987307a0781845348b05
evelyne_rojas_img_0047,img_047.png,fantasmas_y_misterio,ilustracion_plana_color,1280,1175,,Openclipart,evelyne_rojas,0f78ea52e14bcac4bfd7b21748d43806aa79c9b9
evelyne_rojas_img_0048,img_048.png,fantasmas_y_misterio,ilustracion_plana_color,1280,814,,Openclipart,evelyne_rojas,d706fe48bee7ea2f26fe5bc901856d2f0123560d
evelyne_rojas_img_0049,img_049.jpg,fantasmas_y_misterio,ilustracion_plana_color,612,612,,Openclipart,evelyne_rojas,75c2ef4a08f92366ac4f55aad487096dd413e2c5
evelyne_rojas_img_0050,img_051.png,fantasmas_y_misterio,ilustracion_plana_color,1716,1920,,Openclipart,evelyne_rojas,22f5b6828ef6dc6eb0c1ab04ed0e831381e9b71e
evelyne_rojas_img_0051,img_052.jpg,fantasmas_y_misterio,ilustracion_plana_color,1920,1920,,Openclipart,evelyne_rojas,69779d58bb716b92dfc5e94cb24a51cd545674ba
evelyne_rojas_img_0052,img_053.png,fantasmas_y_misterio,ilustracion_plana_color,1751,1920,,Openclipart,evelyne_rojas,f8227fa1a1ce1005e1c54d441024a168191d5cb8
evelyne_rojas_img_0053,img_054.png,fantasmas_y_misterio,ilustracion_plana_color,1920,1674,,Openclipart,evelyne_rojas,df939093bc6590437f9cd1a48fbd37593d18101f
evelyne_rojas_img_0054,img_055.jpg,fantasmas_y_misterio,ilustracion_plana_color,1807,1920,,Openclipart,evelyne_rojas,e11f8714924e2389cd5980d70b4ea469d04c0417
evelyne_rojas_img_0055,img_056.png,fantasmas_y_misterio,ilustracion_plana_color,1920,1892,,Openclipart,evelyne_rojas,6feaa56a040375d40e8e1a6bfcc493b841dfa3a6
evelyne_rojas_img_0056,img_057.png,fantasmas_y_misterio,ilustracion_plana_color,1920,1920,,Openclipart,evelyne_rojas,1784441e881fa3e16a1d79089575eb828db8df83
evelyne_rojas_img_0057,img_058.png,fantasmas_y_misterio,ilustracion_plana_color,1920,1920,,Openclipart,evelyne_rojas,128538a9e8af88b4f9c2c5963cd5221db387cf0d
evelyne_rojas_img_0058,img_059.png,fantasmas_y_misterio,ilustracion_plana_color,1920,1870,,Openclipart,evelyne_rojas,39aeb0c336782073f90bb35d31e75ff20a55bfe2
evelyne_rojas_img_0059,img_060.png,fantasmas_y_misterio,ilustracion_plana_color,1920,1391,,Openclipart,evelyne_rojas,2139d73984cbf55f644ef0e7c8d2edb6a5350aa7
evelyne_rojas_img_0060,img_061.jpg,fantasmas_y_misterio,ilustracion_plana_color,1920,1085,,Openclipart,evelyne_rojas,dcb2ad37a47da02098866b93464dcd78c0a643ca
evelyne_rojas_img_0061,img_062.png,fantasmas_y_misterio,ilustracion_plana_color,1920,1920,,Openclipart,evelyne_rojas,8bd68e197ef97a3529e3fc04f99f77fa3a163727
evelyne_rojas_img_0062,img_063.jpg,fantasmas_y_misterio,ilustracion_plana_color,1920,1920,,Openclipart,evelyne_rojas,536c36182da2936f6436a19205df904a87d0fa3d
evelyne_rojas_img_0063,img_064.png,fantasmas_y_misterio,ilustracion_plana_color,1458,1920,,Openclipart,evelyne_rojas,95e5163f8f22f8d70fa7c7464e2bef3a11178c7b
evelyne_rojas_img_0064,img_065.jpg,fantasmas_y_misterio,ilustracion_plana_color,1920,1726,,Openclipart,evelyne_rojas,e4be6ccdbe05602e6f358bef408802163dc014ec
evelyne_rojas_img_0065,img_066.jpg,fantasmas_y_misterio,ilustracion_plana_color,1920,1280,,Openclipart,evelyne_rojas,3d832f9b7d770e65bfebba7af2b15fc7fad73df9
evelyne_rojas_img_0066,img_067.jpg,fantasmas_y_misterio,ilustracion_plana_color,1920,1438,,Openclipart,evelyne_rojas,e7480319ebc5d5eed9e1b48b25354fa925477f8f
evelyne_rojas_img_0067,img_068.png,fantasmas_y_misterio,ilustracion_plana_color,1286,1920,,Openclipart,evelyne_rojas,e35c43bfc894f6749ec93ed9a03629629372b2d6
evelyne_rojas_img_0068,img_069.jpg,fantasmas_y_misterio,ilustracion_plana_color,1920,1920,,Openclipart,evelyne_rojas,dfa34588ec14f7fd0576409759880806335b409f
evelyne_rojas_img_0069,img_069.png,fantasmas_y_misterio,ilustracion_plana_color,1280,1280,,Openclipart,evelyne_rojas,9da9c2cd3c5b265e3ff03349d6d05f219c4746a1
evelyne_rojas_img_0070,img_070.png,fantasmas_y_misterio,ilustracion_plana_color,1773,1920,,Openclipart,evelyne_rojas,b47f58aa931cd6281c8928044c3b4b21eda8d3eb
evelyne_rojas_img_0071,img_071.png,fantasmas_y_misterio,ilustracion_plana_color,1676,1920,,Openclipart,evelyne_rojas,909af8a6fdbbbcb08f79355f52bc76c9205b9cb2
evelyne_rojas_img_0072,img_072.png,fantasmas_y_misterio,ilustracion_plana_color,1920,1920,,Openclipart,evelyne_rojas,f3c3f0f8f06f90e3a3303b9b4393e6bc02873a97
evelyne_rojas_img_0073,img_073.png,fantasmas_y_misterio,ilustracion_plana_color,1711,1920,,Openclipart,evelyne_rojas,585bcaa61954dd57135a95f0f6a20ab5f981cb46
evelyne_rojas_img_0074,img_074.jpg,fantasmas_y_misterio,ilustracion_plana_color,1536,1920,,Openclipart,evelyne_rojas,8e4f4cb0645d112b31a919aac0148c3ff86ea5ef
evelyne_rojas_img_0075,img_074.png,fantasmas_y_misterio,ilustracion_plana_color,1280,1280,,Openclipart,evelyne_rojas,1704ffa4cdd8ee2ea6b7163c461571bd2fc8ae97
evelyne_rojas_img_0076,img_075.png,fantasmas_y_misterio,ilustracion_plana_color,1449,1919,,Openclipart,evelyne_rojas,efde7bc6a6d41b5e1fdcee4da580213b3b6021bd
evelyne_rojas_img_0077,img_076.png,fantasmas_y_misterio,ilustracion_plana_color,1920,1920,,Openclipart,evelyne_rojas,7c2ec3cf914757c18a328ddce87295ecb8efcc8b
evelyne_rojas_img_0078,img_077.png,fantasmas_y_misterio,ilustracion_plana_color,1920,1920,,Openclipart,evelyne_rojas,8411d9bee8f5dd5b2319b82a4d510e1087b913e6
evelyne_rojas_img_0079,img_078.jpg,fantasmas_y_misterio,ilustracion_plana_color,1920,1920,,Openclipart,evelyne_rojas,40f2567c3902de9360465ed7cb63963ce98168fd
evelyne_rojas_img_0080,img_078.png,fantasmas_y_misterio,ilustracion_plana_color,1280,1280,,Openclipart,evelyne_rojas,90eeb65f47f03626bcbf9332eb2a464f63fbfec8
evelyne_rojas_img_0081,img_079.png,fantasmas_y_misterio,ilustracion_plana_color,1854,1919,,Openclipart,evelyne_rojas,1888be7616bb9fe381b2c7296df83d9cf3fda37b
evelyne_rojas_img_0082,img_080.png,fantasmas_y_misterio,ilustracion_plana_color,1920,1775,,Openclipart,evelyne_rojas,15429ebbf00dc954ab828c1366035dfecc813334
evelyne_rojas_img_0083,img_081.png,fantasmas_y_misterio,ilustracion_plana_color,1920,1920,,Openclipart,evelyne_rojas,44bc98c0b21ef88abb232fb87fb62d898883f917
evelyne_rojas_img_0084,img_082.jpg,fantasmas_y_misterio,ilustracion_plana_color,1600,1920,,Openclipart,evelyne_rojas,4b58461165a5efce11e6dd612405b7ef9d46dfae
evelyne_rojas_img_0085,img_083.png,fantasmas_y_misterio,ilustracion_plana_color,1920,1719,,Openclipart,evelyne_rojas,1607fb7bf6f7dbec31418aaced261852de78a0ac
evelyne_rojas_img_0086,img_084.png,fantasmas_y_misterio,ilustracion_plana_color,1920,1916,,Openclipart,evelyne_rojas,7bad1d0c4f895410d19e986a8274800d7095100e
evelyne_rojas_img_0087,img_085.png,fantasmas_y_misterio,ilustracion_plana_color,1920,1920,,Openclipart,evelyne_rojas,9a729ca628b98e74732acf511ce59e68168e2d9b
evelyne_rojas_img_0088,img_086.png,fantasmas_y_misterio,ilustracion_plana_color,1280,1920,,Openclipart,evelyne_rojas,0dc056edf8c81036f1f18e8b755ac8cb79e3be3d
evelyne_rojas_img_0089,img_087.png,fantasmas_y_misterio,ilustracion_plana_color,1920,1920,,Openclipart,evelyne_rojas,8538589f10a4b2dd2e9fb19bce70eab122e37646
evelyne_rojas_img_0090,img_088.png,fantasmas_y_misterio,ilustracion_plana_color,1387,1920,,Openclipart,evelyne_rojas,d037d9f82cb66d05b31b17447efe770a90f9bb39
evelyne_rojas_img_0091,img_089.png,fantasmas_y_misterio,ilustracion_plana_color,1920,1334,,Openclipart,evelyne_rojas,b4077502d443d8ebcf6b48639a3c920f9812474f
evelyne_rojas_img_0092,img_090.png,fantasmas_y_misterio,ilustracion_plana_color,1920,1482,,Openclipart,evelyne_rojas,f5976a53fd38b8b42161de97c1bd662c22a58518
evelyne_rojas_img_0093,img_091.png,fantasmas_y_misterio,ilustracion_plana_color,1733,1920,,Openclipart,evelyne_rojas,ad832472370ef74d2f0d6c675929058baf9615e0
evelyne_rojas_img_0094,img_092.png,fantasmas_y_misterio,ilustracion_plana_color,1720,1918,,Openclipart,evelyne_rojas,231f8bd5d93b1d7f411140d966cffe19fbc5ee86
evelyne_rojas_img_0095,img_093.png,fantasmas_y_misterio,ilustracion_plana_color,1920,1920,,Openclipart,evelyne_rojas,3cab665b941168f0413a6ddfe2784da58fdef3f3
evelyne_rojas_img_0096,img_094.png,fantasmas_y_misterio,ilustracion_plana_color,1920,1920,,Openclipart,evelyne_rojas,8312a764c0dcd694ae809b6a612aaecf601b1cd2
evelyne_rojas_img_0097,img_095.jpg,fantasmas_y_misterio,ilustracion_plana_color,1920,1920,,Openclipart,evelyne_rojas,71c1ee4acb0ba24c065dc1bd4438ba979cb13433
evelyne_rojas_img_0098,img_096.png,fantasmas_y_misterio,ilustracion_plana_color,1280,1920,,Openclipart,evelyne_rojas,ed988138fd35b89e5d3b143cc7fc53494224eeb4
evelyne_rojas_img_0099,img_097.png,fantasmas_y_misterio,ilustracion_plana_color,1920,1920,,Openclipart,evelyne_rojas,da82a91cac585476400e4446cf58750be63acb2f
evelyne_rojas_img_0100,img_098.png,fantasmas_y_misterio,ilustracion_plana_color,1371,1920,,Openclipart,evelyne_rojas,4530cbde287062b0eb2fd6c0342b42d93760883b
evelyne_rojas_img_0101,img_099.png,fantasmas_y_misterio,ilustracion_plana_color,1920,1920,,Openclipart,evelyne_rojas,f369655bd49ab2a12e634678799d817062faf979
evelyne_rojas_img_0102,img_100.png,fantasmas_y_misterio,ilustracion_plana_color,1920,1920,,Openclipart,evelyne_rojas,d29b831a557593ab3ac078b7c4a05e3fa0308e43
evelyne_rojas_img_0103,img_101.png,fantasmas_y_misterio,ilustracion_plana_color,1920,1920,,Openclipart,evelyne_rojas,1eae42b9c73b9b0fda31971cdd2d5e820f0e911d
evelyne_rojas_img_0104,img_102.png,fantasmas_y_misterio,ilustracion_plana_color,1568,1920,,Openclipart,evelyne_rojas,bd39569a8447e5e9d58580c48bbe84605791e4a4
evelyne_rojas_img_0105,img_103.png,fantasmas_y_misterio,ilustracion_plana_color,1440,1920,,Openclipart,evelyne_rojas,ec4af6ef937ee4ae06629bd345cdaf6dd5eca44f
evelyne_rojas_img_0106,img_104.jpg,fantasmas_y_misterio,ilustracion_plana_color,1920,1438,,Openclipart,evelyne_rojas,7a712e10d77b6497ab6883c574adaa7b56a44add
evelyne_rojas_img_0107,img_105.jpg,fantasmas_y_misterio,ilustracion_plana_color,1781,1920,,Openclipart,evelyne_rojas,73c6eebd2f3c77fcd05323db640e0b2574a48c91
evelyne_rojas_img_0108,img_106.png,fantasmas_y_misterio,ilustracion_plana_color,1280,1280,,Openclipart,evelyne_rojas,dc76f4ba2d366f2b0aeca2a1dbfd667258ceabb0
evelyne_rojas_img_0109,img_107.png,fantasmas_y_misterio,ilustracion_plana_color,1536,1920,,Openclipart,evelyne_rojas,aadafc015e9b39a2881d9c0396ed31dc03306c73
evelyne_rojas_img_0110,img_108.jpg,fantasmas_y_misterio,ilustracion_plana_color,1920,1920,,Openclipart,evelyne_rojas,9e241aa190c673b5f1ce28c87b551516af05cbfc
evelyne_rojas_img_0111,img_109.png,fantasmas_y_misterio,ilustracion_plana_color,1920,1920,,Openclipart,evelyne_rojas,56bf3550192d1b08583e963effc29fec847677b4
evelyne_rojas_img_0112,img_110.png,fantasmas_y_misterio,ilustracion_plana_color,1280,1920,,Openclipart,evelyne_rojas,aa111e0811a45a323c6c964477fdd02f07988e31
evelyne_rojas_img_0113,img_111.jpg,fantasmas_y_misterio,ilustracion_plana_color,1344,1920,,Openclipart,evelyne_rojas,69ad38af2a3ff573666c7a27ec40a4d42b937001
evelyne_rojas_img_0114,img_112.png,fantasmas_y_misterio,ilustracion_plana_color,1279,1920,,Openclipart,evelyne_rojas,98e7fd83feed2f2ad496f251a7f95c92312602d9
evelyne_rojas_img_0115,img_113.jpg,fantasmas_y_misterio,ilustracion_plana_color,1920,1920,,Openclipart,evelyne_rojas,794358fcfd57e292df7bb72f6d84bafce061f607
evelyne_rojas_img_0116,img_114.png,fantasmas_y_misterio,ilustracion_plana_color,1920,1899,,Openclipart,evelyne_rojas,39e89f84aa0cbc7a7c1d86ffe8c44abf23484a2c
evelyne_rojas_img_0117,img_115.png,fantasmas_y_misterio,ilustracion_plana_color,1920,1920,,Openclipart,evelyne_rojas,1f9972eb40ae391457d814fdbf9ce902089be476
evelyne_rojas_img_0118,img_116.png,fantasmas_y_misterio,ilustracion_plana_color,1920,1600,,Openclipart,evelyne_rojas,6635d67edc958729c84d669986c1d08ce3631fcd
evelyne_rojas_img_0119,img_117.jpg,fantasmas_y_misterio,ilustracion_plana_color,1920,1920,,Openclipart,evelyne_rojas,944d18aa4af56e1d881ec7e93f1b608df4e2c6e0
evelyne_rojas_img_0120,img_118.png,fantasmas_y_misterio,ilustracion_plana_color,1920,1920,,Openclipart,evelyne_rojas,889ecc3c9eb68ae342abf0061ffe4860b0b8476e
evelyne_rojas_img_0121,img_119.png,fantasmas_y_misterio,ilustracion_plana_color,1920,1433,,Openclipart,evelyne_rojas,8049d085ea42528d32ab4eb6d64913c59c3e37e5
evelyne_rojas_img_0122,img_120.png,fantasmas_y_misterio,ilustracion_plana_color,1280,1920,,Openclipart,evelyne_rojas,d0b75fbd9c3816e01a512fb613241aa032a46275
evelyne_rojas_img_0123,img_121.png,fantasmas_y_misterio,ilustracion_plana_color,960,1919,,Openclipart,evelyne_rojas,c855140bfd3b13e65106342a4e76cf810e709959
evelyne_rojas_img_0124,img_122.jpg,fantasmas_y_misterio,ilustracion_plana_color,1916,1920,,Openclipart,evelyne_rojas,6dc80e28f4552b20c087197928686fd9bc007c38
evelyne_rojas_img_0125,img_123.png,fantasmas_y_misterio,ilustracion_plana_color,1920,1520,,Openclipart,evelyne_rojas,ca966d6ccfafa0f03f8adc4fb12fc0c918a03f0c
evelyne_rojas_img_0126,img_124.png,fantasmas_y_misterio,ilustracion_plana_color,1920,1920,,Openclipart,evelyne_rojas,2a2231cf72dcb04a9717d494760ac736dcfe60a0
evelyne_rojas_img_0127,img_125.png,fantasmas_y_misterio,ilustracion_plana_color,1920,1920,,Openclipart,evelyne_rojas,d9052d7559fa688fbb750501712bb1de7baf33e8
evelyne_rojas_img_0128,img_126.png,fantasmas_y_misterio,ilustracion_plana_color,1920,1920,,Openclipart,evelyne_rojas,e009e2b99030e1e54c4e8e1435fe8b3c55cf921c
evelyne_rojas_img_0129,img_127.png,fantasmas_y_misterio,ilustracion_plana_color,1280,1920,,Openclipart,evelyne_rojas,4aef3ad37b1a416811a393aa54571ee7b8463559
evelyne_rojas_img_0130,img_128.png,fantasmas_y_misterio,ilustracion_plana_color,1088,1920,,Openclipart,evelyne_rojas,e407db7e6e34fe2645b6dcf3f42400544f0fe08b
evelyne_rojas_img_0131,img_129.png,fantasmas_y_misterio,ilustracion_plana_color,1920,1920,,Openclipart,evelyne_rojas,bbf3eb34186c73fb9da37112a7c104c113307110
evelyne_rojas_img_0132,img_130.png,fantasmas_y_misterio,ilustracion_plana_color,1920,1920,,Openclipart,evelyne_rojas,d3f78c118f10cf8adaab23f70b19e3f3990a71cb
evelyne_rojas_img_0133,img_131.jpg,fantasmas_y_misterio,ilustracion_plana_color,1920,1920,,Openclipart,evelyne_rojas,7b9b3749b59fba3aac9a7cdf0f975c257b894c82
evelyne_rojas_img_0134,img_132.png,fantasmas_y_misterio,ilustracion_plana_color,1413,1919,,Openclipart,evelyne_rojas,0bef5b0cbd5e5fb18d352389e0263bbd98f6033a
evelyne_rojas_img_0135,img_133.jpg,fantasmas_y_misterio,ilustracion_plana_color,1213,1920,,Openclipart,evelyne_rojas,8071f5923d2a4fd80f1117e21000c873c5d5b010
evelyne_rojas_img_0136,img_134.png,fantasmas_y_misterio,ilustracion_plana_color,1920,1920,,Openclipart,evelyne_rojas,19e71098b498c953706edaa012e73dfb321c26ae
evelyne_rojas_img_0137,img_135.jpg,fantasmas_y_misterio,ilustracion_plana_color,1446,1920,,Openclipart,evelyne_rojas,b09eddfdcc3400d64b5cac12d0c5819f812aed0e
evelyne_rojas_img_0138,img_136.png,fantasmas_y_misterio,ilustracion_plana_color,1920,1920,,Openclipart,evelyne_rojas,e2e5e94f1971adbd6b97eb2c0a20eb4a6e51fcf9
evelyne_rojas_img_0139,img_137.png,fantasmas_y_misterio,ilustracion_plana_color,1920,1920,,Openclipart,evelyne_rojas,aa6a39c84a4759536adbf828e79577b0847cb9ba
evelyne_rojas_img_0140,img_138.jpg,fantasmas_y_misterio,ilustracion_plana_color,1920,1920,,Openclipart,evelyne_rojas,68d9096417008ac07772ecda2079537204f60406
evelyne_rojas_img_0141,img_139.jpg,fantasmas_y_misterio,ilustracion_plana_color,1440,1920,,Openclipart,evelyne_rojas,d8a90c836b6025a91874480f4694e028fee33878
evelyne_rojas_img_0142,img_140.jpg,fantasmas_y_misterio,ilustracion_plana_color,1920,1920,,Openclipart,evelyne_rojas,24c5e67826513fdf7b28c7877a9ae7dde9bcc79d
evelyne_rojas_img_0143,img_141.png,fantasmas_y_misterio,ilustracion_plana_color,1920,1920,,Openclipart,evelyne_rojas,f1963a3b1d799a93bd565628a8163417f66279a8
evelyne_rojas_img_0144,img_142.png,fantasmas_y_misterio,ilustracion_plana_color,1920,1920,,Openclipart,evelyne_rojas,f61703925a461e21392566bf975077eaf827124b
evelyne_rojas_img_0145,img_143.png,fantasmas_y_misterio,ilustracion_plana_color,1920,1920,,Openclipart,evelyne_rojas,7e8a9588eaf6da6e26cb0b3e80d6f0d7af4def99
evelyne_rojas_img_0146,img_144.jpg,fantasmas_y_misterio,ilustracion_plana_color,1920,1493,,Openclipart,evelyne_rojas,37357fe85e37c798e402340a245e69fc35f48299
evelyne_rojas_img_0147,img_145.png,fantasmas_y_misterio,ilustracion_plana_color,1920,1920,,Openclipart,evelyne_rojas,d1dcba5ae3b13d23e14812db38bb1d81026f42ed
evelyne_rojas_img_0148,img_146.jpg,fantasmas_y_misterio,ilustracion_plana_color,1080,1920,,Openclipart,evelyne_rojas,3587cb2c89141d7de2aeda19c8fbb300621e6bb7
evelyne_rojas_img_0149,img_147.jpg,fantasmas_y_misterio,ilustracion_plana_color,1446,1920,,Openclipart,evelyne_rojas,e7e989d7bb2eb752a84795db4d942c4eb28ea263
evelyne_rojas_img_0150,img_148.jpg,fantasmas_y_misterio,ilustracion_plana_color,1920,1493,,Openclipart,evelyne_rojas,3bd023af7f8f27fd926015e76a19e29864feefbd
evelyne_rojas_img_0151,img_149.jpg,fantasmas_y_misterio,ilustracion_plana_color,1920,1493,,Openclipart,evelyne_rojas,5a41beebd41dc8d90e6bd57f653668cbbba6e8d0
evelyne_rojas_img_0152,img_150.png,fantasmas_y_misterio,ilustracion_plana_color,1920,1920,,Openclipart,evelyne_rojas,c65e4ef37486e4fab6fb112daf934785c8422d9b
evelyne_rojas_img_0153,img_151.png,fantasmas_y_misterio,ilustracion_plana_color,1558,1920,,Openclipart,evelyne_rojas,8f4ed6d316e2d0b647013834c4047dbfe397353c
evelyne_rojas_img_0154,img_152.jpg,fantasmas_y_misterio,ilustracion_plana_color,1920,1920,,Openclipart,evelyne_rojas,56f92b496254befc300b4dac5c6a9480a5d21c9e
evelyne_rojas_img_0155,img_153.jpg,fantasmas_y_misterio,ilustracion_plana_color,1920,1152,,Openclipart,evelyne_rojas,abd36504ca93a98c7daac894ee023febf2667379
evelyne_rojas_img_0156,img_154.jpg,fantasmas_y_misterio,ilustracion_plana_color,1920,1920,,Openclipart,evelyne_rojas,4992b9127ab8a60c3d95f926445203c67724209b
evelyne_rojas_img_0157,img_155.png,fantasmas_y_misterio,ilustracion_plana_color,1920,1920,,Openclipart,evelyne_rojas,fb7298804f6557df27cf53f4e597b155d1ced6ef
evelyne_rojas_img_0158,img_156.jpg,fantasmas_y_misterio,ilustracion_plana_color,1920,1920,,Openclipart,evelyne_rojas,6e13594ffda6ea554c478d9d3204549cc5d217d7
evelyne_rojas_img_0159,img_157.png,fantasmas_y_misterio,ilustracion_plana_color,1110,1920,,Openclipart,evelyne_rojas,cb572d6e9a9b348f2f66d6f581f0660111010d7d
evelyne_rojas_img_0160,img_158.jpg,fantasmas_y_misterio,ilustracion_plana_color,1920,1920,,Openclipart,evelyne_rojas,2056648d31823c368893328ee9096868020f3511
evelyne_rojas_img_0161,img_159.jpg,fantasmas_y_misterio,ilustracion_plana_color,1920,1344,,Openclipart,evelyne_rojas,efe996cfd4d3725305b10abefd727e39c398a1a8
evelyne_rojas_img_0162,img_160.png,fantasmas_y_misterio,ilustracion_plana_color,1920,1920,,Openclipart,evelyne_rojas,5d419d271490ebcd646eba04d8d8dd722163051e
evelyne_rojas_img_0163,img_161.jpg,fantasmas_y_misterio,ilustracion_plana_color,1446,1920,,Openclipart,evelyne_rojas,e636eac9a3850048ffe6fd936a210c54b73ad255
evelyne_rojas_img_0164,img_162.png,fantasmas_y_misterio,ilustracion_plana_color,1920,1920,,Openclipart,evelyne_rojas,5db14416753eb518931f0d7460724f54283ee67e
evelyne_rojas_img_0165,img_163.png,fantasmas_y_misterio,ilustracion_plana_color,1920,1442,,Openclipart,evelyne_rojas,f135e298329497c366611f2049622b2ed991fd09
evelyne_rojas_img_0166,img_164.png,fantasmas_y_misterio,ilustracion_plana_color,1048,1920,,Openclipart,evelyne_rojas,b1dc45cf1bde6477273c6447d9603d37276e4536
evelyne_rojas_img_0167,img_165.jpg,fantasmas_y_misterio,ilustracion_plana_color,1446,1920,,Openclipart,evelyne_rojas,e6bf5c2a8d2a04a239f7d927dc1c2d2ec7d7e36d
evelyne_rojas_img_0168,img_166.jpg,fantasmas_y_misterio,ilustracion_plana_color,1446,1920,,Openclipart,evelyne_rojas,4d1b0181a94234ce378507dcff54b9fe40515374
evelyne_rojas_img_0169,img_167.png,fantasmas_y_misterio,ilustracion_plana_color,1279,1920,,Openclipart,evelyne_rojas,ddcf0494077179bac7371311807c1489d7c20ad3
evelyne_rojas_img_0170,img_168.png,fantasmas_y_misterio,ilustracion_plana_color,1920,1920,,Openclipart,evelyne_rojas,b93391d1093b0cdbebd804a36392baa8810fc400
evelyne_rojas_img_0171,img_169.png,fantasmas_y_misterio,ilustracion_plana_color,1920,1856,,Openclipart,evelyne_rojas,dddf9edb20079d42f1d36475354a6857f16027fb
evelyne_rojas_img_0172,img_170.jpg,fantasmas_y_misterio,ilustracion_plana_color,1920,1920,,Openclipart,evelyne_rojas,6502a3dcd9788353978c0dd1ab3cb8d23279a38a
evelyne_rojas_img_0173,img_171.jpg,fantasmas_y_misterio,ilustracion_plana_color,1920,1920,,Openclipart,evelyne_rojas,eedb2c5275855aae804a1aba6b0fbd24bff22504
evelyne_rojas_img_0174,img_172.png,fantasmas_y_misterio,ilustracion_plana_color,1920,1440,,Openclipart,evelyne_rojas,a710e1c9b2b0a970a77786b537cdbf5d5511fd0c
evelyne_rojas_img_0175,img_173.png,fantasmas_y_misterio,ilustracion_plana_color,1920,1920,,Openclipart,evelyne_rojas,4be52a6a6d0adf854e59f7aa8688c51afe9a5cad
evelyne_rojas_img_0176,img_174.jpg,fantasmas_y_misterio,ilustracion_plana_color,1920,1047,,Openclipart,evelyne_rojas,2e7c2f55fdc50ebf12fed94e470167e29921b8b5
evelyne_rojas_img_0177,img_175.jpg,fantasmas_y_misterio,ilustracion_plana_color,1920,1080,,Openclipart,evelyne_rojas,b4720f0cce26e40a1d79961e1991ab52d8bbf019
evelyne_rojas_img_0178,img_176.png,fantasmas_y_misterio,ilustracion_plana_color,1523,1920,,Openclipart,evelyne_rojas,b450bd7e024650251e8641cf6a3e25c5a155912d
evelyne_rojas_img_0179,img_177.png,fantasmas_y_misterio,ilustracion_plana_color,1920,1920,,Openclipart,evelyne_rojas,d8876709b254acfec4c3f0a4866fba6db2853973
evelyne_rojas_img_0180,img_178.png,fantasmas_y_misterio,ilustracion_plana_color,1742,1920,,Openclipart,evelyne_rojas,04454b32a4ebb6710936f23932f3d11cfac60e7e
evelyne_rojas_img_0181,img_179.png,fantasmas_y_misterio,ilustracion_plana_color,1920,1920,,Openclipart,evelyne_rojas,8fd25d60f94729357e3740ac141f7f9cd6b92e99
evelyne_rojas_img_0182,img_180.png,fantasmas_y_misterio,ilustracion_plana_color,1920,1920,,Openclipart,evelyne_rojas,958f9f33a3eaadc8f8e769b3560c210539a7ca3d
evelyne_rojas_img_0183,img_181.png,fantasmas_y_misterio,ilustracion_plana_color,1920,1920,,Openclipart,evelyne_rojas,038a085c9ed43754c8ab0dff204f56e1472ff8f5
evelyne_rojas_img_0184,img_182.jpg,fantasmas_y_misterio,ilustracion_plana_color,1344,1920,,Openclipart,evelyne_rojas,b3f91927cfd52476b0d5f2b641386e1cdc15391a
evelyne_rojas_img_0185,img_183.png,fantasmas_y_misterio,ilustracion_plana_color,1920,1283,,Openclipart,evelyne_rojas,88c74bd44f7145c7405831706541e2b9c10944c1
evelyne_rojas_img_0186,img_184.png,fantasmas_y_misterio,ilustracion_plana_color,1920,1920,,Openclipart,evelyne_rojas,449d87411c4ac5451f4d36cf6dc39365e411f133
evelyne_rojas_img_0187,img_185.png,fantasmas_y_misterio,ilustracion_plana_color,1920,1920,,Openclipart,evelyne_rojas,e5c2fca30592ed3b3a69d1a16b3a6c1a9cee70e5
evelyne_rojas_img_0188,img_186.png,fantasmas_y_misterio,ilustracion_plana_color,1920,1440,,Openclipart,evelyne_rojas,468bc2c43e38a4e63d38a7e006ac136c01ee1961
evelyne_rojas_img_0189,img_187.jpg,fantasmas_y_misterio,ilustracion_plana_color,1920,1920,,Openclipart,evelyne_rojas,ed4dce803490888ac1f70871791f791592196f7b
evelyne_rojas_img_0190,img_188.jpg,fantasmas_y_misterio,ilustracion_plana_color,1920,1493,,Openclipart,evelyne_rojas,42a8f9df3795a9fd65713177e8b28b29a506f138
evelyne_rojas_img_0191,img_189.jpg,fantasmas_y_misterio,ilustracion_plana_color,1280,1920,,Openclipart,evelyne_rojas,f780711a103f5785c1dff3d1e7979d6142af16ad
evelyne_rojas_img_0192,img_190.jpg,fantasmas_y_misterio,ilustracion_plana_color,1920,1920,,Openclipart,evelyne_rojas,e8f9b6d8716e8c22b68f685732239a4d4de25746
evelyne_rojas_img_0193,img_191.png,fantasmas_y_misterio,ilustracion_plana_color,1920,1920,,Openclipart,evelyne_rojas,9b2697d765b8e57f8675d12f1059d3620c1a3115
evelyne_rojas_img_0194,img_192.png,fantasmas_y_misterio,ilustracion_plana_color,1920,1920,,Openclipart,evelyne_rojas,1ff8a67bc1fd9ba1df9e12763bda5af93a832903
evelyne_rojas_img_0195,img_193.png,fantasmas_y_misterio,ilustracion_plana_color,1920,1920,,Openclipart,evelyne_rojas,526b8bfea2d31019f515cdcff4da2973869ce87a
evelyne_rojas_img_0196,img_194.png,fantasmas_y_misterio,ilustracion_plana_color,1920,1079,,Openclipart,evelyne_rojas,ff0726434d424fc462525a702173b2c9ef0e24bf
evelyne_rojas_img_0197,img_195.png,fantasmas_y_misterio,ilustracion_plana_color,1920,1920,,Openclipart,evelyne_rojas,82376b85f7ede6523c5e5e2623ff811c7668dd37
evelyne_rojas_img_0198,img_196.png,fantasmas_y_misterio,ilustracion_plana_color,1920,1920,,Openclipart,evelyne_rojas,158c37a05a2f11cf514c35a955d01e91310e5e5d
evelyne_rojas_img_0199,img_197.png,fantasmas_y_misterio,ilustracion_plana_color,1920,1920,,Openclipart,evelyne_rojas,91e6ec5b84d1653399f0ba3a5519d85ecdd2f5d9
evelyne_rojas_img_0200,img_198.jpg,fantasmas_y_misterio,ilustracion_plana_color,1920,1920,,Openclipart,evelyne_rojas,a098ddf9185da2bf0b781c8a89a4370828a8e279
evelyne_rojas_img_0201,img_199.png,fantasmas_y_misterio,ilustracion_plana_color,1127,1920,,Openclipart,evelyne_rojas,5a6f8d64bf2867660edac2239dac4a5e36ad7be4
evelyne_rojas_img_0202,img_200.png,fantasmas_y_misterio,ilustracion_plana_color,1740,1920,,Openclipart,evelyne_rojas,332640d5115adb168d6afd773b505ecd66f247f7
evelyne_rojas_img_0203,img_201.png,fantasmas_y_misterio,ilustracion_plana_color,1060,1920,,Openclipart,evelyne_rojas,f85dfe54410642c27f9f32b3ed63a09a5e43fe9c
evelyne_rojas_img_0204,img_202.png,fantasmas_y_misterio,ilustracion_plana_color,1583,1920,,Openclipart,evelyne_rojas,8420b921a73100948096f6db3a49e6c190c98df8
evelyne_rojas_img_0205,img_203.png,fantasmas_y_misterio,ilustracion_plana_color,1920,1509,,Openclipart,evelyne_rojas,de46c7bddc6af0c1ade41a6bb1288da5c72c7d08
evelyne_rojas_img_0206,img_204.png,fantasmas_y_misterio,ilustracion_plana_color,1749,1920,,Openclipart,evelyne_rojas,04c0629e181b3a519ee7f7e147de99657fb2d02a
evelyne_rojas_img_0207,img_205.jpg,fantasmas_y_misterio,ilustracion_plana_color,1509,1920,,Openclipart,evelyne_rojas,45450d635737d5f894a8345fa4a6a91f55999700
evelyne_rojas_img_0208,img_206.jpg,fantasmas_y_misterio,ilustracion_plana_color,1509,1920,,Openclipart,evelyne_rojas,5d16796b69386b59dd5cf5ee59122774389bcd35
evelyne_rojas_img_0209,img_207.png,fantasmas_y_misterio,ilustracion_plana_color,1920,1303,,Openclipart,evelyne_rojas,284289fadfc6f2cc9550bd8d979d6a86fc0ced7a
evelyne_rojas_img_0210,img_208.jpg,fantasmas_y_misterio,ilustracion_plana_color,1899,1920,,Openclipart,evelyne_rojas,cafe6eeab84093a5ec5d61b1e04e29009637e364
evelyne_rojas_img_0211,img_209.png,fantasmas_y_misterio,ilustracion_plana_color,1920,1280,,Openclipart,evelyne_rojas,16976c79de8e2dd51e2d5c73800ea28fd1d91158
evelyne_rojas_img_0212,img_210.png,fantasmas_y_misterio,ilustracion_plana_color,1920,1920,,Openclipart,evelyne_rojas,d25789622abc2a9dc7894cbda97c79e290a8123f
evelyne_rojas_img_0213,img_211.png,fantasmas_y_misterio,ilustracion_plana_color,1920,1777,,Openclipart,evelyne_rojas,dc307fb7923c029f3cb0b55af74e82451144207b
evelyne_rojas_img_0214,img_212.png,fantasmas_y_misterio,ilustracion_plana_color,1718,1920,,Openclipart,evelyne_rojas,8e0e5f5276d99d77dbb9083540b4806394996c0b
evelyne_rojas_img_0215,img_213.png,fantasmas_y_misterio,ilustracion_plana_color,1595,1920,,Openclipart,evelyne_rojas,36c22ffeb82867b2bee93704aba6cb72f5878221
evelyne_rojas_img_0216,img_214.png,fantasmas_y_misterio,ilustracion_plana_color,1694,1920,,Openclipart,evelyne_rojas,e6d38f12caa6e9ba3a0fc479660cc445e4c058f5
evelyne_rojas_img_0217,img_215.png,fantasmas_y_misterio,ilustracion_plana_color,1920,1776,,Openclipart,evelyne_rojas,921ee840c6689f82e7f7c205b517cf24a4487eae
evelyne_rojas_img_0218,img_216.jpg,fantasmas_y_misterio,ilustracion_plana_color,1920,1271,,Openclipart,evelyne_rojas,c03d9b3ddf0d22977694b1d8a1d5011fbcbeb8cd
evelyne_rojas_img_0219,img_217.jpg,fantasmas_y_misterio,ilustracion_plana_color,1509,1920,,Openclipart,evelyne_rojas,e45b3e3afaad48d3dc556f4d9fc4ca75a2ce3ba5
evelyne_rojas_img_0220,img_218.png,fantasmas_y_misterio,ilustracion_plana_color,1920,1920,,Openclipart,evelyne_rojas,1fcff0096a4d0c7063643816b73c7ce44c15f374
evelyne_rojas_img_0221,img_219.jpg,fantasmas_y_misterio,ilustracion_plana_color,1920,1920,,Openclipart,evelyne_rojas,5bbce97015744e4b44e5592bd5b30bae1f475103
evelyne_rojas_img_0222,img_220.png,fantasmas_y_misterio,ilustracion_plana_color,1918,1918,,Openclipart,evelyne_rojas,4965a28efced050b6a09b6f0ee4c6e63c6d9551b
evelyne_rojas_img_0223,img_221.png,fantasmas_y_misterio,ilustracion_plana_color,1920,1071,,Openclipart,evelyne_rojas,9704c0ff0c8c9478b2336a876177a864ed495da3
evelyne_rojas_img_0224,img_222.png,fantasmas_y_misterio,ilustracion_plana_color,1920,1920,,Openclipart,evelyne_rojas,07b0a0e01ef00af790ee4c6924e17a6951e018f3
evelyne_rojas_img_0225,img_223.png,fantasmas_y_misterio,ilustracion_plana_color,1920,1920,,Openclipart,evelyne_rojas,20c5837a82d43cb0357c7b90bf761571415ddb62
evelyne_rojas_img_0226,img_224.png,fantasmas_y_misterio,ilustracion_plana_color,981,1920,,Openclipart,evelyne_rojas,ffd18be44954a2f498e1abc85214a4d339cac1bc
evelyne_rojas_img_0227,img_225.png,fantasmas_y_misterio,ilustracion_plana_color,1324,1920,,Openclipart,evelyne_rojas,e80e44f7ae321404d184327c7d253cfe650a5795
evelyne_rojas_img_0228,img_226.png,fantasmas_y_misterio,ilustracion_plana_color,1889,1920,,Openclipart,evelyne_rojas,afcd0e4dd5fad9521f352c05f8f828bd15719077
evelyne_rojas_img_0229,img_227.png,fantasmas_y_misterio,ilustracion_plana_color,1920,1920,,Openclipart,evelyne_rojas,495fbee859641ce72166e094b5e67f8309c25ec4
evelyne_rojas_img_0230,img_228.jpg,fantasmas_y_misterio,ilustracion_plana_color,1920,1920,,Openclipart,evelyne_rojas,39b3f31ef0d8d007a8d4ef222cafa2d04f5bcfb7
evelyne_rojas_img_0231,img_229.jpg,fantasmas_y_misterio,ilustracion_plana_color,1920,1920,,Openclipart,evelyne_rojas,8c1e31401ef15936f3587088c90b3d7d4c3d204b
evelyne_rojas_img_0232,img_230.jpg,fantasmas_y_misterio,ilustracion_plana_color,1920,1920,,Openclipart,evelyne_rojas,fc6c20657d0028eea7c78c69be9b9365379882bc
evelyne_rojas_img_0233,img_231.png,fantasmas_y_misterio,ilustracion_plana_color,1920,1920,,Openclipart,evelyne_rojas,5e14280422a922358a59d5a7205fa00b9463246c
evelyne_rojas_img_0234,img_232.jpg,fantasmas_y_misterio,ilustracion_plana_color,1920,1080,,Openclipart,evelyne_rojas,316c604fc607538f2dea88400a23a8d96736eaa7
evelyne_rojas_img_0235,img_233.png,fantasmas_y_misterio,ilustracion_plana_color,1920,1878,,Openclipart,evelyne_rojas,7f467e07a9a1bc8d8aa5df8e9eb3dfe4ad4242c8
evelyne_rojas_img_0236,img_234.jpg,fantasmas_y_misterio,ilustracion_plana_color,1920,1271,,Openclipart,evelyne_rojas,f40f806b5e112e2e37014f25537e4f2230b769e7
evelyne_rojas_img_0237,img_235.png,fantasmas_y_misterio,ilustracion_plana_color,1920,1920,,Openclipart,evelyne_rojas,d5e9f7c4b014803981f402a1eccd29ed955ceecf
evelyne_rojas_img_0238,img_236.png,fantasmas_y_misterio,ilustracion_plana_color,1440,1920,,Openclipart,evelyne_rojas,d35b2fabe11110e160cbe718407fdac5d5fd0778
evelyne_rojas_img_0239,img_237.png,fantasmas_y_misterio,ilustracion_plana_color,1920,1528,,Openclipart,evelyne_rojas,ec31ac6576e3b30e6ef4c78c4913ef5285781ae7
evelyne_rojas_img_0240,img_238.png,fantasmas_y_misterio,ilustracion_plana_color,1920,1893,,Openclipart,evelyne_rojas,4bdc78e1e67a9d6c9432680d2937f7b18398b67b
evelyne_rojas_img_0241,img_239.png,fantasmas_y_misterio,ilustracion_plana_color,1597,1920,,Openclipart,evelyne_rojas,9b013d6affc79c170fb3f6d851f19469c8a60899
evelyne_rojas_img_0242,img_240.png,fantasmas_y_misterio,ilustracion_plana_color,1920,1920,,Openclipart,evelyne_rojas,a85b4954d1420e6963c8e87dafbcc5128961e424
evelyne_rojas_img_0243,img_241.png,fantasmas_y_misterio,ilustracion_plana_color,1917,1920,,Openclipart,evelyne_rojas,5e90533b2e6acc2c6a62185fcc7bd761db19a9bc
evelyne_rojas_img_0244,img_242.jpg,fantasmas_y_misterio,ilustracion_plana_color,1920,1920,,Openclipart,evelyne_rojas,ab54f905be093bf87329b8221cfbde68e2f1d398
evelyne_rojas_img_0245,img_243.png,fantasmas_y_misterio,ilustracion_plana_color,1920,1869,,Openclipart,evelyne_rojas,843f74566625e4b50eb10783b0fd46ce259786f0
evelyne_rojas_img_0246,img_244.jpg,fantasmas_y_misterio,ilustracion_plana_color,1920,1920,,Openclipart,evelyne_rojas,70a6559a9e15c4b4360f07c12a840c2bb08ba8a4
evelyne_rojas_img_0247,img_245.png,fantasmas_y_misterio,ilustracion_plana_color,1920,1920,,Openclipart,evelyne_rojas,7dfa5ef7b7273cb0105beae948b679a87ce3c033
evelyne_rojas_img_0248,img_246.png,fantasmas_y_misterio,ilustracion_plana_color,1920,1796,,Openclipart,evelyne_rojas,fc2ee447fb1eab490575203d35ff6a48ed5904a4
evelyne_rojas_img_0249,img_247.png,fantasmas_y_misterio,ilustracion_plana_color,1920,1920,,Openclipart,evelyne_rojas,753118d6da8edf0549e760436605d6c1a2596ead
evelyne_rojas_img_0250,img_248.png,fantasmas_y_misterio,ilustracion_plana_color,1094,1920,,Openclipart,evelyne_rojas,8fb6fba97f46090d4c5f59415df552ef2888398a
evelyne_rojas_img_0251,img_249.png,fantasmas_y_misterio,ilustracion_plana_color,1670,1920,,Openclipart,evelyne_rojas,6dc1e7102ce09b52359e93754b3a2b979ad8392c
evelyne_rojas_img_0252,img_250.png,fantasmas_y_misterio,ilustracion_plana_color,1377,1920,,Openclipart,evelyne_rojas,1250625feb729c0d284eb86abc8fbd25ea19ff1c
evelyne_rojas_img_0253,img_251.jpg,fantasmas_y_misterio,ilustracion_plana_color,1920,1920,,Openclipart,evelyne_rojas,c0d2c70a7bde4000a5e00f0154eda5ad5b2eaebd
evelyne_rojas_img_0254,img_252.png,fantasmas_y_misterio,ilustracion_plana_color,1920,1920,,Openclipart,evelyne_rojas,1481fa3a698b80152c21da30aa452ee340856938
evelyne_rojas_img_0255,img_253.jpg,fantasmas_y_misterio,ilustracion_plana_color,1920,1920,,Openclipart,evelyne_rojas,df516b5315ecff6a1ab0058c7e1ff5d6b1507f0a
evelyne_rojas_img_0256,img_254.png,fantasmas_y_misterio,ilustracion_plana_color,1482,1920,,Openclipart,evelyne_rojas,2ae3d6c80491773681e4f3a8126bb4393ce9430a
evelyne_rojas_img_0257,img_255.jpg,fantasmas_y_misterio,ilustracion_plana_color,1920,1920,,Openclipart,evelyne_rojas,db3548d4d551e1f89e568b0251c3a5684b1f64a2
evelyne_rojas_img_0258,img_256.png,fantasmas_y_misterio,ilustracion_plana_color,1920,1920,,Openclipart,evelyne_rojas,9835c1c9ca0ed34e57ef502066ada6f51a90a8c2
evelyne_rojas_img_0259,img_257.png,fantasmas_y_misterio,ilustracion_plana_color,1920,1920,,Openclipart,evelyne_rojas,49cf60015ad832a88fd2d0804b463c2055e95f29
evelyne_rojas_img_0260,img_258.jpg,fantasmas_y_misterio,ilustracion_plana_color,1920,1920,,Openclipart,evelyne_rojas,82d87ab96b22a69519621e2cb81b2a79ed9d1946
evelyne_rojas_img_0261,img_259.jpg,fantasmas_y_misterio,ilustracion_plana_color,1920,1920,,Openclipart,evelyne_rojas,5544c1742702684d7ab73a964a30b3a61bc51b66
evelyne_rojas_img_0262,img_260.jpg,fantasmas_y_misterio,ilustracion_plana_color,1920,1920,,Openclipart,evelyne_rojas,fabe212761116212ccc34daf7ea0f9402b4b17cb
evelyne_rojas_img_0263,img_261.png,fantasmas_y_misterio,ilustracion_plana_color,1920,960,,Openclipart,evelyne_rojas,bb4bb888b6830f7c3b3dede010b85136f9d44147
evelyne_rojas_img_0264,img_262.png,fantasmas_y_misterio,ilustracion_plana_color,1644,1920,,Openclipart,evelyne_rojas,0a1a1a02c7f2e0a5b12c688b79a8c98929ebf2fe
evelyne_rojas_img_0265,img_263.jpg,fantasmas_y_misterio,ilustracion_plana_color,1920,1920,,Openclipart,evelyne_rojas,c91827e177a618f519f55cf9a4d9bc158e1d4f8c
evelyne_rojas_img_0266,img_264.jpg,fantasmas_y_misterio,ilustracion_plana_color,1920,1920,,Openclipart,evelyne_rojas,1c26e93f7fce2462509f4b554a6b6a339933f612
evelyne_rojas_img_0267,img_265.png,fantasmas_y_misterio,ilustracion_plana_color,1920,1920,,Openclipart,evelyne_rojas,0ee47468ea18970c87553528a7b9a06a8ccec985
evelyne_rojas_img_0268,img_266.jpg,fantasmas_y_misterio,ilustracion_plana_color,1920,1920,,Openclipart,evelyne_rojas,576ef50fd9f4bf49fd7407daef89a3164ef43a40
evelyne_rojas_img_0269,img_267.png,fantasmas_y_misterio,ilustracion_plana_color,1920,1920,,Openclipart,evelyne_rojas,1f352d76ab2da5998b1da6ffe33129ed8bbfd5d8
evelyne_rojas_img_0270,img_268.png,fantasmas_y_misterio,ilustracion_plana_color,1920,1920,,Openclipart,evelyne_rojas,f36a18663095b61eeda4aee0db26ed28a2c0c3ba
evelyne_rojas_img_0271,img_269.jpg,fantasmas_y_misterio,ilustracion_plana_color,1920,1920,,Openclipart,evelyne_rojas,3198864edcd92aa0c0b035a7f8da64425c0e6588
evelyne_rojas_img_0272,img_270.png,fantasmas_y_misterio,ilustracion_plana_color,1920,1657,,Openclipart,evelyne_rojas,4288bf159f0bce614b97c819e2c271cdb85de453
evelyne_rojas_img_0273,img_271.png,fantasmas_y_misterio,ilustracion_plana_color,1587,1920,,Openclipart,evelyne_rojas,15894395a925334c06fd3bb6dd44595590714423
evelyne_rojas_img_0274,img_272.png,fantasmas_y_misterio,ilustracion_plana_color,1920,1789,,Openclipart,evelyne_rojas,46af6cff22299f645ab182dc2a912907445c819e
evelyne_rojas_img_0275,img_273.jpg,fantasmas_y_misterio,ilustracion_plana_color,1176,1920,,Openclipart,evelyne_rojas,083dd894e7c9bbe053e6c6a1a2ddfe0d16268463
evelyne_rojas_img_0276,img_274.jpg,fantasmas_y_misterio,ilustracion_plana_color,1920,1920,,Openclipart,evelyne_rojas,62625ab37c0ec78c148901dd009be39cdb962ae7
evelyne_rojas_img_0277,img_275.png,fantasmas_y_misterio,ilustracion_plana_color,1920,1920,,Openclipart,evelyne_rojas,c384c4867deb8b5ea53956b7ca6f46b586237184
evelyne_rojas_img_0278,img_276.jpg,fantasmas_y_misterio,ilustracion_plana_color,1920,1920,,Openclipart,evelyne_rojas,998b7d9ddb9bda8c657317a10e0727bedcc764f8
evelyne_rojas_img_0279,img_278.png,fantasmas_y_misterio,ilustracion_plana_color,1280,1920,,Openclipart,evelyne_rojas,841271e8d4b5916ac7e7fb0b01abb076b98e4809
evelyne_rojas_img_0280,img_279.png,fantasmas_y_misterio,ilustracion_plana_color,1920,1815,,Openclipart,evelyne_rojas,ba8550e34908d68a9c5368639b1a5aa25e6fdb79
evelyne_rojas_img_0281,img_280.jpg,fantasmas_y_misterio,ilustracion_plana_color,1446,1920,,Openclipart,evelyne_rojas,f003d5a324b80bc6adb799a2f6c10b9e168566be
evelyne_rojas_img_0282,img_281.jpg,fantasmas_y_misterio,ilustracion_plana_color,1920,1920,,Openclipart,evelyne_rojas,dc21c04291c1844efacdeec416982bba46a7447b
evelyne_rojas_img_0283,img_282.png,fantasmas_y_misterio,ilustracion_plana_color,1920,1445,,Openclipart,evelyne_rojas,7bb53684ecdb8fa8028ea9bf44294ceb1f2457f5
evelyne_rojas_img_0284,img_283.png,fantasmas_y_misterio,ilustracion_plana_color,960,1344,,Openclipart,evelyne_rojas,b1e6046bcc9dd6fdb79a52ced5c9f27ad5e526fb
evelyne_rojas_img_0285,img_284.png,fantasmas_y_misterio,ilustracion_plana_color,960,960,,Openclipart,evelyne_rojas,24888c180049f6924f75377bc4743879922d0624
evelyne_rojas_img_0286,img_285.png,fantasmas_y_misterio,ilustracion_plana_color,960,960,,Openclipart,evelyne_rojas,eaac60afa241d075f6a45a71e673fc4df0397dda
evelyne_rojas_img_0287,img_286.jpg,fantasmas_y_misterio,ilustracion_plana_color,960,970,,Openclipart,evelyne_rojas,dac835b470e6506c89839ab52c2e067299427ea3
evelyne_rojas_img_0288,img_287.jpg,fantasmas_y_misterio,ilustracion_plana_color,960,1286,,Openclipart,evelyne_rojas,57c35fe72f931d41f41eabb03ebd21f609a7e0a5
evelyne_rojas_img_0289,img_288.png,fantasmas_y_misterio,ilustracion_plana_color,960,960,,Openclipart,evelyne_rojas,31287bbebdcb83abea11959689445c61d50ffe66
evelyne_rojas_img_0290,img_289.png,fantasmas_y_misterio,ilustracion_plana_color,960,1179,,Openclipart,evelyne_rojas,053c791456d6f98f9b9ee7f1cac6c778397b7be0
evelyne_rojas_img_0291,img_290.png,fantasmas_y_misterio,ilustracion_plana_color,960,960,,Openclipart,evelyne_rojas,842dcc4d15998093c1e8ae7538764e784799ef01
evelyne_rojas_img_0292,img_291.jpg,fantasmas_y_misterio,ilustracion_plana_color,960,960,,Openclipart,evelyne_rojas,8be91c1423ec79668bb4ee0fe26b824e4e2be226
evelyne_rojas_img_0293,img_292.png,fantasmas_y_misterio,ilustracion_plana_color,960,540,,Openclipart,evelyne_rojas,7a4295866fd274b5137531bc85da4351631287a5
evelyne_rojas_img_0294,img_293.png,fantasmas_y_misterio,ilustracion_plana_color,960,540,,Openclipart,evelyne_rojas,905de744707b71c8fc8eb5f6ecc0500c69f1a168
evelyne_rojas_img_0295,img_294.jpg,fantasmas_y_misterio,ilustracion_plana_color,336,350,,Openclipart,evelyne_rojas,a05bafb184199ec1da67ee1ed64c8f9df8d09fd5
evelyne_rojas_img_0296,img_295.jpg,fantasmas_y_misterio,ilustracion_plana_color,680,350,,Openclipart,evelyne_rojas,cce220f8f3da61ca522658c47cc68c0dcb7cbca2
evelyne_rojas_img_0297,img_296.jpg,fantasmas_y_misterio,ilustracion_plana_color,622,350,,Openclipart,evelyne_rojas,5b92b4d819bc309026d4b493bf811e4701b613cc
evelyne_rojas_img_0298,img_297.jpg,fantasmas_y_misterio,ilustracion_plana_color,350,350,,Openclipart,evelyne_rojas,300893d7b836767448e5f5d3b81b56d5a80104b1
evelyne_rojas_img_0299,img_298.jpg,fantasmas_y_misterio,ilustracion_plana_color,379,350,,Openclipart,evelyne_rojas,0a82c729c462f7cf2fc1668dc35d21e5ffc2144c
evelyne_rojas_img_0300,img_299.jpg,fantasmas_y_misterio,ilustracion_plana_color,350,350,,Openclipart,evelyne_rojas,990235a63f0f67f7878258c11ba8c997a8c657b9
evelyne_rojas_img_0301,img_300.jpg,fantasmas_y_misterio,ilustracion_plana_color,350,350,,Openclipart,evelyne_rojas,febd4962cb28edcd4c33fc3f84f4b0907533ec17
evelyne_rojas_img_0302,img_301.png,fantasmas_y_misterio,ilustracion_plana_color,350,350,,Openclipart,evelyne_rojas,70c762b540b8d912492ae1ae8cfb61065e70304f
evelyne_rojas_img_0303,img_302.jpg,fantasmas_y_misterio,ilustracion_plana_color,354,350,,Openclipart,evelyne_rojas,1015b22f8562f26bdba1ca8d01fefabc6e4fe8ae
evelyne_rojas_img_0304,img_303.jpg,fantasmas_y_misterio,ilustracion_plana_color,350,350,,Openclipart,evelyne_rojas,b3b86e561110f3cb60bc67c4f0f3017ce206188d
evelyne_rojas_img_0305,img_304.jpg,fantasmas_y_misterio,ilustracion_plana_color,183,350,,Openclipart,evelyne_rojas,66a2c51239bf4d7e3334a8d8978eff5e0dc285d5
evelyne_rojas_img_0306,img_305.jpg,fantasmas_y_misterio,ilustracion_plana_color,219,350,,Openclipart,evelyne_rojas,b74e351eed5bf8b327a5a9a364d6023d06b148af
evelyne_rojas_img_0307,img_306.jpg,fantasmas_y_misterio,ilustracion_plana_color,350,350,,Openclipart,evelyne_rojas,f5a4c356e6c49831e6441f9883a48036f19818d3
evelyne_rojas_img_0308,img_307.jpg,fantasmas_y_misterio,ilustracion_plana_color,350,350,,Openclipart,evelyne_rojas,2bb74ec234915ca8ffd83212559b9293186702aa
evelyne_rojas_img_0309,img_308.jpg,fantasmas_y_misterio,ilustracion_plana_color,350,350,,Openclipart,evelyne_rojas,6ed8c1467a682ea5a83b46f9f1fa56c5dda1c9d2
evelyne_rojas_img_0310,img_309.jpg,fantasmas_y_misterio,ilustracion_plana_color,350,350,,Openclipart,evelyne_rojas,d27d9c0b385852baa920f37f2ce913ab7f028ce0
evelyne_rojas_img_0311,img_310.jpg,fantasmas_y_misterio,ilustracion_plana_color,500,350,,Openclipart,evelyne_rojas,f0f23c436400ec84b8f60fc0021c2f6e75871909
evelyne_rojas_img_0312,img_311.jpg,fantasmas_y_misterio,ilustracion_plana_color,450,350,,Openclipart,evelyne_rojas,6badf1e898f74e2297700da5f890025d0024bba5
evelyne_rojas_img_0313,img_312.jpg,fantasmas_y_misterio,ilustracion_plana_color,350,350,,Openclipart,evelyne_rojas,f7b840ac4b7427f260eecbd64c64b829ea413744
evelyne_rojas_img_0314,img_313.jpg,fantasmas_y_misterio,ilustracion_plana_color,281,350,,Openclipart,evelyne_rojas,631c4c58e24dbf29a932dd6720e8ec10fb24fdbc
evelyne_rojas_img_0315,img_314.jpg,fantasmas_y_misterio,ilustracion_plana_color,317,350,,Openclipart,evelyne_rojas,9c771d442befcd5cc68b925b77508a3bad3b5a15
evelyne_rojas_img_0316,img_315.jpg,fantasmas_y_misterio,ilustracion_plana_color,405,350,,Openclipart,evelyne_rojas,12dcdc8ada682d1d987a333125d8319e7098e449
evelyne_rojas_img_0317,img_316.jpg,fantasmas_y_misterio,ilustracion_plana_color,525,350,,Openclipart,evelyne_rojas,bca56c6b6a3cc1285f2cf997a927dcfffd26bc61
evelyne_rojas_img_0318,img_317.jpg,fantasmas_y_misterio,ilustracion_plana_color,250,350,,Openclipart,evelyne_rojas,001c5177f017be57aa9d0af32c765cd2fde79fda
evelyne_rojas_img_0319,img_318.jpg,fantasmas_y_misterio,ilustracion_plana_color,334,350,,Openclipart,evelyne_rojas,e4c10dfad9772954dc593fa1739147626fe89c66
evelyne_rojas_img_0320,img_319.jpg,fantasmas_y_misterio,ilustracion_plana_color,1129,350,,Openclipart,evelyne_rojas,c7aec4053be56be9e0502aa7fcbbb7b4f91109c2
evelyne_rojas_img_0321,img_320.jpg,fantasmas_y_misterio,ilustracion_plana_color,525,350,,Openclipart,evelyne_rojas,257953ca5b0d61fbeefefa7b8d95527f3c1e1a91
evelyne_rojas_img_0322,img_321.jpg,fantasmas_y_misterio,ilustracion_plana_color,350,350,,Openclipart,evelyne_rojas,1b56f5a890112ad3d7856dd7ec53c8c9afa763a4
evelyne_rojas_img_0323,img_322.jpg,fantasmas_y_misterio,ilustracion_plana_color,350,350,,Openclipart,evelyne_rojas,e24aef7fca5b9131c4cfc16176b1b50b145e4794
evelyne_rojas_img_0325,img_324.jpg,fantasmas_y_misterio,ilustracion_plana_color,525,350,,Openclipart,evelyne_rojas,c02b4c0839d8f00cc28c69a836cc060499a765df
evelyne_rojas_img_0326,img_325.jpg,fantasmas_y_misterio,ilustracion_plana_color,339,350,,Openclipart,evelyne_rojas,2a1502cb9bfa1eeb22eb48f0b742c770d11030ed
evelyne_rojas_img_0327,img_326.jpg,fantasmas_y_misterio,ilustracion_plana_color,342,350,,Openclipart,evelyne_rojas,ba1e190682fa9421abcf43ff2a748d6fbc6dc738
evelyne_rojas_img_0328,img_327.jpg,fantasmas_y_misterio,ilustracion_plana_color,350,350,,Openclipart,evelyne_rojas,dcc94539f77cbbc3250a905d6fef7e5be11048ad
evelyne_rojas_img_0329,img_328.jpg,fantasmas_y_misterio,ilustracion_plana_color,212,350,,Openclipart,evelyne_rojas,21e57348f2c80e90681532bba5c7dae990e42921
evelyne_rojas_img_0330,img_329.jpg,fantasmas_y_misterio,ilustracion_plana_color,350,350,,Openclipart,evelyne_rojas,b3b3937dc16ea0aed1778c550938d92d1e140ebc
evelyne_rojas_img_0331,img_330.jpg,fantasmas_y_misterio,ilustracion_plana_color,613,350,,Openclipart,evelyne_rojas,9c77d9a052dc9130383dc09b616c5dab4888b993
evelyne_rojas_img_0332,img_331.jpg,fantasmas_y_misterio,ilustracion_plana_color,350,350,,Openclipart,evelyne_rojas,4aef994beae60d077bf9b2056e4d6aff0355ab1c
evelyne_rojas_img_0333,img_332.jpg,fantasmas_y_misterio,ilustracion_plana_color,350,350,,Openclipart,evelyne_rojas,5ea136610ed44c498349b9f0ec47061abb0354fb
evelyne_rojas_img_0334,img_333.jpg,fantasmas_y_misterio,ilustracion_plana_color,314,350,,Openclipart,evelyne_rojas,8a3a75d7e8be74365173d25ba75fbb0f80407c45
evelyne_rojas_img_0335,img_334.jpg,fantasmas_y_misterio,ilustracion_plana_color,316,350,,Openclipart,evelyne_rojas,6f69646b5739b9813c9aebaee95872a1cb9ed787
evelyne_rojas_img_0336,img_335.jpg,fantasmas_y_misterio,ilustracion_plana_color,318,350,,Openclipart,evelyne_rojas,d0e7bbc26acb113584b8b591821c8d88173f7b36
evelyne_rojas_img_0337,img_336.jpg,fantasmas_y_misterio,ilustracion_plana_color,320,350,,Openclipart,evelyne_rojas,402a456b3cfd7c071887028b1504cf5a1d648131
evelyne_rojas_img_0338,img_337.jpg,fantasmas_y_misterio,ilustracion_plana_color,237,350,,Openclipart,evelyne_rojas,2367dbc7da36dd73c5401ebe7d8a2aa4d0509384
evelyne_rojas_img_0339,img_338.jpg,fantasmas_y_misterio,ilustracion_plana_color,350,350,,Openclipart,evelyne_rojas,d33dd43d1cdd9c5d75edf5c006a1929382c62741
evelyne_rojas_img_0340,img_339.jpg,fantasmas_y_misterio,ilustracion_plana_color,246,350,,Openclipart,evelyne_rojas,360bc6e0c3f90d3941d787405080f191dea8be21
evelyne_rojas_img_0341,img_340.jpg,fantasmas_y_misterio,ilustracion_plana_color,242,350,,Openclipart,evelyne_rojas,36f859d1a890ec7cc04af317e1c90b7529748dc4
evelyne_rojas_img_0342,img_341.jpg,fantasmas_y_misterio,ilustracion_plana_color,350,350,,Openclipart,evelyne_rojas,8ebc8a261edabee8c2721a8e2c04b0766e14c769
evelyne_rojas_img_0343,img_342.jpg,fantasmas_y_misterio,ilustracion_plana_color,343,350,,Openclipart,evelyne_rojas,aec17c26a92c1cec271e93f905c82cc0136f6b1a
evelyne_rojas_img_0344,img_343.jpg,fantasmas_y_misterio,ilustracion_plana_color,209,350,,Openclipart,evelyne_rojas,1aa8298f7cc5059d6c07d1a4ef7b202486e4ba8a
evelyne_rojas_img_0345,img_344.jpg,fantasmas_y_misterio,ilustracion_plana_color,196,350,,Openclipart,evelyne_rojas,f041d6b461db3b627613fc7d04b05131226a058c
evelyne_rojas_img_0346,img_345.jpg,fantasmas_y_misterio,ilustracion_plana_color,350,350,,Openclipart,evelyne_rojas,fb95d659f81da03fe361e55abda3bc40d0dc66a4
evelyne_rojas_img_0347,img_346.jpg,fantasmas_y_misterio,ilustracion_plana_color,350,350,,Openclipart,evelyne_rojas,733d7feab951f25edfe439f729e5327c433b774e
evelyne_rojas_img_0348,img_347.jpg,fantasmas_y_misterio,ilustracion_plana_color,195,248,,Openclipart,evelyne_rojas,1545db70d654e1b060f00ad8c7c32a9abbd3c529
evelyne_rojas_img_0349,img_348.jpg,fantasmas_y_misterio,ilustracion_plana_color,198,265,,Openclipart,evelyne_rojas,e11330756af0a2881bd9ac8e980ebe14b2be2031
evelyne_rojas_img_0350,img_349.jpg,fantasmas_y_misterio,ilustracion_plana_color,139,216,,Openclipart,evelyne_rojas,c93f3ebfdf6e20aa25c64e4a99eb6286e5212aee
evelyne_rojas_img_0351,img_350.jpg,fantasmas_y_misterio,ilustracion_plana_color,166,260,,Openclipart,evelyne_rojas,ebd3f10004baa8cbc5ab6450e043c0cd8ba4f743
evelyne_rojas_img_0352,img_351.jpg,fantasmas_y_misterio,ilustracion_plana_color,323,350,,Openclipart,evelyne_rojas,b26b81fb826e6ed61c521a8cd95eb49a6c94b4d9
evelyne_rojas_img_0353,img_352.jpg,fantasmas_y_misterio,ilustracion_plana_color,212,350,,Openclipart,evelyne_rojas,c9bf9677b77136055af1d3b7f784129bf1180ae8
evelyne_rojas_img_0354,img_353.jpg,fantasmas_y_misterio,ilustracion_plana_color,350,350,,Openclipart,evelyne_rojas,c181e9916aecdde74cd525db469bc56fc2ea9f7b
evelyne_rojas_img_0355,img_354.jpg,fantasmas_y_misterio,ilustracion_plana_color,413,350,,Openclipart,evelyne_rojas,c97835107daf7e84a9b2e02f47151d6c821a487e
evelyne_rojas_img_0356,img_355.jpg,fantasmas_y_misterio,ilustracion_plana_color,350,350,,Openclipart,evelyne_rojas,229992e6a909f97b5cd4afd6ea0bf5f91262ebfa
evelyne_rojas_img_0357,img_356.jpg,fantasmas_y_misterio,ilustracion_plana_color,350,350,,Openclipart,evelyne_rojas,17a5a74b957cb818e5ff12981106693c5f3d98f6
evelyne_rojas_img_0358,img_357.jpg,fantasmas_y_misterio,ilustracion_plana_color,244,350,,Openclipart,evelyne_rojas,a7760a25a70a460f4610596342d46eb4742c735a
evelyne_rojas_img_0359,img_358.jpg,fantasmas_y_misterio,ilustracion_plana_color,428,350,,Openclipart,evelyne_rojas,4c009c804ae47ece97c9b5a04e623ad2a83426ee
evelyne_rojas_img_0360,img_359.jpg,fantasmas_y_misterio,ilustracion_plana_color,428,350,,Openclipart,evelyne_rojas,c6e9d77cba3dbd0dfe84f869c3b09c6cbcf1c15b
evelyne_rojas_img_0361,img_360.jpg,fantasmas_y_misterio,ilustracion_plana_color,413,350,,Openclipart,evelyne_rojas,fce0d3acbc693c062921694cfb091ea9970fd481
evelyne_rojas_img_0362,img_361.jpg,fantasmas_y_misterio,ilustracion_plana_color,350,350,,Openclipart,evelyne_rojas,5c6dbf0ec0b92e7cf926868600b3771bf98b4a80
evelyne_rojas_img_0363,img_362.jpg,fantasmas_y_misterio,ilustracion_plana_color,413,350,,Openclipart,evelyne_rojas,2e56c61e3c5c4bcb4e9e3eebfddc324e766d363c
evelyne_rojas_img_0364,img_363.jpg,fantasmas_y_misterio,ilustracion_plana_color,350,350,,Openclipart,evelyne_rojas,19b56d95e2f74ea7a780a7192d9524df8fe2f94e
evelyne_rojas_img_0365,img_364.jpg,fantasmas_y_misterio,ilustracion_plana_color,244,350,,Openclipart,evelyne_rojas,ae11531e31c7c8d39165cbe1f5a6d20caf170e8c
evelyne_rojas_img_0366,img_365.jpg,fantasmas_y_misterio,ilustracion_plana_color,350,350,,Openclipart,evelyne_rojas,2eec842781900cd76b84122c5c68330d9b67c1bc
evelyne_rojas_img_0367,img_366.jpg,fantasmas_y_misterio,ilustracion_plana_color,350,350,,Openclipart,evelyne_rojas,b411cfa088977c27670e6e68598717e1085460c6
evelyne_rojas_img_0368,img_367.jpg,fantasmas_y_misterio,ilustracion_plana_color,245,350,,Openclipart,evelyne_rojas,f54359d540a68337555d4da3033fe48b8154f759
evelyne_rojas_img_0369,img_368.jpg,fantasmas_y_misterio,ilustracion_plana_color,244,350,,Openclipart,evelyne_rojas,63c835b30e9f0dd411fb4c118fff9b2798370f40
evelyne_rojas_img_0370,img_369.jpg,fantasmas_y_misterio,ilustracion_plana_color,210,350,,Openclipart,evelyne_rojas,f7bb256b443028026dad551df0ecb8a4a74de99d
evelyne_rojas_img_0371,img_370.jpg,fantasmas_y_misterio,ilustracion_plana_color,350,350,,Openclipart,evelyne_rojas,88681242ebaa6821f667b489e6e2a4ef04db649c
evelyne_rojas_img_0372,img_371.jpg,fantasmas_y_misterio,ilustracion_plana_color,350,350,,Openclipart,evelyne_rojas,5df2f1d985ebbe13e7b402e9a6ba5768b46e80d9
evelyne_rojas_img_0373,img_372.jpg,fantasmas_y_misterio,ilustracion_plana_color,500,350,,Openclipart,evelyne_rojas,96526bf3a0e1731b9cdd66dd5cac495c9668360b
evelyne_rojas_img_0374,img_373.jpg,fantasmas_y_misterio,ilustracion_plana_color,350,350,,Openclipart,evelyne_rojas,27635ede24dcc7f42dead04f101b1cc31813c6d1
evelyne_rojas_img_0375,img_374.jpg,fantasmas_y_misterio,ilustracion_plana_color,350,350,,Openclipart,evelyne_rojas,281cece719fd2fb3f988855dfd0f810ef2cf0a69
evelyne_rojas_img_0376,img_375.jpg,fantasmas_y_misterio,ilustracion_plana_color,500,350,,Openclipart,evelyne_rojas,168cd0283e4ba00f8c25bd20dbf14c63ffa170e5
evelyne_rojas_img_0377,img_376.jpg,fantasmas_y_misterio,ilustracion_plana_color,350,350,,Openclipart,evelyne_rojas,24c167cc71be78df144181a1af96a6fbdd115f74
evelyne_rojas_img_0378,img_377.jpg,fantasmas_y_misterio,ilustracion_plana_color,350,350,,Openclipart,evelyne_rojas,52e7c5653d9fb10ebca61c6c20ca7227427f03d8
evelyne_rojas_img_0379,img_378.jpg,fantasmas_y_misterio,ilustracion_plana_color,490,350,,Openclipart,evelyne_rojas,d353d73ade65924e29a2b9c1643b4408de3e390b
evelyne_rojas_img_0380,img_379.jpg,fantasmas_y_misterio,ilustracion_plana_color,329,350,,Openclipart,evelyne_rojas,ee6f820a1964b74d7ac59ef8511160759466e4ba
evelyne_rojas_img_0381,img_380.jpg,fantasmas_y_misterio,ilustracion_plana_color,206,350,,Openclipart,evelyne_rojas,93676b101b168b23e66d328e04328e0a64979a98
evelyne_rojas_img_0382,img_381.jpg,fantasmas_y_misterio,ilustracion_plana_color,350,350,,Openclipart,evelyne_rojas,79556450712a8226916e614ec0b9e9d0231244ba
evelyne_rojas_img_0383,img_382.jpg,fantasmas_y_misterio,ilustracion_plana_color,350,350,,Openclipart,evelyne_rojas,2453456cd0ad2d5bdf86bc56178bf4ffba1e9a12
evelyne_rojas_img_0384,img_383.jpg,fantasmas_y_misterio,ilustracion_plana_color,350,350,,Openclipart,evelyne_rojas,1527ce49f62e8d377aec9f1c24e90fd22dbfa99c
evelyne_rojas_img_0385,img_384.jpg,fantasmas_y_misterio,ilustracion_plana_color,350,350,,Openclipart,evelyne_rojas,8b7efbc6fc374ae254fe9f97a480247d24393858
evelyne_rojas_img_0386,img_385.jpg,fantasmas_y_misterio,ilustracion_plana_color,256,350,,Openclipart,evelyne_rojas,20ccdab4e0121f80cbb9c1ae6fb57031de0ad26b
evelyne_rojas_img_0387,img_386.jpg,fantasmas_y_misterio,ilustracion_plana_color,204,350,,Openclipart,evelyne_rojas,154f1af1e5a0119def019cf95719e57c047d3c91
evelyne_rojas_img_0388,img_387.jpg,fantasmas_y_misterio,ilustracion_plana_color,350,350,,Openclipart,evelyne_rojas,a3f94b717f36ef2e57c54517457e157dc185f527
evelyne_rojas_img_0389,img_388.jpg,fantasmas_y_misterio,ilustracion_plana_color,218,350,,Openclipart,evelyne_rojas,17700dab10048343fdbe16d84011cdb6cd68b720
evelyne_rojas_img_0390,img_389.jpg,fantasmas_y_misterio,ilustracion_plana_color,350,350,,Openclipart,evelyne_rojas,ab081eac7a3e72febae9840689589a8e7f400af5
evelyne_rojas_img_0391,img_390.jpg,fantasmas_y_misterio,ilustracion_plana_color,199,350,,Openclipart,evelyne_rojas,833de25acd59af4bdf447c72342188501100526d
evelyne_rojas_img_0392,img_391.jpg,fantasmas_y_misterio,ilustracion_plana_color,350,350,,Openclipart,evelyne_rojas,984f083a5153c388b4d35ed45b67299d48a95f38
evelyne_rojas_img_0393,img_392.jpg,fantasmas_y_misterio,ilustracion_plana_color,204,350,,Openclipart,evelyne_rojas,d99610762b53dfaf3293f307eb98aa9a1e9f33ef
evelyne_rojas_img_0394,img_393.jpg,fantasmas_y_misterio,ilustracion_plana_color,169,350,,Openclipart,evelyne_rojas,62a0f1e98d9eac68483369e2a282a12b3723183d
evelyne_rojas_img_0395,img_394.jpg,fantasmas_y_misterio,ilustracion_plana_color,311,350,,Openclipart,evelyne_rojas,ab3ac1345bd84f03dac85e713f940c514e5d15da
evelyne_rojas_img_0396,img_395.jpg,fantasmas_y_misterio,ilustracion_plana_color,350,350,,Openclipart,evelyne_rojas,2f7212cf8c31140182bfe4ac33ba24aaeec251cb
evelyne_rojas_img_0397,img_396.jpg,fantasmas_y_misterio,ilustracion_plana_color,201,350,,Openclipart,evelyne_rojas,1b8e943cfd83dd72eb6fc609979fc41a7e2dd7ed
evelyne_rojas_img_0398,img_397.jpg,fantasmas_y_misterio,ilustracion_plana_color,243,350,,Openclipart,evelyne_rojas,2e26fc58765f014ea0a7fe6e5718ae1abdf1dd51
evelyne_rojas_img_0399,img_398.jpg,fantasmas_y_misterio,ilustracion_plana_color,438,350,,Openclipart,evelyne_rojas,c05657f3fb2264c1fc414b2e20ee6036df32391b
evelyne_rojas_img_0400,img_399.jpg,fantasmas_y_misterio,ilustracion_plana_color,350,350,,Openclipart,evelyne_rojas,48eaf2e31fce342b6d02e7305e22d1c10550e8f6
evelyne_rojas_img_0401,img_400.jpg,fantasmas_y_misterio,ilustracion_plana_color,334,350,,Openclipart,evelyne_rojas,d25e2d3cb1e7a4d1953df22f637fa2689f7cb361
evelyne_rojas_img_0402,img_401.jpg,fantasmas_y_misterio,ilustracion_plana_color,213,350,,Openclipart,evelyne_rojas,3e316abdfea2f05b33d368c37e88dd580d8e0166
evelyne_rojas_img_0403,img_402.jpg,fantasmas_y_misterio,ilustracion_plana_color,244,350,,Openclipart,evelyne_rojas,4c578ae33a61cc06a7c1dc512ea0571795e37b71
evelyne_rojas_img_0404,img_403.jpg,fantasmas_y_misterio,ilustracion_plana_color,250,350,,Openclipart,evelyne_rojas,df1051978b3f8585de9cdfbf7daa382867dbc692
evelyne_rojas_img_0405,img_404.jpg,fantasmas_y_misterio,ilustracion_plana_color,350,350,,Openclipart,evelyne_rojas,b707184a6bc0cd04abd604dbb80f6c96e84fcd85
evelyne_rojas_img_0406,img_405.jpg,fantasmas_y_misterio,ilustracion_plana_color,413,350,,Openclipart,evelyne_rojas,e1dbc302bd23395052ecd65f37ce25846069cd8a
evelyne_rojas_img_0407,img_406.jpg,fantasmas_y_misterio,ilustracion_plana_color,350,350,,Openclipart,evelyne_rojas,ecf847606af24499c6f6201083c44689c45738af
evelyne_rojas_img_0408,img_407.jpg,fantasmas_y_misterio,ilustracion_plana_color,350,350,,Openclipart,evelyne_rojas,d16cfc161d0101a10bf5f6c95e0cc577e3913792
evelyne_rojas_img_0409,img_408.jpg,fantasmas_y_misterio,ilustracion_plana_color,413,350,,Openclipart,evelyne_rojas,ad96e8c7fabd62ec48992b9ac4af8157a145a67b
evelyne_rojas_img_0410,img_409.jpg,fantasmas_y_misterio,ilustracion_plana_color,350,350,,Openclipart,evelyne_rojas,cab06201b601a14fc76d6787038d66046b2f5a65
evelyne_rojas_img_0411,img_410.jpg,fantasmas_y_misterio,ilustracion_plana_color,350,350,,Openclipart,evelyne_rojas,370fad197f822ddd2d626a34b42019d5af4787bc
evelyne_rojas_img_0412,img_411.jpg,fantasmas_y_misterio,ilustracion_plana_color,350,350,,Openclipart,evelyne_rojas,abb29e6eb8ca74b7727faa7204511855d00eda68
evelyne_rojas_img_0413,img_412.jpg,fantasmas_y_misterio,ilustracion_plana_color,622,350,,Openclipart,evelyne_rojas,68cce8c847baa24c2425779b70abdf2f7fe54323
evelyne_rojas_img_0414,img_413.jpg,fantasmas_y_misterio,ilustracion_plana_color,350,350,,Openclipart,evelyne_rojas,ded142b40e1f589490ac61aafc2817904c9eb85c
evelyne_rojas_img_0415,img_414.jpg,fantasmas_y_misterio,ilustracion_plana_color,255,350,,Openclipart,evelyne_rojas,9ebef21406c5d06a595f72ddaf1fb17182c5ed2e
evelyne_rojas_img_0416,img_415.jpg,fantasmas_y_misterio,ilustracion_plana_color,350,350,,Openclipart,evelyne_rojas,9691d7e5743d48be0a6a70951e27ce75a1356a8b
evelyne_rojas_img_0417,img_416.jpg,fantasmas_y_misterio,ilustracion_plana_color,1055,350,,Openclipart,evelyne_rojas,b7352caad4178644d112e33bb709f4886f38ef16
evelyne_rojas_img_0418,img_417.jpg,fantasmas_y_misterio,ilustracion_plana_color,350,350,,Openclipart,evelyne_rojas,8bde00e3077edb7c3d5c10323279d0a30451385e
evelyne_rojas_img_0419,img_418.jpg,fantasmas_y_misterio,ilustracion_plana_color,289,350,,Openclipart,evelyne_rojas,fd11436f773e324d8862e43cf64c3f21ba4937f8
evelyne_rojas_img_0420,img_419.jpg,fantasmas_y_misterio,ilustracion_plana_color,238,350,,Openclipart,evelyne_rojas,07cd64714d7442902ffe1978d441abd3cf99e0f1
evelyne_rojas_img_0421,img_420.jpg,fantasmas_y_misterio,ilustracion_plana_color,350,350,,Openclipart,evelyne_rojas,7009a6d16bb0e12148f96ebb41f02b5847819569
evelyne_rojas_img_0422,img_421.jpg,fantasmas_y_misterio,ilustracion_plana_color,237,350,,Openclipart,evelyne_rojas,ec29d1b8aa5961840418c184c0eb0fc33b06dbcd
evelyne_rojas_img_0423,img_422.jpg,fantasmas_y_misterio,ilustracion_plana_color,350,350,,Openclipart,evelyne_rojas,a38887253bc52e4e42f9ba8568532af4bfcb695d
evelyne_rojas_img_0424,img_423.jpg,fantasmas_y_misterio,ilustracion_plana_color,350,350,,Openclipart,evelyne_rojas,08f3caf4c3abde36b0b5b0f59b8d4c635be78be8
evelyne_rojas_img_0425,img_424.jpg,fantasmas_y_misterio,ilustracion_plana_color,327,350,,Openclipart,evelyne_rojas,d0447ea982b19693bc42dbc457fc7ed26840c83d
evelyne_rojas_img_0426,img_425.jpg,fantasmas_y_misterio,ilustracion_plana_color,448,350,,Openclipart,evelyne_rojas,1dc3ea74c664854f348d0b9eaffa00ff52424fca
evelyne_rojas_img_0427,img_426.jpg,fantasmas_y_misterio,ilustracion_plana_color,350,350,,Openclipart,evelyne_rojas,c0a60efbd73a98bc0097a4986e60f5a829a1c957
evelyne_rojas_img_0428,img_427.jpg,fantasmas_y_misterio,ilustracion_plana_color,323,350,,Openclipart,evelyne_rojas,9f091b47f66fee69cb3b7b0ba6675cc1754d0569
evelyne_rojas_img_0429,img_428.jpg,fantasmas_y_misterio,ilustracion_plana_color,205,350,,Openclipart,evelyne_rojas,1df964b1cc407888ebc2dcd456b8c3f54fc245a8
evelyne_rojas_img_0430,img_429.jpg,fantasmas_y_misterio,ilustracion_plana_color,337,350,,Openclipart,evelyne_rojas,e27db5f85e898f798989b0ed49efc42b8e305ba4
evelyne_rojas_img_0431,img_430.jpg,fantasmas_y_misterio,ilustracion_plana_color,404,350,,Openclipart,evelyne_rojas,f35a7df8e643173d16cea602b24d98a8676cfdeb
evelyne_rojas_img_0432,img_431.jpg,fantasmas_y_misterio,ilustracion_plana_color,206,350,,Openclipart,evelyne_rojas,f750df34e3378f9079413316c88a6ac04a916e35
evelyne_rojas_img_0433,img_432.jpg,fantasmas_y_misterio,ilustracion_plana_color,350,350,,Openclipart,evelyne_rojas,9fbdc037876e1882a39519d4387c653f0a644535
evelyne_rojas_img_0434,img_433.jpg,fantasmas_y_misterio,ilustracion_plana_color,263,350,,Openclipart,evelyne_rojas,f1bc31919cd5ef73ec36f45664744e1b133089b5
evelyne_rojas_img_0435,img_434.jpg,fantasmas_y_misterio,ilustracion_plana_color,559,350,,Openclipart,evelyne_rojas,6c1f067b86524135953bff468679398d268d90bc
evelyne_rojas_img_0436,img_435.jpg,fantasmas_y_misterio,ilustracion_plana_color,350,350,,Openclipart,evelyne_rojas,b984642c7a4e73989f8bc22f239f3af93d479dbc
evelyne_rojas_img_0437,img_436.jpg,fantasmas_y_misterio,ilustracion_plana_color,256,350,,Openclipart,evelyne_rojas,a2a63e1713cc783a07c96c9f9a965d306224e237
evelyne_rojas_img_0438,img_437.jpg,fantasmas_y_misterio,ilustracion_plana_color,350,350,,Openclipart,evelyne_rojas,de3a33e8134979be7bbc2323dbc6b30ad844293e
evelyne_rojas_img_0439,img_438.jpg,fantasmas_y_misterio,ilustracion_plana_color,307,350,,Openclipart,evelyne_rojas,637eceb2b93a91e97dc10f0f5b44e34942eb5b27
evelyne_rojas_img_0440,img_439.jpg,fantasmas_y_misterio,ilustracion_plana_color,525,350,,Openclipart,evelyne_rojas,c818373584b6cca47b7d956ed78e7916abff1f20
evelyne_rojas_img_0441,img_440.jpg,fantasmas_y_misterio,ilustracion_plana_color,342,350,,Openclipart,evelyne_rojas,e391bd1aa43a358fa87d11ac5529dcf0ff9908e4
evelyne_rojas_img_0442,img_441.jpg,fantasmas_y_misterio,ilustracion_plana_color,301,350,,Openclipart,evelyne_rojas,99fb44896832df918b8e1e0b28f02cfdb140782b
evelyne_rojas_img_0443,img_442.jpg,fantasmas_y_misterio,ilustracion_plana_color,407,350,,Openclipart,evelyne_rojas,1275d7870c5ff9f5b87b6ecd2ac5e32812a1fcca
evelyne_rojas_img_0444,img_443.jpg,fantasmas_y_misterio,ilustracion_plana_color,243,350,,Openclipart,evelyne_rojas,175f6ae34b93ce2581d06bfa7b66da6439a2a96d
evelyne_rojas_img_0445,img_444.jpg,fantasmas_y_misterio,ilustracion_plana_color,311,350,,Openclipart,evelyne_rojas,ec358e3752e868f8ef5612a1c0523dc15d775808
evelyne_rojas_img_0446,img_445.jpg,fantasmas_y_misterio,ilustracion_plana_color,361,350,,Openclipart,evelyne_rojas,ebdc2f5752c01e718f4d8acd4b0cc4c5bb1ed44c
evelyne_rojas_img_0447,img_446.jpg,fantasmas_y_misterio,ilustracion_plana_color,350,350,,Openclipart,evelyne_rojas,548c5fd11d6adf8eb9e07cb2614e1936a151f4db
evelyne_rojas_img_0448,img_447.jpg,fantasmas_y_misterio,ilustracion_plana_color,333,350,,Openclipart,evelyne_rojas,5034d960fc7ee8bec5f797ffb9b8b7deb0fc4b09
evelyne_rojas_img_0449,img_448.jpg,fantasmas_y_misterio,ilustracion_plana_color,350,350,,Openclipart,evelyne_rojas,4f8f15f500bc8250eee99953415e842b20c1cf5c
evelyne_rojas_img_0450,img_449.jpg,fantasmas_y_misterio,ilustracion_plana_color,945,350,,Openclipart,evelyne_rojas,f35204c747c9a4fe3660c026469d55b237070a5a
evelyne_rojas_img_0451,img_450.jpg,fantasmas_y_misterio,ilustracion_plana_color,385,350,,Openclipart,evelyne_rojas,772b49224000aac0f187d628cd8261b27bb59444
evelyne_rojas_img_0452,img_451.jpg,fantasmas_y_misterio,ilustracion_plana_color,349,350,,Openclipart,evelyne_rojas,d50423baa99dfc84ba614208d1049ede20d5beee
evelyne_rojas_img_0453,img_452.jpg,fantasmas_y_misterio,ilustracion_plana_color,350,350,,Openclipart,evelyne_rojas,8ecadb90bf740b9b1a65eac253404ad27ead2433
evelyne_rojas_img_0454,img_453.jpg,fantasmas_y_misterio,ilustracion_plana_color,245,350,,Openclipart,evelyne_rojas,cf05c1cd0f9252bfe7c3b0eebf8eff601974b28b
evelyne_rojas_img_0455,img_454.jpg,fantasmas_y_misterio,ilustracion_plana_color,360,350,,Openclipart,evelyne_rojas,0a493b73db81169040a0d4fd4c5076e2dbabd940
evelyne_rojas_img_0456,img_455.jpg,fantasmas_y_misterio,ilustracion_plana_color,350,350,,Openclipart,evelyne_rojas,23f38d617e81b94845c60ea4d003438649e24c35
evelyne_rojas_img_0457,img_456.jpg,fantasmas_y_misterio,ilustracion_plana_color,350,350,,Openclipart,evelyne_rojas,1eab78a310653cdbc92f4a86de150c7b95c04ef6
evelyne_rojas_img_0458,img_457.jpg,fantasmas_y_misterio,ilustracion_plana_color,288,350,,Openclipart,evelyne_rojas,54073bbf14941acae30f1758f75e17b69c728a76
evelyne_rojas_img_0459,img_458.jpg,fantasmas_y_misterio,ilustracion_plana_color,350,350,,Openclipart,evelyne_rojas,4defae9e7b4bb44b0524ef20bf1f25eaa52b1c1b
evelyne_rojas_img_0460,img_459.jpg,fantasmas_y_misterio,ilustracion_plana_color,559,350,,Openclipart,evelyne_rojas,290de81c1de6bb30c21345b313e79ab8cffe4e2b
evelyne_rojas_img_0461,img_460.jpg,fantasmas_y_misterio,ilustracion_plana_color,350,350,,Openclipart,evelyne_rojas,c39d5576f82264012c9cc442344aff10d4eb0ae2
evelyne_rojas_img_0462,img_461.jpg,fantasmas_y_misterio,ilustracion_plana_color,349,350,,Openclipart,evelyne_rojas,398dcb5f7efa708072b347e245d9233a5bd655c5
evelyne_rojas_img_0463,img_462.jpg,fantasmas_y_misterio,ilustracion_plana_color,786,350,,Openclipart,evelyne_rojas,b8260a55d1dae1727a9d0efec75a22403f2f407b
evelyne_rojas_img_0464,img_463.jpg,fantasmas_y_misterio,ilustracion_plana_color,350,350,,Openclipart,evelyne_rojas,53c4da739cce68726588af257e8a966a363f4ee2
evelyne_rojas_img_0465,img_464.jpg,fantasmas_y_misterio,ilustracion_plana_color,420,350,,Openclipart,evelyne_rojas,1db325e79583671219f80c7c1f438662828df6ce
evelyne_rojas_img_0466,img_465.jpg,fantasmas_y_misterio,ilustracion_plana_color,282,350,,Openclipart,evelyne_rojas,4fea357da5741810e589a40bb5e6266fa9dd5fdb
evelyne_rojas_img_0467,img_466.jpg,fantasmas_y_misterio,ilustracion_plana_color,284,350,,Openclipart,evelyne_rojas,4b12dc396ce589cd87be5acf4964d8a18f9e3e5a
evelyne_rojas_img_0468,img_467.jpg,fantasmas_y_misterio,ilustracion_plana_color,381,350,,Openclipart,evelyne_rojas,00d9344cfac001664583363a1bc2756b613fb16e
evelyne_rojas_img_0469,img_468.jpg,fantasmas_y_misterio,ilustracion_plana_color,350,350,,Openclipart,evelyne_rojas,6b22d1f470f4407c9915c9534bc4f6e108444ab3
evelyne_rojas_img_0470,img_469.jpg,fantasmas_y_misterio,ilustracion_plana_color,277,350,,Openclipart,evelyne_rojas,506ba246066d3677679574db297af2a72f9a2b72
evelyne_rojas_img_0471,img_470.jpg,fantasmas_y_misterio,ilustracion_plana_color,303,350,,Openclipart,evelyne_rojas,1d870039e2e34e7af9696dc503de5640da055c0a
evelyne_rojas_img_0472,img_471.jpg,fantasmas_y_misterio,ilustracion_plana_color,626,350,,Openclipart,evelyne_rojas,b21ec461b22b58e2886135f5bac2849256caeb91
evelyne_rojas_img_0473,img_472.jpg,fantasmas_y_misterio,ilustracion_plana_color,500,350,,Openclipart,evelyne_rojas,c5eb6dd55beaeaae9fa1420e876b1ffd2885fbb2
evelyne_rojas_img_0474,img_473.jpg,fantasmas_y_misterio,ilustracion_plana_color,328,350,,Openclipart,evelyne_rojas,762323ba6880a7a12205c27a8b9392517b11572f
evelyne_rojas_img_0475,img_474.jpg,fantasmas_y_misterio,ilustracion_plana_color,350,350,,Openclipart,evelyne_rojas,45665f52c990697fa12ca018fd4bbdd15b0e038a
evelyne_rojas_img_0476,img_475.jpg,fantasmas_y_misterio,ilustracion_plana_color,350,350,,Openclipart,evelyne_rojas,3c7e5b7a1261a0be4f79437fe39394d05381cead
evelyne_rojas_img_0477,img_476.jpg,fantasmas_y_misterio,ilustracion_plana_color,350,350,,Openclipart,evelyne_rojas,a2f748d18d17d4af6f0cc677bc7b7ef503187b8b
evelyne_rojas_img_0478,img_477.jpg,fantasmas_y_misterio,ilustracion_plana_color,350,350,,Openclipart,evelyne_rojas,cd9513e4b27ce8a523a039731cb1e036e06edd4b
evelyne_rojas_img_0479,img_478.jpg,fantasmas_y_misterio,ilustracion_plana_color,671,350,,Openclipart,evelyne_rojas,7761cdce800b84c25cfd5b754da692a90097f50b
evelyne_rojas_img_0480,img_479.jpg,fantasmas_y_misterio,ilustracion_plana_color,350,350,,Openclipart,evelyne_rojas,80bfb030082abfbae60e29d8f7134432d93368be
evelyne_rojas_img_0481,img_480.jpg,fantasmas_y_misterio,ilustracion_plana_color,350,350,,Openclipart,evelyne_rojas,6d5becfa943f7093e42951eee81888e3a15837b7
evelyne_rojas_img_0482,img_481.jpg,fantasmas_y_misterio,ilustracion_plana_color,320,350,,Openclipart,evelyne_rojas,78d5e6cc027a73d2d42d9dba7fb8a0d8419389cb
evelyne_rojas_img_0483,img_482.jpg,fantasmas_y_misterio,ilustracion_plana_color,357,350,,Openclipart,evelyne_rojas,c014b40ce71e9b28dcda7ef24efa362eac78fd32
evelyne_rojas_img_0484,img_483.jpg,fantasmas_y_misterio,ilustracion_plana_color,324,350,,Openclipart,evelyne_rojas,8a2880abd9e450cd75cd579413335f0b3d0b9314
evelyne_rojas_img_0485,img_484.jpg,fantasmas_y_misterio,ilustracion_plana_color,350,350,,Openclipart,evelyne_rojas,b51e0039c81c22c30778d7a73cd6966bbef586c4
evelyne_rojas_img_0486,img_485.jpg,fantasmas_y_misterio,ilustracion_plana_color,350,350,,Openclipart,evelyne_rojas,07c53ae436a815dbf52bf22edadf5b049db7972c
evelyne_rojas_img_0487,img_486.jpg,fantasmas_y_misterio,ilustracion_plana_color,350,350,,Openclipart,evelyne_rojas,2994c907149615629c64505d71110547b7c90a8b
evelyne_rojas_img_0488,img_487.jpg,fantasmas_y_misterio,ilustracion_plana_color,337,350,,Openclipart,evelyne_rojas,d6c1fb236869771720036d968cad0615d067c905
evelyne_rojas_img_0489,img_488.jpg,fantasmas_y_misterio,ilustracion_plana_color,351,350,,Openclipart,evelyne_rojas,1912d0e45fa9939eb2e146dc0c0f65801ba20c49
evelyne_rojas_img_0490,img_489.jpg,fantasmas_y_misterio,ilustracion_plana_color,431,350,,Openclipart,evelyne_rojas,c8b383afbc547a03589390b241aa44adda33e42d
evelyne_rojas_img_0491,img_490.jpg,fantasmas_y_misterio,ilustracion_plana_color,253,350,,Openclipart,evelyne_rojas,45063d474ce65dfcc11870328b46cea0f99b1da5
evelyne_rojas_img_0492,img_491.jpg,fantasmas_y_misterio,ilustracion_plana_color,243,350,,Openclipart,evelyne_rojas,5f748f39a93db1146a1b7599f078c774f5be3baf
evelyne_rojas_img_0493,img_492.jpg,fantasmas_y_misterio,ilustracion_plana_color,250,350,,Openclipart,evelyne_rojas,58cc8f5d02bf9f8af84b925d7d612f5c5abb4816
evelyne_rojas_img_0494,img_493.jpg,fantasmas_y_misterio,ilustracion_plana_color,350,350,,Openclipart,evelyne_rojas,5863b8ada8ffaf6555bbadf14ae3655530b2c9b1
evelyne_rojas_img_0495,img_494.jpg,fantasmas_y_misterio,ilustracion_plana_color,350,350,,Openclipart,evelyne_rojas,3a024405a1ffb7cafed1caebd9af20e966bb77eb
evelyne_rojas_img_0496,img_495.jpg,fantasmas_y_misterio,ilustracion_plana_color,350,350,,Openclipart,evelyne_rojas,8f4aba339df23018ff1ad738988837707f83d626
evelyne_rojas_img_0497,img_496.jpg,fantasmas_y_misterio,ilustracion_plana_color,350,350,,Openclipart,evelyne_rojas,15537cbf31f5cdd08215b9783e47e951d4a338fc
evelyne_rojas_img_0498,img_497.jpg,fantasmas_y_misterio,ilustracion_plana_color,350,350,,Openclipart,evelyne_rojas,1f7ff28e3f395a26772f00af3b437713da40d1cb
evelyne_rojas_img_0499,img_498.jpg,fantasmas_y_misterio,ilustracion_plana_color,234,350,,Openclipart,evelyne_rojas,ef2200a7ec40ee6ceb31ee384afb07084243d5b7
evelyne_rojas_img_0500,img_499.jpg,fantasmas_y_misterio,ilustracion_plana_color,350,350,,Openclipart,evelyne_rojas,fd2ffeb9e3612a650f8f85a86993aedaecd63c1d
evelyne_rojas_img_0501,img_500.jpg,fantasmas_y_misterio,ilustracion_plana_color,356,350,,Openclipart,evelyne_rojas,db97527a3cc420e602ad60c5c4a3764d7be0693e
evelyne_rojas_img_0502,img_501.png,fantasmas_y_misterio,ilustracion_plana_color,1243,1280,,Openclipart,evelyne_rojas,a8ba1068f0ff5bd0c2c4922cb54b6b61a1a84b9d
evelyne_rojas_img_0503,img_502.png,fantasmas_y_misterio,ilustracion_plana_color,1235,1280,,Openclipart,evelyne_rojas,c217d37c982bae360b60e2ccc5829e7d340ab465
evelyne_rojas_img_0504,img_503.png,fantasmas_y_misterio,ilustracion_plana_color,1280,1049,,Openclipart,evelyne_rojas,0774140948209d033555b6a47547ef42bbd7d2ac
evelyne_rojas_img_0505,img_504.png,fantasmas_y_misterio,ilustracion_plana_color,1280,1280,,Openclipart,evelyne_rojas,24df4a1c7cb7a3a0b0a82d29a7f8ff4a4c23906d
evelyne_rojas_img_0506,img_505.png,fantasmas_y_misterio,ilustracion_plana_color,1264,1280,,Openclipart,evelyne_rojas,0f1baaad844fedc70f1a03c7f958bf4f04196e92
evelyne_rojas_img_0507,img_506.png,fantasmas_y_misterio,ilustracion_plana_color,1280,1280,,Openclipart,evelyne_rojas,1aca790993af3fae4d4a7594f239e3e38b3e4cab
evelyne_rojas_img_0508,img_508.png,fantasmas_y_misterio,ilustracion_plana_color,1179,1280,,Openclipart,evelyne_rojas,75b99af42f9d62b8b7464a6d28e905d600404c2c
evelyne_rojas_img_0509,img_509.png,fantasmas_y_misterio,ilustracion_plana_color,1280,1280,,Openclipart,evelyne_rojas,cf604f27c44c636faed9314506d87ebdb3d091c6
evelyne_rojas_img_0510,img_510.png,fantasmas_y_misterio,ilustracion_plana_color,1081,1280,,Openclipart,evelyne_rojas,128417848464c085ca981c5a497001aca1a15582
evelyne_rojas_img_0511,img_511.png,fantasmas_y_misterio,ilustracion_plana_color,1280,1280,,Openclipart,evelyne_rojas,1f1b6e0136d5c5ea57b85a64a29e1e8d984247b1
evelyne_rojas_img_0512,img_512.png,fantasmas_y_misterio,ilustracion_plana_color,1057,1280,,Openclipart,evelyne_rojas,b25d4c54b423de3aa18bae01ccfd46b4c21d459f
evelyne_rojas_img_0513,img_513.png,fantasmas_y_misterio,ilustracion_plana_color,1280,1057,,Openclipart,evelyne_rojas,57f70bff93688b3444e8fc7b1aa193a0359df9e4
evelyne_rojas_img_0514,img_514.png,fantasmas_y_misterio,ilustracion_plana_color,1049,1280,,Openclipart,evelyne_rojas,835e0d502fdd795500c3f533593e896c4d255ea6
evelyne_rojas_img_0515,img_515.png,fantasmas_y_misterio,ilustracion_plana_color,1280,1280,,Openclipart,evelyne_rojas,08a6fb382d29145e85997fcf558d093f460c908c
evelyne_rojas_img_0516,img_516.png,fantasmas_y_misterio,ilustracion_plana_color,1149,1280,,Openclipart,evelyne_rojas,9fb98c0a7ea0e2a4da4e3bbce43a5c6bcd25dd98
evelyne_rojas_img_0517,img_517.png,fantasmas_y_misterio,ilustracion_plana_color,1191,1280,,Openclipart,evelyne_rojas,1cf212933e8b69c6973f33dbf14ab32f775deca8
evelyne_rojas_img_0518,img_519.png,fantasmas_y_misterio,ilustracion_plana_color,1187,1280,,Openclipart,evelyne_rojas,e46205829908623a197ed1c7963aa66df9f26a3a
evelyne_rojas_img_0519,img_520.png,fantasmas_y_misterio,ilustracion_plana_color,1189,1280,,Openclipart,evelyne_rojas,0fda80c77568c5d6064155073e1d7fb929df329a
evelyne_rojas_img_0520,img_521.png,fantasmas_y_misterio,ilustracion_plana_color,1280,1089,,Openclipart,evelyne_rojas,3abeba07a875cb7f0e53d7cfd4a1d1ff362c297c
evelyne_rojas_img_0521,img_522.png,fantasmas_y_misterio,ilustracion_plana_color,1280,1280,,Openclipart,evelyne_rojas,7226f2e6770cfd57d7d5a88570b8d17760ee27fe
evelyne_rojas_img_0522,img_523.png,fantasmas_y_misterio,ilustracion_plana_color,1107,1280,,Openclipart,evelyne_rojas,1e44fed6c7be1f8fe7ef3a0538050308915de366
evelyne_rojas_img_0523,img_524.png,fantasmas_y_misterio,ilustracion_plana_color,1280,1061,,Openclipart,evelyne_rojas,0c40dfbda06fa37b703a5b108ee7819094d7cb29
evelyne_rojas_img_0524,img_525.png,fantasmas_y_misterio,ilustracion_plana_color,1280,1169,,Openclipart,evelyne_rojas,64c50b51dee7888210f22d5483835b2d676997fe
evelyne_rojas_img_0525,img_526.png,fantasmas_y_misterio,ilustracion_plana_color,1280,1280,,Openclipart,evelyne_rojas,9736a87dbe9f780891835f814c97185f887c1361
evelyne_rojas_img_0526,img_527.png,fantasmas_y_misterio,ilustracion_plana_color,1280,1280,,Openclipart,evelyne_rojas,765dc78f2f92d62c7c8233d0d18fde3f44add054
evelyne_rojas_img_0527,img_528.png,fantasmas_y_misterio,ilustracion_plana_color,1280,1280,,Openclipart,evelyne_rojas,054e2904a4424cf6bb57b65c9e3f0d40a9123994
evelyne_rojas_img_0528,img_529.jpg,fantasmas_y_misterio,ilustracion_plana_color,350,350,,Openclipart,evelyne_rojas,29736424ea514bc316f4254cd5d3b5f3c3da5080
evelyne_rojas_img_0529,img_530.jpg,fantasmas_y_misterio,ilustracion_plana_color,200,350,,Openclipart,evelyne_rojas,0aed3b51e46a2912c416f10eea63686d0041e095
evelyne_rojas_img_0530,img_531.jpg,fantasmas_y_misterio,ilustracion_plana_color,233,350,,Openclipart,evelyne_rojas,8f81eeff2dbff89cd2df8238cb61a9ddccbc36e5
evelyne_rojas_img_0531,img_532.jpg,fantasmas_y_misterio,ilustracion_plana_color,350,350,,Openclipart,evelyne_rojas,5721f74c81fd7b4763bdb84b5f895053e0636402
evelyne_rojas_img_0532,img_533.jpg,fantasmas_y_misterio,ilustracion_plana_color,481,350,,Openclipart,evelyne_rojas,2ebcf1dfdfc14b2b700bb421128f984166547845
evelyne_rojas_img_0533,img_534.jpg,fantasmas_y_misterio,ilustracion_plana_color,481,350,,Openclipart,evelyne_rojas,ae41978c87f1de3ce8a2625b4d52382fb4596c25
evelyne_rojas_img_0534,img_535.jpg,fantasmas_y_misterio,ilustracion_plana_color,525,350,,Openclipart,evelyne_rojas,808dcd044df60cdc6835fa0cee103270dcb11505
evelyne_rojas_img_0535,img_536.jpg,fantasmas_y_misterio,ilustracion_plana_color,500,350,,Openclipart,evelyne_rojas,e7aa739a51dd8d958159a45b8c2e16caec82dbf8
evelyne_rojas_img_0536,img_537.jpg,fantasmas_y_misterio,ilustracion_plana_color,500,350,,Openclipart,evelyne_rojas,ba38791ccf1352d2a9ff241cdba8c9fcdb06457f
evelyne_rojas_img_0537,img_538.jpg,fantasmas_y_misterio,ilustracion_plana_color,350,350,,Openclipart,evelyne_rojas,ebf42844172b3e9d2b2fb82e7d83b191a8336911
evelyne_rojas_img_0538,img_539.jpg,fantasmas_y_misterio,ilustracion_plana_color,350,350,,Openclipart,evelyne_rojas,3359f844b79ce90face8df17b7db13e58b1eec5b
evelyne_rojas_img_0539,img_540.jpg,fantasmas_y_misterio,ilustracion_plana_color,287,350,,Openclipart,evelyne_rojas,6de227198a06ed579ccc5fba69e8eacfaa691b33
evelyne_rojas_img_0540,img_541.jpg,fantasmas_y_misterio,ilustracion_plana_color,350,350,,Openclipart,evelyne_rojas,e4f667677f9b94ed1316e147efeee58f81697761
evelyne_rojas_img_0541,img_542.jpg,fantasmas_y_misterio,ilustracion_plana_color,350,350,,Openclipart,evelyne_rojas,bdae32519ced2b65bba6a41b55746727c213a88b
evelyne_rojas_img_0542,img_543.jpg,fantasmas_y_misterio,ilustracion_plana_color,288,350,,Openclipart,evelyne_rojas,62b726fee011bfaec3598de40e3b1854f4d4537a
evelyne_rojas_img_0543,img_544.png,fantasmas_y_misterio,ilustracion_plana_color,500,350,,Openclipart,evelyne_rojas,6f1d639f8301adeb35840c678ac0ed78c340bc77
evelyne_rojas_img_0544,img_545.jpg,fantasmas_y_misterio,ilustracion_plana_color,350,350,,Openclipart,evelyne_rojas,806f9b214c89569b34391de70da01689579121be
evelyne_rojas_img_0545,img_546.jpg,fantasmas_y_misterio,ilustracion_plana_color,350,350,,Openclipart,evelyne_rojas,54dbcee1ca325bc9e91a5e5c525f2efac89dbb4c
evelyne_rojas_img_0546,img_547.jpg,fantasmas_y_misterio,ilustracion_plana_color,350,350,,Openclipart,evelyne_rojas,0d860a3e29b6ff31f5b7b99ba9849dad271079dc
evelyne_rojas_img_0547,img_548.jpg,fantasmas_y_misterio,ilustracion_plana_color,350,350,,Openclipart,evelyne_rojas,4ea2385bd70c63fe8e48ea8ff4011a973ce4a908
evelyne_rojas_img_0548,img_549.jpg,fantasmas_y_misterio,ilustracion_plana_color,350,350,,Openclipart,evelyne_rojas,270c6bdb19148b9c2d163a7d1df8caa0c50ebf31
evelyne_rojas_img_0549,img_550.jpg,fantasmas_y_misterio,ilustracion_plana_color,525,350,,Openclipart,evelyne_rojas,56a762c97a2f4a0f668fe4e67bbb14de223b1f5d
evelyne_rojas_img_0550,img_551.jpg,fantasmas_y_misterio,ilustracion_plana_color,236,350,,Openclipart,evelyne_rojas,c47547dfedc1761e7333795515182b6b52d5c888
evelyne_rojas_img_0551,img_552.jpg,fantasmas_y_misterio,ilustracion_plana_color,230,350,,Openclipart,evelyne_rojas,4799ba5636409bb1e73eab282e8c16839a9a3c3f
evelyne_rojas_img_0553,img_554.jpg,fantasmas_y_misterio,ilustracion_plana_color,538,350,,Openclipart,evelyne_rojas,462802550030d03fcc4131b090638654870b40a3
evelyne_rojas_img_0554,img_555.jpg,fantasmas_y_misterio,ilustracion_plana_color,203,350,,Openclipart,evelyne_rojas,188f616caa5e1921e0d1d22f5443da7d88af19a0
evelyne_rojas_img_0555,img_556.jpg,fantasmas_y_misterio,ilustracion_plana_color,240,350,,Openclipart,evelyne_rojas,08f38f932a94cd532e430b1761762e2e2a17e073
evelyne_rojas_img_0556,img_557.jpg,fantasmas_y_misterio,ilustracion_plana_color,350,350,,Openclipart,evelyne_rojas,1e9b0bf2a21c6142ab3cb88a07eaa961bcf4a9a6
evelyne_rojas_img_0557,img_558.jpg,fantasmas_y_misterio,ilustracion_plana_color,500,350,,Openclipart,evelyne_rojas,74e34f9be6a03e869d9a5babb94e5f75e3abb6b9
evelyne_rojas_img_0558,img_559.jpg,fantasmas_y_misterio,ilustracion_plana_color,350,350,,Openclipart,evelyne_rojas,f15b9cf5f45e43c0b214c2f6e851ced07779c288
evelyne_rojas_img_0559,img_560.jpg,fantasmas_y_misterio,ilustracion_plana_color,350,350,,Openclipart,evelyne_rojas,e51da8167aca13333136584c9e2754b77010efc8
evelyne_rojas_img_0560,img_561.jpg,fantasmas_y_misterio,ilustracion_plana_color,350,350,,Openclipart,evelyne_rojas,358aaef17f2a6f47297434b7e0415519c6b017cb
evelyne_rojas_img_0561,img_562.jpg,fantasmas_y_misterio,ilustracion_plana_color,199,350,,Openclipart,evelyne_rojas,4347fee8dca912fecdfbdd6396d331fd507d1f6b
evelyne_rojas_img_0562,img_563.jpg,fantasmas_y_misterio,ilustracion_plana_color,247,350,,Openclipart,evelyne_rojas,de62f0ab47c43b613e26023fb656f16123b50d08
evelyne_rojas_img_0563,img_564.jpg,fantasmas_y_misterio,ilustracion_plana_color,296,350,,Openclipart,evelyne_rojas,4978bc5df2adf2d9f6a7858ae52e6a145ece521e
evelyne_rojas_img_0564,img_565.jpg,fantasmas_y_misterio,ilustracion_plana_color,274,350,,Openclipart,evelyne_rojas,bdc749072061661ac6de2255b3305a9589825955
evelyne_rojas_img_0565,img_566.jpg,fantasmas_y_misterio,ilustracion_plana_color,330,350,,Openclipart,evelyne_rojas,5f6c8dbc9baa7af76d41a3d2836ad50542fca54b
evelyne_rojas_img_0566,img_567.jpg,fantasmas_y_misterio,ilustracion_plana_color,265,350,,Openclipart,evelyne_rojas,46c87261f3eed79771bc2662b7eacd514fc0f7a7
evelyne_rojas_img_0567,img_568.jpg,fantasmas_y_misterio,ilustracion_plana_color,297,350,,Openclipart,evelyne_rojas,bf402944383acead0455159ad4a15a614d5df668
evelyne_rojas_img_0568,img_569.jpg,fantasmas_y_misterio,ilustracion_plana_color,263,350,,Openclipart,evelyne_rojas,4482d2ae8a2b1c05ccb9177e69eaf070112bc469
evelyne_rojas_img_0569,img_570.jpg,fantasmas_y_misterio,ilustracion_plana_color,550,350,,Openclipart,evelyne_rojas,b89f28553c9c0f705aec79a7680a298ec856e63f
evelyne_rojas_img_0570,img_571.jpg,fantasmas_y_misterio,ilustracion_plana_color,550,350,,Openclipart,evelyne_rojas,7533cb97a01bf7c8e174a02088183eefdd6373bb
evelyne_rojas_img_0571,img_572.jpg,fantasmas_y_misterio,ilustracion_plana_color,282,350,,Openclipart,evelyne_rojas,d4366d708e758ebe290b6b221f49b1f4e705b86e
evelyne_rojas_img_0572,img_573.jpg,fantasmas_y_misterio,ilustracion_plana_color,350,350,,Openclipart,evelyne_rojas,6d227cd369fe240653498531e90884db5d31d817
evelyne_rojas_img_0573,img_574.jpg,fantasmas_y_misterio,ilustracion_plana_color,341,350,,Openclipart,evelyne_rojas,dfab3f89dd8b549b46b23a4d40910f61e1503e83
evelyne_rojas_img_0574,img_575.jpg,fantasmas_y_misterio,ilustracion_plana_color,550,350,,Openclipart,evelyne_rojas,c40136bc739c29e235b5b0734993d053270d38bb
evelyne_rojas_img_0575,img_576.jpg,fantasmas_y_misterio,ilustracion_plana_color,156,350,,Openclipart,evelyne_rojas,27e2c01345ee7ed0484f32da8702f9bb4aca3fc4
evelyne_rojas_img_0576,img_577.jpg,fantasmas_y_misterio,ilustracion_plana_color,280,350,,Openclipart,evelyne_rojas,4588e44c95f890610c8268728608a81848a7f27e
evelyne_rojas_img_0577,img_578.jpg,fantasmas_y_misterio,ilustracion_plana_color,170,350,,Openclipart,evelyne_rojas,fa74be9f4237b53b4512707886da70ae0748123d
evelyne_rojas_img_0578,img_579.jpg,fantasmas_y_misterio,ilustracion_plana_color,327,350,,Openclipart,evelyne_rojas,9f0b52330237a23845d8af1a605851285874d4e1
evelyne_rojas_img_0579,img_580.jpg,fantasmas_y_misterio,ilustracion_plana_color,347,350,,Openclipart,evelyne_rojas,02e07c64dfc420908477cb23b1d181c144a4fddf
evelyne_rojas_img_0580,img_581.jpg,fantasmas_y_misterio,ilustracion_plana_color,170,350,,Openclipart,evelyne_rojas,1955e411423171b21daaa27473223cf930933f56
evelyne_rojas_img_0581,img_582.jpg,fantasmas_y_misterio,ilustracion_plana_color,254,350,,Openclipart,evelyne_rojas,9237156c4a83a1e15823a358d9d493613744efc2
evelyne_rojas_img_0582,img_583.jpg,fantasmas_y_misterio,ilustracion_plana_color,350,350,,Openclipart,evelyne_rojas,0d8b4f35609bd809b1df860ca1210c92d555e8b9
evelyne_rojas_img_0583,img_584.jpg,fantasmas_y_misterio,ilustracion_plana_color,350,350,,Openclipart,evelyne_rojas,999ef20b8b3f18095aec423a84ac4504b301a7e8
evelyne_rojas_img_0584,img_585.jpg,fantasmas_y_misterio,ilustracion_plana_color,287,350,,Openclipart,evelyne_rojas,5b8659c9c57279a593a8811ec5d2f73a91c383ed
evelyne_rojas_img_0585,img_586.jpg,fantasmas_y_misterio,ilustracion_plana_color,225,350,,Openclipart,evelyne_rojas,e4cb0485c735ff5a27441688a75c6ce453f57751
evelyne_rojas_img_0586,img_587.jpg,fantasmas_y_misterio,ilustracion_plana_color,350,350,,Openclipart,evelyne_rojas,5887ba76f80163c96f893bee044e7f897e844ac4
evelyne_rojas_img_0587,img_588.jpg,fantasmas_y_misterio,ilustracion_plana_color,350,350,,Openclipart,evelyne_rojas,88cc141e81cbb8a34466d76a8bbe9a7e83f40caa
evelyne_rojas_img_0588,img_589.jpg,fantasmas_y_misterio,ilustracion_plana_color,174,350,,Openclipart,evelyne_rojas,45a4709f7e4894e5bfa4c6cc68d500f839829ab7
evelyne_rojas_img_0589,img_590.jpg,fantasmas_y_misterio,ilustracion_plana_color,229,350,,Openclipart,evelyne_rojas,7a145fc0bb6ba1bbe669bd9ce751c856ebc37967
evelyne_rojas_img_0590,img_591.jpg,fantasmas_y_misterio,ilustracion_plana_color,218,350,,Openclipart,evelyne_rojas,4f0916ead42bf8b491ab6fb72f62a69652986f6a
evelyne_rojas_img_0591,img_592.jpg,fantasmas_y_misterio,ilustracion_plana_color,291,350,,Openclipart,evelyne_rojas,f7144f38896c64b93f7e1741020bf1ff58b5fee4
evelyne_rojas_img_0592,img_593.jpg,fantasmas_y_misterio,ilustracion_plana_color,180,350,,Openclipart,evelyne_rojas,8315c12925bb924e29a908d797cf45c5dc2e0293
evelyne_rojas_img_0593,img_594.jpg,fantasmas_y_misterio,ilustracion_plana_color,270,350,,Openclipart,evelyne_rojas,c3af053a9f1953475eb82ec96f5aed8750318cbf
evelyne_rojas_img_0594,img_595.jpg,fantasmas_y_misterio,ilustracion_plana_color,350,350,,Openclipart,evelyne_rojas,5db9dfcee317139441c9ff9c97d068e308339b94
evelyne_rojas_img_0595,img_596.jpg,fantasmas_y_misterio,ilustracion_plana_color,350,350,,Openclipart,evelyne_rojas,ac8a2fbe555b412f68b420a1eca73563d47eac21
evelyne_rojas_img_0596,img_597.jpg,fantasmas_y_misterio,ilustracion_plana_color,350,350,,Openclipart,evelyne_rojas,383a9080aef8f9eee5940e345cb3733a8caaf3c6
evelyne_rojas_img_0597,img_598.jpg,fantasmas_y_misterio,ilustracion_plana_color,350,350,,Openclipart,evelyne_rojas,5546b3de867afc860dd9b476e5c14c26dd6b4595
evelyne_rojas_img_0598,img_599.jpg,fantasmas_y_misterio,ilustracion_plana_color,339,350,,Openclipart,evelyne_rojas,0f9561b89661a4ceb8b4ee5a5e7e0a3129edc07a
evelyne_rojas_img_0599,img_600.jpg,fantasmas_y_misterio,ilustracion_plana_color,350,350,,Openclipart,evelyne_rojas,40b9f4e80ab9baa74e737308b5bef8e4f4538dd9
evelyne_rojas_img_0600,img_601.jpg,fantasmas_y_misterio,ilustracion_plana_color,434,350,,Openclipart,evelyne_rojas,5f68c4a2f733569c5050c07d7be67da41e7bd73d
evelyne_rojas_img_0601,img_602.jpg,fantasmas_y_misterio,ilustracion_plana_color,292,350,,Openclipart,evelyne_rojas,e7bf58d5acceacc13c4ff22ef1950f3300f811c2
evelyne_rojas_img_0602,img_603.jpg,fantasmas_y_misterio,ilustracion_plana_color,248,350,,Openclipart,evelyne_rojas,ca558b2237fafa7dd9ea760afbc0cff5b8a6708b
evelyne_rojas_img_0603,img_604.jpg,fantasmas_y_misterio,ilustracion_plana_color,350,350,,Openclipart,evelyne_rojas,173f5863684ccb042f128758dbf90be59c77de9f
evelyne_rojas_img_0604,img_605.jpg,fantasmas_y_misterio,ilustracion_plana_color,448,350,,Openclipart,evelyne_rojas,c22f28d503a3901ec87dfa30b237a8be4eb33a38
evelyne_rojas_img_0605,img_606.jpg,fantasmas_y_misterio,ilustracion_plana_color,350,350,,Openclipart,evelyne_rojas,c284aac4ec606ddcccb1bc6811ae1e06c3a7a35f
evelyne_rojas_img_0606,img_607.jpg,fantasmas_y_misterio,ilustracion_plana_color,350,350,,Openclipart,evelyne_rojas,2bf176580fe2d220100974178c5076a3423b5b4f
evelyne_rojas_img_0607,img_608.jpg,fantasmas_y_misterio,ilustracion_plana_color,350,350,,Openclipart,evelyne_rojas,b9873fec2e761ff028abe32d49de0a75f006fcc5
evelyne_rojas_img_0608,img_609.jpg,fantasmas_y_misterio,ilustracion_plana_color,350,350,,Openclipart,evelyne_rojas,f851ef95c6053ee31d2e9d87e21583f9739dc3bb
evelyne_rojas_img_0609,img_610.jpg,fantasmas_y_misterio,ilustracion_plana_color,350,350,,Openclipart,evelyne_rojas,534326487ce6cb6c2d6f4dc0f92fa68604f0c743
evelyne_rojas_img_0610,img_611.jpg,fantasmas_y_misterio,ilustracion_plana_color,350,350,,Openclipart,evelyne_rojas,b33091c56a72fc587924664125cfb1be1d51d2af
evelyne_rojas_img_0611,img_612.jpg,fantasmas_y_misterio,ilustracion_plana_color,350,350,,Openclipart,evelyne_rojas,a22be9321ce76db6bf73a6969581a99f312ded46
evelyne_rojas_img_0612,img_613.jpg,fantasmas_y_misterio,ilustracion_plana_color,350,350,,Openclipart,evelyne_rojas,0cafae00beafe08a033d0c89579448d434cb3004
evelyne_rojas_img_0613,img_614.jpg,fantasmas_y_misterio,ilustracion_plana_color,350,350,,Openclipart,evelyne_rojas,f74386ab81be34a4dae5996f0d8b5350f8c2dda9
evelyne_rojas_img_0614,img_615.jpg,fantasmas_y_misterio,ilustracion_plana_color,350,350,,Openclipart,evelyne_rojas,70ced70eed4330ea577cfbabdf33b68bd8a3794f
evelyne_rojas_img_0615,img_616.jpg,fantasmas_y_misterio,ilustracion_plana_color,191,350,,Openclipart,evelyne_rojas,3354d89d5d4c3e0fd439b73ff2e38823dd0c4621
evelyne_rojas_img_0616,img_617.jpg,fantasmas_y_misterio,ilustracion_plana_color,350,350,,Openclipart,evelyne_rojas,ba1cc5b9eb51bca867aa526e1b2e2529d6c7220c
evelyne_rojas_img_0617,img_618.jpg,fantasmas_y_misterio,ilustracion_plana_color,141,350,,Openclipart,evelyne_rojas,dea23d2e0ebcb021d3ed5798f00b28eb1f5ce218
evelyne_rojas_img_0618,img_619.jpg,fantasmas_y_misterio,ilustracion_plana_color,350,350,,Openclipart,evelyne_rojas,b7102635837638dda0730fce0422de87c6fc0d37
evelyne_rojas_img_0619,img_620.jpg,fantasmas_y_misterio,ilustracion_plana_color,525,350,,Openclipart,evelyne_rojas,4ddbc9db4a43cf30584c6426b6c658ffa0606bd4
evelyne_rojas_img_0620,img_621.jpg,fantasmas_y_misterio,ilustracion_plana_color,261,350,,Openclipart,evelyne_rojas,26326c95a75bd22ff6cc5b3847f8a11ab8784fcb
evelyne_rojas_img_0621,img_622.jpg,fantasmas_y_misterio,ilustracion_plana_color,350,350,,Openclipart,evelyne_rojas,2446c499cd43071300f61a9158c4406e29ff530e
evelyne_rojas_img_0622,img_623.jpg,fantasmas_y_misterio,ilustracion_plana_color,498,350,,Openclipart,evelyne_rojas,d7709cef3c71d10f69f157f8b970ab68dacb127b
evelyne_rojas_img_0623,img_624.jpg,fantasmas_y_misterio,ilustracion_plana_color,350,350,,Openclipart,evelyne_rojas,0170dcdb9f2958758c6ae8f3261f0265823da083
evelyne_rojas_img_0624,img_625.jpg,fantasmas_y_misterio,ilustracion_plana_color,350,350,,Openclipart,evelyne_rojas,b8dd3c67f4bdc1bdfb932a543c55f9d3e6aadb9c
evelyne_rojas_img_0625,img_626.jpg,fantasmas_y_misterio,ilustracion_plana_color,222,350,,Openclipart,evelyne_rojas,5b77a61d3edff73a6ff56fc389d9c19b4c4eb2c9
evelyne_rojas_img_0626,img_627.jpg,fantasmas_y_misterio,ilustracion_plana_color,412,350,,Openclipart,evelyne_rojas,571aae1388deefe9bcb5cffe963f9852cae1d65e
evelyne_rojas_img_0627,img_628.jpg,fantasmas_y_misterio,ilustracion_plana_color,350,350,,Openclipart,evelyne_rojas,f5e4b18fdb60713ee0a9dbb640aaa3fffe8a8dcf
evelyne_rojas_img_0628,img_629.jpg,fantasmas_y_misterio,ilustracion_plana_color,380,350,,Openclipart,evelyne_rojas,5a623f4c1d7babac1f3b72d7ed140d433a9cabf9
evelyne_rojas_img_0629,img_630.jpg,fantasmas_y_misterio,ilustracion_plana_color,350,350,,Openclipart,evelyne_rojas,0d7b5c44bd84c6132932bd410fca1413ce1012dd
evelyne_rojas_img_0630,img_631.jpg,fantasmas_y_misterio,ilustracion_plana_color,350,350,,Openclipart,evelyne_rojas,07a31a43c3cfb8d2c35f75a41589992a2754ada4
evelyne_rojas_img_0631,img_632.jpg,fantasmas_y_misterio,ilustracion_plana_color,525,350,,Openclipart,evelyne_rojas,a94a58ceee1d95d79b2e59448d55c71d169387fb
evelyne_rojas_img_0632,img_633.jpg,fantasmas_y_misterio,ilustracion_plana_color,350,350,,Openclipart,evelyne_rojas,8bdc93c71b5d3deff61189050e11e1f22930dc45
evelyne_rojas_img_0633,img_634.jpg,fantasmas_y_misterio,ilustracion_plana_color,210,350,,Openclipart,evelyne_rojas,b235225a8210b4b69a8b0889849626030952ec95
evelyne_rojas_img_0634,img_635.jpg,fantasmas_y_misterio,ilustracion_plana_color,438,350,,Openclipart,evelyne_rojas,862ed014e38f72f58589d4bcdd61fb22cb52cf78
evelyne_rojas_img_0635,img_636.jpg,fantasmas_y_misterio,ilustracion_plana_color,392,350,,Openclipart,evelyne_rojas,a5c8bd06b11ec8ace24e8d75de989b47ad267320
evelyne_rojas_img_0636,img_637.jpg,fantasmas_y_misterio,ilustracion_plana_color,498,350,,Openclipart,evelyne_rojas,40458eb59b3c36219f6f88ac06a86846a866d6cf
evelyne_rojas_img_0637,img_638.jpg,fantasmas_y_misterio,ilustracion_plana_color,350,350,,Openclipart,evelyne_rojas,552efb58e514b8edfdf2e702baa979cb4d7bc946
evelyne_rojas_img_0638,img_639.jpg,fantasmas_y_misterio,ilustracion_plana_color,350,350,,Openclipart,evelyne_rojas,b244dba8ad8c11013fa7b045cd5684104cea6442
evelyne_rojas_img_0639,img_640.jpg,fantasmas_y_misterio,ilustracion_plana_color,180,350,,Openclipart,evelyne_rojas,dbbde46410cedaed64ce6aa76c8c494cd67318f5
evelyne_rojas_img_0640,img_641.jpg,fantasmas_y_misterio,ilustracion_plana_color,210,350,,Openclipart,evelyne_rojas,108a6f62191b9a1879d3205fa591a2127ee06588
evelyne_rojas_img_0641,img_642.jpg,fantasmas_y_misterio,ilustracion_plana_color,365,350,,Openclipart,evelyne_rojas,6c05fb360226b32e89a376e8d5f04a153e226ae4
evelyne_rojas_img_0642,img_643.jpg,fantasmas_y_misterio,ilustracion_plana_color,280,350,,Openclipart,evelyne_rojas,8536e77fe47691b6cf16981b0fe5710a56aee32b
evelyne_rojas_img_0643,img_644.jpg,fantasmas_y_misterio,ilustracion_plana_color,438,350,,Openclipart,evelyne_rojas,1707ecc951d45df6741e277f1734e0185fca9c77
evelyne_rojas_img_0644,img_645.jpg,fantasmas_y_misterio,ilustracion_plana_color,350,350,,Openclipart,evelyne_rojas,9e703fba8e04a3fddac99b1ab14188ad521691b0
evelyne_rojas_img_0645,img_646.jpg,fantasmas_y_misterio,ilustracion_plana_color,350,350,,Openclipart,evelyne_rojas,5e7112419053b7f50d8335fe97664817661a9c1e
evelyne_rojas_img_0646,img_647.jpg,fantasmas_y_misterio,ilustracion_plana_color,350,350,,Openclipart,evelyne_rojas,beda7f37cd59fa5791f53cdeeb229049894b62b9
evelyne_rojas_img_0647,img_648.jpg,fantasmas_y_misterio,ilustracion_plana_color,356,350,,Openclipart,evelyne_rojas,b075a1869ca2edfc25a5d23341bb88d4bc3ad10d
evelyne_rojas_img_0648,img_649.jpg,fantasmas_y_misterio,ilustracion_plana_color,525,350,,Openclipart,evelyne_rojas,02dc679db2635776c90e3b778d5e4244f1832341
evelyne_rojas_img_0649,img_650.jpg,fantasmas_y_misterio,ilustracion_plana_color,350,350,,Openclipart,evelyne_rojas,dce32511c01817dd9025de48ea399dc6fbe6c4dc
evelyne_rojas_img_0650,img_651.jpg,fantasmas_y_misterio,ilustracion_plana_color,350,350,,Openclipart,evelyne_rojas,c084a6158f4645708bf867f6f0d297005843561a
evelyne_rojas_img_0651,img_652.jpg,fantasmas_y_misterio,ilustracion_plana_color,285,350,,Openclipart,evelyne_rojas,03cea2715b054214c3f3a58cf96d4f56783a4a4b
evelyne_rojas_img_0652,img_653.jpg,fantasmas_y_misterio,ilustracion_plana_color,550,350,,Openclipart,evelyne_rojas,08606d03a458735b11350b95a9c7a99a8ca85d23
evelyne_rojas_img_0653,img_654.jpg,fantasmas_y_misterio,ilustracion_plana_color,350,350,,Openclipart,evelyne_rojas,98296061d4cde0aaf51557e58f25064a9ebff212
evelyne_rojas_img_0654,img_655.jpg,fantasmas_y_misterio,ilustracion_plana_color,145,350,,Openclipart,evelyne_rojas,7bca94f59bb3fd1181ccbdc70cd4acf263e4d1a4
evelyne_rojas_img_0656,img_657.jpg,fantasmas_y_misterio,ilustracion_plana_color,175,350,,Openclipart,evelyne_rojas,ed2a4a8acedb25a52809b56594c755c60badf4da
evelyne_rojas_img_0657,img_658.jpg,fantasmas_y_misterio,ilustracion_plana_color,350,350,,Openclipart,evelyne_rojas,e29ba5423476aa1b129bd1fda829a963e8de3800
evelyne_rojas_img_0658,img_659.jpg,fantasmas_y_misterio,ilustracion_plana_color,343,350,,Openclipart,evelyne_rojas,27f2baed88dd739cb95d07614c015f9fccb0760f
evelyne_rojas_img_0659,img_660.jpg,fantasmas_y_misterio,ilustracion_plana_color,350,350,,Openclipart,evelyne_rojas,9e7c791a3db924c00ebdd04ea0e8bca5eb17cab4
evelyne_rojas_img_0660,img_661.jpg,fantasmas_y_misterio,ilustracion_plana_color,243,350,,Openclipart,evelyne_rojas,724c0dd8ea5ee088931773867f2cdf64dc14efb1
evelyne_rojas_img_0661,img_662.jpg,fantasmas_y_misterio,ilustracion_plana_color,350,350,,Openclipart,evelyne_rojas,6d66d1870b5a064e067ef8ff278fe9bca4c15eba
evelyne_rojas_img_0662,img_663.jpg,fantasmas_y_misterio,ilustracion_plana_color,188,350,,Openclipart,evelyne_rojas,86fd7345e9b91f0a0d6811e8e7d6e00a03b3a2d9
evelyne_rojas_img_0663,img_664.jpg,fantasmas_y_misterio,ilustracion_plana_color,481,350,,Openclipart,evelyne_rojas,deb3796b6a789d9def966a79ef37de604f38db84
evelyne_rojas_img_0664,img_665.jpg,fantasmas_y_misterio,ilustracion_plana_color,350,350,,Openclipart,evelyne_rojas,a6b5096175288305a162dd15d07e42d1fedfdc35
evelyne_rojas_img_0665,img_666.jpg,fantasmas_y_misterio,ilustracion_plana_color,250,350,,Openclipart,evelyne_rojas,a45118cd9b06e8ce40782973b0ddb6e2def3c9a3
evelyne_rojas_img_0666,img_667.jpg,fantasmas_y_misterio,ilustracion_plana_color,350,350,,Openclipart,evelyne_rojas,c976ba0cdd81abd05eb7e66cdf742253f648ce1f
evelyne_rojas_img_0667,img_668.jpg,fantasmas_y_misterio,ilustracion_plana_color,350,350,,Openclipart,evelyne_rojas,7cf349b7cc388c3ae87b06f2391e06b0bb942afe
evelyne_rojas_img_0668,img_669.jpg,fantasmas_y_misterio,ilustracion_plana_color,209,350,,Openclipart,evelyne_rojas,09625c5effc4c011338eef2e61e0e04e90f56db0
evelyne_rojas_img_0669,img_670.jpg,fantasmas_y_misterio,ilustracion_plana_color,350,350,,Openclipart,evelyne_rojas,5ff7b302eaee02fd2dc2444733431d6c13947667
evelyne_rojas_img_0670,img_671.jpg,fantasmas_y_misterio,ilustracion_plana_color,350,350,,Openclipart,evelyne_rojas,0590522f480313c1054ae63b68d5d483ea8d4a7a
evelyne_rojas_img_0671,img_672.jpg,fantasmas_y_misterio,ilustracion_plana_color,248,350,,Openclipart,evelyne_rojas,68359327c30058103fbc503fe33dfdbc475cfef7
evelyne_rojas_img_0672,img_673.jpg,fantasmas_y_misterio,ilustracion_plana_color,350,350,,Openclipart,evelyne_rojas,24305c9c637c5052fb83b2f42500cb0cdbf88bd1
evelyne_rojas_img_0673,img_674.jpg,fantasmas_y_misterio,ilustracion_plana_color,350,350,,Openclipart,evelyne_rojas,ce96e794f6f1367d95df3bfdde250c52a55e929a
evelyne_rojas_img_0674,img_675.jpg,fantasmas_y_misterio,ilustracion_plana_color,208,350,,Openclipart,evelyne_rojas,ec5843b9298da29a61cd0573858675050b6d041b
evelyne_rojas_img_0675,img_676.jpg,fantasmas_y_misterio,ilustracion_plana_color,192,350,,Openclipart,evelyne_rojas,53a3d55fb616abf6e1c5cb184ccc702bd54840b2
evelyne_rojas_img_0676,img_677.jpg,fantasmas_y_misterio,ilustracion_plana_color,302,350,,Openclipart,evelyne_rojas,c7824838c386396c6fe3c15919754a9a45c3e3ca
evelyne_rojas_img_0677,img_678.jpg,fantasmas_y_misterio,ilustracion_plana_color,350,350,,Openclipart,evelyne_rojas,5383ebf2836992b74563ae2ccc312848b049f9a3
evelyne_rojas_img_0678,img_679.jpg,fantasmas_y_misterio,ilustracion_plana_color,180,350,,Openclipart,evelyne_rojas,cedf7e32a9b8c1887ff0bf46d86161b557e40c42
evelyne_rojas_img_0679,img_680.jpg,fantasmas_y_misterio,ilustracion_plana_color,305,350,,Openclipart,evelyne_rojas,af3f5f0b36756dd83072e1aaf15bdb05902d6bb0
evelyne_rojas_img_0680,img_681.jpg,fantasmas_y_misterio,ilustracion_plana_color,386,350,,Openclipart,evelyne_rojas,30e6eca785bb123e73063de437d0daf30375f76f
evelyne_rojas_img_0681,img_682.jpg,fantasmas_y_misterio,ilustracion_plana_color,350,350,,Openclipart,evelyne_rojas,e1ddb24ed2394a3b80927806387efce17f0356b0
evelyne_rojas_img_0682,img_683.jpg,fantasmas_y_misterio,ilustracion_plana_color,524,350,,Openclipart,evelyne_rojas,e49078866e1d3514b5593e87ca1fac4e52b8fe42
evelyne_rojas_img_0683,img_684.jpg,fantasmas_y_misterio,ilustracion_plana_color,276,350,,Openclipart,evelyne_rojas,1746dc5288340f2338ba7a93bab5a0ed3186f2f8
evelyne_rojas_img_0684,img_685.jpg,fantasmas_y_misterio,ilustracion_plana_color,227,350,,Openclipart,evelyne_rojas,245d1752b56d2b57f23203ae989354b9fa3114ec
evelyne_rojas_img_0685,img_686.jpg,fantasmas_y_misterio,ilustracion_plana_color,160,350,,Openclipart,evelyne_rojas,65ee140c3017a713907e53d60236a60a7cc23be4
evelyne_rojas_img_0686,img_687.jpg,fantasmas_y_misterio,ilustracion_plana_color,327,350,,Openclipart,evelyne_rojas,d52d1609552c6b55b25eb6964c06eddb89a8ba91
evelyne_rojas_img_0687,img_688.jpg,fantasmas_y_misterio,ilustracion_plana_color,350,350,,Openclipart,evelyne_rojas,821219f0f31880ae9a4c62caad28a390f2e077f9
evelyne_rojas_img_0688,img_689.jpg,fantasmas_y_misterio,ilustracion_plana_color,550,350,,Openclipart,evelyne_rojas,2589e9f904aeb80b8015272231d08486d1e4cf10
evelyne_rojas_img_0689,img_690.jpg,fantasmas_y_misterio,ilustracion_plana_color,328,350,,Openclipart,evelyne_rojas,b318d1b119d0e3d4ea6d755a5fb21420b871ac82
evelyne_rojas_img_0690,img_691.jpg,fantasmas_y_misterio,ilustracion_plana_color,193,350,,Openclipart,evelyne_rojas,970e051ea955a72b13e695438909d8c561e24ee9
evelyne_rojas_img_0691,img_692.jpg,fantasmas_y_misterio,ilustracion_plana_color,350,350,,Openclipart,evelyne_rojas,29a6b4c19c78158e14cb21854bbf02ab1b36ce17
evelyne_rojas_img_0692,img_693.jpg,fantasmas_y_misterio,ilustracion_plana_color,350,350,,Openclipart,evelyne_rojas,117931faf82c59eeab02f83949773a337e5d881d
evelyne_rojas_img_0693,img_694.jpg,fantasmas_y_misterio,ilustracion_plana_color,222,350,,Openclipart,evelyne_rojas,b31783f504bcfeddbefb652620b8388bcbc3d4fb
evelyne_rojas_img_0694,img_695.jpg,fantasmas_y_misterio,ilustracion_plana_color,265,350,,Openclipart,evelyne_rojas,545b5b7227edbb6d99073d48794b0b4197ad34ac
evelyne_rojas_img_0695,img_696.jpg,fantasmas_y_misterio,ilustracion_plana_color,409,350,,Openclipart,evelyne_rojas,27be8b68da19e9bc7e9f66cf874394459f07d3bc
evelyne_rojas_img_0696,img_697.jpg,fantasmas_y_misterio,ilustracion_plana_color,234,350,,Openclipart,evelyne_rojas,098e675e5991849080bb97d13a94e1cfcf9b0960
evelyne_rojas_img_0697,img_698.jpg,fantasmas_y_misterio,ilustracion_plana_color,350,350,,Openclipart,evelyne_rojas,d8bbab5f63c961d333cdd09d05dc0f02681bed45
evelyne_rojas_img_0698,img_699.jpg,fantasmas_y_misterio,ilustracion_plana_color,350,350,,Openclipart,evelyne_rojas,9392a0dffe77d33f7e77ce1cb09c972bd795e860
evelyne_rojas_img_0699,img_700.jpg,fantasmas_y_misterio,ilustracion_plana_color,353,350,,Openclipart,evelyne_rojas,b9a9762542953603d9bccae674f55f96ef9f42f7
evelyne_rojas_img_0700,img_701.jpg,fantasmas_y_misterio,ilustracion_plana_color,500,350,,Openclipart,evelyne_rojas,3ad1cacef34ae78685ad16805c3e47845703b4ee
evelyne_rojas_img_0701,img_702.jpg,fantasmas_y_misterio,ilustracion_plana_color,500,350,,Openclipart,evelyne_rojas,bdb4831f7928a539ef02b047197d4e71a6093ed5
evelyne_rojas_img_0702,img_703.jpg,fantasmas_y_misterio,ilustracion_plana_color,500,350,,Openclipart,evelyne_rojas,6c6559d4f1a9238357b40fe52e521806c2f9efb8
evelyne_rojas_img_0703,img_704.jpg,fantasmas_y_misterio,ilustracion_plana_color,466,350,,Openclipart,evelyne_rojas,0a26694dabaacfdc04459a7c62f3dcbd81fda8bf
evelyne_rojas_img_0704,img_705.jpg,fantasmas_y_misterio,ilustracion_plana_color,500,350,,Openclipart,evelyne_rojas,4b8bba0b7565792324e7f030671c6637d46598a1
evelyne_rojas_img_0705,img_706.jpg,fantasmas_y_misterio,ilustracion_plana_color,350,350,,Openclipart,evelyne_rojas,526f1f6f675fcdd5bdbf549be4144bcc4bd21ca4
evelyne_rojas_img_0706,img_707.jpg,fantasmas_y_misterio,ilustracion_plana_color,500,350,,Openclipart,evelyne_rojas,0c2316d412b677b4c46103fae174ba8183c99490
evelyne_rojas_img_0707,img_708.jpg,fantasmas_y_misterio,ilustracion_plana_color,417,350,,Openclipart,evelyne_rojas,041c8466b52c5804273ff9528d5268135cbe21d1
evelyne_rojas_img_0708,img_709.jpg,fantasmas_y_misterio,ilustracion_plana_color,350,350,,Openclipart,evelyne_rojas,1d51aaed0f281b5a80efd98abe1acc5783e4c5a1
evelyne_rojas_img_0709,img_710.jpg,fantasmas_y_misterio,ilustracion_plana_color,242,350,,Openclipart,evelyne_rojas,11897ab74a6ed5fbce8e587e3557277f4ca471b5
evelyne_rojas_img_0710,img_711.jpg,fantasmas_y_misterio,ilustracion_plana_color,276,350,,Openclipart,evelyne_rojas,fd7cf09b12e6ed819d9b7b8ec501389ce60b37a5
evelyne_rojas_img_0711,img_712.jpg,fantasmas_y_misterio,ilustracion_plana_color,584,350,,Openclipart,evelyne_rojas,41520ef1898785e65ecbc34c474af0958eb15daa
evelyne_rojas_img_0712,img_713.jpg,fantasmas_y_misterio,ilustracion_plana_color,525,350,,Openclipart,evelyne_rojas,92930847bb6bec44f49c81a56cd4051a93552792
evelyne_rojas_img_0713,img_714.jpg,fantasmas_y_misterio,ilustracion_plana_color,350,350,,Openclipart,evelyne_rojas,c0f4cc5d506908c731b59031c5bd5cf1a8163bb3
evelyne_rojas_img_0714,img_715.jpg,fantasmas_y_misterio,ilustracion_plana_color,193,350,,Openclipart,evelyne_rojas,870b0efb3ad982c767293c11501863e5be9d3687
evelyne_rojas_img_0715,img_716.jpg,fantasmas_y_misterio,ilustracion_plana_color,249,350,,Openclipart,evelyne_rojas,95441680c7239100b544069ec23dbc1abfd82b79
evelyne_rojas_img_0716,img_717.jpg,fantasmas_y_misterio,ilustracion_plana_color,286,350,,Openclipart,evelyne_rojas,00f2956baa6a63c223ffaa937f699a902a364032
evelyne_rojas_img_0717,img_718.jpg,fantasmas_y_misterio,ilustracion_plana_color,350,350,,Openclipart,evelyne_rojas,63fcfc7923634ddca961d0f9a717462979c93ca1
evelyne_rojas_img_0718,img_719.jpg,fantasmas_y_misterio,ilustracion_plana_color,622,350,,Openclipart,evelyne_rojas,5dd3b877792c7edf61d2582def4cad9d797d5860
evelyne_rojas_img_0719,img_720.jpg,fantasmas_y_misterio,ilustracion_plana_color,350,350,,Openclipart,evelyne_rojas,a3fb0ede372590fc80bffdd11e4313bc1f1ff6bc
evelyne_rojas_img_0720,img_721.jpg,fantasmas_y_misterio,ilustracion_plana_color,249,350,,Openclipart,evelyne_rojas,a9bb052b15bc5dc14381f51b2405d1f0cfe22330
evelyne_rojas_img_0721,img_722.jpg,fantasmas_y_misterio,ilustracion_plana_color,350,350,,Openclipart,evelyne_rojas,50c08119bec01859902e872d1ffd1b92c3291cff
evelyne_rojas_img_0722,img_723.jpg,fantasmas_y_misterio,ilustracion_plana_color,350,350,,Openclipart,evelyne_rojas,408de4e6f73700a8e853e395793108277c1aa68f
evelyne_rojas_img_0723,img_724.jpg,fantasmas_y_misterio,ilustracion_plana_color,350,350,,Openclipart,evelyne_rojas,ed95f4c7bbb6551741d929523713cbaf54e390bd
evelyne_rojas_img_0724,img_725.jpg,fantasmas_y_misterio,ilustracion_plana_color,343,350,,Openclipart,evelyne_rojas,ababb66e2c5f3a180a52206a1eb3c26f93a59d37
evelyne_rojas_img_0725,img_726.jpg,fantasmas_y_misterio,ilustracion_plana_color,1200,1200,,Openclipart,evelyne_rojas,948031f1ebade4a6363baf43763726fd5ebbc812
evelyne_rojas_img_0726,img_727.jpg,fantasmas_y_misterio,ilustracion_plana_color,533,350,,Openclipart,evelyne_rojas,f8e32e93e13a55ae1bdf0ca23331092dd54fc79b
evelyne_rojas_img_0727,img_728.jpg,fantasmas_y_misterio,ilustracion_plana_color,350,350,,Openclipart,evelyne_rojas,ed22b13050d13a81ace0ba4fa5e902d95302f2d2
evelyne_rojas_img_0728,img_729.jpg,fantasmas_y_misterio,ilustracion_plana_color,350,350,,Openclipart,evelyne_rojas,2ae767474881829454618dd5a9e11d0a7c61634f
evelyne_rojas_img_0729,img_730.jpg,fantasmas_y_misterio,ilustracion_plana_color,409,350,,Openclipart,evelyne_rojas,42514ca4ef4918f4f996d043bbecab2d8bb1d15b
evelyne_rojas_img_0730,img_731.jpg,fantasmas_y_misterio,ilustracion_plana_color,240,350,,Openclipart,evelyne_rojas,7c7b52c988f457d57943b9e23f5f2bd5bfbc4c14
evelyne_rojas_img_0731,img_732.jpg,fantasmas_y_misterio,ilustracion_plana_color,363,350,,Openclipart,evelyne_rojas,c56c30af425c53c17a2c750cfc48e2cbf416346e
evelyne_rojas_img_0732,img_733.jpg,fantasmas_y_misterio,ilustracion_plana_color,350,350,,Openclipart,evelyne_rojas,ec91a81e6aa751b363cf522c455058021252b86b
evelyne_rojas_img_0733,img_734.jpg,fantasmas_y_misterio,ilustracion_plana_color,525,350,,Openclipart,evelyne_rojas,b11b2ced2f26451570532d49b571cfcc65380c0c
evelyne_rojas_img_0734,img_735.jpg,fantasmas_y_misterio,ilustracion_plana_color,419,350,,Openclipart,evelyne_rojas,f02e49a0f7999a354a068491ce1511a21e3b1071
evelyne_rojas_img_0735,img_736.jpg,fantasmas_y_misterio,ilustracion_plana_color,350,350,,Openclipart,evelyne_rojas,dd2cf9db29ccd0bf0a3ba91427a12676cae1968a
evelyne_rojas_img_0736,img_737.jpg,fantasmas_y_misterio,ilustracion_plana_color,350,350,,Openclipart,evelyne_rojas,6be110eb151096e88f48579e918f157ed8420b4c
evelyne_rojas_img_0737,img_738.jpg,fantasmas_y_misterio,ilustracion_plana_color,350,350,,Openclipart,evelyne_rojas,93f4fee22803129485a2428c394b3a5c2e78e8d4
evelyne_rojas_img_0738,img_739.jpg,fantasmas_y_misterio,ilustracion_plana_color,525,350,,Openclipart,evelyne_rojas,05f9bdbd04a3ee066b7e6707d5e60583205a03da
evelyne_rojas_img_0739,img_740.jpg,fantasmas_y_misterio,ilustracion_plana_color,525,350,,Openclipart,evelyne_rojas,c08db1238577fc81465a2fedaea517e4bc98213f
evelyne_rojas_img_0740,img_741.jpg,fantasmas_y_misterio,ilustracion_plana_color,350,350,,Openclipart,evelyne_rojas,0aa2b6fed965dea402f100459ce0c83ab90c7bb8
evelyne_rojas_img_0741,img_742.jpg,fantasmas_y_misterio,ilustracion_plana_color,581,350,,Openclipart,evelyne_rojas,ef15e29c810689a3ad60c37672de0629e220365b
evelyne_rojas_img_0742,img_743.jpg,fantasmas_y_misterio,ilustracion_plana_color,350,350,,Openclipart,evelyne_rojas,572f10da9ca8b86908b68cbee181bb1696d0e0f3
evelyne_rojas_img_0743,img_744.jpg,fantasmas_y_misterio,ilustracion_plana_color,350,350,,Openclipart,evelyne_rojas,7e277ef79e49e4d920f481985c21cc1c3caf1a64
evelyne_rojas_img_0744,img_745.jpg,fantasmas_y_misterio,ilustracion_plana_color,525,350,,Openclipart,evelyne_rojas,a4a7fc8b5a47029209cfa087a3f2d3f645225581
evelyne_rojas_img_0745,img_746.jpg,fantasmas_y_misterio,ilustracion_plana_color,288,350,,Openclipart,evelyne_rojas,3d289f6df09bf0d7e7179d38bb1431cc2afdbe14
evelyne_rojas_img_0746,img_747.jpg,fantasmas_y_misterio,ilustracion_plana_color,350,350,,Openclipart,evelyne_rojas,b51fac2cadd5ed4237385141193d585bc2b5749d
evelyne_rojas_img_0747,img_748.jpg,fantasmas_y_misterio,ilustracion_plana_color,350,350,,Openclipart,evelyne_rojas,918719798826a18030be52930c7b96e95baf8d44
evelyne_rojas_img_0748,img_749.jpg,fantasmas_y_misterio,ilustracion_plana_color,350,350,,Openclipart,evelyne_rojas,c3e6571a6008e37daa69e0651b9b1c0fa3f3aee4
evelyne_rojas_img_0749,img_750.jpg,fantasmas_y_misterio,ilustracion_plana_color,467,350,,Openclipart,evelyne_rojas,26f4fb2ac995381977c090e4e7ed6164f51c63c8
evelyne_rojas_img_0750,img_751.png,fantasmas_y_misterio,ilustracion_plana_color,1280,1280,,Openclipart,evelyne_rojas,2566f08b8ca131fc7bef126a87c85c04e11b8a04
evelyne_rojas_img_0751,img_752.png,fantasmas_y_misterio,ilustracion_plana_color,1280,1280,,Openclipart,evelyne_rojas,ec3a249d96c20a16d6810528dd99614573b2e4e6
evelyne_rojas_img_0752,img_753.jpg,fantasmas_y_misterio,ilustracion_plana_color,467,350,,Openclipart,evelyne_rojas,296e60aa1f9298a22ba6de8cf8a100f6ab7ed439
evelyne_rojas_img_0754,img_755.jpg,fantasmas_y_misterio,ilustracion_plana_color,350,350,,Openclipart,evelyne_rojas,5ca2f5edfd760801f5d2989e25077ee390c07701
evelyne_rojas_img_0755,img_756.jpg,fantasmas_y_misterio,ilustracion_plana_color,350,350,,Openclipart,evelyne_rojas,367541fc33ea0bde81ff1f5146ac70bc286c802f
evelyne_rojas_img_0756,img_757.jpg,fantasmas_y_misterio,ilustracion_plana_color,350,350,,Openclipart,evelyne_rojas,1a71824cfe160b72cdb1f3d2d5bae2ca1931af2c
evelyne_rojas_img_0757,img_758.jpg,fantasmas_y_misterio,ilustracion_plana_color,350,350,,Openclipart,evelyne_rojas,3c58e5bd6a8537cb256113352f76a1a265b6b43b
evelyne_rojas_img_0758,img_759.jpg,fantasmas_y_misterio,ilustracion_plana_color,350,350,,Openclipart,evelyne_rojas,65e122845178da25d9d3e1329e0b9c50b68085b3
evelyne_rojas_img_0760,img_761.jpg,fantasmas_y_misterio,ilustracion_plana_color,377,350,,Openclipart,evelyne_rojas,604e14a7628c7e328c57cf19dcc276da45865c30
evelyne_rojas_img_0761,img_762.jpg,fantasmas_y_misterio,ilustracion_plana_color,350,350,,Openclipart,evelyne_rojas,1c060e6a29d2c2f8261f3c328006095735496fc5
evelyne_rojas_img_0763,img_764.jpg,fantasmas_y_misterio,ilustracion_plana_color,350,350,,Openclipart,evelyne_rojas,2ed06c0e0bc916c1c38c209a9344791e94ded99f
evelyne_rojas_img_0764,img_765.jpg,fantasmas_y_misterio,ilustracion_plana_color,213,350,,Openclipart,evelyne_rojas,e8236aa425267aef3c661fb82853ac38e874f53f
evelyne_rojas_img_0765,img_766.jpg,fantasmas_y_misterio,ilustracion_plana_color,280,350,,Openclipart,evelyne_rojas,888b4bfd9dabd622493c0d26a54dac25ca7cba15
evelyne_rojas_img_0767,img_768.jpg,fantasmas_y_misterio,ilustracion_plana_color,1400,350,,Openclipart,evelyne_rojas,10cd617909e60430c7b20b57f09683d4d8bcd1bb
evelyne_rojas_img_0768,img_769.jpg,fantasmas_y_misterio,ilustracion_plana_color,872,350,,Openclipart,evelyne_rojas,ddb6ce8f4b5a86ec18a02222dae11786c45c7fa9
evelyne_rojas_img_0770,img_771.jpg,fantasmas_y_misterio,ilustracion_plana_color,245,350,,Openclipart,evelyne_rojas,fbaf8101e0cfcb0280d3f02384263c8fbebe9a10
evelyne_rojas_img_0771,img_772.jpg,fantasmas_y_misterio,ilustracion_plana_color,500,350,,Openclipart,evelyne_rojas,504024f9444f3b27da7f1960b2ee76e746636331
evelyne_rojas_img_0776,img_777.jpg,fantasmas_y_misterio,ilustracion_plana_color,1280,720,,Openclipart,evelyne_rojas,744dc20f256b37409aaf7809a8ae0058a9df7720
evelyne_rojas_img_0777,img_778.jpg,fantasmas_y_misterio,ilustracion_plana_color,3000,2000,,Openclipart,evelyne_rojas,c30c7c734bfef04c0cf1eb2813ac252f9b9c3805
evelyne_rojas_img_0778,img_779.jpg,fantasmas_y_misterio,ilustracion_plana_color,1300,1390,,Openclipart,evelyne_rojas,8d40ee529f69fc877b63f205d4af2d38cb018176
evelyne_rojas_img_0779,img_780.png,fantasmas_y_misterio,ilustracion_plana_color,1200,1200,,Openclipart,evelyne_rojas,44becbe604055bad94ab85e6a8b670c5e2e20d5d
evelyne_rojas_img_0780,img_781.png,fantasmas_y_misterio,ilustracion_plana_color,1200,1200,,Openclipart,evelyne_rojas,194d382fa272066ecc4d5c7572691a35d7ca7d5c
evelyne_rojas_img_0781,img_782.jpg,fantasmas_y_misterio,ilustracion_plana_color,800,800,,Openclipart,evelyne_rojas,56f4101248a2f6ccf2d1e9c004994e59c024b38c
evelyne_rojas_img_0782,img_783.jpg,fantasmas_y_misterio,ilustracion_plana_color,1920,1920,,Openclipart,evelyne_rojas,7f237c7348ec5e03091507c8fefb948153e7ae0b
evelyne_rojas_img_0783,img_784.jpg,fantasmas_y_misterio,ilustracion_plana_color,1300,1390,,Openclipart,evelyne_rojas,81d4e96e481a6629be807900004aa8ce59257d79
evelyne_rojas_img_0784,img_785.png,fantasmas_y_misterio,ilustracion_plana_color,1024,1024,,Openclipart,evelyne_rojas,b7562cd4fab824518a5beb3822dff730b2c5407a
evelyne_rojas_img_0785,img_786.jpg,fantasmas_y_misterio,ilustracion_plana_color,1300,1390,,Openclipart,evelyne_rojas,5a5e292c8fa61111b0160d5a274f91b20f781052
evelyne_rojas_img_0786,img_787.jpg,fantasmas_y_misterio,ilustracion_plana_color,1000,800,,Openclipart,evelyne_rojas,f64d32279ad013f4e78f6d411ac1aeb5d953d070
evelyne_rojas_img_0787,img_788.jpg,fantasmas_y_misterio,ilustracion_plana_color,800,800,,Openclipart,evelyne_rojas,3df55d080a64d9b218bb452d9b9290af7aac88b5
evelyne_rojas_img_0788,img_789.png,fantasmas_y_misterio,ilustracion_plana_color,1144,1280,,Openclipart,evelyne_rojas,75d27b7d810d4d1a614f658a5fdb7c77a85cf4d8
evelyne_rojas_img_0789,img_790.jpg,fantasmas_y_misterio,ilustracion_plana_color,1771,1920,,Openclipart,evelyne_rojas,ec572ae6afdeb551d439d2f20909eaaab4b55282
evelyne_rojas_img_0790,img_791.png,fantasmas_y_misterio,ilustracion_plana_color,1200,1200,,Openclipart,evelyne_rojas,16f320d60e74ee6417df31ec1eba84e906c1028e
evelyne_rojas_img_0791,img_792.png,fantasmas_y_misterio,ilustracion_plana_color,4317,4012,,Openclipart,evelyne_rojas,80e9503647988467094fad3bb1f7d9ff22927714
evelyne_rojas_img_0792,img_793.png,fantasmas_y_misterio,ilustracion_plana_color,1200,1200,,Openclipart,evelyne_rojas,151287f609420dd084c7904295f9d3998f65d038
evelyne_rojas_img_0793,img_794.jpg,fantasmas_y_misterio,ilustracion_plana_color,1470,980,,Openclipart,evelyne_rojas,076299c5047f2eedd8af46ce45754b9a2153cd12
evelyne_rojas_img_0794,img_795.jpg,fantasmas_y_misterio,ilustracion_plana_color,1000,916,,Openclipart,evelyne_rojas,915d022bf6c038fa632b60a9da8d0c7023657411
evelyne_rojas_img_0796,img_797.jpg,fantasmas_y_misterio,ilustracion_plana_color,600,800,,Openclipart,evelyne_rojas,b971cf0bda8aa1ea0ba20c9649824ae02c966d85
evelyne_rojas_img_0797,img_798.jpg,fantasmas_y_misterio,ilustracion_plana_color,1000,998,,Openclipart,evelyne_rojas,b66bc7e979aa83f7c9f96d226a4fc6dced2f9447
evelyne_rojas_img_0798,img_799.png,fantasmas_y_misterio,ilustracion_plana_color,1200,1200,,Openclipart,evelyne_rojas,5bbaf97f525688e846c9a117c4bcea106d998962
evelyne_rojas_img_0799,img_800.jpg,fantasmas_y_misterio,ilustracion_plana_color,790,800,,Openclipart,evelyne_rojas,9c303aee6458e285e7730be3297ebbecf085c997
