id,archivo,tematica,estilo,ancho,alto,descripcion,fuente,recolector,hash_imagen
fernanda_garcia_img_0001,img_0001.jpg,monstruos_y_criaturas,ilustracion_plana_color,640,640,"monster, tree, illustration, nature, child, clipart, graphics, cartoon caricatura plana",Pixabay,fernanda_garcia,dddfa6d7f2bb032fa330db7f58c598c807c4c155
fernanda_garcia_img_0002,img_0002.png,monstruos_y_criaturas,ilustracion_plana_color,640,640,"sea dragon, ocean, nature, fantasy, sea monster, mythical creature, waves, water caricatura plana",Pixabay,fernanda_garcia,10586f4da29c83e495e27afedd85a97c0f0d1cc4
fernanda_garcia_img_0003,img_0003.jpg,monstruos_y_criaturas,ilustracion_plana_color,640,640,"graduation, monster, cute, child, cartoon, clipart, media classes, bogey, bright caricatura plana",Pixabay,fernanda_garcia,6ad05ea9286c64c765da1e2b79c59ccdf6c67298
fernanda_garcia_img_0004,img_0004.jpg,monstruos_y_criaturas,ilustracion_plana_color,640,640,"graduation, monster, cute, child, cartoon, clipart, media classes, bogey, bright caricatura plana",Pixabay,fernanda_garcia,9c94d7ddbe5291aa8500a7ed672e38205767839b
fernanda_garcia_img_0005,img_0005.png,monstruos_y_criaturas,ilustracion_plana_color,494,640,"colorful, monster, clipart, nature, graphic, blue monster, cute, adorable, trans caricatura plana",Pixabay,fernanda_garcia,247d979bf34de402ccc6aaaca6e4832c2df605d8
fernanda_garcia_img_0006,img_0006.png,monstruos_y_criaturas,ilustracion_plana_color,640,640,"zombie, cartoon, halloween, scary, undead, horror, monster, corpse, creepy, art, caricatura plana",Pixabay,fernanda_garcia,237add3fecf34b774bb954e66c01f336680d3c8f
fernanda_garcia_img_0007,img_0007.png,monstruos_y_criaturas,ilustracion_plana_color,640,640,"dinosaur, creation, monster, animal, gray, watercolor, nature, clipart, transpar caricatura plana",Pixabay,fernanda_garcia,0f455ebae541dfeaadb2012aed5b966b3b73d21f
fernanda_garcia_img_0008,img_0008.png,monstruos_y_criaturas,ilustracion_plana_color,640,640,"cute monster, cartoon monster, big eyes, funny monster, adorable character, mons caricatura plana",Pixabay,fernanda_garcia,a5cac6b0f41324c4d15f6a84c9e88e6dab11eea0
fernanda_garcia_img_0009,img_0009.png,monstruos_y_criaturas,ilustracion_plana_color,640,640,"halloween ghost, graphics, design, doodle style, sticker, funny, clipart, ghost  caricatura plana",Pixabay,fernanda_garcia,2b752f79c3eae2947755a93c3b156d655a7d3cb6
fernanda_garcia_img_0010,img_0010.png,monstruos_y_criaturas,ilustracion_plana_color,491,640,"monster, freak, horror, creature, ufo, green monster, cartoon, pictures, the log caricatura plana",Pixabay,fernanda_garcia,22884a7c3b3ba8d15e6c363870c1fa0e6380da96
fernanda_garcia_img_0011,img_0011.png,monstruos_y_criaturas,ilustracion_plana_color,513,640,"monster, clip, art, kids, green monster, cartoon, green, space, cute, orange, st caricatura plana",Pixabay,fernanda_garcia,a6347abd9988a7a39a95f1d25710d78cd31f8cb2
fernanda_garcia_img_0012,img_0012.png,monstruos_y_criaturas,ilustracion_plana_color,640,463,"dinosaur, tyrannosaurus, beast, spikes, reptile, monster, animal, rainbow, wildl caricatura plana",Pixabay,fernanda_garcia,f245a15d91ca952daa49271c87731e1d0ebc82a3
fernanda_garcia_img_0013,img_0013.png,monstruos_y_criaturas,ilustracion_plana_color,320,640,"zombie, spooky, scary, creepy, monster, cartoon, cut out, halloween, zombie, zom caricatura plana",Pixabay,fernanda_garcia,bd9767ac226ab93285d814219b499a9a943e798a
fernanda_garcia_img_0014,img_0014.png,monstruos_y_criaturas,ilustracion_plana_color,541,640,"monster, cartoon, demon, character, cartoon, cartoon, cartoon, cartoon, cartoon, caricatura plana",Pixabay,fernanda_garcia,333e530ca256ddfbac4c12474e9a55934ce6fbd8
fernanda_garcia_img_0015,img_0015.png,monstruos_y_criaturas,ilustracion_plana_color,640,640,"monster, cute, animal, funny, art, doodle, figure, line art, nature, cartoon, ki caricatura plana",Pixabay,fernanda_garcia,8a34c7ccb06a44d687d304792e1ebc1fbf28b483
fernanda_garcia_img_0016,img_0016.png,monstruos_y_criaturas,ilustracion_plana_color,640,585,"cut, green, monster, monster, monster, monster, monster, monster caricatura plana",Pixabay,fernanda_garcia,fab2cb71cf508ee683f20619d5c6924320cb4299
fernanda_garcia_img_0017,img_0017.png,monstruos_y_criaturas,ilustracion_plana_color,591,640,"galaxy creature, mars monster, space bug, cartoon, outer space, planet bug, alie caricatura plana",Pixabay,fernanda_garcia,176a3afd22656e4f0c854dbff52163822ccfbccd
fernanda_garcia_img_0018,img_0018.png,monstruos_y_criaturas,ilustracion_plana_color,622,640,"monster, nasty, devil, monster, monster, monster, monster, monster, nasty, nasty caricatura plana",Pixabay,fernanda_garcia,ff7db1e57c390a1c475cabb1a600c817f9acb3b1
fernanda_garcia_img_0019,img_0019.png,monstruos_y_criaturas,ilustracion_plana_color,640,593,"martian, monster, green, martian, martian, martian, martian, martian, monster caricatura plana",Pixabay,fernanda_garcia,37f7e69fadd3b120a839b579dbe0b8993acd153c
fernanda_garcia_img_0020,img_0020.png,monstruos_y_criaturas,ilustracion_plana_color,640,471,"monster, dragon, sea monster, alien, monster, dragon, sea monster, sea monster,  caricatura plana",Pixabay,fernanda_garcia,460230631ab223b61c74c3210ade9f97fb384aaf
fernanda_garcia_img_0021,img_0021.png,monstruos_y_criaturas,ilustracion_plana_color,471,640,"monster, mother, child, cartoon, character, monster, monster, monster, monster,  caricatura plana",Pixabay,fernanda_garcia,54fcf4c69712d6ed0c8b3c4d79503478a5810e72
fernanda_garcia_img_0022,img_0022.png,monstruos_y_criaturas,ilustracion_plana_color,627,640,"demon, devil, evil, horns, horror, monster, monsters and heroes, satan, skulls,  caricatura plana",Pixabay,fernanda_garcia,7310b479f709b1a1c4b1f4c77b997386180c59ee
fernanda_garcia_img_0023,img_0023.png,monstruos_y_criaturas,ilustracion_plana_color,320,640,"dragon, lizard, monster, tattoo, reptile, asian, chinese, serpent, dragon, drago caricatura plana",Pixabay,fernanda_garcia,3b2e4e841b525b550299b489e3ef81ce93df34f1
fernanda_garcia_img_0024,img_0024.png,monstruos_y_criaturas,ilustracion_plana_color,616,640,"alien, monster, one eyed monster, green, doodle, line drawing, flat drawing, car caricatura plana",Pixabay,fernanda_garcia,e709d61dac4a3a76039e70ac7d877532678696f8
fernanda_garcia_img_0025,img_0025.png,monstruos_y_criaturas,ilustracion_plana_color,602,640,"alien, monster, figure, alien, alien, alien, alien, alien, monster, monster, mon caricatura plana",Pixabay,fernanda_garcia,019314a48dbff6bf86b07a4e8eda55ad420fa4ed
fernanda_garcia_img_0026,img_0026.png,monstruos_y_criaturas,ilustracion_plana_color,481,640,"halloween, monster, mythological, werewolf, halloween, werewolf, werewolf, werew caricatura plana",Pixabay,fernanda_garcia,cfa18d78e67e6c15a67b71e7bc6c652d0956582e
fernanda_garcia_img_0027,img_0027.png,monstruos_y_criaturas,ilustracion_plana_color,612,640,"monsters, monster, hero, cartoons, story, teeth, cyclops, for children, characte caricatura plana",Pixabay,fernanda_garcia,d9016d3d71bb1a4359652279eff9947ae13db669
fernanda_garcia_img_0028,img_0028.png,monstruos_y_criaturas,ilustracion_plana_color,640,640,"gost, halloween, horror, doodle, clipart, frankenstein, cut out, gost, gost, gos caricatura plana",Pixabay,fernanda_garcia,1d4ab4ea99f838e53e6de2de7273bff752a3e868
fernanda_garcia_img_0029,img_0029.png,monstruos_y_criaturas,ilustracion_plana_color,475,640,"monster, purple, happy, monster, monster, monster, monster, monster caricatura plana",Pixabay,fernanda_garcia,83cfb5d4e3261b0c153002f574eaf3c9b31efae7
fernanda_garcia_img_0030,img_0030.jpg,monstruos_y_criaturas,ilustracion_plana_color,640,360,"monster, three-eyed, head, monster head, creature, three-eyed monster, character caricatura plana",Pixabay,fernanda_garcia,21976f70d6f6b67311ce6d568b30e72800f09a23
fernanda_garcia_img_0031,img_0031.png,monstruos_y_criaturas,ilustracion_plana_color,420,640,"dress-up head, monster, zombie, zombie, zombie, zombie, zombie, zombie caricatura plana",Pixabay,fernanda_garcia,42ad9bbe94c97e0297f6409212164a54a208240b
fernanda_garcia_img_0032,img_0032.png,monstruos_y_criaturas,ilustracion_plana_color,556,640,"monster, eyes, teeth, dear, cute, monster, monster, teeth, teeth, teeth, teeth,  caricatura plana",Pixabay,fernanda_garcia,aaac755c54e0a17545ea01d979695cb952f1214b
fernanda_garcia_img_0033,img_0033.png,monstruos_y_criaturas,ilustracion_plana_color,564,640,"girl, zombie, woman, monster, halloween caricatura plana",Pixabay,fernanda_garcia,b6535351d30db2ef92a364fa0b657f689bf04d8b
fernanda_garcia_img_0034,img_0034.png,monstruos_y_criaturas,ilustracion_plana_color,640,640,"monster, character, cartoon, creature, cute, art, monster, monster, monster, mon caricatura plana",Pixabay,fernanda_garcia,463f2e8b2e395936bcc9912df52a77e4b815aabb
fernanda_garcia_img_0035,img_0035.png,monstruos_y_criaturas,ilustracion_plana_color,640,508,"demon, evil, monster, demon, demon, demon, demon, demon, evil, evil, evil, evil, caricatura plana",Pixabay,fernanda_garcia,bcbfac34a616373801a56d4ec14640b120044ae2
fernanda_garcia_img_0036,img_0036.png,monstruos_y_criaturas,ilustracion_plana_color,640,632,"balloon, cartoon, cute, monster, balloon, monster, monster, monster, monster, mo caricatura plana",Pixabay,fernanda_garcia,fb970396c8bc0d227d75b2858f2d3dd974242601
fernanda_garcia_img_0037,img_0037.png,monstruos_y_criaturas,ilustracion_plana_color,547,640,"dress-up head, goblin, monster, goblin, goblin, goblin, goblin, goblin, monster caricatura plana",Pixabay,fernanda_garcia,06045e2288aa29a6c5be27d00354f97d6459f593
fernanda_garcia_img_0038,img_0038.png,monstruos_y_criaturas,ilustracion_plana_color,640,583,"alien, eyes, jumping, monster, alien, alien, alien, alien, alien, monster caricatura plana",Pixabay,fernanda_garcia,1fcb670d68fa247b9e52ebaf69ce42fea6b5958b
fernanda_garcia_img_0039,img_0039.png,monstruos_y_criaturas,ilustracion_plana_color,534,640,"halloween, head, monster, skull, zombie, zombie, zombie, zombie, zombie, zombie caricatura plana",Pixabay,fernanda_garcia,42070d2580b4a28e15d8dcef0213e9899c9d8173
fernanda_garcia_img_0040,img_0040.png,monstruos_y_criaturas,ilustracion_plana_color,548,640,"evil, face, horror, man, monster, people caricatura plana",Pixabay,fernanda_garcia,b1b70d83276272ed52d653181cc45928fa8cbd39
fernanda_garcia_img_0041,img_0041.png,monstruos_y_criaturas,ilustracion_plana_color,413,640,"fiend, demon, imp, fantasy, mystical creature, folklore, cutout, clipart, fiend, caricatura plana",Pixabay,fernanda_garcia,8376a4edf8971b17a20cf764cc59577cf7e1928d
fernanda_garcia_img_0042,img_0042.png,monstruos_y_criaturas,ilustracion_plana_color,545,640,"animal, dragon, nature, fictional, green, monster, mythical caricatura plana",Pixabay,fernanda_garcia,f76ad7b850fe1baebb5fc4cffd2cee17619c2026
fernanda_garcia_img_0043,img_0043.png,monstruos_y_criaturas,ilustracion_plana_color,601,640,"ai generated, funny monster, cute creature, dancing character, music lover, fluf caricatura plana",Pixabay,fernanda_garcia,891c44396e47a97a6e4c2964ecc8c3577ea541dc
fernanda_garcia_img_0044,img_0044.png,monstruos_y_criaturas,ilustracion_plana_color,488,640,"extraterrestrial, alien, monster, cartoon, horror, predator, character, ugly, al caricatura plana",Pixabay,fernanda_garcia,2b8ec60c9d43c8fa4cb8cbe1d309475643f6892a
fernanda_garcia_img_0045,img_0045.png,monstruos_y_criaturas,ilustracion_plana_color,640,640,"monster, character, cartoon, creature, beast, cute, art, monster, monster, monst caricatura plana",Pixabay,fernanda_garcia,01f0df60ba5737daa9cafdb8f7ae05c9748d56b0
fernanda_garcia_img_0046,img_0046.png,monstruos_y_criaturas,ilustracion_plana_color,604,640,"monster, cartoon, horror, character, mushroom, fungi, creepy, dark, monster, mon caricatura plana",Pixabay,fernanda_garcia,b65e5bfbca0a637c4626ffb8540e95bc22991ac5
fernanda_garcia_img_0047,img_0047.png,monstruos_y_criaturas,ilustracion_plana_color,640,640,"goblin, fantasy, monster, male character, cartoon character, grumpy, cute monste caricatura plana",Pixabay,fernanda_garcia,7da064faaff729d939e01298fc90467d8740c519
fernanda_garcia_img_0048,img_0048.png,monstruos_y_criaturas,ilustracion_plana_color,640,640,"monster, cartoon, cute, funny, character, fantasy, mascot, orange, hat, fun, hap caricatura plana",Pixabay,fernanda_garcia,42a462135508652bfa35cbbc82d54b7e705fa950
fernanda_garcia_img_0049,img_0049.jpg,monstruos_y_criaturas,ilustracion_plana_color,640,640,"monster, nature, character, cute, animal, funny, happy, creature, smile, comic,  caricatura plana",Pixabay,fernanda_garcia,5152318f62f6623527fbf5747b5a27de03973b2a
fernanda_garcia_img_0050,img_0050.png,monstruos_y_criaturas,ilustracion_plana_color,640,640,"monster, dinosaur, character, doodle, animal, watercolor, nature, cartoon, desig caricatura plana",Pixabay,fernanda_garcia,c3dfd6f2901f827333d6dc957a5bf4edd6cc605c
fernanda_garcia_img_0051,img_0051.png,monstruos_y_criaturas,ilustracion_plana_color,593,640,"monster, headphones, headset, listen, smile, music, notes, tongue, teeth, fur, f caricatura plana",Pixabay,fernanda_garcia,2bcfba749232ae69f2b1c2dfbd9668dfc1ba9b0b
fernanda_garcia_img_0052,img_0052.png,monstruos_y_criaturas,ilustracion_plana_color,427,640,"ai generated, zombie, sticker, monster, cartoon, horror, character, fantasy, hal caricatura plana",Pixabay,fernanda_garcia,1d630e7e99f6a3ea8a148bc99619e489e4fac318
fernanda_garcia_img_0053,img_0053.png,monstruos_y_criaturas,ilustracion_plana_color,640,640,"four-eyed, magic, funny, creature, cartoon, monster, green, cute, one-eyed, dood caricatura plana",Pixabay,fernanda_garcia,871a0b39eedd6774a3dcded4ed2b265436862183
fernanda_garcia_img_0054,img_0054.png,monstruos_y_criaturas,ilustracion_plana_color,625,640,"monster, face, cartoon, horns, devil, halloween, creature, funny, character caricatura plana",Pixabay,fernanda_garcia,9ded936b56f2d3f9d49e607deede052d21545edf
fernanda_garcia_img_0055,img_0055.jpg,monstruos_y_criaturas,ilustracion_plana_color,640,640,"monster, character, cute, animal, nature, funny, happy, creature, smile, comic,  caricatura plana",Pixabay,fernanda_garcia,80cd125429ae71a947cb4d0133dcc5256ddab30f
fernanda_garcia_img_0056,img_0056.png,monstruos_y_criaturas,ilustracion_plana_color,640,639,"monster, slug, snail, cartoon, green, slime, monster, monster, monster, monster, caricatura plana",Pixabay,fernanda_garcia,b5598c52158af66a3e4790d6c918fe28e5f10dd5
fernanda_garcia_img_0057,img_0057.png,monstruos_y_criaturas,ilustracion_plana_color,611,640,"alien, cartoon, character, comic, print, alien, alien, alien, alien, alien caricatura plana",Pixabay,fernanda_garcia,d3ae0c0a08989ffa61b2f0d6d62d6cf820c30145
fernanda_garcia_img_0058,img_0058.png,monstruos_y_criaturas,ilustracion_plana_color,515,640,"assets, characters, frankenstein, game, halloween, monster, sprites, frankenstei caricatura plana",Pixabay,fernanda_garcia,c75d7397d504cc65e74b237e1ea6cbda2dae2858
fernanda_garcia_img_0059,img_0059.png,monstruos_y_criaturas,ilustracion_plana_color,427,640,"cute vampire, cartoon vampire, halloween character, spooky cute, kids illustrati caricatura plana",Pixabay,fernanda_garcia,e580fc645ef23996c170b9d896061cc9aae7cb1b
fernanda_garcia_img_0060,img_0060.png,monstruos_y_criaturas,ilustracion_plana_color,576,640,"monster, doodle, creature, character, art, digital art, digital drawing, cartoon caricatura plana",Pixabay,fernanda_garcia,9858a1a26a313ec19b047919cf5b77449eddd7bd
fernanda_garcia_img_0061,img_0061.png,monstruos_y_criaturas,ilustracion_plana_color,640,640,"monster, nature, character, funny, face, expression, emotion, creature, comic, a caricatura plana",Pixabay,fernanda_garcia,0d76506614272596bcb129e68611ab70f6b5a374
fernanda_garcia_img_0062,img_0062.png,monstruos_y_criaturas,ilustracion_plana_color,640,561,"alien, monster, print, science fiction, alien, monster, monster, monster, monste caricatura plana",Pixabay,fernanda_garcia,19d1864b06ebf93d95b55edcdce17c1b6c054751
fernanda_garcia_img_0063,img_0063.png,monstruos_y_criaturas,ilustracion_plana_color,415,640,"monster, blue, cartoon, one-eyed, one-eyed monster, character, cartoon character caricatura plana",Pixabay,fernanda_garcia,6a29bdc684a011ac738b68e5fc09e89a08e2c7d3
fernanda_garcia_img_0064,img_0064.png,monstruos_y_criaturas,ilustracion_plana_color,640,565,"dragon, king, dragon king, fantasy, cartoon, funny, mascot, green, fire, flame,  caricatura plana",Pixabay,fernanda_garcia,ce58fc52487987e6254ed2dd0e0e0627af4a9aab
fernanda_garcia_img_0065,img_0065.png,monstruos_y_criaturas,ilustracion_plana_color,635,640,"cartoon, cute, frankenstein, halloween, head, monster, green cartoon, frankenste caricatura plana",Pixabay,fernanda_garcia,308c3e931375691ae84498c69c6dd00edf5b1aea
fernanda_garcia_img_0066,img_0066.jpg,monstruos_y_criaturas,ilustracion_plana_color,607,640,"halloween, frankenstien, party, frankenstein, holiday, monster, horror, scary, s caricatura plana",Pixabay,fernanda_garcia,6352022fc2ff046f6d7defe28dfe72d52a4479f6
fernanda_garcia_img_0067,img_0067.png,monstruos_y_criaturas,ilustracion_plana_color,499,640,"monster, brain, helmet, electrification, teeth, colorful, kids, school, sticker, caricatura plana",Pixabay,fernanda_garcia,d9fcaca954988e88f3e97372fc8729327c5aa7bb
fernanda_garcia_img_0068,img_0068.png,monstruos_y_criaturas,ilustracion_plana_color,578,640,"ai generated, cartoon, creature, monster, funny, cute, fantasy, character, creep caricatura plana",Pixabay,fernanda_garcia,6726ad7adaf47880716d44c45c0c43a49c7fd91a
fernanda_garcia_img_0069,img_0069.png,monstruos_y_criaturas,ilustracion_plana_color,366,640,"frog, green, monster, nature, abstract, funny, eyes, animal caricatura plana",Pixabay,fernanda_garcia,c3c12790ff8a7f5c8e30d8f163d71006a540649e
fernanda_garcia_img_0070,img_0070.png,monstruos_y_criaturas,ilustracion_plana_color,640,640,"monster, animal, nature, cartoon, red, horns, happy, cute, cut out caricatura plana",Pixabay,fernanda_garcia,f12f1d0ddd06e2fa5357aea5b238c7da1a25b85a
fernanda_garcia_img_0071,img_0071.png,monstruos_y_criaturas,ilustracion_plana_color,640,598,"body, cute, frankenstein, halloween, monster, body, frankenstein, frankenstein,  caricatura plana",Pixabay,fernanda_garcia,02eb51d705d133bfd740625d3969f196f027da1d
fernanda_garcia_img_0072,img_0072.png,monstruos_y_criaturas,ilustracion_plana_color,635,640,"alien, monster, print, science fiction, alien, alien, alien, alien, alien, monst caricatura plana",Pixabay,fernanda_garcia,0b9523703d99f1b753cf9f7ce76fd24d9e962fb3
fernanda_garcia_img_0073,img_0073.png,monstruos_y_criaturas,ilustracion_plana_color,486,640,"blue, monster, tired, spots, antennae, scales, cartoon, character, sleepy, lazy caricatura plana",Pixabay,fernanda_garcia,06b48dc788bfe2da1ea5a34a9cc8d3da5baab515
fernanda_garcia_img_0074,img_0074.png,monstruos_y_criaturas,ilustracion_plana_color,578,640,"alien, monster, print, science fiction, alien, alien, monster, monster, monster, caricatura plana",Pixabay,fernanda_garcia,86ddf584aae4e1c56d3e28d5e0c14c2d561a0cf0
fernanda_garcia_img_0075,img_0075.png,monstruos_y_criaturas,ilustracion_plana_color,358,640,"alien, extraterrestrial life, creature, green monster, green guy, cute creature, caricatura plana",Pixabay,fernanda_garcia,fc0e6e31d706ad1c77f31b702c61c1593a3fa44e
fernanda_garcia_img_0076,img_0076.png,monstruos_y_criaturas,ilustracion_plana_color,640,640,"monster, character, cartoon, creature, beast, cute, art, monster, monster, monst caricatura plana",Pixabay,fernanda_garcia,d937b11f9a50c01cd484360f04d04458afeee621
fernanda_garcia_img_0077,img_0077.png,monstruos_y_criaturas,ilustracion_plana_color,578,640,"dinosaur, toy, police, reptile, dino, monster, green, figure, dinosaur, dinosaur caricatura plana",Pixabay,fernanda_garcia,d1cd050594969f498fb003677f592a437463ffd9
fernanda_garcia_img_0078,img_0078.png,monstruos_y_criaturas,ilustracion_plana_color,640,611,"virus, alien, health, bug, medical, monster, creature, hygiene, germ, bacteria,  caricatura plana",Pixabay,fernanda_garcia,43fd2f8449ad78fab227911f82d9bff0a10b4afb
fernanda_garcia_img_0079,img_0079.jpg,monstruos_y_criaturas,ilustracion_plana_color,640,640,"ai generated, slime, monster, nature, green, cartoon, cute, smile, tentacles, wa caricatura plana",Pixabay,fernanda_garcia,4a4fce6c36bdf544be0372016c8282e123f6f32c
fernanda_garcia_img_0080,img_0080.png,monstruos_y_criaturas,ilustracion_plana_color,443,640,"witch, halloween, zombie, monster, color, witch, witch, witch, witch, witch, zom caricatura plana",Pixabay,fernanda_garcia,1462bb2d4e69390bec57bc0e068dac8e5ebb15c0
fernanda_garcia_img_0081,img_0081.png,monstruos_y_criaturas,ilustracion_plana_color,640,612,"alien, cartoon, comic, eye stalks, kids, monster, tentacles, green cartoon, gree caricatura plana",Pixabay,fernanda_garcia,376a04972c02968e10751c5368ff1cdb06de0e01
fernanda_garcia_img_0082,img_0082.png,monstruos_y_criaturas,ilustracion_plana_color,640,604,"dragon, cartoon, reptile, snake, baby, dragon, dragon, dragon, dragon, snake, sn caricatura plana",Pixabay,fernanda_garcia,13fe215c7d2eec7c8672a060edad49d1f5d5b4a6
fernanda_garcia_img_0083,img_0083.png,monstruos_y_criaturas,ilustracion_plana_color,557,640,"monster, comic, blue, teeth, roar, tail, crazy, purple, monster, monster, monste caricatura plana",Pixabay,fernanda_garcia,ce2ab5b1834177452db9a20d25f622ae623fe1b3
fernanda_garcia_img_0084,img_0084.png,monstruos_y_criaturas,ilustracion_plana_color,640,640,"virus, cartoon, monster, bug, character, bacterium, isolated, mutant, beast, mic caricatura plana",Pixabay,fernanda_garcia,767d1ac98bc62bf56a7554189c6f9023d9ff8a36
fernanda_garcia_img_0085,img_0085.png,monstruos_y_criaturas,ilustracion_plana_color,640,633,"troll, goblin, mountain troll, monster, alien, ears, green, fangs, face, head, m caricatura plana",Pixabay,fernanda_garcia,4ef121bf2225b1eb58ed0889eee017ac7cd0ade2
fernanda_garcia_img_0086,img_0086.png,monstruos_y_criaturas,ilustracion_plana_color,640,448,"dracula, vampire, halloween, dracula, dracula, dracula, dracula, dracula, vampir caricatura plana",Pixabay,fernanda_garcia,11132212ec426ea6a784c3509158d24f7af32a0b
fernanda_garcia_img_0087,img_0087.png,monstruos_y_criaturas,ilustracion_plana_color,404,640,"mummy, cartoon, halloween, character, monster, scary, horror, zombie, spooky, gh caricatura plana",Pixabay,fernanda_garcia,db5cf9ae6540c4ad8d9d1e21433f1fe9d375cffe
fernanda_garcia_img_0088,img_0088.png,monstruos_y_criaturas,ilustracion_plana_color,502,640,"germ, bacterium, bacteria, virus, infection, illness, germs, organism, disease,  caricatura plana",Pixabay,fernanda_garcia,efb2768118006b841e0ebef2ed3aa1d5dc6dfeb9
fernanda_garcia_img_0089,img_0089.png,monstruos_y_criaturas,ilustracion_plana_color,505,640,"alien, green, eyes, looking, frog-like, extraterrestrial, alien, alien, alien, a caricatura plana",Pixabay,fernanda_garcia,f4af4303c6beb8d460facfa62aca7141291cd12d
fernanda_garcia_img_0090,img_0090.png,monstruos_y_criaturas,ilustracion_plana_color,640,465,"troll, ugly, monster, alien, ears, goblin, grin, mean, blue, yellow, shitface, z caricatura plana",Pixabay,fernanda_garcia,d0d0a240e7ebb9ee850677f55545f4ea876b7704
fernanda_garcia_img_0091,img_0091.png,monstruos_y_criaturas,ilustracion_plana_color,405,640,"alien, monster, print, science fiction, alien, alien, monster, monster, monster, caricatura plana",Pixabay,fernanda_garcia,969cc0f05b1a5dc6985a306b5ec7d6b53ac3fcf8
fernanda_garcia_img_0092,img_0092.png,monstruos_y_criaturas,ilustracion_plana_color,581,640,"monster, cake, happy birthday, cartoon, top hat, hungry, dinosaur, party, celebr caricatura plana",Pixabay,fernanda_garcia,a827da385760b6fd8a673fb6e971c6d622f4f907
fernanda_garcia_img_0093,img_0093.png,monstruos_y_criaturas,ilustracion_plana_color,640,587,"funny, monster, nature, nose, hand, hand in nose, flower, smile happy, beautiful caricatura plana",Pixabay,fernanda_garcia,8ba92064de7741d58c1c7193a76230f92a6847ef
fernanda_garcia_img_0094,img_0094.png,monstruos_y_criaturas,ilustracion_plana_color,560,640,"monster, demon, devil, evil, cartoon, head, face, eyes, cute, scary, monster, mo caricatura plana",Pixabay,fernanda_garcia,4c81ad018b6440b89f2d617f11b60efe4a38e9f5
fernanda_garcia_img_0095,img_0095.png,monstruos_y_criaturas,ilustracion_plana_color,640,633,"ai generated, demon, satan, monster, cartoon, devil art, sweet demon, playful de caricatura plana",Pixabay,fernanda_garcia,c2ba21eaeab94e97165577362d2b0759c3e5a6d6
fernanda_garcia_img_0096,img_0096.png,monstruos_y_criaturas,ilustracion_plana_color,474,640,"alien, smiley, emoji, emoticon, expression, computer, element, design, monster,  caricatura plana",Pixabay,fernanda_garcia,66a802d34519b368c38fd66fa121aad148c59346
fernanda_garcia_img_0097,img_0097.png,monstruos_y_criaturas,ilustracion_plana_color,575,640,"alien, sunglasses, cartoon, monster, eyeglasses, spectacles, futuristic, space,  caricatura plana",Pixabay,fernanda_garcia,5e88eb5cc1300782c4337b7b472c5fbfcf365705
fernanda_garcia_img_0098,img_0098.png,monstruos_y_criaturas,ilustracion_plana_color,640,320,"logo, monster, cartoon, technology, design, graphic, one eye, flying monster, ve caricatura plana",Pixabay,fernanda_garcia,104c92fcf4e8b893ab8b763a1987210865031a78
fernanda_garcia_img_0099,img_0099.png,monstruos_y_criaturas,ilustracion_plana_color,640,552,"alien, green, smiley, monster, cartoon, character, et, extraterrestrial, creatur caricatura plana",Pixabay,fernanda_garcia,1192e41e8829a605fe3ce37ba55bf985acb2bdee
fernanda_garcia_img_0100,img_0100.png,monstruos_y_criaturas,ilustracion_plana_color,640,552,"alien, purple, smiley, monster, cartoon, character, et, extraterrestrial, creatu caricatura plana",Pixabay,fernanda_garcia,a55625ce5723dd47dc54cd9444c7d615f63b492b
fernanda_garcia_img_0101,img_0101.png,monstruos_y_criaturas,ilustracion_plana_color,640,540,"monster, face, scary, creature, teeth, head, fantasy, character, alien, art, smi caricatura plana",Pixabay,fernanda_garcia,e6f3273056e33065ad2c0bcd05471924060f5402
fernanda_garcia_img_0102,img_0102.png,monstruos_y_criaturas,ilustracion_plana_color,640,640,"alien, extraterrestrial, fangs, devil, angry, evil, monster, bite, alien, alien, caricatura plana",Pixabay,fernanda_garcia,c12a38938b602d5a1f3d1dd294610e96baa4df0a
fernanda_garcia_img_0103,img_0103.png,monstruos_y_criaturas,ilustracion_plana_color,619,640,"aliens, blue, happy, faces, halloween, scary, ghost, blue happy, blue alien, blu caricatura plana",Pixabay,fernanda_garcia,dbd359c2bf38242ece9bd3994af94d42cbae3cba
fernanda_garcia_img_0104,img_0104.png,monstruos_y_criaturas,ilustracion_plana_color,640,420,"devil, red, pitch fork, icon, avatar, devil, devil, devil, devil, devil, pitch f caricatura plana",Pixabay,fernanda_garcia,56cb67a120c378b8d56af159bde36c3877bf57e3
fernanda_garcia_img_0105,img_0105.png,monstruos_y_criaturas,ilustracion_plana_color,640,552,"alien, light blue, smiley, monster, cartoon, character, et, extraterrestrial, cr caricatura plana",Pixabay,fernanda_garcia,1c2b82787a55c6e74523fac00575a26abc1460fd
fernanda_garcia_img_0106,img_0106.png,monstruos_y_criaturas,ilustracion_plana_color,611,640,"orc, monster, cartoon, cute, funny, mascot, character, fun, red, ogre, head, sca caricatura plana",Pixabay,fernanda_garcia,40381906d3ab016fdda5e2df7b88644162a77eea
fernanda_garcia_img_0107,img_0107.png,monstruos_y_criaturas,ilustracion_plana_color,621,640,"cyclops, alien, monster, weird, funny, cartoon, blue, eye, blue cartoon, blue fu caricatura plana",Pixabay,fernanda_garcia,3dff24c64cdb5431c5f7a62d55f7399b52e9eb9c
fernanda_garcia_img_0108,img_0108.png,monstruos_y_criaturas,ilustracion_plana_color,426,640,"cartoon zombie, funny green zombie, halloween cartoon monster, spooky zombie art caricatura plana",Pixabay,fernanda_garcia,16e13514917dd6c60bfdee8eca35ee2f6a161066
fernanda_garcia_img_0109,img_0109.png,monstruos_y_criaturas,ilustracion_plana_color,550,640,"zombie, drawing, svg, scary, monster, halloween, horror, dead, undead, apocalyps caricatura plana",Pixabay,fernanda_garcia,46e90ecc23f3f70db71138e796adf5cc4dab5669
fernanda_garcia_img_0110,img_0110.png,monstruos_y_criaturas,ilustracion_plana_color,562,640,"mike wazowski, monster, monsters inc, mike, character, surprised, shocked, pixar caricatura plana",Pixabay,fernanda_garcia,5a07139919a238e42eccfacf39a505f969ce2010
fernanda_garcia_img_0111,img_0111.png,monstruos_y_criaturas,ilustracion_plana_color,640,354,"cute, family cute, monster, red, monster, monster, monster, monster, monster caricatura plana",Pixabay,fernanda_garcia,995528181a938ccfb8ee305bf57879fb150064da
fernanda_garcia_img_0112,img_0112.png,monstruos_y_criaturas,ilustracion_plana_color,640,561,"monster, blue, eye, antenna, cartoon, alien, fog, creature, character, cute, iso caricatura plana",Pixabay,fernanda_garcia,d12525600860a3fc2416c1aef5ad95abb358ca94
fernanda_garcia_img_0113,img_0113.png,monstruos_y_criaturas,ilustracion_plana_color,537,640,"octopus, fantasy, cartoon, character, monster, drawing, creature, alien, figure, caricatura plana",Pixabay,fernanda_garcia,6c8fd2303d87808040c6b42846624650d3c60e7a
fernanda_garcia_img_0114,img_0114.png,monstruos_y_criaturas,ilustracion_plana_color,601,640,"ai generated, orc, axe, fantasy, cartoon, fantasy character, axe warrior, fantas caricatura plana",Pixabay,fernanda_garcia,90793c819b967d3d58da7e2c7c1abf8fd56d7f4b
fernanda_garcia_img_0115,img_0115.png,monstruos_y_criaturas,ilustracion_plana_color,640,558,"ai generated, orc, warrior, axe, cartoon, fantasy, orc character caricatura plana",Pixabay,fernanda_garcia,fee6e1224774a6840f86563058be111f008e8058
fernanda_garcia_img_0116,img_0116.png,monstruos_y_criaturas,ilustracion_plana_color,519,640,"one-eyed monster, one eyed, monster, grimly, orange, eye, orange eye, monster, m caricatura plana",Pixabay,fernanda_garcia,8ca072f84af7a58755f8cace356d72212bdbc36e
fernanda_garcia_img_0117,img_0117.png,monstruos_y_criaturas,ilustracion_plana_color,640,499,"toy, monster, fantasy, stone, beige, strange, character, alien, creature, ugly,  caricatura plana",Pixabay,fernanda_garcia,2bd65b5415b41fdf3b4fd08fe7d7b7b67c720482
fernanda_garcia_img_0118,img_0118.png,monstruos_y_criaturas,ilustracion_plana_color,490,640,"alien, face, mutant, smiley, cartoon, monster, character, space, design, cute, c caricatura plana",Pixabay,fernanda_garcia,f737f17afc6d562b7cedd19ef018fc00778735b1
fernanda_garcia_img_0119,img_0119.png,monstruos_y_criaturas,ilustracion_plana_color,640,640,"ai generated, demon, evil, monster, character, vampire, face, horns caricatura plana",Pixabay,fernanda_garcia,558986cadffa893c3a218e1a3a86a20f0abb40a8
fernanda_garcia_img_0120,img_0120.png,monstruos_y_criaturas,ilustracion_plana_color,371,640,"monster, pacman, pac-man, alien, eye, orange, creature, orange eye, orange alien caricatura plana",Pixabay,fernanda_garcia,1cffa7a40c0261ce9859c5c1e97402842b9bb438
fernanda_garcia_img_0121,img_0121.png,monstruos_y_criaturas,ilustracion_plana_color,572,640,"cartoon orc, fantasy orc, orc with axe, fantasy character, orc cartoon art, axe  caricatura plana",Pixabay,fernanda_garcia,3842d262815d9127c7e619f71a678a7d6d43c4a0
fernanda_garcia_img_0122,img_0122.png,monstruos_y_criaturas,ilustracion_plana_color,640,244,"ai generated, cute, monsters, cartoon, colorful, creature, adorable, cartoon cha caricatura plana",Pixabay,fernanda_garcia,900831152eb49a303b6a2716010daf382c76153b
fernanda_garcia_img_0123,img_0123.jpg,monstruos_y_criaturas,ilustracion_plana_color,497,640,"pink, monster, cute, cartoon, fantasy, fluffy, furry, horns, kawaii, happy, ador caricatura plana",Pixabay,fernanda_garcia,e6fb8215637d08b9f57943a7bd2b296adb576efe
fernanda_garcia_img_0124,img_0124.png,monstruos_y_criaturas,ilustracion_plana_color,338,640,"monster, character, cartoon, smile, teeth, fur, fluffy, cute, adorable, little m caricatura plana",Pixabay,fernanda_garcia,4ab36f9ebefdccbb22bd2a500906605c219d6f4f
fernanda_garcia_img_0125,img_0125.png,monstruos_y_criaturas,ilustracion_plana_color,640,613,"monster, character, cartoon, smile, teeth, fur, fluffy, cute, adorable, little m caricatura plana",Pixabay,fernanda_garcia,774f930b7b1417746cdb82646d3cca91646fc062
fernanda_garcia_img_0126,img_0126.png,monstruos_y_criaturas,ilustracion_plana_color,640,640,"ai generated, monster, creature, cute, drawing, ai generated, cute, cute, cute,  caricatura plana",Pixabay,fernanda_garcia,1a7526af66167a0c6d1150039fc3d7aed150447c
fernanda_garcia_img_0127,img_0127.png,monstruos_y_criaturas,ilustracion_plana_color,495,640,"monster, cartoon, alien, overlay, furry, horns, cute, happy caricatura plana",Pixabay,fernanda_garcia,eb889bffc2270b602253c7f0e9c992bd7b966842
fernanda_garcia_img_0128,img_0128.png,monstruos_y_criaturas,ilustracion_plana_color,320,640,"frankenstein, green, halloween, little, monster, robot, funny, cute, frankenstei caricatura plana",Pixabay,fernanda_garcia,c4645386828674a02de038d73e3ce21e0262e9f7
fernanda_garcia_img_0129,img_0129.png,monstruos_y_criaturas,ilustracion_plana_color,440,640,"zombie, monster, spooky, halloween, coloring page, black and white, cute caricatura plana",Pixabay,fernanda_garcia,86f26b6e2c367f7dc160f6c47d8ac59eedabb089
fernanda_garcia_img_0130,img_0130.png,monstruos_y_criaturas,ilustracion_plana_color,566,640,"monster, eyes, red, orange, hands, cute, ghost, teeth, goblin, teeth, goblin, go caricatura plana",Pixabay,fernanda_garcia,34b53a927fccc9c1309396a7485f4b7f783755f6
fernanda_garcia_img_0131,img_0131.png,monstruos_y_criaturas,ilustracion_plana_color,640,640,"alien, alien mascot, cute, female, sci fi, futuristic, character, star, cosmic,  caricatura plana",Pixabay,fernanda_garcia,1ff287f992df2cc1ccf58aa78673b5535dfcfe55
fernanda_garcia_img_0132,img_0132.png,monstruos_y_criaturas,ilustracion_plana_color,599,640,"cute, frankenstein, monster, halloween, coloring page, drawing, line art, transp caricatura plana",Pixabay,fernanda_garcia,43b69d11f268de5d84f7ebe2b93d4a5ecf331cc0
fernanda_garcia_img_0133,img_0133.png,monstruos_y_criaturas,ilustracion_plana_color,640,589,"monster, cartoon, blue, cute, smile, horn, devil, hello, happy, cutout caricatura plana",Pixabay,fernanda_garcia,b9bacc6d82f88aa7d2c80e54b02ca832f1500217
fernanda_garcia_img_0134,img_0134.png,monstruos_y_criaturas,ilustracion_plana_color,511,640,"face, monster, cute, head, cartoon, alien, creature, kids, eyes, green, mouth, f caricatura plana",Pixabay,fernanda_garcia,5c535dc7c5d5114071473e3521ce67852e8fb71d
fernanda_garcia_img_0135,img_0135.png,monstruos_y_criaturas,ilustracion_plana_color,640,626,"frankenstein, monster, cute, halloween, coloring page, digital art, black and wh caricatura plana",Pixabay,fernanda_garcia,bd3f1dcf9f3a1d864cabc027ffb6030dc966e40c
fernanda_garcia_img_0136,img_0136.png,monstruos_y_criaturas,ilustracion_plana_color,427,640,"ai generated, alien, extraterrestrial, cartoon, monster, cute, sci-fi, martian,  caricatura plana",Pixabay,fernanda_garcia,ed41b049b911a8e45a15a4a8f3635992f9a812a6
fernanda_garcia_img_0137,img_0137.png,monstruos_y_criaturas,ilustracion_plana_color,640,494,"pokemon, monster, creature, orange, yellow, ugly, weird, alien, dragon, lizard,  caricatura plana",Pixabay,fernanda_garcia,742e2f71a74eaa75a434c07b23cf3a66fb69bc49
fernanda_garcia_img_0138,img_0138.png,monstruos_y_criaturas,ilustracion_plana_color,557,640,"monster, small, creature, cute, green, angry, cartoon, scary, animation, mouth,  caricatura plana",Pixabay,fernanda_garcia,25d6c8b940041c73f7a6e386225c85dabe414064
fernanda_garcia_img_0139,img_0139.jpg,monstruos_y_criaturas,ilustracion_plana_color,640,640,"chinese dragon, red dragon, logo, chinese dragon, red dragon, red dragon, red dr caricatura plana",Pixabay,fernanda_garcia,c4da615e3deb4b88711bf0cdcff6d680f1729ed3
fernanda_garcia_img_0140,img_0140.png,monstruos_y_criaturas,ilustracion_plana_color,505,640,"dragon, woman, cartoon, costume, dragon fruit, female, cutout caricatura plana",Pixabay,fernanda_garcia,eb1308aaf0886bf563967fc4cdd694ddca14a7a3
fernanda_garcia_img_0141,img_0141.png,monstruos_y_criaturas,ilustracion_plana_color,640,640,"dragon, books, magic, mystical, mythical creatures, fairy tale, middle ages, fir caricatura plana",Pixabay,fernanda_garcia,078afcba5f57ee3a461924af35a4e5f4acf8eff9
fernanda_garcia_img_0142,img_0142.png,monstruos_y_criaturas,ilustracion_plana_color,640,422,"dragon, china, new year, new year dragon, kid, dragon, dragon, china, china, chi caricatura plana",Pixabay,fernanda_garcia,a25a6b1d5fd9ba27bd3c6c283ddc5ae218105926
fernanda_garcia_img_0143,img_0143.png,monstruos_y_criaturas,ilustracion_plana_color,640,379,"dragon, dragon air, air, fly, dragon flying, magic, mythology, fantasy, fantasti caricatura plana",Pixabay,fernanda_garcia,5fdb417663e01bbe91190a96145dea0abff9be88
fernanda_garcia_img_0144,img_0144.png,monstruos_y_criaturas,ilustracion_plana_color,640,349,"dragon, dragon of earth, reptile, nature, animals, lizard, earth, creature, fant caricatura plana",Pixabay,fernanda_garcia,dc40c7526c1323dfa165d0cb1f32f1f77619c39e
fernanda_garcia_img_0145,img_0145.png,monstruos_y_criaturas,ilustracion_plana_color,640,640,"dragon, roses, fantasy, dragon tattoo, blue dragon, tattoo design, cut out, drag caricatura plana",Pixabay,fernanda_garcia,143455f2ec9edc285164231d72d26a93a5ee69ec
fernanda_garcia_img_0146,img_0146.png,monstruos_y_criaturas,ilustracion_plana_color,412,640,"dragon, flowers, nature, green, summer, love caricatura plana",Pixabay,fernanda_garcia,78af614b1a7cc147035a578bd1a103c47ec6643d
fernanda_garcia_img_0147,img_0147.png,monstruos_y_criaturas,ilustracion_plana_color,640,569,"dragon, mythical creature, cartoon character, fantasy, cutout, dragon, dragon, d caricatura plana",Pixabay,fernanda_garcia,9406613a8b3bb34d922354d5005e9d69c0d96c74
fernanda_garcia_img_0148,img_0148.png,monstruos_y_criaturas,ilustracion_plana_color,579,640,"dragon, animal, nature, fantasy, wings, mythology, character, cartoon, cute, cut caricatura plana",Pixabay,fernanda_garcia,ce31373d1d76fb3e4710d6051cfc0ab456621684
fernanda_garcia_img_0149,img_0149.png,monstruos_y_criaturas,ilustracion_plana_color,640,640,"cartoon, dinosaur, dragon, animal, cartoon character, dino, reptile, nature, jur caricatura plana",Pixabay,fernanda_garcia,57c26d300e682fc2a1acc68de3366309fcfb6f50
fernanda_garcia_img_0150,img_0150.png,monstruos_y_criaturas,ilustracion_plana_color,640,640,"pokemon, pokemon go, dragon, charmander, fire, drawing, anime, pokemon, pokemon, caricatura plana",Pixabay,fernanda_garcia,eafbfa7a69a23bc66e8e6758bfcc7bdc2a358781
fernanda_garcia_img_0151,img_0151.png,monstruos_y_criaturas,ilustracion_plana_color,640,554,"dinosaur, cartoon, dragon, blue, vector graphic, dinosaur, dinosaur, dinosaur, d caricatura plana",Pixabay,fernanda_garcia,4efab8073672322832e881de72e5d4ec4ef388c1
fernanda_garcia_img_0152,img_0152.png,monstruos_y_criaturas,ilustracion_plana_color,640,421,"dragon, dino, dinosaur, fun, pterodactyl, cartoon, creature, prehistoric, dragon caricatura plana",Pixabay,fernanda_garcia,bc500a289d989c211a8881fc4189f4731a9d635c
fernanda_garcia_img_0153,img_0153.png,monstruos_y_criaturas,ilustracion_plana_color,640,320,"blue, dragon, flying, dragon, dragon, dragon, dragon, dragon caricatura plana",Pixabay,fernanda_garcia,edc3c2179329dea0622671aa346d79a00bbb1654
fernanda_garcia_img_0154,img_0154.png,monstruos_y_criaturas,ilustracion_plana_color,640,624,"dino, dinosaur, dragon, grisu, fantasy, comic, cartoon, simple, dino, dino, dino caricatura plana",Pixabay,fernanda_garcia,3ec42acc7a8cc21e811c0f8d3ecf583174d9f2f4
fernanda_garcia_img_0155,img_0155.png,monstruos_y_criaturas,ilustracion_plana_color,640,522,"dragon, fire dragon, elemental, magical, magic, fantasy, monster, creature, fant caricatura plana",Pixabay,fernanda_garcia,89700d28ed454602e2d0c94ac509f127061c9912
fernanda_garcia_img_0156,img_0156.png,monstruos_y_criaturas,ilustracion_plana_color,640,640,"baby lizard, lizard mascot, dragon costume, cute mascot, cartoon dragon, friendl caricatura plana",Pixabay,fernanda_garcia,96b68847a842acc78e5cd9db9437b3d2d5095733
fernanda_garcia_img_0157,img_0157.png,monstruos_y_criaturas,ilustracion_plana_color,640,636,"dragon, cartoon, mascot, character, money, wealth, finance, business, cash, coin caricatura plana",Pixabay,fernanda_garcia,85133899868caab6507d08a5a0847a16d14a3c96
fernanda_garcia_img_0158,img_0158.png,monstruos_y_criaturas,ilustracion_plana_color,640,616,"dragon, animal, fantasy, monster, symbol, design, mythology, reptile, wild, crea caricatura plana",Pixabay,fernanda_garcia,b458c5053e03fd2ef1ebb0f6baad32d5cbbffaff
fernanda_garcia_img_0159,img_0159.png,monstruos_y_criaturas,ilustracion_plana_color,640,640,"dinosaur, dragon, drawing, cute, cartoon, childhood, funny, animal, nature, fun, caricatura plana",Pixabay,fernanda_garcia,ee7395bcad6c2a15f93a5b67ded70d9cb9703e5b
fernanda_garcia_img_0160,img_0160.png,monstruos_y_criaturas,ilustracion_plana_color,535,640,"eggplant, purple, vegetable, eyes, cartoon, character, funny, comic, cartoon dra caricatura plana",Pixabay,fernanda_garcia,a11f5c3a1b08f2d4018a1030927d961ecad019ba
fernanda_garcia_img_0161,img_0161.png,monstruos_y_criaturas,ilustracion_plana_color,504,640,"dragon, head, pink, childish, cartoon, simple, dragon, dragon, dragon, dragon, d caricatura plana",Pixabay,fernanda_garcia,44344f9313f1d712391e04fce609507baa1216f4
fernanda_garcia_img_0162,img_0162.png,monstruos_y_criaturas,ilustracion_plana_color,640,617,"dragon, reptile, lizard, dinosaur, cartoon, dragon, dragon, dragon, dragon, drag caricatura plana",Pixabay,fernanda_garcia,cc826d66022eaaf6ae0f2435ed75c0746af76722
fernanda_garcia_img_0163,img_0163.png,monstruos_y_criaturas,ilustracion_plana_color,640,389,"dragon, mythical creatures, fantasy, wing, lizard, fairy tale, fairy tale charac caricatura plana",Pixabay,fernanda_garcia,0bde820f793b6c57a0c3b727240cd58e22be0f81
fernanda_garcia_img_0164,img_0164.jpg,monstruos_y_criaturas,ilustracion_plana_color,454,640,"dragon, nature, cartoon, funny, animal, happy, fun caricatura plana",Pixabay,fernanda_garcia,a6d68b1474ac82d5841c2af0fc3a36a54e988d1d
fernanda_garcia_img_0165,img_0165.png,monstruos_y_criaturas,ilustracion_plana_color,605,640,"fish, an angler, cartoon, underwater, nature, nautical, funny, toothy, blue, the caricatura plana",Pixabay,fernanda_garcia,3ad9872cc5b3e163d07edfdb91e2a2d80b9da305
fernanda_garcia_img_0166,img_0166.png,monstruos_y_criaturas,ilustracion_plana_color,640,445,"dragon, animal, nature, fantasy, cartoon caricatura plana",Pixabay,fernanda_garcia,a5ec2277e31264d48d2c669a90af476d316129fd
fernanda_garcia_img_0167,img_0167.png,monstruos_y_criaturas,ilustracion_plana_color,631,640,"dragon, creature, baby dragon, dinosaur, cute, wings, happy, animal, fun, fantas caricatura plana",Pixabay,fernanda_garcia,05db7cea9140f80f6be4098593fa0e034bb91842
fernanda_garcia_img_0168,img_0168.png,monstruos_y_criaturas,ilustracion_plana_color,640,437,"ai generated, dragon, monster, magical, fairytale, fantasy, cartoon, digital art caricatura plana",Pixabay,fernanda_garcia,25942f2182db9dee8cc21169e93a8e7c2d7d105a
fernanda_garcia_img_0169,img_0169.png,monstruos_y_criaturas,ilustracion_plana_color,392,640,"fox, the little prince, book character, novel, fictional, character, line drawin caricatura plana",Pixabay,fernanda_garcia,ad313dd9711f1e9efc33e6ea1b8bbfdb6dd6e987
fernanda_garcia_img_0170,img_0170.png,monstruos_y_criaturas,ilustracion_plana_color,640,511,"cartoon crocodile, cartoon alligator, cartoon animal, drawing, cartoon character caricatura plana",Pixabay,fernanda_garcia,0f43f4412f003400707386d9016baae432e8d89b
fernanda_garcia_img_0171,img_0171.png,monstruos_y_criaturas,ilustracion_plana_color,640,640,"ai generated, dragon, fantasy, cute, cartoon, books, reading, cutout caricatura plana",Pixabay,fernanda_garcia,518469d121170498729e202e051ad982f5e2a9bc
fernanda_garcia_img_0172,img_0172.png,monstruos_y_criaturas,ilustracion_plana_color,533,640,"vampire, halloween, cute vampire, baby vampire, anime, cartoon, clip art, vampir caricatura plana",Pixabay,fernanda_garcia,b02d0cfea9146a14b50dc385e55f1d1925e0454e
fernanda_garcia_img_0173,img_0173.png,monstruos_y_criaturas,ilustracion_plana_color,638,640,"vampire, halloween, horror, fantastic, scary, dracula, spooky, monster, dark, va caricatura plana",Pixabay,fernanda_garcia,bc41a3940a3be2387907c56867dcd629899670cb
fernanda_garcia_img_0174,img_0174.png,monstruos_y_criaturas,ilustracion_plana_color,640,458,"animal, bat, cartoon, comic, cute, drawing, halloween, mammal, spooky, vampire,  caricatura plana",Pixabay,fernanda_garcia,82fe655f856e8058c20c9fa75a7242a3fbcdb010
fernanda_garcia_img_0175,img_0175.png,monstruos_y_criaturas,ilustracion_plana_color,640,640,"halloween, vampire, horror, scary, spooky, monster, evil, creepy, cartoon, vampi caricatura plana",Pixabay,fernanda_garcia,ea768eff8d20e6b4f6f0bf44bf862376a6d75775
fernanda_garcia_img_0176,img_0176.png,monstruos_y_criaturas,ilustracion_plana_color,640,640,"vampire, dracula, cartoon, horror, halloween, scary, character, art, drawn, anim caricatura plana",Pixabay,fernanda_garcia,2b976742487f9e1caeb904c5db9d246bb691ffea
fernanda_garcia_img_0177,img_0177.png,monstruos_y_criaturas,ilustracion_plana_color,640,587,"halloween, horror, monster, retro, halloween, horror, horror, horror, horror, mo caricatura plana",Pixabay,fernanda_garcia,70775bf44c24999860c44aead8a27beeab1dc4c8
fernanda_garcia_img_0178,img_0178.png,monstruos_y_criaturas,ilustracion_plana_color,640,640,"zombie, monster, frankenstein, cartoon, game, action, undead, arcade, shooting caricatura plana",Pixabay,fernanda_garcia,c1fa5a0e7e3587d32fdf6080c0b1e9ef1bef5e5e
fernanda_garcia_img_0179,img_0179.png,monstruos_y_criaturas,ilustracion_plana_color,483,640,"zombie, head, horror, halloween, zombie, zombie, zombie, zombie, zombie, hallowe caricatura plana",Pixabay,fernanda_garcia,638c4ee7743c2bea8063a3584cd98336aa27167f
fernanda_garcia_img_0180,img_0180.jpg,monstruos_y_criaturas,ilustracion_plana_color,640,640,"ai generated, halloween, zombie, monster, scary, horror, spooky, creepy, undead, caricatura plana",Pixabay,fernanda_garcia,c588350836d30937aab1b9aa580364d5b789ae9c
fernanda_garcia_img_0181,img_0181.png,monstruos_y_criaturas,ilustracion_plana_color,640,640,"zombie, scary, horror, nasty, halloween, monster, evil, spooky, zombie creature, caricatura plana",Pixabay,fernanda_garcia,2642fbe35c5c206d05e951244f7fe60ad9b7c6da
fernanda_garcia_img_0182,img_0182.png,monstruos_y_criaturas,ilustracion_plana_color,640,633,"doll, toy, zombie, sad, scary, creepy, figure, puppet, depressed, doll, doll, do caricatura plana",Pixabay,fernanda_garcia,0411e4ec03953e9385577435e9eb1de47470e480
fernanda_garcia_img_0183,img_0183.png,monstruos_y_criaturas,ilustracion_plana_color,553,640,"boy, cartoon, character, comic, comic characters, dance, dancing, hip hop, male, caricatura plana",Pixabay,fernanda_garcia,ad3f1b722cb0bd5e1efed6ea6229737968b0300b
fernanda_garcia_img_0184,img_0184.png,monstruos_y_criaturas,ilustracion_plana_color,597,640,"zombie, undead, monster, horror, face, head, demon, devil, evil, alien, green ho caricatura plana",Pixabay,fernanda_garcia,60b79c19cbab7c110e4bf7eeb81b6dcca4df1d2e
fernanda_garcia_img_0185,img_0185.png,monstruos_y_criaturas,ilustracion_plana_color,640,640,"ai generated, zombie, undead, character, creepy, design, horror art, horror, car caricatura plana",Pixabay,fernanda_garcia,b137def06d75fa42c64d8299f74d0bdadc8e08e5
fernanda_garcia_img_0186,img_0186.jpg,monstruos_y_criaturas,ilustracion_plana_color,640,640,"ai generated, halloween, zombie, monster, scary, horror, spooky, creepy, undead, caricatura plana",Pixabay,fernanda_garcia,1fe352ef6a4b2bd7dd956fd00af26b699735405c
fernanda_garcia_img_0187,img_0187.png,monstruos_y_criaturas,ilustracion_plana_color,638,640,"werewolf, wolf, halloween, monster, brown, teeth, eyes, angry, dangerous, werewo caricatura plana",Pixabay,fernanda_garcia,07ca4486f986112d39ed3b50adc23a0fbb30fe50
fernanda_garcia_img_0188,img_0188.png,monstruos_y_criaturas,ilustracion_plana_color,640,640,"ai generated, werewolf, wolf, fantasy, horror, night, creature, monster, cute, b caricatura plana",Pixabay,fernanda_garcia,4a935736166be640898ec35ab5310e2a1243950d
fernanda_garcia_img_0189,img_0189.png,monstruos_y_criaturas,ilustracion_plana_color,640,563,"ai is generated, wolf, creature, werewolf, sadness, sad, devil, melancholy caricatura plana",Pixabay,fernanda_garcia,289856cdf9b13fce20be7f78c1e0274927aaa661
fernanda_garcia_img_0190,img_0190.png,monstruos_y_criaturas,ilustracion_plana_color,584,640,"halloween, werewolf, monster, costume, trick or treat, spooky, creepy, supernatu caricatura plana",Pixabay,fernanda_garcia,854d15f7db171261e87b737ca5c5daf626de542b
fernanda_garcia_img_0191,img_0191.png,monstruos_y_criaturas,ilustracion_plana_color,584,640,"halloween, werewolf, monster, costume, trick or treat, spooky, creepy, supernatu caricatura plana",Pixabay,fernanda_garcia,79806b9d92c0eb5bc0142dcbde0b2ac7afc74d4b
fernanda_garcia_img_0192,img_0192.png,monstruos_y_criaturas,ilustracion_plana_color,551,640,"werewolf, full moon, fantasy, monster, halloween, horror, werewolf, werewolf, we caricatura plana",Pixabay,fernanda_garcia,f3050f6da6cceaa28892fdc3257c207aa9a3970f
fernanda_garcia_img_0193,img_0193.png,monstruos_y_criaturas,ilustracion_plana_color,640,592,"cartoon, demon, face, head, satan, demon, demon, demon, demon, demon, satan, sat caricatura plana",Pixabay,fernanda_garcia,1a19181c251082ddf5d2abaadd5599ce1ad2b855
fernanda_garcia_img_0194,img_0194.png,monstruos_y_criaturas,ilustracion_plana_color,514,640,"fgoblin, antasy, fighter, skull, soldier, warrior, monster, soldier, soldier, so caricatura plana",Pixabay,fernanda_garcia,ecea8c5c218c7d2df55020c5efdd9fa60a3645dd
fernanda_garcia_img_0195,img_0195.png,monstruos_y_criaturas,ilustracion_plana_color,633,640,"fantasy, game asset call, goblin, knight, monster, warrior, goblin, goblin, gobl caricatura plana",Pixabay,fernanda_garcia,27642c6336c776240f8c3cc03e08644a74c47ab4
fernanda_garcia_img_0196,img_0196.png,monstruos_y_criaturas,ilustracion_plana_color,532,640,"cloak, cloaked, goblin, horror, monster, non-human beings, retro, goblin, goblin caricatura plana",Pixabay,fernanda_garcia,237f114d3871fa3c332d7ace2274179d41128dd8
fernanda_garcia_img_0197,img_0197.png,monstruos_y_criaturas,ilustracion_plana_color,589,640,"goblin, halloween, horror, monster, non-human beings, goblin, goblin, goblin, go caricatura plana",Pixabay,fernanda_garcia,6a41424f98b49b2ad33f8e8d682f79df61d2c83a
fernanda_garcia_img_0198,img_0198.png,monstruos_y_criaturas,ilustracion_plana_color,329,640,"graphic, troll, forum troll, funny, cute, cartoon, character, trolling, forum, s caricatura plana",Pixabay,fernanda_garcia,519d119ab4b4946aefb96951b83f4ee2f74db31d
fernanda_garcia_img_0199,img_0199.png,monstruos_y_criaturas,ilustracion_plana_color,565,640,"monster, cartoon, horror, devil, scary, demon, funny, teeth, mouth, funny, funny caricatura plana",Pixabay,fernanda_garcia,79828540892149544773ebedd08a14f0cb18c5d2
fernanda_garcia_img_0200,img_0200.png,monstruos_y_criaturas,ilustracion_plana_color,578,640,"devil, red, demon, cartoon, satan, evil, hell, heat, horns, lucifer, pitchfork,  caricatura plana",Pixabay,fernanda_garcia,b31083ef8618e54221aed324bd0cbb73a3e09564
fernanda_garcia_img_0201,img_0201.png,monstruos_y_criaturas,ilustracion_plana_color,640,320,"art, devil, halloween, hell, miscellaneous, vectors, devil, devil, devil, devil, caricatura plana",Pixabay,fernanda_garcia,416b872e5225374015b0b8e04dede2c1c590fc2b
fernanda_garcia_img_0202,img_0202.png,monstruos_y_criaturas,ilustracion_plana_color,575,640,"devil, fiend, demon, deuce, heck, bogy, tux, bird, nature, bat, fantasy, comic,  caricatura plana",Pixabay,fernanda_garcia,19af5fbb6d619a9a21cb5fca0cba6d604998a042
fernanda_garcia_img_0203,img_0203.png,monstruos_y_criaturas,ilustracion_plana_color,640,640,"monster, jack-o'-lantern, pumpkin, cartoon, terror, demon, drawing, halloween, t caricatura plana",Pixabay,fernanda_garcia,acb6010e673a9bd7ebbad581ed9c77de8f569161
fernanda_garcia_img_0204,img_0204.png,monstruos_y_criaturas,ilustracion_plana_color,571,640,"head, face, devil, horns, teeth, satan, canines, red, evil, scary, fear, satanic caricatura plana",Pixabay,fernanda_garcia,c3336f88d7b0ba431624cd10121b1881f1ddcef6
fernanda_garcia_img_0205,img_0205.png,monstruos_y_criaturas,ilustracion_plana_color,576,640,"armour, fantasy, folklore, monster, myth, mythology, non-human beings, ogre caricatura plana",Pixabay,fernanda_garcia,7f4277008d1df1036244f5f66e657e2e73de4e34
fernanda_garcia_img_0206,img_0206.png,monstruos_y_criaturas,ilustracion_plana_color,535,640,"alien, astronaut, space, future, girl, happy, head, cartoon, clip-art, clipart,  caricatura plana",Pixabay,fernanda_garcia,72555710c90f98f3230d5df1e37458ce95043934
fernanda_garcia_img_0207,img_0207.png,monstruos_y_criaturas,ilustracion_plana_color,640,320,"dino, wings, dragon, mythical creature, legendary creature, fire-breathing, cart caricatura plana",Pixabay,fernanda_garcia,14b548177fa99ad88ae4706941e25d715666d97d
fernanda_garcia_img_0208,img_0208.png,monstruos_y_criaturas,ilustracion_plana_color,543,640,"alien, cartoon, character, creature, otherworld, strange, red cartoon, red alien caricatura plana",Pixabay,fernanda_garcia,be21332c21a8d249cf8e6ebdd0a00f45239be6d1
fernanda_garcia_img_0209,img_0209.jpg,monstruos_y_criaturas,ilustracion_plana_color,567,640,"boy, food, eating, eat, snack, meal, bite, person, character, happiness, lifesty caricatura plana",Pixabay,fernanda_garcia,8ac36ddee2d87f9e529308294bdf7ed6a677f0a2
fernanda_garcia_img_0210,img_0210.png,monstruos_y_criaturas,ilustracion_plana_color,640,640,"alien, baby alien, king crown, cosmic theme, children's illustration, cartoon ch caricatura plana",Pixabay,fernanda_garcia,3d0968c1eb98cb81aa79651d9c2008dace19e584
fernanda_garcia_img_0211,img_0211.png,monstruos_y_criaturas,ilustracion_plana_color,640,640,"monster, halloween, evil, doodle, cartoon, smile, sticker, design, horror caricatura plana",Pixabay,fernanda_garcia,99c2927dc47d21938ff2c3f380010b9ad7ad1f74
fernanda_garcia_img_0212,img_0212.png,monstruos_y_criaturas,ilustracion_plana_color,640,507,"monster, man, fire, halloween, horror, cartoon, spooky, monster, monster, monste caricatura plana",Pixabay,fernanda_garcia,a9351c4398d31606b9ddf9f942b7c46b3be2b8e9
fernanda_garcia_img_0213,img_0213.png,monstruos_y_criaturas,ilustracion_plana_color,640,420,"frankenstein, monster, creature, horror, halloween, cartoon, caricature, scary,  caricatura plana",Pixabay,fernanda_garcia,a01b4b1fae67a0c8c7cf7aefbee6f17b0ae59441
fernanda_garcia_img_0214,img_0214.png,monstruos_y_criaturas,ilustracion_plana_color,541,640,"cartoon, collection, evil, gothic, grim reaper, halloween, horror, monster, non- caricatura plana",Pixabay,fernanda_garcia,f10f45bc8de7961ef30b9bfcb8bf204863cd0ff6
fernanda_garcia_img_0215,img_0215.png,monstruos_y_criaturas,ilustracion_plana_color,584,640,"halloween, mummy, monster, costume, trick or treat, spooky, creepy, supernatural caricatura plana",Pixabay,fernanda_garcia,275d9469edc0a14b963266abbc0c089cb939e831
fernanda_garcia_img_0216,img_0216.png,monstruos_y_criaturas,ilustracion_plana_color,623,640,"black, blob, bogeyman, bugaboo, pet, cartoon, animal, cat, ghost, halloween, sca caricatura plana",Pixabay,fernanda_garcia,a265b3cbd5f39356a6b1d7d424247d4432bf67c1
fernanda_garcia_img_0217,img_0217.png,monstruos_y_criaturas,ilustracion_plana_color,574,640,"monster, fantasy, animal, ugly, nature, fangs, claws, creature, devil, halloween caricatura plana",Pixabay,fernanda_garcia,c591cd9ac6872e9168cfeee2cf36e7c0c9a15221
fernanda_garcia_img_0218,img_0218.png,monstruos_y_criaturas,ilustracion_plana_color,471,640,"zombie, undead, art, modern art, cartoon, green, horror, spooky, monster, creatu caricatura plana",Pixabay,fernanda_garcia,7e293a344d5278a65ad7814d4411bc0051ebd1bf
fernanda_garcia_img_0219,img_0219.png,monstruos_y_criaturas,ilustracion_plana_color,640,640,"vampire, halloween, spooky character, gothic castle, black cat, ghost, cemetery, caricatura plana",Pixabay,fernanda_garcia,cb0b65fb9ae9c5c7b006244fa7939c316915e6a2
fernanda_garcia_img_0220,img_0220.png,monstruos_y_criaturas,ilustracion_plana_color,640,640,"zombie, undead, graveyard, halloween night, creepy monster, cartoon zombie, spoo caricatura plana",Pixabay,fernanda_garcia,7a5a68e551d4a4b20cbec3d38b03c96750d9b903
fernanda_garcia_img_0221,img_0221.png,monstruos_y_criaturas,ilustracion_plana_color,435,640,"zombie, undead, art, design, cartoon, green, horror, spooky, monster, creature,  caricatura plana",Pixabay,fernanda_garcia,1c8ade26e42794516a343e2ad71ddc2261086781
fernanda_garcia_img_0222,img_0222.png,monstruos_y_criaturas,ilustracion_plana_color,575,640,"alien, face, horns, space, halloween, fantasy, cartoon, scary, horror, spooky, h caricatura plana",Pixabay,fernanda_garcia,156da97a4f5c218d314bb5fd838700a954ee6336
fernanda_garcia_img_0223,img_0223.png,monstruos_y_criaturas,ilustracion_plana_color,640,613,"monster, character, cartoon, smile, teeth, fur, fluffy, cute, adorable, little m caricatura plana",Pixabay,fernanda_garcia,711bda6ac7186f65309c28b1da4de73e1f5fa937
fernanda_garcia_img_0224,img_0224.jpg,monstruos_y_criaturas,ilustracion_plana_color,640,640,"ai generated, vampire, mascot, logo, cartoon, character, evil, monster, dracula, caricatura plana",Pixabay,fernanda_garcia,00c15c4a4cb43ee297ec7dd5215841ee8d9076be
fernanda_garcia_img_0225,img_0225.png,monstruos_y_criaturas,ilustracion_plana_color,597,640,"monster, clip, art, kids, cartoon, green, space, cute, orange, standing, creatur caricatura plana",Pixabay,fernanda_garcia,9160df3d20ffc27c57cd78a70db12e6d38b708d5
fernanda_garcia_img_0226,img_0226.png,monstruos_y_criaturas,ilustracion_plana_color,431,640,"monster, clip, art, kids, blue, antennae, cartoon, green, space, cute, orange, s caricatura plana",Pixabay,fernanda_garcia,a35c97cd3c995c1655ddb8bb8dcb35b60db1f9a0
fernanda_garcia_img_0227,img_0227.png,monstruos_y_criaturas,ilustracion_plana_color,640,427,"vampire apple, halloween mascot, spooky cute, cute vampire, halloween sticker, a caricatura plana",Pixabay,fernanda_garcia,816e1dad67fbb8ce1409c8828adae6f29bea4d21
fernanda_garcia_img_0228,img_0228.png,monstruos_y_criaturas,ilustracion_plana_color,640,640,"zombie, scary, cartoon, halloween, caricature, animated characters, funny, terri caricatura plana",Pixabay,fernanda_garcia,2ad5a147261694dbee8b3f0afbc3cbcf7783b372
fernanda_garcia_img_0229,img_0229.png,monstruos_y_criaturas,ilustracion_plana_color,640,640,"zombie, creepy, animated, cartoon, scary, horror, comic, halloween, monster, fun caricatura plana",Pixabay,fernanda_garcia,101776f8858c1d27af3d3776c25e8e483d4dbd27
fernanda_garcia_img_0230,img_0230.png,monstruos_y_criaturas,ilustracion_plana_color,330,640,"mummy, halloween, fun, spooky, holiday, cartoon, party, october, design, monster caricatura plana",Pixabay,fernanda_garcia,98a978e06afbd09ed1fa20127925d0aed7b7fcd3
fernanda_garcia_img_0231,img_0231.png,monstruos_y_criaturas,ilustracion_plana_color,448,640,"frankenstein, monster, zombie, undead, halloween, dead, head, horror, scary, gre caricatura plana",Pixabay,fernanda_garcia,d34f142be01ad04ad460897b2488aed13719302f
fernanda_garcia_img_0232,img_0232.png,monstruos_y_criaturas,ilustracion_plana_color,576,640,"halloween, spooky, horror, creepy, scary, fear, cartoon, dark, evil, ghost, dark caricatura plana",Pixabay,fernanda_garcia,bf20948b88d7e3d9377ae53375cd2522d0db6b83
fernanda_garcia_img_0233,img_0233.png,monstruos_y_criaturas,ilustracion_plana_color,640,573,"creature, animal, fantasy, monster, halloween, cartoon, cute, funny, icon caricatura plana",Pixabay,fernanda_garcia,fe0f153e4fb0fe2eddef59649f6f416a645ca0db
fernanda_garcia_img_0234,img_0234.png,monstruos_y_criaturas,ilustracion_plana_color,409,640,"zombie, cartoon, green, horror, undead, monster, character, dead, halloween, sca caricatura plana",Pixabay,fernanda_garcia,148031cdeed32673d9074174a6a230f8c2269312
fernanda_garcia_img_0235,img_0235.png,monstruos_y_criaturas,ilustracion_plana_color,542,640,"monster, alien, green, lime, scary, halloween, spooky, creature, monster, monste caricatura plana",Pixabay,fernanda_garcia,ff5f81199ccebbddc44878a2e0a846aae49fce96
fernanda_garcia_img_0236,img_0236.png,monstruos_y_criaturas,ilustracion_plana_color,533,640,"alien, monster, eyes, funny, ghost, halloween, alien, alien, alien, monster, eye caricatura plana",Pixabay,fernanda_garcia,5b277c058786d636bfe72a79fa5aef8ca1730d83
fernanda_garcia_img_0237,img_0237.png,monstruos_y_criaturas,ilustracion_plana_color,523,640,"monster, hairy, halloween, creature, skin, beast, horror, fear, chilling, funny, caricatura plana",Pixabay,fernanda_garcia,b971dff9abdfa440f6859295a77653b79c6f30b2
fernanda_garcia_img_0238,img_0238.png,monstruos_y_criaturas,ilustracion_plana_color,298,640,"monster, halloween, pumpkin, horror, creepy, character, terror, costume, sweet,  caricatura plana",Pixabay,fernanda_garcia,31f8b68cac4688af395d7f96b82f878b49e61f66
fernanda_garcia_img_0239,img_0239.png,monstruos_y_criaturas,ilustracion_plana_color,640,610,"dinosaur, dino, head, monster, creature, halloween, fantasy, dinosaur, dinosaur, caricatura plana",Pixabay,fernanda_garcia,d7be524cda9ccb6dc22b6d426bc98a512bd2585d
fernanda_garcia_img_0240,img_0240.png,monstruos_y_criaturas,ilustracion_plana_color,640,584,"monster, halloween, scary, evil, horror, mysterious, haunted, curse, cut out, mo caricatura plana",Pixabay,fernanda_garcia,59b1efb77a2cd4065e8e91d246d147fe99179d1f
fernanda_garcia_img_0241,img_0241.png,monstruos_y_criaturas,ilustracion_plana_color,584,640,"halloween, monsters, costumes, trick or treat, spooky, creepy, supernatural, cur caricatura plana",Pixabay,fernanda_garcia,d22b550bb48affb519affb0168f4bf725b661e8d
fernanda_garcia_img_0242,img_0242.png,monstruos_y_criaturas,ilustracion_plana_color,320,640,"halloween, pumpkin, carving, nature, plant, monster, fear, devil, demon, evil, h caricatura plana",Pixabay,fernanda_garcia,0bfbf131daa10308530d48cb389b9797d397e41a
fernanda_garcia_img_0243,img_0243.png,monstruos_y_criaturas,ilustracion_plana_color,640,640,"pumpkin, clown, halloween, ghost, monster caricatura plana",Pixabay,fernanda_garcia,6a213a83d6499e9e18f17a46ef0c9cd02a69469b
fernanda_garcia_img_0244,img_0244.png,monstruos_y_criaturas,ilustracion_plana_color,640,418,"goblin, head, monster, fantasy, scary, demon, evil, halloween, green fantasy, gr caricatura plana",Pixabay,fernanda_garcia,410f496e201951b7c0df5bdad0d6ff929cabe4d0
fernanda_garcia_img_0245,img_0245.png,monstruos_y_criaturas,ilustracion_plana_color,622,640,"frankenstein, monster, zombie, halloween, scary, horror, spooky, creature, clip  caricatura plana",Pixabay,fernanda_garcia,175fd4863ae11180ec68a3afedc2563d2204a6c3
fernanda_garcia_img_0246,img_0246.png,monstruos_y_criaturas,ilustracion_plana_color,640,466,"ai generated, skull, spider, evil, arachnid, scary, spooky, halloween, fantasy,  caricatura plana",Pixabay,fernanda_garcia,0c89fc919c38ba6e4840f9b39f54226879d11ac1
fernanda_garcia_img_0247,img_0247.png,monstruos_y_criaturas,ilustracion_plana_color,481,640,"monster, alien, creepy, glow, green, halloween, hands, head, party, robe, skull, caricatura plana",Pixabay,fernanda_garcia,0af61905c9b06c62aec2edfbee985da38d24e6c0
fernanda_garcia_img_0248,img_0248.png,monstruos_y_criaturas,ilustracion_plana_color,640,541,"beast, evil, game asset call, halloween and horror, horror, monster, monsters an caricatura plana",Pixabay,fernanda_garcia,6256ebdc306c39393220359c7a1d8da672db62cc
fernanda_garcia_img_0249,img_0249.png,monstruos_y_criaturas,ilustracion_plana_color,640,611,"frankenstein, green, halloween, horror, monster, zombie, undead, rotten, franken caricatura plana",Pixabay,fernanda_garcia,b4a58f7b106c2d21c4e04e68c874fafbc56d5ff0
fernanda_garcia_img_0250,img_0250.png,monstruos_y_criaturas,ilustracion_plana_color,640,597,"creature, brown, robot, arms, eyes, monster, cartoon, character, scary, robotic, caricatura plana",Pixabay,fernanda_garcia,813a452fd86ecb65e9120fb7770e3689dcfae730
fernanda_garcia_img_0251,img_0251.png,monstruos_y_criaturas,ilustracion_plana_color,616,640,"alien, monster, lizard, face, scary, alien, alien, alien, alien, alien, monster, caricatura plana",Pixabay,fernanda_garcia,e13e9bae25d39633f8ae41cd2117fcc476ddae9b
fernanda_garcia_img_0252,img_0252.png,monstruos_y_criaturas,ilustracion_plana_color,395,640,"monster, alien, round, purple, legs, horns, eye, cyclops, monobrow, creature, ye caricatura plana",Pixabay,fernanda_garcia,24e18032da2f7e945906036980a2e3c902b90519
fernanda_garcia_img_0253,img_0253.png,monstruos_y_criaturas,ilustracion_plana_color,640,640,"monster, frankestein, cartoon, drawing, creepy, screws, line art, cartoon, carto caricatura plana",Pixabay,fernanda_garcia,e8a296c81d86490a5a462e749117ea0d5de3b992
fernanda_garcia_img_0254,img_0254.png,monstruos_y_criaturas,ilustracion_plana_color,636,640,"witch, sorcerer, face, pirate, ghost, monster, scary, witch, sorcerer, pirate, p caricatura plana",Pixabay,fernanda_garcia,a011585fe0091ba6ef0b29c68ce729dffb11d0d3
fernanda_garcia_img_0255,img_0255.png,monstruos_y_criaturas,ilustracion_plana_color,640,640,"motorcycle, motorbike, mohawk, punk, glass, harley, freedom, cartoon, monster, v caricatura plana",Pixabay,fernanda_garcia,103d16b511889c63ea27c4f0572ccc5cc491dda9
fernanda_garcia_img_0256,img_0256.png,monstruos_y_criaturas,ilustracion_plana_color,640,518,"bat, flying, monster, bat, monster, monster, monster, monster, monster caricatura plana",Pixabay,fernanda_garcia,4e043c9e2b624d4389773fec5aa37f082a4fdc35
fernanda_garcia_img_0257,img_0257.png,monstruos_y_criaturas,ilustracion_plana_color,640,351,"spider, alien, insect, cartoon, funny, cute, halloween, fantasy, blue, creature, caricatura plana",Pixabay,fernanda_garcia,66f3e7fed11c461339e4522fa7dee80e9c177797
fernanda_garcia_img_0258,img_0258.png,monstruos_y_criaturas,ilustracion_plana_color,640,637,"monsters, cute monsters, drawing, happy, art, cut out, claws, colorful, language caricatura plana",Pixabay,fernanda_garcia,5f126666345373558b8625d389e4219141bd5cd3
fernanda_garcia_img_0259,img_0259.png,monstruos_y_criaturas,ilustracion_plana_color,640,598,"mermaid, siren, mythology, fairytale, princess, fantasy, cartoon, woman, female, caricatura plana",Pixabay,fernanda_garcia,c4ffd00f9d671d88e1d62dc4ad4ff31e9ac2960c
fernanda_garcia_img_0260,img_0260.png,monstruos_y_criaturas,ilustracion_plana_color,546,640,"dino, flower background, dinosaur, flower wallpaper, dragon, flower, tale, carto caricatura plana",Pixabay,fernanda_garcia,dba4d3067e4456a6cdc1a1fb93f2a68f02ae07f3
fernanda_garcia_img_0261,img_0261.png,monstruos_y_criaturas,ilustracion_plana_color,640,430,"ai generated, dragon, creature, cartoon, mythology, animal, fantasy, myth, mythi caricatura plana",Pixabay,fernanda_garcia,9838b0b04c8998547a8188274baa4b19ac443411
fernanda_garcia_img_0262,img_0262.png,monstruos_y_criaturas,ilustracion_plana_color,605,640,"flying fish, fish, aquarium, tropical fish, nature, ocean caricatura plana",Pixabay,fernanda_garcia,fa04f34b5ccea51a70e6cd9796828e21fd4e7829
fernanda_garcia_img_0263,img_0263.png,monstruos_y_criaturas,ilustracion_plana_color,534,640,"dragon, green, sitting, fire, fly, scales, fairytale, mythology, prehistoric, pr caricatura plana",Pixabay,fernanda_garcia,247431ca55d67e81cb1a7dc9e4f71053589f5d72
fernanda_garcia_img_0264,img_0264.png,monstruos_y_criaturas,ilustracion_plana_color,640,586,"alien, big eyes, monster, print, science fiction, alien, alien, alien, alien, al caricatura plana",Pixabay,fernanda_garcia,86a8acad9241ca09098aea6ba363844c3452beb0
fernanda_garcia_img_0265,img_0265.png,monstruos_y_criaturas,ilustracion_plana_color,640,640,"bodybuilder, wolf, fitness, gym, workout, healthy, six pack, strong wolf, streng caricatura plana",Pixabay,fernanda_garcia,f7ccc1c22c8c65ada8f185cbd56214dc9c9b74a4
fernanda_garcia_img_0266,img_0266.png,monstruos_y_criaturas,ilustracion_plana_color,640,561,"alien, monster, print, science fiction, alien, alien, monster, monster, monster, caricatura plana",Pixabay,fernanda_garcia,7b6356ec44546dc2012f14e828b47a39ed0eec23
fernanda_garcia_img_0267,img_0267.png,monstruos_y_criaturas,ilustracion_plana_color,640,458,"dragon, red, symbol, fantasy, isolated, sitting, cute, small, little, baby, youn caricatura plana",Pixabay,fernanda_garcia,10fa276cda56197168d1d6495f4c8cc9bb515f54
fernanda_garcia_img_0268,img_0268.png,monstruos_y_criaturas,ilustracion_plana_color,640,494,"pokemon, monster, creature, pink, ugly, weird, alien, fins, tails, hands, cute,  caricatura plana",Pixabay,fernanda_garcia,ebd82b24298036009a0337ea9335362da8060dd3
fernanda_garcia_img_0269,img_0269.png,monstruos_y_criaturas,ilustracion_plana_color,640,445,"fire-breathing, dragon, myth, creature, spikes, fantasy, dinosaur, mythical crea caricatura plana",Pixabay,fernanda_garcia,ffafb47e5582edbaad6fc4936b388dcc525607c4
fernanda_garcia_img_0270,img_0270.png,monstruos_y_criaturas,ilustracion_plana_color,640,356,"yeti, monster, creature, cartoon, alien, toy, stuffed animal, cute, soft, white, caricatura plana",Pixabay,fernanda_garcia,04a65009e983a09da6a177a317e605f5485865c6
fernanda_garcia_img_0271,img_0271.png,monstruos_y_criaturas,ilustracion_plana_color,640,640,"satyr, faun, mythology, fantasy, greek, antique, mythological, horns, creature,  caricatura plana",Pixabay,fernanda_garcia,ebd2e845f8ee1fa045b576467f0a17a9e54fd1e7
fernanda_garcia_img_0272,img_0272.png,monstruos_y_criaturas,ilustracion_plana_color,610,640,"melting, dripping, slime, liquid, line art, black and white, vector style, ink d caricatura plana",Pixabay,fernanda_garcia,a8a8e879568f450ece64304af605bb8f9437e3b4
fernanda_garcia_img_0273,img_0273.png,monstruos_y_criaturas,ilustracion_plana_color,640,591,"alien, small, antenna, welcome, hug, smile, frankenstein, white, alien, alien, a caricatura plana",Pixabay,fernanda_garcia,9295d107e91f33a622921537af4f51751140f236
fernanda_garcia_img_0274,img_0274.png,monstruos_y_criaturas,ilustracion_plana_color,599,640,"dragon, green, chinese, winged, animal, legend, asian, nature, fictitious, drago caricatura plana",Pixabay,fernanda_garcia,55d1ee9d47eebdd4e40e6e8e6d13f54dae915b4e
fernanda_garcia_img_0275,img_0275.png,monstruos_y_criaturas,ilustracion_plana_color,399,640,"black and white, drawing, monster, sketch, monster, monster, monster, monster, m caricatura plana",Pixabay,fernanda_garcia,49bf4fe343c1e44ff620118533f3095962753146
fernanda_garcia_img_0276,img_0276.png,monstruos_y_criaturas,ilustracion_plana_color,505,640,"alien, green, eyes, looking, frog-like, extraterrestrial, alien, alien, alien, a caricatura plana",Pixabay,fernanda_garcia,02069e902aeadfc5f12f7e4a0ae8f89b2553a908
fernanda_garcia_img_0277,img_0277.png,monstruos_y_criaturas,ilustracion_plana_color,505,640,"alien, monster, zombie, creature, horror, fantasy, red, feathers, fur, furry, ey caricatura plana",Pixabay,fernanda_garcia,c4999c35f825d6d2175730503a220f3faecb78b1
fernanda_garcia_img_0278,img_0278.png,monstruos_y_criaturas,ilustracion_plana_color,633,640,"monster, the character, scarecrow, giant, puglise, big guy, claws, monster, mons caricatura plana",Pixabay,fernanda_garcia,23ac1447b15111a96e274442178b9249303a3767
fernanda_garcia_img_0279,img_0279.png,monstruos_y_criaturas,ilustracion_plana_color,474,640,"alien, smiley, emoji, emoticon, expression, emotion, design, monster, symbol, ch caricatura plana",Pixabay,fernanda_garcia,3ead2b0f2d6adf031fba5a2dc0b8bb3ee287414b
fernanda_garcia_img_0280,img_0280.png,monstruos_y_criaturas,ilustracion_plana_color,640,640,"goblin, orc, soldier, villain, monster, character, green, evil, goblin, goblin,  caricatura plana",Pixabay,fernanda_garcia,54e21ba8c1abc90568560ca0a9d875b16f59c1e5
fernanda_garcia_img_0281,img_0281.jpg,monstruos_y_criaturas,ilustracion_plana_color,640,640,"watercolor, monster, heart, cute, chibi, design, drawing, character, cartoon, cr caricatura plana",Pixabay,fernanda_garcia,b248986acac36b8d388e738cb604465187999035
fernanda_garcia_img_0282,img_0282.png,monstruos_y_criaturas,ilustracion_plana_color,640,422,"dragon, cute, pink, lollipop, wing, tale, fairy, cartoon, fantasy, horn, myth, t caricatura plana",Pixabay,fernanda_garcia,fdf4ed11bc7a511d3594e57294a8ff9a17b87f89
fernanda_garcia_img_0283,img_0283.png,monstruos_y_criaturas,ilustracion_plana_color,640,361,"dragon, dragon air, dragons, fantastic beings, mythology, mythological, magic, w caricatura plana",Pixabay,fernanda_garcia,5411dbd37404219f074cc625812e0a0e216754b4
fernanda_garcia_img_0284,img_0284.png,monstruos_y_criaturas,ilustracion_plana_color,480,640,"dragon, dragon-fly, cartoon, green, fantasy, wing, mythology caricatura plana",Pixabay,fernanda_garcia,4cf5a3c752551f99b97c9d5dcfd8b2b6ab99747a
fernanda_garcia_img_0285,img_0285.png,monstruos_y_criaturas,ilustracion_plana_color,640,640,"line art, drawing, design, cartoon, kdp, transparent, coloring, doodle, outline, caricatura plana",Pixabay,fernanda_garcia,c8f1f00a05e692758c6b279cf5e716412abed7c6
fernanda_garcia_img_0286,img_0286.png,monstruos_y_criaturas,ilustracion_plana_color,640,463,"dinosaur, tyrannosaurus, beast, spikes, reptile, monster, animal, rainbow, wildl caricatura plana",Pixabay,fernanda_garcia,12c5ae9774a7edb2dbb68c88da00f87abe7c6c4c
fernanda_garcia_img_0287,img_0287.png,monstruos_y_criaturas,ilustracion_plana_color,453,640,"dragon, cartoon, green, fantasy, wing, mythology, happiness, joy, cleaning, clea caricatura plana",Pixabay,fernanda_garcia,7ddc618b66d4553a7eb8a1a0901c8c19b248ef50
fernanda_garcia_img_0288,img_0288.png,monstruos_y_criaturas,ilustracion_plana_color,640,459,"dragon, fantasy, line art, cute, chibi, creature, reptile, mythology, beast, mon caricatura plana",Pixabay,fernanda_garcia,0d04ae66f0c31b7d5c6064127f1fa603c80ac774
fernanda_garcia_img_0289,img_0289.png,monstruos_y_criaturas,ilustracion_plana_color,634,640,"ai generated, dragon, animal, creature, cute, kawaii, fantasy, myth, mythical, f caricatura plana",Pixabay,fernanda_garcia,ef29afb6ef32c9dfaba03141922052068490d6e5
fernanda_garcia_img_0290,img_0290.png,monstruos_y_criaturas,ilustracion_plana_color,625,640,"ai generated, dragon, animal, creature, cute, kawaii, fantasy, myth, mythical, f caricatura plana",Pixabay,fernanda_garcia,5f0d6021e2214c4c6d164d9af85369197fd5fe42
fernanda_garcia_img_0291,img_0291.png,monstruos_y_criaturas,ilustracion_plana_color,490,640,"ai generated, dragon, animal, creature, cute, kawaii, fantasy, myth, mythical, f caricatura plana",Pixabay,fernanda_garcia,873d34f21e9a18d06138525238b25f7624a2898c
fernanda_garcia_img_0292,img_0292.png,monstruos_y_criaturas,ilustracion_plana_color,640,616,"dragon, animal, fantasy, monster, symbol, design, mythology, reptile, wild, crea caricatura plana",Pixabay,fernanda_garcia,2561c24e2a3d8f0966112478fda077f7986e3ff3
fernanda_garcia_img_0293,img_0293.png,monstruos_y_criaturas,ilustracion_plana_color,640,633,"dragon, dinosaur, pink, cute, comic, walking, dragon, dragon, dragon, dinosaur,  caricatura plana",Pixabay,fernanda_garcia,bbaac2c9ac62f5417e42c1602cdb112b15ee440f
fernanda_garcia_img_0294,img_0294.jpg,monstruos_y_criaturas,ilustracion_plana_color,640,640,"ai generated, nature, dragon, coloring page, drake, animal, chibi, cute caricatura plana",Pixabay,fernanda_garcia,41d5c87953fe766e9d7ae2bc22e5b0628789b2a2
fernanda_garcia_img_0295,img_0295.png,monstruos_y_criaturas,ilustracion_plana_color,615,640,"cyclops, alien, monster, weird, funny, cartoon, green, eye, cyclops, cyclops, al caricatura plana",Pixabay,fernanda_garcia,df552418911d39fbcd8cd125afe35993a1cd65aa
fernanda_garcia_img_0296,img_0296.png,monstruos_y_criaturas,ilustracion_plana_color,556,640,"cyclops, alien, monster, weird, funny, cartoon, green, eye, cyclops, alien, alie caricatura plana",Pixabay,fernanda_garcia,605a4876e64a87296e03328bfa2a377739da6980
fernanda_garcia_img_0297,img_0297.png,monstruos_y_criaturas,ilustracion_plana_color,556,640,"cyclops, alien, monster, weird, funny, cartoon, green, eye, cyclops, cyclops, cy caricatura plana",Pixabay,fernanda_garcia,783190600981693aa09ddf2e29e340091bdf088a
fernanda_garcia_img_0298,img_0298.png,monstruos_y_criaturas,ilustracion_plana_color,469,640,"alien, smiley, sick, emoji, emoticon, expression, design, monster, symbol, chara caricatura plana",Pixabay,fernanda_garcia,f341935341a0e0e9fcb1e325a96ced438c859459
fernanda_garcia_img_0299,img_0299.png,monstruos_y_criaturas,ilustracion_plana_color,480,640,"zombie, cartoon, monster, undead, dead, evil, horror, creepy, apocalypse, fantas caricatura plana",Pixabay,fernanda_garcia,d7e43495331e2012f772a060ee6dc1e4ce16b972
fernanda_garcia_img_0300,img_0300.png,monstruos_y_criaturas,ilustracion_plana_color,640,250,"monsters, faces, characters, funny, adorable, expressive, expressions, avatars,  caricatura plana",Pixabay,fernanda_garcia,5e513056e21384b1b15c73f68ded660f6828d14c
fernanda_garcia_img_0301,img_0301.png,monstruos_y_criaturas,ilustracion_plana_color,640,552,"alien, dark blue, smiley, monster, cartoon, character, et, extraterrestrial, cre caricatura plana",Pixabay,fernanda_garcia,b033482efc962ac5fea5fc323c8454d452883dfb
fernanda_garcia_img_0302,img_0302.png,monstruos_y_criaturas,ilustracion_plana_color,519,640,"one-eyed monster, one eyed, monster, grimly, orange, eye, orange eye, monster, m caricatura plana",Pixabay,fernanda_garcia,5daff1f2f6ab7833e30af401b35fe2194a91e2ef
fernanda_garcia_img_0303,img_0303.png,monstruos_y_criaturas,ilustracion_plana_color,640,250,"monsters, faces, characters, funny, adorable, expressive, expressions, avatars,  caricatura plana",Pixabay,fernanda_garcia,a2fde6b8a114cbffb3c11dc729cca1082ce056f6
fernanda_garcia_img_0304,img_0304.png,monstruos_y_criaturas,ilustracion_plana_color,640,351,"monsters, faces, characters, funny, adorable, expressive, expressions, avatars,  caricatura plana",Pixabay,fernanda_garcia,8f8d83cb3a456136447d05664514672226f89e47
fernanda_garcia_img_0305,img_0305.png,monstruos_y_criaturas,ilustracion_plana_color,640,514,"monsters, aliens, invasion, eyeglasses, flying caricatura plana",Pixabay,fernanda_garcia,a0ae4b5bd038bc01fa16ea47ccf4663e8fbc465a
fernanda_garcia_img_0306,img_0306.png,monstruos_y_criaturas,ilustracion_plana_color,414,640,"monster, creature, spooky, character, cartoon, cute, funny, fantasy, alien, beas caricatura plana",Pixabay,fernanda_garcia,04d61139ea42f31355fdf49651d15bc529409aeb
fernanda_garcia_img_0307,img_0307.png,monstruos_y_criaturas,ilustracion_plana_color,640,640,"ai generated, zombie, cartoon, coffee, suit, funny, business, character, morning caricatura plana",Pixabay,fernanda_garcia,2bd9ce2f2a023bd2da85c59183ffaf886e62afa0
fernanda_garcia_img_0308,img_0308.png,monstruos_y_criaturas,ilustracion_plana_color,597,640,"monster, clip, art, kids, cartoon, green, space, cute, orange, standing, creatur caricatura plana",Pixabay,fernanda_garcia,8380ac128264f82ea0f0d88c4fc8bfa7d1059e8e
fernanda_garcia_img_0309,img_0309.jpg,monstruos_y_criaturas,ilustracion_plana_color,512,640,"zombie, cartoon, drawing, doodle, tired, yawning, comic, cartoon character, open caricatura plana",Pixabay,fernanda_garcia,48469d9cf0b05bebf440e8644ed016008d5f81c3
fernanda_garcia_img_0310,img_0310.png,monstruos_y_criaturas,ilustracion_plana_color,640,595,"cartoon, monster, character, giant, funny, creature, mascot, wild, demon, drawin caricatura plana",Pixabay,fernanda_garcia,31066cebb550f98e1f0ded1be5fb595bdfa9d4af
fernanda_garcia_img_0311,img_0311.png,monstruos_y_criaturas,ilustracion_plana_color,640,640,"monster, baby, cheerful, character, cartoon, body, child, comic, corpse, costume caricatura plana",Pixabay,fernanda_garcia,67d09893fd13f2265dee48c2ade865e9cd34ea58
fernanda_garcia_img_0312,img_0312.png,monstruos_y_criaturas,ilustracion_plana_color,329,640,"graphic, troll, forum troll, funny, forum, doll, mean, cartoon, monster, charact caricatura plana",Pixabay,fernanda_garcia,6e95e731fc934832f302efcc9ba6e72ba6ff936f
fernanda_garcia_img_0313,img_0313.jpg,monstruos_y_criaturas,ilustracion_plana_color,640,640,"ai generated, monster, animal, nature, cartoon, comic, emotions, feelings caricatura plana",Pixabay,fernanda_garcia,7416d394a0334fdcd155bf371b2e10883d1291ce
fernanda_garcia_img_0314,img_0314.png,monstruos_y_criaturas,ilustracion_plana_color,563,640,"cartoon, red, fool, groggy, drunk, the monster, red monster, blue eye, the eye,  caricatura plana",Pixabay,fernanda_garcia,cf2052988acbbead01fa8061a262cde1184c89f3
fernanda_garcia_img_0315,img_0315.png,monstruos_y_criaturas,ilustracion_plana_color,640,612,"dragon, the head of the, ouroboros, without background, vector, symbol, black, s caricatura plana",Pixabay,fernanda_garcia,6e094d4d1581d94996c752f932f1434369f52473
fernanda_garcia_img_0316,img_0316.png,monstruos_y_criaturas,ilustracion_plana_color,454,640,"sea, queen, nature, octopus, fantasy, creature, underwater caricatura plana",Pixabay,fernanda_garcia,35a5cb340e02c27d18f5e6fd7144bc26b2abe3cb
fernanda_garcia_img_0317,img_0317.png,monstruos_y_criaturas,ilustracion_plana_color,640,398,"monster, pincers, claws, suction cups, toothy, horror, the beast, extraterrestri caricatura plana",Pixabay,fernanda_garcia,97d3ffde4baeec0a7459bd6221b5a6e552458de8
fernanda_garcia_img_0318,img_0318.png,monstruos_y_criaturas,ilustracion_plana_color,640,554,"orco, fantasía, duende, taberna, magia, calabozos y dragones, cuernos, beber, ba caricatura plana",Pixabay,fernanda_garcia,d1ee1943a845bcbe2c860ff00a7c086741e7bd87
fernanda_garcia_img_0319,img_0319.png,monstruos_y_criaturas,ilustracion_plana_color,640,640,"dragón panadero, dragón lindo, panadero, personaje de fantasía, dragón de cocina caricatura plana",Pixabay,fernanda_garcia,58fceffffc23c959c91b6217183b52d3c0ce1542
fernanda_garcia_img_0320,img_0320.png,monstruos_y_criaturas,ilustracion_plana_color,640,360,"bebé dragón, continuar, azul, fantasía, místico, arte caricatura plana",Pixabay,fernanda_garcia,0bee45b875429af83e443adeb6dadc9d337d671d
fernanda_garcia_img_0321,img_0321.png,monstruos_y_criaturas,ilustracion_plana_color,472,640,"vampiro, fantasía, personaje, dama, maldad, malvado, sencillo, minimalista, dibu caricatura plana",Pixabay,fernanda_garcia,4f02cab839092e06988420856b63721c970ad625
fernanda_garcia_img_0322,img_0322.png,monstruos_y_criaturas,ilustracion_plana_color,640,621,"demonio, smiley, rojo, cuernos, orejas, colmillos, vampiro, dracula, monstruo caricatura plana",Pixabay,fernanda_garcia,9cf8541c7feada5dbadd5d371dbc0447459db5a2
fernanda_garcia_img_0323,img_0323.png,monstruos_y_criaturas,ilustracion_plana_color,448,640,"vampiro, masculino, hombre, fantasía, punk, criatura, vampiro, vampiro, vampiro, caricatura plana",Pixabay,fernanda_garcia,2e97719b2ed4573045d5885ed5382a77b45505ae
fernanda_garcia_img_0324,img_0324.png,monstruos_y_criaturas,ilustracion_plana_color,640,320,"las manos, garras, vampiro, demonio, bruja, mago, contorno, dibujo a mano, corta caricatura plana",Pixabay,fernanda_garcia,838ee640a972b861630185c1b0d92e8586444861
fernanda_garcia_img_0325,img_0325.jpg,monstruos_y_criaturas,ilustracion_plana_color,587,640,"clipart, dibujo, vampiro, castillo, murciélago, víspera de todos los santos, esc caricatura plana",Pixabay,fernanda_garcia,cc86b81531343c301dc02118a38dcdb18479b93b
fernanda_garcia_img_0326,img_0326.png,monstruos_y_criaturas,ilustracion_plana_color,407,640,"espeluznante, maldad, noche, de miedo, zombi, fantasma, horror, pegatina, escalo caricatura plana",Pixabay,fernanda_garcia,fca08f2c3b331120538743039493f6f943bd346e
fernanda_garcia_img_0327,img_0327.png,monstruos_y_criaturas,ilustracion_plana_color,640,640,"ai generado, vampiro, linda, sonrisa, diente, de miedo, maldad, víspera de todos caricatura plana",Pixabay,fernanda_garcia,898ab514c9c43c0f57a6307e50968d8b775c5659
fernanda_garcia_img_0328,img_0328.png,monstruos_y_criaturas,ilustracion_plana_color,640,640,"vampiro, lila, lindo, noche, mes, víspera de todos los santos, fantasía, dracula caricatura plana",Pixabay,fernanda_garcia,d8caef185b85bf40f14cc3d0681ac0f1f70d6566
fernanda_garcia_img_0329,img_0329.png,monstruos_y_criaturas,ilustracion_plana_color,640,599,"linda, vampiro, dracula, víspera de todos los santos, página para colorear, dibu caricatura plana",Pixabay,fernanda_garcia,440567d46d6faa196241069673c86ccf60b008bd
fernanda_garcia_img_0330,img_0330.png,monstruos_y_criaturas,ilustracion_plana_color,427,640,"ilustración de halloween, fantasma enojado, pequeña bruja, espeluznantemente lin caricatura plana",Pixabay,fernanda_garcia,8dfb5f5de2519c1d120f332ffe22530ec164361d
fernanda_garcia_img_0331,img_0331.png,monstruos_y_criaturas,ilustracion_plana_color,599,640,"magia, mago, bruja, fantasía, deletrear, hechicero, místico, brujería, hechicerí caricatura plana",Pixabay,fernanda_garcia,0bd483b46056d7c1f862f982896fc63426e9db2d
fernanda_garcia_img_0332,img_0332.jpg,monstruos_y_criaturas,ilustracion_plana_color,329,640,"ai generated, monster, creature, cartoon, fantasy, imaginary, friendly, beast, m caricatura plana",Pixabay,fernanda_garcia,361e011c3521c4dabe7a9e4d9ccc9136e8a37eab
fernanda_garcia_img_0333,img_0333.jpg,monstruos_y_criaturas,ilustracion_plana_color,567,640,"monster, animal, nature, cartoon, character, alien, creature, funny, design caricatura plana",Pixabay,fernanda_garcia,38ec7a1a829fcfc52ce2aa8ca056d704f1dbb623
fernanda_garcia_img_0334,img_0334.png,monstruos_y_criaturas,ilustracion_plana_color,640,607,"monster, alien, ufo, spaceship, planet, cartoon, fantasy, space, extraterrestria caricatura plana",Pixabay,fernanda_garcia,0fc2425e4ea60ce46fd38ecc4330d199b4e6c42b
fernanda_garcia_img_0335,img_0335.jpg,monstruos_y_criaturas,ilustracion_plana_color,597,640,"doodle, cartoon, monster, art, alien, character, fantasy, creatures, nature, ani caricatura plana",Pixabay,fernanda_garcia,c63c007f8b0cbbf7ff1e87b636b1e8be8600143b
fernanda_garcia_img_0336,img_0336.png,monstruos_y_criaturas,ilustracion_plana_color,640,600,"school day, school, alien, monster, fantasy, space, driver, fun, cartoon, excite caricatura plana",Pixabay,fernanda_garcia,aac8a77793d21180765852350fe40a382712c928
fernanda_garcia_img_0337,img_0337.png,monstruos_y_criaturas,ilustracion_plana_color,640,640,"víspera de todos los santos, casa embrujada, fantasma, bruja, casa, horror, cort caricatura plana",Pixabay,fernanda_garcia,5f1c7c0035f05d2171131f7f6557b62c985d3595
fernanda_garcia_img_0338,img_0338.png,monstruos_y_criaturas,ilustracion_plana_color,427,640,"guardarropa, fantasma, monstruo, horror, temor, víspera de todos los santos, esc caricatura plana",Pixabay,fernanda_garcia,a08a584607c42944b023198f42f0b7337df9e9fa
fernanda_garcia_img_0339,img_0339.png,monstruos_y_criaturas,ilustracion_plana_color,572,640,"fantasma, abucheo, víspera de todos los santos, linda, dibujos animados, dibujos caricatura plana",Pixabay,fernanda_garcia,74d8830d35030cf70d96b00cb3aded8438dbc96c
fernanda_garcia_img_0340,img_0340.jpg,monstruos_y_criaturas,ilustracion_plana_color,503,640,"fantasma, flores, bosque, plantas, naturaleza, linda, víspera de todos los santo caricatura plana",Pixabay,fernanda_garcia,6c029fabb507d920fcaa788b0ff1bfcbf7dc83fe
fernanda_garcia_img_0341,img_0341.jpg,monstruos_y_criaturas,ilustracion_plana_color,640,640,"víspera de todos los santos, fantasma, murciélago, linda, escalofriante, escoba, caricatura plana",Pixabay,fernanda_garcia,cc3c037cd17be07549fa040f61719cdc92b9f164
fernanda_garcia_img_0342,img_0342.jpg,monstruos_y_criaturas,ilustracion_plana_color,640,640,"víspera de todos los santos, calabaza, escalofriante, ratón, fantasma, bosque, h caricatura plana",Pixabay,fernanda_garcia,2133a49e7e25b6293cb451da360fd3de717bb915
fernanda_garcia_img_0343,img_0343.jpg,monstruos_y_criaturas,ilustracion_plana_color,640,400,"víspera de todos los santos, fantasma, calabaza, fondo de halloween, murciélago, caricatura plana",Pixabay,fernanda_garcia,09463dfa0ea095be001c3a4548a98d180aedb177
fernanda_garcia_img_0344,img_0344.png,monstruos_y_criaturas,ilustracion_plana_color,640,640,"víspera de todos los santos, naturaleza, garabatear, otoño, calabaza, sombrero,  caricatura plana",Pixabay,fernanda_garcia,f4c7faf49656da65d8c13bf2deab97afccc371fa
fernanda_garcia_img_0345,img_0345.png,monstruos_y_criaturas,ilustracion_plana_color,558,640,"fantasma, escalofriante, víspera de todos los santos, horror, oscuro, espeluznan caricatura plana",Pixabay,fernanda_garcia,f1f144ea81916fca304a5925cbfdb902a75ed203
fernanda_garcia_img_0346,img_0346.png,monstruos_y_criaturas,ilustracion_plana_color,630,640,"abucheo, dibujos animados, fantasma, víspera de todos los santos, leyendo, espec caricatura plana",Pixabay,fernanda_garcia,6786635c59e0aa14f220aae33b098d59cbb02c0f
fernanda_garcia_img_0347,img_0347.jpg,monstruos_y_criaturas,ilustracion_plana_color,602,640,"ai generado, fantasma, dibujos animados, personaje, víspera de todos los santos caricatura plana",Pixabay,fernanda_garcia,e89f045baa72b39159c8bb91ebeada8ac0ea2918
fernanda_garcia_img_0348,img_0348.png,monstruos_y_criaturas,ilustracion_plana_color,420,640,"monster, alien, brown, cute, funny, eye, teeth, cartoon, fantasy, character, iso caricatura plana",Pixabay,fernanda_garcia,e41f23aa69f249a5e8ba43b9cc0c394803c72da5
fernanda_garcia_img_0349,img_0349.png,monstruos_y_criaturas,ilustracion_plana_color,640,472,"alien, monster, science fiction, alien, alien, alien, alien, alien, monster, mon caricatura plana",Pixabay,fernanda_garcia,c6648a4d17c98ba29b1d50c3c8bd3429af05208f
fernanda_garcia_img_0350,img_0350.png,monstruos_y_criaturas,ilustracion_plana_color,375,640,"zombi, pastillas, verde, caricaturista, el personaje, corbata, pantalones raídos caricatura plana",Pixabay,fernanda_garcia,9b14e218bb7c258d93e9d987c1777e27bcf8a282
fernanda_garcia_img_0351,img_0351.png,monstruos_y_criaturas,ilustracion_plana_color,537,640,"alien, extraterrestrial, horror, fiction, exploration, monster, cartoon, hallowe caricatura plana",Pixabay,fernanda_garcia,efe951f6cfb736e9ad22191ba034c85f87d19a1b
fernanda_garcia_img_0352,img_0352.png,monstruos_y_criaturas,ilustracion_plana_color,640,359,"zombi, pastillas, montaña, medicamentos, correr, verde, caricaturista, el person caricatura plana",Pixabay,fernanda_garcia,365f59a017762836327361024a2a089a9c703cbf
fernanda_garcia_img_0353,img_0353.png,monstruos_y_criaturas,ilustracion_plana_color,640,593,"monster, cartoon, halloween, alien, extraterrestrial, eye, papillon, stricchetto caricatura plana",Pixabay,fernanda_garcia,eb55179c333777126891048c9251242c0f98a383
fernanda_garcia_img_0354,img_0354.png,monstruos_y_criaturas,ilustracion_plana_color,474,640,"alien, smiley, design, monster, symbol, character, icon, head, creature, beast,  caricatura plana",Pixabay,fernanda_garcia,6be0a1529fba80b6ac073507a673ca5ebed6f15a
fernanda_garcia_img_0355,img_0355.png,monstruos_y_criaturas,ilustracion_plana_color,373,640,"toy, monster, fantasy, stone, beige, strange, character, alien, creature, ugly,  caricatura plana",Pixabay,fernanda_garcia,7fb57cca2e8ee9746cd814dd072e6d7256bfa78a
fernanda_garcia_img_0356,img_0356.png,monstruos_y_criaturas,ilustracion_plana_color,358,640,"alien, extraterrestrial life, creature, green monster, green guy, cute creature, caricatura plana",Pixabay,fernanda_garcia,33938261a72e83eb13992a013cc434c2c86204b5
fernanda_garcia_img_0357,img_0357.png,monstruos_y_criaturas,ilustracion_plana_color,640,640,"víspera de todos los santos, mascota, dibujos animados, de miedo, fantasma, cala caricatura plana",Pixabay,fernanda_garcia,2cb462dbdde662fe97097e02e9c6c9219d06c8f1
fernanda_garcia_img_0358,img_0358.png,monstruos_y_criaturas,ilustracion_plana_color,528,640,"mano, zombi, horror, de miedo, mano zombie, maldad, monstruo, temor, pesadilla,  caricatura plana",Pixabay,fernanda_garcia,0ddbea879be2407deb37d8de2b7dfa419c5ad2fb
fernanda_garcia_img_0359,img_0359.png,monstruos_y_criaturas,ilustracion_plana_color,635,640,"víspera de todos los santos, zombi, escalofriante, muertos vivientes, de miedo,  caricatura plana",Pixabay,fernanda_garcia,453759688a06bc4fe47ca81c6b238e1bd60942e3
fernanda_garcia_img_0360,img_0360.png,monstruos_y_criaturas,ilustracion_plana_color,526,640,"cráneo, hueso, personaje, azul, personaje esqueleto, fantasía, empleado de ofici caricatura plana",Pixabay,fernanda_garcia,4a79e20c73a9d282d3b82c2f6855a60a425a13b8
fernanda_garcia_img_0361,img_0361.png,monstruos_y_criaturas,ilustracion_plana_color,427,640,"zombi, horror, monstruo, muertos vivientes, espeluznante, ai generado caricatura plana",Pixabay,fernanda_garcia,7755e8cb48754573ca01b9e8f60144fc3e0a4b2c
fernanda_garcia_img_0362,img_0362.png,monstruos_y_criaturas,ilustracion_plana_color,452,640,"zombi, loco chic, dibujos animados, grotesco, divertido, dibujo, historietas, se caricatura plana",Pixabay,fernanda_garcia,8ae25f5e7590490f64dba4d42f12fced644aadcf
fernanda_garcia_img_0363,img_0363.png,monstruos_y_criaturas,ilustracion_plana_color,427,640,"ai generado, zombi, monstruo, horror, víspera de todos los santos, muertos vivie caricatura plana",Pixabay,fernanda_garcia,ec072f1ec56d04840d814a42e4009240fa434253
fernanda_garcia_img_0364,img_0364.png,monstruos_y_criaturas,ilustracion_plana_color,640,640,"ai generado, zombi, horror, muertos vivientes, de miedo, vaquero, occidental, so caricatura plana",Pixabay,fernanda_garcia,3ee0b31f716406dcb46ff582b850e3e74a6e1b26
fernanda_garcia_img_0365,img_0365.png,monstruos_y_criaturas,ilustracion_plana_color,640,640,"line art, drawing, design, cartoon, outline, kdp, transparent, sketch, doodle, c caricatura plana",Pixabay,fernanda_garcia,4ed76134b3eb8ced4ad72f1184dfeb3ee9756787
fernanda_garcia_img_0366,img_0366.png,monstruos_y_criaturas,ilustracion_plana_color,487,640,"víspera de todos los santos, cráneo, esqueleto, zombi, personaje, rojo, trabajad caricatura plana",Pixabay,fernanda_garcia,babbf3fd24764e0b305f1c0065a6bcc4e6f17d3c
fernanda_garcia_img_0367,img_0367.png,monstruos_y_criaturas,ilustracion_plana_color,570,640,"cráneo, hueso, personaje de calavera, zombi, empleado de oficina, empleado, oro, caricatura plana",Pixabay,fernanda_garcia,d81f0a58b3d2263a274b2d672d479a82102bda42
fernanda_garcia_img_0368,img_0368.png,monstruos_y_criaturas,ilustracion_plana_color,423,640,"toy, monster, fantasy, stone, scary, strange, character, alien, creature, ugly,  caricatura plana",Pixabay,fernanda_garcia,6358df7ff0fe6333a093499ed077b3c73cce8a39
fernanda_garcia_img_0369,img_0369.png,monstruos_y_criaturas,ilustracion_plana_color,640,640,"ai generado, zombi, cabeza, logo, emblema, muertos vivientes, minimalista, diseñ caricatura plana",Pixabay,fernanda_garcia,9184128372f8592a3c2a6b216a0751ecb738e85a
fernanda_garcia_img_0370,img_0370.png,monstruos_y_criaturas,ilustracion_plana_color,640,400,"ai generado, monstruo, cómic, criatura, zombi, divertida, póster, resumen, retro caricatura plana",Pixabay,fernanda_garcia,c82f034435bb9a7f15214ecc190301d3a4f582e8
fernanda_garcia_img_0371,img_0371.png,monstruos_y_criaturas,ilustracion_plana_color,640,640,"zombi, cabeza, logo, emblema, icono, muertos vivientes, sangriento, ai generado, caricatura plana",Pixabay,fernanda_garcia,2023f8cea69e95a42a2a72d2fb4601a4e3974618
fernanda_garcia_img_0372,img_0372.png,monstruos_y_criaturas,ilustracion_plana_color,513,640,"monster, pacman, pac-man, alien, eye, orange, creature, orange eye, orange alien caricatura plana",Pixabay,fernanda_garcia,dc410c1e6ddadbfe01f8ee428f78208114d27751
fernanda_garcia_img_0373,img_0373.png,monstruos_y_criaturas,ilustracion_plana_color,600,640,"larva, monster, animal, nature, insect, alien, worm, poison, poisonous, cell, ca caricatura plana",Pixabay,fernanda_garcia,fe56eb67c730e1a0861abf599f9c2941c696ba35
fernanda_garcia_img_0374,img_0374.png,monstruos_y_criaturas,ilustracion_plana_color,405,640,"alien, monster, print, science fiction, alien, alien, monster, monster, monster, caricatura plana",Pixabay,fernanda_garcia,41cd9149c1482f026d4a115e55ba4e2f2f8d957a
fernanda_garcia_img_0375,img_0375.png,monstruos_y_criaturas,ilustracion_plana_color,640,636,"alien, cartoon, face, eye, cute, funny, space, ufo, simple, logo, planet, mascot caricatura plana",Pixabay,fernanda_garcia,f3df31a10096df2902b406c3351bcc5069ef7541
fernanda_garcia_img_0376,img_0376.png,monstruos_y_criaturas,ilustracion_plana_color,640,359,"ai generado, hombre-lobo, transformar, lobo, hombre, humanoide, antropomórfico,  caricatura plana",Pixabay,fernanda_garcia,b5d4da8c03a2b849d046c17b88441a52c72b7247
fernanda_garcia_img_0377,img_0377.png,monstruos_y_criaturas,ilustracion_plana_color,376,640,"aliens, comic, eye stalks, tentacles, aliens, aliens, aliens, aliens, aliens caricatura plana",Pixabay,fernanda_garcia,e927ae4fdd45c579d2d33e66f990d2b612b9cef5
fernanda_garcia_img_0378,img_0378.png,monstruos_y_criaturas,ilustracion_plana_color,474,640,"alien, smiley, emoji, emoticon, expression, design, monster, cartoon, symbol, ch caricatura plana",Pixabay,fernanda_garcia,111c8ba692435d9fdaeb466ea89bac34d20e9ac1
fernanda_garcia_img_0379,img_0379.png,monstruos_y_criaturas,ilustracion_plana_color,640,640,"lobo, naturaleza, animal, depredador, mamífero, cazador, fauna, enfermo, frío, a caricatura plana",Pixabay,fernanda_garcia,8ddc83403add4810ebcab4359b6a2a8af7d5087f
fernanda_garcia_img_0380,img_0380.png,monstruos_y_criaturas,ilustracion_plana_color,640,640,"lobo, animal, depredador, naturaleza, mamífero, cazador, fauna, salvaje, gris, p caricatura plana",Pixabay,fernanda_garcia,36ac59bddc6918a7091be4977c7b92fbeee6a7ea
fernanda_garcia_img_0381,img_0381.png,monstruos_y_criaturas,ilustracion_plana_color,640,359,"ai generado, hombre lobo, mezclilla, lengua, cambiando, hombre-lobo, transformar caricatura plana",Pixabay,fernanda_garcia,ef62cf95f041e2aee46f4126ef7ce0e691b233db
fernanda_garcia_img_0382,img_0382.png,monstruos_y_criaturas,ilustracion_plana_color,426,640,"ai generated, monster, alien, creature, blob, fun, funny, strange, weird, bizarr caricatura plana",Pixabay,fernanda_garcia,a883d8207fe17d6292952ff76fe6bbf5cbeac310
fernanda_garcia_img_0383,img_0383.jpg,monstruos_y_criaturas,ilustracion_plana_color,640,418,"hombres, garabatear, dibujos animados, grupo, comunidad, caracteres, grupo de ho caricatura plana",Pixabay,fernanda_garcia,e99efaba98df62adb415a36ea28dcfae59688235
fernanda_garcia_img_0384,img_0384.png,monstruos_y_criaturas,ilustracion_plana_color,640,452,"monster, alien, nature, chasing, hunting, humans, desert, robot, funny, space su caricatura plana",Pixabay,fernanda_garcia,6f7fc5132e5124539262888a725ba3037b9135b8
fernanda_garcia_img_0385,img_0385.png,monstruos_y_criaturas,ilustracion_plana_color,452,640,"lobo, bestia, lobo gris, animal, naturaleza, separar caricatura plana",Pixabay,fernanda_garcia,677922207c0e68003d7f4a2e9d60acbff961233a
fernanda_garcia_img_0386,img_0386.png,monstruos_y_criaturas,ilustracion_plana_color,320,640,"ai generado, naturaleza, hombre-lobo, monstruo, licántropo, criatura, fantasía,  caricatura plana",Pixabay,fernanda_garcia,4615009953b3f33077b8230f9e32a5ba3cdeb931
fernanda_garcia_img_0387,img_0387.png,monstruos_y_criaturas,ilustracion_plana_color,640,596,"virus, alien, health, bug, medical, monster, creature, hygiene, germ, bacteria,  caricatura plana",Pixabay,fernanda_garcia,da0929018b2cc6bd77b13a56bc64682ff26f21aa
fernanda_garcia_img_0388,img_0388.jpg,monstruos_y_criaturas,ilustracion_plana_color,486,640,"la fantasía de hombre lobo, monstruo, místico, figura, misterioso, de miedo, fan caricatura plana",Pixabay,fernanda_garcia,b0fdad75265328b8f41c03f89c382fa37e1d9a9c
fernanda_garcia_img_0389,img_0389.jpg,monstruos_y_criaturas,ilustracion_plana_color,640,640,"ai generated, monsters, creature, cartoon, fantasy, imaginary, friendly, beast,  caricatura plana",Pixabay,fernanda_garcia,82534d001a502b7e581a147cc49100809ecf7c9a
fernanda_garcia_img_0390,img_0390.png,monstruos_y_criaturas,ilustracion_plana_color,474,640,"alien, smiley, huh, emotion, emoticon, emoji, cartoon, design, monster, symbol,  caricatura plana",Pixabay,fernanda_garcia,6ba02fb126f8d5b9a667781393ad460d4878e6a3
fernanda_garcia_img_0391,img_0391.png,monstruos_y_criaturas,ilustracion_plana_color,640,503,"ogro, hacha de batalla, vikingo, pirata, combatiente, guerrero, ladrón, soldado, caricatura plana",Pixabay,fernanda_garcia,0ed081fcbe551724fe5d0de98d2996bfe918dcf7
fernanda_garcia_img_0392,img_0392.png,monstruos_y_criaturas,ilustracion_plana_color,550,640,"alien, smiley, emoji, emoticon, emotions, cartoon, design, monster, symbol, char caricatura plana",Pixabay,fernanda_garcia,14458dbfa9698b7075360fcb7f11641d1a850b93
fernanda_garcia_img_0393,img_0393.png,monstruos_y_criaturas,ilustracion_plana_color,640,640,"troll, duende, fantasía, personaje, hacer, cuernos, colmillos, calaveras, verde, caricatura plana",Pixabay,fernanda_garcia,7d566aa95e05c47cbb67053d1bd5cd3d29922765
fernanda_garcia_img_0394,img_0394.png,monstruos_y_criaturas,ilustracion_plana_color,457,640,"orco, personaje, fantasía, monstruo, guerrero, magia, maldad, ogro, fuerte, enfa caricatura plana",Pixabay,fernanda_garcia,38fdf2c6cc5e8c4a180e6712239cb49f313768e1
fernanda_garcia_img_0395,img_0395.png,monstruos_y_criaturas,ilustracion_plana_color,474,640,"alien, smiley, emoji, emotion, emoticon, computer, element, cartoon, design, mon caricatura plana",Pixabay,fernanda_garcia,2fef85ddc42734128f98168b7489ec8212a29738
fernanda_garcia_img_0396,img_0396.png,monstruos_y_criaturas,ilustracion_plana_color,501,640,"alien, smiley, monster, design, symbol, character, icon, head, creature, funny,  caricatura plana",Pixabay,fernanda_garcia,63e54fa7c035d26a362494b014c03cde2a796cac
fernanda_garcia_img_0397,img_0397.png,monstruos_y_criaturas,ilustracion_plana_color,474,640,"alien, smiley, emoji, emoticon, expression, emotion, sorry, cartoon, design, mon caricatura plana",Pixabay,fernanda_garcia,fab2e17e41b054e87047aa880be175f0e6f97f31
fernanda_garcia_img_0398,img_0398.png,monstruos_y_criaturas,ilustracion_plana_color,484,640,"toy, monster, fantasy, stone, purple, strange, character, alien, creature, ugly, caricatura plana",Pixabay,fernanda_garcia,fe4926a711c2a11645e5945f1c756f6f408f20fd
fernanda_garcia_img_0399,img_0399.jpg,monstruos_y_criaturas,ilustracion_plana_color,640,452,"monster, draw, design, character, creature, cartoon, animal, cute, icon, happy,  caricatura plana",Pixabay,fernanda_garcia,6c947de677677e642e8182111fb9436c0790426f
fernanda_garcia_img_0400,img_0400.jpg,monstruos_y_criaturas,ilustracion_plana_color,489,640,"caricatura, imaginación, creatividad, pelea, sombra, reflexión, enojar, la cobar caricatura plana",Pixabay,fernanda_garcia,0f023877535c54d1733f3760df74eb42091523b4
fernanda_garcia_img_0401,img_0401.png,monstruos_y_criaturas,ilustracion_plana_color,640,629,"pacman, pac-man, game, computer game, baddie, arcade, alien, extraterrestrial, g caricatura plana",Pixabay,fernanda_garcia,5ea5cdf2378039dc3be3a789e87cdaf9327b49aa
fernanda_garcia_img_0402,img_0402.png,monstruos_y_criaturas,ilustracion_plana_color,474,640,"alien, smiley, emoji, emoticon, emotion, cartoon, design, monster, symbol, chara caricatura plana",Pixabay,fernanda_garcia,de46fafa056853f656220198394993facb70a14d
fernanda_garcia_img_0403,img_0403.png,monstruos_y_criaturas,ilustracion_plana_color,640,427,"ai generated, alien, monster, cartoon, space, planet, fantasy, horror, futuristi caricatura plana",Pixabay,fernanda_garcia,1dcb77d89fe8d8cd3c0989eb83a1492f8fec83bc
fernanda_garcia_img_0404,img_0404.png,monstruos_y_criaturas,ilustracion_plana_color,305,640,"duende, navidad, día festivo, dibujo, regalo caricatura plana",Pixabay,fernanda_garcia,468db6c1291c2e0147d5bf16e9089b8e7413cabd
fernanda_garcia_img_0405,img_0405.png,monstruos_y_criaturas,ilustracion_plana_color,518,640,"enano, gnomo, duende, chupete, elfo feliz, dibujos animados, clipart, separar caricatura plana",Pixabay,fernanda_garcia,4f55dfaf5f77a83b200d2e3f583412155ec83061
fernanda_garcia_img_0406,img_0406.png,monstruos_y_criaturas,ilustracion_plana_color,640,640,"alien, funny, light bulb, idea, extraterrestrial, science, character, ufo, monst caricatura plana",Pixabay,fernanda_garcia,a1b98fe551693de64deca46b3e8ad85912a5468f
fernanda_garcia_img_0407,img_0407.png,monstruos_y_criaturas,ilustracion_plana_color,427,640,"ai generado, duende, criatura, personaje, fantasía, cuento de hadas caricatura plana",Pixabay,fernanda_garcia,384f02e164f9edc7d51a7248303bf2b015a3cc44
fernanda_garcia_img_0408,img_0408.png,monstruos_y_criaturas,ilustracion_plana_color,640,472,"alien, monster, print, science fiction, alien, alien, alien, alien, alien, monst caricatura plana",Pixabay,fernanda_garcia,0611d5f70e261cb6b4a9f7c60b6bae6ad33f9d5d
fernanda_garcia_img_0409,img_0409.png,monstruos_y_criaturas,ilustracion_plana_color,640,502,"alien, emoji, emoticon, icon, emotion, expression, monster, smiley, character, c caricatura plana",Pixabay,fernanda_garcia,d028bb6abb7e9658efd87fc697b70142a1285a75
fernanda_garcia_img_0410,img_0410.png,monstruos_y_criaturas,ilustracion_plana_color,427,640,"ai generado, duende, mujer, guerrero, fantasía, personaje, cuento de hadas caricatura plana",Pixabay,fernanda_garcia,ac0490bdd89608c1e8f4b783f6c1783b59d10ef3
fernanda_garcia_img_0411,img_0411.png,monstruos_y_criaturas,ilustracion_plana_color,445,640,"alien, cosmic, monster, space, green, angry, evil, alien, alien, alien, alien, a caricatura plana",Pixabay,fernanda_garcia,485e5face835b9ea220344fdaaf34122f0d4f9a0
fernanda_garcia_img_0412,img_0412.png,monstruos_y_criaturas,ilustracion_plana_color,640,446,"pulpo, monstruo, mar profundo, pulpo gigante, carrusel, pesca caricatura plana",Pixabay,fernanda_garcia,53bd7dfa6e04b1c8cf1698e6a2477ef995d3032b
fernanda_garcia_img_0413,img_0413.png,monstruos_y_criaturas,ilustracion_plana_color,474,640,"alien, creature, green, little, monster, alien, alien, monster, monster, monster caricatura plana",Pixabay,fernanda_garcia,8e91d20b9074aa1c59a102c1c1a8e5e0981d25f1
fernanda_garcia_img_0414,img_0414.png,monstruos_y_criaturas,ilustracion_plana_color,480,640,"máscara, gigante, máscara de miedo, dibujo, cuadro, personaje animado, clipart,  caricatura plana",Pixabay,fernanda_garcia,a060eb61b1675c93d9902777594ca7e9def310ea
fernanda_garcia_img_0415,img_0415.jpg,monstruos_y_criaturas,ilustracion_plana_color,640,640,"green, mucus, sample, colorful, cartoon monster, green cartoon monster, ai gener caricatura plana",Pixabay,fernanda_garcia,2617c9117f628d9ce3d0464dd1b7a39eef75f6cb
fernanda_garcia_img_0416,img_0416.png,monstruos_y_criaturas,ilustracion_plana_color,464,640,"monster, alien, giant, nature, forest, eating caricatura plana",Pixabay,fernanda_garcia,5e557955fbd6e4776e5c7f9c747fdf42aaae21cc
fernanda_garcia_img_0417,img_0417.png,monstruos_y_criaturas,ilustracion_plana_color,512,640,"niños, dibujo, obra de arte, arte, artístico, vistoso, colorante, garabatear, mo caricatura plana",Pixabay,fernanda_garcia,dcbf9790ce9906a24f917ef39db041e2816c8b16
fernanda_garcia_img_0418,img_0418.png,monstruos_y_criaturas,ilustracion_plana_color,640,320,"octopus, devilfish, nature, octopod, kraken, sea life, animal, monster, sea mons caricatura plana",Pixabay,fernanda_garcia,fab1f67de9231f901c01ef7ec1c25bfc819885e6
fernanda_garcia_img_0419,img_0419.png,monstruos_y_criaturas,ilustracion_plana_color,640,549,"halloween, ufo, alien, spaceship, extraterrestrial, sci fi, mystery caricatura plana",Pixabay,fernanda_garcia,dab06b2de3b5c86f08fadd6dbf982309eecf2ed8
fernanda_garcia_img_0420,img_0420.png,monstruos_y_criaturas,ilustracion_plana_color,477,640,"demonio, infierno, lucifer, satán, maldad, monstruo, demonio, demonio, demonio,  caricatura plana",Pixabay,fernanda_garcia,e41d7b4aa705b5cb4ada738864b9bb5b0cd374eb
fernanda_garcia_img_0421,img_0421.png,monstruos_y_criaturas,ilustracion_plana_color,640,610,"demonio, personaje, gráfico, maldad, separar caricatura plana",Pixabay,fernanda_garcia,0f8a945479594fa35a143292d1d4f78724eecbed
fernanda_garcia_img_0422,img_0422.png,monstruos_y_criaturas,ilustracion_plana_color,493,640,"alien, martian, cosmic, face, green, green alien, extraterrestrial, science fict caricatura plana",Pixabay,fernanda_garcia,b2f662bdb71b0eda65be26d9a0ca78381e56093d
fernanda_garcia_img_0423,img_0423.png,monstruos_y_criaturas,ilustracion_plana_color,640,621,"mutant, martian, alien, monster, cosmic, extraterrestrial, humanoid, frog-like,  caricatura plana",Pixabay,fernanda_garcia,9b67b5b5fbb9eb1c3d76436a0e77a889a12f815d
fernanda_garcia_img_0424,img_0424.png,monstruos_y_criaturas,ilustracion_plana_color,533,640,"alien, monster, skull, head, face, creature, demon, devil, gray skull, gray devi caricatura plana",Pixabay,fernanda_garcia,65e2e4a72fbf02622e0b3aeb076215d9d1e92a9e
fernanda_garcia_img_0425,img_0425.png,monstruos_y_criaturas,ilustracion_plana_color,640,553,"duende, fantasía, demonio caricatura plana",Pixabay,fernanda_garcia,8354590587d2e7da70585fe092307ba401650505
fernanda_garcia_img_0426,img_0426.png,monstruos_y_criaturas,ilustracion_plana_color,640,640,"demonio, niña, cuernos, mujer, diablo femenino, demonio femenino, cuernos del di caricatura plana",Pixabay,fernanda_garcia,141a10ae0b38b2040dd90933b07a5c0a1a0da0b2
fernanda_garcia_img_0427,img_0427.png,monstruos_y_criaturas,ilustracion_plana_color,514,640,"demonio, esquinas, clipart, separar, diablos, san nicolás caricatura plana",Pixabay,fernanda_garcia,347f4632af882b4f6150415b989c2f8c01f8b76c
fernanda_garcia_img_0428,img_0428.png,monstruos_y_criaturas,ilustracion_plana_color,640,501,"hooded, alien, monster, creature, face, fantasy, green, eyes, reptile, mystic, h caricatura plana",Pixabay,fernanda_garcia,bdf577bd8a9528118861cfd2b5224ec74ac1d8d7
fernanda_garcia_img_0429,img_0429.png,monstruos_y_criaturas,ilustracion_plana_color,640,564,"alien, emoji, emoticon, icon, emotion, expression, monster, smiley, character, c caricatura plana",Pixabay,fernanda_garcia,a0a6328f131d1d4162aa24da13545022f62071d8
fernanda_garcia_img_0430,img_0430.png,monstruos_y_criaturas,ilustracion_plana_color,640,336,"ufo, alien ship, spaceship, alien, ship, spacecraft, space, fantasy, extraterres caricatura plana",Pixabay,fernanda_garcia,734ea3e6ad510e68995607e08660c2a2ae442f65
fernanda_garcia_img_0431,img_0431.png,monstruos_y_criaturas,ilustracion_plana_color,320,640,"monster, alien, octopus, sea monster, nature, octopod, devilfish, kraken, sea li caricatura plana",Pixabay,fernanda_garcia,af42a2d32be175fa5c777fc7ee4335aff0308ef6
fernanda_garcia_img_0432,img_0432.png,monstruos_y_criaturas,ilustracion_plana_color,640,501,"hooded, alien, monster, creature, face, fantasy, green, reptile, hooded, hooded, caricatura plana",Pixabay,fernanda_garcia,775bd2260456d73bf392c24f31b9b79b8970d6e4
fernanda_garcia_img_0433,img_0433.png,monstruos_y_criaturas,ilustracion_plana_color,565,640,"demonio, satán, infierno, horror, lucifer, mitología, satánico, antecristo caricatura plana",Pixabay,fernanda_garcia,35b2e5520e408db7963a4ada9262ec1216ab1d74
fernanda_garcia_img_0434,img_0434.png,monstruos_y_criaturas,ilustracion_plana_color,640,427,"grim reaper, muerte, linda, chibi, víspera de todos los santos, esqueleto, guada caricatura plana",Pixabay,fernanda_garcia,345ebfb82064ecfa49d4bb1697d5cb86d8b27137
fernanda_garcia_img_0435,img_0435.png,monstruos_y_criaturas,ilustracion_plana_color,640,522,"ai generated, alien, creatures, line art, cartoon, design caricatura plana",Pixabay,fernanda_garcia,d301cdf367ea985bed8da13db9a77604b25c638d
fernanda_garcia_img_0436,img_0436.png,monstruos_y_criaturas,ilustracion_plana_color,640,640,"robot, cartoon, cute, kid, toy, alien, classroom, robot, robot, robot, robot, ro caricatura plana",Pixabay,fernanda_garcia,7c05b5cdad142bcc04996983505523839887f2ff
fernanda_garcia_img_0437,img_0437.png,monstruos_y_criaturas,ilustracion_plana_color,640,344,"dragon, serpent, cartoon, sea monster, sea snake, snake, creature, fantasy, drag caricatura plana",Pixabay,fernanda_garcia,0d7301a1d178b4831dcca8fe2be5d4b19f3b0c72
fernanda_garcia_img_0438,img_0438.jpg,monstruos_y_criaturas,ilustracion_plana_color,640,640,"monster, frankestein, cartoon, drawing, creepy, funny, screws, digital, hallowee caricatura plana",Pixabay,fernanda_garcia,b1ba8ecb2295a72ee59ed3ee4822d68fe1554247
fernanda_garcia_img_0439,img_0439.png,monstruos_y_criaturas,ilustracion_plana_color,520,640,"esqueleto, esqueleto de dibujos animados, víspera de todos los santos, escalofri caricatura plana",Pixabay,fernanda_garcia,bfc5e695d50637390e570c6f65c91112741d875b
fernanda_garcia_img_0440,img_0440.png,monstruos_y_criaturas,ilustracion_plana_color,640,640,"ufo, spaceship, alien, sci-fi, futuristic, extraterrestrial, fantasy, clip art,  caricatura plana",Pixabay,fernanda_garcia,2d9525914a21c5b6ea5386e981fd9eb2038e9744
fernanda_garcia_img_0441,img_0441.png,monstruos_y_criaturas,ilustracion_plana_color,523,640,"dibujos animados, severo, segador, guadaña, esqueleto caricatura plana",Pixabay,fernanda_garcia,559b897436c693c0ca7a889fb06d0863fbef6af9
fernanda_garcia_img_0442,img_0442.png,monstruos_y_criaturas,ilustracion_plana_color,542,640,"monster, demon, devil, evil, alien, monster, monster, monster, monster, monster, caricatura plana",Pixabay,fernanda_garcia,7b770014f72357017f0080d393c84f9722cdfbca
fernanda_garcia_img_0443,img_0443.png,monstruos_y_criaturas,ilustracion_plana_color,521,640,"crazy, monster, fun, alien, extraterrestrial, alie, kids, playful, laugh, funny, caricatura plana",Pixabay,fernanda_garcia,7a4812da7d2476665ab399d83e6e0084241d75a3
fernanda_garcia_img_0444,img_0444.png,monstruos_y_criaturas,ilustracion_plana_color,360,640,"alien, monster, creature, happy, joy, happiness, smile, smiling, cutout caricatura plana",Pixabay,fernanda_garcia,6ccd7948c2009bf1be78bba5c74532de0135e7c9
fernanda_garcia_img_0445,img_0445.png,monstruos_y_criaturas,ilustracion_plana_color,539,640,"víspera de todos los santos, esqueleto, muertos vivientes, zombi, monstruo, mald caricatura plana",Pixabay,fernanda_garcia,62f5b387011686c3f2295a48bc6f826ccc4db3c4
fernanda_garcia_img_0446,img_0446.png,monstruos_y_criaturas,ilustracion_plana_color,575,640,"hueso, muerto, humano, esqueleto, cráneo, ojos caricatura plana",Pixabay,fernanda_garcia,c1726c9da407384d06ecce1ea726842912dd60b1
fernanda_garcia_img_0447,img_0447.png,monstruos_y_criaturas,ilustracion_plana_color,640,400,"alien, blaster, defense, futurism, gun, hero, laser, monster, retro, science fic caricatura plana",Pixabay,fernanda_garcia,856dd1d252d3fa11095c9399cd4f409b7ef02fb1
fernanda_garcia_img_0448,img_0448.png,monstruos_y_criaturas,ilustracion_plana_color,483,640,"caracteres, víspera de todos los santos, esqueleto, cráneo, sprites, esqueleto,  caricatura plana",Pixabay,fernanda_garcia,5b11ac40590bec08db8dbd243ecc56774e07f94a
fernanda_garcia_img_0449,img_0449.jpg,monstruos_y_criaturas,ilustracion_plana_color,640,360,"monster, cyclops, eye, one eye, creature, blue, cartoon, cartoon drawing, flat d caricatura plana",Pixabay,fernanda_garcia,96eee0372e7f65e4549a7d145c8da4bcd3d0f013
fernanda_garcia_img_0450,img_0450.png,monstruos_y_criaturas,ilustracion_plana_color,427,640,"cute alien, cartoon alien, sci fi character, ray gun, space illustration, playfu caricatura plana",Pixabay,fernanda_garcia,4a318852146c3fd9a071861a883053be476d7749
fernanda_garcia_img_0451,img_0451.png,monstruos_y_criaturas,ilustracion_plana_color,427,640,"arte de halloween, zombi, lindo zombi, ilustración espeluznante, personaje de ha caricatura plana",Pixabay,fernanda_garcia,cac2b605247015ae6c2c8a3206a963abc6d1e429
fernanda_garcia_img_0452,img_0452.png,monstruos_y_criaturas,ilustracion_plana_color,548,640,"maldad, rostro, severo, víspera de todos los santos, halloween y horror, horror, caricatura plana",Pixabay,fernanda_garcia,2a47746a318c6916e45bd22ac7244347b15b5c7e
fernanda_garcia_img_0453,img_0453.jpg,monstruos_y_criaturas,ilustracion_plana_color,640,640,"jack o 'lantern, naturaleza, calabaza, bosque, luna llena, calaveras, cabeza de  caricatura plana",Pixabay,fernanda_garcia,782e0c5baf39fe363c63b59626241e8d6bdaa8b4
fernanda_garcia_img_0454,img_0454.jpg,monstruos_y_criaturas,ilustracion_plana_color,640,427,"ai generado, zombi, víspera de todos los santos, temor, monstruo, horrible, fond caricatura plana",Pixabay,fernanda_garcia,2659262fa8df07c7e76bc8a9994a23bdb8486e67
fernanda_garcia_img_0455,img_0455.jpg,monstruos_y_criaturas,ilustracion_plana_color,640,427,"ai generado, zombi, víspera de todos los santos, temor, monstruo, horrible, horr caricatura plana",Pixabay,fernanda_garcia,fbd0380ef1fc7db122fed4049334dbb477e57f08
fernanda_garcia_img_0456,img_0456.jpg,monstruos_y_criaturas,ilustracion_plana_color,640,427,"ai generado, zombi, víspera de todos los santos, temor, monstruo, horrible, horr caricatura plana",Pixabay,fernanda_garcia,73bd60e82300e4b10fe7e465839feb755d462bf8
fernanda_garcia_img_0457,img_0457.png,monstruos_y_criaturas,ilustracion_plana_color,640,426,"ghoul, fantasma, terror, máscara, espeluznante, oscuro, disfraz, tenebroso, esca caricatura plana",Pixabay,fernanda_garcia,07f4154a45fb88f0588325cd376623f272b20745
fernanda_garcia_img_0458,img_0458.jpg,monstruos_y_criaturas,ilustracion_plana_color,640,427,"ai generado, zombi, víspera de todos los santos, temor, monstruo, horrible, fond caricatura plana",Pixabay,fernanda_garcia,b177de65ee630dd63ae6b50a7dbe632c9c30722d
fernanda_garcia_img_0459,img_0459.jpg,monstruos_y_criaturas,ilustracion_plana_color,640,427,"ai generado, zombi, víspera de todos los santos, temor, fondo de halloween, mons caricatura plana",Pixabay,fernanda_garcia,fecb88fa4287a9aac6cf406c57a8fe987956d5be
fernanda_garcia_img_0460,img_0460.jpg,monstruos_y_criaturas,ilustracion_plana_color,640,640,"demonio, antecedentes, arte, anime, maldad, diseño, negro, fantasía, rostro, tem caricatura plana",Pixabay,fernanda_garcia,0a2d7cde7a9dfbd6c51138cf1e38d1795843a791
fernanda_garcia_img_0461,img_0461.jpg,monstruos_y_criaturas,ilustracion_plana_color,640,427,"ai generado, zombi, víspera de todos los santos, temor, monstruo, horrible, horr caricatura plana",Pixabay,fernanda_garcia,fc5d7cd98d0a0c53aa81f665ff4acb98243529b9
fernanda_garcia_img_0462,img_0462.png,monstruos_y_criaturas,ilustracion_plana_color,640,640,"monster, folklore, mythology, creature, dark, terror, sea, euskadi, nature, basq caricatura plana",Pixabay,fernanda_garcia,cc6f1d1786def52f8dc3a2464a1865e5ded5f834
fernanda_garcia_img_0463,img_0463.png,monstruos_y_criaturas,ilustracion_plana_color,640,640,"murciélago, víspera de todos los santos, vampiro, alas, escalofriante, aterrador caricatura plana",Pixabay,fernanda_garcia,bca12fa421aa052364dce3b3f60bf6e0f93a7328
fernanda_garcia_img_0464,img_0464.png,monstruos_y_criaturas,ilustracion_plana_color,640,640,"monster, folklore, mythology, creature, dark, terror, sea, euskadi, basque, natu caricatura plana",Pixabay,fernanda_garcia,fda4f06ec55837844c475985974c7df5e6c01c63
fernanda_garcia_img_0465,img_0465.png,monstruos_y_criaturas,ilustracion_plana_color,640,640,"monster, folklore, mythology, creature, dark, terror, sea, euskadi, nature, basq caricatura plana",Pixabay,fernanda_garcia,fa4e85cde8418dde3242aef2444f1e2e87922644
fernanda_garcia_img_0466,img_0466.jpg,monstruos_y_criaturas,ilustracion_plana_color,640,640,"ai generated, dragon, lizard, monster, cartoon, animal, isolated, cute, sea, cha caricatura plana",Pixabay,fernanda_garcia,7f7ab8f702af9a661c1d7d7529c18bf2f0d601f4
fernanda_garcia_img_0467,img_0467.jpg,monstruos_y_criaturas,ilustracion_plana_color,640,640,"ai generated, dragon, lizard, frog, monster, cartoon, animal, fish, isolated, cu caricatura plana",Pixabay,fernanda_garcia,2c50f3bf16d64d9e9b7388d69606d657b5c9e86d
fernanda_garcia_img_0468,img_0468.png,monstruos_y_criaturas,ilustracion_plana_color,427,640,"lindo esqueleto, globo de corazón, amor gótico, espeluznante lindo, ilustración  caricatura plana",Pixabay,fernanda_garcia,d4277f2926552f8dd3b897a2014a58b518cf2153
fernanda_garcia_img_0469,img_0469.png,monstruos_y_criaturas,ilustracion_plana_color,640,426,"parásito, monstruo, cráneo, halloween, horror, escalofriante, siniestra, macabro caricatura plana",Pixabay,fernanda_garcia,030678c47568961f94b282a31a72c4df787d6131
fernanda_garcia_img_0470,img_0470.jpg,monstruos_y_criaturas,ilustracion_plana_color,640,640,"vampiro, dibujos animados, linda, cansado, somnoliento, manta, taza, café, beber caricatura plana",Pixabay,fernanda_garcia,d8dfbbaaba5e6ad1af2687ef9a0878ffd886d1c3
fernanda_garcia_img_0471,img_0471.png,monstruos_y_criaturas,ilustracion_plana_color,640,640,"cthulhu, monstruo, lovecraft, horror, pulpo, creepy, criatura, pesadilla, extrat caricatura plana",Pixabay,fernanda_garcia,8adf387496373491d1688e0f204180e2138e3461
fernanda_garcia_img_0472,img_0472.png,monstruos_y_criaturas,ilustracion_plana_color,517,640,"zombie, halloween, caminante, muerto, viviente, horror, monstruo, miedo, escalof caricatura plana",Pixabay,fernanda_garcia,743c3db129347a97b84ada559ed8b16076a86401
fernanda_garcia_img_0473,img_0473.png,monstruos_y_criaturas,ilustracion_plana_color,640,640,"mascota de pez, disfraz de murciélago, personaje de halloween, personaje lindo,  caricatura plana",Pixabay,fernanda_garcia,c23855e0c9ba34f1eb64f5a164b63bcdc1691e0f
fernanda_garcia_img_0474,img_0474.jpg,monstruos_y_criaturas,ilustracion_plana_color,633,640,"calabazas para halloween, calabazas de halloween, calabazas de noche de brujas,  caricatura plana",Pixabay,fernanda_garcia,1e90221f7a4da343fdcb4986d24eabdfa7358792
fernanda_garcia_img_0475,img_0475.png,monstruos_y_criaturas,ilustracion_plana_color,640,472,"monstruo, contento, verde, maletín caricatura plana",Pixabay,fernanda_garcia,1ec3da4db86d97c85651177114b08745fc85bde6
fernanda_garcia_img_0476,img_0476.png,monstruos_y_criaturas,ilustracion_plana_color,474,640,"extraterrestre, criatura, verde, pequeño, monstruo caricatura plana",Pixabay,fernanda_garcia,c913d76e430aac871bea42c04e51b6aabf6f2f5b
fernanda_garcia_img_0477,img_0477.png,monstruos_y_criaturas,ilustracion_plana_color,547,640,"demonio, cráneo, monstruo, maldad, huesos, fuego, llamas, verde caricatura plana",Pixabay,fernanda_garcia,8b75d461cbcb6983cfa7a3b59b9b4afa78cdd4bf
fernanda_garcia_img_0478,img_0478.png,monstruos_y_criaturas,ilustracion_plana_color,640,611,"hombre, frankenstein, hueso, oscuro, horror, destacar, tela rasgada, muertos viv caricatura plana",Pixabay,fernanda_garcia,c6b632d86c3ad9a26c9d6e44f314c922f249357c
fernanda_garcia_img_0479,img_0479.jpg,monstruos_y_criaturas,ilustracion_plana_color,640,640,"ai generado, anime, manga, dibujos animados, dnd, rpg, martillo de guerra, fanta caricatura plana",Pixabay,fernanda_garcia,df6635e4fa8ee863c9ce06840a5547eefcbd1e9c
fernanda_garcia_img_0480,img_0480.png,monstruos_y_criaturas,ilustracion_plana_color,640,407,"frankenstein, víspera de todos los santos, verde, temor, dibujos animados, hombr caricatura plana",Pixabay,fernanda_garcia,07ac02aaef8166d8d04563afb8ba443ba7bde944
fernanda_garcia_img_0481,img_0481.png,monstruos_y_criaturas,ilustracion_plana_color,608,640,"troll, monstruo, bestia, duende, fantasía, ogro, shrek, feo, personaje, criatura caricatura plana",Pixabay,fernanda_garcia,422ee132ce92888d1a356c5019b0c759b1ba8432
fernanda_garcia_img_0482,img_0482.png,monstruos_y_criaturas,ilustracion_plana_color,438,640,"monstruo, extraterrestre, fantasma, verde, triple, ojos, trío, cuatro, piernas,  caricatura plana",Pixabay,fernanda_garcia,ca3a478ca20dcdcc0896e09a3746f955b38bff8f
fernanda_garcia_img_0483,img_0483.png,monstruos_y_criaturas,ilustracion_plana_color,640,614,"monstruo, rugido, afilado, diente, púrpura, crianza, cargando, antena, amarillo, caricatura plana",Pixabay,fernanda_garcia,b483059ff5b0a5ca56759e5d05176cb8719840fb
fernanda_garcia_img_0484,img_0484.png,monstruos_y_criaturas,ilustracion_plana_color,487,640,"monstruo, rugido, extraterrestre, contento, sonrisa, afilado, diente, amarillo,  caricatura plana",Pixabay,fernanda_garcia,966f92656305309c831db8388ad85c0184e5243f
fernanda_garcia_img_0485,img_0485.png,monstruos_y_criaturas,ilustracion_plana_color,634,640,"cartoon, monster, background, icon, art, flat design, symbol, beautiful wallpape caricatura plana",Pixabay,fernanda_garcia,8daff2b2578f6798378e465690ef04f0640d5f59
fernanda_garcia_img_0486,img_0486.png,monstruos_y_criaturas,ilustracion_plana_color,486,640,"azul, monstruo, cansado, lugares, antenas, escamas, dibujos animados, personaje, caricatura plana",Pixabay,fernanda_garcia,98841eaee482235960d8d5ea488d1ba758e63cc2
fernanda_garcia_img_0487,img_0487.png,monstruos_y_criaturas,ilustracion_plana_color,640,628,"ghost, surfing, horror, creepy, monster, cartoon, funny, drawing, transparent caricatura plana",Pixabay,fernanda_garcia,f47bd200b96137d62a35c734035dff34e3b6e3c9
fernanda_garcia_img_0488,img_0488.png,monstruos_y_criaturas,ilustracion_plana_color,640,640,"monster, character, cartoon, funny, creature, halloween, horror, fun, cutout, st caricatura plana",Pixabay,fernanda_garcia,684d7f1b11c63e3c3d05c51d18ab3ba2a6cbc984
fernanda_garcia_img_0489,img_0489.jpg,monstruos_y_criaturas,ilustracion_plana_color,640,521,"continuar, verde, alas, globos, fantasía, animal, monstruo, reptil, mitología, c caricatura plana",Pixabay,fernanda_garcia,946fed310ecbc5411d722c509bb6de479845f4a1
fernanda_garcia_img_0490,img_0490.png,monstruos_y_criaturas,ilustracion_plana_color,391,640,"monstruo, extraterrestre, criatura, mirar fijamente, verde, bizco, sonrisa, cont caricatura plana",Pixabay,fernanda_garcia,05824c0530f7896686988ad5edbefd2460740677
fernanda_garcia_img_0491,img_0491.png,monstruos_y_criaturas,ilustracion_plana_color,640,640,"halloween, scary, zombie, horror, cartoon, monster, spooky, character, creature, caricatura plana",Pixabay,fernanda_garcia,710511e930917e6d1d9391c3d9f9b4e6cd9ba0ca
fernanda_garcia_img_0492,img_0492.png,monstruos_y_criaturas,ilustracion_plana_color,640,640,"monster, cartoon, funny, creature, character, halloween, horror, fun, cartoon ch caricatura plana",Pixabay,fernanda_garcia,eca7b7df04e133d12fd964ee01ce7983d9c019c1
fernanda_garcia_img_0493,img_0493.png,monstruos_y_criaturas,ilustracion_plana_color,415,640,"black, cartoon, dead, frankenstein, head, monster, white, zombie, frankenstein,  caricatura plana",Pixabay,fernanda_garcia,0ba5b7739cbe29af21d6514332b1c411ea88291c
fernanda_garcia_img_0494,img_0494.png,monstruos_y_criaturas,ilustracion_plana_color,640,499,"chest, monster, cartoon, evil, horror, halloween, dark, angry, mimic, short, cut caricatura plana",Pixabay,fernanda_garcia,a1449bacbfb6fd9fd23f60aaa179e53b51cc8531
fernanda_garcia_img_0495,img_0495.jpg,monstruos_y_criaturas,ilustracion_plana_color,505,640,"de miedo, espeluznante, osito de peluche, soportar, esponjoso, monstruo, víspera caricatura plana",Pixabay,fernanda_garcia,4948b11afcc26f2d62576c74e4301bdc4ff9ee51
fernanda_garcia_img_0496,img_0496.png,monstruos_y_criaturas,ilustracion_plana_color,640,640,"ai generated, pumpkin, scarecrow, halloween, monster, scary, ghost, cemetery, ve caricatura plana",Pixabay,fernanda_garcia,5dd9b4b829587cb797e24cd89f5ea38fa05d91e6
fernanda_garcia_img_0497,img_0497.png,monstruos_y_criaturas,ilustracion_plana_color,640,606,"monster, crazy, star, fright, scared, colorful, sticker, fun, funny, character,  caricatura plana",Pixabay,fernanda_garcia,7c55d1fc24f47459b0e6ffae68b1e23fecfbf260
fernanda_garcia_img_0498,img_0498.png,monstruos_y_criaturas,ilustracion_plana_color,514,640,"dragon, chinese, mustache, cute, adorable, detailed, month, hands, thinking, tai caricatura plana",Pixabay,fernanda_garcia,703d22121f74134fc069df5bed998d48b9af18cc
fernanda_garcia_img_0499,img_0499.png,monstruos_y_criaturas,ilustracion_plana_color,640,640,"ai generated, monster, dragon, happy, design, drawing, colorful, cartoon, cute,  caricatura plana",Pixabay,fernanda_garcia,1d44161272562985a5ba287ed69365fa9f420ba2
fernanda_garcia_img_0500,img_0500.png,monstruos_y_criaturas,ilustracion_plana_color,640,640,"dragon, cute dragon, purple dragon, fantasy creature, kids illustration, cute mo caricatura plana",Pixabay,fernanda_garcia,5c7844685b714fff5bd9b7c2e306073cf357d762
fernanda_garcia_img_0501,img_0501.png,monstruos_y_criaturas,ilustracion_plana_color,640,640,"monster, orange monster, cartoon, funny, game, creature, teeth, character with w caricatura plana",Pixabay,fernanda_garcia,c7db5067a92ba4bb8b5a79bf88f379e119b77733
fernanda_garcia_img_0502,img_0502.png,monstruos_y_criaturas,ilustracion_plana_color,640,252,"monster, character, cute, funny, kids, childhood, nature, childlike, cartoon, pa caricatura plana",Pixabay,fernanda_garcia,c6a17077ac2c836158f076f1bcc6770b6e4fc3c1
fernanda_garcia_img_0503,img_0503.png,monstruos_y_criaturas,ilustracion_plana_color,640,640,"ai generated, monster, hotrod, cartoon, vehicle, jeep, car, colorful, scary, cre caricatura plana",Pixabay,fernanda_garcia,5ce9a7f4c8f735ffb48753c0aa4248983e5c55a1
fernanda_garcia_img_0504,img_0504.png,monstruos_y_criaturas,ilustracion_plana_color,640,396,"monster, teeth, character, tag, colorful, sticker, fun, funny, googly, eyes, car caricatura plana",Pixabay,fernanda_garcia,2e35633a3c13e694d1abe849cc1454311d8dfa17
fernanda_garcia_img_0505,img_0505.png,monstruos_y_criaturas,ilustracion_plana_color,640,363,"zombie, city, apocalypse, horror, zombies, apocalyptic, landscape, destruction,  caricatura plana",Pixabay,fernanda_garcia,4634958111b93f38c76a22dc57217d49e919cd94
fernanda_garcia_img_0506,img_0506.png,monstruos_y_criaturas,ilustracion_plana_color,640,640,"ai generated, zombie, face, monster, scary, cute, cartoon caricatura plana",Pixabay,fernanda_garcia,a36a83f80efe36f5b170eca5abb8b01fdc3a9436
fernanda_garcia_img_0507,img_0507.png,monstruos_y_criaturas,ilustracion_plana_color,427,640,"ai generated, zombie, sticker, monster, cartoon, halloween, funny, horror, creat caricatura plana",Pixabay,fernanda_garcia,c6753475959cc0ad5947d8a499b7cd1ba513b3e7
fernanda_garcia_img_0508,img_0508.png,monstruos_y_criaturas,ilustracion_plana_color,640,576,"creature, monster, zombie, funny, cartoon, crazy, green cartoon, green funny caricatura plana",Pixabay,fernanda_garcia,28ede827649fa933434301cfb37a000a5233b587
fernanda_garcia_img_0509,img_0509.png,monstruos_y_criaturas,ilustracion_plana_color,499,640,"godzilla, dinosaur, trex, reptile, lizard, monster, kawaii, cute, godzilla, godz caricatura plana",Pixabay,fernanda_garcia,726c348ce51caf4c6edcb40bf0e43f53f44b2bd5
fernanda_garcia_img_0510,img_0510.png,monstruos_y_criaturas,ilustracion_plana_color,426,640,"ai generado, monstruo, criatura, esponjoso, difuso, linda, divertido, contento,  caricatura plana",Pixabay,fernanda_garcia,63e1c81c119d8ab8daf5d6a730e94b231d5552ce
fernanda_garcia_img_0511,img_0511.jpg,monstruos_y_criaturas,ilustracion_plana_color,640,640,"ai generated, dragon, pizza, monster, eating, meal, cartoon, horror, halloween,  caricatura plana",Pixabay,fernanda_garcia,46c4a929192f6fca4d079028b60454dfb84f4a99
fernanda_garcia_img_0512,img_0512.png,monstruos_y_criaturas,ilustracion_plana_color,427,640,"orc warrior, cute orc, fantasy character, cartoon orc, battle axe, gaming mascot caricatura plana",Pixabay,fernanda_garcia,ad6ed71228b614f1c518a5a1c5794528e95f78b3
fernanda_garcia_img_0513,img_0513.png,monstruos_y_criaturas,ilustracion_plana_color,427,640,"ai generated, zombie, sticker, monster, cartoon, funny, horror, character, hallo caricatura plana",Pixabay,fernanda_garcia,cd7f7e562e1fbbf890d0f43b71c49830cc3b40ae
fernanda_garcia_img_0514,img_0514.png,monstruos_y_criaturas,ilustracion_plana_color,640,413,"monster, cute, shush, fun, fur, fluffy, adorable, horns, tail, paw, smile, bear, caricatura plana",Pixabay,fernanda_garcia,f445351ad031ea3fae4fc7d4fd5898bbbcd49ac3
fernanda_garcia_img_0515,img_0515.png,monstruos_y_criaturas,ilustracion_plana_color,534,640,"dragon, mythical creature, fantasy animal, monster, happy, beast, fairytale, nat caricatura plana",Pixabay,fernanda_garcia,892f7ef7a936366bdd1d81160c799252b537d0fd
fernanda_garcia_img_0516,img_0516.png,monstruos_y_criaturas,ilustracion_plana_color,456,640,"business, education, logo, monster, laptop, professional, cartoon, technology, s caricatura plana",Pixabay,fernanda_garcia,40e612d85864eb89d303b9b418cecfb13ad4ebab
fernanda_garcia_img_0517,img_0517.png,monstruos_y_criaturas,ilustracion_plana_color,609,640,"sirena, rubia, naranja, amarillo, sirena, sirena, sirena, sirena, sirena caricatura plana",Pixabay,fernanda_garcia,b3ea08079604a96f9fcaac7bd6b11e070a7c71bf
fernanda_garcia_img_0518,img_0518.png,monstruos_y_criaturas,ilustracion_plana_color,570,640,"mujer, niña, nixie, sirena, azul, rojo, sirena, sirena, sirena, sirena, sirena caricatura plana",Pixabay,fernanda_garcia,a233c30469fef792d2f767619a28228da36ac295
fernanda_garcia_img_0519,img_0519.png,monstruos_y_criaturas,ilustracion_plana_color,398,640,"sirena, naturaleza, pez, acuático, mujer, cola, escamas, criatura caricatura plana",Pixabay,fernanda_garcia,b2051ddfffcad79c00d93e2b1f0c370e7d896379
fernanda_garcia_img_0520,img_0520.png,monstruos_y_criaturas,ilustracion_plana_color,512,640,"sirena, fantasía, cola de pez, azul, criatura marina caricatura plana",Pixabay,fernanda_garcia,38e7f91e75920c5403f5d6b45c933f91ac25ad90
fernanda_garcia_img_0521,img_0521.png,monstruos_y_criaturas,ilustracion_plana_color,640,640,"ai generado, sirena, criatura, mitología, folklore, historia, submarino, mundo,  caricatura plana",Pixabay,fernanda_garcia,3ecd9ccd73508310d5b29f865335f424be5cf8bb
fernanda_garcia_img_0522,img_0522.png,monstruos_y_criaturas,ilustracion_plana_color,522,640,"merman, neptuno, tridente, sirena, personaje, medieval, gótico, fantasía, combat caricatura plana",Pixabay,fernanda_garcia,5ce004662427e0b18bdd9b5eb551cd01d458fa0b
fernanda_garcia_img_0523,img_0523.png,monstruos_y_criaturas,ilustracion_plana_color,320,640,"sirena, pez, pelirrojo, naturaleza, cola verde, peinado, escalada, brillante caricatura plana",Pixabay,fernanda_garcia,1775072420ab9a3115c4ebb723cc83690ba9b640
fernanda_garcia_img_0524,img_0524.png,monstruos_y_criaturas,ilustracion_plana_color,640,544,"sirena, de cuento de hadas, oceano, agua, niña, natación, padel, leyenda, natura caricatura plana",Pixabay,fernanda_garcia,bb29a3fc8bbc2393781b763b53aa24b8ada34917
fernanda_garcia_img_0525,img_0525.jpg,monstruos_y_criaturas,ilustracion_plana_color,640,452,"sirena, burbujas, acuario, pez, fantasía, historia, mujer, dibujos animados, mit caricatura plana",Pixabay,fernanda_garcia,75f8789964a6c8d048bd2032991243762652f090
fernanda_garcia_img_0526,img_0526.png,monstruos_y_criaturas,ilustracion_plana_color,596,640,"sirena, dibujo, niños, multicolor, arte, agua, obra de arte, decoración, diseño, caricatura plana",Pixabay,fernanda_garcia,9eb32c4f65d01cbff15d224ad7e9882751e427f3
fernanda_garcia_img_0527,img_0527.jpg,monstruos_y_criaturas,ilustracion_plana_color,640,640,"mujer, sirena, mar, oceano, personaje, arte digital, naturaleza, dibujos animado caricatura plana",Pixabay,fernanda_garcia,675e01a9a38f86eaa6b9484e063157af41fabe71
fernanda_garcia_img_0528,img_0528.jpg,monstruos_y_criaturas,ilustracion_plana_color,640,640,"duende, maldad, pixie, duendecillo, personaje, monstruo, criatura, mítico, folkl caricatura plana",Pixabay,fernanda_garcia,a48120fe895c47a870c9fac789a8cfdc8eb67520
fernanda_garcia_img_0529,img_0529.jpg,monstruos_y_criaturas,ilustracion_plana_color,508,640,"caricatura, dibujo a mano, desafío, enojar, enojado, lucha caricatura plana",Pixabay,fernanda_garcia,9f60f8f94ccaad314b400651cf5c9f758baba7fb
fernanda_garcia_img_0530,img_0530.jpg,monstruos_y_criaturas,ilustracion_plana_color,489,640,"caricatura, imaginación, creatividad, pelea, sombra, reflexión, enojar, la cobar caricatura plana",Pixabay,fernanda_garcia,a0deedac4dcc52c30623e9a7616ab689acc4a858
fernanda_garcia_img_0531,img_0531.jpg,monstruos_y_criaturas,ilustracion_plana_color,640,640,"caricatura, imaginación, sátira, corazón, amor, encadenar, prisión, gris el amor caricatura plana",Pixabay,fernanda_garcia,118abb7600c5027a26751d43f6c848df0fcb563b
fernanda_garcia_img_0532,img_0532.jpg,monstruos_y_criaturas,ilustracion_plana_color,640,640,"caricatura, imaginación, dibujo a mano, predicamento, libertad, lucha, cicatriz, caricatura plana",Pixabay,fernanda_garcia,8ad6953ffeb3ae323cf4cf35f42ad2fb26d427e7
fernanda_garcia_img_0533,img_0533.png,monstruos_y_criaturas,ilustracion_plana_color,640,640,"mano, victoria, gesto, escultura, caricatura, cuadro, falsedad, creatividad, fan caricatura plana",Pixabay,fernanda_garcia,a7f4015d5b6fb9191b730775777ba0781c8ab7d3
fernanda_garcia_img_0534,img_0534.jpg,monstruos_y_criaturas,ilustracion_plana_color,640,640,"nieve, naturaleza, caricatura, frío caricatura plana",Pixabay,fernanda_garcia,008c62d6575a0da2ec5ae8de462ac2448b78e203
fernanda_garcia_img_0535,img_0535.png,monstruos_y_criaturas,ilustracion_plana_color,557,640,"adorable, androide, artificial, caricatura, dibujos animados, cómic, linda, gara caricatura plana",Pixabay,fernanda_garcia,c93644b6a6d35e9d2ccdbdf7ab495dbd2c415aff
fernanda_garcia_img_0536,img_0536.png,monstruos_y_criaturas,ilustracion_plana_color,640,640,"ube, dessert, mascota, filipino, morado, lindo, espíritu, cuchara, caricatura, d caricatura plana",Pixabay,fernanda_garcia,30e5dd453fac6b3b344a148e7fc5db29a13ecbae
fernanda_garcia_img_0537,img_0537.png,monstruos_y_criaturas,ilustracion_plana_color,640,585,"ai generado, gnomo, ficción, cómic, leyendas, dibujos animados, historias de niñ caricatura plana",Pixabay,fernanda_garcia,8eccb1087cf0723217dddb98e8713e235016c092
fernanda_garcia_img_0538,img_0538.png,monstruos_y_criaturas,ilustracion_plana_color,404,640,"enano, gnomo, gnomo de jardín, clipart caricatura plana",Pixabay,fernanda_garcia,0b9bc07d166c9445b45fba8c2d6889f16994f080
fernanda_garcia_img_0539,img_0539.png,monstruos_y_criaturas,ilustracion_plana_color,629,640,"vacaciones, navidad, duende, gnomo, navidad, navidad, navidad, navidad, navidad, caricatura plana",Pixabay,fernanda_garcia,fd96470d5da74bfdae276bd730c734ace8c2ef61
fernanda_garcia_img_0540,img_0540.png,monstruos_y_criaturas,ilustracion_plana_color,640,640,"ai generado, gnomo, gnomo de jardín, naturaleza, caprichoso, fantasía, jardín caricatura plana",Pixabay,fernanda_garcia,c8d687968be62ac9f8a217e5e4ea79fae7d9ef5f
fernanda_garcia_img_0541,img_0541.png,monstruos_y_criaturas,ilustracion_plana_color,640,640,"ai generado, gnomo, gnomo de jardín, naturaleza, caprichoso, fantasía, jardín caricatura plana",Pixabay,fernanda_garcia,7f93d249c0028c5e980b07a44baa713fd2decbce
fernanda_garcia_img_0542,img_0542.png,monstruos_y_criaturas,ilustracion_plana_color,480,640,"enano, gnomo, duende, barba, jardín, gnomo de jardin, leyenda, lujoso, mito, fol caricatura plana",Pixabay,fernanda_garcia,d191d0699d8ef1a606e1ab9740b882edc37e985d
fernanda_garcia_img_0543,img_0543.jpg,monstruos_y_criaturas,ilustracion_plana_color,512,640,"ai generado, gnomo, duende, adorable, linda, noche, caprichoso, fantasía, celest caricatura plana",Pixabay,fernanda_garcia,2bd11da27ff1a1e7e83611aa2976c5163750100d
fernanda_garcia_img_0544,img_0544.png,monstruos_y_criaturas,ilustracion_plana_color,334,640,"gnomo, recorte, naturaleza, afuera, aislado, ornamento, jardín, estatua caricatura plana",Pixabay,fernanda_garcia,01eede2ecd795ae2f8ca843e04c06bda48ff2781
fernanda_garcia_img_0545,img_0545.png,monstruos_y_criaturas,ilustracion_plana_color,577,640,"gnomo, duende, diablillo, trompeta, cuerno, música, jugando caricatura plana",Pixabay,fernanda_garcia,9a8d4eeea8cdc621d57e2adff4a52bb6f9f4a2d9
fernanda_garcia_img_0546,img_0546.png,monstruos_y_criaturas,ilustracion_plana_color,510,640,"gnomo, enano, dibujos animados, divertido, duende, linda, rostro, gnomo, duende, caricatura plana",Pixabay,fernanda_garcia,fd97aa2b2501413ac09fb39511a6ef4de6d9c6a0
fernanda_garcia_img_0547,img_0547.png,monstruos_y_criaturas,ilustracion_plana_color,640,601,"cuento de hadas, ficción, gnomo, gente pequeña, mítico caricatura plana",Pixabay,fernanda_garcia,aa1e4ab5c89a06964b3b468a3d0e05cbb04121d8
fernanda_garcia_img_0548,img_0548.jpg,monstruos_y_criaturas,ilustracion_plana_color,640,427,"enano, gnomo, dibujos animados, noche, estrellas, espacio, personaje, navidad, i caricatura plana",Pixabay,fernanda_garcia,1d39780d3d682841b0a52cdc82e5ddb082507b19
fernanda_garcia_img_0549,img_0549.png,monstruos_y_criaturas,ilustracion_plana_color,640,480,"figura, figura de fantasía, extraterrestre, gnomo, adorable, divertida, linda, c caricatura plana",Pixabay,fernanda_garcia,3291600fc36997ba53618fbf026a521e0c170837
fernanda_garcia_img_0550,img_0550.png,monstruos_y_criaturas,ilustracion_plana_color,583,640,"gnomo, dibujo, navidad, estacional, separar, muérdago, regalo, gorra, dibujo a m caricatura plana",Pixabay,fernanda_garcia,14546eedc11bfb0f6482b65120b7c1ad35368a3e
fernanda_garcia_img_0551,img_0551.jpg,monstruos_y_criaturas,ilustracion_plana_color,640,640,"ai generado, gnomo, navidad, alegre, día festivo, fantasía, póster, estilo, fond caricatura plana",Pixabay,fernanda_garcia,35040acde3b61f2fb0c3bd7ea9a5935cf71d03cd
fernanda_garcia_img_0552,img_0552.png,monstruos_y_criaturas,ilustracion_plana_color,640,640,"ai generado, duende, gnomo, magdalena, feliz cumpleaños, pastel, postre, cuento  caricatura plana",Pixabay,fernanda_garcia,b113b2dae36d3fcf776ebb1e7d4065e9a6a09aa7
fernanda_garcia_img_0553,img_0553.png,monstruos_y_criaturas,ilustracion_plana_color,407,640,"gnomo, jardín, enano, barba, sombrero, viejo, hombre, dibujos animados, duende,  caricatura plana",Pixabay,fernanda_garcia,ab6ac82403f0d929b26f888e17b60bbd3252ca9e
fernanda_garcia_img_0554,img_0554.png,monstruos_y_criaturas,ilustracion_plana_color,640,640,"gnomo, amor, corazón, día de san valentín, romance, enamorado, dibujos animados, caricatura plana",Pixabay,fernanda_garcia,821ed4b7417a0c9dc61996239f0c58d086cb252d
fernanda_garcia_img_0555,img_0555.png,monstruos_y_criaturas,ilustracion_plana_color,640,640,"gnomo, máxima, diablillo, espadín, pixie, duende, enano, maniquí, estrella joven caricatura plana",Pixabay,fernanda_garcia,18a1c1e262ee220da3c221b30897bfa9739ad28b
fernanda_garcia_img_0556,img_0556.png,monstruos_y_criaturas,ilustracion_plana_color,320,640,"gnomo, estatua, fantasía, criatura, color, de pie, hombre, enano, duende, barba, caricatura plana",Pixabay,fernanda_garcia,6c1afc1fdb32fb77d7e275966c6dd8dc0354ccf5
fernanda_garcia_img_0557,img_0557.png,monstruos_y_criaturas,ilustracion_plana_color,640,640,"ai generado, navidad, gnomo, día festivo, chocolate caliente, festivo, decoracio caricatura plana",Pixabay,fernanda_garcia,e312261b5d2ade0bb5b3383d5400e65575fc7ad1
fernanda_garcia_img_0558,img_0558.jpg,monstruos_y_criaturas,ilustracion_plana_color,640,640,"gnomo, primavera, tulipán, naturaleza, floral, linda, caprichoso, enano, persona caricatura plana",Pixabay,fernanda_garcia,4af0585d98237d1153ae12aca2090820f9fc9174
fernanda_garcia_img_0559,img_0559.jpg,monstruos_y_criaturas,ilustracion_plana_color,466,640,"gnomo, campesino blanco, hacha, basura blanca, bubba, dibujo, contorno, línea ar caricatura plana",Pixabay,fernanda_garcia,55eeb3930cbbb7dced225ec88afa81ba5ba3a4a6
fernanda_garcia_img_0560,img_0560.jpg,monstruos_y_criaturas,ilustracion_plana_color,640,640,"ai generado, gnomo, duende, espíritu, logo, emblema, firmar caricatura plana",Pixabay,fernanda_garcia,5bdf9405efab7997d4a298a1ce4b7be9fc49828f
fernanda_garcia_img_0561,img_0561.jpg,monstruos_y_criaturas,ilustracion_plana_color,479,640,"gnomo, navidad, linda, enano, figura, divertida, adorable, naturaleza, dibujos a caricatura plana",Pixabay,fernanda_garcia,ba995aeae5940a59a2fca916ab156d1e7e0c1c87
fernanda_garcia_img_0562,img_0562.png,monstruos_y_criaturas,ilustracion_plana_color,426,640,"ai generated, carrot, creature, monster, fantasy, vegetable caricatura plana",Pixabay,fernanda_garcia,4be9c478651207783ec28a637ed9061478699204
fernanda_garcia_img_0563,img_0563.png,monstruos_y_criaturas,ilustracion_plana_color,584,640,"halloween, ghost, monster, costume, trick or treat, spooky, creepy, supernatural caricatura plana",Pixabay,fernanda_garcia,0de602f29f3f0e661b76c794154b03dd15f7537c
fernanda_garcia_img_0564,img_0564.png,monstruos_y_criaturas,ilustracion_plana_color,640,361,"cartoons, drawing, year 2018, character, happy, creative, illustration, fun, mon caricatura plana",Pixabay,fernanda_garcia,a7cb3c6926a0da84f2cfca662fce190f76c32abd
fernanda_garcia_img_0565,img_0565.png,monstruos_y_criaturas,ilustracion_plana_color,640,640,"dinosaur, blue, yellow, spikes, sweet, cartoon, animal, prehistoric, fantasy, cr caricatura plana",Pixabay,fernanda_garcia,1744159071b4201ddcd4f6302464b221bd88b72d
fernanda_garcia_img_0566,img_0566.png,monstruos_y_criaturas,ilustracion_plana_color,640,640,"devil, demon, evil, satan, hell, dark, monster, scary, ai generated, cutout caricatura plana",Pixabay,fernanda_garcia,5933e5e3ec8e3795bbef52236359fb04c6b7a476
fernanda_garcia_img_0567,img_0567.png,monstruos_y_criaturas,ilustracion_plana_color,640,640,"line art, drawing, design, cartoon, isolated, kdp, coloring, sketch, doodle, art caricatura plana",Pixabay,fernanda_garcia,4cdf91d8413c93f98f7cfbeaf451361ac1deab55
fernanda_garcia_img_0568,img_0568.png,monstruos_y_criaturas,ilustracion_plana_color,584,640,"halloween, vampire, monster, costume, trick or treat, spooky, creepy, supernatur caricatura plana",Pixabay,fernanda_garcia,ade2072f14eeaa0223a5db8aaace1b8408635269
fernanda_garcia_img_0569,img_0569.png,monstruos_y_criaturas,ilustracion_plana_color,584,640,"halloween, monsters, costumes, trick or treat, spooky, creepy, supernatural, cur caricatura plana",Pixabay,fernanda_garcia,117f69f84fc51a1c1bab24fb9808a0fc0d18190e
fernanda_garcia_img_0570,img_0570.png,monstruos_y_criaturas,ilustracion_plana_color,438,640,"alien, adorable, smile, fantasy, monster, space, ufo, generated by ai caricatura plana",Pixabay,fernanda_garcia,eb60b43dd76acd7e45e4374bb1fa774e60608068
fernanda_garcia_img_0571,img_0571.png,monstruos_y_criaturas,ilustracion_plana_color,426,640,"halloween, zombie, hand, skull, graveyard, pumpkin, jack-o-lantern, spooky, risi caricatura plana",Pixabay,fernanda_garcia,ca72009e935bf42eae70ea384948791f7df00b36
fernanda_garcia_img_0572,img_0572.png,monstruos_y_criaturas,ilustracion_plana_color,427,640,"monster pattern, cute monster, cartoon monster, seamless pattern, kids design, p caricatura plana",Pixabay,fernanda_garcia,fbbc8579c394855c64cdc5b0c2cab60af5364286
fernanda_garcia_img_0573,img_0573.png,monstruos_y_criaturas,ilustracion_plana_color,640,640,"zombie, scary, horror, nasty, halloween, monster, evil, monsters, spooky, zombie caricatura plana",Pixabay,fernanda_garcia,d450b15d9ad1f37404727fd8a6a52ffab046f9d3
fernanda_garcia_img_0574,img_0574.png,monstruos_y_criaturas,ilustracion_plana_color,640,524,"halloween, terror, illustration, scary, digital art, fear caricatura plana",Pixabay,fernanda_garcia,3998f3dab83c438f1323c2cd71bbfc8326c83cae
fernanda_garcia_img_0575,img_0575.png,monstruos_y_criaturas,ilustracion_plana_color,438,640,"alien, adorable, smile, fantasy, monster, space, ufo, generated by ai caricatura plana",Pixabay,fernanda_garcia,d5a7995e45d01daabdc4fefe4ab5d62f9ff247aa
fernanda_garcia_img_0576,img_0576.jpg,monstruos_y_criaturas,ilustracion_plana_color,640,640,"dinosaur, trex, cartoon, pink, cute, character, doodle, monster, prehistoric, dr caricatura plana",Pixabay,fernanda_garcia,744bdbe70cbff3ec421d1cad43077cd4aabfc370
fernanda_garcia_img_0577,img_0577.png,monstruos_y_criaturas,ilustracion_plana_color,640,640,"line art, drawing, design, cartoon, transparent, coloring, dracula, vampire, cou caricatura plana",Pixabay,fernanda_garcia,c7188f5ffd91a6ab1f4cb7b6d1981cc87002be6b
fernanda_garcia_img_0578,img_0578.png,monstruos_y_criaturas,ilustracion_plana_color,427,640,"monster, cartoon monster, pink monster, cute monster, cyclops, one eye, big eye, caricatura plana",Pixabay,fernanda_garcia,8b43f22670d75ea0b92f7f452446a14232f07d83
fernanda_garcia_img_0579,img_0579.png,monstruos_y_criaturas,ilustracion_plana_color,426,640,"zombie hand, grave zombie, horror asset, undead hand, halloween art, spooky illu caricatura plana",Pixabay,fernanda_garcia,d36e80de7e876726f2d339d290e262163215967f
fernanda_garcia_img_0580,img_0580.jpg,monstruos_y_criaturas,ilustracion_plana_color,640,495,"dinosaur, cute, funny, monster, green, dino, happy, smile, wild, cool, tee, preh caricatura plana",Pixabay,fernanda_garcia,8c1a79cce77acfb9329d4650bb2eee910cf5f071
fernanda_garcia_img_0581,img_0581.png,monstruos_y_criaturas,ilustracion_plana_color,640,640,"halloween, pumpkin, illustration, drawing, creepy, fun, terror, fear, beautiful  caricatura plana",Pixabay,fernanda_garcia,113624e6bf1dd3103eb56e7b41b34a1a44cf0441
fernanda_garcia_img_0582,img_0582.png,monstruos_y_criaturas,ilustracion_plana_color,640,427,"ai generated, witch, halloween, horror, scary, dark, creepy, monster, cartoon, e caricatura plana",Pixabay,fernanda_garcia,49ae8f9d852b5d3447bf7450f1e0650446d874e0
fernanda_garcia_img_0583,img_0583.png,monstruos_y_criaturas,ilustracion_plana_color,640,640,"drawing, fantasy, horror, sketch, line, art, cartoon, kdp, transparent, doodle,  caricatura plana",Pixabay,fernanda_garcia,024c7dff22194d1fa25bb0f1751c4bfe94f96bec
fernanda_garcia_img_0584,img_0584.png,monstruos_y_criaturas,ilustracion_plana_color,640,640,"line art, drawing, design, cartoon, kdp, transparent, coloring, isolated, black  caricatura plana",Pixabay,fernanda_garcia,35f437814600a6f556bf8c767502cdfbffcd1249
fernanda_garcia_img_0585,img_0585.png,monstruos_y_criaturas,ilustracion_plana_color,640,427,"zombie pattern, zombie legs, halloween pattern, spooky illustration, horror cart caricatura plana",Pixabay,fernanda_garcia,252fbe3e548fa58aafe31d9208cbd83a086c9690
fernanda_garcia_img_0586,img_0586.png,monstruos_y_criaturas,ilustracion_plana_color,640,494,"pokemon, monster, creature, blue, ugly, weird, alien, lizard, dinosaur, smile, t caricatura plana",Pixabay,fernanda_garcia,b82a36292417f986d2b877dd922e04204e06dfd7
fernanda_garcia_img_0587,img_0587.png,monstruos_y_criaturas,ilustracion_plana_color,640,640,"frame, monsters, cartoon, cute, isolated, drawing, kids, happy, creative, colorf caricatura plana",Pixabay,fernanda_garcia,8ff3c22d429f170b55dd59159311227a6b7822c5
fernanda_garcia_img_0588,img_0588.png,monstruos_y_criaturas,ilustracion_plana_color,640,640,"frame, nature, cartoon characters, cute monsters, kids illustrations, stars, car caricatura plana",Pixabay,fernanda_garcia,0285fdd354ec3e563d6f5175796668f5e89440c8
fernanda_garcia_img_0589,img_0589.png,monstruos_y_criaturas,ilustracion_plana_color,427,640,"t rex, tyrannosaurus rex, dinosaur, prehistoric, jurassic, carnivore, predator,  caricatura plana",Pixabay,fernanda_garcia,72c0c16886fc2e01f31f0fa2abfca85dc02033a2
fernanda_garcia_img_0590,img_0590.png,monstruos_y_criaturas,ilustracion_plana_color,640,640,"cute ghost, kawaii ghost, ghost with heart, love ghost, valentine ghost, cute ca caricatura plana",Pixabay,fernanda_garcia,10806703310a6bf205cfc5e1dec819e58da6cb7f
fernanda_garcia_img_0591,img_0591.jpg,monstruos_y_criaturas,ilustracion_plana_color,640,640,"monster, fluffy, winter, snow, forest, cute, adorable, hat, horn, creature, funn caricatura plana",Pixabay,fernanda_garcia,6e204c149995596bce45d1fa59fbb182f629e93c
fernanda_garcia_img_0592,img_0592.jpg,monstruos_y_criaturas,ilustracion_plana_color,640,640,"monster, fluffy, snow, winter, cute, cartoon, character, christmas, holiday, fes caricatura plana",Pixabay,fernanda_garcia,9799d13161c342e5edea79778711540793933f6d
fernanda_garcia_img_0593,img_0593.jpg,monstruos_y_criaturas,ilustracion_plana_color,480,640,"christmas, winter, christmas pictures, winter pictures, advent, background, vaca caricatura plana",Pixabay,fernanda_garcia,ef2871a088bc5cd60360724212d7bbcf8c00e747
fernanda_garcia_img_0594,img_0594.jpg,monstruos_y_criaturas,ilustracion_plana_color,480,640,"christmas, winter, christmas pictures, winter pictures, advent, background, vaca caricatura plana",Pixabay,fernanda_garcia,68aad71ac4e5e12bf495002264568dc46f78f744
fernanda_garcia_img_0595,img_0595.png,monstruos_y_criaturas,ilustracion_plana_color,640,640,"ghost, halloween, spooky, horror, scary, phantom, nasty, ghosts, chase, ai gener caricatura plana",Pixabay,fernanda_garcia,0a18aceae316e3ba34ac068e5ee53333391773d6
fernanda_garcia_img_0596,img_0596.png,monstruos_y_criaturas,ilustracion_plana_color,640,634,"cow, fish, siren, rose, purple, lilac, horn, water, is, sea, ocean, bubbles, tai caricatura plana",Pixabay,fernanda_garcia,bd8c196e147f673d408dbd98af1f70a1a747538a
fernanda_garcia_img_0597,img_0597.jpg,monstruos_y_criaturas,ilustracion_plana_color,640,640,"caricature, painting, fantasy, creativity, free illustrator, fairy tale, painter caricatura plana",Pixabay,fernanda_garcia,bc8fb34aba35a378f263777fb53e933610def38a
fernanda_garcia_img_0598,img_0598.png,monstruos_y_criaturas,ilustracion_plana_color,512,640,"monster, small, cute, fur, little monster, sweet, toon, comfortable, fluffy, mon caricatura plana",Pixabay,fernanda_garcia,8780cf7438893c1ac0eb4275e3fc9164ee89f0ff
fernanda_garcia_img_0599,img_0599.png,monstruos_y_criaturas,ilustracion_plana_color,536,640,"creature, evil, fantasy, holiday, horror, legendary monster, monster, mummy, non caricatura plana",Pixabay,fernanda_garcia,c17ee5b52db89795635bff5fa16ce7e3a8d68ab2
fernanda_garcia_img_0600,img_0600.png,monstruos_y_criaturas,ilustracion_plana_color,586,640,"witch, hat, halloween, magic, wizard, costume, clipart, cartoon, black, purple,  caricatura plana",Pixabay,fernanda_garcia,3148fa5ac1cb97a9ce7fb8b7a71dda31e03df757
fernanda_garcia_img_0601,img_0601.png,monstruos_y_criaturas,ilustracion_plana_color,554,640,"devil, evil, demon, monster, wings, gothic, devil, devil, devil, devil, devil, d caricatura plana",Pixabay,fernanda_garcia,678ee995c76f38cf5e531fd1e41e1b129c4802cc
fernanda_garcia_img_0602,img_0602.png,monstruos_y_criaturas,ilustracion_plana_color,640,455,"soccer, player, ball, match, sport, referee, team, competition, uniform, cartoon caricatura plana",Pixabay,fernanda_garcia,3a138b791dce2312545b835970852a6dc13c61d1
fernanda_garcia_img_0603,img_0603.png,monstruos_y_criaturas,ilustracion_plana_color,320,640,"player, ball, neymar, brazilian, football, play, the trick, sports, cartoon, car caricatura plana",Pixabay,fernanda_garcia,1a6fe5a14abe43a94f6e534d7855ec40535f76d7
fernanda_garcia_img_0604,img_0604.png,monstruos_y_criaturas,ilustracion_plana_color,640,331,"dragon, sea monster, monster, reptile, mythical creatures, nessie, scotland, fan caricatura plana",Pixabay,fernanda_garcia,ebdf92a7448b62553d8c17ae4a5e3c14221e667b
fernanda_garcia_img_0605,img_0605.png,monstruos_y_criaturas,ilustracion_plana_color,607,640,"chimera, creature, greece, greek, monster, myth, mythology, chimera, chimera, ch caricatura plana",Pixabay,fernanda_garcia,05918cf759bb42a1d97897952b4afae0145dc9de
fernanda_garcia_img_0606,img_0606.png,monstruos_y_criaturas,ilustracion_plana_color,640,411,"creepy, demon, evil, face, game asset call, horror, monster, monsters and heroes caricatura plana",Pixabay,fernanda_garcia,af9c5a0a1a9ad7fe0ed788e7414c57d3bc896613
fernanda_garcia_img_0607,img_0607.png,monstruos_y_criaturas,ilustracion_plana_color,576,640,"monster, character, cartoon, creature, beast, cute, art caricatura plana",Pixabay,fernanda_garcia,c0ff1b82786d37bb236b7ed8f985aca8c77265fb
fernanda_garcia_img_0608,img_0608.png,monstruos_y_criaturas,ilustracion_plana_color,515,640,"eyes, sticker, monster, scary, sticker, sticker, sticker, sticker, sticker, mons caricatura plana",Pixabay,fernanda_garcia,79e11ee5faa42f0a4fc336565011a0185346a0e4
fernanda_garcia_img_0609,img_0609.png,monstruos_y_criaturas,ilustracion_plana_color,576,640,"monster, character, cartoon, creature, beast, cute, art caricatura plana",Pixabay,fernanda_garcia,51a91938a128ca398e31cd15a907be66e5d2b72d
fernanda_garcia_img_0610,img_0610.png,monstruos_y_criaturas,ilustracion_plana_color,640,633,"demon, devil, face, halloween, head, horns, monster, demon, demon, demon, devil, caricatura plana",Pixabay,fernanda_garcia,7b27c1d9f9d32d3fbfeb5569f4f177cee7fb5478
fernanda_garcia_img_0611,img_0611.png,monstruos_y_criaturas,ilustracion_plana_color,566,800,monstruo ilustracion plana caricatura,Pixabay,fernanda_garcia,d3b36e5d4bac4a137763b632f8f67ff7b697446d
fernanda_garcia_img_0612,img_0612.png,monstruos_y_criaturas,ilustracion_plana_color,800,762,monstruo ilustracion plana caricatura,Pixabay,fernanda_garcia,3a69a3ac8cc494b41eea4ad553163f4fd042b195
fernanda_garcia_img_0613,img_0613.png,monstruos_y_criaturas,ilustracion_plana_color,800,707,monstruo ilustracion plana caricatura,Pixabay,fernanda_garcia,9a405758fc232a2fc9c6d856f2081d7abcbd4141
fernanda_garcia_img_0614,img_0614.png,monstruos_y_criaturas,ilustracion_plana_color,644,757,monstruo ilustracion plana caricatura,Pixabay,fernanda_garcia,1c876a8d1b4c1a2d2d9795f60bb908e160cab32f
fernanda_garcia_img_0615,img_0615.png,monstruos_y_criaturas,ilustracion_plana_color,800,1131,monstruo ilustracion plana caricatura,Pixabay,fernanda_garcia,e3fb420d26307fb8ac8271dc515c48bf1e5b07d8
fernanda_garcia_img_0616,img_0616.png,monstruos_y_criaturas,ilustracion_plana_color,800,1554,monstruo ilustracion plana caricatura,Pixabay,fernanda_garcia,3bee8e15f7c329729aa9d83f170eac0b336951db
fernanda_garcia_img_0617,img_0617.png,monstruos_y_criaturas,ilustracion_plana_color,800,800,monstruo ilustracion plana caricatura,Pixabay,fernanda_garcia,f3d5922b1ce374125517d003870526244f5e6b05
fernanda_garcia_img_0618,img_0618.png,monstruos_y_criaturas,ilustracion_plana_color,800,727,monstruo ilustracion plana caricatura,Pixabay,fernanda_garcia,1d96b5722eac7a516734d83cb66128e0d500888e
fernanda_garcia_img_0619,img_0619.png,monstruos_y_criaturas,ilustracion_plana_color,688,800,monstruo ilustracion plana caricatura,Pixabay,fernanda_garcia,56f1fd94b44f0258e0e190144c2f871a53d65bb8
fernanda_garcia_img_0620,img_0620.png,monstruos_y_criaturas,ilustracion_plana_color,800,404,monstruo ilustracion plana caricatura,Pixabay,fernanda_garcia,d9a3dd9786f87f98235d274c5653fc68988bfc37
fernanda_garcia_img_0621,img_0621.png,monstruos_y_criaturas,ilustracion_plana_color,549,800,monstruo ilustracion plana caricatura,Pixabay,fernanda_garcia,2daab476e0134ca29fcc022d1e0f23f80f7dad74
fernanda_garcia_img_0622,img_0622.png,monstruos_y_criaturas,ilustracion_plana_color,530,800,monstruo ilustracion plana caricatura,Pixabay,fernanda_garcia,b07d84fe813ddb311d75bc228f4e5adb5c46d72c
fernanda_garcia_img_0623,img_0623.png,monstruos_y_criaturas,ilustracion_plana_color,651,800,monstruo ilustracion plana caricatura,Pixabay,fernanda_garcia,92410a3315e29b068d8496d9672c9fe9a69fd6cf
fernanda_garcia_img_0624,img_0624.png,monstruos_y_criaturas,ilustracion_plana_color,544,800,monstruo ilustracion plana caricatura,Pixabay,fernanda_garcia,6f18334ffc7e307a564068a99871d85bc0ac1629
fernanda_garcia_img_0625,img_0625.png,monstruos_y_criaturas,ilustracion_plana_color,764,540,monstruo ilustracion plana caricatura,Pixabay,fernanda_garcia,f17a635ae568d82116d66b2804b98c989210042a
fernanda_garcia_img_0626,img_0626.png,monstruos_y_criaturas,ilustracion_plana_color,638,698,monstruo ilustracion plana caricatura,Pixabay,fernanda_garcia,0ab39091e9e7ffb231951be220f51c1f583b1a58
fernanda_garcia_img_0627,img_0627.png,monstruos_y_criaturas,ilustracion_plana_color,677,768,monstruo ilustracion plana caricatura,Pixabay,fernanda_garcia,daff0f509af2e912c5243e9c0393ca531269ccc5
fernanda_garcia_img_0628,img_0628.png,monstruos_y_criaturas,ilustracion_plana_color,677,768,monstruo ilustracion plana caricatura,Pixabay,fernanda_garcia,60d3bb784a37a608677084e9d6817b3ffba5fcdd
fernanda_garcia_img_0629,img_0629.png,monstruos_y_criaturas,ilustracion_plana_color,731,667,monstruo ilustracion plana caricatura,Pixabay,fernanda_garcia,32eda4770582b9b6c418593d8fc8b4bcb56c0297
fernanda_garcia_img_0630,img_0630.png,monstruos_y_criaturas,ilustracion_plana_color,566,800,monstruo ilustracion plana caricatura,Pixabay,fernanda_garcia,0ea8a728cfc21afa31cdd48e676b9a1e088510a8
fernanda_garcia_img_0631,img_0631.png,monstruos_y_criaturas,ilustracion_plana_color,800,800,monstruo ilustracion plana caricatura,Pixabay,fernanda_garcia,aec7899bf8ef455bd8c4ba8d1cab037b9820011f
fernanda_garcia_img_0632,img_0632.png,monstruos_y_criaturas,ilustracion_plana_color,287,800,monstruo ilustracion plana caricatura,Pixabay,fernanda_garcia,3da8298c4d00fdc9f3e1256b9fba9fde996c2396
fernanda_garcia_img_0633,img_0633.png,monstruos_y_criaturas,ilustracion_plana_color,285,234,monstruo ilustracion plana caricatura,Pixabay,fernanda_garcia,6981e44a6a88b6f432bc26521754baa2836429a2
fernanda_garcia_img_0634,img_0634.png,monstruos_y_criaturas,ilustracion_plana_color,706,800,monstruo ilustracion plana caricatura,Pixabay,fernanda_garcia,98ef5b7f099b7fa36c8bf922473ffd914393581f
fernanda_garcia_img_0635,img_0635.png,monstruos_y_criaturas,ilustracion_plana_color,800,621,monstruo ilustracion plana caricatura,Pixabay,fernanda_garcia,cf1050fda8b36bb57d18cb91bba70217bbe4892d
fernanda_garcia_img_0636,img_0636.png,monstruos_y_criaturas,ilustracion_plana_color,668,800,monstruo ilustracion plana caricatura,Pixabay,fernanda_garcia,5a2c30ec9ad613786ab1a5180bbc1ced1c59f0e4
fernanda_garcia_img_0637,img_0637.png,monstruos_y_criaturas,ilustracion_plana_color,800,742,monstruo ilustracion plana caricatura,Pixabay,fernanda_garcia,f1bb92acd1ff92519f08f8d5bb1b517dc2b32e1d
fernanda_garcia_img_0638,img_0638.png,monstruos_y_criaturas,ilustracion_plana_color,800,566,monstruo ilustracion plana caricatura,Pixabay,fernanda_garcia,cf31f7b689510811f060fd156dd124ae651588d6
fernanda_garcia_img_0639,img_0639.png,monstruos_y_criaturas,ilustracion_plana_color,406,800,monstruo ilustracion plana caricatura,Pixabay,fernanda_garcia,7add7c257fbd85dbea4be0bf1d23778d4fe82ee4
fernanda_garcia_img_0640,img_0640.png,monstruos_y_criaturas,ilustracion_plana_color,508,800,monstruo ilustracion plana caricatura,Pixabay,fernanda_garcia,12940ec9d3c8644d63542fcb3cec988985951c12
fernanda_garcia_img_0641,img_0641.png,monstruos_y_criaturas,ilustracion_plana_color,492,800,monstruo ilustracion plana caricatura,Pixabay,fernanda_garcia,de3a0c655e297e023736930d42d95420af7711a3
fernanda_garcia_img_0642,img_0642.png,monstruos_y_criaturas,ilustracion_plana_color,296,361,monstruo ilustracion plana caricatura,Pixabay,fernanda_garcia,d58e9d351c7766eb388631c74cad7e0ed29c926a
fernanda_garcia_img_0643,img_0643.png,monstruos_y_criaturas,ilustracion_plana_color,585,800,monstruo ilustracion plana caricatura,Pixabay,fernanda_garcia,f0ad4cfbd3214a666dbbe909c87fee65bd3d4a66
fernanda_garcia_img_0644,img_0644.png,monstruos_y_criaturas,ilustracion_plana_color,348,800,monstruo ilustracion plana caricatura,Pixabay,fernanda_garcia,d41685e9abc60eacd4171419bccbd0d1d51508b7
fernanda_garcia_img_0645,img_0645.png,monstruos_y_criaturas,ilustracion_plana_color,547,760,monstruo ilustracion plana caricatura,Pixabay,fernanda_garcia,97d988035c8a6dd318c37d1008c4d5fa26722545
fernanda_garcia_img_0646,img_0646.png,monstruos_y_criaturas,ilustracion_plana_color,686,800,monstruo ilustracion plana caricatura,Pixabay,fernanda_garcia,79e2b03c42bcd65907f8caab63b3bf6a5822e788
fernanda_garcia_img_0647,img_0647.png,monstruos_y_criaturas,ilustracion_plana_color,800,752,monstruo ilustracion plana caricatura,Pixabay,fernanda_garcia,a0b1ece2c920c08f3ed62f4ca8672594e08b121c
fernanda_garcia_img_0648,img_0648.png,monstruos_y_criaturas,ilustracion_plana_color,800,752,monstruo ilustracion plana caricatura,Pixabay,fernanda_garcia,ced8c8dd4ce1a4dce86fc8f2e29b0b3e99d5b2a7
fernanda_garcia_img_0649,img_0649.png,monstruos_y_criaturas,ilustracion_plana_color,522,800,monstruo ilustracion plana caricatura,Pixabay,fernanda_garcia,68a7f8c660b27ac0466a58b486e9a6f11d1db183
fernanda_garcia_img_0650,img_0650.png,monstruos_y_criaturas,ilustracion_plana_color,734,800,monstruo ilustracion plana caricatura,Pixabay,fernanda_garcia,0612cb0f4925433eda72b6ef8e35b020d604ee1e
fernanda_garcia_img_0651,img_0651.png,monstruos_y_criaturas,ilustracion_plana_color,800,482,monstruo ilustracion plana caricatura,Pixabay,fernanda_garcia,b6ec64081053abd4323835063cd3c7f94a5a1857
fernanda_garcia_img_0652,img_0652.png,monstruos_y_criaturas,ilustracion_plana_color,800,847,monstruo ilustracion plana caricatura,Pixabay,fernanda_garcia,e3d7f5aa12be62e48e45c37e4654da85d0092ce5
fernanda_garcia_img_0653,img_0653.png,monstruos_y_criaturas,ilustracion_plana_color,800,603,monstruo ilustracion plana caricatura,Pixabay,fernanda_garcia,b9e24731e9fab41ecf8df79eb7452db26f0f6052
fernanda_garcia_img_0654,img_0654.png,monstruos_y_criaturas,ilustracion_plana_color,640,762,monstruo ilustracion plana caricatura,Pixabay,fernanda_garcia,a42ddab8eb36d16dfd0dc095dde6fd6d9c037bf4
fernanda_garcia_img_0655,img_0655.png,monstruos_y_criaturas,ilustracion_plana_color,486,468,monstruo ilustracion plana caricatura,Pixabay,fernanda_garcia,3437de25c147d80ed7ffd1d9bb8f05dff0f09147
fernanda_garcia_img_0656,img_0656.png,monstruos_y_criaturas,ilustracion_plana_color,790,628,monstruo ilustracion plana caricatura,Pixabay,fernanda_garcia,1a0a924be021a45f02560fe775d50ba6ba3e3bdc
fernanda_garcia_img_0657,img_0657.png,monstruos_y_criaturas,ilustracion_plana_color,467,439,monstruo ilustracion plana caricatura,Pixabay,fernanda_garcia,9f074748bb352dae13b17d4c88e10e32ec887dd5
fernanda_garcia_img_0658,img_0658.png,monstruos_y_criaturas,ilustracion_plana_color,473,525,monstruo ilustracion plana caricatura,Pixabay,fernanda_garcia,f952bfa4d0b0a0a28a9878607d39b9a3d420c5dd
fernanda_garcia_img_0659,img_0659.png,monstruos_y_criaturas,ilustracion_plana_color,720,800,monstruo ilustracion plana caricatura,Pixabay,fernanda_garcia,1fb63095ae2d48e394e201672eba3a97b486399a
fernanda_garcia_img_0660,img_0660.png,monstruos_y_criaturas,ilustracion_plana_color,681,800,monstruo ilustracion plana caricatura,Pixabay,fernanda_garcia,94744a7c19a6d76db87d570a678f7cb480c6b973
fernanda_garcia_img_0661,img_0661.png,monstruos_y_criaturas,ilustracion_plana_color,503,800,monstruo ilustracion plana caricatura,Pixabay,fernanda_garcia,0e021ced1e6ddb10e0e174c5440a2163403dd9a6
fernanda_garcia_img_0662,img_0662.png,monstruos_y_criaturas,ilustracion_plana_color,460,746,monstruo ilustracion plana caricatura,Pixabay,fernanda_garcia,8adae153adc4d9d019455e2664f9d67aded4dc6e
fernanda_garcia_img_0663,img_0663.png,monstruos_y_criaturas,ilustracion_plana_color,476,735,monstruo ilustracion plana caricatura,Pixabay,fernanda_garcia,02761627542a074b9ff0776f892fe8efcd9833c2
fernanda_garcia_img_0664,img_0664.png,monstruos_y_criaturas,ilustracion_plana_color,800,660,monstruo ilustracion plana caricatura,Pixabay,fernanda_garcia,14753a40df194dff7264944fdf83ad903be1c4f3
fernanda_garcia_img_0665,img_0665.png,monstruos_y_criaturas,ilustracion_plana_color,533,800,monstruo ilustracion plana caricatura,Pixabay,fernanda_garcia,adf64f587a8013bcd35624ee5d46c300c89a311f
fernanda_garcia_img_0666,img_0666.png,monstruos_y_criaturas,ilustracion_plana_color,490,752,monstruo ilustracion plana caricatura,Pixabay,fernanda_garcia,36a8083a58b073e19929508f641f3a16ca2da64e
fernanda_garcia_img_0667,img_0667.png,monstruos_y_criaturas,ilustracion_plana_color,618,764,monstruo ilustracion plana caricatura,Pixabay,fernanda_garcia,275f608291cf1195bae5d8d82fb3481f79bdf2a7
fernanda_garcia_img_0668,img_0668.png,monstruos_y_criaturas,ilustracion_plana_color,626,800,monstruo ilustracion plana caricatura,Pixabay,fernanda_garcia,d5c1a027d5992ac7254e558d2c656014807d487a
fernanda_garcia_img_0669,img_0669.png,monstruos_y_criaturas,ilustracion_plana_color,469,800,monstruo ilustracion plana caricatura,Pixabay,fernanda_garcia,49a55f12e29e1c2d49d40c65a20279d7de576b5b
fernanda_garcia_img_0670,img_0670.png,monstruos_y_criaturas,ilustracion_plana_color,512,800,monstruo ilustracion plana caricatura,Pixabay,fernanda_garcia,6acce5375061ecd0380de137acd7c194d37a31af
fernanda_garcia_img_0671,img_0671.png,monstruos_y_criaturas,ilustracion_plana_color,492,800,monstruo ilustracion plana caricatura,Pixabay,fernanda_garcia,09c8c6bac801e978433b6ffd046a5aa5ce4f4c7c
fernanda_garcia_img_0672,img_0672.png,monstruos_y_criaturas,ilustracion_plana_color,373,800,monstruo ilustracion plana caricatura,Pixabay,fernanda_garcia,8e5927660ee1cc6161d5f1c30ff909a4e90b5c02
fernanda_garcia_img_0673,img_0673.png,monstruos_y_criaturas,ilustracion_plana_color,679,800,monstruo ilustracion plana caricatura,Pixabay,fernanda_garcia,2163f2f9f147949d92960e419b1cf6644e82860e
fernanda_garcia_img_0674,img_0674.png,monstruos_y_criaturas,ilustracion_plana_color,800,547,monstruo ilustracion plana caricatura,Pixabay,fernanda_garcia,ff0edcc9151db210508cf21fcf2173dd97a5e066
fernanda_garcia_img_0675,img_0675.png,monstruos_y_criaturas,ilustracion_plana_color,800,579,monstruo ilustracion plana caricatura,Pixabay,fernanda_garcia,5b4a0bf2ee584112cffebf10db7f042ea172396d
fernanda_garcia_img_0676,img_0676.png,monstruos_y_criaturas,ilustracion_plana_color,758,800,monstruo ilustracion plana caricatura,Pixabay,fernanda_garcia,b77142d299293f0a9a563ca663fabf72dd167ec5
fernanda_garcia_img_0677,img_0677.png,monstruos_y_criaturas,ilustracion_plana_color,418,769,monstruo ilustracion plana caricatura,Pixabay,fernanda_garcia,f5d2fb7d8dcc8bdaf62a816e9cebe11dd2bbab26
fernanda_garcia_img_0678,img_0678.png,monstruos_y_criaturas,ilustracion_plana_color,439,800,monstruo ilustracion plana caricatura,Pixabay,fernanda_garcia,562af28138a524554b9c556c2fc16feb14ca24ae
fernanda_garcia_img_0679,img_0679.png,monstruos_y_criaturas,ilustracion_plana_color,290,800,monstruo ilustracion plana caricatura,Pixabay,fernanda_garcia,903ee7ee3fd11773ea4e31a580dbc4c9d3c6481e
fernanda_garcia_img_0680,img_0680.png,monstruos_y_criaturas,ilustracion_plana_color,800,623,monstruo ilustracion plana caricatura,Pixabay,fernanda_garcia,aa72ccf1e542d51db46ec21a0bd817a88e577a5b
fernanda_garcia_img_0681,img_0681.png,monstruos_y_criaturas,ilustracion_plana_color,800,800,monstruo ilustracion plana caricatura,Pixabay,fernanda_garcia,67246c06171fb28e323f866864cfb9a31541febf
fernanda_garcia_img_0682,img_0682.png,monstruos_y_criaturas,ilustracion_plana_color,758,438,monstruo ilustracion plana caricatura,Pixabay,fernanda_garcia,2c1a32f8fa0b43b8ba3049e3467c06ec7c79d3ad
fernanda_garcia_img_0683,img_0683.png,monstruos_y_criaturas,ilustracion_plana_color,800,704,monstruo ilustracion plana caricatura,Pixabay,fernanda_garcia,67745ebd74934b968ea0b5ce2e2a693458aa92bd
fernanda_garcia_img_0684,img_0684.png,monstruos_y_criaturas,ilustracion_plana_color,707,800,monstruo ilustracion plana caricatura,Pixabay,fernanda_garcia,32ccd9b0bbb345e64231a1d5c6b97f3ab2f00f03
fernanda_garcia_img_0685,img_0685.png,monstruos_y_criaturas,ilustracion_plana_color,629,800,monstruo ilustracion plana caricatura,Pixabay,fernanda_garcia,539196b22ee41d2bbc6232aff33912db4c862b0a
fernanda_garcia_img_0686,img_0686.png,monstruos_y_criaturas,ilustracion_plana_color,800,798,monstruo ilustracion plana caricatura,Pixabay,fernanda_garcia,92308e448494ce5549521a10955437f18c68ea9b
fernanda_garcia_img_0687,img_0687.png,monstruos_y_criaturas,ilustracion_plana_color,505,347,monstruo ilustracion plana caricatura,Pixabay,fernanda_garcia,738ee5f41500f3c173bf20b2fa7504e89df9cbf0
fernanda_garcia_img_0688,img_0688.png,monstruos_y_criaturas,ilustracion_plana_color,800,800,monstruo ilustracion plana caricatura,Pixabay,fernanda_garcia,736a245a995a42bb23a290c2dc0454767285adae
fernanda_garcia_img_0689,img_0689.png,monstruos_y_criaturas,ilustracion_plana_color,800,523,monstruo ilustracion plana caricatura,Pixabay,fernanda_garcia,5ba1241d1766564c5c9f95df19011855dfa003ea
fernanda_garcia_img_0690,img_0690.png,monstruos_y_criaturas,ilustracion_plana_color,584,800,monstruo ilustracion plana caricatura,Pixabay,fernanda_garcia,b8b0d7bed82e2cb8ab46120104b4437b80269730
fernanda_garcia_img_0691,img_0691.png,monstruos_y_criaturas,ilustracion_plana_color,800,396,monstruo ilustracion plana caricatura,Pixabay,fernanda_garcia,65473942f17b373b67d5e03d98b9bf962a80e9a5
fernanda_garcia_img_0692,img_0692.png,monstruos_y_criaturas,ilustracion_plana_color,800,800,monstruo ilustracion plana caricatura,Pixabay,fernanda_garcia,ff72dc9c1e8d597d5395aaf64ba516d6f17e5604
fernanda_garcia_img_0693,img_0693.png,monstruos_y_criaturas,ilustracion_plana_color,800,800,monstruo ilustracion plana caricatura,Pixabay,fernanda_garcia,6d1281fa076eeb951019ba8f5a7f18d52cbf8381
fernanda_garcia_img_0694,img_0694.png,monstruos_y_criaturas,ilustracion_plana_color,800,590,monstruo ilustracion plana caricatura,Pixabay,fernanda_garcia,8e8cc0836e1dc5dceec086857cd6adf4e07b258b
fernanda_garcia_img_0695,img_0695.png,monstruos_y_criaturas,ilustracion_plana_color,683,800,monstruo ilustracion plana caricatura,Pixabay,fernanda_garcia,5d467682ae16ea1d3e5730648acc30987ea4582f
fernanda_garcia_img_0696,img_0696.png,monstruos_y_criaturas,ilustracion_plana_color,696,800,monstruo ilustracion plana caricatura,Pixabay,fernanda_garcia,d47a2f4db5f2cb31f35df70611f443d3ec0380d6
fernanda_garcia_img_0697,img_0697.png,monstruos_y_criaturas,ilustracion_plana_color,723,800,monstruo ilustracion plana caricatura,Pixabay,fernanda_garcia,98c4bb4a1e4b27a609bd5811321098aa91ee9b9c
fernanda_garcia_img_0698,img_0698.png,monstruos_y_criaturas,ilustracion_plana_color,800,423,monstruo ilustracion plana caricatura,Pixabay,fernanda_garcia,c690a39dcf51c4036d31fa09c88cf2d5d7dad99c
fernanda_garcia_img_0699,img_0699.png,monstruos_y_criaturas,ilustracion_plana_color,800,252,monstruo ilustracion plana caricatura,Pixabay,fernanda_garcia,8d7f907eff4c62ab3eecdb8129ef3470de444e34
fernanda_garcia_img_0700,img_0700.png,monstruos_y_criaturas,ilustracion_plana_color,615,800,monstruo ilustracion plana caricatura,Pixabay,fernanda_garcia,59384bc3f7becc113cdb73ae96a68259f8846bfd
fernanda_garcia_img_0701,img_0701.png,monstruos_y_criaturas,ilustracion_plana_color,403,719,monstruo ilustracion plana caricatura,Pixabay,fernanda_garcia,4848181e70a796f544bfd7e30c0bb31b726d891c
fernanda_garcia_img_0702,img_0702.png,monstruos_y_criaturas,ilustracion_plana_color,800,643,monstruo ilustracion plana caricatura,Pixabay,fernanda_garcia,311dc753e1de038fc677f19918e8051cf4a24b51
fernanda_garcia_img_0703,img_0703.png,monstruos_y_criaturas,ilustracion_plana_color,348,800,monstruo ilustracion plana caricatura,Pixabay,fernanda_garcia,29edb8465b8e95522d95a7e8d0fd79034dfdc73f
fernanda_garcia_img_0704,img_0704.png,monstruos_y_criaturas,ilustracion_plana_color,524,800,monstruo ilustracion plana caricatura,Pixabay,fernanda_garcia,ce0776af134f0e6143ec05e532aaf835e232eb48
fernanda_garcia_img_0705,img_0705.png,monstruos_y_criaturas,ilustracion_plana_color,800,717,monstruo ilustracion plana caricatura,Pixabay,fernanda_garcia,446c9273fae5a8ce9abb1082d2e5375e838cffe2
fernanda_garcia_img_0706,img_0706.png,monstruos_y_criaturas,ilustracion_plana_color,800,556,monstruo ilustracion plana caricatura,Pixabay,fernanda_garcia,10f17819a9b6e148d1b3474e2c1f830bb6d3ad96
fernanda_garcia_img_0707,img_0707.png,monstruos_y_criaturas,ilustracion_plana_color,759,800,monstruo ilustracion plana caricatura,Pixabay,fernanda_garcia,3e2440f68195a2deab54b108cf2464802e176849
fernanda_garcia_img_0708,img_0708.png,monstruos_y_criaturas,ilustracion_plana_color,726,785,monstruo ilustracion plana caricatura,Pixabay,fernanda_garcia,4255da15238b9151a677f237080acb34d40f4fe9
fernanda_garcia_img_0709,img_0709.png,monstruos_y_criaturas,ilustracion_plana_color,800,650,monstruo ilustracion plana caricatura,Pixabay,fernanda_garcia,a1e00da7587fa59eeb27e3e64485ef8efad6c9a2
fernanda_garcia_img_0710,img_0710.png,monstruos_y_criaturas,ilustracion_plana_color,800,488,monstruo ilustracion plana caricatura,Pixabay,fernanda_garcia,c7466474e070b017c54b590c32a9f38e310ee894
fernanda_garcia_img_0711,img_0711.png,monstruos_y_criaturas,ilustracion_plana_color,800,669,monstruo ilustracion plana caricatura,Pixabay,fernanda_garcia,2368b918ea1cf2cb25906c82d32913d13b21f501
fernanda_garcia_img_0712,img_0712.png,monstruos_y_criaturas,ilustracion_plana_color,800,597,monstruo ilustracion plana caricatura,Pixabay,fernanda_garcia,a9724099c096acaaba95aeaa7f06c5058c8492e9
fernanda_garcia_img_0713,img_0713.png,monstruos_y_criaturas,ilustracion_plana_color,744,771,monstruo ilustracion plana caricatura,Pixabay,fernanda_garcia,699d24e20da9164ce96393c48b2ed8f2a36ba9f4
fernanda_garcia_img_0714,img_0714.png,monstruos_y_criaturas,ilustracion_plana_color,563,763,monstruo ilustracion plana caricatura,Pixabay,fernanda_garcia,1403607ef049e9b245716ec833af67d0d3e01a9c
fernanda_garcia_img_0715,img_0715.png,monstruos_y_criaturas,ilustracion_plana_color,800,800,monstruo ilustracion plana caricatura,Pixabay,fernanda_garcia,a2667f9d1a2171d910722822bdd463f90450f445
fernanda_garcia_img_0716,img_0716.png,monstruos_y_criaturas,ilustracion_plana_color,665,800,monstruo ilustracion plana caricatura,Pixabay,fernanda_garcia,f2b4c3226b7932099654ccf971f26d8e58cfae08
fernanda_garcia_img_0717,img_0717.png,monstruos_y_criaturas,ilustracion_plana_color,678,800,monstruo ilustracion plana caricatura,Pixabay,fernanda_garcia,e82cfd5ae19e64a2d7ffc8a988526d316883c82f
fernanda_garcia_img_0718,img_0718.png,monstruos_y_criaturas,ilustracion_plana_color,693,800,monstruo ilustracion plana caricatura,Pixabay,fernanda_garcia,b134c3ba387a1db93e2f7286762cad42e328dd07
fernanda_garcia_img_0719,img_0719.png,monstruos_y_criaturas,ilustracion_plana_color,764,800,monstruo ilustracion plana caricatura,Pixabay,fernanda_garcia,dfc9df433ae058e4ca3d170efe1d733cb37813da
fernanda_garcia_img_0720,img_0720.png,monstruos_y_criaturas,ilustracion_plana_color,769,800,monstruo ilustracion plana caricatura,Pixabay,fernanda_garcia,b84c37cef192614a35cbe14f29eb4310161091fc
fernanda_garcia_img_0721,img_0721.png,monstruos_y_criaturas,ilustracion_plana_color,794,616,monstruo ilustracion plana caricatura,Pixabay,fernanda_garcia,f94089ff329e9d4acaea7bd9305d1abcb8cc7c3b
fernanda_garcia_img_0722,img_0722.png,monstruos_y_criaturas,ilustracion_plana_color,549,800,monstruo ilustracion plana caricatura,Pixabay,fernanda_garcia,b4b11e2acf643ea6d853c4d9b714d523eacecb92
fernanda_garcia_img_0723,img_0723.png,monstruos_y_criaturas,ilustracion_plana_color,800,655,monstruo ilustracion plana caricatura,Pixabay,fernanda_garcia,4ba8a1112727c44d6743a799e7fc32d353bc1cf2
fernanda_garcia_img_0724,img_0724.png,monstruos_y_criaturas,ilustracion_plana_color,800,548,monstruo ilustracion plana caricatura,Pixabay,fernanda_garcia,f38b84c50a8107afd0b3fc5363ab2dbef5c02555
fernanda_garcia_img_0725,img_0725.png,monstruos_y_criaturas,ilustracion_plana_color,625,762,monstruo ilustracion plana caricatura,Pixabay,fernanda_garcia,e973c6104421afb2fa00bdb64d6a6aa227b9ea8c
fernanda_garcia_img_0726,img_0726.png,monstruos_y_criaturas,ilustracion_plana_color,625,762,monstruo ilustracion plana caricatura,Pixabay,fernanda_garcia,83dfda65efc04e27d476b298fd258cd491c0d34b
fernanda_garcia_img_0727,img_0727.png,monstruos_y_criaturas,ilustracion_plana_color,566,800,monstruo ilustracion plana caricatura,Pixabay,fernanda_garcia,26a78805649d6a56a7a323e895c9b4c676b58e27
fernanda_garcia_img_0728,img_0728.png,monstruos_y_criaturas,ilustracion_plana_color,800,800,monstruo ilustracion plana caricatura,Pixabay,fernanda_garcia,051dcddc13098d4745d8c6d1acbe97d41bb6d1f9
fernanda_garcia_img_0729,img_0729.png,monstruos_y_criaturas,ilustracion_plana_color,602,800,monstruo ilustracion plana caricatura,Pixabay,fernanda_garcia,490d3f243961a48dc48dfdc491f03204bdc07f58
fernanda_garcia_img_0730,img_0730.png,monstruos_y_criaturas,ilustracion_plana_color,800,653,monstruo ilustracion plana caricatura,Pixabay,fernanda_garcia,f9082dbc75d3ffb7465af29e9c8a8f0c833dde44
fernanda_garcia_img_0731,img_0731.png,monstruos_y_criaturas,ilustracion_plana_color,628,800,monstruo ilustracion plana caricatura,Pixabay,fernanda_garcia,dacc2b53009578cf6c76db78189fd78450564a94
fernanda_garcia_img_0732,img_0732.png,monstruos_y_criaturas,ilustracion_plana_color,800,400,monstruo ilustracion plana caricatura,Pixabay,fernanda_garcia,1187fbb92fc5ba512c560b01df53927f16b0a139
fernanda_garcia_img_0733,img_0733.png,monstruos_y_criaturas,ilustracion_plana_color,800,771,monstruo ilustracion plana caricatura,Pixabay,fernanda_garcia,cc126867163c3639f4d88dfb4115bcdb2f515f12
fernanda_garcia_img_0734,img_0734.png,monstruos_y_criaturas,ilustracion_plana_color,800,658,monstruo ilustracion plana caricatura,Pixabay,fernanda_garcia,25ae750e004faaed1c8217352c9a53fc6b05d593
fernanda_garcia_img_0735,img_0735.png,monstruos_y_criaturas,ilustracion_plana_color,373,800,monstruo ilustracion plana caricatura,Pixabay,fernanda_garcia,6ef0bae87d13d2e304d801505f4e3959bc44961e
fernanda_garcia_img_0736,img_0736.png,monstruos_y_criaturas,ilustracion_plana_color,643,800,monstruo ilustracion plana caricatura,Pixabay,fernanda_garcia,443153adceb0914e3e50fd62cf1322f5485b720f
fernanda_garcia_img_0737,img_0737.png,monstruos_y_criaturas,ilustracion_plana_color,800,1400,monstruo ilustracion plana caricatura,Pixabay,fernanda_garcia,f15108ec16b4c9f6da2b6b8773731161511f593d
fernanda_garcia_img_0738,img_0738.png,monstruos_y_criaturas,ilustracion_plana_color,800,1421,monstruo ilustracion plana caricatura,Pixabay,fernanda_garcia,968c8d9cc1ec70a21247ccccc9cdd4647317ab87
fernanda_garcia_img_0739,img_0739.png,monstruos_y_criaturas,ilustracion_plana_color,800,960,monstruo ilustracion plana caricatura,Pixabay,fernanda_garcia,3e91bea939cf2bc8d4f915c1b49008fe6fc6a91c
fernanda_garcia_img_0740,img_0740.png,monstruos_y_criaturas,ilustracion_plana_color,800,722,monstruo ilustracion plana caricatura,Pixabay,fernanda_garcia,0f53d8ed2baf3b1fb4fe1d95ed6a8ff27de48ba0
fernanda_garcia_img_0741,img_0741.png,monstruos_y_criaturas,ilustracion_plana_color,690,800,monstruo ilustracion plana caricatura,Pixabay,fernanda_garcia,43e08577d5e77b93f5cb09d560f5fedb856923aa
fernanda_garcia_img_0742,img_0742.png,monstruos_y_criaturas,ilustracion_plana_color,800,566,monstruo ilustracion plana caricatura,Pixabay,fernanda_garcia,cba82b10640e7c1d2fba382212e4679a4a51555b
fernanda_garcia_img_0743,img_0743.png,monstruos_y_criaturas,ilustracion_plana_color,800,763,monstruo ilustracion plana caricatura,Pixabay,fernanda_garcia,2b6dfe6338699188f2d44390409c48335f775aeb
fernanda_garcia_img_0744,img_0744.png,monstruos_y_criaturas,ilustracion_plana_color,800,749,monstruo ilustracion plana caricatura,Pixabay,fernanda_garcia,bcfda98baea222f31a5e0a209d7113214a91fcbf
fernanda_garcia_img_0745,img_0745.png,monstruos_y_criaturas,ilustracion_plana_color,438,447,monstruo ilustracion plana caricatura,Pixabay,fernanda_garcia,9a0df6aecaa6264dd8958ce4c5057f508e7897b2
fernanda_garcia_img_0746,img_0746.png,monstruos_y_criaturas,ilustracion_plana_color,566,800,monstruo ilustracion plana caricatura,Pixabay,fernanda_garcia,26898cb752ade0dc0e50f81b044fae48b8658b7d
fernanda_garcia_img_0747,img_0747.png,monstruos_y_criaturas,ilustracion_plana_color,764,320,monstruo ilustracion plana caricatura,Pixabay,fernanda_garcia,41187d6e09a909d4e5d4f75eb7bafa3a0f3a9283
fernanda_garcia_img_0748,img_0748.png,monstruos_y_criaturas,ilustracion_plana_color,624,800,monstruo ilustracion plana caricatura,Pixabay,fernanda_garcia,bc7ff3aec0f48639e32ff8bc0d460963b1d0aeec
fernanda_garcia_img_0749,img_0749.png,monstruos_y_criaturas,ilustracion_plana_color,800,456,monstruo ilustracion plana caricatura,Pixabay,fernanda_garcia,8400ab2c8baefc689e386b5c6bc8c57e6a4462f6
fernanda_garcia_img_0750,img_0750.png,monstruos_y_criaturas,ilustracion_plana_color,566,800,monstruo ilustracion plana caricatura,Pixabay,fernanda_garcia,4837267722e5e3d7cab119ab398388b213b6d6cc
fernanda_garcia_img_0751,img_0751.png,monstruos_y_criaturas,ilustracion_plana_color,768,310,monstruo ilustracion plana caricatura,Pixabay,fernanda_garcia,9ef6b842eb9a833ca57894405aac22acd4171b81
fernanda_garcia_img_0752,img_0752.png,monstruos_y_criaturas,ilustracion_plana_color,754,694,monstruo ilustracion plana caricatura,Pixabay,fernanda_garcia,952d408ff3949b777b1a498c4489a6c9a539d161
fernanda_garcia_img_0753,img_0753.png,monstruos_y_criaturas,ilustracion_plana_color,575,800,monstruo ilustracion plana caricatura,Pixabay,fernanda_garcia,01b2a57e74405f16fda73855102a863a44cedc07
fernanda_garcia_img_0754,img_0754.png,monstruos_y_criaturas,ilustracion_plana_color,716,800,monstruo ilustracion plana caricatura,Pixabay,fernanda_garcia,8436b294afe9d18a0eb9d6bc548a84694165c629
fernanda_garcia_img_0755,img_0755.png,monstruos_y_criaturas,ilustracion_plana_color,536,754,monstruo ilustracion plana caricatura,Pixabay,fernanda_garcia,6f1f7a6aa11f3d0ceb6872eb0080183ba0013cff
fernanda_garcia_img_0756,img_0756.png,monstruos_y_criaturas,ilustracion_plana_color,513,800,monstruo ilustracion plana caricatura,Pixabay,fernanda_garcia,32cce1d6fb902afac15e03dbf4d6f369a4103740
fernanda_garcia_img_0757,img_0757.png,monstruos_y_criaturas,ilustracion_plana_color,662,790,monstruo ilustracion plana caricatura,Pixabay,fernanda_garcia,a491ddf9c982426559c15f0d6e582c771fccc173
fernanda_garcia_img_0758,img_0758.png,monstruos_y_criaturas,ilustracion_plana_color,800,578,monstruo ilustracion plana caricatura,Pixabay,fernanda_garcia,3e76403de0e648e5bfc15f7175f660281a09c957
fernanda_garcia_img_0759,img_0759.png,monstruos_y_criaturas,ilustracion_plana_color,800,760,monstruo ilustracion plana caricatura,Pixabay,fernanda_garcia,20d8db52ff37a4be4a04a4927ee16b9a9c9c8edf
fernanda_garcia_img_0760,img_0760.png,monstruos_y_criaturas,ilustracion_plana_color,800,640,monstruo ilustracion plana caricatura,Pixabay,fernanda_garcia,dac45b5f532091071bb6967206dade573b962a88
fernanda_garcia_img_0761,img_0761.png,monstruos_y_criaturas,ilustracion_plana_color,800,562,monstruo ilustracion plana caricatura,Pixabay,fernanda_garcia,d147ad0deaa5f3440bd7bd7c56a1ee3e68c894f8
fernanda_garcia_img_0762,img_0762.png,monstruos_y_criaturas,ilustracion_plana_color,800,632,monstruo ilustracion plana caricatura,Pixabay,fernanda_garcia,ee71a306bfe4c07fde0f1c49283a2a288239520f
fernanda_garcia_img_0763,img_0763.png,monstruos_y_criaturas,ilustracion_plana_color,795,392,monstruo ilustracion plana caricatura,Pixabay,fernanda_garcia,976e7d56d42f46381f4a5f4656fe853ba0980140
fernanda_garcia_img_0764,img_0764.png,monstruos_y_criaturas,ilustracion_plana_color,684,800,monstruo ilustracion plana caricatura,Pixabay,fernanda_garcia,0c02ae0bdc7fdefd93aeadba8a19298e971d4ad5
fernanda_garcia_img_0765,img_0765.png,monstruos_y_criaturas,ilustracion_plana_color,311,800,monstruo ilustracion plana caricatura,Pixabay,fernanda_garcia,f4419df4c7116ada897e8cd02f61b65055a1a50f
fernanda_garcia_img_0766,img_0766.png,monstruos_y_criaturas,ilustracion_plana_color,246,800,monstruo ilustracion plana caricatura,Pixabay,fernanda_garcia,ca3d12df7adb012c841789bbe8cf60642d65f587
fernanda_garcia_img_0767,img_0767.png,monstruos_y_criaturas,ilustracion_plana_color,800,798,monstruo ilustracion plana caricatura,Pixabay,fernanda_garcia,96515b9ae3c46eba05f1993b3e4f34ce3136752d
fernanda_garcia_img_0768,img_0768.png,monstruos_y_criaturas,ilustracion_plana_color,549,800,monstruo ilustracion plana caricatura,Pixabay,fernanda_garcia,1e4555c929e2af915f7e77a444b0be8bea103086
fernanda_garcia_img_0769,img_0769.png,monstruos_y_criaturas,ilustracion_plana_color,800,1342,monstruo ilustracion plana caricatura,Pixabay,fernanda_garcia,23d121dede1e4317ae3fc67cb23c3b4342a4f186
fernanda_garcia_img_0770,img_0770.png,monstruos_y_criaturas,ilustracion_plana_color,800,1044,monstruo ilustracion plana caricatura,Pixabay,fernanda_garcia,fdcd6dfebd9f663072e9326f0b1835869d3e9a38
fernanda_garcia_img_0771,img_0771.png,monstruos_y_criaturas,ilustracion_plana_color,800,855,monstruo ilustracion plana caricatura,Pixabay,fernanda_garcia,2bac24c35b45a7e1d787615c38daeb5a2329fbf8
fernanda_garcia_img_0772,img_0772.png,monstruos_y_criaturas,ilustracion_plana_color,800,499,monstruo ilustracion plana caricatura,Pixabay,fernanda_garcia,a313721bae7567997bf5af27ddb9180e2d26c3e3
fernanda_garcia_img_0773,img_0773.png,monstruos_y_criaturas,ilustracion_plana_color,800,522,monstruo ilustracion plana caricatura,Pixabay,fernanda_garcia,cae793dc22d495ef8b8dc2f773509b4e9d1efa88
fernanda_garcia_img_0774,img_0774.png,monstruos_y_criaturas,ilustracion_plana_color,520,800,monstruo ilustracion plana caricatura,Pixabay,fernanda_garcia,2670265c023849b49c4b0f23452ec55ca083db8a
fernanda_garcia_img_0775,img_0775.png,monstruos_y_criaturas,ilustracion_plana_color,563,485,monstruo ilustracion plana caricatura,Pixabay,fernanda_garcia,120e516c0bec1fef46732ac26ca89241d2d7ad1c
fernanda_garcia_img_0776,img_0776.png,monstruos_y_criaturas,ilustracion_plana_color,663,800,monstruo ilustracion plana caricatura,Pixabay,fernanda_garcia,ac268483b3d6c9548c34d6c2033105a4c72ff769
fernanda_garcia_img_0777,img_0777.png,monstruos_y_criaturas,ilustracion_plana_color,653,800,monstruo ilustracion plana caricatura,Pixabay,fernanda_garcia,6d113bc4373533c820dc79b79210e6f713b57f08
fernanda_garcia_img_0778,img_0778.png,monstruos_y_criaturas,ilustracion_plana_color,533,800,monstruo ilustracion plana caricatura,Pixabay,fernanda_garcia,50712d659e486b06d5ffbbcf17dcb15eb95edc3d
fernanda_garcia_img_0779,img_0779.png,monstruos_y_criaturas,ilustracion_plana_color,417,800,monstruo ilustracion plana caricatura,Pixabay,fernanda_garcia,fdcdd6c18f3a93b50f1428fcad76b4d12511eda6
fernanda_garcia_img_0780,img_0780.png,monstruos_y_criaturas,ilustracion_plana_color,800,340,monstruo ilustracion plana caricatura,Pixabay,fernanda_garcia,bac26eea50cfea2dd18b0c1df41dc9f7de2ab6b1
fernanda_garcia_img_0781,img_0781.png,monstruos_y_criaturas,ilustracion_plana_color,444,800,monstruo ilustracion plana caricatura,Pixabay,fernanda_garcia,5b09ec92d057f7ad5bcc3b84336355f700e8b568
fernanda_garcia_img_0782,img_0782.png,monstruos_y_criaturas,ilustracion_plana_color,800,323,monstruo ilustracion plana caricatura,Pixabay,fernanda_garcia,8bc3af8c7d3b7dee327ea5f7ff78cbde118cfcc4
fernanda_garcia_img_0783,img_0783.png,monstruos_y_criaturas,ilustracion_plana_color,651,753,monstruo ilustracion plana caricatura,Pixabay,fernanda_garcia,c7b6f42879dd280ecd9ac6acf3e27b0213e70377
fernanda_garcia_img_0784,img_0784.png,monstruos_y_criaturas,ilustracion_plana_color,355,800,monstruo ilustracion plana caricatura,Pixabay,fernanda_garcia,dd6f214b60202951f38891b99fba7ecd5b2c970f
fernanda_garcia_img_0785,img_0785.png,monstruos_y_criaturas,ilustracion_plana_color,256,363,monstruo ilustracion plana caricatura,Pixabay,fernanda_garcia,61f5fab36c410105a627f65a6c828daf592cfd3a
fernanda_garcia_img_0786,img_0786.png,monstruos_y_criaturas,ilustracion_plana_color,566,800,monstruo ilustracion plana caricatura,Pixabay,fernanda_garcia,da894c0a1fcd3ddf87bb0db31c1e4c44ea960091
fernanda_garcia_img_0787,img_0787.png,monstruos_y_criaturas,ilustracion_plana_color,479,721,monstruo ilustracion plana caricatura,Pixabay,fernanda_garcia,aeb3996b01462de8496229f76d8225dd7ed94289
fernanda_garcia_img_0788,img_0788.png,monstruos_y_criaturas,ilustracion_plana_color,343,790,monstruo ilustracion plana caricatura,Pixabay,fernanda_garcia,79d70fa65d3ac1d2a73d1340d23189c458cf9362
fernanda_garcia_img_0789,img_0789.png,monstruos_y_criaturas,ilustracion_plana_color,330,464,monstruo ilustracion plana caricatura,Pixabay,fernanda_garcia,5794c8a03410e1207fff32bf3e368083186ea52f
fernanda_garcia_img_0790,img_0790.png,monstruos_y_criaturas,ilustracion_plana_color,288,700,monstruo ilustracion plana caricatura,Pixabay,fernanda_garcia,c0ff9634988f421917ef206fad2500a66e9f44d2
fernanda_garcia_img_0791,img_0791.png,monstruos_y_criaturas,ilustracion_plana_color,468,579,monstruo ilustracion plana caricatura,Pixabay,fernanda_garcia,fe31548fd41a6a2400cd9527b4d04522350c4c36
fernanda_garcia_img_0792,img_0792.png,monstruos_y_criaturas,ilustracion_plana_color,313,800,monstruo ilustracion plana caricatura,Pixabay,fernanda_garcia,8f83121d324537ce9f5d3603afe53c97e95f0e6e
fernanda_garcia_img_0793,img_0793.png,monstruos_y_criaturas,ilustracion_plana_color,800,628,monstruo ilustracion plana caricatura,Pixabay,fernanda_garcia,3068da069d17f14a0460a285ee2373f07e035ff4
fernanda_garcia_img_0794,img_0794.png,monstruos_y_criaturas,ilustracion_plana_color,554,800,monstruo ilustracion plana caricatura,Pixabay,fernanda_garcia,6dc835bf43563af700abac6a446022224e0bc3d4
fernanda_garcia_img_0795,img_0795.png,monstruos_y_criaturas,ilustracion_plana_color,466,800,monstruo ilustracion plana caricatura,Pixabay,fernanda_garcia,24cf782a688702f567b7ffbe5017a6014b7d8fd4
fernanda_garcia_img_0796,img_0796.png,monstruos_y_criaturas,ilustracion_plana_color,800,800,monstruo ilustracion plana caricatura,Pixabay,fernanda_garcia,bcbc00549c648ef1693a89ae2b154b72eee3ce54
fernanda_garcia_img_0797,img_0797.png,monstruos_y_criaturas,ilustracion_plana_color,519,800,monstruo ilustracion plana caricatura,Pixabay,fernanda_garcia,58c8fc48d6a1b56b9b19a91e7998f93f9c03f10e
fernanda_garcia_img_0798,img_0798.png,monstruos_y_criaturas,ilustracion_plana_color,800,1378,monstruo ilustracion plana caricatura,Pixabay,fernanda_garcia,ae5cbf09c84f34ea4ae156f7391016446f6573da
fernanda_garcia_img_0799,img_0799.png,monstruos_y_criaturas,ilustracion_plana_color,800,1158,monstruo ilustracion plana caricatura,Pixabay,fernanda_garcia,59a06a99ddbfb9b9a0c5fd05e5c450a9c6106d87
fernanda_garcia_img_0800,img_0800.png,monstruos_y_criaturas,ilustracion_plana_color,800,756,monstruo ilustracion plana caricatura,Pixabay,fernanda_garcia,b1839de33b2afeff12a5bd918f1d481bdd26e454
fernanda_garcia_img_0801,img_0801.png,monstruos_y_criaturas,ilustracion_plana_color,679,800,monstruo ilustracion plana caricatura,Pixabay,fernanda_garcia,5c71522439cb82716521bf204a8a02ae0a590650
fernanda_garcia_img_0802,img_0802.png,monstruos_y_criaturas,ilustracion_plana_color,768,751,monstruo ilustracion plana caricatura,Pixabay,fernanda_garcia,abee2436749ddfbce2509e1c0018a9f998dc4526
fernanda_garcia_img_0803,img_0803.png,monstruos_y_criaturas,ilustracion_plana_color,516,580,monstruo ilustracion plana caricatura,Pixabay,fernanda_garcia,3e1014bd97318da191db50891f02a8af3ff6384b
fernanda_garcia_img_0804,img_0804.png,monstruos_y_criaturas,ilustracion_plana_color,656,744,monstruo ilustracion plana caricatura,Pixabay,fernanda_garcia,2e3a257314c68d6fe4d335e862d01400c4ee6636
fernanda_garcia_img_0805,img_0805.png,monstruos_y_criaturas,ilustracion_plana_color,800,777,monstruo ilustracion plana caricatura,Pixabay,fernanda_garcia,20a83d1650c16da36d3f7df0ff5e2221db0bfbd9
fernanda_garcia_img_0806,img_0806.png,monstruos_y_criaturas,ilustracion_plana_color,800,650,monstruo ilustracion plana caricatura,Pixabay,fernanda_garcia,5397743987f3662ec890e44f9b5d0db8ca033faf
fernanda_garcia_img_0807,img_0807.png,monstruos_y_criaturas,ilustracion_plana_color,561,800,monstruo ilustracion plana caricatura,Pixabay,fernanda_garcia,4ab206aa648399be365150c3c62877047d780533
fernanda_garcia_img_0808,img_0808.png,monstruos_y_criaturas,ilustracion_plana_color,329,421,monstruo ilustracion plana caricatura,Pixabay,fernanda_garcia,050b40cf77a1f68bcd348d08c2fb29fef81c20d4
fernanda_garcia_img_0809,img_0809.png,monstruos_y_criaturas,ilustracion_plana_color,592,445,monstruo ilustracion plana caricatura,Pixabay,fernanda_garcia,129e9ed3af3c6317e71df0c8bef0733418b8e2c2
fernanda_garcia_img_0810,img_0810.png,monstruos_y_criaturas,ilustracion_plana_color,678,800,monstruo ilustracion plana caricatura,Pixabay,fernanda_garcia,c8eed4652bacdbc3810ac4abe1c90ccf233d03c9
fernanda_garcia_img_0811,img_0811.png,monstruos_y_criaturas,ilustracion_plana_color,744,800,monstruo ilustracion plana caricatura,Pixabay,fernanda_garcia,42cd2c997f400973df153c9f22e129bf1f4a1a5f
fernanda_garcia_img_0812,img_0812.png,monstruos_y_criaturas,ilustracion_plana_color,329,573,monstruo ilustracion plana caricatura,Pixabay,fernanda_garcia,0bf73d2f25302b74261d8f4914903729a6389a8c
fernanda_garcia_img_0813,img_0813.png,monstruos_y_criaturas,ilustracion_plana_color,318,315,monstruo ilustracion plana caricatura,Pixabay,fernanda_garcia,20e7209e8328795ee0bc89a36cccf4d5980a2157
fernanda_garcia_img_0814,img_0814.png,monstruos_y_criaturas,ilustracion_plana_color,800,749,monstruo ilustracion plana caricatura,Pixabay,fernanda_garcia,2c59f89a3ef195d50171cc6436116f3e2fcbb9eb
fernanda_garcia_img_0815,img_0815.png,monstruos_y_criaturas,ilustracion_plana_color,420,800,monstruo ilustracion plana caricatura,Pixabay,fernanda_garcia,812c24432187d8830e99218e03f4c4340a859e24
fernanda_garcia_img_0816,img_0816.png,monstruos_y_criaturas,ilustracion_plana_color,420,418,monstruo ilustracion plana caricatura,Pixabay,fernanda_garcia,98974e67e84b572ad7d456f2dcbdd2705de98667
fernanda_garcia_img_0817,img_0817.png,monstruos_y_criaturas,ilustracion_plana_color,440,559,monstruo ilustracion plana caricatura,Pixabay,fernanda_garcia,5b981e517c78be904ca1cfd07b8215b5c4239021
fernanda_garcia_img_0818,img_0818.png,monstruos_y_criaturas,ilustracion_plana_color,800,504,monstruo ilustracion plana caricatura,Pixabay,fernanda_garcia,b738c3af5901620bab03f4252a87d9668f34c0d4
fernanda_garcia_img_0819,img_0819.png,monstruos_y_criaturas,ilustracion_plana_color,711,800,monstruo ilustracion plana caricatura,Pixabay,fernanda_garcia,8eb013a2cf2bbc9afe3ca124278ec673c70c270d
fernanda_garcia_img_0820,img_0820.png,monstruos_y_criaturas,ilustracion_plana_color,800,652,monstruo ilustracion plana caricatura,Pixabay,fernanda_garcia,8e956869f5a121d3cc78a380caac231ec474250d
fernanda_garcia_img_0821,img_0821.png,monstruos_y_criaturas,ilustracion_plana_color,800,800,monstruo ilustracion plana caricatura,Pixabay,fernanda_garcia,c232c98167b35076073d18f0dc1ff549fc3d1a23
fernanda_garcia_img_0822,img_0822.png,monstruos_y_criaturas,ilustracion_plana_color,566,800,monstruo ilustracion plana caricatura,Pixabay,fernanda_garcia,18c41b14e8bf2cdc3ee53746e642a0f356b4578a
fernanda_garcia_img_0823,img_0823.png,monstruos_y_criaturas,ilustracion_plana_color,566,800,monstruo ilustracion plana caricatura,Pixabay,fernanda_garcia,d81da22d5042f949ca898b58d3fd4b33fb149592
fernanda_garcia_img_0824,img_0824.png,monstruos_y_criaturas,ilustracion_plana_color,800,800,monstruo ilustracion plana caricatura,Pixabay,fernanda_garcia,c88ec8ebb49e5f110b052e441363dd2841bd895c
fernanda_garcia_img_0825,img_0825.png,monstruos_y_criaturas,ilustracion_plana_color,696,800,monstruo ilustracion plana caricatura,Pixabay,fernanda_garcia,d0f6b19569a22da179bc4837a8129be03067c8fa
fernanda_garcia_img_0826,img_0826.png,monstruos_y_criaturas,ilustracion_plana_color,648,800,monstruo ilustracion plana caricatura,Pixabay,fernanda_garcia,29877d6d36c62d31e49ebac50101e15befe3444a
fernanda_garcia_img_0827,img_0827.png,monstruos_y_criaturas,ilustracion_plana_color,800,612,monstruo ilustracion plana caricatura,Pixabay,fernanda_garcia,9b97ee98288115822970effaa721298359646f12
fernanda_garcia_img_0828,img_0828.png,monstruos_y_criaturas,ilustracion_plana_color,764,786,monstruo ilustracion plana caricatura,Pixabay,fernanda_garcia,9cbefde5d33bc16427c91e5d73b94c8956861402
fernanda_garcia_img_0829,img_0829.png,monstruos_y_criaturas,ilustracion_plana_color,476,800,monstruo ilustracion plana caricatura,Pixabay,fernanda_garcia,3be66bd24206ff2fb459d955118a1ab6f2daf615
fernanda_garcia_img_0830,img_0830.png,monstruos_y_criaturas,ilustracion_plana_color,800,515,monstruo ilustracion plana caricatura,Pixabay,fernanda_garcia,86b96436379c17f1befc13fdf0b64a544e27f68a
fernanda_garcia_img_0831,img_0831.png,monstruos_y_criaturas,ilustracion_plana_color,800,453,monstruo ilustracion plana caricatura,Pixabay,fernanda_garcia,4ab7fba855180e8767ca3b9e0501ca65df7b04a9
fernanda_garcia_img_0832,img_0832.png,monstruos_y_criaturas,ilustracion_plana_color,528,800,monstruo ilustracion plana caricatura,Pixabay,fernanda_garcia,ea1281d59f50ba569ca40c235ab7bab8ad5bb15d
fernanda_garcia_img_0833,img_0833.png,monstruos_y_criaturas,ilustracion_plana_color,800,1410,monstruo ilustracion plana caricatura,Pixabay,fernanda_garcia,36c798134db7b64e5f2590e36f25fda95933e8bd
fernanda_garcia_img_0834,img_0834.jpg,monstruos_y_criaturas,ilustracion_plana_color,561,640,"monster, face, teeth, fun, eyes, gruesome, cartoon, cute caricatura plana",Pixabay,fernanda_garcia,c338bea8eefe9e3f7cd3e18a93ea985de9e7a71d
fernanda_garcia_img_0835,img_0835.jpg,monstruos_y_criaturas,ilustracion_plana_color,561,640,"monster, fun, face, cartoon, teeth, cute, eyes, gruesome, monster, monster, mons caricatura plana",Pixabay,fernanda_garcia,25f15de580d1bcc9b900c61e519928905e9c0c99
fernanda_garcia_img_0836,img_0836.png,monstruos_y_criaturas,ilustracion_plana_color,640,468,"cartoon, cute, green, halloween, monster, secret maryo, halloween, monster, mons caricatura plana",Pixabay,fernanda_garcia,31f58d8f31616fdd4276313e6a00ab860e07c6bc
fernanda_garcia_img_0837,img_0837.jpg,monstruos_y_criaturas,ilustracion_plana_color,640,640,"monster, emotion, cartoon, character, expression, facial expression, teeth, crea caricatura plana",Pixabay,fernanda_garcia,6d7c0452f799349fc2dd822dc2bf6f81208ace39
fernanda_garcia_img_0838,img_0838.png,monstruos_y_criaturas,ilustracion_plana_color,640,575,"toy, creature, santa, hat, monster, nature, animal, cute, funny, character, chri caricatura plana",Pixabay,fernanda_garcia,94578b1279efbf30c057e2eee8aac1018c2859a8
fernanda_garcia_img_0839,img_0839.png,monstruos_y_criaturas,ilustracion_plana_color,640,640,"monster, cartoon, funny, creature, character, halloween, horror, fun, cutout, st caricatura plana",Pixabay,fernanda_garcia,50e177e1855808e5bfce934203359c28fda9dc37
fernanda_garcia_img_0840,img_0840.png,monstruos_y_criaturas,ilustracion_plana_color,640,640,"monsters, cartoon monsters, cute monsters, drawing, happy, art, icons, colorful  caricatura plana",Pixabay,fernanda_garcia,0529d9cb60a209f920fc9fe67094e60dabc2a961
fernanda_garcia_img_0841,img_0841.png,monstruos_y_criaturas,ilustracion_plana_color,640,640,"monster, creature, funny, halloween, horror, fun, cartoon, character, cutout, st caricatura plana",Pixabay,fernanda_garcia,0451b0b03bed694d02614e63324545ee7793e3bf
fernanda_garcia_img_0842,img_0842.png,monstruos_y_criaturas,ilustracion_plana_color,512,640,"ai generated, troll, monster, character, creature, bright, cheerful, fantasy, fu caricatura plana",Pixabay,fernanda_garcia,3d80a9f6516505d43ad7d3e5730c58ceb9180533
fernanda_garcia_img_0843,img_0843.png,monstruos_y_criaturas,ilustracion_plana_color,640,640,"sketch, character, funny, humor, cute, monster, cartoon, monster, monster, monst caricatura plana",Pixabay,fernanda_garcia,4f96488b902f7f5093c8a124935b03455bc059da
fernanda_garcia_img_0844,img_0844.png,monstruos_y_criaturas,ilustracion_plana_color,640,628,"cute, halloween, mummy, halloween, halloween, halloween, mummy, mummy, mummy, mu caricatura plana",Pixabay,fernanda_garcia,d4e122406eeb52bc891d145986a391caf1026a84
fernanda_garcia_img_0845,img_0845.png,monstruos_y_criaturas,ilustracion_plana_color,516,640,"ogre, troll, monster, character, cartoon, comic, forest, nature, ancient, warrio caricatura plana",Pixabay,fernanda_garcia,5f442dd3d2d8099397dad5bf4e75e6b16da174db
fernanda_garcia_img_0846,img_0846.jpg,monstruos_y_criaturas,ilustracion_plana_color,640,640,"ai generated, creatures, monsters, cartoon, nature, cute, forest, colorful caricatura plana",Pixabay,fernanda_garcia,b2b1450a6a3ca6471a331105b1727bf5f24eca92
fernanda_garcia_img_0847,img_0847.jpg,monstruos_y_criaturas,ilustracion_plana_color,640,640,"fantasy, character, cute, forest, magical, digital, sweater, scarf, whimsical, c caricatura plana",Pixabay,fernanda_garcia,533f57ee5051934e4d43468b69ab175bd5c72c7c
fernanda_garcia_img_0848,img_0848.jpg,monstruos_y_criaturas,ilustracion_plana_color,640,640,"fantasy, character, magical, forest, creature, staff, mushroom, whimsical, digit caricatura plana",Pixabay,fernanda_garcia,92ed659943fa514949b62e73f9dc5fcffeca6bf0
fernanda_garcia_img_0849,img_0849.png,monstruos_y_criaturas,ilustracion_plana_color,640,640,"yeti, forest, snow, fire, winter, adventure, nature, fairy tale, legend, fantasy caricatura plana",Pixabay,fernanda_garcia,eedcdf4fbcd573cd9587724ea826921246700d9d
fernanda_garcia_img_0850,img_0850.png,monstruos_y_criaturas,ilustracion_plana_color,585,640,"ai generated, gnome, garden, whimsical, cute, fantasy, magical, charming bearded caricatura plana",Pixabay,fernanda_garcia,95a6443c088fef516bb37c0b8b12958913a5ee78
fernanda_garcia_img_0851,img_0851.png,monstruos_y_criaturas,ilustracion_plana_color,525,640,"cactus, character, man, western, cowboy, duel, wild west, cartoon, comic, figure caricatura plana",Pixabay,fernanda_garcia,77caedc9a42f9b7ca57e4552501073e424fe9a64
fernanda_garcia_img_0852,img_0852.png,monstruos_y_criaturas,ilustracion_plana_color,640,244,"ai generated, cute, monsters, cartoon, colorful, creature, adorable, cartoon cha caricatura plana",Pixabay,fernanda_garcia,8a0cb6d88c596fb787a37549bd28ccf20b28d489
fernanda_garcia_img_0853,img_0853.png,monstruos_y_criaturas,ilustracion_plana_color,640,632,"dragon, cartoon, drawing, creature, fantasy, flying, fire breathing, mystical, c caricatura plana",Pixabay,fernanda_garcia,543dc70638decebe71de555cdc1a5f6950293a25
fernanda_garcia_img_0854,img_0854.png,monstruos_y_criaturas,ilustracion_plana_color,640,367,"food, bird, fish, mouth, wings, dinosaur, eat, nature, ancient caricatura plana",Pixabay,fernanda_garcia,2caff846f55946b9a9bda38d2055229bc1d9b95c
fernanda_garcia_img_0855,img_0855.png,monstruos_y_criaturas,ilustracion_plana_color,640,640,"anglerfish, fish, cartoon, drawing, light, deep-sea creature, nature, adorable,  caricatura plana",Pixabay,fernanda_garcia,9ea843bbdd03d0259a4439dd121427a9718370dd
fernanda_garcia_img_0856,img_0856.jpg,monstruos_y_criaturas,ilustracion_plana_color,640,640,"flapjack octopus, squid, creature, ocean, sea, cartoon, colourful, marine, water caricatura plana",Pixabay,fernanda_garcia,3785dac23522581dce3ed29562b8a1f75020a224
fernanda_garcia_img_0857,img_0857.png,monstruos_y_criaturas,ilustracion_plana_color,546,640,"figure, creature, cartoon, wooden, robot, face, fantasy, strange, robot, robot,  caricatura plana",Pixabay,fernanda_garcia,8b03758275742253097a0826abcc21ad055609c8
fernanda_garcia_img_0858,img_0858.png,monstruos_y_criaturas,ilustracion_plana_color,640,640,"ai generated, book, creature, fantasy, fairy tale, cartoon, cute, adorable, grem caricatura plana",Pixabay,fernanda_garcia,3fa37e43a76aa51ec8a15229cf8222faa1b1c6b5
fernanda_garcia_img_0859,img_0859.png,monstruos_y_criaturas,ilustracion_plana_color,640,360,"witch, magic, purple, violet, minimalistic, cartoon, girl caricatura plana",Pixabay,fernanda_garcia,79663d14647e3abfffa90b7560f44793fb240d36
fernanda_garcia_img_0860,img_0860.png,monstruos_y_criaturas,ilustracion_plana_color,427,640,"cute skeleton, halloween costume, cartoon skeleton, spooky art, child friendly,  caricatura plana",Pixabay,fernanda_garcia,9cfb88feca3b23e4a1b2dac255eec738e14ffa69
fernanda_garcia_img_0861,img_0861.png,monstruos_y_criaturas,ilustracion_plana_color,640,451,"imp, christmas, gnome, handcraft, imp, imp, christmas, christmas, christmas, chr caricatura plana",Pixabay,fernanda_garcia,4017081b15b0dee3cfdfd76eab25a7618c73c131
fernanda_garcia_img_0862,img_0862.png,monstruos_y_criaturas,ilustracion_plana_color,389,640,"fairy, fantasy, elf, elfin, person, imp, sprite, fairy, fairy, fairy, elf, elf,  caricatura plana",Pixabay,fernanda_garcia,f9f14fd5375ffb7b257b6c9f554c37caa1a6e9c3
fernanda_garcia_img_0863,img_0863.png,monstruos_y_criaturas,ilustracion_plana_color,320,640,"fairy, person, fantasy, elf, elfin, sprite, imp, costume, fairy, fairy, fairy, e caricatura plana",Pixabay,fernanda_garcia,ab5ce5e6f532b1f0f1ac3ca4c5547491ccc3f823
fernanda_garcia_img_0864,img_0864.png,monstruos_y_criaturas,ilustracion_plana_color,459,640,"fairy, person, fantasy, elf, elfin, sprite, imp, costume, fairy, fairy, fairy, e caricatura plana",Pixabay,fernanda_garcia,070a060edf4a7d22751359d8aa87383c06215bfa
fernanda_garcia_img_0865,img_0865.png,monstruos_y_criaturas,ilustracion_plana_color,640,640,"skull, halloween, doodle, clipart, cute, ghost, witch, cut out, halloween, hallo caricatura plana",Pixabay,fernanda_garcia,be2f5db1dafcacb11a66d43e37af219669eb7928
fernanda_garcia_img_0866,img_0866.png,monstruos_y_criaturas,ilustracion_plana_color,640,405,"minotaur, cyclops, maze, entrance, exit, dude, dead end, problem, one-eyed, horn caricatura plana",Pixabay,fernanda_garcia,ceb03c37a966f1c750aa503d13f7573e727ab8c0
fernanda_garcia_img_0867,img_0867.png,monstruos_y_criaturas,ilustracion_plana_color,537,640,"beast, bull, drawing, game asset call, greek, human, hybrid, minotaur, monster,  caricatura plana",Pixabay,fernanda_garcia,92cf7622c793fb2f578c3e6a90cdc689d4747e24
fernanda_garcia_img_0868,img_0868.png,monstruos_y_criaturas,ilustracion_plana_color,640,640,"halloween, character, icon, cartoon, cute, spooky, monster, witch, vampire, ghos caricatura plana",Pixabay,fernanda_garcia,ff42c3d5915033fd31ee24bf7df1bb5554af6662
fernanda_garcia_img_0869,img_0869.png,monstruos_y_criaturas,ilustracion_plana_color,640,640,"hands, bones, skeleton, fingers, nails, fist, thumbs up, anatomy, halloween, zom caricatura plana",Pixabay,fernanda_garcia,f726a8e75cf2391c1dc3acba8b16020b5dd9fdf6
fernanda_garcia_img_0870,img_0870.png,monstruos_y_criaturas,ilustracion_plana_color,490,640,"evil, ghoul, halloween and horror, head, horror, monster, non-human beings, zomb caricatura plana",Pixabay,fernanda_garcia,38a3009558cd63fad67426707811ca1b26b7948c
fernanda_garcia_img_0871,img_0871.jpg,monstruos_y_criaturas,ilustracion_plana_color,427,640,"ai generated, skeleton, design, t-shirt, poster, fashion, mock up, clothes, pain caricatura plana",Pixabay,fernanda_garcia,4279ba58109a19e1fb5cf78f239d4662badc5e4b
fernanda_garcia_img_0872,img_0872.png,monstruos_y_criaturas,ilustracion_plana_color,523,640,"cartoon, grim, reaper, scythe, skeleton caricatura plana",Pixabay,fernanda_garcia,826b0a9bff0ff7286fc98c1bb443da892a5c31a1
fernanda_garcia_img_0873,img_0873.png,monstruos_y_criaturas,ilustracion_plana_color,640,360,"creatures, ghost, monsters, octopus, panda, slime, strange, weird, cartoon, gree caricatura plana",Pixabay,fernanda_garcia,ddf18526c92c6dc923046151ac4a555ed3f8abd4
fernanda_garcia_img_0874,img_0874.png,monstruos_y_criaturas,ilustracion_plana_color,640,582,"bacteria, monster, virus, illness, bacterium, infection, bacteria, bacteria, bac caricatura plana",Pixabay,fernanda_garcia,bab47477685b0c93fcb5b540ccedc6286bebb986
fernanda_garcia_img_0875,img_0875.jpg,monstruos_y_criaturas,ilustracion_plana_color,640,426,"cartoon, flat, monster caricatura plana",Pixabay,fernanda_garcia,8fb25c51c01bc76b0694c6ef6b904675c8b193db
fernanda_garcia_img_0876,img_0876.png,monstruos_y_criaturas,ilustracion_plana_color,474,640,"alien, smiley, emoji, emoticon, expression, emotion, sorry, cartoon, design, mon caricatura plana",Pixabay,fernanda_garcia,4b0ec61ddbf753fd5708182860cf790ecd8d73a0
fernanda_garcia_img_0877,img_0877.jpg,monstruos_y_criaturas,ilustracion_plana_color,640,640,"halloween cartoon, cute monster, fantasy creature, blob monster, glowing eyes, s caricatura plana",Pixabay,fernanda_garcia,11ed126c123630bab7a3593e42a93c595df05c8b
fernanda_garcia_img_0878,img_0878.png,monstruos_y_criaturas,ilustracion_plana_color,640,489,"germ, bacillus, angry, fight, against, illness, computer, virus, infection, haza caricatura plana",Pixabay,fernanda_garcia,461020f9cec9d68b8e454f8212a360b435ae4e4a
fernanda_garcia_img_0879,img_0879.png,monstruos_y_criaturas,ilustracion_plana_color,480,640,"sea anemone, cute sea creature, pastel coral, smiling face, ocean character, ten caricatura plana",Pixabay,fernanda_garcia,9465b6664bcb83379aa4dbf57217224a97274bfc
fernanda_garcia_img_0880,img_0880.png,monstruos_y_criaturas,ilustracion_plana_color,463,640,"ai generated, monster, furry, character, cartoon, adorable, fluffy, hairy, horns caricatura plana",Pixabay,fernanda_garcia,d37a0b7c2a9543c3f128bcecb503119c8decc3d1
fernanda_garcia_img_0881,img_0881.png,monstruos_y_criaturas,ilustracion_plana_color,640,321,"dragon, fantasy, monster, green, dragon, dragon, dragon, dragon, dragon caricatura plana",Pixabay,fernanda_garcia,1bcc5b7f8c01c7f00bdf7f218379d64160bad8d5
fernanda_garcia_img_0882,img_0882.png,monstruos_y_criaturas,ilustracion_plana_color,497,640,"cartoon, eye, flying, horn, monster, one, purple, troll, wings, cartoon, monster caricatura plana",Pixabay,fernanda_garcia,5e1b1ff465270d4363060abf1f9c3e9041e68e9b
fernanda_garcia_img_0883,img_0883.png,monstruos_y_criaturas,ilustracion_plana_color,640,640,"devil, demon, evil, satan, hell, dark, monster, scary, ai generated, cutout caricatura plana",Pixabay,fernanda_garcia,5cb0ac7c1ed4a1ffdcd6f60d927dbd1a617a4c68
fernanda_garcia_img_0884,img_0884.png,monstruos_y_criaturas,ilustracion_plana_color,525,640,"people, devil, vampire, dracula, halloween, horns, fangs, holiday, character, ho caricatura plana",Pixabay,fernanda_garcia,6ed814065f6010ba5ead6192ca04efd334e0948e
fernanda_garcia_img_0885,img_0885.jpg,monstruos_y_criaturas,ilustracion_plana_color,359,640,"ai generated, monsters, cartoon, colorful, cute, fun, quirky, creatures, funny,  caricatura plana",Pixabay,fernanda_garcia,79170d8d22813a2ea07b0a32d078be3ff8608276
fernanda_garcia_img_0886,img_0886.jpg,monstruos_y_criaturas,ilustracion_plana_color,359,640,"ai generated, monsters, cartoon, colorful, cute, fun, quirky, creatures, funny,  caricatura plana",Pixabay,fernanda_garcia,8da9816add7fef7fe1c784a4bfaafb70d1952242
fernanda_garcia_img_0887,img_0887.jpg,monstruos_y_criaturas,ilustracion_plana_color,482,640,"ai generated, monsters, cartoon, colorful, cute, fun, quirky, creatures, funny,  caricatura plana",Pixabay,fernanda_garcia,6fe3086f6cd4946f9b65dbbc36cce81aa38f84b4
fernanda_garcia_img_0888,img_0888.png,monstruos_y_criaturas,ilustracion_plana_color,640,480,"halloween, cute, scary, monster, icon, pumpkin, silly, smile, trendy, ugly, teet caricatura plana",Pixabay,fernanda_garcia,8e812017e61d67d5ac469ca4597ec9f2684f3b76
fernanda_garcia_img_0889,img_0889.png,monstruos_y_criaturas,ilustracion_plana_color,640,640,"devil, demon, evil, monster, fantastic, hell, person, cartoon, lucifer, satan, f caricatura plana",Pixabay,fernanda_garcia,d8be6ee702fc9025d8fd3711c8867520c800fd23
fernanda_garcia_img_0890,img_0890.png,monstruos_y_criaturas,ilustracion_plana_color,640,523,"devil, horns, red, face, head, demon, satan, halloween, horror, hell, horned, sc caricatura plana",Pixabay,fernanda_garcia,f60233b4b777e67201ae946ae4bb62abfb53a759
fernanda_garcia_img_0891,img_0891.png,monstruos_y_criaturas,ilustracion_plana_color,640,545,"devil, demon, satan, reclining, evil, wings, horror, monster, hell, scary, horns caricatura plana",Pixabay,fernanda_garcia,9986d08a8e09865951c8eaf6084e4ce88fd75ead
fernanda_garcia_img_0892,img_0892.png,monstruos_y_criaturas,ilustracion_plana_color,640,575,"devil, sitting, looking, black, white, monster, wings, ugly, devil, devil, devil caricatura plana",Pixabay,fernanda_garcia,5408855f1a47864166d2c0cc83e5145360cfc07b
fernanda_garcia_img_0893,img_0893.png,monstruos_y_criaturas,ilustracion_plana_color,640,640,"bat, halloween, vampire, wings, spooky, scary, flying, nasty, ai generated caricatura plana",Pixabay,fernanda_garcia,a25eb77d9a0956521f9651cc3f22d86fe6d37986
fernanda_garcia_img_0894,img_0894.png,monstruos_y_criaturas,ilustracion_plana_color,640,640,"monster, illustration, happiness, happy, design, tie, bowtie, fangs, teeth, eyes caricatura plana",Pixabay,fernanda_garcia,4791242b9c7013bb9e0d2716b8a27e57a98f5605
fernanda_garcia_img_0895,img_0895.png,monstruos_y_criaturas,ilustracion_plana_color,640,611,"evil, fangs, horror, monster, horror, horror, monster, monster, monster, monster caricatura plana",Pixabay,fernanda_garcia,efc65facc3444b5adc2e19ea825869a6f64e1a6d
fernanda_garcia_img_0896,img_0896.png,monstruos_y_criaturas,ilustracion_plana_color,640,590,"transparent background, monster, myth, dragon, spooky, transparent, zombie, horn caricatura plana",Pixabay,fernanda_garcia,41c752b25a8f27498399ea01cdec6256e7d4ae54
fernanda_garcia_img_0897,img_0897.png,monstruos_y_criaturas,ilustracion_plana_color,465,640,"frankenstein monster, halloween vector character, halloween frankenstein, hallow caricatura plana",Pixabay,fernanda_garcia,4027733bfdfe203b64ce47672c352bf8acd02d19
fernanda_garcia_img_0898,img_0898.jpg,monstruos_y_criaturas,ilustracion_plana_color,640,640,"demon, monster, fire, art, creature, devil, evil, imagination, fight, giant, acr caricatura plana",Pixabay,fernanda_garcia,7bb58d4c68a36b6fd94b05788b414e29b13963de
fernanda_garcia_img_0899,img_0899.png,monstruos_y_criaturas,ilustracion_plana_color,640,640,"line art, drawing, design, cartoon, kdp, coloring, sketch, doodle, artwork, outl caricatura plana",Pixabay,fernanda_garcia,d4f6d44f820f2a3efb27c284c43ecd5ae3d2be77
fernanda_garcia_img_0900,img_0900.png,monstruos_y_criaturas,ilustracion_plana_color,640,640,"ai generated, frankenstein, zombie, monster, creature, sticker, halloween, spook caricatura plana",Pixabay,fernanda_garcia,7686e2efc02263f49545a502e1d405e3edcad825
fernanda_garcia_img_0901,img_0901.png,monstruos_y_criaturas,ilustracion_plana_color,404,640,"mummy, egyptian, halloween, horror, undead, zombie, monster, mummy, mummy, mummy caricatura plana",Pixabay,fernanda_garcia,5cd2db42492c423fa25e0965ce5a043d70e11707
fernanda_garcia_img_0902,img_0902.png,monstruos_y_criaturas,ilustracion_plana_color,640,427,"ai generated, zombie, monster, scary, horror, halloween, creepy, cartoon, undead caricatura plana",Pixabay,fernanda_garcia,539096f0e7808334e762fcefed1b4712851b15af
fernanda_garcia_img_0903,img_0903.png,monstruos_y_criaturas,ilustracion_plana_color,640,640,"bat, black, halloween, design, holiday, symbol, october, scary, icon, horror, au caricatura plana",Pixabay,fernanda_garcia,4a5a758d23a36f3ddd8c785c691b27bf1ebef04a
fernanda_garcia_img_0904,img_0904.png,monstruos_y_criaturas,ilustracion_plana_color,640,427,"ai generated, white rabbit, zombie, evil, monster, horror, scary, funny, cartoon caricatura plana",Pixabay,fernanda_garcia,548e076ffad2a9c0f0d9516fa32a4a2cc4e2a303
fernanda_garcia_img_0905,img_0905.png,monstruos_y_criaturas,ilustracion_plana_color,640,427,"ai generated, zombie, monster, scary, horror, halloween, cartoon, undead, creepy caricatura plana",Pixabay,fernanda_garcia,612af21339d908feb6af41662f8b2ec34f014092
fernanda_garcia_img_0906,img_0906.png,monstruos_y_criaturas,ilustracion_plana_color,640,435,"monsters, creatures, cartoons, scary, horror, creepy, collection, spooky, charac caricatura plana",Pixabay,fernanda_garcia,98cb4d054f946656a0bd711f76dddd91d87620cb
fernanda_garcia_img_0907,img_0907.png,monstruos_y_criaturas,ilustracion_plana_color,640,471,"monsters, creatures, faces, expressions, party, hat, melon, spooky, skull and cr caricatura plana",Pixabay,fernanda_garcia,6f78070f88c672734495388cc47e9342d25e1f94
fernanda_garcia_img_0908,img_0908.png,monstruos_y_criaturas,ilustracion_plana_color,640,640,"witch, halloween, magic, fantasy, witchcraft, mystical, flying, nasty, ai genera caricatura plana",Pixabay,fernanda_garcia,4f1bc21ab0428a96103d8976536ca2bdbd19daba
fernanda_garcia_img_0909,img_0909.png,monstruos_y_criaturas,ilustracion_plana_color,533,640,"monster, city, pop art, fantasy, comic book, green, destruction, fear, evil, cre caricatura plana",Pixabay,fernanda_garcia,37b0fa13cf235baeb36e44f562aa3761266aab83
fernanda_garcia_img_0910,img_0910.jpg,monstruos_y_criaturas,ilustracion_plana_color,640,479,"man, cartoon, character, cute, funny, sticker, angry, halloween, creepy, spooky caricatura plana",Pixabay,fernanda_garcia,efdb96cc5fd88b70b217abb65b72915f1335cdd8
fernanda_garcia_img_0911,img_0911.png,monstruos_y_criaturas,ilustracion_plana_color,640,640,"ai generated, scarecrow, halloween, character, cartoon, spooky, cute, sticker, a caricatura plana",Pixabay,fernanda_garcia,4a9f6a6318e3e8180da4aa35f5d436a384335469
fernanda_garcia_img_0912,img_0912.png,monstruos_y_criaturas,ilustracion_plana_color,505,640,"cartoon, halloween, pumpkin, carved, autumn, lantern, fall, holiday, october, ja caricatura plana",Pixabay,fernanda_garcia,a1689de182f26b2c7c0b08de3e62f8a2377d1b7a
fernanda_garcia_img_0913,img_0913.jpg,monstruos_y_criaturas,ilustracion_plana_color,640,427,"ai generated, cthulhu, monster, horror, creature, spooky, ocean, nautical, giant caricatura plana",Pixabay,fernanda_garcia,9fc822a3f4623c869a65c795d4c19cf2e0cfa092
fernanda_garcia_img_0914,img_0914.png,monstruos_y_criaturas,ilustracion_plana_color,640,640,"dragon, small, cute, fantasy, mythical, creation, animal, piece, design, charact caricatura plana",Pixabay,fernanda_garcia,ac9902c28b1397d8646a9e6bf2a1ab5c8e37be2d
fernanda_garcia_img_0915,img_0915.jpg,monstruos_y_criaturas,ilustracion_plana_color,640,640,"dragon, lizard, fantasy, creature, exotic, mythology, feather, plumage, wings, p caricatura plana",Pixabay,fernanda_garcia,b8b775c11128925e8a4d9715b88ec1e4aa09cf89
fernanda_garcia_img_0916,img_0916.png,monstruos_y_criaturas,ilustracion_plana_color,640,640,"goat, cute, ibex, cartoon, ram, horns, smiling, kawaii, round, magical, ai gener caricatura plana",Pixabay,fernanda_garcia,b3a4bf16125918e7c9fa0dd90e29ceae6afab9e8
fernanda_garcia_img_0917,img_0917.png,monstruos_y_criaturas,ilustracion_plana_color,640,640,"dragon, fantasy, mythical, creation, watercolor, animal, fairy tale, cute, carto caricatura plana",Pixabay,fernanda_garcia,74a4415226c4b99823a380114bc10f806914fffc
fernanda_garcia_img_0918,img_0918.png,monstruos_y_criaturas,ilustracion_plana_color,640,388,"dragons, elements, magic, fantastic beings, air water earth fire, 4 elements, fo caricatura plana",Pixabay,fernanda_garcia,2bf46ae220cf2c4cd26e0297b9a3097363678641
fernanda_garcia_img_0919,img_0919.png,monstruos_y_criaturas,ilustracion_plana_color,454,640,"naga, snake, serpent, healer, potion, fantasy, alchemy caricatura plana",Pixabay,fernanda_garcia,00260a60006ce5fb32cb515ccaf244a1b08464df
fernanda_garcia_img_0920,img_0920.png,monstruos_y_criaturas,ilustracion_plana_color,409,640,"elf, fantasy, cartoon, character, magic, humor, enchanted, fairy tale, creature, caricatura plana",Pixabay,fernanda_garcia,a8f7f8fa7b5aa3d9fadcc1fb78184fe93029a678
fernanda_garcia_img_0921,img_0921.png,monstruos_y_criaturas,ilustracion_plana_color,640,437,"ai generated, dragon, monster, magical, fairytale, fantasy, mythical creature caricatura plana",Pixabay,fernanda_garcia,f31ee1e19622b2dd298135a41247fc522fd9b8b1
fernanda_garcia_img_0922,img_0922.png,monstruos_y_criaturas,ilustracion_plana_color,622,640,"dragon, monster, creature, beast, reptile, fantasy, flying, draconic, wyvern, le caricatura plana",Pixabay,fernanda_garcia,5eabf204d7611f7eb9331a848a2d6d96e46f2bcd
fernanda_garcia_img_0923,img_0923.jpg,monstruos_y_criaturas,ilustracion_plana_color,479,640,"ai generated, cute, wizard, magician, witchcraft, magic, fantasy, magical, sorce caricatura plana",Pixabay,fernanda_garcia,b7e2e65fdab6405def43f1d4d5444b62b1b19ea2
fernanda_garcia_img_0924,img_0924.png,monstruos_y_criaturas,ilustracion_plana_color,640,592,"dragon, chinese, chinese dragon, food, spaghetti, fish, smile, mustache, tongue, caricatura plana",Pixabay,fernanda_garcia,15c841f1128e1b7b1caabaace33100f3b9f02423
fernanda_garcia_img_0925,img_0925.png,monstruos_y_criaturas,ilustracion_plana_color,587,640,"dragon, red, animal, creature, legendary creature, nature, mythical creature caricatura plana",Pixabay,fernanda_garcia,ee74cd353ec19655eff8709c5e2c3130a8b8daaf
fernanda_garcia_img_0926,img_0926.png,monstruos_y_criaturas,ilustracion_plana_color,445,640,"centaur, horse, nature, male, man, mythology, legendary creature, mythical creat caricatura plana",Pixabay,fernanda_garcia,2bac82f6a7cc1638853fe0e255a7bc543685e5fb
fernanda_garcia_img_0927,img_0927.png,monstruos_y_criaturas,ilustracion_plana_color,468,640,"centaur, deer, horns, creature, mythical, female, winter caricatura plana",Pixabay,fernanda_garcia,27e90cce16ddf7140f2e04c03624701bf8460985
fernanda_garcia_img_0928,img_0928.png,monstruos_y_criaturas,ilustracion_plana_color,351,640,"faun, lucifer, satan, legendary creature, mythical creature, devil, demon, monst caricatura plana",Pixabay,fernanda_garcia,449934647ff7a5a2837c76612542306b491ec4e6
fernanda_garcia_img_0929,img_0929.png,monstruos_y_criaturas,ilustracion_plana_color,434,640,"woman, mermaid, sea, poseidon, nature, aquatic creature, mythical caricatura plana",Pixabay,fernanda_garcia,aee6bd6c0900c243a02bad088f5c59fb0b8817de
fernanda_garcia_img_0930,img_0930.png,monstruos_y_criaturas,ilustracion_plana_color,640,640,"dragon, monster, mythical creature, myth, silhouette, shape, fantasy, serpent, c caricatura plana",Pixabay,fernanda_garcia,2e69505c016afa68ee29cb0b27656434c4103d5d
fernanda_garcia_img_0931,img_0931.png,monstruos_y_criaturas,ilustracion_plana_color,640,640,"dragon, baby dragon, firefighter, fire hydrant, cute dragon, cartoon dragon, fan caricatura plana",Pixabay,fernanda_garcia,48dbab88b37916056cd536db90b2bf4f890022e1
fernanda_garcia_img_0932,img_0932.png,monstruos_y_criaturas,ilustracion_plana_color,559,640,"dragon, horns, baby, wings, creature, cartoon, childhood, religion, meditation,  caricatura plana",Pixabay,fernanda_garcia,5e4d10d2309257b738546fa52e080db3405f1eb6
fernanda_garcia_img_0933,img_0933.png,monstruos_y_criaturas,ilustracion_plana_color,550,640,"dragon, icon, drawing, cartoon drawing, dragon icon, digital drawing, isolated,  caricatura plana",Pixabay,fernanda_garcia,1dcc13d97a93d8054fcd3effc6cd26822245616c
fernanda_garcia_img_0934,img_0934.png,monstruos_y_criaturas,ilustracion_plana_color,526,640,"dragon, cartoon, drawing, flame, stubborn, cutout, dragon, dragon, stubborn, stu caricatura plana",Pixabay,fernanda_garcia,99bbc989edcfb8a904c2f79546cf50b53ec2139c
fernanda_garcia_img_0935,img_0935.jpg,monstruos_y_criaturas,ilustracion_plana_color,640,640,"dragon, knight, children's illustration, cartoon, happy, fairytale, fantasy, med caricatura plana",Pixabay,fernanda_garcia,42c1f7f4235a2a65c504e618403466d3a4ab0451
fernanda_garcia_img_0936,img_0936.png,monstruos_y_criaturas,ilustracion_plana_color,640,640,"cartoon, dragon, pink, monster, fantasy, creation, animated, for children, mythi caricatura plana",Pixabay,fernanda_garcia,3892802acacd3fd8f13c395da90b6881eafdfbfa
fernanda_garcia_img_0937,img_0937.png,monstruos_y_criaturas,ilustracion_plana_color,640,575,"toy, hat, eyes, mouth, feet, fur, white, brown, beige, tag, mouth, feet, feet, f caricatura plana",Pixabay,fernanda_garcia,c18440307d7939f6dbcddc30e4ba62632044aa5b
fernanda_garcia_img_0938,img_0938.png,monstruos_y_criaturas,ilustracion_plana_color,512,640,"whimsical, trolls, friends, colorful, happy, creatures, vibrant, colors, fantasy caricatura plana",Pixabay,fernanda_garcia,e36fa9f8dcc3c9a6abab9860b71f942b245a8024
fernanda_garcia_img_0939,img_0939.png,monstruos_y_criaturas,ilustracion_plana_color,640,320,"bear, beast, cute, cute animals, enjoy, ermagerd cute, gray, grey, innocent, mon caricatura plana",Pixabay,fernanda_garcia,de6564d7aa1b27f2de48dd1ea2e896d9ce5dcfed
fernanda_garcia_img_0940,img_0940.png,monstruos_y_criaturas,ilustracion_plana_color,426,640,"zombie, hand, blood, grave, halloween, horror, undead, rising, monster, scary, c caricatura plana",Pixabay,fernanda_garcia,3aa38eccff8167253be85822be767b6e0878ae94
fernanda_garcia_img_0941,img_0941.png,monstruos_y_criaturas,ilustracion_plana_color,427,640,"cartoon monster, funny politician, political speech, public speaking, parody art caricatura plana",Pixabay,fernanda_garcia,52ce59f33fa0dfc9ab63470f4e8bd55a4295bfb0
fernanda_garcia_img_0942,img_0942.png,monstruos_y_criaturas,ilustracion_plana_color,525,640,"zombie, horror, monster, scary, spooky, undead, cartoon, creepy, fantasy, dark,  caricatura plana",Pixabay,fernanda_garcia,16971fc58ca67b833b381fa9450f8972f2967924
fernanda_garcia_img_0943,img_0943.png,monstruos_y_criaturas,ilustracion_plana_color,601,640,"godzilla, dragon, running, skating, monster, green, cars, damage, godzilla, godz caricatura plana",Pixabay,fernanda_garcia,a929fcf6658cd1e6e57738bae989f54fe6818de6
fernanda_garcia_img_0944,img_0944.png,monstruos_y_criaturas,ilustracion_plana_color,640,518,"monster, teeth, eyes, three, sharp, square, pink, purple, trio, triple, stare, w caricatura plana",Pixabay,fernanda_garcia,26725fc664c9c9ac63fb7f5fe44a1f69dfd5258a
fernanda_garcia_img_0945,img_0945.png,monstruos_y_criaturas,ilustracion_plana_color,640,512,"alien, purple, invader, monster, futuristic, mascot, extraterrestrial, spaceman, caricatura plana",Pixabay,fernanda_garcia,b54029c35e10cb62678f568774b07d116c3e4199
fernanda_garcia_img_0946,img_0946.png,monstruos_y_criaturas,ilustracion_plana_color,587,640,"demon, devil, evil, monster, alien, cartoon, head, face, digital art, digital ar caricatura plana",Pixabay,fernanda_garcia,c1722f5be4b6a734d9fa41149a0d9f228c1f2a8f
fernanda_garcia_img_0947,img_0947.png,monstruos_y_criaturas,ilustracion_plana_color,640,640,"monster, doodle, cute, character, cartoon, cartoon drawing, alien, art, digital  caricatura plana",Pixabay,fernanda_garcia,fad02bdaadc3bbd1bcd59adaccc68aa37e64f1b0
fernanda_garcia_img_0948,img_0948.png,monstruos_y_criaturas,ilustracion_plana_color,578,640,"alien, monster, print, science fiction, alien, alien, monster, monster, monster, caricatura plana",Pixabay,fernanda_garcia,0a5e33ec5812b15b162a5c69a0438dd5296cc96e
fernanda_garcia_img_0949,img_0949.png,monstruos_y_criaturas,ilustracion_plana_color,597,640,"goblin, creature, monster, character, cute, cartoon, eyes, spooky, halloween, gh caricatura plana",Pixabay,fernanda_garcia,9b9da8f32a3a22e063b65e89175cee4d17f1c47f
fernanda_garcia_img_0950,img_0950.jpg,monstruos_y_criaturas,ilustracion_plana_color,640,359,"rey, dibujos animados, grotesco, corona, rostro, maldad, personaje, monstruo, fe caricatura plana",Pixabay,fernanda_garcia,f36f555392f87f2196506f9f60eabdf0345d819a
fernanda_garcia_img_0951,img_0951.png,monstruos_y_criaturas,ilustracion_plana_color,640,463,"ilustracion, monstruo, escalofriante, halloween, hallowen, de miedo, naturaleza, caricatura plana",Pixabay,fernanda_garcia,89925dd183616eb0e8016c47dc5d14b6bc197f99
fernanda_garcia_img_0952,img_0952.png,monstruos_y_criaturas,ilustracion_plana_color,584,640,"halloween, monsters, costumes, trick or treat, spooky, creepy, supernatural, cur caricatura plana",Pixabay,fernanda_garcia,fa0c423e9ac51773de96bc9bbbc4c6246a611327
fernanda_garcia_img_0953,img_0953.png,monstruos_y_criaturas,ilustracion_plana_color,640,427,"ai generado, demonio, monstruo, infierno, satán, dibujos animados, personaje caricatura plana",Pixabay,fernanda_garcia,cd9a54063bf88e9cda03f21c394eabd2de1ac2c0
fernanda_garcia_img_0954,img_0954.png,monstruos_y_criaturas,ilustracion_plana_color,640,427,"demonio, infierno, monstruo, satán, dibujos animados, maldad, rostro, de miedo,  caricatura plana",Pixabay,fernanda_garcia,7554273d1ec06cefe9ef9bc2f0013749a80498cd
fernanda_garcia_img_0955,img_0955.png,monstruos_y_criaturas,ilustracion_plana_color,401,640,"monstruo, extraterrestre, criatura, personaje, horror, fantasía, mutante, fenóme caricatura plana",Pixabay,fernanda_garcia,990511539f56357243d1747a02e29ee7a87aca55
fernanda_garcia_img_0956,img_0956.png,monstruos_y_criaturas,ilustracion_plana_color,640,422,"muerto, gente, zombi, monstruo, cráneo, demonio caricatura plana",Pixabay,fernanda_garcia,68c52a97b5139798ac141be2d5e5771fbec0bdde
fernanda_garcia_img_0957,img_0957.png,monstruos_y_criaturas,ilustracion_plana_color,418,640,"demonio, trato, alma, infierno, monstruo, maldad, satán, demonio, demonio, demon caricatura plana",Pixabay,fernanda_garcia,837044b0f30727877a240c479e13b847ba654077
fernanda_garcia_img_0958,img_0958.png,monstruos_y_criaturas,ilustracion_plana_color,640,371,"bestia, maldad, horror, hombre, monstruo, monstruos y héroes, serpiente, bestia, caricatura plana",Pixabay,fernanda_garcia,19538cadb12d54d1a87c2ca5c8db46c23c2fe7ad
fernanda_garcia_img_0959,img_0959.png,monstruos_y_criaturas,ilustracion_plana_color,640,320,"medusa, monstruo del mar, naturaleza, monstruo, tentáculos, silueta, dibujos ani caricatura plana",Pixabay,fernanda_garcia,9afd9afbc981c9d5008df96146a0bdc6ed3ea224
fernanda_garcia_img_0960,img_0960.jpg,monstruos_y_criaturas,ilustracion_plana_color,549,640,"monstruo, personaje, saludo, amistoso, criatura, divertido, retrato caricatura plana",Pixabay,fernanda_garcia,7ed18461dda5c8f785b15fdd01ea2dd906addc8f
fernanda_garcia_img_0961,img_0961.png,monstruos_y_criaturas,ilustracion_plana_color,449,640,"dracula, maldad, día festivo, horror, monstruo, ventosa, vampiro caricatura plana",Pixabay,fernanda_garcia,aa362c0bca7123440bee728384eee2c2b963d80b
fernanda_garcia_img_0962,img_0962.png,monstruos_y_criaturas,ilustracion_plana_color,640,482,"ai generado, niño, ansiedad, asustado, mal sueño, pánico infantil, pesadillas, t caricatura plana",Pixabay,fernanda_garcia,18b477b54fba4736fd14644110599dc606168f3a
fernanda_garcia_img_0963,img_0963.png,monstruos_y_criaturas,ilustracion_plana_color,640,640,"ilustración, animal, gato, monstruo, hermoso fondo de pantalla, naturaleza, extr caricatura plana",Pixabay,fernanda_garcia,e308449940ea281889f2aac21a210ced4054b9d4
fernanda_garcia_img_0964,img_0964.jpg,monstruos_y_criaturas,ilustracion_plana_color,521,640,"encuentra la diferencia, rompecabezas, revista infantil, extraterrestres, espaci caricatura plana",Pixabay,fernanda_garcia,7b47592161be2a480dbdcc1d45011cec491a1bd5
fernanda_garcia_img_0965,img_0965.png,monstruos_y_criaturas,ilustracion_plana_color,427,640,"la criatura, monstruo, duende, la fantasía, oscuro, horror, demonio caricatura plana",Pixabay,fernanda_garcia,722bcf03e14ab1433aa9f5af4f3f40cd49f69be6
fernanda_garcia_img_0966,img_0966.png,monstruos_y_criaturas,ilustracion_plana_color,400,640,"extraterrestre, mutante, monstruo, negro, silueta caricatura plana",Pixabay,fernanda_garcia,4625e8de4c9f37fcc0080a0c017e3b26859240d7
fernanda_garcia_img_0967,img_0967.png,monstruos_y_criaturas,ilustracion_plana_color,640,505,"zombi, muertos vivientes, monstruo, punk, frankenstein, víspera de todos los san caricatura plana",Pixabay,fernanda_garcia,adb42cd279968c56c200ea9335fd39544b21cfe0
fernanda_garcia_img_0968,img_0968.png,monstruos_y_criaturas,ilustracion_plana_color,627,640,"enfadado, animal, criatura, continuar, ficticio, naturaleza, verde, monstruo, mí caricatura plana",Pixabay,fernanda_garcia,a89d793da4ad3bcd324447e692d89b2309309b0b
fernanda_garcia_img_0969,img_0969.jpg,monstruos_y_criaturas,ilustracion_plana_color,640,640,"monstruo, coche, conduciendo, la carretera, conductor, viaje, personaje, conduci caricatura plana",Pixabay,fernanda_garcia,29d9302ce6ed3bdefee579ebc2965d563fb78677
fernanda_garcia_img_0970,img_0970.png,monstruos_y_criaturas,ilustracion_plana_color,640,640,"ai generado, continuar, serpiente, monstruo, dibujo, arquitectura, acuarela, cue caricatura plana",Pixabay,fernanda_garcia,8042c62adbe622a2ddc76b275e2be6697d3dac8f
fernanda_garcia_img_0971,img_0971.jpg,monstruos_y_criaturas,ilustracion_plana_color,640,300,"dibujos animados, monstruo, habitación, criatura caricatura plana",Pixabay,fernanda_garcia,4dcb0a20b8b5aaaa9ebd00838cd8c46485dacb2e
fernanda_garcia_img_0972,img_0972.jpg,monstruos_y_criaturas,ilustracion_plana_color,640,404,"linda, pequeño monstruo, lindo animal, dibujos animados, monstruo, divertido, ma caricatura plana",Pixabay,fernanda_garcia,34c9e0ce325eeecd28f80708ef37b56fb4261946
fernanda_garcia_img_0973,img_0973.jpg,monstruos_y_criaturas,ilustracion_plana_color,640,452,"vector, actividades divertidas, lindo, sonrisa, monstruo caricatura plana",Pixabay,fernanda_garcia,b629366fb6a0e7254b110d31d7fb5f29653169a1
fernanda_garcia_img_0974,img_0974.png,monstruos_y_criaturas,ilustracion_plana_color,640,640,"ai generado, monstruo, san valentin, amor, corazón, linda caricatura plana",Pixabay,fernanda_garcia,00bef0b8f412c0e03e887eead137f69e1798481a
fernanda_garcia_img_0975,img_0975.png,monstruos_y_criaturas,ilustracion_plana_color,640,589,"dibujos animados, linda, disney, víspera de todos los santos, monstruo, maryo se caricatura plana",Pixabay,fernanda_garcia,d05ea735a0021b8765a853d103f2fa87d9d32b04
fernanda_garcia_img_0976,img_0976.png,monstruos_y_criaturas,ilustracion_plana_color,426,640,"momia de dibujos animados, linda momia, momia de halloween, personaje espeluznan caricatura plana",Pixabay,fernanda_garcia,698453320b281a9df7bfd177dae81b10fcaaeb0f
fernanda_garcia_img_0977,img_0977.png,monstruos_y_criaturas,ilustracion_plana_color,426,640,"ai generado, monstruo, cuernos, sonrisa, divertido, naranja, personaje, linda, c caricatura plana",Pixabay,fernanda_garcia,9b93d0d4c6a818c1a6c5e9f396dcabb7a1178e41
fernanda_garcia_img_0978,img_0978.png,monstruos_y_criaturas,ilustracion_plana_color,640,640,"ai generado, demonio, satán, monstruo, dibujos animados, arte del diablo, dulce  caricatura plana",Pixabay,fernanda_garcia,9d351a56a3e0086ee9495519f008aeca9c163e19
fernanda_garcia_img_0979,img_0979.png,monstruos_y_criaturas,ilustracion_plana_color,521,640,"zombi, monstruo, escalofriante, víspera de todos los santos, página para colorea caricatura plana",Pixabay,fernanda_garcia,7584bba143d8c9ba489610ec4d5cc2416923f9ca
fernanda_garcia_img_0980,img_0980.jpg,monstruos_y_criaturas,ilustracion_plana_color,640,640,"demonio, fantasía, criatura, dibujos animados, diseño, cómic, arte, digital, dib caricatura plana",Pixabay,fernanda_garcia,dca3171363b1e1123467ed2a6808b0d38af17b79
fernanda_garcia_img_0981,img_0981.png,monstruos_y_criaturas,ilustracion_plana_color,566,640,"monstruo, fantasma, escalofriante, víspera de todos los santos, página para colo caricatura plana",Pixabay,fernanda_garcia,231b383699c09e1df8a3820c1dda44f2fc6430d9
fernanda_garcia_img_0982,img_0982.png,monstruos_y_criaturas,ilustracion_plana_color,354,640,"monstruo, máscara, rostro, linda, criatura, continuar, fantasía, personaje caricatura plana",Pixabay,fernanda_garcia,0f9954fad050de403617dd76e140fa551c518d61
fernanda_garcia_img_0983,img_0983.png,monstruos_y_criaturas,ilustracion_plana_color,518,640,"zombi, monstruo, fantasma, escalofriante, víspera de todos los santos, página pa caricatura plana",Pixabay,fernanda_garcia,aa0eb7ddd0b4392ab1bca031b307ea670992c43e
fernanda_garcia_img_0984,img_0984.png,monstruos_y_criaturas,ilustracion_plana_color,589,640,"monstruo, avatar, linda, estimado, bonita, inofensivo, muñeca, azul, ojos grande caricatura plana",Pixabay,fernanda_garcia,7f9192b5dd49245de26d419c1781d60a1a1b1c21
fernanda_garcia_img_0985,img_0985.png,monstruos_y_criaturas,ilustracion_plana_color,640,466,"antecedentes, calma, linda, dinosaurio, falla, niños, naturaleza, monstruo, noch caricatura plana",Pixabay,fernanda_garcia,7d6084aa21866ea735cef02317255f1c79a04c62
fernanda_garcia_img_0986,img_0986.png,monstruos_y_criaturas,ilustracion_plana_color,548,640,"dibujos animados, animado, linda, diseño, creativo, polvo, héroe, lodo, tierra,  caricatura plana",Pixabay,fernanda_garcia,3a82f18aff51498f51dd2b5dfaf34f4d7dca0c31
fernanda_garcia_img_0987,img_0987.png,monstruos_y_criaturas,ilustracion_plana_color,640,623,"continuar, verde, hola, firmar, español, reptil, linda, bienvenidos, sonriente,  caricatura plana",Pixabay,fernanda_garcia,cb40e929ecda3d63f4453847d2f4698a0d984e60
fernanda_garcia_img_0988,img_0988.png,monstruos_y_criaturas,ilustracion_plana_color,640,640,"año nuevo chino, continuar, naturaleza, fantasía, animal, monstruo, mitología, a caricatura plana",Pixabay,fernanda_garcia,b04cde9f7febaa1d58c258e09d3b16a392c5cdbd
fernanda_garcia_img_0989,img_0989.png,monstruos_y_criaturas,ilustracion_plana_color,464,640,"monstruo, frankenstein, víspera de todos los santos, zombi, no-muertos, horror,  caricatura plana",Pixabay,fernanda_garcia,6aa5a1722ced2079b70886fdf55d4ad676af18fe
fernanda_garcia_img_0990,img_0990.png,monstruos_y_criaturas,ilustracion_plana_color,640,320,"monstruo, virus, personaje, linda, dibujos animados, contento, bacteria, biologí caricatura plana",Pixabay,fernanda_garcia,11a035eae086f37dee003e5c8b863cebd3b93c50
fernanda_garcia_img_0991,img_0991.png,monstruos_y_criaturas,ilustracion_plana_color,363,640,"carácter, momia, sarcófago, egipto, monstruo, horror, ex, criatura, aterrador, e caricatura plana",Pixabay,fernanda_garcia,442da2b7f11448e16896f245de91fc2075b186b6
fernanda_garcia_img_0992,img_0992.png,monstruos_y_criaturas,ilustracion_plana_color,454,640,"sátiro, fantasía, luz, linterna caricatura plana",Pixabay,fernanda_garcia,bc81d493164e2a6d1617afb3b56a74c6c4348b38
fernanda_garcia_img_0993,img_0993.jpg,monstruos_y_criaturas,ilustracion_plana_color,640,426,"pixelado, personaje, verde, expresión, sorpresa, ojos grandes, cuadrado, diverti caricatura plana",Pixabay,fernanda_garcia,763066a27b4787d97d5ea945589583fadc871a52
fernanda_garcia_img_0994,img_0994.png,monstruos_y_criaturas,ilustracion_plana_color,640,409,"unicornio, arcoiris, colores, cute, unicornio, unicornio, arcoiris, arcoiris, ar caricatura plana",Pixabay,fernanda_garcia,5788c4a3e1eb714cb3e003c893536f4fea07da20
fernanda_garcia_img_0995,img_0995.jpg,monstruos_y_criaturas,ilustracion_plana_color,640,640,"gnomo, dibujos animados, personaje, fantasía, enano, folklore, mítico, criatura, caricatura plana",Pixabay,fernanda_garcia,678d8049c744fc032346f6c18705ebc940c1e2ca
fernanda_garcia_img_0996,img_0996.png,monstruos_y_criaturas,ilustracion_plana_color,427,640,"marciano, extraterrestre, espacio, fantasía, verde, ciencia ficción, criatura, u caricatura plana",Pixabay,fernanda_garcia,0c1f1e9f341b2199b5f51337f1c7e3d12785a201
fernanda_garcia_img_0997,img_0997.png,monstruos_y_criaturas,ilustracion_plana_color,427,640,"ai generado, duende, criatura, personaje, fantasía, cuento de hadas caricatura plana",Pixabay,fernanda_garcia,11f5740d05dabdc62ab14bdb0dc706df66b6259a
fernanda_garcia_img_0998,img_0998.jpg,monstruos_y_criaturas,ilustracion_plana_color,640,640,"muestra, lago, pantano, luna, bosque, paisaje, fantasía, naturaleza, puesta del  caricatura plana",Pixabay,fernanda_garcia,02ba8a22c028bbce6df06e17451dfce54f75c43c
fernanda_garcia_img_0999,img_0999.png,monstruos_y_criaturas,ilustracion_plana_color,640,360,"continuar, fantasía, místico, leyenda, criatura, arte digital caricatura plana",Pixabay,fernanda_garcia,db533d735a927926bb3405bd33288cfcac447fec
fernanda_garcia_img_1000,img_1000.png,monstruos_y_criaturas,ilustracion_plana_color,640,640,"ai generado, continuar, historia, linda, dibujos animados, niño, preescolar, fan caricatura plana",Pixabay,fernanda_garcia,a39357338c4c3d817839f04836085600551214ad
fernanda_garcia_img_1001,img_1001.png,monstruos_y_criaturas,ilustracion_plana_color,640,640,"dragon, una princesa, guitarra, cantar la canción de la, castillo, torre, prisió caricatura plana",Pixabay,fernanda_garcia,80b8bcdb908b96df94bdef714939102e538c7de6
fernanda_garcia_img_1002,img_1002.png,monstruos_y_criaturas,ilustracion_plana_color,639,640,"dragon, caricaturista, дракоша, verde, bueno, el dragón caricatura plana",Pixabay,fernanda_garcia,3663f1cad4fdbf3fecb0b426367750fdf362167c
fernanda_garcia_img_1003,img_1003.png,monstruos_y_criaturas,ilustracion_plana_color,640,620,"dragon, reptil, lagarto, lujoso, naturaleza, animal, monstruo, criatura, bestia, caricatura plana",Pixabay,fernanda_garcia,786c41515e04ff5de11aac89cb60614ad93bb311
fernanda_garcia_img_1004,img_1004.png,monstruos_y_criaturas,ilustracion_plana_color,512,640,"dragones de dibujos animados, revelación de género, baby shower, anuncio de bebe caricatura plana",Pixabay,fernanda_garcia,8baf7ea0f608e2c27e48f5bd574be815c25ce5e1
fernanda_garcia_img_1005,img_1005.png,monstruos_y_criaturas,ilustracion_plana_color,640,329,"continuar, corazón, niños, amor, linda, nubes, cielo, azul amor, corazón azul, n caricatura plana",Pixabay,fernanda_garcia,e39e58d24779f783182ed09272d23875d3b37b2f
fernanda_garcia_img_1006,img_1006.png,monstruos_y_criaturas,ilustracion_plana_color,640,640,"ai generado, cocodrilo, caimán, repollo, infantil, linda, dibujo, dibujos animad caricatura plana",Pixabay,fernanda_garcia,18633a5e33046c457c461464c934c0f592e1188e
