id,archivo,tematica,estilo,ancho,alto,descripcion,fuente,recolector,hash_imagen
karla_melgarejo_img_0001,imagen_1.jpg,robots_y_tecnologia,ilustracion_plana_color,1206,1606,,Pinterest,karla_melgarejo,e15e6b195ba03f3f1fecbc20699949a500bff118
karla_melgarejo_img_0002,imagen_10.jpg,robots_y_tecnologia,ilustracion_plana_color,736,1104,,Pinterest,karla_melgarejo,aa254ad15e5c5c56f16e0ce5086f7c76f4bb67d8
karla_melgarejo_img_0003,imagen_100.webp,robots_y_tecnologia,ilustracion_plana_color,530,529,,Pinterest,karla_melgarejo,478d3c3f70fb1ff65de757c233596eb255e7427d
karla_melgarejo_img_0004,imagen_1000.jpg,robots_y_tecnologia,ilustracion_plana_color,740,1082,,Pinterest,karla_melgarejo,1adc97003d73abb8894b612244488690512a0385
karla_melgarejo_img_0005,imagen_1001.jpg,robots_y_tecnologia,ilustracion_plana_color,625,484,,Pinterest,karla_melgarejo,ec3d5f5fdbf9ecd9b22e9e44b4b8f67c97505d97
karla_melgarejo_img_0006,imagen_1002.jpg,robots_y_tecnologia,ilustracion_plana_color,1080,1920,,Pinterest,karla_melgarejo,a7eb1aa5a8dba31e4aa7ce92568bfab48a16132f
karla_melgarejo_img_0007,imagen_1003.jpg,robots_y_tecnologia,ilustracion_plana_color,896,1152,,Pinterest,karla_melgarejo,2d7be67ec7d433263bfb4fcddbb6063b16a92181
karla_melgarejo_img_0008,imagen_1005.png,robots_y_tecnologia,ilustracion_plana_color,2500,2500,,Pinterest,karla_melgarejo,0b470a2c11d1f9ee269c6ca1091913d660dc9305
karla_melgarejo_img_0009,imagen_1006.jpg,robots_y_tecnologia,ilustracion_plana_color,700,516,,Pinterest,karla_melgarejo,8de7290f720c1e09e670527dc17a4484207a6370
karla_melgarejo_img_0010,imagen_1007.jpg,robots_y_tecnologia,ilustracion_plana_color,736,1288,,Pinterest,karla_melgarejo,fba09366befd8fd04e3e12be5a0aa5d8cf9dc685
karla_melgarejo_img_0011,imagen_1008.jpg,robots_y_tecnologia,ilustracion_plana_color,736,736,,Pinterest,karla_melgarejo,ec1d379bf560975c86eadf636d8feeb1426aed53
karla_melgarejo_img_0012,imagen_1009.jpg,robots_y_tecnologia,ilustracion_plana_color,1024,1024,,Pinterest,karla_melgarejo,fa291c2402aa4eee545cc8516e5f6698480f7f9e
karla_melgarejo_img_0013,imagen_101.jpg,robots_y_tecnologia,ilustracion_plana_color,600,542,,Pinterest,karla_melgarejo,566395836233a1289686bef6805a48e94c35722e
karla_melgarejo_img_0014,imagen_1011.png,robots_y_tecnologia,ilustracion_plana_color,600,600,,Pinterest,karla_melgarejo,8c04e41126fcfdf25845564ce2f2b1c6fc637405
karla_melgarejo_img_0015,imagen_1013.png,robots_y_tecnologia,ilustracion_plana_color,450,450,,Pinterest,karla_melgarejo,96bca2081677bb6f18f60b1bb87524f99345df2c
karla_melgarejo_img_0016,imagen_1014.jpg,robots_y_tecnologia,ilustracion_plana_color,736,736,,Pinterest,karla_melgarejo,01077c47118a95cd64d9d29a73bc553266866cda
karla_melgarejo_img_0017,imagen_1015.jpg,robots_y_tecnologia,ilustracion_plana_color,1024,1024,,Pinterest,karla_melgarejo,829539485d7c2a45c08ee66fc52485b181516659
karla_melgarejo_img_0018,imagen_1017.png,robots_y_tecnologia,ilustracion_plana_color,1024,1024,,Pinterest,karla_melgarejo,a660fabbbd2258630007163b77f5c00060e8c23a
karla_melgarejo_img_0019,imagen_1019.png,robots_y_tecnologia,ilustracion_plana_color,816,1456,,Pinterest,karla_melgarejo,d14c3c2af0c7058d9ae7b1f93d1d0ae240ac1a2f
karla_melgarejo_img_0020,imagen_102.jpg,robots_y_tecnologia,ilustracion_plana_color,1024,1024,,Pinterest,karla_melgarejo,5378dbbb2ed78961974ed9448600ef31a2514ded
karla_melgarejo_img_0021,imagen_1020.jpg,robots_y_tecnologia,ilustracion_plana_color,896,1088,,Pinterest,karla_melgarejo,d24f05a5d5bfdaa3ce860dfd04e28aedfa51b950
karla_melgarejo_img_0022,imagen_1022.png,robots_y_tecnologia,ilustracion_plana_color,980,980,,Pinterest,karla_melgarejo,5e505839dd51aa821388a0af3800e5a4fa64ea43
karla_melgarejo_img_0023,imagen_1024.png,robots_y_tecnologia,ilustracion_plana_color,4096,4096,,Pinterest,karla_melgarejo,fc514c9d297c1623a176140d82d7a12ef232b6d3
karla_melgarejo_img_0024,imagen_1025.jpg,robots_y_tecnologia,ilustracion_plana_color,500,500,,Pinterest,karla_melgarejo,d23e59353eecb7cbe597acd1dc06ea241e8f9893
karla_melgarejo_img_0025,imagen_1026.jpg,robots_y_tecnologia,ilustracion_plana_color,640,640,,Pinterest,karla_melgarejo,a1a8362319f15d6140c367c74e0cebfbc26e4ed3
karla_melgarejo_img_0026,imagen_1027.jpg,robots_y_tecnologia,ilustracion_plana_color,500,500,,Pinterest,karla_melgarejo,cc64606a7db6c8f2cb1c67d5f1fee806852d79b8
karla_melgarejo_img_0027,imagen_1028.jpg,robots_y_tecnologia,ilustracion_plana_color,1024,1024,,Pinterest,karla_melgarejo,2ae42bbce1ff8d74e80fd29e4ddff31d0e85f186
karla_melgarejo_img_0028,imagen_1029.jpg,robots_y_tecnologia,ilustracion_plana_color,1000,1000,,Pinterest,karla_melgarejo,5a3835edf20205a03affda042dbf039e7c909c18
karla_melgarejo_img_0029,imagen_103.jpg,robots_y_tecnologia,ilustracion_plana_color,500,782,,Pinterest,karla_melgarejo,9e5cfdea1b509a0cf8b5765aca27bbaa00ca5e8f
karla_melgarejo_img_0030,imagen_1030.jpg,robots_y_tecnologia,ilustracion_plana_color,918,1632,,Pinterest,karla_melgarejo,f9dc6f2bf7f6bd2174f1cadb0407bc3a964dd010
karla_melgarejo_img_0031,imagen_1031.jpg,robots_y_tecnologia,ilustracion_plana_color,450,450,,Pinterest,karla_melgarejo,b03b9b25f71a8ed23eb19fe2331ef5997d046523
karla_melgarejo_img_0032,imagen_1032.jpg,robots_y_tecnologia,ilustracion_plana_color,736,736,,Pinterest,karla_melgarejo,ca71d255ccbff142ad2cb58b4d0972ca31b9fe94
karla_melgarejo_img_0033,imagen_1033.jpg,robots_y_tecnologia,ilustracion_plana_color,1920,1080,,Pinterest,karla_melgarejo,d886f797d0bfc61ad0f2d9bd81bf678c77e1888b
karla_melgarejo_img_0034,imagen_1034.jpg,robots_y_tecnologia,ilustracion_plana_color,3024,4032,,Pinterest,karla_melgarejo,e107ad9a9f1692b4d115d881607934e5a0251f30
karla_melgarejo_img_0035,imagen_1035.jpg,robots_y_tecnologia,ilustracion_plana_color,1024,1024,,Pinterest,karla_melgarejo,53c8c94577574d9c84fa1290b11a67163978be4e
karla_melgarejo_img_0036,imagen_1037.png,robots_y_tecnologia,ilustracion_plana_color,816,1456,,Pinterest,karla_melgarejo,505f678b75e0d41678e8f2677ba0d16827dfd9fa
karla_melgarejo_img_0037,imagen_1038.jpg,robots_y_tecnologia,ilustracion_plana_color,1080,1440,,Pinterest,karla_melgarejo,59116e60e2465f5622898be61fe1543b2645b78e
karla_melgarejo_img_0038,imagen_1039.jpg,robots_y_tecnologia,ilustracion_plana_color,1600,896,,Pinterest,karla_melgarejo,ab0789d3859d2daca7a8a1100c8d0a7232bc44f3
karla_melgarejo_img_0039,imagen_1040.jpg,robots_y_tecnologia,ilustracion_plana_color,1024,1024,,Pinterest,karla_melgarejo,d3ea59eefd277e5bad0bc3de144e0ef14f553a77
karla_melgarejo_img_0040,imagen_1041.jpg,robots_y_tecnologia,ilustracion_plana_color,1024,1024,,Pinterest,karla_melgarejo,42898fb87c373cb2331615a5021c6f9fdfe5c029
karla_melgarejo_img_0041,imagen_1042.jpg,robots_y_tecnologia,ilustracion_plana_color,670,377,,Pinterest,karla_melgarejo,6323db23cdc5798d5de1886cdf1d6e2be96b98a4
karla_melgarejo_img_0042,imagen_1043.jpg,robots_y_tecnologia,ilustracion_plana_color,800,800,,Pinterest,karla_melgarejo,a6f4c31f2d10b4ecbbaf692a554a24be889cca8a
karla_melgarejo_img_0043,imagen_1044.jpg,robots_y_tecnologia,ilustracion_plana_color,736,1349,,Pinterest,karla_melgarejo,4238db274bfa9dab8447cfacb4a2850da41a1e26
karla_melgarejo_img_0044,imagen_1045.jpg,robots_y_tecnologia,ilustracion_plana_color,618,1200,,Pinterest,karla_melgarejo,d76a7efa083cf6489356a742ce4b87612b1e2c3b
karla_melgarejo_img_0045,imagen_1047.png,robots_y_tecnologia,ilustracion_plana_color,1500,1500,,Pinterest,karla_melgarejo,8bee410616d88c78fe127add947acf31738c29ce
karla_melgarejo_img_0046,imagen_1048.jpg,robots_y_tecnologia,ilustracion_plana_color,640,640,,Pinterest,karla_melgarejo,aab572db80994c9f49895b4be89c2a318ab9c63d
karla_melgarejo_img_0047,imagen_1049.jpg,robots_y_tecnologia,ilustracion_plana_color,1532,1290,,Pinterest,karla_melgarejo,ef0eda2c0f29d0ca5cdc043ef213ffb794c0c5ff
karla_melgarejo_img_0048,imagen_105.png,robots_y_tecnologia,ilustracion_plana_color,1000,1000,,Pinterest,karla_melgarejo,b10451c493502e6bf192f259a5ae780fc6c2791b
karla_melgarejo_img_0049,imagen_1050.jpg,robots_y_tecnologia,ilustracion_plana_color,1024,1024,,Pinterest,karla_melgarejo,ecd4614ddd02309e03014292dc6ea0ff467bba1d
karla_melgarejo_img_0050,imagen_1051.jpg,robots_y_tecnologia,ilustracion_plana_color,463,371,,Pinterest,karla_melgarejo,e25b68f791be2b9a41bef5137f79101be2b0411a
karla_melgarejo_img_0051,imagen_1052.jpg,robots_y_tecnologia,ilustracion_plana_color,438,572,,Pinterest,karla_melgarejo,9159c2dd26feb1c1b641d29f8e2ea39faaa6d601
karla_melgarejo_img_0052,imagen_1053.jpg,robots_y_tecnologia,ilustracion_plana_color,1248,1824,,Pinterest,karla_melgarejo,f50cb5c7b1039d16891dd48860e44d5660059caa
karla_melgarejo_img_0053,imagen_1054.jpg,robots_y_tecnologia,ilustracion_plana_color,500,391,,Pinterest,karla_melgarejo,24298702b58fee136cc58d9ebea6732117657908
karla_melgarejo_img_0054,imagen_1055.jpg,robots_y_tecnologia,ilustracion_plana_color,2048,1283,,Pinterest,karla_melgarejo,f44050acd23c52d82df5bc8fa81aeea7e4137fcf
karla_melgarejo_img_0056,imagen_1058.jpg,robots_y_tecnologia,ilustracion_plana_color,1300,1473,,Pinterest,karla_melgarejo,22cc1dd1aa170201e3b4178aa0be196cc78deab5
karla_melgarejo_img_0057,imagen_106.jpg,robots_y_tecnologia,ilustracion_plana_color,1000,1000,,Pinterest,karla_melgarejo,ec4dc95ef33ea2bfc2b8d25cb724ff55374163c5
karla_melgarejo_img_0058,imagen_1060.png,robots_y_tecnologia,ilustracion_plana_color,400,557,,Pinterest,karla_melgarejo,8276825fb8a54846e8f5d34add8da6934f353938
karla_melgarejo_img_0059,imagen_1061.jpg,robots_y_tecnologia,ilustracion_plana_color,500,500,,Pinterest,karla_melgarejo,77c9b3faea2681b7ab9979c87f593a0e04434bca
karla_melgarejo_img_0060,imagen_1062.jpg,robots_y_tecnologia,ilustracion_plana_color,1024,1024,,Pinterest,karla_melgarejo,43bd9d83f2c8037a2b360fba39276017109374ad
karla_melgarejo_img_0061,imagen_1063.jpg,robots_y_tecnologia,ilustracion_plana_color,1024,1024,,Pinterest,karla_melgarejo,6241147cca93282bbe9e15bcca67659e974c1793
karla_melgarejo_img_0062,imagen_1065.webp,robots_y_tecnologia,ilustracion_plana_color,1024,1024,,Pinterest,karla_melgarejo,b01bb8f1c14b15ff55cf7b362fca173e86c4fff4
karla_melgarejo_img_0063,imagen_1066.jpg,robots_y_tecnologia,ilustracion_plana_color,1600,1606,,Pinterest,karla_melgarejo,c26e9f4b78e256352c9cd9fb6b748165f8d4f5ac
karla_melgarejo_img_0064,imagen_1067.jpg,robots_y_tecnologia,ilustracion_plana_color,742,945,,Pinterest,karla_melgarejo,b3d4295549a8e10f46cb0949ac090f96a7309217
karla_melgarejo_img_0065,imagen_1068.jpg,robots_y_tecnologia,ilustracion_plana_color,1000,1000,,Pinterest,karla_melgarejo,f87742c91daf204502b5feb5a8ad4627782ed5e0
karla_melgarejo_img_0066,imagen_1069.jpg,robots_y_tecnologia,ilustracion_plana_color,720,1079,,Pinterest,karla_melgarejo,8cb7df9b37c00b9c736aa0db991fb2858b7d0976
karla_melgarejo_img_0067,imagen_1070.jpg,robots_y_tecnologia,ilustracion_plana_color,800,800,,Pinterest,karla_melgarejo,890b04d606ed0ba367b7c12e45a661f568adc5de
karla_melgarejo_img_0068,imagen_1071.jpg,robots_y_tecnologia,ilustracion_plana_color,921,1152,,Pinterest,karla_melgarejo,f9a4a58d0fd50ba57989da65a968542e3df900ff
karla_melgarejo_img_0069,imagen_1072.jpg,robots_y_tecnologia,ilustracion_plana_color,1024,1024,,Pinterest,karla_melgarejo,92fa7765ff50ec81b29c16e1eecf331fcfe19b98
karla_melgarejo_img_0070,imagen_1073.jpg,robots_y_tecnologia,ilustracion_plana_color,1080,1920,,Pinterest,karla_melgarejo,8cb2817e0cb5e7376c9af6cc0921119b996d62aa
karla_melgarejo_img_0071,imagen_1074.jpg,robots_y_tecnologia,ilustracion_plana_color,542,793,,Pinterest,karla_melgarejo,70854f7b0ba0508a34b8d16e1468bd40e5d629aa
karla_melgarejo_img_0072,imagen_1075.jpg,robots_y_tecnologia,ilustracion_plana_color,736,736,,Pinterest,karla_melgarejo,45e1ca50f7803fccf723eb15f04b56cbfd081e0f
karla_melgarejo_img_0073,imagen_1077.png,robots_y_tecnologia,ilustracion_plana_color,640,640,,Pinterest,karla_melgarejo,cce1164dd28f8aee475fdd599a9d6dc485e8b605
karla_melgarejo_img_0074,imagen_1079.png,robots_y_tecnologia,ilustracion_plana_color,1024,1024,,Pinterest,karla_melgarejo,9f1a3ad65e83ce771da5fe23324309794845271b
karla_melgarejo_img_0075,imagen_108.png,robots_y_tecnologia,ilustracion_plana_color,848,1424,,Pinterest,karla_melgarejo,d2b6b613daf02b86b40abc8e08499869d7d3cf59
karla_melgarejo_img_0076,imagen_1080.jpg,robots_y_tecnologia,ilustracion_plana_color,1332,2000,,Pinterest,karla_melgarejo,93461d50c820ba60c1b2efcebcf689098de6cfef
karla_melgarejo_img_0077,imagen_1082.png,robots_y_tecnologia,ilustracion_plana_color,1024,1024,,Pinterest,karla_melgarejo,38f19ffead94ba20790b17af2f007a39cc4e85df
karla_melgarejo_img_0078,imagen_1083.jpg,robots_y_tecnologia,ilustracion_plana_color,1024,1024,,Pinterest,karla_melgarejo,a3e0824157bc3a54f551e1129c4d84a036554332
karla_melgarejo_img_0079,imagen_1085.png,robots_y_tecnologia,ilustracion_plana_color,980,980,,Pinterest,karla_melgarejo,a2c57a86f15cb565b7839d2c003767e3b0ae6a43
karla_melgarejo_img_0080,imagen_1086.jpg,robots_y_tecnologia,ilustracion_plana_color,626,422,,Pinterest,karla_melgarejo,a846d75e7ae061463492b16902c957e66f51557e
karla_melgarejo_img_0081,imagen_1087.jpg,robots_y_tecnologia,ilustracion_plana_color,735,847,,Pinterest,karla_melgarejo,bfb410855aa40dc2c2cf4a0f7c1d4a9982c572f8
karla_melgarejo_img_0082,imagen_1089.png,robots_y_tecnologia,ilustracion_plana_color,980,980,,Pinterest,karla_melgarejo,4496d1fa65817bce76877f4095408ffa42b56270
karla_melgarejo_img_0083,imagen_109.jpg,robots_y_tecnologia,ilustracion_plana_color,626,626,,Pinterest,karla_melgarejo,214d637f02a20a52d8c7ab2a3fff663b982f8f33
karla_melgarejo_img_0084,imagen_1090.jpg,robots_y_tecnologia,ilustracion_plana_color,1500,1500,,Pinterest,karla_melgarejo,c4a71daf83bcb823e2cc0314b64a61793a1b2f8e
karla_melgarejo_img_0085,imagen_1091.jpg,robots_y_tecnologia,ilustracion_plana_color,1291,1128,,Pinterest,karla_melgarejo,fd493a4994e124252f3075d8f67ec4d06d7f8c29
karla_melgarejo_img_0086,imagen_1092.jpg,robots_y_tecnologia,ilustracion_plana_color,1024,1024,,Pinterest,karla_melgarejo,f834555a32315335bdf301568421e1afc2532f48
karla_melgarejo_img_0087,imagen_1093.jpg,robots_y_tecnologia,ilustracion_plana_color,1024,1024,,Pinterest,karla_melgarejo,22bdf1f3f677f37e2c516e9deedb5211d30b01a5
karla_melgarejo_img_0088,imagen_1095.webp,robots_y_tecnologia,ilustracion_plana_color,1781,1844,,Pinterest,karla_melgarejo,fecb49b9f919f2329d9a8955ac6bea4c09f3d775
karla_melgarejo_img_0089,imagen_1097.png,robots_y_tecnologia,ilustracion_plana_color,980,980,,Pinterest,karla_melgarejo,9c216e0ef896bae8507c47a14e9f47e038b0d64b
karla_melgarejo_img_0090,imagen_1098.jpg,robots_y_tecnologia,ilustracion_plana_color,800,800,,Pinterest,karla_melgarejo,aab483818c86af9fa776aa2db994d433ac012150
karla_melgarejo_img_0091,imagen_1099.jpg,robots_y_tecnologia,ilustracion_plana_color,4096,3185,,Pinterest,karla_melgarejo,a3e285554945f99e4d61dcc0552656dd8d55ee4a
karla_melgarejo_img_0092,imagen_11.jpg,robots_y_tecnologia,ilustracion_plana_color,330,330,,Pinterest,karla_melgarejo,6e87b375ce041e12149bd0475e9cac1d4e4944e2
karla_melgarejo_img_0093,imagen_110.jpg,robots_y_tecnologia,ilustracion_plana_color,867,1200,,Pinterest,karla_melgarejo,34c0910f35c37942261e621b7d858bceff8c1a26
karla_melgarejo_img_0094,imagen_1100.jpg,robots_y_tecnologia,ilustracion_plana_color,928,1232,,Pinterest,karla_melgarejo,fd315dccaf58df058728ca0f2a5e95e817e0563b
karla_melgarejo_img_0095,imagen_1102.png,robots_y_tecnologia,ilustracion_plana_color,1024,1024,,Pinterest,karla_melgarejo,7ad5528feb75a42cc7c1916c26343027a2be485e
karla_melgarejo_img_0096,imagen_1103.jpg,robots_y_tecnologia,ilustracion_plana_color,832,1248,,Pinterest,karla_melgarejo,11492196e4bfab1bc23278e496c665dba5fc9a58
karla_melgarejo_img_0097,imagen_1105.png,robots_y_tecnologia,ilustracion_plana_color,1024,1536,,Pinterest,karla_melgarejo,fc650cba1f4cbf6a7cc20d631b163ab310548312
karla_melgarejo_img_0098,imagen_1106.jpg,robots_y_tecnologia,ilustracion_plana_color,1200,1200,,Pinterest,karla_melgarejo,574ada2df9d9ea7a33779b80dbd8d99fcd3224a1
karla_melgarejo_img_0099,imagen_1107.jpg,robots_y_tecnologia,ilustracion_plana_color,1080,1065,,Pinterest,karla_melgarejo,13e5fffdea5a41483ddf660dc43a416848d900e1
karla_melgarejo_img_0100,imagen_1108.jpg,robots_y_tecnologia,ilustracion_plana_color,730,450,,Pinterest,karla_melgarejo,f66d0e954270d792da482634ebf057205623627a
karla_melgarejo_img_0101,imagen_1109.jpg,robots_y_tecnologia,ilustracion_plana_color,1024,1024,,Pinterest,karla_melgarejo,f4235e73177bc81f00cea1358ed758c3b1acf63c
karla_melgarejo_img_0102,imagen_1111.webp,robots_y_tecnologia,ilustracion_plana_color,700,720,,Pinterest,karla_melgarejo,a8a2e2cbdbc8ed25c30092d7edf607fe9bfa263e
karla_melgarejo_img_0103,imagen_1112.jpg,robots_y_tecnologia,ilustracion_plana_color,1024,1024,,Pinterest,karla_melgarejo,0a02c51a8514b0059497f6333d212514d11dd4da
karla_melgarejo_img_0104,imagen_1113.jpg,robots_y_tecnologia,ilustracion_plana_color,735,532,,Pinterest,karla_melgarejo,75719cdedef5195c5c45f291040a09f42989053a
karla_melgarejo_img_0105,imagen_1114.jpg,robots_y_tecnologia,ilustracion_plana_color,736,736,,Pinterest,karla_melgarejo,4de8e3b488f4413d0e1e572acfa45aa356e1a9e0
karla_melgarejo_img_0106,imagen_1115.jpg,robots_y_tecnologia,ilustracion_plana_color,2250,3000,,Pinterest,karla_melgarejo,b60f58886d81e7ff14fb7d1dd1939234adff4b08
karla_melgarejo_img_0107,imagen_1116.jpg,robots_y_tecnologia,ilustracion_plana_color,1024,1024,,Pinterest,karla_melgarejo,8da03d66b7616ef369c564e4cd0f9abaa761e98b
karla_melgarejo_img_0108,imagen_1117.jpg,robots_y_tecnologia,ilustracion_plana_color,300,215,,Pinterest,karla_melgarejo,19b267514d3b33f8b8b1bdde42b6513e79380e8e
karla_melgarejo_img_0109,imagen_1118.jpg,robots_y_tecnologia,ilustracion_plana_color,1038,1200,,Pinterest,karla_melgarejo,c0bf249b296183e30c4eeed30db106ae8b6374e8
karla_melgarejo_img_0110,imagen_1119.jpg,robots_y_tecnologia,ilustracion_plana_color,626,626,,Pinterest,karla_melgarejo,6e8eed61ff84e7ea84d9de7d433151c47df77587
karla_melgarejo_img_0111,imagen_112.png,robots_y_tecnologia,ilustracion_plana_color,928,1232,,Pinterest,karla_melgarejo,051dda917236262bef2703bf1930241d521555d5
karla_melgarejo_img_0112,imagen_1120.jpg,robots_y_tecnologia,ilustracion_plana_color,1024,1024,,Pinterest,karla_melgarejo,ba982852bdcd82606c71a888c02a3cca2cbfdfe8
karla_melgarejo_img_0113,imagen_1122.png,robots_y_tecnologia,ilustracion_plana_color,940,788,,Pinterest,karla_melgarejo,fc4be065d42eaf96a16883ce24f6959aecb06b9e
karla_melgarejo_img_0114,imagen_1123.jpg,robots_y_tecnologia,ilustracion_plana_color,800,800,,Pinterest,karla_melgarejo,49320eca032ef3a72726a99e167e8ff65389c42d
karla_melgarejo_img_0115,imagen_1125.png,robots_y_tecnologia,ilustracion_plana_color,1152,2048,,Pinterest,karla_melgarejo,0bea5a31eb36d95f43dca9c9720a8837cc609cc8
karla_melgarejo_img_0116,imagen_1126.jpg,robots_y_tecnologia,ilustracion_plana_color,736,1104,,Pinterest,karla_melgarejo,9a4f61bba31f4cde6a005a917bbe18e81aef01db
karla_melgarejo_img_0117,imagen_1127.jpg,robots_y_tecnologia,ilustracion_plana_color,500,500,,Pinterest,karla_melgarejo,b49badc8498c19a53bcf6b0cfecb63c0b146912b
karla_melgarejo_img_0118,imagen_1128.jpg,robots_y_tecnologia,ilustracion_plana_color,1440,1440,,Pinterest,karla_melgarejo,8a029e52e6918382c122e2b56043272ac582a39d
karla_melgarejo_img_0119,imagen_1129.jpg,robots_y_tecnologia,ilustracion_plana_color,1200,1800,,Pinterest,karla_melgarejo,f87cdae9c859f1f7f7ab49f2b79f9199d2be12e2
karla_melgarejo_img_0120,imagen_113.jpg,robots_y_tecnologia,ilustracion_plana_color,675,1200,,Pinterest,karla_melgarejo,080ab69856f017058a7db6a63e83dd5835f048c9
karla_melgarejo_img_0121,imagen_1130.jpg,robots_y_tecnologia,ilustracion_plana_color,580,549,,Pinterest,karla_melgarejo,034dfa38a5ca035540545f454c42cdeb0ef4082d
karla_melgarejo_img_0122,imagen_1131.jpg,robots_y_tecnologia,ilustracion_plana_color,417,626,,Pinterest,karla_melgarejo,7fa992d3f17b2728a2727aa71ed41f13ce0ba602
karla_melgarejo_img_0123,imagen_1132.jpg,robots_y_tecnologia,ilustracion_plana_color,900,1200,,Pinterest,karla_melgarejo,348cbecd64fe3cac39ef482d924d3a26de702221
karla_melgarejo_img_0124,imagen_1133.jpg,robots_y_tecnologia,ilustracion_plana_color,1024,1024,,Pinterest,karla_melgarejo,65d553cbdec79bc323934e22dc90f7b9252797a4
karla_melgarejo_img_0125,imagen_1135.png,robots_y_tecnologia,ilustracion_plana_color,1000,1000,,Pinterest,karla_melgarejo,e6138cadccaaa148191cbb546504ad5c19a73e96
karla_melgarejo_img_0126,imagen_1136.jpg,robots_y_tecnologia,ilustracion_plana_color,903,1200,,Pinterest,karla_melgarejo,46c2b8e5bc487569b431ebea2a8f2f7bd8156988
karla_melgarejo_img_0127,imagen_1137.jpg,robots_y_tecnologia,ilustracion_plana_color,1200,1200,,Pinterest,karla_melgarejo,05e359258d4db7bb8de9fd86eefbcb8040a70404
karla_melgarejo_img_0128,imagen_1138.jpg,robots_y_tecnologia,ilustracion_plana_color,736,964,,Pinterest,karla_melgarejo,e70b44ddaa16cdcef62dd19074c97c5b416c77fc
karla_melgarejo_img_0129,imagen_1139.jpg,robots_y_tecnologia,ilustracion_plana_color,1241,1123,,Pinterest,karla_melgarejo,6c7994addf493b9df81f4c1d306bdfc8877e0914
karla_melgarejo_img_0130,imagen_114.gif,robots_y_tecnologia,ilustracion_plana_color,467,344,,Pinterest,karla_melgarejo,649b80b42fe7b0bbad19b53f39667bbc45ce65c4
karla_melgarejo_img_0131,imagen_1141.png,robots_y_tecnologia,ilustracion_plana_color,933,1043,,Pinterest,karla_melgarejo,23860b9e0acff204412f3799a91845b2b27b1105
karla_melgarejo_img_0132,imagen_1143.png,robots_y_tecnologia,ilustracion_plana_color,1024,1536,,Pinterest,karla_melgarejo,39f325f64fa23323715d0d7314adb1aaddbe6e09
karla_melgarejo_img_0133,imagen_1145.png,robots_y_tecnologia,ilustracion_plana_color,1024,1024,,Pinterest,karla_melgarejo,d1d8fee0521a539c29573df336ba34eac1cd0f56
karla_melgarejo_img_0134,imagen_1147.png,robots_y_tecnologia,ilustracion_plana_color,793,751,,Pinterest,karla_melgarejo,e7602baeeea938a2b4b35378a4af62abd43afc1c
karla_melgarejo_img_0135,imagen_1148.jpg,robots_y_tecnologia,ilustracion_plana_color,950,1021,,Pinterest,karla_melgarejo,144fc7057fb839a9d776c93249dec897668462e2
karla_melgarejo_img_0136,imagen_1149.jpg,robots_y_tecnologia,ilustracion_plana_color,1856,2304,,Pinterest,karla_melgarejo,f431913141c4035d768e4d93d8af7cb1fc893076
karla_melgarejo_img_0137,imagen_115.jpg,robots_y_tecnologia,ilustracion_plana_color,467,344,,Pinterest,karla_melgarejo,5870458a91bef33314acc3c88a84041a06c27b08
karla_melgarejo_img_0138,imagen_1150.jpg,robots_y_tecnologia,ilustracion_plana_color,2944,2827,,Pinterest,karla_melgarejo,20467c8233ac3b910609bd5ca77f1bdf56b0e7da
karla_melgarejo_img_0139,imagen_1151.jpg,robots_y_tecnologia,ilustracion_plana_color,640,640,,Pinterest,karla_melgarejo,5643baaa73d03927083e040cfd12e02f972bea70
karla_melgarejo_img_0140,imagen_1153.png,robots_y_tecnologia,ilustracion_plana_color,2500,2319,,Pinterest,karla_melgarejo,c1706cabfbcc5f7f6578a5d4d117f2eaf195ccf2
karla_melgarejo_img_0141,imagen_1154.jpg,robots_y_tecnologia,ilustracion_plana_color,1024,1024,,Pinterest,karla_melgarejo,5a35a176d561c05ebdbfec2f335112dec8697d54
karla_melgarejo_img_0142,imagen_1155.jpg,robots_y_tecnologia,ilustracion_plana_color,3060,4080,,Pinterest,karla_melgarejo,2d2db60ad1de9026532bc63960763546b85f9ab6
karla_melgarejo_img_0143,imagen_1156.jpg,robots_y_tecnologia,ilustracion_plana_color,736,1004,,Pinterest,karla_melgarejo,ae5f5a663e37b7fa16f686680eb71a5543395870
karla_melgarejo_img_0144,imagen_1157.jpg,robots_y_tecnologia,ilustracion_plana_color,736,736,,Pinterest,karla_melgarejo,8d1cf51d229d3f1e47074e6671df6c6d7f5670a9
karla_melgarejo_img_0145,imagen_1158.jpg,robots_y_tecnologia,ilustracion_plana_color,1500,1543,,Pinterest,karla_melgarejo,a98770065861dffa043fa0321dfc976b5a7491cc
karla_melgarejo_img_0146,imagen_1159.jpg,robots_y_tecnologia,ilustracion_plana_color,600,600,,Pinterest,karla_melgarejo,bec347414863008bdccc70c6ca2c5141d1efcb25
karla_melgarejo_img_0147,imagen_116.jpg,robots_y_tecnologia,ilustracion_plana_color,1024,1024,,Pinterest,karla_melgarejo,9b4936956f73bfb337f472fbcb5fe800943546d8
karla_melgarejo_img_0148,imagen_1160.jpg,robots_y_tecnologia,ilustracion_plana_color,860,1280,,Pinterest,karla_melgarejo,f9e39dce9dba0057039440d275fae30e9bb54a66
karla_melgarejo_img_0149,imagen_1161.jpg,robots_y_tecnologia,ilustracion_plana_color,1024,1024,,Pinterest,karla_melgarejo,30925e4a2d883887aca3f1ed5586875fd400693e
karla_melgarejo_img_0150,imagen_1162.jpg,robots_y_tecnologia,ilustracion_plana_color,1024,512,,Pinterest,karla_melgarejo,3af83a42282c35da13fa9ad9c08e0849ea00d961
karla_melgarejo_img_0151,imagen_1163.jpg,robots_y_tecnologia,ilustracion_plana_color,867,1200,,Pinterest,karla_melgarejo,493246b62ca3790a043141923fa9576705567f1d
karla_melgarejo_img_0152,imagen_1164.jpg,robots_y_tecnologia,ilustracion_plana_color,640,870,,Pinterest,karla_melgarejo,9dc651ce8077fd5f7018b84b800fb1bd97e236ec
karla_melgarejo_img_0153,imagen_1165.jpg,robots_y_tecnologia,ilustracion_plana_color,828,1104,,Pinterest,karla_melgarejo,21e5081b33161a699df85a3a259db4afb73c65ad
karla_melgarejo_img_0154,imagen_1166.jpg,robots_y_tecnologia,ilustracion_plana_color,720,720,,Pinterest,karla_melgarejo,f9aa4555bae0e522705d829e23c7581cb5f7aed6
karla_melgarejo_img_0155,imagen_1167.jpg,robots_y_tecnologia,ilustracion_plana_color,1370,913,,Pinterest,karla_melgarejo,c0a76a2d339ef42269f39c4a6c81961deba6bfec
karla_melgarejo_img_0156,imagen_1168.jpg,robots_y_tecnologia,ilustracion_plana_color,466,580,,Pinterest,karla_melgarejo,19f428be0f36a4c1a7a51dabdb73ef8ae747662d
karla_melgarejo_img_0157,imagen_117.jpg,robots_y_tecnologia,ilustracion_plana_color,626,626,,Pinterest,karla_melgarejo,50f6bb382b7b2db19929ca17f11045c98def0133
karla_melgarejo_img_0158,imagen_1170.png,robots_y_tecnologia,ilustracion_plana_color,768,1408,,Pinterest,karla_melgarejo,5130dd3e3f4a84316bf58005f552cc54580fed80
karla_melgarejo_img_0159,imagen_1172.webp,robots_y_tecnologia,ilustracion_plana_color,1536,1024,,Pinterest,karla_melgarejo,804aa6d6d478e1917abe1901ce8cb96e56c69970
karla_melgarejo_img_0160,imagen_1173.jpg,robots_y_tecnologia,ilustracion_plana_color,447,879,,Pinterest,karla_melgarejo,a3103cadd54aade4d8e2e8b1a66023c7f09bf936
karla_melgarejo_img_0161,imagen_1174.jpg,robots_y_tecnologia,ilustracion_plana_color,736,780,,Pinterest,karla_melgarejo,544d1ce05aaebad3fbd5edb659a044508111ede8
karla_melgarejo_img_0162,imagen_1175.jpg,robots_y_tecnologia,ilustracion_plana_color,1280,1280,,Pinterest,karla_melgarejo,8919a8711f3460f2bb97377bbf5498e398a60f20
karla_melgarejo_img_0163,imagen_1176.jpg,robots_y_tecnologia,ilustracion_plana_color,1024,1024,,Pinterest,karla_melgarejo,64c819b2e63dfbf7225018d55cf519335991691c
karla_melgarejo_img_0164,imagen_1177.jpg,robots_y_tecnologia,ilustracion_plana_color,800,1371,,Pinterest,karla_melgarejo,29100ee5ae39e83a8f21cc4010bb4fb6b0ed2b35
karla_melgarejo_img_0165,imagen_1178.jpg,robots_y_tecnologia,ilustracion_plana_color,1024,1024,,Pinterest,karla_melgarejo,3e6b17fe6a17f2ec3a3db16d8f0adcc812624b58
karla_melgarejo_img_0166,imagen_1179.jpg,robots_y_tecnologia,ilustracion_plana_color,903,1200,,Pinterest,karla_melgarejo,12fc2beebd11d07a9c31d86e96b41c27d89789a0
karla_melgarejo_img_0167,imagen_118.jpg,robots_y_tecnologia,ilustracion_plana_color,684,1024,,Pinterest,karla_melgarejo,ec02e35dbbca3a362a86b0ada96d9952505353b3
karla_melgarejo_img_0168,imagen_1180.jpg,robots_y_tecnologia,ilustracion_plana_color,512,717,,Pinterest,karla_melgarejo,28898a1887d213c213f8d95f33d63571c2d00670
karla_melgarejo_img_0169,imagen_1181.jpg,robots_y_tecnologia,ilustracion_plana_color,700,700,,Pinterest,karla_melgarejo,b39f2fa937392889c2fb3aec21ea14644a6fee52
karla_melgarejo_img_0170,imagen_1182.jpg,robots_y_tecnologia,ilustracion_plana_color,450,450,,Pinterest,karla_melgarejo,ca4f26d293bc69cb35ee1ff4508bec9c08094844
karla_melgarejo_img_0171,imagen_1183.jpg,robots_y_tecnologia,ilustracion_plana_color,1199,1593,,Pinterest,karla_melgarejo,e52ccaa2983556a2c50e9bbde83e2d44bdb53c02
karla_melgarejo_img_0172,imagen_1184.jpg,robots_y_tecnologia,ilustracion_plana_color,626,626,,Pinterest,karla_melgarejo,d01eb69d6dc3ecb7d3235192ef1bcda666bb66e4
karla_melgarejo_img_0173,imagen_1185.jpg,robots_y_tecnologia,ilustracion_plana_color,1000,1000,,Pinterest,karla_melgarejo,6e1bd42eb7bbbaf686c2aa42e25bded69dfad4e1
karla_melgarejo_img_0174,imagen_1186.jpg,robots_y_tecnologia,ilustracion_plana_color,1024,1024,,Pinterest,karla_melgarejo,18eb9561a23f87e78a541327e977b6f3e37cbe70
karla_melgarejo_img_0175,imagen_1187.jpg,robots_y_tecnologia,ilustracion_plana_color,1440,960,,Pinterest,karla_melgarejo,8e50c04252e4249ba7d3e8a322c8aaa90481225c
karla_melgarejo_img_0176,imagen_1188.jpg,robots_y_tecnologia,ilustracion_plana_color,800,800,,Pinterest,karla_melgarejo,5628ebea1435440044c15ffd7b05e5d2b3e1bc3d
karla_melgarejo_img_0177,imagen_1189.jpg,robots_y_tecnologia,ilustracion_plana_color,720,932,,Pinterest,karla_melgarejo,f24a0a112d4bb48329b8f6c58d5ebafd31cbaa8e
karla_melgarejo_img_0178,imagen_1190.jpg,robots_y_tecnologia,ilustracion_plana_color,1024,1024,,Pinterest,karla_melgarejo,ba2667ef69d34f2166225b2ae0288220c086dbab
karla_melgarejo_img_0179,imagen_1191.jpg,robots_y_tecnologia,ilustracion_plana_color,736,1104,,Pinterest,karla_melgarejo,f134560145f460420388305c26fadcd43c30ad4d
karla_melgarejo_img_0180,imagen_1192.jpg,robots_y_tecnologia,ilustracion_plana_color,1536,1024,,Pinterest,karla_melgarejo,f9875743d4d35af549c918ffedf50b1e334ec773
karla_melgarejo_img_0181,imagen_12.jpg,robots_y_tecnologia,ilustracion_plana_color,1664,2496,,Pinterest,karla_melgarejo,45e3cfbe28b0f19cf0829b81cf11ab49a6ceeca9
karla_melgarejo_img_0182,imagen_120.png,robots_y_tecnologia,ilustracion_plana_color,1659,1246,,Pinterest,karla_melgarejo,d08c4350a6006b489eea205ae7794bfe1896c42b
karla_melgarejo_img_0183,imagen_121.jpg,robots_y_tecnologia,ilustracion_plana_color,2048,2048,,Pinterest,karla_melgarejo,c6ec67159a7e277bce1765f67ef32409760df659
karla_melgarejo_img_0185,imagen_124.jpg,robots_y_tecnologia,ilustracion_plana_color,736,736,,Pinterest,karla_melgarejo,ef9f24124e1405e1cf8e1656f99080e05ed8e10b
karla_melgarejo_img_0186,imagen_125.jpg,robots_y_tecnologia,ilustracion_plana_color,1500,1500,,Pinterest,karla_melgarejo,a0233199b69b1833267888cbef10603e16329e50
karla_melgarejo_img_0187,imagen_127.png,robots_y_tecnologia,ilustracion_plana_color,1086,1448,,Pinterest,karla_melgarejo,348e3b05c5c29407043cd2db7803fbdfb42b00b5
karla_melgarejo_img_0188,imagen_128.jpg,robots_y_tecnologia,ilustracion_plana_color,1024,1024,,Pinterest,karla_melgarejo,f0a27b95631ac55f784abc3b1af2dd5af7573284
karla_melgarejo_img_0189,imagen_129.jpg,robots_y_tecnologia,ilustracion_plana_color,450,450,,Pinterest,karla_melgarejo,af22da60e312bd13dc2ec044b5b0ec1531fbab74
karla_melgarejo_img_0190,imagen_13.jpg,robots_y_tecnologia,ilustracion_plana_color,1224,1632,,Pinterest,karla_melgarejo,db64ca35edcbe5e6577f4228664278b7cea1f4e3
karla_melgarejo_img_0191,imagen_130.jpg,robots_y_tecnologia,ilustracion_plana_color,1200,1200,,Pinterest,karla_melgarejo,1959b2cedf4a6a978621e2517a622df3279fdc53
karla_melgarejo_img_0192,imagen_131.jpg,robots_y_tecnologia,ilustracion_plana_color,1440,1440,,Pinterest,karla_melgarejo,c64529a975de13347516b4813220c5b5b41109f3
karla_melgarejo_img_0193,imagen_133.png,robots_y_tecnologia,ilustracion_plana_color,1024,1536,,Pinterest,karla_melgarejo,596f267242de04953e431265c8facccafd9b659f
karla_melgarejo_img_0194,imagen_134.jpg,robots_y_tecnologia,ilustracion_plana_color,396,500,,Pinterest,karla_melgarejo,2505d7a65b486a05bb08270f6ca395717dab325f
karla_melgarejo_img_0195,imagen_136.png,robots_y_tecnologia,ilustracion_plana_color,768,1408,,Pinterest,karla_melgarejo,fc12785734e6e22273484d0442d2a7d56ed3e313
karla_melgarejo_img_0196,imagen_138.webp,robots_y_tecnologia,ilustracion_plana_color,427,640,,Pinterest,karla_melgarejo,0de15a6b07a9266b516e488377862fe4d90e36a0
karla_melgarejo_img_0197,imagen_139.jpg,robots_y_tecnologia,ilustracion_plana_color,537,649,,Pinterest,karla_melgarejo,9638e77c2ac4556ac825ad48d3119a6070d2216d
karla_melgarejo_img_0199,imagen_141.png,robots_y_tecnologia,ilustracion_plana_color,590,409,,Pinterest,karla_melgarejo,c9c40567f4b7a03ce425f63ce801d80c32a92fcb
karla_melgarejo_img_0200,imagen_142.jpg,robots_y_tecnologia,ilustracion_plana_color,1024,1024,,Pinterest,karla_melgarejo,93cbf6e8f9b2c8e04746274c2d722cb5c889b8e0
karla_melgarejo_img_0201,imagen_144.png,robots_y_tecnologia,ilustracion_plana_color,1024,1536,,Pinterest,karla_melgarejo,aba1fe05daa4e2a83167adbcb19ab5ddf80cf08d
karla_melgarejo_img_0202,imagen_146.png,robots_y_tecnologia,ilustracion_plana_color,625,625,,Pinterest,karla_melgarejo,87f89125ff80d8b2f99d0bf6738801b307c4d7d5
karla_melgarejo_img_0203,imagen_147.jpg,robots_y_tecnologia,ilustracion_plana_color,736,1302,,Pinterest,karla_melgarejo,16e32440ee39f16106520d94c32d1d5267ba2ab7
karla_melgarejo_img_0204,imagen_149.png,robots_y_tecnologia,ilustracion_plana_color,420,420,,Pinterest,karla_melgarejo,bfe896e93ed047fee62200be20a886780268f815
karla_melgarejo_img_0205,imagen_150.jpg,robots_y_tecnologia,ilustracion_plana_color,736,1104,,Pinterest,karla_melgarejo,7fcf390a1559b89be9d2936a486d9f1794103c7d
karla_melgarejo_img_0206,imagen_151.jpg,robots_y_tecnologia,ilustracion_plana_color,474,474,,Pinterest,karla_melgarejo,ac3d78fad316c36ea570ccb0cea1669f73c1c8ab
karla_melgarejo_img_0207,imagen_152.jpg,robots_y_tecnologia,ilustracion_plana_color,679,637,,Pinterest,karla_melgarejo,1c1d5774320124fdf40bc815a90a2e6ef0bf0b83
karla_melgarejo_img_0208,imagen_153.jpg,robots_y_tecnologia,ilustracion_plana_color,2560,2560,,Pinterest,karla_melgarejo,87cbe4151a90424ad36c28ddd81bd7d8935ba61d
karla_melgarejo_img_0209,imagen_155.png,robots_y_tecnologia,ilustracion_plana_color,463,463,,Pinterest,karla_melgarejo,b7bcbcabb45d9af2a06ae4cdbdd153aa7a47b1e5
karla_melgarejo_img_0210,imagen_156.jpg,robots_y_tecnologia,ilustracion_plana_color,1080,1855,,Pinterest,karla_melgarejo,58feac4375fe0d2b3720605849d2a541b31248f9
karla_melgarejo_img_0211,imagen_157.jpg,robots_y_tecnologia,ilustracion_plana_color,736,981,,Pinterest,karla_melgarejo,ad107c428c1e54378b999f68a800e709fe41d50b
karla_melgarejo_img_0212,imagen_158.jpg,robots_y_tecnologia,ilustracion_plana_color,735,413,,Pinterest,karla_melgarejo,b9d98c005d01dfdf577bb823b53d638e35286c1f
karla_melgarejo_img_0213,imagen_159.jpg,robots_y_tecnologia,ilustracion_plana_color,668,515,,Pinterest,karla_melgarejo,836420c60e1e7c91dc08cf78c47f748939c5abb1
karla_melgarejo_img_0214,imagen_16.jpg,robots_y_tecnologia,ilustracion_plana_color,576,1024,,Pinterest,karla_melgarejo,e795533d5977d1c99924cac3cafe406e31f6031f
karla_melgarejo_img_0215,imagen_161.png,robots_y_tecnologia,ilustracion_plana_color,360,360,,Pinterest,karla_melgarejo,0d9c0ea627de3857050ed6df135fae79ddc57f37
karla_melgarejo_img_0216,imagen_162.jpg,robots_y_tecnologia,ilustracion_plana_color,675,1200,,Pinterest,karla_melgarejo,99375fb2df785240b8114be1cde1e1d94c0c74f9
karla_melgarejo_img_0217,imagen_163.jpg,robots_y_tecnologia,ilustracion_plana_color,736,736,,Pinterest,karla_melgarejo,8dd2e2775d5ced98646a2b81006b453913186aa6
karla_melgarejo_img_0218,imagen_164.jpg,robots_y_tecnologia,ilustracion_plana_color,600,343,,Pinterest,karla_melgarejo,974d12dabc62e821592f27c8d7db01813776844f
karla_melgarejo_img_0219,imagen_165.jpg,robots_y_tecnologia,ilustracion_plana_color,462,736,,Pinterest,karla_melgarejo,82371132ae9322b1cf61111b67c2a19fd0352878
karla_melgarejo_img_0220,imagen_167.png,robots_y_tecnologia,ilustracion_plana_color,768,960,,Pinterest,karla_melgarejo,89987409436316e2149ebf3994a5c57a20e90ca9
karla_melgarejo_img_0221,imagen_168.jpg,robots_y_tecnologia,ilustracion_plana_color,667,1000,,Pinterest,karla_melgarejo,a77c7407b8df8df8d4e9f7f5e30515b28d091e22
karla_melgarejo_img_0222,imagen_169.jpg,robots_y_tecnologia,ilustracion_plana_color,736,736,,Pinterest,karla_melgarejo,b8f60dd27ca81ed5cfe931291388cd52a0e57fbc
karla_melgarejo_img_0223,imagen_17.jpg,robots_y_tecnologia,ilustracion_plana_color,1024,1024,,Pinterest,karla_melgarejo,77f1c55ce52c8608f629a2247c1c31f5e000a3c5
karla_melgarejo_img_0224,imagen_170.jpg,robots_y_tecnologia,ilustracion_plana_color,832,1248,,Pinterest,karla_melgarejo,6ecbfa76f5ebebdc2a81384f5d222b2ac3a50821
karla_melgarejo_img_0225,imagen_171.jpg,robots_y_tecnologia,ilustracion_plana_color,1472,832,,Pinterest,karla_melgarejo,7aaf9c281702f8d33df8aa1d5a11e6231ecd30ad
karla_melgarejo_img_0226,imagen_173.png,robots_y_tecnologia,ilustracion_plana_color,1024,1024,,Pinterest,karla_melgarejo,1d456ac34ef488b8bc418b6d99f4b885b858f099
karla_melgarejo_img_0227,imagen_174.jpg,robots_y_tecnologia,ilustracion_plana_color,1024,1024,,Pinterest,karla_melgarejo,7b5e87fc7b9ed7dd89125a8bc46fa16ec27563d5
karla_melgarejo_img_0228,imagen_175.jpg,robots_y_tecnologia,ilustracion_plana_color,1024,1024,,Pinterest,karla_melgarejo,198b155a8cbba43c211f462ca99749a1045fd941
karla_melgarejo_img_0229,imagen_176.jpg,robots_y_tecnologia,ilustracion_plana_color,600,600,,Pinterest,karla_melgarejo,092972dff87aea89931158c6a680603be19be2a0
karla_melgarejo_img_0230,imagen_177.jpg,robots_y_tecnologia,ilustracion_plana_color,736,736,,Pinterest,karla_melgarejo,8f2132ef34915de9955162cd8322ec366e797ebe
karla_melgarejo_img_0231,imagen_179.png,robots_y_tecnologia,ilustracion_plana_color,1024,1024,,Pinterest,karla_melgarejo,42f70b2fdc760989651382967aed28a7d34552bf
karla_melgarejo_img_0232,imagen_18.jpg,robots_y_tecnologia,ilustracion_plana_color,735,465,,Pinterest,karla_melgarejo,c05e8b5bb5234db7698974c2c17df9ab16a74a6d
karla_melgarejo_img_0233,imagen_180.jpg,robots_y_tecnologia,ilustracion_plana_color,450,340,,Pinterest,karla_melgarejo,27bec05d624cfec1046ba24a672b11c07d92390c
karla_melgarejo_img_0234,imagen_181.jpg,robots_y_tecnologia,ilustracion_plana_color,1920,1440,,Pinterest,karla_melgarejo,2beb745e568f735b746add4d2eda6be9b2e6ad6e
karla_melgarejo_img_0235,imagen_182.jpg,robots_y_tecnologia,ilustracion_plana_color,360,360,,Pinterest,karla_melgarejo,5ef6a21b6811a52058087f65f6ed7903862b4a81
karla_melgarejo_img_0236,imagen_184.png,robots_y_tecnologia,ilustracion_plana_color,816,1456,,Pinterest,karla_melgarejo,114d1383346a17e59f1476251d86467393f4320d
karla_melgarejo_img_0237,imagen_185.jpg,robots_y_tecnologia,ilustracion_plana_color,1024,1085,,Pinterest,karla_melgarejo,cd731fde1e4cb1e35773c203a6a090aa4f929cec
karla_melgarejo_img_0238,imagen_187.png,robots_y_tecnologia,ilustracion_plana_color,816,1456,,Pinterest,karla_melgarejo,18f352f4046bd1edfadf590b308a241645347a71
karla_melgarejo_img_0239,imagen_188.jpg,robots_y_tecnologia,ilustracion_plana_color,1120,1120,,Pinterest,karla_melgarejo,61d4716a0a13576b6103ab3ad5486c287ca3a963
karla_melgarejo_img_0240,imagen_189.jpg,robots_y_tecnologia,ilustracion_plana_color,554,554,,Pinterest,karla_melgarejo,7bd41d43a678095e51174e747edcf7f7dbc96ed5
karla_melgarejo_img_0241,imagen_19.jpg,robots_y_tecnologia,ilustracion_plana_color,220,377,,Pinterest,karla_melgarejo,ec60b1a1801bcb56bf2985c70567e8cf9a1513e8
karla_melgarejo_img_0242,imagen_190.jpg,robots_y_tecnologia,ilustracion_plana_color,4096,3185,,Pinterest,karla_melgarejo,feb369085fb177d50c85e900ec4c5b45ad1ac63f
karla_melgarejo_img_0243,imagen_192.png,robots_y_tecnologia,ilustracion_plana_color,992,1061,,Pinterest,karla_melgarejo,8ebffebe421e162f5a4b2d7bff88b0925252c978
karla_melgarejo_img_0244,imagen_193.jpg,robots_y_tecnologia,ilustracion_plana_color,600,600,,Pinterest,karla_melgarejo,881cdd85e6587f5661a0ec6d733b1f32de61ab8e
karla_melgarejo_img_0245,imagen_194.jpg,robots_y_tecnologia,ilustracion_plana_color,500,500,,Pinterest,karla_melgarejo,2699562b9d527ee5f2752b1ec59e5800dd688aa6
karla_melgarejo_img_0246,imagen_195.jpg,robots_y_tecnologia,ilustracion_plana_color,640,640,,Pinterest,karla_melgarejo,29cc6a134ec45453e5e14478553ca7bc63e2c7e6
karla_melgarejo_img_0247,imagen_196.jpg,robots_y_tecnologia,ilustracion_plana_color,768,768,,Pinterest,karla_melgarejo,48a5d7e2f65d3e1ab66a56d50649be41bba0edea
karla_melgarejo_img_0248,imagen_197.jpg,robots_y_tecnologia,ilustracion_plana_color,1024,1536,,Pinterest,karla_melgarejo,1d50bb5bd7b243cb059e5147544a648106784d89
karla_melgarejo_img_0249,imagen_198.jpg,robots_y_tecnologia,ilustracion_plana_color,736,736,,Pinterest,karla_melgarejo,e70947a578dc0be9e02eb37df2c6550acf071f43
karla_melgarejo_img_0250,imagen_199.jpg,robots_y_tecnologia,ilustracion_plana_color,1063,906,,Pinterest,karla_melgarejo,a32619bfdf2ebce5a7326c06d1076f57aac61aea
karla_melgarejo_img_0251,imagen_20.jpg,robots_y_tecnologia,ilustracion_plana_color,1024,1024,,Pinterest,karla_melgarejo,10a02291d1ef545072c6c734680cecac1b2763b4
karla_melgarejo_img_0252,imagen_200.jpg,robots_y_tecnologia,ilustracion_plana_color,736,736,,Pinterest,karla_melgarejo,4499e3f86b84f78e1ac28a1be47b5f9440c23089
karla_melgarejo_img_0253,imagen_202.png,robots_y_tecnologia,ilustracion_plana_color,1024,1024,,Pinterest,karla_melgarejo,e5e6fa91f06039298cf8c02418857849f0450416
karla_melgarejo_img_0254,imagen_203.jpg,robots_y_tecnologia,ilustracion_plana_color,736,1019,,Pinterest,karla_melgarejo,39a566510146205c2dee5f178b5d0a8178fd7174
karla_melgarejo_img_0255,imagen_204.jpg,robots_y_tecnologia,ilustracion_plana_color,1024,1024,,Pinterest,karla_melgarejo,26b9e759eb53aa23301bf8229bc7faf90630d0c0
karla_melgarejo_img_0256,imagen_205.jpg,robots_y_tecnologia,ilustracion_plana_color,1024,1024,,Pinterest,karla_melgarejo,725c1dbc62a2055f5ff6f58b44d8bdb7b68c9a9d
karla_melgarejo_img_0257,imagen_206.jpg,robots_y_tecnologia,ilustracion_plana_color,1024,1024,,Pinterest,karla_melgarejo,afb8581718fd6a86c766584595ca5f18eaf4d94f
karla_melgarejo_img_0258,imagen_207.jpg,robots_y_tecnologia,ilustracion_plana_color,832,1248,,Pinterest,karla_melgarejo,f8de2aea31601be8bff48e4cedf504a89e72b062
karla_melgarejo_img_0259,imagen_208.jpg,robots_y_tecnologia,ilustracion_plana_color,672,672,,Pinterest,karla_melgarejo,d015d698957998d9dc5254f69adf3bc0431c6a25
karla_melgarejo_img_0260,imagen_21.jpg,robots_y_tecnologia,ilustracion_plana_color,1218,1218,,Pinterest,karla_melgarejo,19c3881034fc46d75d29a8e86c1c58e633faa124
karla_melgarejo_img_0261,imagen_210.png,robots_y_tecnologia,ilustracion_plana_color,617,463,,Pinterest,karla_melgarejo,3d90cd3823f2de2a795171e0afc6ea2afcdb83ec
karla_melgarejo_img_0262,imagen_212.webp,robots_y_tecnologia,ilustracion_plana_color,1024,1434,,Pinterest,karla_melgarejo,ccc9ec990f91e77d1fc09988df979d7c8a31379b
karla_melgarejo_img_0263,imagen_213.jpg,robots_y_tecnologia,ilustracion_plana_color,4000,4000,,Pinterest,karla_melgarejo,8d1f08dc89ed668bbf341931f599b4c1ed2879f7
karla_melgarejo_img_0264,imagen_214.jpg,robots_y_tecnologia,ilustracion_plana_color,3277,4096,,Pinterest,karla_melgarejo,304e51e24402aa0f510fe429b6e5d0fbd64af66a
karla_melgarejo_img_0265,imagen_215.jpg,robots_y_tecnologia,ilustracion_plana_color,736,980,,Pinterest,karla_melgarejo,5481998349e4f4d8eecc5fbb56f742de24b42cd7
karla_melgarejo_img_0266,imagen_216.jpg,robots_y_tecnologia,ilustracion_plana_color,1024,768,,Pinterest,karla_melgarejo,d097bf33d5fd31dde6eee05cca92ff20e89af545
karla_melgarejo_img_0267,imagen_217.jpg,robots_y_tecnologia,ilustracion_plana_color,750,750,,Pinterest,karla_melgarejo,38898ece6e648359da7e1eb5bc0b482bb9a75578
karla_melgarejo_img_0268,imagen_218.jpg,robots_y_tecnologia,ilustracion_plana_color,1600,1600,,Pinterest,karla_melgarejo,3891e89f7c20927ecaa484b731305c4fe9725bd3
karla_melgarejo_img_0269,imagen_219.jpg,robots_y_tecnologia,ilustracion_plana_color,1856,2304,,Pinterest,karla_melgarejo,37011c92c037827cbce9e29bd1badf92e4eb0b28
karla_melgarejo_img_0270,imagen_22.jpg,robots_y_tecnologia,ilustracion_plana_color,600,600,,Pinterest,karla_melgarejo,84c0d52e50baf4bb9a2650d197bff67ecfbb757a
karla_melgarejo_img_0271,imagen_220.jpg,robots_y_tecnologia,ilustracion_plana_color,720,440,,Pinterest,karla_melgarejo,53c0fb8d8ca3a26a44e0a46a7aacc59181381d6c
karla_melgarejo_img_0272,imagen_221.jpg,robots_y_tecnologia,ilustracion_plana_color,1200,1800,,Pinterest,karla_melgarejo,0b1e272eeb1bee31b96fd7b000c928ff438072a3
karla_melgarejo_img_0273,imagen_223.png,robots_y_tecnologia,ilustracion_plana_color,700,700,,Pinterest,karla_melgarejo,86dac2422689624f515d605e9f6abc68926a28af
karla_melgarejo_img_0274,imagen_224.jpg,robots_y_tecnologia,ilustracion_plana_color,900,1200,,Pinterest,karla_melgarejo,3512f8ab8d6e373570195328f9a7ac662391babf
karla_melgarejo_img_0275,imagen_226.png,robots_y_tecnologia,ilustracion_plana_color,1024,1024,,Pinterest,karla_melgarejo,cd60ec220d795b7346d883e02bd9eb14b44454b5
karla_melgarejo_img_0276,imagen_227.jpg,robots_y_tecnologia,ilustracion_plana_color,1024,757,,Pinterest,karla_melgarejo,8f5b6e71a5846efba41d7b54b3967f914c41091c
karla_melgarejo_img_0277,imagen_228.jpg,robots_y_tecnologia,ilustracion_plana_color,650,650,,Pinterest,karla_melgarejo,c391a1fcfebdd3434d5c97ebc3fa4d6773bd9185
karla_melgarejo_img_0278,imagen_229.jpg,robots_y_tecnologia,ilustracion_plana_color,1440,1440,,Pinterest,karla_melgarejo,51acddda341d77148e40f58ca0692166b3c1614f
karla_melgarejo_img_0279,imagen_23.jpg,robots_y_tecnologia,ilustracion_plana_color,832,1248,,Pinterest,karla_melgarejo,795c49238f0651f139b25a4ad210b8c750208057
karla_melgarejo_img_0280,imagen_230.jpg,robots_y_tecnologia,ilustracion_plana_color,700,700,,Pinterest,karla_melgarejo,1fff17b60d57d1e2f51ee3be324d80bad35e7502
karla_melgarejo_img_0281,imagen_231.jpg,robots_y_tecnologia,ilustracion_plana_color,800,800,,Pinterest,karla_melgarejo,3b8c9b37a8b77fde39923fb1b6cf4c4386c83b68
karla_melgarejo_img_0282,imagen_232.jpg,robots_y_tecnologia,ilustracion_plana_color,736,736,,Pinterest,karla_melgarejo,06bca7544c63cc3ce78896068b712ea6c9cc1293
karla_melgarejo_img_0283,imagen_233.jpg,robots_y_tecnologia,ilustracion_plana_color,1024,1024,,Pinterest,karla_melgarejo,6376b1c8914a6ad8a0dfc85dfaca4a407dc93014
karla_melgarejo_img_0284,imagen_234.jpg,robots_y_tecnologia,ilustracion_plana_color,1280,960,,Pinterest,karla_melgarejo,c2be7c76ab1fd41e0604c95ca9352222224469d8
karla_melgarejo_img_0285,imagen_236.png,robots_y_tecnologia,ilustracion_plana_color,1024,1536,,Pinterest,karla_melgarejo,73f3887bed39bdf94cd4902917b517c31e0ea7c9
karla_melgarejo_img_0286,imagen_237.jpg,robots_y_tecnologia,ilustracion_plana_color,744,992,,Pinterest,karla_melgarejo,e337154a9ed7b9b5e9a2c0a8989c6b19a7b6559c
karla_melgarejo_img_0287,imagen_239.png,robots_y_tecnologia,ilustracion_plana_color,1024,1024,,Pinterest,karla_melgarejo,a11066c326935becaebbed0e3e1e3b9645f3d928
karla_melgarejo_img_0288,imagen_24.jpg,robots_y_tecnologia,ilustracion_plana_color,626,626,,Pinterest,karla_melgarejo,bcb47c2b09a5c7a56d3f1c2e8d408cb3dd0bb741
karla_melgarejo_img_0289,imagen_240.jpg,robots_y_tecnologia,ilustracion_plana_color,2000,2000,,Pinterest,karla_melgarejo,7d6dc52321be4ba48ca12b43d1f72bb7c5115848
karla_melgarejo_img_0290,imagen_241.jpg,robots_y_tecnologia,ilustracion_plana_color,1440,1440,,Pinterest,karla_melgarejo,c8ee599f81b7a7686162b5db78d08d48f8ea0efe
karla_melgarejo_img_0291,imagen_243.png,robots_y_tecnologia,ilustracion_plana_color,1024,910,,Pinterest,karla_melgarejo,37d97f1f7bbfdef3cae829c38cc184f7892596fe
karla_melgarejo_img_0292,imagen_244.jpg,robots_y_tecnologia,ilustracion_plana_color,1200,1200,,Pinterest,karla_melgarejo,b6ee78d1ca289f1eeaef14a2664cc548e6bd3529
karla_melgarejo_img_0293,imagen_245.jpg,robots_y_tecnologia,ilustracion_plana_color,1080,1854,,Pinterest,karla_melgarejo,9e7476f475d9a1104c812c3a142c76e2a784c9c7
karla_melgarejo_img_0294,imagen_246.jpg,robots_y_tecnologia,ilustracion_plana_color,1080,1920,,Pinterest,karla_melgarejo,6b0ed935a7b9668d3dfa00732ed246584d44e67a
karla_melgarejo_img_0295,imagen_247.jpg,robots_y_tecnologia,ilustracion_plana_color,736,1429,,Pinterest,karla_melgarejo,e7495af8c1325fd88fd63835a77e723a742c129a
karla_melgarejo_img_0296,imagen_249.png,robots_y_tecnologia,ilustracion_plana_color,277,493,,Pinterest,karla_melgarejo,012e47605ea880c48ca369bf0ad01d95165bea9d
karla_melgarejo_img_0297,imagen_251.png,robots_y_tecnologia,ilustracion_plana_color,608,380,,Pinterest,karla_melgarejo,44816210707c4c19130cc938be6497c41fc28ffd
karla_melgarejo_img_0298,imagen_252.jpg,robots_y_tecnologia,ilustracion_plana_color,500,500,,Pinterest,karla_melgarejo,4ddbf24e7a4591c0615b93be86c73aec4e2c2e3c
karla_melgarejo_img_0299,imagen_253.jpg,robots_y_tecnologia,ilustracion_plana_color,736,981,,Pinterest,karla_melgarejo,256f3c2b88b9261f9974f855d43f52b84d19892a
karla_melgarejo_img_0300,imagen_254.jpg,robots_y_tecnologia,ilustracion_plana_color,562,507,,Pinterest,karla_melgarejo,c9f98b10060b81a2c4b40a29974e3e4a132ffa74
karla_melgarejo_img_0301,imagen_255.jpg,robots_y_tecnologia,ilustracion_plana_color,1586,1308,,Pinterest,karla_melgarejo,4fd7a99b92f405d8bb6ad8fb07a8b3f5a205af6a
karla_melgarejo_img_0302,imagen_256.jpg,robots_y_tecnologia,ilustracion_plana_color,1024,1024,,Pinterest,karla_melgarejo,3a672a9bc494fc196b17f398477202fc8a592d95
karla_melgarejo_img_0303,imagen_257.jpg,robots_y_tecnologia,ilustracion_plana_color,736,1104,,Pinterest,karla_melgarejo,2eb23dc1f74bbb2a063c6b8e91f5b59d5ffb9e5e
karla_melgarejo_img_0304,imagen_259.webp,robots_y_tecnologia,ilustracion_plana_color,800,916,,Pinterest,karla_melgarejo,83a826865411b41d7c3d8a49f21c0ebc5c619266
karla_melgarejo_img_0305,imagen_26.png,robots_y_tecnologia,ilustracion_plana_color,1024,1024,,Pinterest,karla_melgarejo,49dca3f560c2fb8d7a723d050a4680fc4c1a4b98
karla_melgarejo_img_0306,imagen_260.jpg,robots_y_tecnologia,ilustracion_plana_color,832,1248,,Pinterest,karla_melgarejo,94906bb1d2045a6f115820a31ea89691413de761
karla_melgarejo_img_0307,imagen_261.jpg,robots_y_tecnologia,ilustracion_plana_color,736,736,,Pinterest,karla_melgarejo,775cf94ec514f937ee4ceaef36d8242ff933d641
karla_melgarejo_img_0308,imagen_263.png,robots_y_tecnologia,ilustracion_plana_color,1080,1080,,Pinterest,karla_melgarejo,8961abaa76dba448923aa0d56a343f94a7a43f11
karla_melgarejo_img_0309,imagen_265.png,robots_y_tecnologia,ilustracion_plana_color,980,980,,Pinterest,karla_melgarejo,54d7b4d45ef348676f66d37d284ac0bb267b9d24
karla_melgarejo_img_0310,imagen_266.jpg,robots_y_tecnologia,ilustracion_plana_color,1024,1024,,Pinterest,karla_melgarejo,55c90d43b53e187753d36acb3958e58311885487
karla_melgarejo_img_0311,imagen_267.jpg,robots_y_tecnologia,ilustracion_plana_color,1024,1024,,Pinterest,karla_melgarejo,2bbab171c8bf690afbc2e3bd74f5e0c2d3a5faa3
karla_melgarejo_img_0312,imagen_269.png,robots_y_tecnologia,ilustracion_plana_color,1035,669,,Pinterest,karla_melgarejo,bc326c1ca0923864ad3e3683594dbf2104984a34
karla_melgarejo_img_0313,imagen_27.jpg,robots_y_tecnologia,ilustracion_plana_color,1856,2304,,Pinterest,karla_melgarejo,941ce6147924e95b5eeb80b76566e8cbba726325
karla_melgarejo_img_0314,imagen_270.jpg,robots_y_tecnologia,ilustracion_plana_color,736,1104,,Pinterest,karla_melgarejo,837ae731a9da84a63b0862c886d62436e736dc97
karla_melgarejo_img_0315,imagen_271.jpg,robots_y_tecnologia,ilustracion_plana_color,640,400,,Pinterest,karla_melgarejo,e9fda2124d0ddd06361c7ab4a6d7236950202c82
karla_melgarejo_img_0316,imagen_273.webp,robots_y_tecnologia,ilustracion_plana_color,1024,1434,,Pinterest,karla_melgarejo,75b8a3f015ff8204a1c49d2eef193a814fe3d713
karla_melgarejo_img_0317,imagen_275.webp,robots_y_tecnologia,ilustracion_plana_color,896,1088,,Pinterest,karla_melgarejo,c8103b0aa05af58670a1d55b6eebc1d1efc7ae2e
karla_melgarejo_img_0318,imagen_276.jpg,robots_y_tecnologia,ilustracion_plana_color,1024,1024,,Pinterest,karla_melgarejo,ac59d8ef42d4583fd1909c8c9198bb413a06631d
karla_melgarejo_img_0319,imagen_278.png,robots_y_tecnologia,ilustracion_plana_color,1000,667,,Pinterest,karla_melgarejo,6ea75dac5b0567e93b2d2865acf142ff37a4fec9
karla_melgarejo_img_0320,imagen_279.jpg,robots_y_tecnologia,ilustracion_plana_color,1856,2304,,Pinterest,karla_melgarejo,6083798f8caac54d40a8528fe7e9abb984d9412d
karla_melgarejo_img_0321,imagen_28.jpg,robots_y_tecnologia,ilustracion_plana_color,1000,919,,Pinterest,karla_melgarejo,d3fa19b823b1587c1e3dc26795c83b42024e102e
karla_melgarejo_img_0322,imagen_281.png,robots_y_tecnologia,ilustracion_plana_color,853,1280,,Pinterest,karla_melgarejo,2204c5f34f5a7b2fdb1c455c2e8c7a042d149909
karla_melgarejo_img_0323,imagen_282.jpg,robots_y_tecnologia,ilustracion_plana_color,736,736,,Pinterest,karla_melgarejo,ec24e9d6e9a22dc931a58f285ee6fbd527bac61d
karla_melgarejo_img_0324,imagen_283.jpg,robots_y_tecnologia,ilustracion_plana_color,1080,1472,,Pinterest,karla_melgarejo,2575e91c896870fac55ecfb400b57623dce7c4ac
karla_melgarejo_img_0325,imagen_284.jpg,robots_y_tecnologia,ilustracion_plana_color,832,1248,,Pinterest,karla_melgarejo,597570fa490bb33c86beae5b9fbbc439cf9a7f18
karla_melgarejo_img_0326,imagen_285.jpg,robots_y_tecnologia,ilustracion_plana_color,1536,2752,,Pinterest,karla_melgarejo,9438f975736dd42dd5b6bd3310a430d86c67e3e9
karla_melgarejo_img_0327,imagen_287.png,robots_y_tecnologia,ilustracion_plana_color,2500,2500,,Pinterest,karla_melgarejo,2592717f90b82c2e5e42a21bb1064971597d84df
karla_melgarejo_img_0328,imagen_289.png,robots_y_tecnologia,ilustracion_plana_color,659,1313,,Pinterest,karla_melgarejo,99377d6189d384c4779850cb953dfcf9e51a0645
karla_melgarejo_img_0329,imagen_29.jpg,robots_y_tecnologia,ilustracion_plana_color,736,736,,Pinterest,karla_melgarejo,cf393e192131cc1321a2662c5624493a71d42433
karla_melgarejo_img_0330,imagen_291.png,robots_y_tecnologia,ilustracion_plana_color,568,462,,Pinterest,karla_melgarejo,4ec2ecdba7a5612b51e56da948367cbafefdf8de
karla_melgarejo_img_0331,imagen_292.jpg,robots_y_tecnologia,ilustracion_plana_color,735,490,,Pinterest,karla_melgarejo,0f28d6a8a3861fa39c711a44e22d82c8f52a0ea9
karla_melgarejo_img_0332,imagen_293.jpg,robots_y_tecnologia,ilustracion_plana_color,720,960,,Pinterest,karla_melgarejo,da5eb06978db846180e796513fa9cf3202aecfaf
karla_melgarejo_img_0333,imagen_294.jpg,robots_y_tecnologia,ilustracion_plana_color,832,1248,,Pinterest,karla_melgarejo,0b47475e57a95884ba1dce76b239b0cfa49be74c
karla_melgarejo_img_0334,imagen_295.jpg,robots_y_tecnologia,ilustracion_plana_color,1080,1920,,Pinterest,karla_melgarejo,74bdb732dd4acd136f7693dcb38e1976dd953a51
karla_melgarejo_img_0335,imagen_296.jpg,robots_y_tecnologia,ilustracion_plana_color,987,2048,,Pinterest,karla_melgarejo,912cd8566a1f2c696f9dbaa98c0c0142ead771e9
karla_melgarejo_img_0336,imagen_297.jpg,robots_y_tecnologia,ilustracion_plana_color,1000,1000,,Pinterest,karla_melgarejo,efe478d5b6495abe017e62bdcb82ffb672613cd1
karla_melgarejo_img_0337,imagen_298.jpg,robots_y_tecnologia,ilustracion_plana_color,1440,1800,,Pinterest,karla_melgarejo,dc312b84e8fd6b6dc5c4486523b5f0eadf03e63a
karla_melgarejo_img_0338,imagen_299.jpg,robots_y_tecnologia,ilustracion_plana_color,1856,2304,,Pinterest,karla_melgarejo,2c52af4ab87ecd4f369b94aadd6a5dd5b73d36c2
karla_melgarejo_img_0339,imagen_3.webp,robots_y_tecnologia,ilustracion_plana_color,1080,1080,,Pinterest,karla_melgarejo,367f16c0fc9840d201471ec3678c164f530523a4
karla_melgarejo_img_0340,imagen_30.jpg,robots_y_tecnologia,ilustracion_plana_color,1856,2304,,Pinterest,karla_melgarejo,f894d9b97c854e51d7ae73824b14a3c870b87111
karla_melgarejo_img_0341,imagen_300.jpg,robots_y_tecnologia,ilustracion_plana_color,1080,1920,,Pinterest,karla_melgarejo,123c07e310e9111baacd69379c4a7789c87c467e
karla_melgarejo_img_0342,imagen_301.jpg,robots_y_tecnologia,ilustracion_plana_color,1024,684,,Pinterest,karla_melgarejo,3e50c0d4497a5ce0600e65737c990f9044a82f7f
karla_melgarejo_img_0343,imagen_302.jpg,robots_y_tecnologia,ilustracion_plana_color,800,1200,,Pinterest,karla_melgarejo,f6001f58853495858f780fe908d79d832b32fc06
karla_melgarejo_img_0344,imagen_303.jpg,robots_y_tecnologia,ilustracion_plana_color,1024,1024,,Pinterest,karla_melgarejo,0712e35aaab70ba155e2319e1c17c05d162d871a
karla_melgarejo_img_0345,imagen_304.jpg,robots_y_tecnologia,ilustracion_plana_color,2000,2000,,Pinterest,karla_melgarejo,bf7403fc51c8033a4833cd80d48faa2e79a91975
karla_melgarejo_img_0346,imagen_305.jpg,robots_y_tecnologia,ilustracion_plana_color,881,1177,,Pinterest,karla_melgarejo,c41f615df1c249f208e568c2f9e320dea011ef6d
karla_melgarejo_img_0347,imagen_306.jpg,robots_y_tecnologia,ilustracion_plana_color,1024,1024,,Pinterest,karla_melgarejo,768bb4dd199fbed746028721e015b8a27a0d7271
karla_melgarejo_img_0348,imagen_307.jpg,robots_y_tecnologia,ilustracion_plana_color,4000,3616,,Pinterest,karla_melgarejo,615b27ded35aa3f795ea2cd68445196c09e7675f
karla_melgarejo_img_0349,imagen_309.png,robots_y_tecnologia,ilustracion_plana_color,854,1080,,Pinterest,karla_melgarejo,c9f689c48dcb23492c345e7f14388d54ee6f741a
karla_melgarejo_img_0350,imagen_31.jpg,robots_y_tecnologia,ilustracion_plana_color,1024,1024,,Pinterest,karla_melgarejo,915f8a24ac187d0254c776bda4c8fb6e5f316cd5
karla_melgarejo_img_0351,imagen_310.jpg,robots_y_tecnologia,ilustracion_plana_color,921,1152,,Pinterest,karla_melgarejo,0018bf78215bf3bb2cb92e561f21ca4e20735b98
karla_melgarejo_img_0352,imagen_311.jpg,robots_y_tecnologia,ilustracion_plana_color,1836,3264,,Pinterest,karla_melgarejo,16c25355035caf0148aa84d59a23c7d3b68e4161
karla_melgarejo_img_0353,imagen_312.jpg,robots_y_tecnologia,ilustracion_plana_color,1000,1000,,Pinterest,karla_melgarejo,234e03ff41f6c2b0fbac9f488a763ff20e5fcde7
karla_melgarejo_img_0354,imagen_313.jpg,robots_y_tecnologia,ilustracion_plana_color,1024,1024,,Pinterest,karla_melgarejo,8c448f9c27228e2ca0b257ef724a496b181c31a6
karla_melgarejo_img_0355,imagen_314.jpg,robots_y_tecnologia,ilustracion_plana_color,3072,4096,,Pinterest,karla_melgarejo,43f0969b5333583012eb0a5f6c141a1fe6a908ba
karla_melgarejo_img_0356,imagen_315.jpg,robots_y_tecnologia,ilustracion_plana_color,320,253,,Pinterest,karla_melgarejo,a5a0ededf59ea1620fdbc7e2a53d35eba96392a7
karla_melgarejo_img_0357,imagen_316.jpg,robots_y_tecnologia,ilustracion_plana_color,720,542,,Pinterest,karla_melgarejo,678a4acd52f60cba9726f537437c9fb00c04dc95
karla_melgarejo_img_0358,imagen_318.png,robots_y_tecnologia,ilustracion_plana_color,1080,1350,,Pinterest,karla_melgarejo,4c11c322b2b9bb581ca6a6edef52a0bea923307c
karla_melgarejo_img_0359,imagen_319.jpg,robots_y_tecnologia,ilustracion_plana_color,1200,1200,,Pinterest,karla_melgarejo,34e1376e4ee8a5b2d4fc4520857018631ed80bda
karla_melgarejo_img_0360,imagen_32.jpg,robots_y_tecnologia,ilustracion_plana_color,1600,2000,,Pinterest,karla_melgarejo,4062ee70beeba6b9cd174f9eb7cb8f8d252b7b9a
karla_melgarejo_img_0361,imagen_320.jpg,robots_y_tecnologia,ilustracion_plana_color,736,736,,Pinterest,karla_melgarejo,c3207fb6c3aab83f3de7a8e614ba4d30fa30c54e
karla_melgarejo_img_0362,imagen_321.jpg,robots_y_tecnologia,ilustracion_plana_color,1500,2000,,Pinterest,karla_melgarejo,a67e098f91cf05adaaacd9b3f345463ad842faf0
karla_melgarejo_img_0363,imagen_322.jpg,robots_y_tecnologia,ilustracion_plana_color,1024,1024,,Pinterest,karla_melgarejo,066532c70c5f47fa1706e98ee2acd316caea2ca6
karla_melgarejo_img_0364,imagen_324.png,robots_y_tecnologia,ilustracion_plana_color,1201,1600,,Pinterest,karla_melgarejo,d2958a8bd9e641e5d924c4217c6ef136ff6e2e57
karla_melgarejo_img_0365,imagen_325.jpg,robots_y_tecnologia,ilustracion_plana_color,1440,1440,,Pinterest,karla_melgarejo,403b1850a089a2afdabfa07d3f0ce2ac736803b8
karla_melgarejo_img_0366,imagen_326.jpg,robots_y_tecnologia,ilustracion_plana_color,960,1200,,Pinterest,karla_melgarejo,5f5b3f091e14e51c135b94de24df2d6bb85e1020
karla_melgarejo_img_0367,imagen_328.png,robots_y_tecnologia,ilustracion_plana_color,672,1024,,Pinterest,karla_melgarejo,7864cdfcbcb64431698fe1987b63cd13a0c44f55
karla_melgarejo_img_0368,imagen_33.jpg,robots_y_tecnologia,ilustracion_plana_color,1536,1024,,Pinterest,karla_melgarejo,653ac18f62a2adbfb53f03985bdf8ba9b69cdfd8
karla_melgarejo_img_0369,imagen_330.png,robots_y_tecnologia,ilustracion_plana_color,1024,1536,,Pinterest,karla_melgarejo,f1d2b7de780653e267305d7b32903a1e5ee79f21
karla_melgarejo_img_0370,imagen_331.jpg,robots_y_tecnologia,ilustracion_plana_color,626,351,,Pinterest,karla_melgarejo,2b0eeff0bca241ebf276d7a50e6c9b1d0593e2db
karla_melgarejo_img_0371,imagen_332.jpg,robots_y_tecnologia,ilustracion_plana_color,684,684,,Pinterest,karla_melgarejo,3877be79c1836b47df354235f014deda2f85322e
karla_melgarejo_img_0372,imagen_333.jpg,robots_y_tecnologia,ilustracion_plana_color,1080,1920,,Pinterest,karla_melgarejo,8c8e3088df63d8da01078b34f261d639e1ede6f8
karla_melgarejo_img_0373,imagen_334.jpg,robots_y_tecnologia,ilustracion_plana_color,446,313,,Pinterest,karla_melgarejo,570c7893ea391331a562be4c700e30f49613d8b6
karla_melgarejo_img_0374,imagen_335.jpg,robots_y_tecnologia,ilustracion_plana_color,618,626,,Pinterest,karla_melgarejo,91b8e2a18fe47952f8ddab53c5b5fa050153d52b
karla_melgarejo_img_0375,imagen_336.jpg,robots_y_tecnologia,ilustracion_plana_color,864,1373,,Pinterest,karla_melgarejo,ae97bbd20c248ef1333b78e83ae0827ceb5a7cec
karla_melgarejo_img_0376,imagen_337.jpg,robots_y_tecnologia,ilustracion_plana_color,576,1024,,Pinterest,karla_melgarejo,8e46eb3c2901d855ff03e0e2cc0fcb07ab352706
karla_melgarejo_img_0377,imagen_338.jpg,robots_y_tecnologia,ilustracion_plana_color,514,343,,Pinterest,karla_melgarejo,03c69cce6d3ab61b3ce40dba1d00d63358f4ade1
karla_melgarejo_img_0378,imagen_339.jpg,robots_y_tecnologia,ilustracion_plana_color,1024,1024,,Pinterest,karla_melgarejo,37fef8c1f4fb0b1b71f45c33a3b9b26537282ef3
karla_melgarejo_img_0379,imagen_340.jpg,robots_y_tecnologia,ilustracion_plana_color,736,871,,Pinterest,karla_melgarejo,b054775e37975e6bd595e72c7b3807a03f245e6c
karla_melgarejo_img_0380,imagen_341.jpg,robots_y_tecnologia,ilustracion_plana_color,1856,2304,,Pinterest,karla_melgarejo,67a41994c3c0fce95a0884a7606bc74811dd7158
karla_melgarejo_img_0381,imagen_342.jpg,robots_y_tecnologia,ilustracion_plana_color,1024,1024,,Pinterest,karla_melgarejo,56ce764231246c730e2470fe5b1d663e4e9118ca
karla_melgarejo_img_0382,imagen_343.jpg,robots_y_tecnologia,ilustracion_plana_color,1856,2304,,Pinterest,karla_melgarejo,58b77dca543c02afbceea486bf8e71c98c2660da
karla_melgarejo_img_0383,imagen_345.png,robots_y_tecnologia,ilustracion_plana_color,280,280,,Pinterest,karla_melgarejo,0d9d9164d2203e76a93f08d0ea8fd02cdcbbe6e9
karla_melgarejo_img_0384,imagen_346.jpg,robots_y_tecnologia,ilustracion_plana_color,736,1308,,Pinterest,karla_melgarejo,f1181447074ad41640292cf69137496e346b0d38
karla_melgarejo_img_0385,imagen_347.jpg,robots_y_tecnologia,ilustracion_plana_color,4501,6751,,Pinterest,karla_melgarejo,c4c26226dd4044682f182d3bc8b71a4cfb18c028
karla_melgarejo_img_0386,imagen_348.jpg,robots_y_tecnologia,ilustracion_plana_color,723,1280,,Pinterest,karla_melgarejo,cb468894b32a41fed5af41a7d39cfbf84f0cd8ef
karla_melgarejo_img_0387,imagen_349.jpg,robots_y_tecnologia,ilustracion_plana_color,602,339,,Pinterest,karla_melgarejo,4deee23ef78c6bc076b3324ee98c5497bb43180a
karla_melgarejo_img_0388,imagen_35.png,robots_y_tecnologia,ilustracion_plana_color,2000,1333,,Pinterest,karla_melgarejo,93dc79dd9d63f999903d39e9bdabc64776b512ac
karla_melgarejo_img_0389,imagen_350.jpg,robots_y_tecnologia,ilustracion_plana_color,345,498,,Pinterest,karla_melgarejo,9da7a4bb9438809f362c212aa4c97e23bf1d4aec
karla_melgarejo_img_0390,imagen_352.png,robots_y_tecnologia,ilustracion_plana_color,486,376,,Pinterest,karla_melgarejo,b4e02606a8b6cce241d63fa92af2221abc428b5d
karla_melgarejo_img_0392,imagen_355.jpg,robots_y_tecnologia,ilustracion_plana_color,768,526,,Pinterest,karla_melgarejo,4d525134d14aff9d42e5af87da19282e1d45a814
karla_melgarejo_img_0393,imagen_356.jpg,robots_y_tecnologia,ilustracion_plana_color,1200,1200,,Pinterest,karla_melgarejo,d80a5b5d835706ce32cd6801f98e933a90e20bc9
karla_melgarejo_img_0394,imagen_357.jpg,robots_y_tecnologia,ilustracion_plana_color,1000,1220,,Pinterest,karla_melgarejo,c984548c644a63b8a9472f362b76f26deb14a4b7
karla_melgarejo_img_0395,imagen_358.jpg,robots_y_tecnologia,ilustracion_plana_color,1080,1920,,Pinterest,karla_melgarejo,98e8c51ce38d44261f9ce05ee6f37f030bd88098
karla_melgarejo_img_0396,imagen_359.jpg,robots_y_tecnologia,ilustracion_plana_color,750,500,,Pinterest,karla_melgarejo,fa4528c40a5a59e1469d0283037d3d9b4960f5e4
karla_melgarejo_img_0397,imagen_36.jpg,robots_y_tecnologia,ilustracion_plana_color,1856,2304,,Pinterest,karla_melgarejo,33bae08cfd4a55f111b07800ff0c82ad766ef84b
karla_melgarejo_img_0398,imagen_360.jpg,robots_y_tecnologia,ilustracion_plana_color,1080,1440,,Pinterest,karla_melgarejo,8164e31eeecf36add6d9effa4e13ddebc90263db
karla_melgarejo_img_0399,imagen_361.jpg,robots_y_tecnologia,ilustracion_plana_color,736,780,,Pinterest,karla_melgarejo,a0e48ff17cb004baf80a4f09a63a2b883b8c323f
karla_melgarejo_img_0400,imagen_362.jpg,robots_y_tecnologia,ilustracion_plana_color,675,1200,,Pinterest,karla_melgarejo,e04f2c9edb6635a2cc1db7dbd0576f1764dc781a
karla_melgarejo_img_0401,imagen_363.jpg,robots_y_tecnologia,ilustracion_plana_color,720,1280,,Pinterest,karla_melgarejo,fc0c85a278b64db3efd4a30bcde91b5092a525fd
karla_melgarejo_img_0402,imagen_364.jpg,robots_y_tecnologia,ilustracion_plana_color,736,483,,Pinterest,karla_melgarejo,feca459d3a640a89030e4afd76441d72d059d94d
karla_melgarejo_img_0403,imagen_365.jpg,robots_y_tecnologia,ilustracion_plana_color,896,1152,,Pinterest,karla_melgarejo,ca2e91227612e2df89aaf40101364e9cc68a7f90
karla_melgarejo_img_0404,imagen_366.jpg,robots_y_tecnologia,ilustracion_plana_color,2448,3264,,Pinterest,karla_melgarejo,696aeb18d780188e3c09bca062d1873e16c8198c
karla_melgarejo_img_0405,imagen_367.jpg,robots_y_tecnologia,ilustracion_plana_color,1024,1024,,Pinterest,karla_melgarejo,f92ef0231016e72945bc176af76ea58ab0d8e208
karla_melgarejo_img_0406,imagen_368.jpg,robots_y_tecnologia,ilustracion_plana_color,2040,2040,,Pinterest,karla_melgarejo,4287835baf29352c99317204433724dfc33b6759
karla_melgarejo_img_0407,imagen_369.jpg,robots_y_tecnologia,ilustracion_plana_color,1024,1024,,Pinterest,karla_melgarejo,c357dd75d2805d4bb1af0ac6681b9b1ad2b0060c
karla_melgarejo_img_0408,imagen_37.jpg,robots_y_tecnologia,ilustracion_plana_color,500,378,,Pinterest,karla_melgarejo,367ae9de23471f0bc85bad4799bd4715508f937f
karla_melgarejo_img_0409,imagen_371.png,robots_y_tecnologia,ilustracion_plana_color,500,483,,Pinterest,karla_melgarejo,c89e16b2fb3c1573340a3ee843b9d9cc4d1a39b0
karla_melgarejo_img_0410,imagen_372.jpg,robots_y_tecnologia,ilustracion_plana_color,632,736,,Pinterest,karla_melgarejo,7a0cd758424cb2ebf05ba6afb6bb4014fca54dcf
karla_melgarejo_img_0411,imagen_374.png,robots_y_tecnologia,ilustracion_plana_color,720,720,,Pinterest,karla_melgarejo,7b9adba3ac2824fd49aaa5d3b2683c03aa8aee90
karla_melgarejo_img_0412,imagen_375.jpg,robots_y_tecnologia,ilustracion_plana_color,500,500,,Pinterest,karla_melgarejo,92c09c1fb4e0039489791069282d5c105137582d
karla_melgarejo_img_0413,imagen_376.jpg,robots_y_tecnologia,ilustracion_plana_color,475,475,,Pinterest,karla_melgarejo,7637ca861e0cc6aa4991837ec124007e826cbb61
karla_melgarejo_img_0414,imagen_377.jpg,robots_y_tecnologia,ilustracion_plana_color,1080,745,,Pinterest,karla_melgarejo,aba897c5069a548a9e7dbb4fd65d6036fd02616d
karla_melgarejo_img_0415,imagen_378.jpg,robots_y_tecnologia,ilustracion_plana_color,561,1000,,Pinterest,karla_melgarejo,cd88bdb12ae368e4cd62b8c3242ccdd9f46403ef
karla_melgarejo_img_0416,imagen_379.jpg,robots_y_tecnologia,ilustracion_plana_color,1024,1024,,Pinterest,karla_melgarejo,3b94b1bd2db394bda47029fed29dc6a60d6027aa
karla_melgarejo_img_0417,imagen_381.png,robots_y_tecnologia,ilustracion_plana_color,736,675,,Pinterest,karla_melgarejo,9242d49435320c8b88abe8aadad41e4472ca2141
karla_melgarejo_img_0418,imagen_382.jpg,robots_y_tecnologia,ilustracion_plana_color,1856,2304,,Pinterest,karla_melgarejo,37eeca7ab5316d03eb2195a23c6dec9438b7fe36
karla_melgarejo_img_0419,imagen_383.jpg,robots_y_tecnologia,ilustracion_plana_color,896,1152,,Pinterest,karla_melgarejo,bd29d932cc64296df5342d3d68bd265f9eb60c63
karla_melgarejo_img_0420,imagen_384.jpg,robots_y_tecnologia,ilustracion_plana_color,750,1000,,Pinterest,karla_melgarejo,5becaee1091f49f7a13217aceb7a6254fd635a61
karla_melgarejo_img_0421,imagen_386.png,robots_y_tecnologia,ilustracion_plana_color,688,1024,,Pinterest,karla_melgarejo,2638f0545f056ee202285d51ed462c11569cf66a
karla_melgarejo_img_0422,imagen_387.jpg,robots_y_tecnologia,ilustracion_plana_color,335,298,,Pinterest,karla_melgarejo,abcca876ef2fd80ca8973c33b0f67e3b5165957a
karla_melgarejo_img_0423,imagen_388.jpg,robots_y_tecnologia,ilustracion_plana_color,749,749,,Pinterest,karla_melgarejo,f06a056b7a373f935a1716b30e0a497f73e2717f
karla_melgarejo_img_0424,imagen_389.jpg,robots_y_tecnologia,ilustracion_plana_color,1024,1024,,Pinterest,karla_melgarejo,5dd45e210762702eb42c4e094935b0b361be7def
karla_melgarejo_img_0425,imagen_39.png,robots_y_tecnologia,ilustracion_plana_color,422,755,,Pinterest,karla_melgarejo,681e736ddb684dd9c1a2fc7c1b3b21c7ce3984ad
karla_melgarejo_img_0426,imagen_390.jpg,robots_y_tecnologia,ilustracion_plana_color,728,967,,Pinterest,karla_melgarejo,bfa45af4bc64df5a99a6b447e99782c452f492e0
karla_melgarejo_img_0427,imagen_391.jpg,robots_y_tecnologia,ilustracion_plana_color,675,1200,,Pinterest,karla_melgarejo,d6f5190f625b751e8cbba11a030270f7a5ff56a6
karla_melgarejo_img_0428,imagen_392.jpg,robots_y_tecnologia,ilustracion_plana_color,1078,1441,,Pinterest,karla_melgarejo,259bf79ee3bb0416b440898312f35747a99174a9
karla_melgarejo_img_0429,imagen_393.jpg,robots_y_tecnologia,ilustracion_plana_color,921,1152,,Pinterest,karla_melgarejo,031fb1547bff5203ff12ac7baae011959eece770
karla_melgarejo_img_0430,imagen_394.jpg,robots_y_tecnologia,ilustracion_plana_color,1168,1752,,Pinterest,karla_melgarejo,7000ecdfffa1bea44dfcc6b21fb0d77392a34059
karla_melgarejo_img_0431,imagen_396.webp,robots_y_tecnologia,ilustracion_plana_color,1024,1024,,Pinterest,karla_melgarejo,aba35c7682f3c5e3aeb993cc2dfcb33f76a97532
karla_melgarejo_img_0432,imagen_398.png,robots_y_tecnologia,ilustracion_plana_color,786,587,,Pinterest,karla_melgarejo,83d7f1cee7b11b7e165e2cc50b80fadee8a3c88d
karla_melgarejo_img_0433,imagen_399.jpg,robots_y_tecnologia,ilustracion_plana_color,672,672,,Pinterest,karla_melgarejo,0bfea5167eab7533cd55a4b07423e5bed67950e6
karla_melgarejo_img_0434,imagen_4.jpg,robots_y_tecnologia,ilustracion_plana_color,1500,1123,,Pinterest,karla_melgarejo,59613c6a2ccf6b9ddd4028a534b2e2e199348b31
karla_melgarejo_img_0435,imagen_400.jpg,robots_y_tecnologia,ilustracion_plana_color,512,512,,Pinterest,karla_melgarejo,44df2cde3093d70ccc14b3cb7c7260a3bc1b0fcd
karla_melgarejo_img_0436,imagen_401.jpg,robots_y_tecnologia,ilustracion_plana_color,736,736,,Pinterest,karla_melgarejo,cbe683cd92e25e7119320c9c8f4e461df259b158
karla_melgarejo_img_0437,imagen_402.jpg,robots_y_tecnologia,ilustracion_plana_color,1024,839,,Pinterest,karla_melgarejo,4a1ae3bb8aec60de14e88f4f04781ba1ff8d73e7
karla_melgarejo_img_0438,imagen_403.jpg,robots_y_tecnologia,ilustracion_plana_color,500,500,,Pinterest,karla_melgarejo,2b31bc5091750402dd91090245730741a83d0328
karla_melgarejo_img_0439,imagen_405.png,robots_y_tecnologia,ilustracion_plana_color,1000,1000,,Pinterest,karla_melgarejo,628f709e6bf130191b0d96042943e152bf531fb4
karla_melgarejo_img_0440,imagen_406.jpg,robots_y_tecnologia,ilustracion_plana_color,1024,1024,,Pinterest,karla_melgarejo,c4642b5f4905a002a32aff3e6178026866815579
karla_melgarejo_img_0441,imagen_408.png,robots_y_tecnologia,ilustracion_plana_color,2480,2480,,Pinterest,karla_melgarejo,316ba0f034fe2992c0a03292c270e98efb4674b0
karla_melgarejo_img_0442,imagen_409.jpg,robots_y_tecnologia,ilustracion_plana_color,736,981,,Pinterest,karla_melgarejo,cc6e22aedd993439723580f2324d6cb150a7e630
karla_melgarejo_img_0443,imagen_41.webp,robots_y_tecnologia,ilustracion_plana_color,800,1150,,Pinterest,karla_melgarejo,ed7f9fea206b8c141154f28be1767d8b44b98807
karla_melgarejo_img_0444,imagen_410.jpg,robots_y_tecnologia,ilustracion_plana_color,786,1000,,Pinterest,karla_melgarejo,e1b65b6492c5cd109464f5be3dace76572b5d330
karla_melgarejo_img_0445,imagen_412.png,robots_y_tecnologia,ilustracion_plana_color,640,640,,Pinterest,karla_melgarejo,ff7aea8a8f6748a7541e77cabe4a9866284e5f13
karla_melgarejo_img_0446,imagen_413.jpg,robots_y_tecnologia,ilustracion_plana_color,714,1000,,Pinterest,karla_melgarejo,a0d6c9239c98d8e3996ea0f40b3bf62c88d507f7
karla_melgarejo_img_0447,imagen_414.jpg,robots_y_tecnologia,ilustracion_plana_color,1200,1200,,Pinterest,karla_melgarejo,f127665819bee4f39cba6358930d6342a378e35d
karla_melgarejo_img_0448,imagen_415.jpg,robots_y_tecnologia,ilustracion_plana_color,1920,1080,,Pinterest,karla_melgarejo,28d61eaedb380b7b7a438ff1b15719e93d2fca80
karla_melgarejo_img_0449,imagen_416.jpg,robots_y_tecnologia,ilustracion_plana_color,466,399,,Pinterest,karla_melgarejo,b98ea2a7a5aac39e09bee534a130db522713ee0c
karla_melgarejo_img_0450,imagen_417.jpg,robots_y_tecnologia,ilustracion_plana_color,1160,1458,,Pinterest,karla_melgarejo,1ab4d48e1bbbd4173868f4cedc6dc935db0459be
karla_melgarejo_img_0451,imagen_418.jpg,robots_y_tecnologia,ilustracion_plana_color,536,402,,Pinterest,karla_melgarejo,1deef4e05b8e1f7e35e8917b9e966757c1ed9d87
karla_melgarejo_img_0452,imagen_419.jpg,robots_y_tecnologia,ilustracion_plana_color,1311,1581,,Pinterest,karla_melgarejo,70a8ec84d882f923565833bdf747205271143aea
karla_melgarejo_img_0453,imagen_42.jpg,robots_y_tecnologia,ilustracion_plana_color,800,1200,,Pinterest,karla_melgarejo,5f5fa28e368e82d75701d05a5c14c2f120a5d4c0
karla_melgarejo_img_0454,imagen_421.png,robots_y_tecnologia,ilustracion_plana_color,1024,1024,,Pinterest,karla_melgarejo,fa12536e1fd821d6a335ace5e455ae68e595423a
karla_melgarejo_img_0455,imagen_422.jpg,robots_y_tecnologia,ilustracion_plana_color,736,1349,,Pinterest,karla_melgarejo,bf06a5ce4944e6e78bb36c5a073acc6a2c25d3be
karla_melgarejo_img_0456,imagen_423.jpg,robots_y_tecnologia,ilustracion_plana_color,1022,575,,Pinterest,karla_melgarejo,2489dceb4f187fb9194b13f8aa692670ba2d4cfa
karla_melgarejo_img_0457,imagen_424.jpg,robots_y_tecnologia,ilustracion_plana_color,736,736,,Pinterest,karla_melgarejo,730d4462253d22a378657d4ca11b551cc2d8a437
karla_melgarejo_img_0458,imagen_425.jpg,robots_y_tecnologia,ilustracion_plana_color,1000,1000,,Pinterest,karla_melgarejo,9bceb4c4f461ea189cf25e42386a0e30b7c3dea6
karla_melgarejo_img_0459,imagen_426.jpg,robots_y_tecnologia,ilustracion_plana_color,736,1096,,Pinterest,karla_melgarejo,e554ac063e32b5acaba5de6ec20eaaf29e25e064
karla_melgarejo_img_0460,imagen_427.jpg,robots_y_tecnologia,ilustracion_plana_color,736,981,,Pinterest,karla_melgarejo,ddae047c746d91525d94d588883332aba8dc9ae4
karla_melgarejo_img_0461,imagen_428.jpg,robots_y_tecnologia,ilustracion_plana_color,1024,1024,,Pinterest,karla_melgarejo,e0ed623dfd3cd96d2ba0b9267a90114b9e089be8
karla_melgarejo_img_0462,imagen_429.jpg,robots_y_tecnologia,ilustracion_plana_color,768,1344,,Pinterest,karla_melgarejo,825bd8722741ff268bed08673eccc17e5d392225
karla_melgarejo_img_0463,imagen_43.jpg,robots_y_tecnologia,ilustracion_plana_color,1024,1024,,Pinterest,karla_melgarejo,2907b005cf634a6102bdda8a3b540cd69be00a97
karla_melgarejo_img_0464,imagen_430.jpg,robots_y_tecnologia,ilustracion_plana_color,1000,1000,,Pinterest,karla_melgarejo,dccf8b8440a1297e9dfa451d174f9212477ddb09
karla_melgarejo_img_0466,imagen_433.jpg,robots_y_tecnologia,ilustracion_plana_color,1024,1024,,Pinterest,karla_melgarejo,8e2f97523ca1ea43126f3c824d3eedb2a03cc73c
karla_melgarejo_img_0467,imagen_435.png,robots_y_tecnologia,ilustracion_plana_color,1080,1080,,Pinterest,karla_melgarejo,9d1dd75dab6fb287a6073ca1507e122944258913
karla_melgarejo_img_0468,imagen_436.jpg,robots_y_tecnologia,ilustracion_plana_color,1080,1857,,Pinterest,karla_melgarejo,15f98921a52846a3a24340bbc478fb649adb7303
karla_melgarejo_img_0469,imagen_437.jpg,robots_y_tecnologia,ilustracion_plana_color,1200,1200,,Pinterest,karla_melgarejo,367d9629f9bbc3040a9c100953b0e479e951248b
karla_melgarejo_img_0470,imagen_438.jpg,robots_y_tecnologia,ilustracion_plana_color,736,736,,Pinterest,karla_melgarejo,2356cba483ee59b2f1d3deb201db1a641779ca26
karla_melgarejo_img_0471,imagen_439.jpg,robots_y_tecnologia,ilustracion_plana_color,1024,1024,,Pinterest,karla_melgarejo,984ec1f0b951bf43aef503e6789e601d6f4ca798
karla_melgarejo_img_0472,imagen_440.jpg,robots_y_tecnologia,ilustracion_plana_color,1024,576,,Pinterest,karla_melgarejo,4c6b2a4b2d910d52aae20cd37341a40987ec6a17
karla_melgarejo_img_0473,imagen_441.jpg,robots_y_tecnologia,ilustracion_plana_color,1000,887,,Pinterest,karla_melgarejo,de08b4231e10d2fc290aef4381c2f67972fc8f6e
karla_melgarejo_img_0474,imagen_442.jpg,robots_y_tecnologia,ilustracion_plana_color,500,467,,Pinterest,karla_melgarejo,979a8cda4415073f1e17aa0ff5abfcce5682b715
karla_melgarejo_img_0475,imagen_443.jpg,robots_y_tecnologia,ilustracion_plana_color,450,450,,Pinterest,karla_melgarejo,ef79e12b5bfd7963b89aceb6e7346de535b8ad5a
karla_melgarejo_img_0476,imagen_445.png,robots_y_tecnologia,ilustracion_plana_color,1024,1024,,Pinterest,karla_melgarejo,a5db7b0c3beaf2d6b09fc6a3fc35c4039647694d
karla_melgarejo_img_0477,imagen_447.png,robots_y_tecnologia,ilustracion_plana_color,980,980,,Pinterest,karla_melgarejo,f9309d626f16fc92934232dfa481c1bbaa1dd2b6
karla_melgarejo_img_0478,imagen_448.jpg,robots_y_tecnologia,ilustracion_plana_color,626,626,,Pinterest,karla_melgarejo,fd26a98189d72515beb4b41ed7ef85c020a22442
karla_melgarejo_img_0479,imagen_45.png,robots_y_tecnologia,ilustracion_plana_color,1024,1024,,Pinterest,karla_melgarejo,3ff5a0e82959c6b9fc75ed32da5f2b6a981fc556
karla_melgarejo_img_0480,imagen_450.webp,robots_y_tecnologia,ilustracion_plana_color,1482,1482,,Pinterest,karla_melgarejo,2a495dfa76e8a26c2f9087b872c1b29e85555549
karla_melgarejo_img_0481,imagen_452.png,robots_y_tecnologia,ilustracion_plana_color,1429,2560,,Pinterest,karla_melgarejo,084c2202fe6b218b4076cee300034655322ad32e
karla_melgarejo_img_0482,imagen_453.jpg,robots_y_tecnologia,ilustracion_plana_color,467,918,,Pinterest,karla_melgarejo,a3a8dafb2f7b716bb177a03abfae9bcb16db949a
karla_melgarejo_img_0483,imagen_454.jpg,robots_y_tecnologia,ilustracion_plana_color,500,385,,Pinterest,karla_melgarejo,10240cfb1f0d1683acd05533f3ed36093fbb47e8
karla_melgarejo_img_0484,imagen_455.jpg,robots_y_tecnologia,ilustracion_plana_color,800,800,,Pinterest,karla_melgarejo,4c921e7b6b5bcf06a090c20873b44c090660659a
karla_melgarejo_img_0485,imagen_457.webp,robots_y_tecnologia,ilustracion_plana_color,500,500,,Pinterest,karla_melgarejo,100a7f3e4c2337ebf38b5cfa74e19432e397c97e
karla_melgarejo_img_0486,imagen_458.jpg,robots_y_tecnologia,ilustracion_plana_color,911,1117,,Pinterest,karla_melgarejo,09a6ff3bfc7d74f7546927d74d51f37942531001
karla_melgarejo_img_0487,imagen_459.jpg,robots_y_tecnologia,ilustracion_plana_color,736,1288,,Pinterest,karla_melgarejo,773fb177929e82a73f1ab005734a3729da9b887b
karla_melgarejo_img_0488,imagen_46.jpg,robots_y_tecnologia,ilustracion_plana_color,1800,2699,,Pinterest,karla_melgarejo,ea275a41fad276542efe2b5b7ce19601888cfb0c
karla_melgarejo_img_0489,imagen_461.png,robots_y_tecnologia,ilustracion_plana_color,256,256,,Pinterest,karla_melgarejo,365bc6546ab5d8f1fe16a8a4a930453404c2bb57
karla_melgarejo_img_0490,imagen_463.png,robots_y_tecnologia,ilustracion_plana_color,1024,1536,,Pinterest,karla_melgarejo,7e7f8f48fcd7c9e7190bbb51d53eae874e9103d0
karla_melgarejo_img_0491,imagen_464.jpg,robots_y_tecnologia,ilustracion_plana_color,1200,675,,Pinterest,karla_melgarejo,3612be862e39ae5c35b81b21da7cfa49fb199b0b
karla_melgarejo_img_0492,imagen_465.jpg,robots_y_tecnologia,ilustracion_plana_color,1485,1500,,Pinterest,karla_melgarejo,5452cb1bd53543482c6f7d3d7c710b38a27eaf65
karla_melgarejo_img_0493,imagen_466.jpg,robots_y_tecnologia,ilustracion_plana_color,360,360,,Pinterest,karla_melgarejo,89153e140cff9221208187a214aeec7a49a2af8e
karla_melgarejo_img_0494,imagen_467.jpg,robots_y_tecnologia,ilustracion_plana_color,736,981,,Pinterest,karla_melgarejo,1d28f8419d3060841e695148f89ccaaf2f11e55f
karla_melgarejo_img_0495,imagen_468.jpg,robots_y_tecnologia,ilustracion_plana_color,1024,1024,,Pinterest,karla_melgarejo,2606dea33d4152378778051fa7e45474aef3103e
karla_melgarejo_img_0496,imagen_469.jpg,robots_y_tecnologia,ilustracion_plana_color,624,1000,,Pinterest,karla_melgarejo,6a45ddf206bf5728b9d14519e5b1992e60cd6cd4
karla_melgarejo_img_0497,imagen_47.jpg,robots_y_tecnologia,ilustracion_plana_color,736,1308,,Pinterest,karla_melgarejo,0d7b4e17338db97aa855b3a9505d63acabffaae8
karla_melgarejo_img_0498,imagen_471.png,robots_y_tecnologia,ilustracion_plana_color,829,941,,Pinterest,karla_melgarejo,44253cf2a9db17b5f317589ba14f99071e031d3e
karla_melgarejo_img_0499,imagen_472.jpg,robots_y_tecnologia,ilustracion_plana_color,1024,1024,,Pinterest,karla_melgarejo,6e4b526a945bbdb38306f9ec46944e3e87c42320
karla_melgarejo_img_0500,imagen_474.png,robots_y_tecnologia,ilustracion_plana_color,943,1668,,Pinterest,karla_melgarejo,6d01b45a188cf611db86b98992a6fb983e157678
karla_melgarejo_img_0501,imagen_475.jpg,robots_y_tecnologia,ilustracion_plana_color,1200,1200,,Pinterest,karla_melgarejo,2914f4031df453b4ed32cfb8c9ec52239936c348
karla_melgarejo_img_0502,imagen_476.jpg,robots_y_tecnologia,ilustracion_plana_color,1024,1024,,Pinterest,karla_melgarejo,f201c0d9adbe2014fad5200866bbb56c555a5267
karla_melgarejo_img_0503,imagen_477.jpg,robots_y_tecnologia,ilustracion_plana_color,1024,1024,,Pinterest,karla_melgarejo,cf1a54c2827e53cdb9422759c4f3d67ed228546f
karla_melgarejo_img_0504,imagen_478.jpg,robots_y_tecnologia,ilustracion_plana_color,600,600,,Pinterest,karla_melgarejo,688e679dc07df09dd45b428f0607df4dcf0575af
karla_melgarejo_img_0505,imagen_479.jpg,robots_y_tecnologia,ilustracion_plana_color,1024,1024,,Pinterest,karla_melgarejo,a1a0bea78d574b251086499a1f75226641c0f49b
karla_melgarejo_img_0506,imagen_48.jpg,robots_y_tecnologia,ilustracion_plana_color,473,355,,Pinterest,karla_melgarejo,0f8812bc6d74913021f92465714fa6518c09e5bd
karla_melgarejo_img_0507,imagen_481.webp,robots_y_tecnologia,ilustracion_plana_color,480,643,,Pinterest,karla_melgarejo,0eae9b0b3b0f9bd0b6b0629b0f2c3d04b9664341
karla_melgarejo_img_0508,imagen_482.jpg,robots_y_tecnologia,ilustracion_plana_color,1856,2304,,Pinterest,karla_melgarejo,5e0a4b2f567a593f46a571f2010b9990a4fbde85
karla_melgarejo_img_0509,imagen_484.png,robots_y_tecnologia,ilustracion_plana_color,736,736,,Pinterest,karla_melgarejo,ca592df7b6d111719c9aaa3f6e694fa53f832ae0
karla_melgarejo_img_0510,imagen_485.jpg,robots_y_tecnologia,ilustracion_plana_color,1000,1000,,Pinterest,karla_melgarejo,17f306d48f48a63afc5865114c0c9093faddb192
karla_melgarejo_img_0511,imagen_486.jpg,robots_y_tecnologia,ilustracion_plana_color,853,1280,,Pinterest,karla_melgarejo,7a074473417b6313c72944ed17bce8905f51c8bd
karla_melgarejo_img_0512,imagen_487.jpg,robots_y_tecnologia,ilustracion_plana_color,1024,1024,,Pinterest,karla_melgarejo,6ce0526825f848c98aeaea6723caf3f2bc467d5f
karla_melgarejo_img_0513,imagen_488.jpg,robots_y_tecnologia,ilustracion_plana_color,626,626,,Pinterest,karla_melgarejo,fb6bd1348e9b2f0acb867cfe220a524168445595
karla_melgarejo_img_0514,imagen_489.jpg,robots_y_tecnologia,ilustracion_plana_color,1024,1024,,Pinterest,karla_melgarejo,8fea81995c44baf75412257a0dfe2e59ccf69b45
karla_melgarejo_img_0515,imagen_49.jpg,robots_y_tecnologia,ilustracion_plana_color,1200,888,,Pinterest,karla_melgarejo,a4899ae55eb1e49d2593ec62b8e992488dba2756
karla_melgarejo_img_0516,imagen_491.png,robots_y_tecnologia,ilustracion_plana_color,1000,600,,Pinterest,karla_melgarejo,093d79e755dc7179de0a1c13a7b719fcbaf0fe25
karla_melgarejo_img_0517,imagen_492.jpg,robots_y_tecnologia,ilustracion_plana_color,1200,675,,Pinterest,karla_melgarejo,7f8b08c4d96e5c4036e707663ba2244ac4a98b81
karla_melgarejo_img_0518,imagen_494.png,robots_y_tecnologia,ilustracion_plana_color,1024,1536,,Pinterest,karla_melgarejo,92d9edf36edc28f7897e5570c3e49c494f3585ff
karla_melgarejo_img_0519,imagen_496.png,robots_y_tecnologia,ilustracion_plana_color,1600,1600,,Pinterest,karla_melgarejo,6bb3dcda495f10d5fa2a8795562d493d6af96b88
karla_melgarejo_img_0520,imagen_497.jpg,robots_y_tecnologia,ilustracion_plana_color,768,768,,Pinterest,karla_melgarejo,26ff41109f74f71879a5dcaba99bbe7576d47cb8
karla_melgarejo_img_0521,imagen_498.jpg,robots_y_tecnologia,ilustracion_plana_color,720,1212,,Pinterest,karla_melgarejo,5ddd8e0c515d044ffd1aed7c6c3a2fe877513375
karla_melgarejo_img_0522,imagen_499.jpg,robots_y_tecnologia,ilustracion_plana_color,576,1085,,Pinterest,karla_melgarejo,e686593b7807d3aa1a05b580b1422ad855f80e59
karla_melgarejo_img_0523,imagen_5.jpg,robots_y_tecnologia,ilustracion_plana_color,1024,1024,,Pinterest,karla_melgarejo,a945b056de7a58c49e64d511245f2471e912e0ad
karla_melgarejo_img_0524,imagen_50.jpg,robots_y_tecnologia,ilustracion_plana_color,1856,2304,,Pinterest,karla_melgarejo,6835432c05ac38647eddf4413ae415a44395aefb
karla_melgarejo_img_0525,imagen_500.jpg,robots_y_tecnologia,ilustracion_plana_color,626,626,,Pinterest,karla_melgarejo,f857a02bb90c174082596506447532562bd6eb7e
karla_melgarejo_img_0526,imagen_501.jpg,robots_y_tecnologia,ilustracion_plana_color,1200,1200,,Pinterest,karla_melgarejo,a487ae7406669979e01f8e6ad5e8d3af77bae564
karla_melgarejo_img_0527,imagen_502.jpg,robots_y_tecnologia,ilustracion_plana_color,736,736,,Pinterest,karla_melgarejo,e3735297d6a491bd09945687f4be9baae2c76adb
karla_melgarejo_img_0528,imagen_503.jpg,robots_y_tecnologia,ilustracion_plana_color,1488,2048,,Pinterest,karla_melgarejo,565b8c2d49317249e8fd7d2a67820721a31b9c1e
karla_melgarejo_img_0529,imagen_504.jpg,robots_y_tecnologia,ilustracion_plana_color,348,530,,Pinterest,karla_melgarejo,465161314b6633f3131878da93c8a141a11e7efd
karla_melgarejo_img_0530,imagen_506.png,robots_y_tecnologia,ilustracion_plana_color,1254,1254,,Pinterest,karla_melgarejo,e9baaf2af31bc718182e93985ea48ac56be4c9df
karla_melgarejo_img_0531,imagen_508.png,robots_y_tecnologia,ilustracion_plana_color,735,1203,,Pinterest,karla_melgarejo,f53b3999c2f788c5bbe472dd926d37b72c7fbfcb
karla_melgarejo_img_0532,imagen_509.jpg,robots_y_tecnologia,ilustracion_plana_color,640,508,,Pinterest,karla_melgarejo,7da3245417fc82199fba55b0a0f5fce8f1155f1a
karla_melgarejo_img_0533,imagen_510.jpg,robots_y_tecnologia,ilustracion_plana_color,1160,1458,,Pinterest,karla_melgarejo,c39bd3917332ec54c8630d2186c360b814b5d342
karla_melgarejo_img_0534,imagen_512.png,robots_y_tecnologia,ilustracion_plana_color,1024,1024,,Pinterest,karla_melgarejo,c25fe76fd3e2fcd65d4e1be4fe79d360f3ec8ca8
karla_melgarejo_img_0535,imagen_513.jpg,robots_y_tecnologia,ilustracion_plana_color,220,204,,Pinterest,karla_melgarejo,4737edc2e2f89a672c19190c46f9745fc43335b4
karla_melgarejo_img_0536,imagen_514.jpg,robots_y_tecnologia,ilustracion_plana_color,1200,1600,,Pinterest,karla_melgarejo,5fb8bcb136e2914171dfc3e0d95069ceb06fac43
karla_melgarejo_img_0537,imagen_515.jpg,robots_y_tecnologia,ilustracion_plana_color,736,736,,Pinterest,karla_melgarejo,80c6042bbee631b7be5dfd8014045f4a4b1124d7
karla_melgarejo_img_0538,imagen_517.png,robots_y_tecnologia,ilustracion_plana_color,2500,2500,,Pinterest,karla_melgarejo,8b61909a77b8239f17a3aeaa46edf4c6a4ca6b7e
karla_melgarejo_img_0539,imagen_518.jpg,robots_y_tecnologia,ilustracion_plana_color,1024,1024,,Pinterest,karla_melgarejo,9596859fcbc5054d22c3cedcd6d310c9119204a2
karla_melgarejo_img_0540,imagen_519.jpg,robots_y_tecnologia,ilustracion_plana_color,1000,1000,,Pinterest,karla_melgarejo,67a268088b9d85c5aa99b8504180be4e54b2a753
karla_melgarejo_img_0541,imagen_52.png,robots_y_tecnologia,ilustracion_plana_color,1000,1000,,Pinterest,karla_melgarejo,a753fcdd7c38c3e3264bb9ee8421c3a7cb5fca6b
karla_melgarejo_img_0542,imagen_521.png,robots_y_tecnologia,ilustracion_plana_color,375,375,,Pinterest,karla_melgarejo,e32bf2cf11062b32c0906263c667001abb4e7619
karla_melgarejo_img_0543,imagen_522.jpg,robots_y_tecnologia,ilustracion_plana_color,736,1104,,Pinterest,karla_melgarejo,9b3915b22fdde51b83ea3504ea0c710d8f1a59f7
karla_melgarejo_img_0544,imagen_523.jpg,robots_y_tecnologia,ilustracion_plana_color,700,1000,,Pinterest,karla_melgarejo,ad306437b25bf365856df0843256e606f820d1c1
karla_melgarejo_img_0545,imagen_524.jpg,robots_y_tecnologia,ilustracion_plana_color,2048,2048,,Pinterest,karla_melgarejo,acf2679054a848a783547e764dab01f031f894ff
karla_melgarejo_img_0546,imagen_525.jpg,robots_y_tecnologia,ilustracion_plana_color,478,640,,Pinterest,karla_melgarejo,feaeab02dbfe435fd20a92f894b1ffbbd9694b8f
karla_melgarejo_img_0547,imagen_527.png,robots_y_tecnologia,ilustracion_plana_color,1000,1500,,Pinterest,karla_melgarejo,2bab9db33faf06f409cb827e0d20353869c91c96
karla_melgarejo_img_0548,imagen_528.jpg,robots_y_tecnologia,ilustracion_plana_color,1024,1024,,Pinterest,karla_melgarejo,fbcbfdc5223a96850dd70223aac75c8a4513c8d8
karla_melgarejo_img_0549,imagen_529.jpg,robots_y_tecnologia,ilustracion_plana_color,928,1232,,Pinterest,karla_melgarejo,80f9f9590529f4eee7dd4383d23a83bf3d7e0607
karla_melgarejo_img_0550,imagen_53.jpg,robots_y_tecnologia,ilustracion_plana_color,736,736,,Pinterest,karla_melgarejo,7a9a035583b8a492cd4bb0ffbd6e8a875845c1cd
karla_melgarejo_img_0551,imagen_530.jpg,robots_y_tecnologia,ilustracion_plana_color,1600,1690,,Pinterest,karla_melgarejo,ccfb857165cdeeb270b47523eb7dabc42135e8d1
karla_melgarejo_img_0552,imagen_532.png,robots_y_tecnologia,ilustracion_plana_color,752,1392,,Pinterest,karla_melgarejo,78279e38a7758514ac58d26a8a13064e25c22490
karla_melgarejo_img_0553,imagen_534.png,robots_y_tecnologia,ilustracion_plana_color,360,360,,Pinterest,karla_melgarejo,92efd3c69c1e05b0b1aa435fda0a3eae088e024d
karla_melgarejo_img_0554,imagen_535.jpg,robots_y_tecnologia,ilustracion_plana_color,450,450,,Pinterest,karla_melgarejo,e60ded0668c39175c95a90d4311dd5c0bcd37007
karla_melgarejo_img_0555,imagen_536.jpg,robots_y_tecnologia,ilustracion_plana_color,720,1280,,Pinterest,karla_melgarejo,31f988be27214e493769562dd46db660beac05a2
karla_melgarejo_img_0556,imagen_537.jpg,robots_y_tecnologia,ilustracion_plana_color,2496,1664,,Pinterest,karla_melgarejo,fd2219ac98d3faadc6e98df218a5146140468104
karla_melgarejo_img_0557,imagen_538.jpg,robots_y_tecnologia,ilustracion_plana_color,1080,1858,,Pinterest,karla_melgarejo,e96604cafa96bc2da3faffdfad9eca01a8b31357
karla_melgarejo_img_0558,imagen_539.jpg,robots_y_tecnologia,ilustracion_plana_color,1440,1440,,Pinterest,karla_melgarejo,d33e6ebd21460b68ad0cf399a6957d41fcc63a45
karla_melgarejo_img_0559,imagen_54.jpg,robots_y_tecnologia,ilustracion_plana_color,630,630,,Pinterest,karla_melgarejo,a037c2b7bae4ee90847c1e409ff7a439c755033b
karla_melgarejo_img_0560,imagen_540.jpg,robots_y_tecnologia,ilustracion_plana_color,500,395,,Pinterest,karla_melgarejo,23dea294f38129e29f7f05aa6bd8f799c1584001
karla_melgarejo_img_0561,imagen_541.jpg,robots_y_tecnologia,ilustracion_plana_color,736,736,,Pinterest,karla_melgarejo,eb6463fc0b3cd38f3c539b95af12864360c501c0
karla_melgarejo_img_0562,imagen_542.jpg,robots_y_tecnologia,ilustracion_plana_color,1024,1024,,Pinterest,karla_melgarejo,c52c1d1aa333f7331260b13ca08dc5c16e1ff641
karla_melgarejo_img_0563,imagen_543.jpg,robots_y_tecnologia,ilustracion_plana_color,1024,1024,,Pinterest,karla_melgarejo,9e2b258e312247fdb6a2f54001779e8ed77107a0
karla_melgarejo_img_0564,imagen_544.jpg,robots_y_tecnologia,ilustracion_plana_color,1024,1024,,Pinterest,karla_melgarejo,4e9cf8f8d6d8bc3ce592403831dbdf4afd44508a
karla_melgarejo_img_0565,imagen_545.jpg,robots_y_tecnologia,ilustracion_plana_color,1024,1024,,Pinterest,karla_melgarejo,74dcacb78b2aae724a215c3ad09ce31fae8801f2
karla_melgarejo_img_0566,imagen_547.png,robots_y_tecnologia,ilustracion_plana_color,1024,1024,,Pinterest,karla_melgarejo,551a29435f684806e49b4f1fab719c2984975865
karla_melgarejo_img_0567,imagen_549.png,robots_y_tecnologia,ilustracion_plana_color,2048,2048,,Pinterest,karla_melgarejo,8c36cacaf90b17fa8a50ae60f914103efe4e46c9
karla_melgarejo_img_0568,imagen_550.jpg,robots_y_tecnologia,ilustracion_plana_color,1000,750,,Pinterest,karla_melgarejo,eb0f9ee0e077994a2733ed8436a258a204573e11
karla_melgarejo_img_0569,imagen_551.jpg,robots_y_tecnologia,ilustracion_plana_color,1024,1024,,Pinterest,karla_melgarejo,e54676ae9817c8df5c3491fb60997563f173120b
karla_melgarejo_img_0570,imagen_552.jpg,robots_y_tecnologia,ilustracion_plana_color,1000,696,,Pinterest,karla_melgarejo,0f290eaae1580ada2b3a8dee78e3e62efd442038
karla_melgarejo_img_0571,imagen_553.jpg,robots_y_tecnologia,ilustracion_plana_color,800,533,,Pinterest,karla_melgarejo,b398916881a385f615dd7fb41b48fd9b6bd61374
karla_melgarejo_img_0572,imagen_554.jpg,robots_y_tecnologia,ilustracion_plana_color,980,980,,Pinterest,karla_melgarejo,4b09cf3201e2e7830d87b1f63c877e399681aae2
karla_melgarejo_img_0573,imagen_555.jpg,robots_y_tecnologia,ilustracion_plana_color,1024,1024,,Pinterest,karla_melgarejo,9b074bf21ede1c537ba487bb8ea8ff9e375dd6c4
karla_melgarejo_img_0574,imagen_556.jpg,robots_y_tecnologia,ilustracion_plana_color,1024,1024,,Pinterest,karla_melgarejo,bda9f57556f9353824ff586ae15dc61df937d4cb
karla_melgarejo_img_0575,imagen_557.jpg,robots_y_tecnologia,ilustracion_plana_color,736,736,,Pinterest,karla_melgarejo,7ce423752490eb924e2bb27ebc6e46a3c3feea83
karla_melgarejo_img_0576,imagen_558.jpg,robots_y_tecnologia,ilustracion_plana_color,1024,1024,,Pinterest,karla_melgarejo,fa31fd034494f8250822d6665066dd42f1ae683c
karla_melgarejo_img_0577,imagen_56.png,robots_y_tecnologia,ilustracion_plana_color,2500,2500,,Pinterest,karla_melgarejo,b2c6a02fc628b6261622030d6ba2cbc87872652d
karla_melgarejo_img_0578,imagen_560.png,robots_y_tecnologia,ilustracion_plana_color,1152,2048,,Pinterest,karla_melgarejo,12fdcf00e1ea6942c1aa82d5a75186e03d4eaaab
karla_melgarejo_img_0579,imagen_561.jpg,robots_y_tecnologia,ilustracion_plana_color,1234,1236,,Pinterest,karla_melgarejo,868b225bf24b503eebca133b7ccc92e2e1608af7
karla_melgarejo_img_0580,imagen_562.jpg,robots_y_tecnologia,ilustracion_plana_color,731,1280,,Pinterest,karla_melgarejo,d99bb29315ddc2372199472f2271b08e959b4962
karla_melgarejo_img_0581,imagen_564.webp,robots_y_tecnologia,ilustracion_plana_color,1024,1024,,Pinterest,karla_melgarejo,8665dc2778ba2b06814170a5235640eb75abee3c
karla_melgarejo_img_0582,imagen_565.jpg,robots_y_tecnologia,ilustracion_plana_color,1632,1224,,Pinterest,karla_melgarejo,1996cb9adf409f5b1c529d6b4fe3690ba9aa1977
karla_melgarejo_img_0583,imagen_566.jpg,robots_y_tecnologia,ilustracion_plana_color,637,901,,Pinterest,karla_melgarejo,65f6ac20ee0d21919b753addfa96ba248dcb9613
karla_melgarejo_img_0584,imagen_567.jpg,robots_y_tecnologia,ilustracion_plana_color,450,317,,Pinterest,karla_melgarejo,8ae75a64e4b87bdfabfe17edfa6e6725a6ee8ab2
karla_melgarejo_img_0585,imagen_568.jpg,robots_y_tecnologia,ilustracion_plana_color,768,1024,,Pinterest,karla_melgarejo,3ca7be609d083a9c24caea8459930f38b93cf458
karla_melgarejo_img_0586,imagen_569.jpg,robots_y_tecnologia,ilustracion_plana_color,1080,1920,,Pinterest,karla_melgarejo,e05d40a4527f8e1053e0ec86f66d2ddbf8dca614
karla_melgarejo_img_0587,imagen_57.jpg,robots_y_tecnologia,ilustracion_plana_color,735,441,,Pinterest,karla_melgarejo,d3a44ae943903bb10c9df9087f94aa0f0d3cfc4b
karla_melgarejo_img_0588,imagen_571.png,robots_y_tecnologia,ilustracion_plana_color,686,560,,Pinterest,karla_melgarejo,88e5b4951ef3327d7304d253a347302ecd0fb145
karla_melgarejo_img_0589,imagen_572.jpg,robots_y_tecnologia,ilustracion_plana_color,474,474,,Pinterest,karla_melgarejo,fb8312fde006e3c93f9c4b5cb9e6a4606a339ba0
karla_melgarejo_img_0590,imagen_574.png,robots_y_tecnologia,ilustracion_plana_color,360,360,,Pinterest,karla_melgarejo,8ad6de047855e0eae99d5a38889baf9126ddc273
karla_melgarejo_img_0591,imagen_575.jpg,robots_y_tecnologia,ilustracion_plana_color,600,600,,Pinterest,karla_melgarejo,2019d8a91d2dcdc2c460899114e247dc959088e7
karla_melgarejo_img_0592,imagen_577.webp,robots_y_tecnologia,ilustracion_plana_color,896,1120,,Pinterest,karla_melgarejo,1fba8d8f411c91e79d9033eefa19b986188bf75f
karla_melgarejo_img_0593,imagen_578.jpg,robots_y_tecnologia,ilustracion_plana_color,2160,3840,,Pinterest,karla_melgarejo,303548981100b50f920a7622507e71840e09feef
karla_melgarejo_img_0594,imagen_579.jpg,robots_y_tecnologia,ilustracion_plana_color,485,476,,Pinterest,karla_melgarejo,d2fe3f10fcadf3f847df34649e7f6bd97ccbe9e8
karla_melgarejo_img_0595,imagen_58.jpg,robots_y_tecnologia,ilustracion_plana_color,1068,601,,Pinterest,karla_melgarejo,0e7f4fb538495ad64445a84afacd273df77c2283
karla_melgarejo_img_0596,imagen_580.jpg,robots_y_tecnologia,ilustracion_plana_color,648,461,,Pinterest,karla_melgarejo,2b3d73ad0a58c7243fe4c5c9601e58601bc018f5
karla_melgarejo_img_0597,imagen_582.webp,robots_y_tecnologia,ilustracion_plana_color,1024,1024,,Pinterest,karla_melgarejo,2ad26fc068ab267f820ae0d331949b3a64becef3
karla_melgarejo_img_0598,imagen_583.jpg,robots_y_tecnologia,ilustracion_plana_color,3024,4032,,Pinterest,karla_melgarejo,fa4456f27523e6714b0a0ad69469024e96dc6fab
karla_melgarejo_img_0599,imagen_584.jpg,robots_y_tecnologia,ilustracion_plana_color,1080,1164,,Pinterest,karla_melgarejo,c5fc3fe2c20f2fb7f3d29a579b9289d925c8a59e
karla_melgarejo_img_0600,imagen_585.jpg,robots_y_tecnologia,ilustracion_plana_color,512,512,,Pinterest,karla_melgarejo,6c3b448745b0030b98e9499f0537ca7fc9ae1292
karla_melgarejo_img_0601,imagen_586.jpg,robots_y_tecnologia,ilustracion_plana_color,1024,1024,,Pinterest,karla_melgarejo,0ce6e6d5eb6742b02fa9c7cc19a33a6d40b77cb7
karla_melgarejo_img_0602,imagen_588.png,robots_y_tecnologia,ilustracion_plana_color,800,1200,,Pinterest,karla_melgarejo,aaaa9bd5bed4b82d5319c7bddc09827af5546f3e
karla_melgarejo_img_0603,imagen_589.jpg,robots_y_tecnologia,ilustracion_plana_color,832,1248,,Pinterest,karla_melgarejo,400071cc8450b6027ac4d04d419a8da9eea202c8
karla_melgarejo_img_0604,imagen_59.jpg,robots_y_tecnologia,ilustracion_plana_color,1024,1024,,Pinterest,karla_melgarejo,923654f10b610c2f05d2ffe2c8510d269d9abac5
karla_melgarejo_img_0605,imagen_590.jpg,robots_y_tecnologia,ilustracion_plana_color,735,913,,Pinterest,karla_melgarejo,34f14306e1c311c22cebeb96214374693fb6ef41
karla_melgarejo_img_0606,imagen_591.jpg,robots_y_tecnologia,ilustracion_plana_color,500,500,,Pinterest,karla_melgarejo,eea77d149eb36599fe9ba9752142e6b9a5849770
karla_melgarejo_img_0607,imagen_592.jpg,robots_y_tecnologia,ilustracion_plana_color,1080,1080,,Pinterest,karla_melgarejo,4d5e54cba03d52b85d5a6cae861861ba6316176c
karla_melgarejo_img_0608,imagen_593.jpg,robots_y_tecnologia,ilustracion_plana_color,1162,1067,,Pinterest,karla_melgarejo,46b5694ff9b87c34db96e54bdedc10f11b36b752
karla_melgarejo_img_0609,imagen_595.png,robots_y_tecnologia,ilustracion_plana_color,450,463,,Pinterest,karla_melgarejo,48533cf90ac49de749225a1d27792dc010754169
karla_melgarejo_img_0610,imagen_596.jpg,robots_y_tecnologia,ilustracion_plana_color,600,600,,Pinterest,karla_melgarejo,0886d51245da2cde969cd77c7e365451122ae860
karla_melgarejo_img_0611,imagen_598.png,robots_y_tecnologia,ilustracion_plana_color,1000,1000,,Pinterest,karla_melgarejo,fe8b9b7d3eb538010c5725935faeed8e7f5bbb8a
karla_melgarejo_img_0612,imagen_599.jpg,robots_y_tecnologia,ilustracion_plana_color,450,450,,Pinterest,karla_melgarejo,b481345b08a9fb9b31ea2bc7798627ddb1ea9f8b
karla_melgarejo_img_0613,imagen_60.jpg,robots_y_tecnologia,ilustracion_plana_color,720,1280,,Pinterest,karla_melgarejo,0415601045650f61a684a442f5720723e5dfc4a7
karla_melgarejo_img_0614,imagen_601.png,robots_y_tecnologia,ilustracion_plana_color,700,700,,Pinterest,karla_melgarejo,16d9f21dff1445789bf71353c4fa0abf5910162a
karla_melgarejo_img_0615,imagen_602.jpg,robots_y_tecnologia,ilustracion_plana_color,600,600,,Pinterest,karla_melgarejo,7a962d983da907ca116487ec9a2dafc397eea15a
karla_melgarejo_img_0616,imagen_603.jpg,robots_y_tecnologia,ilustracion_plana_color,700,700,,Pinterest,karla_melgarejo,946e4ade755951c7c0a40562eb906f87a36cc3b2
karla_melgarejo_img_0617,imagen_604.jpg,robots_y_tecnologia,ilustracion_plana_color,626,626,,Pinterest,karla_melgarejo,22f41f3235d16d4d7abf22b76d12181affcf1c5e
karla_melgarejo_img_0618,imagen_605.jpg,robots_y_tecnologia,ilustracion_plana_color,1024,1024,,Pinterest,karla_melgarejo,18a31b6a206c5a679c3f8e4c1ef3a441e976bd03
karla_melgarejo_img_0620,imagen_608.jpg,robots_y_tecnologia,ilustracion_plana_color,1280,855,,Pinterest,karla_melgarejo,76810e85e8a25ab36d0e1bad20e71bd1b38d75b0
karla_melgarejo_img_0621,imagen_61.jpg,robots_y_tecnologia,ilustracion_plana_color,1280,1600,,Pinterest,karla_melgarejo,a1f47de89e88e0031c01392172cea3187ed6b8ba
karla_melgarejo_img_0622,imagen_610.png,robots_y_tecnologia,ilustracion_plana_color,360,360,,Pinterest,karla_melgarejo,47f327a8e1aaa2f707fbcdfc116778644320aa7c
karla_melgarejo_img_0623,imagen_611.jpg,robots_y_tecnologia,ilustracion_plana_color,896,1152,,Pinterest,karla_melgarejo,938c41cc9eca5074bf8bf9344921d26f76b2a97a
karla_melgarejo_img_0624,imagen_612.jpg,robots_y_tecnologia,ilustracion_plana_color,735,879,,Pinterest,karla_melgarejo,be674f0c2f84f1d9386dd558cadfe03c3bec6a4d
karla_melgarejo_img_0625,imagen_614.png,robots_y_tecnologia,ilustracion_plana_color,356,577,,Pinterest,karla_melgarejo,527700f6fdc92e22d8838e78105dcd67dce7b686
karla_melgarejo_img_0626,imagen_615.jpg,robots_y_tecnologia,ilustracion_plana_color,563,885,,Pinterest,karla_melgarejo,2368da9b04aefd6ed9d25c31bef407393fa0d110
karla_melgarejo_img_0627,imagen_616.jpg,robots_y_tecnologia,ilustracion_plana_color,1024,1024,,Pinterest,karla_melgarejo,ffb1b03ed89f5dbe2ef1196f6054dd428f218512
karla_melgarejo_img_0628,imagen_617.jpg,robots_y_tecnologia,ilustracion_plana_color,1000,1000,,Pinterest,karla_melgarejo,f348d44708d09ec833f0238490387c1e3b438379
karla_melgarejo_img_0629,imagen_618.jpg,robots_y_tecnologia,ilustracion_plana_color,1245,1247,,Pinterest,karla_melgarejo,fdecf5a2f05fda12d6c7066b40c48641d730ca63
karla_melgarejo_img_0630,imagen_619.jpg,robots_y_tecnologia,ilustracion_plana_color,768,1344,,Pinterest,karla_melgarejo,63ef48202cf34b1fa4f149914c9b22998d3cd2ab
karla_melgarejo_img_0631,imagen_62.jpg,robots_y_tecnologia,ilustracion_plana_color,1024,1024,,Pinterest,karla_melgarejo,ecc7f229d23dff7f7ef034d65617ef86ce8f0d51
karla_melgarejo_img_0632,imagen_621.png,robots_y_tecnologia,ilustracion_plana_color,768,1152,,Pinterest,karla_melgarejo,e56f1df7d0fe82f8aa926917045189f896abeb7a
karla_melgarejo_img_0633,imagen_622.jpg,robots_y_tecnologia,ilustracion_plana_color,626,417,,Pinterest,karla_melgarejo,8b498ce646b7ffbe5f4d93aae554b3677fd0f626
karla_melgarejo_img_0634,imagen_623.jpg,robots_y_tecnologia,ilustracion_plana_color,1500,1100,,Pinterest,karla_melgarejo,251c8d4edb13f3aad2c133bf4896305c920de86b
karla_melgarejo_img_0635,imagen_625.png,robots_y_tecnologia,ilustracion_plana_color,1080,1920,,Pinterest,karla_melgarejo,a208b0bf9099653381118b16ee2b9707edd0b464
karla_melgarejo_img_0636,imagen_627.png,robots_y_tecnologia,ilustracion_plana_color,1024,1024,,Pinterest,karla_melgarejo,9b3a1330685d9599f65b591c846f951ac8e2aae1
karla_melgarejo_img_0637,imagen_628.jpg,robots_y_tecnologia,ilustracion_plana_color,1200,1200,,Pinterest,karla_melgarejo,9b8b10c2dd1ad1e08efeafe7807b95b2ba11e714
karla_melgarejo_img_0638,imagen_629.jpg,robots_y_tecnologia,ilustracion_plana_color,744,992,,Pinterest,karla_melgarejo,db4092c7a4e3d8a5ecfd36ccb062ba1cc94f62de
karla_melgarejo_img_0639,imagen_63.jpg,robots_y_tecnologia,ilustracion_plana_color,720,1280,,Pinterest,karla_melgarejo,842bb7b69f2b7b53b69b81d5fda7cbd88560acba
karla_melgarejo_img_0640,imagen_630.jpg,robots_y_tecnologia,ilustracion_plana_color,4160,2569,,Pinterest,karla_melgarejo,ac787e9d722d54323d15c349f94e1d6963d4f1f7
karla_melgarejo_img_0641,imagen_631.jpg,robots_y_tecnologia,ilustracion_plana_color,1024,1024,,Pinterest,karla_melgarejo,cb1b2fbcd39169a1b031597d74e66b19118e6865
karla_melgarejo_img_0642,imagen_632.jpg,robots_y_tecnologia,ilustracion_plana_color,1440,1440,,Pinterest,karla_melgarejo,bee1738380fd0693f21cf9622080aaa9f0199286
karla_melgarejo_img_0643,imagen_633.jpg,robots_y_tecnologia,ilustracion_plana_color,1024,1453,,Pinterest,karla_melgarejo,a44054b07c3f61bb4f15676c8946c03ee5b9cc29
karla_melgarejo_img_0644,imagen_634.jpg,robots_y_tecnologia,ilustracion_plana_color,1080,1920,,Pinterest,karla_melgarejo,a34cbd33e70233f2b71a4775e79364a9cdcc8d35
karla_melgarejo_img_0645,imagen_635.jpg,robots_y_tecnologia,ilustracion_plana_color,2160,3840,,Pinterest,karla_melgarejo,bb87d46bfd78b7e36b38a8ec7e3e8122e1f3a7b7
karla_melgarejo_img_0646,imagen_636.jpg,robots_y_tecnologia,ilustracion_plana_color,1024,1024,,Pinterest,karla_melgarejo,e39a8ee217d208730a36cea0d6ac2a2b83503e12
karla_melgarejo_img_0647,imagen_638.webp,robots_y_tecnologia,ilustracion_plana_color,736,981,,Pinterest,karla_melgarejo,2b721d2ed285880af730f59afb7dac7a0ff0adfa
karla_melgarejo_img_0648,imagen_639.jpg,robots_y_tecnologia,ilustracion_plana_color,1200,1200,,Pinterest,karla_melgarejo,f7c1bbe7e11ea63340ed96a687f172b45eb40416
karla_melgarejo_img_0649,imagen_64.jpg,robots_y_tecnologia,ilustracion_plana_color,500,500,,Pinterest,karla_melgarejo,f6a53d39e3d87d8d2b15cf7fa7f8f35e42ee7a09
karla_melgarejo_img_0650,imagen_640.jpg,robots_y_tecnologia,ilustracion_plana_color,1024,1024,,Pinterest,karla_melgarejo,5bb11b32aada55e7e35d67e55f6deb7d3ce72a66
karla_melgarejo_img_0651,imagen_642.png,robots_y_tecnologia,ilustracion_plana_color,816,1024,,Pinterest,karla_melgarejo,891fe43ab6905521f91c432c46f528dd6d706c74
karla_melgarejo_img_0652,imagen_644.png,robots_y_tecnologia,ilustracion_plana_color,360,360,,Pinterest,karla_melgarejo,1839c2ad4f5d4e7e59311f8c539433c9aafc737d
karla_melgarejo_img_0653,imagen_645.jpg,robots_y_tecnologia,ilustracion_plana_color,1088,1920,,Pinterest,karla_melgarejo,b0ae3e11540e59ac0cbbe6ed58454bc0c5e5bc84
karla_melgarejo_img_0654,imagen_646.jpg,robots_y_tecnologia,ilustracion_plana_color,1024,1024,,Pinterest,karla_melgarejo,596d9c89a50c4b416cff7bd6c6493f54da74a250
karla_melgarejo_img_0655,imagen_647.jpg,robots_y_tecnologia,ilustracion_plana_color,1200,1800,,Pinterest,karla_melgarejo,3face73fe8d5d6fd5e4a71e1c40432e9a834734e
karla_melgarejo_img_0656,imagen_648.jpg,robots_y_tecnologia,ilustracion_plana_color,807,557,,Pinterest,karla_melgarejo,25efac41a7131117f54051d0f078b09593ef0927
karla_melgarejo_img_0657,imagen_649.jpg,robots_y_tecnologia,ilustracion_plana_color,300,300,,Pinterest,karla_melgarejo,ee56697ff8d840a857232ee1b95a51b567ba40f2
karla_melgarejo_img_0658,imagen_650.jpg,robots_y_tecnologia,ilustracion_plana_color,1024,1024,,Pinterest,karla_melgarejo,0210af5386dd1e7b329dbbf001171687e92dd52e
karla_melgarejo_img_0659,imagen_652.png,robots_y_tecnologia,ilustracion_plana_color,1024,1536,,Pinterest,karla_melgarejo,bf113160506d3d5e3e41b85e975b9e55ac22962c
karla_melgarejo_img_0660,imagen_653.jpg,robots_y_tecnologia,ilustracion_plana_color,736,1429,,Pinterest,karla_melgarejo,b43ce384647e792b71546683c2624e862a34a893
karla_melgarejo_img_0661,imagen_655.png,robots_y_tecnologia,ilustracion_plana_color,2500,2500,,Pinterest,karla_melgarejo,a26d8116fd167480874bc0c2d668b44623209d46
karla_melgarejo_img_0662,imagen_656.jpg,robots_y_tecnologia,ilustracion_plana_color,2048,2048,,Pinterest,karla_melgarejo,577343d2506cfb04f94ac944a52990d71a2f76aa
karla_melgarejo_img_0663,imagen_657.jpg,robots_y_tecnologia,ilustracion_plana_color,832,1248,,Pinterest,karla_melgarejo,1f951baebc6cb6ecc43184306b165ff65c31e838
karla_melgarejo_img_0664,imagen_659.png,robots_y_tecnologia,ilustracion_plana_color,450,450,,Pinterest,karla_melgarejo,bc3d5c4d497fc1e3d75263316ffdc60fb602fd47
karla_melgarejo_img_0665,imagen_66.png,robots_y_tecnologia,ilustracion_plana_color,450,450,,Pinterest,karla_melgarejo,4557e47021181217295820e2ec08025a513083a5
karla_melgarejo_img_0666,imagen_660.jpg,robots_y_tecnologia,ilustracion_plana_color,1024,1024,,Pinterest,karla_melgarejo,ce168f1ed315db7acb52811467dd4c2b62fbabe6
karla_melgarejo_img_0667,imagen_661.jpg,robots_y_tecnologia,ilustracion_plana_color,349,465,,Pinterest,karla_melgarejo,8daaa231f45e4d02a8f783055348678d57357c99
karla_melgarejo_img_0668,imagen_662.jpg,robots_y_tecnologia,ilustracion_plana_color,1024,1024,,Pinterest,karla_melgarejo,d032ed5a298da25e185f5a8fb13ddd7dfa0f4e4c
karla_melgarejo_img_0669,imagen_663.jpg,robots_y_tecnologia,ilustracion_plana_color,1024,1024,,Pinterest,karla_melgarejo,a9e9fdc16255c5ee4954e2d6b326a0b13260a99c
karla_melgarejo_img_0670,imagen_665.png,robots_y_tecnologia,ilustracion_plana_color,260,280,,Pinterest,karla_melgarejo,06e2ca867dbe59deb9992b49d88603241dcb76dc
karla_melgarejo_img_0672,imagen_668.jpg,robots_y_tecnologia,ilustracion_plana_color,1080,1920,,Pinterest,karla_melgarejo,ed05b97f5dc863602125e770a08d448c130fbea7
karla_melgarejo_img_0673,imagen_67.jpg,robots_y_tecnologia,ilustracion_plana_color,740,740,,Pinterest,karla_melgarejo,0ddecfeb1537f25a157202df263a171476eec174
karla_melgarejo_img_0674,imagen_670.png,robots_y_tecnologia,ilustracion_plana_color,896,1280,,Pinterest,karla_melgarejo,e82bbe88fef23c0d6ce077d7fdaef084d573faea
karla_melgarejo_img_0675,imagen_671.jpg,robots_y_tecnologia,ilustracion_plana_color,1024,640,,Pinterest,karla_melgarejo,8fb2fd97cf68fb7005667f2ba73488c88a05ea76
karla_melgarejo_img_0676,imagen_672.jpg,robots_y_tecnologia,ilustracion_plana_color,225,225,,Pinterest,karla_melgarejo,22d6f41d26d93dbb17dc34034d1dbd44c007163e
karla_melgarejo_img_0677,imagen_674.png,robots_y_tecnologia,ilustracion_plana_color,1024,1536,,Pinterest,karla_melgarejo,1cc3abc4babe3c3188e557cd863c19984e6f321a
karla_melgarejo_img_0678,imagen_675.jpg,robots_y_tecnologia,ilustracion_plana_color,736,1104,,Pinterest,karla_melgarejo,5ee0d090883605ab81e32a7c9d0061b71f74d4ae
karla_melgarejo_img_0679,imagen_676.jpg,robots_y_tecnologia,ilustracion_plana_color,900,900,,Pinterest,karla_melgarejo,1569b2b63f41d211c6e733ce3eb782b7d211a257
karla_melgarejo_img_0680,imagen_678.png,robots_y_tecnologia,ilustracion_plana_color,2500,2500,,Pinterest,karla_melgarejo,91abfa2ad7ee49b2cb88d8a6d5bbd56294149eca
karla_melgarejo_img_0681,imagen_68.jpg,robots_y_tecnologia,ilustracion_plana_color,1024,1024,,Pinterest,karla_melgarejo,19905dfc0b7ec3aab49aff2375566e4c46a941ae
karla_melgarejo_img_0682,imagen_680.webp,robots_y_tecnologia,ilustracion_plana_color,1100,937,,Pinterest,karla_melgarejo,75a97432386e5bf8c6b300cb3427022fbca46edf
karla_melgarejo_img_0683,imagen_681.jpg,robots_y_tecnologia,ilustracion_plana_color,500,500,,Pinterest,karla_melgarejo,756a809e7b098d2d4be1edcb3ceb6fad3cc2e5b6
karla_melgarejo_img_0684,imagen_682.jpg,robots_y_tecnologia,ilustracion_plana_color,500,452,,Pinterest,karla_melgarejo,f33a20af8a903cc9def36b34914859fe9bf3788d
karla_melgarejo_img_0685,imagen_683.jpg,robots_y_tecnologia,ilustracion_plana_color,1856,2304,,Pinterest,karla_melgarejo,22cc188fa51b2dfa953cddadd0a06e05c13fa514
karla_melgarejo_img_0686,imagen_684.jpg,robots_y_tecnologia,ilustracion_plana_color,1080,1080,,Pinterest,karla_melgarejo,26a341969f46e0308e3881cb3e7d44ca838773b8
karla_melgarejo_img_0687,imagen_685.jpg,robots_y_tecnologia,ilustracion_plana_color,750,632,,Pinterest,karla_melgarejo,cafe26c4d96d90bf67dd924bec1e8d642662e0c5
karla_melgarejo_img_0688,imagen_687.png,robots_y_tecnologia,ilustracion_plana_color,1000,1500,,Pinterest,karla_melgarejo,66bce493316afb4050558766e65f7354568f46d4
karla_melgarejo_img_0689,imagen_688.jpg,robots_y_tecnologia,ilustracion_plana_color,450,450,,Pinterest,karla_melgarejo,29031233b89bde6a9b3eb7855332aaa9b0c333cc
karla_melgarejo_img_0690,imagen_689.jpg,robots_y_tecnologia,ilustracion_plana_color,736,1104,,Pinterest,karla_melgarejo,88905333db907b5e34b7ecccc4a70d376cbcf103
karla_melgarejo_img_0691,imagen_69.jpg,robots_y_tecnologia,ilustracion_plana_color,250,250,,Pinterest,karla_melgarejo,a04f7fa3bfaa8fe79408eaecee7aa25d512d4b89
karla_melgarejo_img_0692,imagen_690.jpg,robots_y_tecnologia,ilustracion_plana_color,736,981,,Pinterest,karla_melgarejo,efb0bb5aa32cb45b50558bfbef5a1b717680f6b8
karla_melgarejo_img_0693,imagen_691.jpg,robots_y_tecnologia,ilustracion_plana_color,319,568,,Pinterest,karla_melgarejo,b640d9009fd7a98a123d7f64d3eb6f9f4527be6a
karla_melgarejo_img_0694,imagen_693.png,robots_y_tecnologia,ilustracion_plana_color,1024,1024,,Pinterest,karla_melgarejo,bcf7bea39d310259dc98228945e50702440f8438
karla_melgarejo_img_0695,imagen_694.jpg,robots_y_tecnologia,ilustracion_plana_color,1024,1024,,Pinterest,karla_melgarejo,ede5259d4c10b0a031bac23f2d762a8733b799d6
karla_melgarejo_img_0696,imagen_695.jpg,robots_y_tecnologia,ilustracion_plana_color,416,416,,Pinterest,karla_melgarejo,6c6e26b7502d704f1fe79e41a315e8e2b0a41a77
karla_melgarejo_img_0697,imagen_696.jpg,robots_y_tecnologia,ilustracion_plana_color,1856,2304,,Pinterest,karla_melgarejo,da56b2f12594804e38c04d0db0f0b42f071d68a2
karla_melgarejo_img_0698,imagen_697.jpg,robots_y_tecnologia,ilustracion_plana_color,736,1104,,Pinterest,karla_melgarejo,47baf44f5be51865e8dc5b27cbc25e14e6995324
karla_melgarejo_img_0699,imagen_698.jpg,robots_y_tecnologia,ilustracion_plana_color,1080,1920,,Pinterest,karla_melgarejo,cbb625d963953a9f15fb03dc00cdd6395d49f668
karla_melgarejo_img_0700,imagen_699.jpg,robots_y_tecnologia,ilustracion_plana_color,2048,2048,,Pinterest,karla_melgarejo,75c96ca35711aeec4f9fa6cc5a5878329478acf3
karla_melgarejo_img_0701,imagen_7.png,robots_y_tecnologia,ilustracion_plana_color,999,1010,,Pinterest,karla_melgarejo,c342aec51e04a42445c0730afa16f3098f608b63
karla_melgarejo_img_0702,imagen_70.jpg,robots_y_tecnologia,ilustracion_plana_color,1024,1024,,Pinterest,karla_melgarejo,4bbb9939b7b413daf75348f4ab489396cee6beae
karla_melgarejo_img_0703,imagen_700.jpg,robots_y_tecnologia,ilustracion_plana_color,2500,2500,,Pinterest,karla_melgarejo,eab432bed01efa8fe146ef63a7fd00a180ee7dbd
karla_melgarejo_img_0704,imagen_701.jpg,robots_y_tecnologia,ilustracion_plana_color,731,1280,,Pinterest,karla_melgarejo,8029448e82ff5b5a7a58beaddcad01e647ba2ea9
karla_melgarejo_img_0705,imagen_703.png,robots_y_tecnologia,ilustracion_plana_color,617,463,,Pinterest,karla_melgarejo,556cb0d1856f8ae630d4269278782e15f07c64a9
karla_melgarejo_img_0706,imagen_704.jpg,robots_y_tecnologia,ilustracion_plana_color,680,1016,,Pinterest,karla_melgarejo,a8151957bffdafac7dad96b95c6e814366932ae2
karla_melgarejo_img_0707,imagen_705.jpg,robots_y_tecnologia,ilustracion_plana_color,1856,2304,,Pinterest,karla_melgarejo,16d966ee2aa9823d92223578f095b3a4986ee606
karla_melgarejo_img_0708,imagen_706.jpg,robots_y_tecnologia,ilustracion_plana_color,960,750,,Pinterest,karla_melgarejo,d4fac204e3190cf5f396474b80c08a4ab79a6252
karla_melgarejo_img_0709,imagen_707.jpg,robots_y_tecnologia,ilustracion_plana_color,1080,1063,,Pinterest,karla_melgarejo,5fef6bbc9bbccf9e6da2ee589c19404dc6b85d85
karla_melgarejo_img_0710,imagen_708.jpg,robots_y_tecnologia,ilustracion_plana_color,1000,1000,,Pinterest,karla_melgarejo,95213e7761622ee5490b10bc3d584f0a7bc3d240
karla_melgarejo_img_0711,imagen_71.jpg,robots_y_tecnologia,ilustracion_plana_color,800,1200,,Pinterest,karla_melgarejo,2bc0f27dccb577bbbe74f9796b92730b06f1e979
karla_melgarejo_img_0712,imagen_710.png,robots_y_tecnologia,ilustracion_plana_color,750,1024,,Pinterest,karla_melgarejo,2a740586d52c95022094fe23f05dfb5a7befab84
karla_melgarejo_img_0713,imagen_711.jpg,robots_y_tecnologia,ilustracion_plana_color,736,1288,,Pinterest,karla_melgarejo,6608bad6e3f4f2532c7120f0199508402a95c4ea
karla_melgarejo_img_0714,imagen_712.jpg,robots_y_tecnologia,ilustracion_plana_color,1024,1024,,Pinterest,karla_melgarejo,7fa863857acf249024572f7e761e28eeaca90014
karla_melgarejo_img_0715,imagen_713.jpg,robots_y_tecnologia,ilustracion_plana_color,626,626,,Pinterest,karla_melgarejo,393c17d775e9fb8da4fa7174178f07538c1bc34e
karla_melgarejo_img_0716,imagen_714.jpg,robots_y_tecnologia,ilustracion_plana_color,500,770,,Pinterest,karla_melgarejo,ac742d3571286ff0bca6ab9969d32cd5447b4472
karla_melgarejo_img_0717,imagen_715.jpg,robots_y_tecnologia,ilustracion_plana_color,1024,1024,,Pinterest,karla_melgarejo,c75573050246fdabdaed931530fb83e234bf1c54
karla_melgarejo_img_0718,imagen_717.png,robots_y_tecnologia,ilustracion_plana_color,1024,1536,,Pinterest,karla_melgarejo,c037a900e8ed5e9c9cfcb0f66e4033a19d0f0161
karla_melgarejo_img_0719,imagen_718.jpg,robots_y_tecnologia,ilustracion_plana_color,1024,1024,,Pinterest,karla_melgarejo,277cfd05df5db14c71962ed00a9a804a8c6c8eb8
karla_melgarejo_img_0720,imagen_719.jpg,robots_y_tecnologia,ilustracion_plana_color,563,722,,Pinterest,karla_melgarejo,65d68ecb07d826c7526b1c5dce1355f153aaff7b
karla_melgarejo_img_0721,imagen_72.jpg,robots_y_tecnologia,ilustracion_plana_color,1024,1024,,Pinterest,karla_melgarejo,964c97973cc7bb0ae1dadf090a032b8c4635b5d6
karla_melgarejo_img_0722,imagen_720.jpg,robots_y_tecnologia,ilustracion_plana_color,626,417,,Pinterest,karla_melgarejo,7febd236b2ee448ba4818fc3ddebd456e662d9fb
karla_melgarejo_img_0723,imagen_722.png,robots_y_tecnologia,ilustracion_plana_color,252,349,,Pinterest,karla_melgarejo,a4bdb339c1205ab30d8cf85d8344fa4e8b061ac0
karla_melgarejo_img_0725,imagen_725.jpg,robots_y_tecnologia,ilustracion_plana_color,735,490,,Pinterest,karla_melgarejo,9c0b6861bb64c75d285251dc7f899ddd51ff7dbf
karla_melgarejo_img_0726,imagen_726.jpg,robots_y_tecnologia,ilustracion_plana_color,1856,2304,,Pinterest,karla_melgarejo,f88512ac1c3e0dbc751aaa5454c8fc6e9bca4a44
karla_melgarejo_img_0727,imagen_728.png,robots_y_tecnologia,ilustracion_plana_color,1024,1024,,Pinterest,karla_melgarejo,808271cbca7a94d00975be6aa8cf7e732f12c44b
karla_melgarejo_img_0728,imagen_730.png,robots_y_tecnologia,ilustracion_plana_color,994,998,,Pinterest,karla_melgarejo,2c654083d89aee2ad39038139cd237e76036cec5
karla_melgarejo_img_0729,imagen_731.jpg,robots_y_tecnologia,ilustracion_plana_color,1856,2304,,Pinterest,karla_melgarejo,b298149b292a569ddf97cfaba0bce0dbc6b93ea1
karla_melgarejo_img_0730,imagen_732.jpg,robots_y_tecnologia,ilustracion_plana_color,756,1008,,Pinterest,karla_melgarejo,76af8e4efa2b131e4867a682fd6157f21297d823
karla_melgarejo_img_0731,imagen_733.jpg,robots_y_tecnologia,ilustracion_plana_color,735,1200,,Pinterest,karla_melgarejo,8ca3555747a935f9400b6072034a71e2e2b23ccd
karla_melgarejo_img_0732,imagen_734.jpg,robots_y_tecnologia,ilustracion_plana_color,1080,1054,,Pinterest,karla_melgarejo,3a2e9a3094f56d71c30b1b8ea3b8cf112e8ca113
karla_melgarejo_img_0733,imagen_735.jpg,robots_y_tecnologia,ilustracion_plana_color,3799,3669,,Pinterest,karla_melgarejo,0a2cd992897703a8f85be0c2541de46f8f256f43
karla_melgarejo_img_0734,imagen_736.jpg,robots_y_tecnologia,ilustracion_plana_color,1024,1024,,Pinterest,karla_melgarejo,c92a28686d2e24369b192842bcedc1e1f79e6f9a
karla_melgarejo_img_0735,imagen_737.jpg,robots_y_tecnologia,ilustracion_plana_color,1856,2304,,Pinterest,karla_melgarejo,3e6d3f65e7d77c381f3334b1545b3b5a3c50d0f4
karla_melgarejo_img_0736,imagen_738.jpg,robots_y_tecnologia,ilustracion_plana_color,832,1248,,Pinterest,karla_melgarejo,1044e396fc5c4ac0eb6b4bd8313a6ec6348c8a69
karla_melgarejo_img_0737,imagen_739.jpg,robots_y_tecnologia,ilustracion_plana_color,1080,1920,,Pinterest,karla_melgarejo,e121918370777b6f11e39e28625102cc170a7c5f
karla_melgarejo_img_0738,imagen_74.webp,robots_y_tecnologia,ilustracion_plana_color,768,497,,Pinterest,karla_melgarejo,3a7fb96630bc28a814b8173b26432197cb4b46bb
karla_melgarejo_img_0739,imagen_740.jpg,robots_y_tecnologia,ilustracion_plana_color,800,600,,Pinterest,karla_melgarejo,51823393650f1aef5515b0e17140a822cf195ace
karla_melgarejo_img_0740,imagen_741.jpg,robots_y_tecnologia,ilustracion_plana_color,1856,2304,,Pinterest,karla_melgarejo,70c0f212c23a3cfb094cc4288eea160b71306087
karla_melgarejo_img_0741,imagen_742.jpg,robots_y_tecnologia,ilustracion_plana_color,1000,1500,,Pinterest,karla_melgarejo,9a91187b8740507e7cb73454e1e8d937d5914cdc
karla_melgarejo_img_0742,imagen_743.jpg,robots_y_tecnologia,ilustracion_plana_color,625,527,,Pinterest,karla_melgarejo,b2e04a1a3d2eb12ab16ccb87b7f9a33f9f287d22
karla_melgarejo_img_0743,imagen_745.png,robots_y_tecnologia,ilustracion_plana_color,676,620,,Pinterest,karla_melgarejo,c98b6dfb78349383c93aff1607bcb4d39223f96b
karla_melgarejo_img_0744,imagen_747.webp,robots_y_tecnologia,ilustracion_plana_color,1200,1200,,Pinterest,karla_melgarejo,6a60c9da4431a91f199431ca7809178414b883d1
karla_melgarejo_img_0745,imagen_748.jpg,robots_y_tecnologia,ilustracion_plana_color,3000,4000,,Pinterest,karla_melgarejo,7f804f01305f8cd65c572cde28d474baca43008f
karla_melgarejo_img_0746,imagen_749.jpg,robots_y_tecnologia,ilustracion_plana_color,736,1308,,Pinterest,karla_melgarejo,52bd49e8ae913f8b0d15ebd5be1ca996c7602eee
karla_melgarejo_img_0747,imagen_75.jpg,robots_y_tecnologia,ilustracion_plana_color,640,870,,Pinterest,karla_melgarejo,1cf914e0fab3ceb078402850a976a15f30de1922
karla_melgarejo_img_0748,imagen_751.png,robots_y_tecnologia,ilustracion_plana_color,1024,1024,,Pinterest,karla_melgarejo,2f8a5184da1e1de9f9dcbca166f677da87c302fd
karla_melgarejo_img_0749,imagen_752.jpg,robots_y_tecnologia,ilustracion_plana_color,736,1308,,Pinterest,karla_melgarejo,6459cc3294c53368358d7392ef4ed6b4e473692e
karla_melgarejo_img_0750,imagen_754.png,robots_y_tecnologia,ilustracion_plana_color,450,450,,Pinterest,karla_melgarejo,27ab1f567d691ed0fabc886a130e9728008d17c1
karla_melgarejo_img_0751,imagen_756.png,robots_y_tecnologia,ilustracion_plana_color,1920,1080,,Pinterest,karla_melgarejo,04acaafb7dac2461cc656bde044031d7af30e6f1
karla_melgarejo_img_0752,imagen_757.jpg,robots_y_tecnologia,ilustracion_plana_color,1024,1792,,Pinterest,karla_melgarejo,aa88d2cee917945cb71e9742c65c26f2f4b090d4
karla_melgarejo_img_0753,imagen_758.jpg,robots_y_tecnologia,ilustracion_plana_color,1024,1024,,Pinterest,karla_melgarejo,f161730857e5b6cdb0e7e2de31db62df79931614
karla_melgarejo_img_0754,imagen_759.jpg,robots_y_tecnologia,ilustracion_plana_color,2160,2880,,Pinterest,karla_melgarejo,988f114661b7c46ddc2806b88ebade9bf2f87914
karla_melgarejo_img_0755,imagen_76.png,robots_y_tecnologia,ilustracion_plana_color,640,870,,Pinterest,karla_melgarejo,11352a0658b3f26e0cb9898b54e495dba136a96b
karla_melgarejo_img_0756,imagen_761.png,robots_y_tecnologia,ilustracion_plana_color,6580,5056,,Pinterest,karla_melgarejo,1322b80fa624d812b316d44e7e1c2f2b0af6ebe5
karla_melgarejo_img_0757,imagen_762.jpg,robots_y_tecnologia,ilustracion_plana_color,270,350,,Pinterest,karla_melgarejo,8e91a42935af7960e61dc4ef4dcefbd6f2b6aebb
karla_melgarejo_img_0758,imagen_763.jpg,robots_y_tecnologia,ilustracion_plana_color,683,1024,,Pinterest,karla_melgarejo,f315fcac322dae45e68b17196fe78a200da7cc19
karla_melgarejo_img_0759,imagen_764.jpg,robots_y_tecnologia,ilustracion_plana_color,1080,1350,,Pinterest,karla_melgarejo,d619161c65f1a3a0f05f56f9b012f3272efc9033
karla_melgarejo_img_0760,imagen_766.png,robots_y_tecnologia,ilustracion_plana_color,768,1344,,Pinterest,karla_melgarejo,b124e95bfbc502962604f1b7b394c85ab37a8811
karla_melgarejo_img_0761,imagen_768.webp,robots_y_tecnologia,ilustracion_plana_color,1000,1000,,Pinterest,karla_melgarejo,ec88692a348ac99428df693abbd1a857c75b9899
karla_melgarejo_img_0762,imagen_769.jpg,robots_y_tecnologia,ilustracion_plana_color,498,452,,Pinterest,karla_melgarejo,16f4536e2a8bd0cf1cc59d8b9e1df30dc8b4bba3
karla_melgarejo_img_0763,imagen_77.jpg,robots_y_tecnologia,ilustracion_plana_color,1024,1024,,Pinterest,karla_melgarejo,f78f4baface2699b8f94d7a84dc96eaf0ec42d44
karla_melgarejo_img_0764,imagen_771.png,robots_y_tecnologia,ilustracion_plana_color,816,1456,,Pinterest,karla_melgarejo,4c4127dc51519cc45a75e8224b71fa555f74d048
karla_melgarejo_img_0765,imagen_773.png,robots_y_tecnologia,ilustracion_plana_color,1024,1024,,Pinterest,karla_melgarejo,b56003750f923d9cc86ce218ba03cc51f38ad268
karla_melgarejo_img_0766,imagen_774.jpg,robots_y_tecnologia,ilustracion_plana_color,679,531,,Pinterest,karla_melgarejo,a295a987ad448c9a1358aecf68c1fd2daccf685d
karla_melgarejo_img_0767,imagen_775.jpg,robots_y_tecnologia,ilustracion_plana_color,576,1024,,Pinterest,karla_melgarejo,9288956335883dbe4db77dc794e9eee079687555
karla_melgarejo_img_0768,imagen_776.jpg,robots_y_tecnologia,ilustracion_plana_color,1500,1500,,Pinterest,karla_melgarejo,3c4ff16a6e1086497afe774d59c5ac3b1d5fcfb3
karla_melgarejo_img_0769,imagen_777.jpg,robots_y_tecnologia,ilustracion_plana_color,640,640,,Pinterest,karla_melgarejo,31754e01e2b0b3af827198e7a28689e01bd8543d
karla_melgarejo_img_0770,imagen_778.jpg,robots_y_tecnologia,ilustracion_plana_color,736,736,,Pinterest,karla_melgarejo,f3e2f26e353e398dd1b76f3421d04b72e0ce43f1
karla_melgarejo_img_0771,imagen_779.jpg,robots_y_tecnologia,ilustracion_plana_color,450,450,,Pinterest,karla_melgarejo,54a19b5220d2f28c824c5129a3d6eb0fa5eaaef7
karla_melgarejo_img_0772,imagen_78.jpg,robots_y_tecnologia,ilustracion_plana_color,1080,1920,,Pinterest,karla_melgarejo,3c39e4eeb9411b6890c252b710ec2b29f9c6f505
karla_melgarejo_img_0773,imagen_780.jpg,robots_y_tecnologia,ilustracion_plana_color,1200,677,,Pinterest,karla_melgarejo,14b180fb8f2132af69b589eb627a31130e0270bc
karla_melgarejo_img_0774,imagen_781.jpg,robots_y_tecnologia,ilustracion_plana_color,1067,1600,,Pinterest,karla_melgarejo,f827ea52f0fbafd363232865ea17135ef03be442
karla_melgarejo_img_0775,imagen_782.jpg,robots_y_tecnologia,ilustracion_plana_color,442,355,,Pinterest,karla_melgarejo,ab53804c458b99354794303510f7a9e12b7ca9a8
karla_melgarejo_img_0776,imagen_783.jpg,robots_y_tecnologia,ilustracion_plana_color,769,769,,Pinterest,karla_melgarejo,d5f58f40fe4b94c1b94603ebb2361f210c2d239d
karla_melgarejo_img_0777,imagen_784.jpg,robots_y_tecnologia,ilustracion_plana_color,1000,1000,,Pinterest,karla_melgarejo,47f93a58dbe21fdec4ee33f1da6146ab57b6cb22
karla_melgarejo_img_0778,imagen_785.jpg,robots_y_tecnologia,ilustracion_plana_color,1440,1440,,Pinterest,karla_melgarejo,1b876317f324dae63995f42ac968dc0e527f5f07
karla_melgarejo_img_0779,imagen_786.jpg,robots_y_tecnologia,ilustracion_plana_color,600,600,,Pinterest,karla_melgarejo,4fe3a8f463ca2c50bd33ac6d4ffdf90d80998a2a
karla_melgarejo_img_0780,imagen_787.jpg,robots_y_tecnologia,ilustracion_plana_color,1080,795,,Pinterest,karla_melgarejo,307b37a314e5a44c1686b5bcac256032694c7248
karla_melgarejo_img_0781,imagen_788.jpg,robots_y_tecnologia,ilustracion_plana_color,1224,1632,,Pinterest,karla_melgarejo,139543aaad06be980203520785ee6b104fd459d7
karla_melgarejo_img_0782,imagen_789.jpg,robots_y_tecnologia,ilustracion_plana_color,1600,1600,,Pinterest,karla_melgarejo,4bcb679a21261666ed1e8dd37cfa296c0fa501b8
karla_melgarejo_img_0783,imagen_79.jpg,robots_y_tecnologia,ilustracion_plana_color,393,626,,Pinterest,karla_melgarejo,aa63454952e08a45523b72cf7e1ea186ffd56b2d
karla_melgarejo_img_0784,imagen_790.jpg,robots_y_tecnologia,ilustracion_plana_color,736,1308,,Pinterest,karla_melgarejo,2bf3177e4419f9e905429fe5acd4bc069a296cd3
karla_melgarejo_img_0785,imagen_791.jpg,robots_y_tecnologia,ilustracion_plana_color,626,626,,Pinterest,karla_melgarejo,02dec46e98fb76c00e1c0ec4ab632834b8516012
karla_melgarejo_img_0786,imagen_792.jpg,robots_y_tecnologia,ilustracion_plana_color,735,1166,,Pinterest,karla_melgarejo,d200ad65bc19e1412e696f2de55b68d17b2a5d75
karla_melgarejo_img_0787,imagen_793.jpg,robots_y_tecnologia,ilustracion_plana_color,1080,1858,,Pinterest,karla_melgarejo,600c5d0adf635dc8e934f929a5d1d4718f486a43
karla_melgarejo_img_0788,imagen_794.jpg,robots_y_tecnologia,ilustracion_plana_color,500,500,,Pinterest,karla_melgarejo,0250006a8250e63bef6ea794f3f41c51664a92ed
karla_melgarejo_img_0789,imagen_796.png,robots_y_tecnologia,ilustracion_plana_color,1024,1536,,Pinterest,karla_melgarejo,47195ecd245b7ebd0043364279ac62c3b0eb80f0
karla_melgarejo_img_0790,imagen_797.jpg,robots_y_tecnologia,ilustracion_plana_color,500,500,,Pinterest,karla_melgarejo,c8f98035c63fe99ca55ac86122e108374cec9af7
karla_melgarejo_img_0791,imagen_798.jpg,robots_y_tecnologia,ilustracion_plana_color,736,780,,Pinterest,karla_melgarejo,1e9f4993761f45e655b71a309ccc7f2b314656b0
karla_melgarejo_img_0792,imagen_799.jpg,robots_y_tecnologia,ilustracion_plana_color,735,702,,Pinterest,karla_melgarejo,031692a43b531fb44f855ed76c21270f5617010b
karla_melgarejo_img_0793,imagen_8.jpg,robots_y_tecnologia,ilustracion_plana_color,900,1200,,Pinterest,karla_melgarejo,ed8001b4d9155b0fa0f11638589b6bafb41337da
karla_melgarejo_img_0794,imagen_80.jpg,robots_y_tecnologia,ilustracion_plana_color,832,1248,,Pinterest,karla_melgarejo,98621a5cdbfb8b71b1835ce9835377a26d306451
karla_melgarejo_img_0795,imagen_800.jpg,robots_y_tecnologia,ilustracion_plana_color,1400,1589,,Pinterest,karla_melgarejo,c305ec326743e75df85009ebabc48d90f732a18f
karla_melgarejo_img_0796,imagen_801.jpg,robots_y_tecnologia,ilustracion_plana_color,720,483,,Pinterest,karla_melgarejo,e9619959c6b219756046c61accfcabdf574bcee9
karla_melgarejo_img_0797,imagen_802.jpg,robots_y_tecnologia,ilustracion_plana_color,1078,1441,,Pinterest,karla_melgarejo,18f7a04dd9ef4254aedb728613ca9e9df380a263
karla_melgarejo_img_0798,imagen_803.jpg,robots_y_tecnologia,ilustracion_plana_color,903,1200,,Pinterest,karla_melgarejo,ae889c8631b47f306d2b4c1d9e46d1c027f44419
karla_melgarejo_img_0799,imagen_805.png,robots_y_tecnologia,ilustracion_plana_color,816,1456,,Pinterest,karla_melgarejo,345081a2c04ad03cd621137d7d5db58f095d0698
karla_melgarejo_img_0800,imagen_806.jpg,robots_y_tecnologia,ilustracion_plana_color,3000,4000,,Pinterest,karla_melgarejo,9dabec090b8cd381b7296782c4f80745592caa10
karla_melgarejo_img_0801,imagen_808.webp,robots_y_tecnologia,ilustracion_plana_color,1024,1024,,Pinterest,karla_melgarejo,a848f2a568eb33f9820cc126f708670dc6f0d4c8
karla_melgarejo_img_0802,imagen_809.jpg,robots_y_tecnologia,ilustracion_plana_color,580,777,,Pinterest,karla_melgarejo,168e1eb85966285f1b47138d9f5a8838863dce50
karla_melgarejo_img_0803,imagen_81.jpg,robots_y_tecnologia,ilustracion_plana_color,1632,1088,,Pinterest,karla_melgarejo,4b6e57dee2d4b0960f212bd3b5bc741cd56fc452
karla_melgarejo_img_0804,imagen_810.jpg,robots_y_tecnologia,ilustracion_plana_color,3072,3072,,Pinterest,karla_melgarejo,88c10704a9eefc44d8c4bb617e2de594b9554c9e
karla_melgarejo_img_0805,imagen_811.jpg,robots_y_tecnologia,ilustracion_plana_color,2286,4000,,Pinterest,karla_melgarejo,1e22b0e3097b0cc5238450270b1e433d123f95e8
karla_melgarejo_img_0806,imagen_812.jpg,robots_y_tecnologia,ilustracion_plana_color,500,500,,Pinterest,karla_melgarejo,31e3739ae192131f446013b0dec32ba9d3402d17
karla_melgarejo_img_0807,imagen_814.png,robots_y_tecnologia,ilustracion_plana_color,768,1408,,Pinterest,karla_melgarejo,1d72a4a6c18a66763e34d76a81c288ba254c9f9a
karla_melgarejo_img_0808,imagen_815.jpg,robots_y_tecnologia,ilustracion_plana_color,463,463,,Pinterest,karla_melgarejo,a72ea11944294357d2869a6b83fd8cf7ef13446b
karla_melgarejo_img_0809,imagen_816.jpg,robots_y_tecnologia,ilustracion_plana_color,1024,1024,,Pinterest,karla_melgarejo,a3d3ae88ba111adf38a2af2c42ab7477bc42d1b5
karla_melgarejo_img_0810,imagen_817.jpg,robots_y_tecnologia,ilustracion_plana_color,679,637,,Pinterest,karla_melgarejo,54c743f77df79bae2fb1deee38de7ba514440211
karla_melgarejo_img_0811,imagen_818.jpg,robots_y_tecnologia,ilustracion_plana_color,647,497,,Pinterest,karla_melgarejo,4e3624f00b09e024f452b4069e2a5780e4446878
karla_melgarejo_img_0812,imagen_819.jpg,robots_y_tecnologia,ilustracion_plana_color,1200,1115,,Pinterest,karla_melgarejo,d18a9d9938720bef32de5424d1a2d212ae1d4f31
karla_melgarejo_img_0813,imagen_82.jpg,robots_y_tecnologia,ilustracion_plana_color,1024,1024,,Pinterest,karla_melgarejo,ed183bdb13cb97cdf5f095bb36e3649b634ccd7a
karla_melgarejo_img_0814,imagen_820.jpg,robots_y_tecnologia,ilustracion_plana_color,1500,921,,Pinterest,karla_melgarejo,8f7f804a477f5d06fd676f7bca34952618812fa0
karla_melgarejo_img_0815,imagen_821.jpg,robots_y_tecnologia,ilustracion_plana_color,832,1280,,Pinterest,karla_melgarejo,24ce7f16f343d725f7e5a3feab58d67198d6ca31
karla_melgarejo_img_0816,imagen_823.webp,robots_y_tecnologia,ilustracion_plana_color,900,797,,Pinterest,karla_melgarejo,39fd9dc465644ac6c13a3525447686a1011727fa
karla_melgarejo_img_0817,imagen_824.jpg,robots_y_tecnologia,ilustracion_plana_color,1024,1024,,Pinterest,karla_melgarejo,b750587496902f0f49891559be011d995ed52c35
karla_melgarejo_img_0818,imagen_825.jpg,robots_y_tecnologia,ilustracion_plana_color,700,467,,Pinterest,karla_melgarejo,4a33deb415bb4ae2a3d82e9665ae19a7f5d00a83
karla_melgarejo_img_0819,imagen_826.jpg,robots_y_tecnologia,ilustracion_plana_color,1024,1024,,Pinterest,karla_melgarejo,23388f338fc3e2f32581df06a09c8c9250623c96
karla_melgarejo_img_0820,imagen_828.webp,robots_y_tecnologia,ilustracion_plana_color,1920,1080,,Pinterest,karla_melgarejo,6e2c1fc9e13e93f6754d6e4c5a79859f8251480b
karla_melgarejo_img_0821,imagen_829.jpg,robots_y_tecnologia,ilustracion_plana_color,736,1104,,Pinterest,karla_melgarejo,703cb06c775a37ba92f95404780bff40ee0f046e
karla_melgarejo_img_0822,imagen_83.jpg,robots_y_tecnologia,ilustracion_plana_color,410,300,,Pinterest,karla_melgarejo,1dbbd3a7315dee9cbd6976bf4ae866ff7cf84f94
karla_melgarejo_img_0823,imagen_830.jpg,robots_y_tecnologia,ilustracion_plana_color,1856,2304,,Pinterest,karla_melgarejo,f7e7ba6c93462e0255b638ec91100f1a16f448a9
karla_melgarejo_img_0824,imagen_831.jpg,robots_y_tecnologia,ilustracion_plana_color,2176,2942,,Pinterest,karla_melgarejo,4a0470c997020719a1c917c444e69be28b8a281f
karla_melgarejo_img_0825,imagen_832.jpg,robots_y_tecnologia,ilustracion_plana_color,736,1308,,Pinterest,karla_melgarejo,681b4a3462a8e5bf73dff6605bd4958bde80795c
karla_melgarejo_img_0826,imagen_834.png,robots_y_tecnologia,ilustracion_plana_color,768,1152,,Pinterest,karla_melgarejo,e0df9bb58aeec49da0dcc98817b7732574e81a1c
karla_melgarejo_img_0827,imagen_835.jpg,robots_y_tecnologia,ilustracion_plana_color,900,900,,Pinterest,karla_melgarejo,c961f557c8f36eb3e5d9c88176c0dd705314297f
karla_melgarejo_img_0828,imagen_836.jpg,robots_y_tecnologia,ilustracion_plana_color,896,1152,,Pinterest,karla_melgarejo,dbe301bae52a61dbe90274c272a7357eafdc8ff0
karla_melgarejo_img_0829,imagen_837.jpg,robots_y_tecnologia,ilustracion_plana_color,778,778,,Pinterest,karla_melgarejo,7b70dc0d8d10ed663be26766b76069f338389336
karla_melgarejo_img_0830,imagen_838.jpg,robots_y_tecnologia,ilustracion_plana_color,1088,1939,,Pinterest,karla_melgarejo,608ad05360f9cb4eeed0137743076bffae3ec064
karla_melgarejo_img_0831,imagen_84.jpg,robots_y_tecnologia,ilustracion_plana_color,1856,2304,,Pinterest,karla_melgarejo,2da43880f77941979b78959920c86fd7b535166f
karla_melgarejo_img_0832,imagen_840.png,robots_y_tecnologia,ilustracion_plana_color,2500,2500,,Pinterest,karla_melgarejo,4e99d88aff9fa09ba1df0495369a092fc79ef9f8
karla_melgarejo_img_0833,imagen_841.jpg,robots_y_tecnologia,ilustracion_plana_color,735,738,,Pinterest,karla_melgarejo,5f7ce40b27c76832c53421788a023bb4370850c7
karla_melgarejo_img_0834,imagen_842.jpg,robots_y_tecnologia,ilustracion_plana_color,1024,650,,Pinterest,karla_melgarejo,78d27ad105e7095c0934396db8bea1d8ffe0f5b5
karla_melgarejo_img_0835,imagen_844.png,robots_y_tecnologia,ilustracion_plana_color,360,360,,Pinterest,karla_melgarejo,896a7a6c9e2ea228cac75fdcc4071957f9d047d3
karla_melgarejo_img_0836,imagen_845.jpg,robots_y_tecnologia,ilustracion_plana_color,600,600,,Pinterest,karla_melgarejo,235dfebedd0249e0bb640e91d1e6baf4758c0ca0
karla_melgarejo_img_0837,imagen_846.jpg,robots_y_tecnologia,ilustracion_plana_color,900,1200,,Pinterest,karla_melgarejo,8674abc8d2994fd7de57441bb594e3b9da7b62b7
karla_melgarejo_img_0838,imagen_848.png,robots_y_tecnologia,ilustracion_plana_color,592,1024,,Pinterest,karla_melgarejo,049fe6247e7b9c48018df5eb7ce09caf1cef9ade
karla_melgarejo_img_0839,imagen_85.jpg,robots_y_tecnologia,ilustracion_plana_color,500,500,,Pinterest,karla_melgarejo,36dc533e721e0342bac36f822dfb2ecb5c833ed3
karla_melgarejo_img_0840,imagen_850.webp,robots_y_tecnologia,ilustracion_plana_color,800,729,,Pinterest,karla_melgarejo,bf7d0462c97f75237f237ec9cad4320ff34416ae
karla_melgarejo_img_0841,imagen_851.jpg,robots_y_tecnologia,ilustracion_plana_color,600,875,,Pinterest,karla_melgarejo,82add80ad745bcbb94e315a92a479ddb1be757eb
karla_melgarejo_img_0842,imagen_852.jpg,robots_y_tecnologia,ilustracion_plana_color,500,500,,Pinterest,karla_melgarejo,559ffc52a9df9c6a5ef9833d9624e1d1c565521b
karla_melgarejo_img_0843,imagen_854.png,robots_y_tecnologia,ilustracion_plana_color,1024,1024,,Pinterest,karla_melgarejo,b7c8aa723e968f98c623e1bb3d57d67ddc11c485
karla_melgarejo_img_0844,imagen_856.png,robots_y_tecnologia,ilustracion_plana_color,2500,2500,,Pinterest,karla_melgarejo,c2a6ceb999e302e466b2a673e10ee9452b44aa9b
karla_melgarejo_img_0845,imagen_858.png,robots_y_tecnologia,ilustracion_plana_color,295,513,,Pinterest,karla_melgarejo,2e0cdd34e7b0745294bd73ebfc2f9ac07be02b4c
karla_melgarejo_img_0846,imagen_86.jpg,robots_y_tecnologia,ilustracion_plana_color,625,401,,Pinterest,karla_melgarejo,a39ce0188a203c6f576bda6118cedbf2351a6506
karla_melgarejo_img_0847,imagen_860.png,robots_y_tecnologia,ilustracion_plana_color,360,360,,Pinterest,karla_melgarejo,46bc31861d8b16a87a70bf9fe00c9389ebb4d44b
karla_melgarejo_img_0848,imagen_861.jpg,robots_y_tecnologia,ilustracion_plana_color,1224,1632,,Pinterest,karla_melgarejo,8b3adbbb6f5e68d8c039201f9dfafa7cbcbe2d47
karla_melgarejo_img_0849,imagen_862.jpg,robots_y_tecnologia,ilustracion_plana_color,1920,1070,,Pinterest,karla_melgarejo,5aa95a66456a66dec17dddf5534199ccb174779c
karla_melgarejo_img_0850,imagen_863.jpg,robots_y_tecnologia,ilustracion_plana_color,736,736,,Pinterest,karla_melgarejo,cb8e8bdf273ae9471eb1f630a2fea4ba4cd91e13
karla_melgarejo_img_0851,imagen_865.png,robots_y_tecnologia,ilustracion_plana_color,738,980,,Pinterest,karla_melgarejo,7167611222f837afdd3ece787d68cbc2d72d1f97
karla_melgarejo_img_0852,imagen_867.png,robots_y_tecnologia,ilustracion_plana_color,500,500,,Pinterest,karla_melgarejo,8e40b0d0f95ddf0caff457bb7246c131bf228bc1
karla_melgarejo_img_0853,imagen_868.jpg,robots_y_tecnologia,ilustracion_plana_color,400,400,,Pinterest,karla_melgarejo,e74ccf9c5f1cdfd236262d5ae87318f27d6e1152
karla_melgarejo_img_0854,imagen_869.jpg,robots_y_tecnologia,ilustracion_plana_color,640,960,,Pinterest,karla_melgarejo,ba2493f12ec4c0c0555431b8677572338a0b7800
karla_melgarejo_img_0855,imagen_87.jpg,robots_y_tecnologia,ilustracion_plana_color,1080,1920,,Pinterest,karla_melgarejo,4158a3b0a440aa5d54ca13673f7cd9ed50cdf1ba
karla_melgarejo_img_0856,imagen_870.jpg,robots_y_tecnologia,ilustracion_plana_color,736,1104,,Pinterest,karla_melgarejo,240aade53575e174b6fd28d072418b200b590eb1
karla_melgarejo_img_0857,imagen_871.jpg,robots_y_tecnologia,ilustracion_plana_color,736,830,,Pinterest,karla_melgarejo,fb411f43529920edfdccffd4545601f2cca2ce2f
karla_melgarejo_img_0858,imagen_872.jpg,robots_y_tecnologia,ilustracion_plana_color,619,619,,Pinterest,karla_melgarejo,e69190145232a39e21c4aeca16195de39f9ff8c8
karla_melgarejo_img_0859,imagen_873.jpg,robots_y_tecnologia,ilustracion_plana_color,350,517,,Pinterest,karla_melgarejo,8964caf2804039ee6c8373934c15c066048d58b4
karla_melgarejo_img_0860,imagen_874.jpg,robots_y_tecnologia,ilustracion_plana_color,1000,714,,Pinterest,karla_melgarejo,2cb6e9e3fbe07a92d11f3e3bb4f45f15d7ebc837
karla_melgarejo_img_0861,imagen_875.jpg,robots_y_tecnologia,ilustracion_plana_color,720,720,,Pinterest,karla_melgarejo,78dc68673ba2637027219038e8e5d372e1ac9dcc
karla_melgarejo_img_0862,imagen_877.webp,robots_y_tecnologia,ilustracion_plana_color,1000,1000,,Pinterest,karla_melgarejo,ceacc02dcbff44dfca06b208eae8a34fb5bcedac
karla_melgarejo_img_0863,imagen_878.jpg,robots_y_tecnologia,ilustracion_plana_color,1080,704,,Pinterest,karla_melgarejo,81bdf64fbc97fd9ec49d86828e96faf52684720a
karla_melgarejo_img_0864,imagen_879.jpg,robots_y_tecnologia,ilustracion_plana_color,2160,2160,,Pinterest,karla_melgarejo,a0b9381a49ee7e27efeebb0c53d16e9efae6f1da
karla_melgarejo_img_0865,imagen_881.png,robots_y_tecnologia,ilustracion_plana_color,1000,1500,,Pinterest,karla_melgarejo,af86979ca87cf3937431cafa4d1e456d060ebaeb
karla_melgarejo_img_0866,imagen_883.png,robots_y_tecnologia,ilustracion_plana_color,826,826,,Pinterest,karla_melgarejo,5cece93a32c6af99fbcd973d1588521c5b2d98fa
karla_melgarejo_img_0867,imagen_884.jpg,robots_y_tecnologia,ilustracion_plana_color,900,1200,,Pinterest,karla_melgarejo,ddcfa7dcbf91f4ffef9f0e2e2ddd72f61410fcd6
karla_melgarejo_img_0868,imagen_886.webp,robots_y_tecnologia,ilustracion_plana_color,1024,1024,,Pinterest,karla_melgarejo,ab65e1ce2ffd12d606b2e4fab06a4905944eb592
karla_melgarejo_img_0869,imagen_887.jpg,robots_y_tecnologia,ilustracion_plana_color,1024,1024,,Pinterest,karla_melgarejo,9e82ebe92cd1c9d34be0230ed1e7d88a4019c100
karla_melgarejo_img_0870,imagen_889.png,robots_y_tecnologia,ilustracion_plana_color,1024,1024,,Pinterest,karla_melgarejo,0961a4f1c362145f0f0772f4892eca78bbc14888
karla_melgarejo_img_0871,imagen_89.png,robots_y_tecnologia,ilustracion_plana_color,736,736,,Pinterest,karla_melgarejo,949f06ca65000736afcca2026cee40cb2c4b9e2a
karla_melgarejo_img_0872,imagen_890.jpg,robots_y_tecnologia,ilustracion_plana_color,1184,2048,,Pinterest,karla_melgarejo,64fe2a59a2f98f6f7651bf1d304fb70d1f3fe57b
karla_melgarejo_img_0873,imagen_891.jpg,robots_y_tecnologia,ilustracion_plana_color,816,1456,,Pinterest,karla_melgarejo,ef203f8d0fe65f553dde06060e240647c8804c0e
karla_melgarejo_img_0874,imagen_892.jpg,robots_y_tecnologia,ilustracion_plana_color,736,736,,Pinterest,karla_melgarejo,f0d80049a30b65191827b65b4c58c3e0af269ef5
karla_melgarejo_img_0875,imagen_894.png,robots_y_tecnologia,ilustracion_plana_color,768,1408,,Pinterest,karla_melgarejo,bd76f23077ac8cdee9f50457e77ecf655fa4ee88
karla_melgarejo_img_0876,imagen_895.jpg,robots_y_tecnologia,ilustracion_plana_color,2448,3264,,Pinterest,karla_melgarejo,ccf2cd3a9ef190c795dbbdfb4918a4d26dccf6ae
karla_melgarejo_img_0877,imagen_896.jpg,robots_y_tecnologia,ilustracion_plana_color,1024,1024,,Pinterest,karla_melgarejo,4c7fdbfe006fc3f216eb5be2c5366064976caa03
karla_melgarejo_img_0878,imagen_897.jpg,robots_y_tecnologia,ilustracion_plana_color,832,1248,,Pinterest,karla_melgarejo,f416957af6ffbe86342f7cff38eb9840e817a026
karla_melgarejo_img_0879,imagen_898.jpg,robots_y_tecnologia,ilustracion_plana_color,1024,1024,,Pinterest,karla_melgarejo,7fc60744038a375b40e9847814c48646c85bf160
karla_melgarejo_img_0880,imagen_9.jpg,robots_y_tecnologia,ilustracion_plana_color,800,800,,Pinterest,karla_melgarejo,514ee39fa1675dbfb24918529a055d1a48ba1d3e
karla_melgarejo_img_0881,imagen_900.png,robots_y_tecnologia,ilustracion_plana_color,1040,1300,,Pinterest,karla_melgarejo,30867478daefc306c383775d8e6941be5f1877cb
karla_melgarejo_img_0882,imagen_902.png,robots_y_tecnologia,ilustracion_plana_color,640,853,,Pinterest,karla_melgarejo,cc0075aeb23c13f006515f543a8ff9ba21262215
karla_melgarejo_img_0883,imagen_903.jpg,robots_y_tecnologia,ilustracion_plana_color,360,360,,Pinterest,karla_melgarejo,74a386c838cdbbb62f47824b0031ef52a9bb3182
karla_melgarejo_img_0884,imagen_904.jpg,robots_y_tecnologia,ilustracion_plana_color,735,893,,Pinterest,karla_melgarejo,0ed70bd3e12b253d7136cdf3fad8e9a9a8297c19
karla_melgarejo_img_0885,imagen_905.jpg,robots_y_tecnologia,ilustracion_plana_color,600,600,,Pinterest,karla_melgarejo,6916782ebca0a640380758ce20483eff9a10ccab
karla_melgarejo_img_0886,imagen_906.jpg,robots_y_tecnologia,ilustracion_plana_color,880,587,,Pinterest,karla_melgarejo,da73419aaa4682ea640f20249ae5dbc110f69013
karla_melgarejo_img_0887,imagen_907.jpg,robots_y_tecnologia,ilustracion_plana_color,1000,1500,,Pinterest,karla_melgarejo,aa327222a5d5934d4a6c11d512dbeb628e5f0d19
karla_melgarejo_img_0888,imagen_908.jpg,robots_y_tecnologia,ilustracion_plana_color,736,981,,Pinterest,karla_melgarejo,cc1b4c6644d2f45a0e70fca9376739701830333a
karla_melgarejo_img_0889,imagen_909.jpg,robots_y_tecnologia,ilustracion_plana_color,928,1152,,Pinterest,karla_melgarejo,253db6beebf0bfd3446be719c05302cb9559ae29
karla_melgarejo_img_0890,imagen_91.png,robots_y_tecnologia,ilustracion_plana_color,854,1280,,Pinterest,karla_melgarejo,c840f285b1814a3d260a9a8eeb901ad0c5c4ba24
karla_melgarejo_img_0891,imagen_910.jpg,robots_y_tecnologia,ilustracion_plana_color,600,400,,Pinterest,karla_melgarejo,0c4a935d3bc9cb134ab125c25cba89db5eb81b7b
karla_melgarejo_img_0892,imagen_911.jpg,robots_y_tecnologia,ilustracion_plana_color,512,512,,Pinterest,karla_melgarejo,b4c844d1abdf5ecf36daf0451009c6845b00f3ef
karla_melgarejo_img_0893,imagen_912.jpg,robots_y_tecnologia,ilustracion_plana_color,736,736,,Pinterest,karla_melgarejo,3108b7d372dd17eaf4bec78bbf9a1b88c2b8d12e
karla_melgarejo_img_0894,imagen_914.png,robots_y_tecnologia,ilustracion_plana_color,1000,1000,,Pinterest,karla_melgarejo,74224e8966a92ba0f0c8fc5b11baf394733e3ee9
karla_melgarejo_img_0895,imagen_915.jpg,robots_y_tecnologia,ilustracion_plana_color,1080,1920,,Pinterest,karla_melgarejo,63c347a9385788273aef73ea7e04ee9882da267b
karla_melgarejo_img_0896,imagen_917.png,robots_y_tecnologia,ilustracion_plana_color,700,572,,Pinterest,karla_melgarejo,559a773a7cbd56e1d93e626b0084121bf9ec01e5
karla_melgarejo_img_0897,imagen_918.jpg,robots_y_tecnologia,ilustracion_plana_color,1024,1024,,Pinterest,karla_melgarejo,1b799916306c3579337ef31cabd8ee2ae9341409
karla_melgarejo_img_0898,imagen_919.jpg,robots_y_tecnologia,ilustracion_plana_color,1500,1500,,Pinterest,karla_melgarejo,b56573af974dd676b79907b33171dddc84a114f4
karla_melgarejo_img_0899,imagen_92.jpg,robots_y_tecnologia,ilustracion_plana_color,1120,1120,,Pinterest,karla_melgarejo,84ce4681095f58d2eac8acbb92bb22cbc586194a
karla_melgarejo_img_0900,imagen_920.jpg,robots_y_tecnologia,ilustracion_plana_color,1024,1024,,Pinterest,karla_melgarejo,d02e990cbe946c612024bd61c6eb0671193d2766
karla_melgarejo_img_0901,imagen_921.jpg,robots_y_tecnologia,ilustracion_plana_color,832,1248,,Pinterest,karla_melgarejo,f0f31145b38343b1a70684c95d3d8345f50b39ed
karla_melgarejo_img_0902,imagen_922.jpg,robots_y_tecnologia,ilustracion_plana_color,800,800,,Pinterest,karla_melgarejo,9a79ae1bd94150bc52ddc0604c19f515183877da
karla_melgarejo_img_0903,imagen_923.jpg,robots_y_tecnologia,ilustracion_plana_color,1856,2304,,Pinterest,karla_melgarejo,9cc25462d07d4c2b35e47fa67439440c8ef39b85
karla_melgarejo_img_0904,imagen_924.jpg,robots_y_tecnologia,ilustracion_plana_color,768,1408,,Pinterest,karla_melgarejo,af6a4aec9c790f70d55ccb82e2cd0f8b4fa4d31c
karla_melgarejo_img_0905,imagen_925.jpg,robots_y_tecnologia,ilustracion_plana_color,672,672,,Pinterest,karla_melgarejo,38f79e4101c24d1847acb976b67c360bc09f6663
karla_melgarejo_img_0906,imagen_926.jpg,robots_y_tecnologia,ilustracion_plana_color,1080,947,,Pinterest,karla_melgarejo,d6cbee5283d4d1ee559b85f6c47789ccf3a6681d
karla_melgarejo_img_0907,imagen_928.png,robots_y_tecnologia,ilustracion_plana_color,736,736,,Pinterest,karla_melgarejo,a16c5f69411ca20ec746e6853b206e5df912d431
karla_melgarejo_img_0908,imagen_929.jpg,robots_y_tecnologia,ilustracion_plana_color,1080,1920,,Pinterest,karla_melgarejo,d18d1d9495144750597a489c7ae4ec42305900ac
karla_melgarejo_img_0909,imagen_93.jpg,robots_y_tecnologia,ilustracion_plana_color,1024,1024,,Pinterest,karla_melgarejo,365be1dada1c8d67ce7f5e418aae01e107bb3923
karla_melgarejo_img_0910,imagen_930.jpg,robots_y_tecnologia,ilustracion_plana_color,1824,2469,,Pinterest,karla_melgarejo,574197f526e896ecc7e63aff2a9f43e6c6fc7be2
karla_melgarejo_img_0911,imagen_931.jpg,robots_y_tecnologia,ilustracion_plana_color,1200,1200,,Pinterest,karla_melgarejo,fbdf880cfd326317ea47637cd222c6edf51c6734
karla_melgarejo_img_0912,imagen_932.jpg,robots_y_tecnologia,ilustracion_plana_color,522,379,,Pinterest,karla_melgarejo,5e705fa9a852eee23c4aecc78b889c04b2563dbf
karla_melgarejo_img_0913,imagen_933.jpg,robots_y_tecnologia,ilustracion_plana_color,896,1152,,Pinterest,karla_melgarejo,d9c9316698cd3a3e2c567781f5e53e6df1bc0115
karla_melgarejo_img_0914,imagen_934.jpg,robots_y_tecnologia,ilustracion_plana_color,4000,2666,,Pinterest,karla_melgarejo,4f2e0217ba21d0eefc4224871ea96add856394e5
karla_melgarejo_img_0915,imagen_935.jpg,robots_y_tecnologia,ilustracion_plana_color,1080,1920,,Pinterest,karla_melgarejo,9f1b58d0bdc3a00fd1372cc6e9e1e15a6d0e88be
karla_melgarejo_img_0916,imagen_936.jpg,robots_y_tecnologia,ilustracion_plana_color,736,736,,Pinterest,karla_melgarejo,36ea6587184c6a487cdf9f728db879280b0f5944
karla_melgarejo_img_0917,imagen_937.jpg,robots_y_tecnologia,ilustracion_plana_color,921,1152,,Pinterest,karla_melgarejo,bebc88522aaf226114dd5db3c85c7090acbaa1d5
karla_melgarejo_img_0918,imagen_938.jpg,robots_y_tecnologia,ilustracion_plana_color,1024,1024,,Pinterest,karla_melgarejo,36e0eb1072f4043ab1e2104b768d00732e2a621a
karla_melgarejo_img_0919,imagen_94.jpg,robots_y_tecnologia,ilustracion_plana_color,800,684,,Pinterest,karla_melgarejo,5e951b4d2d0d737434bddedd013c8c4feccc880c
karla_melgarejo_img_0920,imagen_940.png,robots_y_tecnologia,ilustracion_plana_color,800,800,,Pinterest,karla_melgarejo,620da9b41d0a1342b3ede28e955d5983ce14b76d
karla_melgarejo_img_0921,imagen_942.png,robots_y_tecnologia,ilustracion_plana_color,1024,1536,,Pinterest,karla_melgarejo,75d517f608264a2571412a9eef09f3feb53374a0
karla_melgarejo_img_0922,imagen_943.jpg,robots_y_tecnologia,ilustracion_plana_color,564,902,,Pinterest,karla_melgarejo,09304ddbe04d4cd01d4ef263cfe8596f5da9c973
karla_melgarejo_img_0923,imagen_944.jpg,robots_y_tecnologia,ilustracion_plana_color,1024,768,,Pinterest,karla_melgarejo,9716eb430c2232b411207b87c5c06702047b9de8
karla_melgarejo_img_0924,imagen_945.jpg,robots_y_tecnologia,ilustracion_plana_color,736,945,,Pinterest,karla_melgarejo,86c76026ab2f50110eb112fad21b079a7b2eaf54
karla_melgarejo_img_0925,imagen_947.png,robots_y_tecnologia,ilustracion_plana_color,360,360,,Pinterest,karla_melgarejo,fc48ce416817976e8f577c4426ebdfc1953981e6
karla_melgarejo_img_0926,imagen_948.jpg,robots_y_tecnologia,ilustracion_plana_color,1024,1024,,Pinterest,karla_melgarejo,573db18583689b6e810bf76e69caa9bdf63ad5f4
karla_melgarejo_img_0927,imagen_949.jpg,robots_y_tecnologia,ilustracion_plana_color,1024,1024,,Pinterest,karla_melgarejo,52686f9f75c5eb5476d1b0560fcb861074014f3d
karla_melgarejo_img_0928,imagen_95.jpg,robots_y_tecnologia,ilustracion_plana_color,686,1200,,Pinterest,karla_melgarejo,4dfbb1ede6c13f176389fb653bb3f230615ddc4d
karla_melgarejo_img_0929,imagen_950.jpg,robots_y_tecnologia,ilustracion_plana_color,640,640,,Pinterest,karla_melgarejo,95bf5c8b9ab3ff2054328a68662c39f021a580d4
karla_melgarejo_img_0930,imagen_952.png,robots_y_tecnologia,ilustracion_plana_color,2500,2500,,Pinterest,karla_melgarejo,19d82968a21e4269b28de101f1d5c339bef0015d
karla_melgarejo_img_0931,imagen_953.jpg,robots_y_tecnologia,ilustracion_plana_color,1024,1024,,Pinterest,karla_melgarejo,3df03fd21f5c97cb0575fba255a8d99d04da0743
karla_melgarejo_img_0932,imagen_955.png,robots_y_tecnologia,ilustracion_plana_color,786,587,,Pinterest,karla_melgarejo,ed0d7f97b47213438022cde192e3cc63efa3d4d6
karla_melgarejo_img_0933,imagen_956.jpg,robots_y_tecnologia,ilustracion_plana_color,1024,1024,,Pinterest,karla_melgarejo,74644217281033e882fcfeddeb512be5f15b37cb
karla_melgarejo_img_0934,imagen_957.jpg,robots_y_tecnologia,ilustracion_plana_color,728,966,,Pinterest,karla_melgarejo,4b051b7cefacd84cc4425992a01500b45404d63c
karla_melgarejo_img_0935,imagen_958.jpg,robots_y_tecnologia,ilustracion_plana_color,1024,768,,Pinterest,karla_melgarejo,fcdf0e2cd2afed3bf7d67d309ea03199e5df4c36
karla_melgarejo_img_0936,imagen_959.jpg,robots_y_tecnologia,ilustracion_plana_color,3024,4032,,Pinterest,karla_melgarejo,1bc1f6e12a3ee4284bb440f695af779b7ed62e7e
karla_melgarejo_img_0937,imagen_96.jpg,robots_y_tecnologia,ilustracion_plana_color,1024,1024,,Pinterest,karla_melgarejo,96067434f69712c57d809165a2ec43b69f58c6bf
karla_melgarejo_img_0938,imagen_960.jpg,robots_y_tecnologia,ilustracion_plana_color,1001,1500,,Pinterest,karla_melgarejo,b31252550483203a7db05640dbc2ed35b35dee63
karla_melgarejo_img_0939,imagen_962.png,robots_y_tecnologia,ilustracion_plana_color,1024,1024,,Pinterest,karla_melgarejo,80932f95bd191a24920d1633b29153d479c7996a
karla_melgarejo_img_0940,imagen_963.jpg,robots_y_tecnologia,ilustracion_plana_color,1000,1000,,Pinterest,karla_melgarejo,99fc7e10d120d1dde1a3e261d33fe29d1374fad7
karla_melgarejo_img_0941,imagen_964.jpg,robots_y_tecnologia,ilustracion_plana_color,800,800,,Pinterest,karla_melgarejo,edd15a0948e05b2e36569154f57c8b56c3700a43
karla_melgarejo_img_0942,imagen_965.jpg,robots_y_tecnologia,ilustracion_plana_color,1120,1120,,Pinterest,karla_melgarejo,c13425c757c63e08a3158dfb1e3311d53e360cd6
karla_melgarejo_img_0943,imagen_966.jpg,robots_y_tecnologia,ilustracion_plana_color,736,736,,Pinterest,karla_melgarejo,4785b2f64f82fff0ed8bc18bb4bb828ded222d48
karla_melgarejo_img_0944,imagen_967.jpg,robots_y_tecnologia,ilustracion_plana_color,1024,1024,,Pinterest,karla_melgarejo,aecc696df6bf551e4427f0e3d9e9dce706fb9a01
karla_melgarejo_img_0945,imagen_969.png,robots_y_tecnologia,ilustracion_plana_color,1024,1024,,Pinterest,karla_melgarejo,332b1b7a452dc6d51b088e98b701a9a246382c1f
karla_melgarejo_img_0946,imagen_970.jpg,robots_y_tecnologia,ilustracion_plana_color,1024,683,,Pinterest,karla_melgarejo,9e5ecd9738f4f6b5c773379dcd598b279695411d
karla_melgarejo_img_0947,imagen_971.jpg,robots_y_tecnologia,ilustracion_plana_color,1000,750,,Pinterest,karla_melgarejo,85e00ef9510da85761902d2bc1deb8809bc1d199
karla_melgarejo_img_0948,imagen_972.jpg,robots_y_tecnologia,ilustracion_plana_color,896,1152,,Pinterest,karla_melgarejo,fe649096920815f950efa3d02bcfd4dfd0ec01a7
karla_melgarejo_img_0949,imagen_973.jpg,robots_y_tecnologia,ilustracion_plana_color,1856,2304,,Pinterest,karla_melgarejo,32745478950759d046b783a1ecfddfff4dc3d404
karla_melgarejo_img_0950,imagen_974.jpg,robots_y_tecnologia,ilustracion_plana_color,1000,1000,,Pinterest,karla_melgarejo,e24e0bb64ce9c91fc90e107d46e0b942d8f5258f
karla_melgarejo_img_0951,imagen_975.jpg,robots_y_tecnologia,ilustracion_plana_color,1200,1600,,Pinterest,karla_melgarejo,e48802945c0cdf7e01fccb3214cc5598b66457e9
karla_melgarejo_img_0952,imagen_977.png,robots_y_tecnologia,ilustracion_plana_color,2500,2500,,Pinterest,karla_melgarejo,8f0ae5c3007b1458213ef8c81a40ad55e1456b95
karla_melgarejo_img_0953,imagen_978.jpg,robots_y_tecnologia,ilustracion_plana_color,1000,1000,,Pinterest,karla_melgarejo,fc02fd80a0afb1051b8a86267d1bcdaf6ee8d378
karla_melgarejo_img_0954,imagen_979.jpg,robots_y_tecnologia,ilustracion_plana_color,1080,1920,,Pinterest,karla_melgarejo,1e0322e440c6b307aa7ffcb0467dfeca67c4dfcf
karla_melgarejo_img_0955,imagen_98.webp,robots_y_tecnologia,ilustracion_plana_color,427,640,,Pinterest,karla_melgarejo,d95f69f5db21b8aab161740736389854269b0fc3
karla_melgarejo_img_0956,imagen_981.webp,robots_y_tecnologia,ilustracion_plana_color,1024,1024,,Pinterest,karla_melgarejo,0824ceb6e3598c592f87cee68050a7c00516e56c
karla_melgarejo_img_0957,imagen_982.jpg,robots_y_tecnologia,ilustracion_plana_color,694,1280,,Pinterest,karla_melgarejo,9a392c0cfe628295d462439c06a1adc6e15b66a7
karla_melgarejo_img_0958,imagen_983.jpg,robots_y_tecnologia,ilustracion_plana_color,1224,1840,,Pinterest,karla_melgarejo,9ced36f4667ae5dee21139ee100b58882ee6ae2c
karla_melgarejo_img_0959,imagen_984.jpg,robots_y_tecnologia,ilustracion_plana_color,300,276,,Pinterest,karla_melgarejo,a0e2007c185f2a1c7e4142128f65c4af8fbdf615
karla_melgarejo_img_0960,imagen_985.jpg,robots_y_tecnologia,ilustracion_plana_color,512,512,,Pinterest,karla_melgarejo,9b277d3c54ddb20ea1db0691f4dfcc780cb4f535
karla_melgarejo_img_0961,imagen_987.png,robots_y_tecnologia,ilustracion_plana_color,1000,1000,,Pinterest,karla_melgarejo,87e5dd2c6cd0883b2c62f68a9003b36538d8300c
karla_melgarejo_img_0962,imagen_988.jpg,robots_y_tecnologia,ilustracion_plana_color,1440,1799,,Pinterest,karla_melgarejo,0b5bf961776812a882630c0990620475a620406b
karla_melgarejo_img_0963,imagen_990.png,robots_y_tecnologia,ilustracion_plana_color,512,377,,Pinterest,karla_melgarejo,c9940fcfe42e8df2ee4ad2fd76a18cc2e07659f6
karla_melgarejo_img_0964,imagen_991.jpg,robots_y_tecnologia,ilustracion_plana_color,1000,1000,,Pinterest,karla_melgarejo,9fe66ffa022dd687c1e4e3e7354ebf87f5af24b8
karla_melgarejo_img_0965,imagen_992.jpg,robots_y_tecnologia,ilustracion_plana_color,800,800,,Pinterest,karla_melgarejo,5cc2a7cc60135421ee433c5deeebafedebb18cec
karla_melgarejo_img_0966,imagen_993.jpg,robots_y_tecnologia,ilustracion_plana_color,920,920,,Pinterest,karla_melgarejo,abc118a6375d02784c36550b84e84ee7de98d764
karla_melgarejo_img_0967,imagen_994.jpg,robots_y_tecnologia,ilustracion_plana_color,3804,5908,,Pinterest,karla_melgarejo,dd82376f9c8e4dc515f4933fa55eb796bb8b8553
karla_melgarejo_img_0968,imagen_995.jpg,robots_y_tecnologia,ilustracion_plana_color,1024,1024,,Pinterest,karla_melgarejo,5cffe8c91371e511308407c3e97d1b2f1635e8e8
karla_melgarejo_img_0969,imagen_996.jpg,robots_y_tecnologia,ilustracion_plana_color,675,1200,,Pinterest,karla_melgarejo,3663669b60be390205c035b574af7657f06c3d51
karla_melgarejo_img_0970,imagen_997.jpg,robots_y_tecnologia,ilustracion_plana_color,1024,1024,,Pinterest,karla_melgarejo,d99c24361adc792cebe595eebdad220c614bb2dc
karla_melgarejo_img_0971,imagen_998.jpg,robots_y_tecnologia,ilustracion_plana_color,236,274,,Pinterest,karla_melgarejo,f6cc5012e9beb9491c6a527f01127dfe98027c6d
karla_melgarejo_img_0972,imagen_999.jpg,robots_y_tecnologia,ilustracion_plana_color,3571,3571,,Pinterest,karla_melgarejo,5a4b0e0a75c36e786e5e4a3e27371e7f126a4dfb
