id,archivo,tematica,estilo,ancho,alto,descripcion,fuente,recolector,hash_imagen
grisel_img_0001,img_0001.png,princesas_y_castillos,ilustracion_plana_color,1920,1920,Unicornio azul corriendo.,Pixabay,grisel,02a0405b916b81f5fd7fb1da236f2cc28ac111ff
grisel_img_0002,img_0002.png,princesas_y_castillos,ilustracion_plana_color,1086,1920,Niña rubia con ropa deportiva.,Pixabay,grisel,577ecd89d3ef00618de46bdbeba6bc000f06841f
grisel_img_0003,img_0003.png,princesas_y_castillos,ilustracion_plana_color,1130,1920,Princesa y príncipe medieval conversando.,Pixabay,grisel,20a2ceb4d79df3150c6fa80ca473bff8f82baf5b
grisel_img_0004,img_0004.png,princesas_y_castillos,ilustracion_plana_color,1920,1099,Siete enanitos reunidos alrededor de una cama.,Pixabay,grisel,9081cb9425099fc9e8567c783a554e1f9090a6dd
grisel_img_0005,img_0005.png,princesas_y_castillos,ilustracion_plana_color,1920,1920,Unicornio blanco con melena azul bajo la luna.,Pixabay,grisel,c5820d36e43ebcb27efee5b9f222f4a79dbb9bc3
grisel_img_0006,img_0006.png,princesas_y_castillos,ilustracion_plana_color,1920,1119,Castillo blanco con torres y banderas.,Pixabay,grisel,9d789d44fbd9ed82d629d7e211f32676a44c43d8
grisel_img_0007,img_0007.png,princesas_y_castillos,ilustracion_plana_color,1920,1461,Castillo junto a un río entre colinas verdes.,Pixabay,grisel,e370b477c2c3e44424d690532898115fcc89fa4e
grisel_img_0008,img_0008.png,princesas_y_castillos,ilustracion_plana_color,1024,1536,Niña durmiendo bajo la luna frente a un castillo iluminado.,Pixabay,grisel,bfc0a2539c3c5fc531e394d1658476d94cff1476
grisel_img_0009,img_0009.png,princesas_y_castillos,ilustracion_plana_color,1024,1536,Princesa leyendo en su habitación durante la noche.,Pixabay,grisel,b7e44e9a0f60fd887b891f97551bce6a4a2efcf6
grisel_img_0010,img_0010.png,princesas_y_castillos,ilustracion_plana_color,1024,1536,Niña junto a un delfín rosado en un lago bajo la luna.,Pixabay,grisel,520a4f96350c62368751c9c113e6518ebe3d0243
grisel_img_0011,img_0011.png,princesas_y_castillos,ilustracion_plana_color,1297,1920,Pájaro azul posado sobre una rama.,Pixabay,grisel,e8a9c7bc058298aa988986ae2fcdf8d9c6b290ac
grisel_img_0012,img_0012.png,princesas_y_castillos,ilustracion_plana_color,1280,1920,Princesa con corona de joyas y vestido elegante.,Pixabay,grisel,2645c0e23f521ecdbc70a5b44e31fc2c7c8f6662
grisel_img_0013,img_0013.png,princesas_y_castillos,ilustracion_plana_color,1523,1920,Rana verde con corona saltando.,Pixabay,grisel,b6f5f85c7cd86dbb40cf2d914f1755935e51c410
grisel_img_0014,img_0014.png,princesas_y_castillos,ilustracion_plana_color,949,1920,Princesa subiendo una escalera de madera.,Pixabay,grisel,f97ff8f4c9d8db08abe6be9364a3dca84ad60db2
grisel_img_0015,img_0015.png,princesas_y_castillos,ilustracion_plana_color,951,1920,Mujer con vestido largo sosteniendo una manzana roja.,Pixabay,grisel,a9c304a646e554ceb7650d4717bede8c8fda16cd
grisel_img_0016,img_0016.png,princesas_y_castillos,ilustracion_plana_color,951,1920,Sirena de cabello blanco nadando bajo el agua.,Pixabay,grisel,8e58e6713d4479efab006dc3f20fc364b812c2b9
grisel_img_0017,img_0017.png,princesas_y_castillos,ilustracion_plana_color,1908,1920,Hada rubia con varita mágica.,Pixabay,grisel,25ebe627c7d628ff5355455349b0908a2569350e
grisel_img_0018,img_0018.png,princesas_y_castillos,ilustracion_plana_color,1920,1440,Castillo colorido entre nubes.,Pixabay,grisel,84b89f97c87e80df19ad71ee8a7ea441b4bb6889
grisel_img_0019,img_0019.png,princesas_y_castillos,ilustracion_plana_color,1920,1440,Castillo de piedra rodeado de árboles otoñales.,Pixabay,grisel,05180b2f8faa10f1547587f38c8e373fcd2248e6
grisel_img_0020,img_0020.png,princesas_y_castillos,ilustracion_plana_color,1920,1440,Castillo oscuro iluminado por la luna entre flores.,Pixabay,grisel,c305b8bd5d51fa0bed965ecc89010610787ff821
grisel_img_0021,img_0021.png,princesas_y_castillos,ilustracion_plana_color,1920,1440,Castillo tenebroso envuelto en niebla.,Pixabay,grisel,f8488d64c8fcd9e3fa24d1a13ef8a0bb6f4605cd
grisel_img_0022,img_0022.png,princesas_y_castillos,ilustracion_plana_color,1920,1920,Princesa con vestido azul claro.,Pixabay,grisel,324cdc850a96f1da8a8e276878b58c072e3fafb7
grisel_img_0023,img_0023.png,princesas_y_castillos,ilustracion_plana_color,1920,1127,Pueblo con castillo bajo un sol amarillo.,Pixabay,grisel,7237a4ac8c48f65bf2f63212462aa38121b5c56e
grisel_img_0024,img_0024.png,princesas_y_castillos,ilustracion_plana_color,1920,1920,Reina con corona y armadura decorada.,Pixabay,grisel,e262d497f65c0a61428da32d9fc935d371f120f4
grisel_img_0025,img_0025.png,princesas_y_castillos,ilustracion_plana_color,1920,1920,Elefante en globo aerostático rosa.,Pixabay,grisel,5b6910ba070dff36c77fd5dc30caa51f227441a1
grisel_img_0026,img_0026.png,princesas_y_castillos,ilustracion_plana_color,1920,1920,Flamenco rosa con corona de flores.,Pixabay,grisel,d1665c0f11e017790e3383642ece796e8bdeea66
grisel_img_0027,img_0027.png,princesas_y_castillos,ilustracion_plana_color,1920,1912,Castillo en una colina junto a un jardín.,Pixabay,grisel,215d82dc2a6c500fa3a8fca35eb1169fd0d29070
grisel_img_0028,img_0028.png,princesas_y_castillos,ilustracion_plana_color,1778,1920,Castillo rosa junto a un árbol.,Pixabay,grisel,04ad80343e36d3d07558407bc9e6cd6fd041c2b0
grisel_img_0029,img_0029.png,princesas_y_castillos,ilustracion_plana_color,1200,1920,Bufón caminando frente a un castillo.,Pixabay,grisel,7527871cf1f859d9f40edeae542d179cd2825f37
grisel_img_0030,img_0030.png,princesas_y_castillos,ilustracion_plana_color,1920,1188,Carruaje antiguo de madera.,Pixabay,grisel,8b755dc8c3457bbed3e27c83879183eb508d6357
grisel_img_0031,img_0031.png,princesas_y_castillos,ilustracion_plana_color,1920,1076,Rey con corona y capa roja.,Pixabay,grisel,2559236c6623cc6b1f8521d1a29ed57d437e98ad
grisel_img_0032,img_0032.png,princesas_y_castillos,ilustracion_plana_color,1920,1280,Princesa caminando hacia un castillo por un sendero.,Pixabay,grisel,91d09e94751d6b50327f4674ffa63a893d5bd781
grisel_img_0033,img_0033.png,princesas_y_castillos,ilustracion_plana_color,1280,1920,Caballero con armadura plateada.,Pixabay,grisel,c5b38464d7d8111150cce041b7de197d05fc5557
grisel_img_0034,img_0034.png,princesas_y_castillos,ilustracion_plana_color,1440,1920,Joven cabalgando un caballo marrón.,Pixabay,grisel,499661901ad23a188fe853ca376269747fc24de5
grisel_img_0035,img_0035.png,princesas_y_castillos,ilustracion_plana_color,1185,1920,Trono real azul y dorado.,Pixabay,grisel,dc0b204c4f10e1408a8078bebf06ddf133055be5
grisel_img_0036,img_0036.png,princesas_y_castillos,ilustracion_plana_color,1652,1920,Princesa con vestido rosa largo.,Pixabay,grisel,331c62ff5ad95a4fefefa5440166c2b53beb75db
grisel_img_0037,img_0037.png,princesas_y_castillos,ilustracion_plana_color,1920,1920,Reina con corona sosteniendo a una niña.,Pixabay,grisel,e9c6169b0171fc3fc7092ccffa7affc482ce00c0
grisel_img_0038,img_0038.png,princesas_y_castillos,ilustracion_plana_color,1920,1076,Princesa sonriente frente a un castillo.,Pixabay,grisel,cd09f512adc112dba5baff754426f2a095aeb2e1
grisel_img_0039,img_0039.png,princesas_y_castillos,ilustracion_plana_color,1920,1076,Princesa rubia frente a un castillo al atardecer.,Pixabay,grisel,100806093d06c2d70e35bcc8ffc7f9c29522394e
grisel_img_0040,img_0040.png,princesas_y_castillos,ilustracion_plana_color,1920,1920,Princesa con vestido brillante y cabello rizado.,Pixabay,grisel,0521110c98a616c8dee813ac4d3724f44c88919a
grisel_img_0041,img_0041.png,princesas_y_castillos,ilustracion_plana_color,1920,1080,Princesa junto a un dragón negro.,Pixabay,grisel,b7cfcff1fb4424db7034f077a72dcd4271d5192d
grisel_img_0042,img_0042.png,princesas_y_castillos,ilustracion_plana_color,1920,1920,Gato blanco con corona y capa real.,Pixabay,grisel,6fc75322eafd5eb852fb68df222f19722438861b
grisel_img_0043,img_0043.png,princesas_y_castillos,ilustracion_plana_color,1920,1920,Rey esqueleto con corona y cetro.,Pixabay,grisel,6f086557420d32533fcaf2ed5037bc64a505a8a1
grisel_img_0044,img_0044.png,princesas_y_castillos,ilustracion_plana_color,1341,1920,Niña pelirroja con vestido rosa.,Pixabay,grisel,676c6fe15cb2cbfca9214853dc86e06b1494e703
grisel_img_0045,img_0045.png,princesas_y_castillos,ilustracion_plana_color,1440,1920,"Novios, princesa y principe frente a flores rosadas.",Pixabay,grisel,90586594f722edfd2ebeaacc42b22857b53533af
grisel_img_0046,img_0046.png,princesas_y_castillos,ilustracion_plana_color,1441,1920,Castillo rosado sobre una colina.,Pixabay,grisel,cee9d28a86a475b8989d5dbdd73d1ce9856e7e51
grisel_img_0047,img_0047.png,princesas_y_castillos,ilustracion_plana_color,1357,1920,Castillo en una montaña bajo la luna llena.,Pixabay,grisel,a6e9a254e56fdaa88d5d5222cf6e4d36659ce7f8
grisel_img_0048,img_0048.png,princesas_y_castillos,ilustracion_plana_color,1920,1920,Hada posada sobre una hoja.,Pixabay,grisel,48d2fe006b22422d7709d3b1caba33d7b5a8daaf
grisel_img_0049,img_0049.png,princesas_y_castillos,ilustracion_plana_color,1920,1920,Palacio mágico junto al agua durante la noche.,Pixabay,grisel,b13867957ab5388e14c4342f0dfe9f73c36c29e6
grisel_img_0050,img_0050.png,princesas_y_castillos,ilustracion_plana_color,1920,1920,Figura luminosa formada por partículas doradas.,Pixabay,grisel,5effc4cd5566ebf2d1376efd774560d70fe60561
grisel_img_0051,img_0051.png,princesas_y_castillos,ilustracion_plana_color,1920,1920,Criatura fantástica sobre una pila de libros.,Pixabay,grisel,3fda7680ea61a0adaa25e322b2c60b232be9089f
grisel_img_0052,img_0052.png,princesas_y_castillos,ilustracion_plana_color,1920,1440,Cofre del tesoro lleno de monedas de oro.,Pixabay,grisel,de74fae70139283deebd8751c5e4f3112e61d697
grisel_img_0053,img_0053.png,princesas_y_castillos,ilustracion_plana_color,1920,1080,Bruja niña con sombrero negro.,Pixabay,grisel,aafd412661c13fe33b3f284e82ead5227f1fed03
grisel_img_0054,img_0054.png,princesas_y_castillos,ilustracion_plana_color,1920,1920,Rey anciano con corona dorada.,Pixabay,grisel,cfd7fdf64acd68d63666515ea349e71116b16168
grisel_img_0055,img_0055.png,princesas_y_castillos,ilustracion_plana_color,1280,1920,Ventana de vitral en un castillo.,Pixabay,grisel,bb9e90b706c4e7db1528d051a91d502130f71dc4
grisel_img_0056,img_0056.png,princesas_y_castillos,ilustracion_plana_color,1148,1920,Castillo oscuro entre árboles verdes.,Pixabay,grisel,914df7b2b9551f8c916bfbb94292aeb9a3b5a9ee
grisel_img_0057,img_0057.png,princesas_y_castillos,ilustracion_plana_color,1334,1920,Castillo blanco con torres rojas sobre una colina.,Pixabay,grisel,eaccc67475f38fb4e5331015cb47e705212b58aa
grisel_img_0058,img_0058.png,princesas_y_castillos,ilustracion_plana_color,1920,1522,Ciudad amurallada con torres y casas.,Pixabay,grisel,686daf5ce9db59389735b50e3245823136d9081d
grisel_img_0059,img_0059.png,princesas_y_castillos,ilustracion_plana_color,1920,1052,Corona dorada con piedras preciosas.,Pixabay,grisel,a9ee6ff5016b8a06788f4983230b3402c2a0b764
grisel_img_0060,img_0060.png,princesas_y_castillos,ilustracion_plana_color,1920,1903,Corona real púrpura y dorada.,Pixabay,grisel,0e1a46a142568dfe8e2473e6740609d1d373443f
grisel_img_0061,img_0061.png,princesas_y_castillos,ilustracion_plana_color,1920,1873,Corona real púrpura y dorada.,Pixabay,grisel,af83df70f841cbad26bb2d04044bd1dc3a27978f
grisel_img_0062,img_0062.png,princesas_y_castillos,ilustracion_plana_color,1920,960,Corona dorada con piedras preciosas.,Pixabay,grisel,7bfc31c2e505325e23420f31c876b56177af8203
grisel_img_0063,img_0063.png,princesas_y_castillos,ilustracion_plana_color,1920,1759,Corona real azul y dorada.,Pixabay,grisel,f80edb5af214400890899efb8c50117181f1a90d
grisel_img_0064,img_0064.png,princesas_y_castillos,ilustracion_plana_color,1507,1920,"Rey con corona, capa azul y cetro.",Pixabay,grisel,239e130f9bb5a3b1407cdaecf330e208d9390ce0
grisel_img_0065,img_0065.png,princesas_y_castillos,ilustracion_plana_color,1508,1920,Princesa pelirroja con vestido morado.,Pixabay,grisel,a9bedafa4f9d4cb256e49f17d3de969b068bd7f2
grisel_img_0066,img_0066.png,princesas_y_castillos,ilustracion_plana_color,960,1920,Torre de castillo con techos rojos.,Pixabay,grisel,806fc6c810094bbf6f634e251ed67070c8c675d3
grisel_img_0067,img_0067.png,princesas_y_castillos,ilustracion_plana_color,1920,1293,Cofre del tesoro lleno de monedas de oro.,Pixabay,grisel,84126c85ed060c28203e8ebf653308c23ee31613
grisel_img_0068,img_0068.png,princesas_y_castillos,ilustracion_plana_color,1705,1920,Princesa con vestido blanco sentada sobre unas rocas.,Pixabay,grisel,88b1318584a04b8cbb25b59e6308a35247233304
grisel_img_0069,img_0069.png,princesas_y_castillos,ilustracion_plana_color,1920,1276,Dragón naranja volando.,Pixabay,grisel,3317d2bc98044eab88486d020c2f1ee450aa5008
grisel_img_0070,img_0070.png,princesas_y_castillos,ilustracion_plana_color,1920,1793,Sirena de cabello rojo con cola azul.,Pixabay,grisel,1f84af4c6c04d64aa6e244016a37bced394b51b4
grisel_img_0071,img_0071.png,princesas_y_castillos,ilustracion_plana_color,1920,1920,"Pingüino rey con corona, capa y cetro.",Pixabay,grisel,8c610708e9650a47a0c361afccb3a2d649b37590
grisel_img_0072,img_0072.png,princesas_y_castillos,ilustracion_plana_color,1920,1920,Alienígena con corona y capa real.,Pixabay,grisel,b4421f3ff22435525429c6c95b6cba85428aee9d
grisel_img_0073,img_0073.png,princesas_y_castillos,ilustracion_plana_color,1920,1920,Cocodrilo princesa con vestido rosa y corona.,Pixabay,grisel,aa19b8b1a842a562170477f837936a2159f7e937
grisel_img_0074,img_0074.png,princesas_y_castillos,ilustracion_plana_color,1920,1920,Hada con corona dorada y vestido blanco.,Pixabay,grisel,7d0bd6e26ae2e1c26aea60f38d9f6463efbbac79
grisel_img_0075,img_0075.png,princesas_y_castillos,ilustracion_plana_color,1280,1920,Reina con vestido verde sosteniendo un pergamino.,Pixabay,grisel,2660eda4046cda27f7588fd467711ef79dac03a3
grisel_img_0076,img_0076.png,princesas_y_castillos,ilustracion_plana_color,1176,1920,Hada con vestido verde y alas blancas.,Pixabay,grisel,832277bf2fc1dad4226f5f38716acc094f43400f
grisel_img_0077,img_0077.png,princesas_y_castillos,ilustracion_plana_color,1920,1920,Niña mirando su reflejo de princesa en un espejo.,Pixabay,grisel,8ee5afec2afd3c11825d0e538ab573b8d0cce486
grisel_img_0078,img_0078.png,princesas_y_castillos,ilustracion_plana_color,1280,1920,Castillo colorido junto a casas de cuento.,Pixabay,grisel,fa69193d52de54a53a1fe5dc20f445430c8f84d3
grisel_img_0079,img_0079.png,princesas_y_castillos,ilustracion_plana_color,225,225,Princesa con corona frente a un castillo.,Pixabay,grisel,999ea3032c7d8e30c394fcbb2c4c980c247d7132
grisel_img_0080,img_0080.png,princesas_y_castillos,ilustracion_plana_color,225,225,Niño caballero con espada y capa roja.,Pixabay,grisel,87b84bae6d8204a73d49cb85cdac71f89a8819b1
grisel_img_0081,img_0081.png,princesas_y_castillos,ilustracion_plana_color,275,183,Castillo rosado rodeado de nubes.,Pixabay,grisel,2b4c061c7ea1d0412cb9e34d04d286d98228cbaf
grisel_img_0082,img_0082.png,princesas_y_castillos,ilustracion_plana_color,225,225,Príncipe montando un caballo.,Pixabay,grisel,2c8699ba4a53841dbca1a34db1a5ebeca28950d0
grisel_img_0083,img_0083.png,princesas_y_castillos,ilustracion_plana_color,225,225,Castillo con jardines y camino de flores.,Pixabay,grisel,b9fa43162edda51f8b243b364a431ba40ab02870
grisel_img_0084,img_0084.png,princesas_y_castillos,ilustracion_plana_color,263,192,Castillo de cuento bajo un arcoíris.,Pixabay,grisel,f1317b7bd49e29aa2695ae73a0190a0072ab89f1
grisel_img_0085,img_0085.png,princesas_y_castillos,ilustracion_plana_color,217,232,Princesa frente a un castillo colorido.,Pixabay,grisel,cac844a1c9bb707e15bd8f30114f68e0e08b1652
grisel_img_0086,img_0086.png,princesas_y_castillos,ilustracion_plana_color,216,233,Castillo flotando entre las nubes.,Pixabay,grisel,36cdcc2eb700b2eb8609e56e1157e84df67ceac1
grisel_img_0087,img_0087.png,princesas_y_castillos,ilustracion_plana_color,225,225,Rey frente a un castillo con torres.,Pixabay,grisel,5c6022934c365c49f3b4b116c802d11e160ade10
grisel_img_0088,img_0088.png,princesas_y_castillos,ilustracion_plana_color,289,175,Valle mágico con un castillo al fondo.,Pixabay,grisel,76f8ce4757d06cd32380780245ac860113d0711a
grisel_img_0089,img_0089.png,princesas_y_castillos,ilustracion_plana_color,225,225,Palacio colorido sobre una ciudad.,Pixabay,grisel,87e8fecb8c9e714bdd1fab4fd67a2ad77c77a288
grisel_img_0090,img_0090.png,princesas_y_castillos,ilustracion_plana_color,330,153,Muralla de castillo con una gran puerta.,Pixabay,grisel,04b632e9e17491d77d715f6f7c9aff74139f5c83
grisel_img_0091,img_0091.png,princesas_y_castillos,ilustracion_plana_color,169,299,Príncipe con corona y capa roja.,Pixabay,grisel,a173431dfe4f860ad4f98b11f8be2dd40e2a0da9
grisel_img_0092,img_0092.png,princesas_y_castillos,ilustracion_plana_color,225,225,Princesa rubia con vestido rosa y corona.,Pixabay,grisel,dcba4ee6bae7a074e3cf4c0d62211b3398868df5
grisel_img_0093,img_0093.png,princesas_y_castillos,ilustracion_plana_color,181,279,Hada de cabello azul con vestido gris.,Pixabay,grisel,39e3bb00cc4b42604b031ec833dd891fa65dc6f3
grisel_img_0094,img_0094.png,princesas_y_castillos,ilustracion_plana_color,186,272,Príncipe con uniforme azul y rojo.,Pixabay,grisel,a3fa936d7aefae26e04aa884c8539a52053194b1
grisel_img_0095,img_0095.png,princesas_y_castillos,ilustracion_plana_color,287,175,Príncipe y princesa frente a un castillo.,Pixabay,grisel,677e303fb7b7e531298eed3d0469c6905b78a41f
grisel_img_0096,img_0096.png,princesas_y_castillos,ilustracion_plana_color,138,366,Joven príncipe con uniforme azul.,Pixabay,grisel,9ebc136298d3ce96b86f75e4573387d2b936b883
grisel_img_0097,img_0097.png,princesas_y_castillos,ilustracion_plana_color,185,272,Príncipe montando un caballo marrón.,Pixabay,grisel,d4d713688d77cae3bed9b76803443bc37acb758b
grisel_img_0098,img_0098.png,princesas_y_castillos,ilustracion_plana_color,300,168,Príncipe y princesa en un bosque encantado.,Pixabay,grisel,00d9e40cb7c66bffa4ba7c32bf1f9ab07f1c6374
grisel_img_0099,img_0099.png,princesas_y_castillos,ilustracion_plana_color,300,168,Princesa caminando por un bosque mágico.,Pixabay,grisel,81dc1c02884bd1a4f87ebbac6045d218268c8155
grisel_img_0100,img_0100.png,princesas_y_castillos,ilustracion_plana_color,297,170,Princesa frente a un castillo iluminado.,Pixabay,grisel,d22b8b92bb942880652fed90650dc1b785dd0dc5
grisel_img_0101,img_0101.png,princesas_y_castillos,ilustracion_plana_color,225,225,Princesa rubia frente a un castillo.,Pixabay,grisel,5de6534cfd167fc623b75faffe9e203bc14562aa
grisel_img_0102,img_0102.png,princesas_y_castillos,ilustracion_plana_color,299,169,Princesa con vestido rosa caminando por un jardín.,Pixabay,grisel,7166dd23c1f79ce8546e69b9a84287497273b5ae
grisel_img_0103,img_0103.png,princesas_y_castillos,ilustracion_plana_color,297,170,Princesa caminando por un sendero hacia un castillo.,Pixabay,grisel,c6ab7c61c0fac48a69e1f51b58184c58bac7e869
grisel_img_0104,img_0104.png,princesas_y_castillos,ilustracion_plana_color,179,281,Princesa con vestido lila y tiara.,Pixabay,grisel,2ed440a7254e3eded7defc56e7eb61c83e81bb12
grisel_img_0105,img_0105.png,princesas_y_castillos,ilustracion_plana_color,225,225,Mujer observando un castillo entre flores.,Pixabay,grisel,2f1289acea8c14f1a48f89d65a682d9dd3608b97
grisel_img_0106,img_0106.png,princesas_y_castillos,ilustracion_plana_color,297,170,Princesa pelirroja observando un castillo junto a un lago.,Pixabay,grisel,a26c718bfda3c98cceed496693ccfdf6e1480fea
grisel_img_0107,img_0107.png,princesas_y_castillos,ilustracion_plana_color,225,225,Dos princesas frente a un castillo iluminado.,Pixabay,grisel,dc11f0bc2f636b750d35c401fb39dddd3696cac6
grisel_img_0108,img_0108.png,princesas_y_castillos,ilustracion_plana_color,225,225,Princesa caminando por un bosque oscuro.,Pixabay,grisel,df6159ad7f546acf5e9eb4dc7a59c0f227fca4c5
grisel_img_0109,img_0109.png,princesas_y_castillos,ilustracion_plana_color,304,166,Princesa rubia frente a un palacio colorido.,Pixabay,grisel,3c2c2968ec848655ff8a95b2f59f2ea76f3a062e
grisel_img_0110,img_0110.png,princesas_y_castillos,ilustracion_plana_color,199,254,Niña sentada frente a un castillo rosado.,Pixabay,grisel,5bcad60f293bc26200de215844c29a283afb3b34
grisel_img_0111,img_0111.png,princesas_y_castillos,ilustracion_plana_color,267,189,Princesa junto a un castillo y un río.,Pixabay,grisel,687dadc7fa752a412a0a0ee7ea77860466e45498
grisel_img_0112,img_0112.png,princesas_y_castillos,ilustracion_plana_color,304,166,Princesa con vestido verde frente a un palacio.,Pixabay,grisel,c4dde8e58f43a828f97609eb986f3165f8abde32
grisel_img_0113,img_0113.png,princesas_y_castillos,ilustracion_plana_color,256,197,Princesa de cabello rosado frente a un castillo.,Pixabay,grisel,1ce60720c31af156953c9fd80790f33ffe331437
grisel_img_0114,img_0114.png,princesas_y_castillos,ilustracion_plana_color,267,189,Castillo de cuento rodeado de arcoíris y flores.,Pixabay,grisel,2970e9ab2b06fa0401f39e48957dfa1b1e7e1156
grisel_img_0115,img_0115.png,princesas_y_castillos,ilustracion_plana_color,259,194,Grupo de princesas con vestidos de colores.,Pixabay,grisel,5a6e1fa52226b8d00acf170098a2c470c0e8adf1
grisel_img_0116,img_0116.png,princesas_y_castillos,ilustracion_plana_color,267,189,Príncipe y princesa frente a un castillo.,Pixabay,grisel,6035ac926b1a6b196b9458797c89f53734ff8696
grisel_img_0118,img_0118.png,princesas_y_castillos,ilustracion_plana_color,304,166,Princesa rubia frente a un palacio colorido.,Pixabay,grisel,9b968715636947bc133848ad02e91daaa49cb667
grisel_img_0119,img_0119.png,princesas_y_castillos,ilustracion_plana_color,189,267,Princesa con vestido amarillo frente a un castillo.,Pixabay,grisel,f4c501070a47fa5824f95dcdc827700389405778
grisel_img_0120,img_0120.png,princesas_y_castillos,ilustracion_plana_color,318,159,Princesa asomada a la ventana de una torre.,Pixabay,grisel,36310a6a91d75992c2822c9260d105f638ac63ce
grisel_img_0121,img_0121.png,princesas_y_castillos,ilustracion_plana_color,225,225,Princesa con vestido azul frente a un castillo rosado.,Pixabay,grisel,a34f11a47352fc23a3bf56b8791f97387d2dc59e
grisel_img_0122,img_0122.png,princesas_y_castillos,ilustracion_plana_color,272,185,Princesa rubia frente a un castillo de piedra.,Pixabay,grisel,6f1410796cd21ba4f51527fc27764219225794e1
grisel_img_0123,img_0123.png,princesas_y_castillos,ilustracion_plana_color,305,165,Princesa dormida frente a un palacio colorido.,Pixabay,grisel,fb775bc737d43836b3a0401131f58d03fef8d558
grisel_img_0124,img_0124.png,princesas_y_castillos,ilustracion_plana_color,225,225,Príncipe y princesa en un jardín real.,Pixabay,grisel,ccb6f4c10d6b56b39872e186abe15d8a64ffdc19
grisel_img_0125,img_0125.png,princesas_y_castillos,ilustracion_plana_color,275,183,Princesa con vestido rosa junto a un castillo.,Pixabay,grisel,c0e18b86e653ebe058f4fb563badb1f426fb0f77
grisel_img_0126,img_0126.png,princesas_y_castillos,ilustracion_plana_color,183,275,Princesa junto a una torre iluminada.,Pixabay,grisel,759d47ac5f8186996641c42f7271971ddfe9bc4b
grisel_img_0127,img_0127.png,princesas_y_castillos,ilustracion_plana_color,183,275,Princesa con vestido amarillo en un jardín de flores.,Pixabay,grisel,287aec6524ead772b6e80509f0c6b0d4247b79dd
grisel_img_0128,img_0128.png,princesas_y_castillos,ilustracion_plana_color,264,191,Princesa frente a un castillo rodeado de flores.,Pixabay,grisel,70697cfab52a6cea3b45e8811c69fd7ebb3696c3
grisel_img_0129,img_0129.png,princesas_y_castillos,ilustracion_plana_color,299,168,Princesa en un campo de flores frente a un castillo.,Pixabay,grisel,5a5d04c3f715b4ade1f7e15aae20735d07181de8
grisel_img_0130,img_0130.png,princesas_y_castillos,ilustracion_plana_color,275,183,Tres niños plantando un árbol cerca de un castillo.,Pixabay,grisel,3caf4f97b90c352dabbd76b46fcc292391a8a5b6
grisel_img_0131,img_0131.png,princesas_y_castillos,ilustracion_plana_color,275,183,Grupo de princesas caminando hacia un castillo rosado.,Pixabay,grisel,c58449a792f8698cd3982e7ce186a36ed28e3182
grisel_img_0132,img_0132.png,princesas_y_castillos,ilustracion_plana_color,297,170,Hada princesa sentada entre flores.,Pixabay,grisel,9b706b91322521f7882e4785519daa0bf559c00c
grisel_img_0133,img_0133.png,princesas_y_castillos,ilustracion_plana_color,299,169,Princesa sentada en un trono dorado.,Pixabay,grisel,f76f982c6ef7c5a5216a85c74eeb49b77b6d35db
grisel_img_0134,img_0134.png,princesas_y_castillos,ilustracion_plana_color,202,250,Princesa caminando por un jardín hacia un castillo.,Pixabay,grisel,0eed78e9dcb3a39216425120b86960ed82ee1dfa
grisel_img_0135,img_0135.png,princesas_y_castillos,ilustracion_plana_color,275,183,Princesa rubia frente a un castillo entre árboles.,Pixabay,grisel,3c1de995bfd752acd5b71c7a8d9d9b817288fe27
grisel_img_0136,img_0136.png,princesas_y_castillos,ilustracion_plana_color,268,188,Princesa con vestido amarillo en un jardín frente a un castillo.,Pixabay,grisel,35874b1895f48af52afe99bd19b7bd31d4fea346
grisel_img_0137,img_0137.png,princesas_y_castillos,ilustracion_plana_color,168,300,Grupo de princesas con vestidos de colores.,Pixabay,grisel,77ee442bbb4a1d317fbc2c60ed45773e08744fae
grisel_img_0138,img_0138.png,princesas_y_castillos,ilustracion_plana_color,195,259,Dos princesas y dos príncipes en un jardín real.,Pixabay,grisel,cb60794ded46adf0218c3f03b55e807d98528030
grisel_img_0139,img_0139.png,princesas_y_castillos,ilustracion_plana_color,216,233,Princesa con un conejo blanco entre flores.,Pixabay,grisel,b0e7b8c338388c2eb4a3abdb13002400f9c517c5
grisel_img_0140,img_0140.png,princesas_y_castillos,ilustracion_plana_color,210,240,Príncipe y princesa frente a un castillo bajo un arcoíris.,Pixabay,grisel,18833e6b576decff52ef2afd4440995de244169e
grisel_img_0141,img_0141.png,princesas_y_castillos,ilustracion_plana_color,297,170,Princesa con vestido lila caminando por un jardín.,Pixabay,grisel,d8c6a59c9cce43a8e2df6e2a8f311faeb0075fa3
grisel_img_0142,img_0142.png,princesas_y_castillos,ilustracion_plana_color,297,170,Princesa sentada en un trono rodeada de luces.,Pixabay,grisel,ae7838be0b32a8adc88825e38462a45d16f3c200
grisel_img_0143,img_0143.png,princesas_y_castillos,ilustracion_plana_color,259,194,Príncipe y princesa caminando hacia un castillo.,Pixabay,grisel,77b1c085b69f4a9c95af1673d02890e57791054b
grisel_img_0144,img_0144.png,princesas_y_castillos,ilustracion_plana_color,268,188,Princesa con vestido rosa en un jardín encantado.,Pixabay,grisel,66e1d1f1d5b06b7612de8478940fe622f8a7d33f
grisel_img_0145,img_0145.png,princesas_y_castillos,ilustracion_plana_color,225,225,Princesa de pie en un estanque rodeado de flores.,Pixabay,grisel,2853ba2b6a057c45a2afb31e2a0e3fd494710773
grisel_img_0146,img_0146.png,princesas_y_castillos,ilustracion_plana_color,252,200,Princesa preparando una poción mágica.,Pixabay,grisel,1f46b8107c3cbc48ef78c5e890c0a1735de665c7
grisel_img_0147,img_0147.png,princesas_y_castillos,ilustracion_plana_color,223,226,Príncipe y princesa frente a un castillo.,Pixabay,grisel,73debb26005a8167a18c72aaec26cc1c88311aea
grisel_img_0148,img_0148.png,princesas_y_castillos,ilustracion_plana_color,225,225,Princesa de cabello negro con vestido azul.,Pixabay,grisel,c3624a2dbc7dda1761e4dc3ea0b3d313e722d5f7
grisel_img_0149,img_0149.png,princesas_y_castillos,ilustracion_plana_color,225,225,Niño y niña caminando por un jardín real.,Pixabay,grisel,ff4cae427278375dd88e8725f0839f7415f4b6c9
grisel_img_0150,img_0150.png,princesas_y_castillos,ilustracion_plana_color,275,183,Hada princesa con vestido rosa frente a un castillo.,Pixabay,grisel,a3b2a9c51a55b4f58231eb02482f310b921c53dc
grisel_img_0151,img_0151.png,princesas_y_castillos,ilustracion_plana_color,188,268,Princesa con vestido amarillo frente a un castillo junto a un lago.,Pixabay,grisel,c6fd512920fc1818cfbd418ebf70fd37635be4bd
grisel_img_0152,img_0152.png,princesas_y_castillos,ilustracion_plana_color,299,169,Princesa caminando por un jardín frente a un castillo.,Pixabay,grisel,d7847b31285a8c0d18264411b28500351e5f2eed
grisel_img_0153,img_0153.png,princesas_y_castillos,ilustracion_plana_color,335,150,Príncipe y princesa en un balcón real.,Pixabay,grisel,d61e454129756c5b1f41baf0abc424ac6c0d9baa
grisel_img_0154,img_0154.png,princesas_y_castillos,ilustracion_plana_color,259,195,Príncipe y princesa junto a un caballo frente a un castillo.,Pixabay,grisel,89a45020dd3367bd288d2dbb2498848467b60add
grisel_img_0155,img_0155.png,princesas_y_castillos,ilustracion_plana_color,233,216,Príncipe y princesa frente a un castillo con un río.,Pixabay,grisel,2ec58a3042b4cf210dde34009a7b26d23eecd94f
grisel_img_0156,img_0156.png,princesas_y_castillos,ilustracion_plana_color,236,214,Príncipe y princesa caminando junto a un caballo blanco.,Pixabay,grisel,5628e4d92cabc25ea1977803ec4aad6c07757168
grisel_img_0157,img_0157.png,princesas_y_castillos,ilustracion_plana_color,229,220,Príncipe y princesa tomados de la mano frente a un castillo.,Pixabay,grisel,fe355c2850298a172047a21ccae641b521bb7fff
grisel_img_0158,img_0158.png,princesas_y_castillos,ilustracion_plana_color,243,207,"Príncipe, princesa y unicornio bajo un arcoíris.",Pixabay,grisel,1be67e602a4d5e75ccac5cd3f6527000c2e93268
grisel_img_0159,img_0159.png,princesas_y_castillos,ilustracion_plana_color,300,168,Castillo junto a un río entre colinas verdes.,Pixabay,grisel,74c5cf0267db94a60413f0bbfa4e514e966ac5d1
grisel_img_0160,img_0160.png,princesas_y_castillos,ilustracion_plana_color,304,166,Príncipe y princesa bailando al atardecer.,Pixabay,grisel,a99861cd65e4e2b5e9e23aed14ae61c119adf765
grisel_img_0161,img_0161.png,princesas_y_castillos,ilustracion_plana_color,267,189,Princesa bailando en un patio iluminado.,Pixabay,grisel,37486be42d7f6ef127d3dc9ad1bb6f1223f1daeb
grisel_img_0162,img_0162.png,princesas_y_castillos,ilustracion_plana_color,288,175,Príncipe abrazando a una princesa frente a un palacio.,Pixabay,grisel,d82a34721b1c6b8427ab3d6e54c46fc1b9e208fc
grisel_img_0163,img_0163.png,princesas_y_castillos,ilustracion_plana_color,278,181,Niño y niña frente a un castillo junto a un lago.,Pixabay,grisel,1ea2ec364cbf1eadb4a09871d22c761bc9e391fb
grisel_img_0164,img_0164.png,princesas_y_castillos,ilustracion_plana_color,266,189,Príncipe y princesa caminando por un sendero con corazones.,Pixabay,grisel,572098d51e6c046d7c9792ae652107f3b5c3951e
grisel_img_0165,img_0165.png,princesas_y_castillos,ilustracion_plana_color,248,203,Príncipe y princesa frente a un castillo con un estanque.,Pixabay,grisel,fb51a4edd8e7b3a51b691c1328d8081a7ad9c852
grisel_img_0166,img_0166.png,princesas_y_castillos,ilustracion_plana_color,375,134,Princesa en un palacio con columnas rosadas.,Pixabay,grisel,6fff83578cf68d0fa7e574d3ee380eb9b3cd2fea
grisel_img_0167,img_0167.png,princesas_y_castillos,ilustracion_plana_color,341,148,Salón real con ventanas y lámparas.,Pixabay,grisel,72db4932495aeb234e3cc942b8f0914bfb62e1b4
grisel_img_0168,img_0168.png,princesas_y_castillos,ilustracion_plana_color,225,225,Princesa montando un unicornio blanco.,Pixabay,grisel,493b46d4a33e759b2bf0b1785d3c4191e4937b7a
grisel_img_0169,img_0169.png,princesas_y_castillos,ilustracion_plana_color,225,225,Princesa abrazando a un unicornio.,Pixabay,grisel,5261a1a8346fd451b6172d0a67f70d62ee144cd9
grisel_img_0170,img_0170.png,princesas_y_castillos,ilustracion_plana_color,300,168,Castillo blanco rodeado de árboles rosados.,Pixabay,grisel,1cd1630684e3f9cf0887d72beb644335f3485e79
grisel_img_0171,img_0171.png,princesas_y_castillos,ilustracion_plana_color,189,267,Princesa montando un unicornio bajo la luna.,Pixabay,grisel,9ad788ce3c64cfee0cbcc985297c9e98d18486c0
grisel_img_0172,img_0172.png,princesas_y_castillos,ilustracion_plana_color,225,225,Princesa con vestido rosa montando un unicornio.,Pixabay,grisel,f5767061adb982bf5a9d3cd08ebf59fc07035ecb
grisel_img_0173,img_0173.png,princesas_y_castillos,ilustracion_plana_color,225,225,Princesa rubia montando un unicornio blanco.,Pixabay,grisel,98c24b58f74e2f6e026a54e973614622c613ed36
grisel_img_0174,img_0174.png,princesas_y_castillos,ilustracion_plana_color,229,220,Princesa montando un unicornio dentro de un círculo rosa.,Pixabay,grisel,cf3fe8f3f8c440858a453c5302d710de906249a9
grisel_img_0175,img_0175.png,princesas_y_castillos,ilustracion_plana_color,224,225,Sirena princesa junto a un unicornio.,Pixabay,grisel,fc93a9d01e6c393f9b7751e4c22342ecc96ff7bb
grisel_img_0176,img_0176.png,princesas_y_castillos,ilustracion_plana_color,225,225,Princesa de cabello multicolor junto a un unicornio.,Pixabay,grisel,47973be0941cb3838f2d07a5c24dd990088578b9
grisel_img_0177,img_0177.png,princesas_y_castillos,ilustracion_plana_color,225,225,Princesa montando un pequeño unicornio blanco.,Pixabay,grisel,8d6d3773c166c4ec4fa9cee727aac365c5b9235f
grisel_img_0178,img_0178.png,princesas_y_castillos,ilustracion_plana_color,179,281,Rey anciano montando un caballo.,Pixabay,grisel,8c579eb02b1bd494ce436d294711bfe3f02af7ed
grisel_img_0179,img_0179.png,princesas_y_castillos,ilustracion_plana_color,209,241,Jinete con sombrero rojo montando un caballo marrón.,Pixabay,grisel,ee25fb9abab247c87e4d19fce3ac429602f45c54
grisel_img_0180,img_0180.png,princesas_y_castillos,ilustracion_plana_color,265,190,Rey montando un unicornio sobre un arcoíris.,Pixabay,grisel,83c5cb947170cf95e638204a0059c660522474b8
grisel_img_0181,img_0181.png,princesas_y_castillos,ilustracion_plana_color,306,165,Rey frente a un castillo junto a un caballo.,Pixabay,grisel,6eb0025ef56409d88170c1ca330f147e5db41db2
grisel_img_0182,img_0182.png,princesas_y_castillos,ilustracion_plana_color,307,164,Carruaje dorado tirado por un caballo blanco.,Pixabay,grisel,da216df29a74cb4c1c85440e32008588ea90e7a4
grisel_img_0183,img_0183.png,princesas_y_castillos,ilustracion_plana_color,225,225,Príncipe montando un caballo blanco.,Pixabay,grisel,595e7e19cba8e06421aa73617f19a94b8aba600b
grisel_img_0184,img_0184.png,princesas_y_castillos,ilustracion_plana_color,200,252,Rey y reina vestidos de rojo.,Pixabay,grisel,24381156888f36bad076c04f2cbb1b86d999333a
grisel_img_0185,img_0185.png,princesas_y_castillos,ilustracion_plana_color,225,225,Novia con vestido blanco y velo.,Pixabay,grisel,7929ff58c3a0c1812650f88b1e791e59fad9d792
grisel_img_0186,img_0186.png,princesas_y_castillos,ilustracion_plana_color,246,205,"Rey, reina y princesa durante una ceremonia real.",Pixabay,grisel,27cd146a817bf54dd8a88aa60f74a413dd0f1a52
grisel_img_0187,img_0187.png,princesas_y_castillos,ilustracion_plana_color,188,268,Princesa con vestido rojo y corona.,Pixabay,grisel,d08a42e637af9251b1a29204df2077da0d1c59ff
grisel_img_0188,img_0188.png,princesas_y_castillos,ilustracion_plana_color,284,177,Rey y reina con coronas reales.,Pixabay,grisel,c66c7c2be7a217256937ac05f2935f7e5b6b22a5
grisel_img_0189,img_0189.png,princesas_y_castillos,ilustracion_plana_color,251,201,Novio y novia bajo un arco de flores.,Pixabay,grisel,db96d965f7daaae31b4b2a7f2410921945c0662c
grisel_img_0190,img_0190.png,princesas_y_castillos,ilustracion_plana_color,210,240,Príncipe besando a una princesa vestida de novia.,Pixabay,grisel,d8715b64a2c7a5380a33ba366149108a6cd5ae55
grisel_img_0191,img_0191.png,princesas_y_castillos,ilustracion_plana_color,225,225,Príncipe y princesa con vestimenta de boda.,Pixabay,grisel,aa0a7e203eebf2e8f00d8465ac8525a6b9fce844
grisel_img_0192,img_0192.png,princesas_y_castillos,ilustracion_plana_color,300,168,Unicornio blanco junto a una torre de castillo.,Pixabay,grisel,c7029bb8be5960e5d5c7c80da3e00f6fb1834bbc
grisel_img_0193,img_0193.png,princesas_y_castillos,ilustracion_plana_color,317,159,Unicornio blanco junto a un río en el bosque.,Pixabay,grisel,44cc0db556a1433a74d863312f57d2530d128aaa
grisel_img_0194,img_0194.png,princesas_y_castillos,ilustracion_plana_color,216,233,Pegaso volando frente a un castillo morado.,Pixabay,grisel,3201fbf9c23ba0cc0c11099ffa5d50c2748c6107
grisel_img_0195,img_0195.png,princesas_y_castillos,ilustracion_plana_color,257,196,Unicornio blanco frente a un castillo bajo un arcoíris.,Pixabay,grisel,3ee141918b0d27378a44e1a26d4c1a628b552b45
grisel_img_0196,img_0196.png,princesas_y_castillos,ilustracion_plana_color,266,190,Princesa junto a un unicornio blanco en un jardín mágico.,Pixabay,grisel,c55e2d1fa73a75f6fa88666f2dc578324f91987b
grisel_img_0197,img_0197.png,princesas_y_castillos,ilustracion_plana_color,168,300,Pareja de personajes con sombreros en un bosque encantado.,Pixabay,grisel,6f22b46152a9ea6a965f94b502639641825e62b4
grisel_img_0198,img_0198.png,princesas_y_castillos,ilustracion_plana_color,266,190,Princesa con vestido rosa junto a un unicornio en un bosque.,Pixabay,grisel,547ac468f9c7a8b22c81ab4c92580483760fff44
grisel_img_0199,img_0199.png,princesas_y_castillos,ilustracion_plana_color,272,185,Princesa junto a un unicornio blanco cerca de una cascada.,Pixabay,grisel,2f172a822153c4931eae85bd18d5d443bc0ca444
grisel_img_0200,img_0200.png,princesas_y_castillos,ilustracion_plana_color,259,194,Personaje rosa montando un unicornio volador sobre un arcoíris.,Pixabay,grisel,346f202f9d413da5b20cc663a9568c6946236f39
grisel_img_0201,img_0201.png,princesas_y_castillos,ilustracion_plana_color,229,220,Princesa rubia montando un unicornio blanco.,Pixabay,grisel,59c51d3cf71af48000894ddab937435110d4677b
grisel_img_0202,img_0202.png,princesas_y_castillos,ilustracion_plana_color,225,225,Princesa pelirroja junto a un pequeño dragón amarillo.,Pixabay,grisel,904d28da3c9fb8e23f1a4602b891ee1408e6934b
grisel_img_0203,img_0203.png,princesas_y_castillos,ilustracion_plana_color,212,238,Princesa junto a una criatura rosada frente a un castillo.,Pixabay,grisel,41b8f518390bd4079baa35a1cae799fdf689912a
grisel_img_0204,img_0204.png,princesas_y_castillos,ilustracion_plana_color,225,225,Princesa con vestido verde junto a un dragón verde.,Pixabay,grisel,23dee6c12cee3cde4cc3dd35a680dad30b287a55
grisel_img_0205,img_0205.png,princesas_y_castillos,ilustracion_plana_color,300,168,Princesa y dragón amigable frente a un castillo.,Pixabay,grisel,cda6e8858564f1c6338c7f390ca5dc6b2aa4ef6f
grisel_img_0206,img_0206.png,princesas_y_castillos,ilustracion_plana_color,225,225,Niña observando un dragón volando sobre un castillo.,Pixabay,grisel,f7b7d3531d1d79bdb362a638194dddd61fa5d203
grisel_img_0207,img_0207.png,princesas_y_castillos,ilustracion_plana_color,300,168,Princesa tomando el té con un dragón.,Pixabay,grisel,bc8c870a63de0eaf154697c6bcadad7ab5599175
grisel_img_0208,img_0208.png,princesas_y_castillos,ilustracion_plana_color,268,188,Princesa junto a un dragón verde frente a un castillo.,Pixabay,grisel,4a5e22aa445a467039270ade9f67aaee874bbbc9
grisel_img_0209,img_0209.png,princesas_y_castillos,ilustracion_plana_color,297,169,"Príncipe, princesa y dragón verde frente a un castillo.",Pixabay,grisel,3d8b9f8e0faf8b067e0ba9c2a2ef2dc7e72818a0
grisel_img_0210,img_0210.png,princesas_y_castillos,ilustracion_plana_color,245,206,Princesa montando un dragón rojo volador.,Pixabay,grisel,c3d75620c22e13c7012c4029aa78fa8f6011d893
grisel_img_0211,img_0211.png,princesas_y_castillos,ilustracion_plana_color,304,166,Dragón naranja con armadura sosteniendo una espada frente a un castillo.,Pixabay,grisel,be9279042009ec87381ee0360d1c7773b88ea11f
grisel_img_0212,img_0212.png,princesas_y_castillos,ilustracion_plana_color,216,234,Dragón morado frente a la entrada de un castillo.,Pixabay,grisel,020829cc615708e27380b979b874aa325b609c1b
grisel_img_0213,img_0213.png,princesas_y_castillos,ilustracion_plana_color,293,172,Castillo rodeado de dragones y unicornios.,Pixabay,grisel,7cf524c59786ff67091825f4c366ec163b3a52a9
grisel_img_0214,img_0214.png,princesas_y_castillos,ilustracion_plana_color,254,198,Dragones volando alrededor de un castillo rosado.,Pixabay,grisel,86d7eb8d71a3463d365dacc53424fef40ce43914
grisel_img_0215,img_0215.png,princesas_y_castillos,ilustracion_plana_color,318,159,Reyes y nobles reunidos en un salón real.,Pixabay,grisel,b03a8817f9cd61f718c6b486c1afe088876cf87e
grisel_img_0216,img_0216.png,princesas_y_castillos,ilustracion_plana_color,318,159,Trono real dentro de un palacio.,Pixabay,grisel,ea15926274ff33bcee504e277d4bc0989d20efa4
grisel_img_0217,img_0217.png,princesas_y_castillos,ilustracion_plana_color,225,225,Familia real con dos niños.,Pixabay,grisel,e16c3c8a08c3b48ee9bebf0b0894ad288f439aa6
grisel_img_0218,img_0218.png,princesas_y_castillos,ilustracion_plana_color,196,258,Princesa junto a un caballero con armadura.,Pixabay,grisel,9539843f613034a958e055d586c656f0c8b59dac
grisel_img_0219,img_0219.png,princesas_y_castillos,ilustracion_plana_color,232,217,Príncipe y princesa enfrentando a un dragón rojo.,Pixabay,grisel,fd030b94ad0694f1aaae0a9f21e8f0e302c4f923
grisel_img_0220,img_0220.png,princesas_y_castillos,ilustracion_plana_color,186,272,Princesa junto a un caballero frente a un castillo.,Pixabay,grisel,e9b9836284ccef63b0db59047ee6301dd678fc3b
grisel_img_0221,img_0221.png,princesas_y_castillos,ilustracion_plana_color,241,209,Princesa con vestido rosa junto a un caballero y una rana.,Pixabay,grisel,891cf4d94c168d640479e8d9d4e3cd4a285e95d9
grisel_img_0222,img_0222.png,princesas_y_castillos,ilustracion_plana_color,225,225,Caballero y princesa en un jardín iluminado.,Pixabay,grisel,1c8b781619d554281519924b157332ca51b50a72
grisel_img_0223,img_0223.png,princesas_y_castillos,ilustracion_plana_color,268,188,Caballero levantando una espada frente a un castillo.,Pixabay,grisel,a04140462f7eb28bcd736b0c5b2bbb700cd6a8f6
grisel_img_0224,img_0224.png,princesas_y_castillos,ilustracion_plana_color,261,193,Castillo fortificado con caballeros y caballos.,Pixabay,grisel,7248126fc69fc3b3263f6251bbf32cdf1b77d87e
grisel_img_0225,img_0225.png,princesas_y_castillos,ilustracion_plana_color,255,198,Caballero montando un caballo frente a un castillo.,Pixabay,grisel,07c20c220cfce3010886946627b08cc837af71b3
grisel_img_0226,img_0226.png,princesas_y_castillos,ilustracion_plana_color,247,204,Caballero montando un caballo frente a un castillo.,Pixabay,grisel,7474777784f9814ea54d00633e1e94328a557f9e
grisel_img_0227,img_0227.png,princesas_y_castillos,ilustracion_plana_color,275,183,Caballero con armadura montando un caballo naranja.,Pixabay,grisel,a0267d4a56f5dc9835cc0763ce53bcba92c1c47f
grisel_img_0228,img_0228.png,princesas_y_castillos,ilustracion_plana_color,217,232,Caballero a caballo frente a un castillo gris.,Pixabay,grisel,b67d265795858861dfec23a3fd5ab2651976ae73
grisel_img_0229,img_0229.png,princesas_y_castillos,ilustracion_plana_color,225,225,Caballero junto a un león frente a un castillo.,Pixabay,grisel,6e02aad3b41fe2cc88187d6fdfab92f5000a49d6
grisel_img_0230,img_0230.png,princesas_y_castillos,ilustracion_plana_color,300,168,Caballero montando un caballo con lanza y escudo.,Pixabay,grisel,18d0f256df0814d9a7525ba8be4b5532df4036af
grisel_img_0231,img_0231.png,princesas_y_castillos,ilustracion_plana_color,357,141,Niño vestido de príncipe montando un caballo blanco.,Pixabay,grisel,f40df335389d50599531d41ebfde4ed15f720a84
grisel_img_0232,img_0232.png,princesas_y_castillos,ilustracion_plana_color,300,168,Niña y caballero frente a un castillo.,Pixabay,grisel,c15bf89258e9eba3336a8358e28d76dabe34141b
grisel_img_0233,img_0233.png,princesas_y_castillos,ilustracion_plana_color,203,249,Caballero y princesa frente a un castillo con un dragón volador.,Pixabay,grisel,523ff8cf2d655fdf07873daa3cb0567f24ab94b0
grisel_img_0234,img_0234.png,princesas_y_castillos,ilustracion_plana_color,247,204,Dragón naranja volando sobre un castillo mientras observa una princesa.,Pixabay,grisel,7f69b5bcd845cdf7b03a3c18b032d071c92da920
grisel_img_0235,img_0235.png,princesas_y_castillos,ilustracion_plana_color,255,198,Caballero montando un caballo frente a un castillo lejano.,Pixabay,grisel,ad584be04027f3935f8e7ed68116892c7674ff99
grisel_img_0236,img_0236.png,princesas_y_castillos,ilustracion_plana_color,238,211,Príncipe y princesa con vestimenta real.,Pixabay,grisel,713bed35d6d03e70ba0037ce86cea4d0a18a5b31
grisel_img_0237,img_0237.png,princesas_y_castillos,ilustracion_plana_color,225,225,Caballero montando un caballo marrón.,Pixabay,grisel,9e8c74e3ab5b14afcb3fb0d17874f3151ab47c15
grisel_img_0238,img_0238.png,princesas_y_castillos,ilustracion_plana_color,225,225,Hada princesa con alas rosadas.,Pixabay,grisel,100151e84c9441bdac9dff9b09611a2c4e798220
grisel_img_0239,img_0239.png,princesas_y_castillos,ilustracion_plana_color,225,225,Hada de cabello lila con alas brillantes y varita mágica.,Pixabay,grisel,20f6864ca1a5dd3bf834fa7936977f299fad6669
grisel_img_0240,img_0240.png,princesas_y_castillos,ilustracion_plana_color,300,168,Castillo mágico junto a un lago.,Pixabay,grisel,53bf3364ea305d382b0cd919a2d190ef0d0cbf61
grisel_img_0241,img_0241.png,princesas_y_castillos,ilustracion_plana_color,170,297,Princesa frente a un castillo rosado.,Pixabay,grisel,178786ff91beefd89e199cc378856e5057b21053
grisel_img_0242,img_0242.png,princesas_y_castillos,ilustracion_plana_color,306,165,Rey junto a un castillo y un caballo.,Pixabay,grisel,fe533b9bb71f8cffd345b9723a60ae22d7202576
grisel_img_0243,img_0243.png,princesas_y_castillos,ilustracion_plana_color,225,225,Rey conversando con un hombre junto a una piedra.,Pixabay,grisel,77bf6fa8359e0ae07c7de4ff76d6433b6e56f98d
grisel_img_0244,img_0244.png,princesas_y_castillos,ilustracion_plana_color,345,146,Rey y princesa en un campo cerca de un castillo.,Pixabay,grisel,9e36760efd92343c415120f0f5e955c213aa3064
grisel_img_0245,img_0245.png,princesas_y_castillos,ilustracion_plana_color,300,168,Reina señalando a una multitud desde un balcón.,Pixabay,grisel,5dd299008189797dbb5a97c0abdc06caa4fda264
grisel_img_0246,img_0246.png,princesas_y_castillos,ilustracion_plana_color,259,195,Castillo de cristal junto a un lago helado.,Pixabay,grisel,b43b1d22ccf0aa76542fb4d4767b6ab29a397c60
grisel_img_0247,img_0247.png,princesas_y_castillos,ilustracion_plana_color,289,175,Castillo brillante bajo un arcoíris.,Pixabay,grisel,f53db5a44be1b725bd02e13f77d54da9c8241468
grisel_img_0248,img_0248.png,princesas_y_castillos,ilustracion_plana_color,225,225,Castillo flotante sobre las nubes.,Pixabay,grisel,be8c6d9563b033755bbd1ce9e92a10bcd24e64c7
grisel_img_0249,img_0249.png,princesas_y_castillos,ilustracion_plana_color,184,274,Sirena de cabello rojo con cola verde.,Pixabay,grisel,ca8b428da9b17d81fe55dbbecf25f7df9c853fc1
grisel_img_0250,img_0250.png,princesas_y_castillos,ilustracion_plana_color,225,225,Sirena de cabello naranja con cola azul.,Pixabay,grisel,828a5391e5924ba447a9a9647e65d1e4bbab6327
grisel_img_0251,img_0251.png,princesas_y_castillos,ilustracion_plana_color,205,246,Sirena con corona y cabello rojo.,Pixabay,grisel,e04d1ec453181bf96a0699a9df1e613d629ae52d
grisel_img_0252,img_0252.png,princesas_y_castillos,ilustracion_plana_color,233,216,Sirena de cabello rosado junto a unas ruinas submarinas.,Pixabay,grisel,47ec0755e98b0051e95b2def4d182aac9c92d040
grisel_img_0253,img_0253.png,princesas_y_castillos,ilustracion_plana_color,205,245,Sirena de cabello rosa con cola rosa.,Pixabay,grisel,dfe72ee3aac61ba2e75e96cf15a9c948309464d3
grisel_img_0254,img_0254.png,princesas_y_castillos,ilustracion_plana_color,225,225,Sirena de cabello azul con cola turquesa.,Pixabay,grisel,f06fb9ec4350e58f5441a55563a9a3d770409eea
grisel_img_0255,img_0255.png,princesas_y_castillos,ilustracion_plana_color,225,225,Castillo sobre una colina verde.,Pixabay,grisel,140419f93d19c73806a3ee4ab7e726fbd921f4d9
grisel_img_0256,img_0256.png,princesas_y_castillos,ilustracion_plana_color,188,268,princesa con vestido amarillo junto a una joven en un jardín.,Pixabay,grisel,402c08a5eab7adb350978f143213b299312c007f
grisel_img_0257,img_0257.png,princesas_y_castillos,ilustracion_plana_color,216,233,Tres hadas volando sobre un arcoíris.,Pixabay,grisel,7b51f0d59fdb15ce6fda027f9e72b3b845716285
grisel_img_0258,img_0258.png,princesas_y_castillos,ilustracion_plana_color,259,194,Princesa frente a un ogro verde en el bosque.,Pixabay,grisel,0d22ee7c937d3c2bfd87a908f535d180c732ea68
grisel_img_0259,img_0259.png,princesas_y_castillos,ilustracion_plana_color,225,225,Princesa con vestido rosa frente a un castillo.,Pixabay,grisel,50c89e5cbc1a37a8dcc3c032352dd8ee6218d7f8
grisel_img_0260,img_0260.png,princesas_y_castillos,ilustracion_plana_color,186,271,Hada rubia con vestido rosa y alas moradas.,Pixabay,grisel,4e512cbc52ee9c2b2e69667dbdd0850986d2d66f
grisel_img_0261,img_0261.png,princesas_y_castillos,ilustracion_plana_color,259,194,Niña dentro de una jaula observada por un gigante azul.,Pixabay,grisel,000dd54a8fc529765a3aaed3b8547432e6cc4986
grisel_img_0262,img_0262.png,princesas_y_castillos,ilustracion_plana_color,259,194,Niño gigante sentado en una habitación.,Pixabay,grisel,b82711d070b81686ae5e652efcd5af3c05a11dc0
grisel_img_0263,img_0263.png,princesas_y_castillos,ilustracion_plana_color,259,194,Princesa conversando con un ogro verde.,Pixabay,grisel,993b791690c6ed73ce37f2ae1a70e1afd797bd6d
grisel_img_0264,img_0264.png,princesas_y_castillos,ilustracion_plana_color,225,225,Princesa con vestido rosa frente a un castillo morado.,Pixabay,grisel,e2b291fd3b1b1d7fb482f21bf3718cd59c25bbce
grisel_img_0265,img_0265.png,princesas_y_castillos,ilustracion_plana_color,197,256,Princesa frente a un castillo con torres rojas.,Pixabay,grisel,7237744487ef703bc83a08fd2042e6a687de444f
grisel_img_0266,img_0266.png,princesas_y_castillos,ilustracion_plana_color,221,228,Princesa de cabello negro frente a un castillo azul.,Pixabay,grisel,36a1ad938e10716c27b42510ef08749381cd1278
grisel_img_0267,img_0267.png,princesas_y_castillos,ilustracion_plana_color,225,225,Princesa con un cachorro sobre la cabeza.,Pixabay,grisel,cd8d4d32b4e39660d9412fc4a3dc0ba6312f0d45
grisel_img_0268,img_0268.png,princesas_y_castillos,ilustracion_plana_color,225,225,Princesa abrazando un pato amarillo.,Pixabay,grisel,1df277702bec9e051dc957d62aa17dbfcf32af32
grisel_img_0269,img_0269.png,princesas_y_castillos,ilustracion_plana_color,202,250,Princesa rubia junto a un cisne blanco.,Pixabay,grisel,c936c921a5b5fbb7a566c6cddadab449e32d026e
grisel_img_0270,img_0270.png,princesas_y_castillos,ilustracion_plana_color,225,225,Niña de cabello rizado junto a un venado frente a un castillo.,Pixabay,grisel,2684acdc04c4efab9dc8491ee7ef81c494363994
grisel_img_0271,img_0271.png,princesas_y_castillos,ilustracion_plana_color,225,225,Princesa rubia sosteniendo un cachorro blanco.,Pixabay,grisel,e24ac5f9b3225f1bd5da4a0565b8c5a6495f7371
grisel_img_0272,img_0272.png,princesas_y_castillos,ilustracion_plana_color,225,225,Princesa con vestido amarillo junto a un perro.,Pixabay,grisel,f292e62b84d18d090827d8ea9b92ed69861cc85f
grisel_img_0273,img_0273.png,princesas_y_castillos,ilustracion_plana_color,225,225,Hada princesa con un pequeño dragón.,Pixabay,grisel,91f9605e611a08e316faa02cee449e54ed4d9664
grisel_img_0274,img_0274.png,princesas_y_castillos,ilustracion_plana_color,196,258,Princesa con vestido azul frente a un castillo.,Pixabay,grisel,d53ce27a71fca65d016b082963ff3ec616528f85
grisel_img_0275,img_0275.png,princesas_y_castillos,ilustracion_plana_color,300,168,Princesa de cabello negro observando un pájaro.,Pixabay,grisel,234f4232197b39b252a195d628529c9096c2fb86
grisel_img_0276,img_0276.png,princesas_y_castillos,ilustracion_plana_color,284,177,Bella y Bestia conversando.,Pixabay,grisel,7053e842532a893005d881d85a2ac6e5480fc1ba
grisel_img_0277,img_0277.png,princesas_y_castillos,ilustracion_plana_color,300,168,Princesa con tiara sosteniendo una rana.,Pixabay,grisel,a6e942932514705cb05d2428e702f62384da571b
grisel_img_0278,img_0278.png,princesas_y_castillos,ilustracion_plana_color,300,168,Princesa cuidando a una niña dormida.,Pixabay,grisel,a69d46d5437c7242fd0a5b067f2c104695646bec
grisel_img_0279,img_0279.png,princesas_y_castillos,ilustracion_plana_color,244,206,Princesa rubia junto a una gran montaña de guisantes.,Pixabay,grisel,023c35533b799a78613620bc1480c38581aaba4d
grisel_img_0280,img_0280.png,princesas_y_castillos,ilustracion_plana_color,225,225,Princesa demonio con cuernos y alas de murciélago.,Pixabay,grisel,b43449509771306fe4241ee7b7a3588b51ea182f
grisel_img_0281,img_0281.png,princesas_y_castillos,ilustracion_plana_color,198,254,Princesa con vestido azul brillante.,Pixabay,grisel,4e2a6d46a6bbe4245310a5803bb79de8ea0252d1
grisel_img_0282,img_0282.png,princesas_y_castillos,ilustracion_plana_color,183,275,Elfa de cabello azul con armadura.,Pixabay,grisel,09d4464f14ab66ce9f71739672dbc1ced5940621
grisel_img_0283,img_0283.png,princesas_y_castillos,ilustracion_plana_color,225,225,Reina elfa con vestido verde en el bosque.,Pixabay,grisel,95e1692f5b1e4a70abe1cd0104da1f867de85460
grisel_img_0284,img_0284.png,princesas_y_castillos,ilustracion_plana_color,203,248,Princesa pelirroja con vestido azul claro.,Pixabay,grisel,64ca0f7ca0539ff0a1ff387bffbdc964a31b8e5f
grisel_img_0285,img_0285.png,princesas_y_castillos,ilustracion_plana_color,225,225,Reina elfa rubia con corona.,Pixabay,grisel,e87e7055cff55546a81e1c3b5662e48191d3940f
grisel_img_0286,img_0286.png,princesas_y_castillos,ilustracion_plana_color,225,225,Pez rey con corona dorada.,Pixabay,grisel,4537d0f8b16ef611311c27d45947e4a934b453fd
grisel_img_0287,img_0287.png,princesas_y_castillos,ilustracion_plana_color,214,235,Sirena de cabello azul sosteniendo dos peces dorados.,Pixabay,grisel,78dda0b473416e87f265352f944c6d770b07cce7
grisel_img_0288,img_0288.png,princesas_y_castillos,ilustracion_plana_color,170,297,Mujer con vestido azul y velo rosa.,Pixabay,grisel,59a921b89547675fa1896b96022c5e54474fe29f
grisel_img_0289,img_0289.png,princesas_y_castillos,ilustracion_plana_color,225,225,Mujer y niña con vestimenta real oriental.,Pixabay,grisel,8757ea5d6902dc3935378dd39cbc80a15ae8464b
grisel_img_0290,img_0290.png,princesas_y_castillos,ilustracion_plana_color,159,318,Princesa con vestido morado bajo la luna.,Pixabay,grisel,31da7f3073ddc4027eca673706544562f22e3117
grisel_img_0291,img_0291.png,princesas_y_castillos,ilustracion_plana_color,300,168,Pocahontas recostada sobre la hierba.,Pixabay,grisel,ffc3048a6dedf20efb9fecad887422d94fdc4696
grisel_img_0292,img_0292.png,princesas_y_castillos,ilustracion_plana_color,317,159,Pocahontas conversando con un hombre rubio.,Pixabay,grisel,5026bc387c9751100f26f1d0bc47e551464d454c
grisel_img_0293,img_0293.png,princesas_y_castillos,ilustracion_plana_color,301,168,Pocahontas observando el horizonte.,Pixabay,grisel,9e1317331ed475bf13c607d31aa2c84a4bd8d8bc
grisel_img_0294,img_0294.png,princesas_y_castillos,ilustracion_plana_color,284,177,Pocahontas caminando por un bosque iluminado.,Pixabay,grisel,c3b53e324f97b7ee7086b9d30439a3d642fa580d
grisel_img_0295,img_0295.png,princesas_y_castillos,ilustracion_plana_color,301,167,Rey y reina con vestimenta real.,Pixabay,grisel,930ab7e5a3711ffc8eef3c99e541379635420537
grisel_img_0296,img_0296.png,princesas_y_castillos,ilustracion_plana_color,225,225,Mujer con tocado de flores tropicales.,Pixabay,grisel,c3ac58c27f473af47d69a3d83b6db4e64912a253
grisel_img_0297,img_0297.png,princesas_y_castillos,ilustracion_plana_color,225,225,Mujer sentada con flores en el cabello.,Pixabay,grisel,aaafb68666b6d08317b5b54867f5726c6b90b4e0
grisel_img_0298,img_0298.png,princesas_y_castillos,ilustracion_plana_color,183,275,Princesa pelirroja con vestido azul.,Pixabay,grisel,ac0b358f183c79685e7fdba2bddd6d13d8ca6068
grisel_img_0299,img_0299.png,princesas_y_castillos,ilustracion_plana_color,299,168,Princesa pelirroja apuntando con un arco.,Pixabay,grisel,0f3275d7b4b2671399c88640e9882f9f4999e96d
grisel_img_0300,img_0300.png,princesas_y_castillos,ilustracion_plana_color,259,194,Princesa pelirroja sosteniendo un arco en el bosque.,Pixabay,grisel,2e56bf4d81d637c41551f7b55cf34561ecda0618
grisel_img_0301,img_0301.png,princesas_y_castillos,ilustracion_plana_color,300,168,Princesa sosteniendo un copo de nieve mágico.,Pixabay,grisel,cb8808feff11c19a7dbb09b051ac19d79315f77e
grisel_img_0302,img_0302.png,princesas_y_castillos,ilustracion_plana_color,300,168,Príncipe inclinándose sobre una princesa dormida.,Pixabay,grisel,9e74ca54691e1c3322ca26139c32e5d6aca854e2
grisel_img_0303,img_0303.png,princesas_y_castillos,ilustracion_plana_color,275,183,Príncipe y princesa bailando en un salón real.,Pixabay,grisel,6c958881f12580576a13802e4f3d49824c5cd93f
grisel_img_0304,img_0304.png,princesas_y_castillos,ilustracion_plana_color,266,189,Blancanieves recibiendo una manzana de una anciana.,Pixabay,grisel,acaa78bd8db4cbf910806b4b2bf500864c1ff889
grisel_img_0305,img_0305.png,princesas_y_castillos,ilustracion_plana_color,278,181,Blancanieves bailando con un príncipe rodeados de enanitos.,Pixabay,grisel,e11eb2a525782ca18a69ab91ac2d3f1091811002
grisel_img_0306,img_0306.png,princesas_y_castillos,ilustracion_plana_color,292,173,Mulán sonriendo bajo un árbol en flor.,Pixabay,grisel,4f5d456db9b718025670a5ffddfd616858a4ac79
grisel_img_0307,img_0307.png,princesas_y_castillos,ilustracion_plana_color,299,168,Rapunzel junto a una rana vestida de princesa.,Pixabay,grisel,4a68c9543da480c82b6c6791482aa426f1858830
grisel_img_0308,img_0308.png,princesas_y_castillos,ilustracion_plana_color,282,179,Corona dorada con piedras preciosas.,Pixabay,grisel,367c1048e36a6cceaba5d33cf8e1990fbfc1759e
grisel_img_0309,img_0309.png,princesas_y_castillos,ilustracion_plana_color,170,297,Corona mágica iluminada con destellos morados.,Pixabay,grisel,5b78a210b468d85b45dcd58f55c12cc0e581479e
grisel_img_0310,img_0310.png,princesas_y_castillos,ilustracion_plana_color,168,301,Corona dorada brillante con gemas rosas.,Pixabay,grisel,00cd3a1f1563a845e64f4cc204528abaf5b5556c
grisel_img_0311,img_0311.png,princesas_y_castillos,ilustracion_plana_color,206,245,Espejo mágico con corona y varita.,Pixabay,grisel,7f6850771a998aaa0b24e99728fe0bda9e8ce537
grisel_img_0312,img_0312.png,princesas_y_castillos,ilustracion_plana_color,295,171,Corona dorada clásica.,Pixabay,grisel,d03ee5bd93a3bc9ccc0eea3a09e83c6ee444bf9a
grisel_img_0313,img_0313.png,princesas_y_castillos,ilustracion_plana_color,292,173,Corona dorada con corazones rojos.,Pixabay,grisel,c742e9a994379d09a95a780a51dc24269dd88ec7
grisel_img_0314,img_0314.png,princesas_y_castillos,ilustracion_plana_color,188,268,Bella leyendo un libro frente a un castillo.,Pixabay,grisel,4c55417e27aa763618e1bfdeaff72072d0aa3661
grisel_img_0315,img_0315.png,princesas_y_castillos,ilustracion_plana_color,300,168,Príncipe y princesa bailando en un salón elegante.,Pixabay,grisel,796df94f82bee241c0ba1a426ef3a4a6029f822b
grisel_img_0316,img_0316.png,princesas_y_castillos,ilustracion_plana_color,225,225,Princesas bailando en un salón real.,Pixabay,grisel,d824892e2358e429265427567f90f65ac374765f
grisel_img_0317,img_0317.png,princesas_y_castillos,ilustracion_plana_color,264,191,Príncipe y princesa bailando en un gran salón.,Pixabay,grisel,fc4252eba7dc463127d6f81b60c58ca22cf92479
grisel_img_0318,img_0318.png,princesas_y_castillos,ilustracion_plana_color,225,225,Princesa con vestido rosa bailando en un baile real.,Pixabay,grisel,73ddc259d00b5caeff0d8803917176dd27fd57bd
grisel_img_0319,img_0319.png,princesas_y_castillos,ilustracion_plana_color,265,190,Bella y Bestia bailando en un salón iluminado.,Pixabay,grisel,f6403a2f045a56f012080c8645976036dd5ac85d
grisel_img_0320,img_0320.png,princesas_y_castillos,ilustracion_plana_color,289,175,Princesa con vestido brillante en un salón de baile.,Pixabay,grisel,e9db2246f73d3b1131dda2301b206a41267c8bce
grisel_img_0321,img_0321.png,princesas_y_castillos,ilustracion_plana_color,299,168,Príncipe y princesa bailando en un palacio.,Pixabay,grisel,06f017eefa83df393ced14e7175e4b913d7e98aa
grisel_img_0322,img_0322.png,princesas_y_castillos,ilustracion_plana_color,266,189,Príncipe y princesa bailando rodeados de invitados.,Pixabay,grisel,b60c070f96d91c7296034d2179f073a3f1ff8a66
grisel_img_0323,img_0323.png,princesas_y_castillos,ilustracion_plana_color,259,195,Pareja bailando abrazada en silueta.,Pixabay,grisel,f46cfbf05fa1557e5abbfdd2cc8801b1ed7666fc
grisel_img_0325,img_0325.png,princesas_y_castillos,ilustracion_plana_color,259,194,Princesa pelirroja con corona frente a un castillo nevado.,Pixabay,grisel,a975e681fbc2a506d63774841227b511cc6c5416
grisel_img_0326,img_0326.png,princesas_y_castillos,ilustracion_plana_color,259,194,Princesa pelirroja caminando por un sendero entre flores.,Pixabay,grisel,e489bc0b7772a38bfb0c91cb0dba90f59529804f
grisel_img_0327,img_0327.png,princesas_y_castillos,ilustracion_plana_color,228,221,Princesa de cabello negro con vestido azul claro.,Pixabay,grisel,b9c08af4d0ad5e6e709ea3f35510407ed20001b6
grisel_img_0328,img_0328.png,princesas_y_castillos,ilustracion_plana_color,225,225,Princesa rubia con vestido azul y corona.,Pixabay,grisel,18a8f78c6f83870378ad47fb522ea1355396cf01
grisel_img_0329,img_0329.png,princesas_y_castillos,ilustracion_plana_color,300,168,Princesa caminando junto al mar.,Pixabay,grisel,655d373decb199846830b2c4b7bf9962ddd91e6b
grisel_img_0330,img_0330.png,princesas_y_castillos,ilustracion_plana_color,201,251,Princesa rubia con vestido rosa sosteniendo un regalo.,Pixabay,grisel,2261fb5e9fb409572fc99a55feda445a0a61ccbc
grisel_img_0331,img_0331.png,princesas_y_castillos,ilustracion_plana_color,225,225,Princesa sentada sobre un pastel con un unicornio.,Pixabay,grisel,9572eceffbfc755e4798af9493ae9fce0f36052b
grisel_img_0332,img_0332.png,princesas_y_castillos,ilustracion_plana_color,225,225,Princesa rubia detrás de un pastel de cumpleaños.,Pixabay,grisel,8c8ae5b6823d3273720bfe3d5d941024c35edc8d
grisel_img_0333,img_0333.png,princesas_y_castillos,ilustracion_plana_color,225,225,Princesa rubia flotando con globos de colores.,Pixabay,grisel,e3d1bfc16bf2336a20d3d3e7b32ce63ddff3c6c8
grisel_img_0334,img_0334.png,princesas_y_castillos,ilustracion_plana_color,275,183,Niños celebrando una fiesta de cumpleaños.,Pixabay,grisel,84fe5e65c6d870344d7f5de2612a4c6f57c4e13d
grisel_img_0335,img_0335.png,princesas_y_castillos,ilustracion_plana_color,168,300,Príncipe sosteniendo un pastel de cumpleaños.,Pixabay,grisel,a71c4c2890a386b00a20196d095ef694a872d2a3
grisel_img_0336,img_0336.png,princesas_y_castillos,ilustracion_plana_color,288,175,Príncipe frente a un palacio colorido.,Pixabay,grisel,dcb0675e843104ff0aee079dbe37b4ed2aecffc8
grisel_img_0337,img_0337.png,princesas_y_castillos,ilustracion_plana_color,268,188,Dragón azul frente a un castillo y un caballero.,Pixabay,grisel,7b1452bec24221e1840b3ddc7085a67947859efe
grisel_img_0338,img_0338.png,princesas_y_castillos,ilustracion_plana_color,194,259,Príncipe con capa roja dentro de un castillo.,Pixabay,grisel,9ff54376002c886827cf0bdbee0b247c63fbbf7e
grisel_img_0339,img_0339.png,princesas_y_castillos,ilustracion_plana_color,231,218,Príncipe frente a un dragón verde.,Pixabay,grisel,c3d750888be9e64d27d6b69b3893726d3ab3930c
grisel_img_0340,img_0340.png,princesas_y_castillos,ilustracion_plana_color,225,225,Caballero enfrentando dragones frente a un castillo.,Pixabay,grisel,2749dfc08a2d848ec78ab7702bacfe2035da3ad3
grisel_img_0341,img_0341.png,princesas_y_castillos,ilustracion_plana_color,225,225,Princesa con corona rodeada de mariposas y flores.,Pixabay,grisel,02c6564f5296d5da990b28b920e496e0ea02c450
grisel_img_0342,img_0342.png,princesas_y_castillos,ilustracion_plana_color,161,314,Princesa con vestido rosa.,Pixabay,grisel,fb0004c5464d8a7693cd4acec4e4a5972ff8c2ba
grisel_img_0343,img_0343.png,princesas_y_castillos,ilustracion_plana_color,1920,1920,Mujer observando el horizonte al atardecer.,Pixabay,grisel,e8063362c599fc2ca538dd712501b8462fdfc782
grisel_img_0344,img_0344.png,princesas_y_castillos,ilustracion_plana_color,1920,1920,Mujer bajo una tormenta con relámpagos.,Pixabay,grisel,4e3f385ee2c14f883a04ac9784065807852b55b8
grisel_img_0345,img_0345.png,princesas_y_castillos,ilustracion_plana_color,1920,1920,Mujer pelirroja observando un valle desde una colina.,Pixabay,grisel,62a64dda8d40fbb191955f4813f116f184d1a6ca
grisel_img_0346,img_0346.png,princesas_y_castillos,ilustracion_plana_color,1920,1920,Princesa pelirroja observando un castillo a la distancia.,Pixabay,grisel,a3fc1f5149fe26d072ff2d05a75b469a7f3a476c
grisel_img_0347,img_0347.png,princesas_y_castillos,ilustracion_plana_color,1920,1920,Princesa pelirroja frente a un castillo sobre una colina.,Pixabay,grisel,1e155e97c4b5cb2b86c551450214d7f1cd5f15c8
grisel_img_0348,img_0348.png,princesas_y_castillos,ilustracion_plana_color,1920,1920,Mujer rubia con vestido rojo junto al mar.,Pixabay,grisel,f2b085f3c6cc4747b370c5d905a54a2a9c81d397
grisel_img_0349,img_0349.png,princesas_y_castillos,ilustracion_plana_color,1920,1920,Mujer rubia con vestido azul en la playa.,Pixabay,grisel,8558ca3f7018642119145aacbe2604559525e1a3
grisel_img_0350,img_0350.png,princesas_y_castillos,ilustracion_plana_color,1076,1920,Reina oscura sentada sobre una calabaza iluminada.,Pixabay,grisel,273c05c9b1081dce57846412cf3a8842fd011313
grisel_img_0351,img_0351.png,princesas_y_castillos,ilustracion_plana_color,1076,1920,Reina oscura con vestido rojo rodeada de calabazas.,Pixabay,grisel,61573fe9f8819d5972c325d827585c6c3d68def3
grisel_img_0352,img_0352.png,princesas_y_castillos,ilustracion_plana_color,1076,1920,Reina oscura con alas de murciélago sentada sobre una calabaza.,Pixabay,grisel,88acf83130738e86617e8f2afc071edf59a734a8
grisel_img_0353,img_0353.png,princesas_y_castillos,ilustracion_plana_color,1920,1080,Castillo gris con torres rojas.,Pixabay,grisel,f522a598765c19d2e83c7e207d04c64e46eea51e
grisel_img_0354,img_0354.png,princesas_y_castillos,ilustracion_plana_color,960,1920,Reina con vestido morado y capa larga.,Pixabay,grisel,dbb84f3522c6cdbc28d0bddec0409c6365fc808d
grisel_img_0355,img_0355.png,princesas_y_castillos,ilustracion_plana_color,1920,1920,Príncipe y princesa montando un caballo.,Pixabay,grisel,e4d67eb200ae4e156554a830ea53dff9a400947d
grisel_img_0356,img_0356.png,princesas_y_castillos,ilustracion_plana_color,1086,1920,Castillo blanco brillante con escalinata.,Pixabay,grisel,9ba1d15538ad8023bebad8a6a699475ede672c40
grisel_img_0357,img_0357.png,princesas_y_castillos,ilustracion_plana_color,1920,1319,Guerrera con capa roja luchando contra soldados.,Pixabay,grisel,2ab8aab1d43145cb515a2da2e339484e5bba37b5
grisel_img_0358,img_0358.png,princesas_y_castillos,ilustracion_plana_color,1280,1920,Princesa de cabello blanco sentada junto al mar.,Pixabay,grisel,43d96b606097ef6bc369b614c2c17c6317ea29e1
grisel_img_0359,img_0359.png,princesas_y_castillos,ilustracion_plana_color,1108,1920,Reina rubia con armadura morada bajo árboles rosados.,Pixabay,grisel,31673e77495b3c10376876d7f1158d7a7d9d1f65
grisel_img_0360,img_0360.png,princesas_y_castillos,ilustracion_plana_color,1920,1074,Dos príncipes y una princesa sonriendo juntos.,Pixabay,grisel,754240553c49f41e53e42c2428141a090ec07f8d
grisel_img_0361,img_0361.png,princesas_y_castillos,ilustracion_plana_color,1920,960,Príncipe y princesa sonriendo frente a frente.,Pixabay,grisel,b648bd7cd103c0b04e1db8ca136ae1aa604e46a9
grisel_img_0362,img_0362.png,princesas_y_castillos,ilustracion_plana_color,1108,1920,Princesa de cabello trenzado iluminada por una luz dorada.,Pixabay,grisel,105abc5e8f28dd37e073216ec5387113962b43f7
grisel_img_0363,img_0363.png,princesas_y_castillos,ilustracion_plana_color,1281,1920,Príncipe de cabello blanco frente a un vitral.,Pixabay,grisel,d3f195ad8fd691b5ab9563b0d31d66c516364e5b
grisel_img_0364,img_0364.png,princesas_y_castillos,ilustracion_plana_color,1280,1920,Torre de castillo de piedra entre las nubes.,Pixabay,grisel,cf829c652493573bd8569a86094de37f43e8f765
grisel_img_0365,img_0365.png,princesas_y_castillos,ilustracion_plana_color,1920,1280,Rana con corona dorada.,Pixabay,grisel,61e54cd647261596deda4462f19a59da9b521353
grisel_img_0366,img_0366.png,princesas_y_castillos,ilustracion_plana_color,1383,1920,Rana con corona sobre fondo negro.,Pixabay,grisel,b294dee8ea92fc71122b0d4467bea53c3eb7ba66
grisel_img_0367,img_0367.png,princesas_y_castillos,ilustracion_plana_color,1440,1920,Castillo rosado entre nubes blancas.,Pixabay,grisel,ef1ba5c0ddbaec919d935ae58170bfa418663c07
grisel_img_0368,img_0368.png,princesas_y_castillos,ilustracion_plana_color,1920,1920,Unicornio azul sobre fondo negro.,Pixabay,grisel,c5f77e5cb23edd4aa222d6627cbac146351aa2e5
grisel_img_0369,img_0369.png,princesas_y_castillos,ilustracion_plana_color,1920,1076,Princesa junto a un personaje con gorra roja.,Pixabay,grisel,c3a05e23ea4d1be93ccd82bd43cb07fceafe3c12
grisel_img_0370,img_0370.png,princesas_y_castillos,ilustracion_plana_color,260,280,Princesa con alas sosteniendo a una niña frente a un castillo.,Pixabay,grisel,66922b150f037156b4af1d2977c51d22303a1732
grisel_img_0371,img_0371.png,princesas_y_castillos,ilustracion_plana_color,1920,1920,Gato con corona y vestimenta real.,Pixabay,grisel,343bb1cb764831ac29a481c5ace9cdb10f1f456a
grisel_img_0372,img_0372.png,princesas_y_castillos,ilustracion_plana_color,1920,1920,Bruja caminando hacia un castillo bajo la luna llena.,Pixabay,grisel,9b251da1f6047e572f4bda70d4f1256cbadfd903
grisel_img_0373,img_0373.png,princesas_y_castillos,ilustracion_plana_color,1920,1493,Camino rodeado de flores hacia un castillo lejano.,Pixabay,grisel,aa6979666e2e4a328cfa27e40804176f0f55ff29
grisel_img_0374,img_0374.png,princesas_y_castillos,ilustracion_plana_color,1389,1920,Castillo pequeño construido alrededor de un árbol.,Pixabay,grisel,8b89e1098868b669b5326c032156407afb3e59f7
grisel_img_0375,img_0375.png,princesas_y_castillos,ilustracion_plana_color,1920,960,Carruaje blanco tirado por caballos blancos.,Pixabay,grisel,2af45852250bc1479dc2a3a7520876e50a40d2ad
grisel_img_0376,img_0376.png,princesas_y_castillos,ilustracion_plana_color,1920,1554,Caballero con armadura dorada y capa roja.,Pixabay,grisel,89a71341a0afeb2fed508668cabfeb8cd07de923
grisel_img_0377,img_0377.png,princesas_y_castillos,ilustracion_plana_color,1920,1267,Pequeño dragón rosado sosteniendo una paleta.,Pixabay,grisel,1ef88bb030886b46d9ed3bc3280f8c2f31176b76
grisel_img_0378,img_0378.png,princesas_y_castillos,ilustracion_plana_color,1577,1920,Caballero con armadura dorada saludando.,Pixabay,grisel,7ff03397c1e66046241a6035c33ab8a1640436a1
grisel_img_0379,img_0379.png,princesas_y_castillos,ilustracion_plana_color,1841,1920,Mago anciano con túnica morada y bastón mágico.,Pixabay,grisel,2dc4b6b3ac0ce97c461a8308809227e32c1876da
grisel_img_0380,img_0380.png,princesas_y_castillos,ilustracion_plana_color,1920,1153,Princesa jugando fútbol como portera.,Pixabay,grisel,95bf7cb39cd4fb0356563fe86290610d34e88296
grisel_img_0381,img_0381.png,princesas_y_castillos,ilustracion_plana_color,1710,1920,Mujer de cabello oscuro frente a un castillo bajo una luna roja.,Pixabay,grisel,e59fc7aa8aa087fe619cb6104fcd6f58388c321f
grisel_img_0382,img_0382.png,princesas_y_castillos,ilustracion_plana_color,1440,1920,Unicornio blanco con melena arcoíris.,Pixabay,grisel,fa7cc2b0647ce7863e2bbdca8727a22f37a644f0
grisel_img_0383,img_0383.png,princesas_y_castillos,ilustracion_plana_color,1440,1920,Pequeño unicornio de colores sobre fondo azul.,Pixabay,grisel,e3a8d9a0b7c63fdfcfd368c7316fd3af7076e345
grisel_img_0384,img_0384.png,princesas_y_castillos,ilustracion_plana_color,1820,1920,Príncipe pelirrojo junto a una princesa pelirroja.,Pixabay,grisel,493b00df18908d706ebd65f23d333832486638b4
grisel_img_0385,img_0385.png,princesas_y_castillos,ilustracion_plana_color,1920,1920,Pequeño unicornio blanco con melena azul.,Pixabay,grisel,dd440a8f754ea2a5f0dcd14a9af7608a6c1d13e7
grisel_img_0386,img_0386.png,princesas_y_castillos,ilustracion_plana_color,1920,1920,Pequeño unicornio blanco sobre fondo rosa.,Pixabay,grisel,7f04b272dca4fd293cc50b493bde5e206af456ed
grisel_img_0387,img_0387.png,princesas_y_castillos,ilustracion_plana_color,1920,1920,Unicornio blanco con melena multicolor y flores.,Pixabay,grisel,680359739851976de8c409b1cc721a56dcd4bfec
grisel_img_0388,img_0388.png,princesas_y_castillos,ilustracion_plana_color,1449,1920,Elefante con corona caminando por el bosque.,Pixabay,grisel,fe128bb5c241f6eeceb976b7931b1f938d2fc6fc
grisel_img_0389,img_0389.png,princesas_y_castillos,ilustracion_plana_color,1365,1919,Dos coronas doradas con piedras preciosas.,Pixabay,grisel,58d3766cb5220b99167d62a8bc162e05f483ffb1
grisel_img_0390,img_0390.png,princesas_y_castillos,ilustracion_plana_color,1920,1920,"Cerdo con corona, abrigo real y gafas oscuras.",Pixabay,grisel,40736930bf593f2a35f548ec039163836d259633
grisel_img_0391,img_0391.png,princesas_y_castillos,ilustracion_plana_color,1920,1920,Hada con alas azules sosteniendo una varita mágica.,Pixabay,grisel,379ba07065995b9a377dfb60489de4463fb6b432
grisel_img_0392,img_0392.png,princesas_y_castillos,ilustracion_plana_color,1484,1920,Reina con vestido naranja y corona dorada.,Pixabay,grisel,04718c8577a6d332fbb15c7f121819d5926c1605
grisel_img_0393,img_0393.png,princesas_y_castillos,ilustracion_plana_color,1920,1920,Príncipe sonriendo con uniforme azul.,Pixabay,grisel,abc8437427de05ccb96c9b43c394bbac08420f0b
grisel_img_0394,img_0394.png,princesas_y_castillos,ilustracion_plana_color,1920,1920,Castillo sobre una colina rodeado de montañas.,Pixabay,grisel,c827b195ac18aa3c4b860e2ab7f6f9ca764a58a9
grisel_img_0395,img_0395.png,princesas_y_castillos,ilustracion_plana_color,225,225,Princesa de cabello blanco abrazando un unicornio.,Pixabay,grisel,5aca1b77947bcd62f8e36edf533ada8fe95a4d28
grisel_img_0396,img_0396.png,princesas_y_castillos,ilustracion_plana_color,225,225,Princesa rubia con vestido rosa.,Pixabay,grisel,e1f47c1a3246f67e1be3eb0dc236f93984c26c7f
grisel_img_0397,img_0397.png,princesas_y_castillos,ilustracion_plana_color,232,217,Princesa caminando hacia un castillo junto a un lago.,Pixabay,grisel,f940b743ef7a9df62b2138f447f4e2cd50e201b5
grisel_img_0398,img_0398.png,princesas_y_castillos,ilustracion_plana_color,259,195,Príncipe y princesa sonriendo juntos.,Pixabay,grisel,005ecbc05606aabc2a18052f437e262d1e380201
grisel_img_0399,img_0399.png,princesas_y_castillos,ilustracion_plana_color,299,169,Niña con corona escondida entre hojas gigantes.,Pixabay,grisel,3c8d7d44bfbe716381ab3a14942a9307b9e35818
grisel_img_0400,img_0400.png,princesas_y_castillos,ilustracion_plana_color,300,168,Castillo rosado rodeado de árboles.,Pixabay,grisel,4bfcc0bbffde6b946c1f3bb77d422b92aecc8195
grisel_img_0401,img_0401.png,princesas_y_castillos,ilustracion_plana_color,225,225,Castillo rosado junto a un río.,Pixabay,grisel,b36be4e0196557a4dd92c3e46fd7b027f721f59b
grisel_img_0402,img_0402.png,princesas_y_castillos,ilustracion_plana_color,225,225,Castillo rosado con torres azules.,Pixabay,grisel,6c4e3f1e35f22c9adfbfbffdf1eb9f346fff0909
grisel_img_0403,img_0403.png,princesas_y_castillos,ilustracion_plana_color,218,231,Castillo blanco sobre una colina verde.,Pixabay,grisel,d0f71118394f9a89722ebe01f11e2634df080390
grisel_img_0404,img_0404.png,princesas_y_castillos,ilustracion_plana_color,300,168,Salón de hielo con columnas cristalinas.,Pixabay,grisel,19e2683b69d288a18770cb90746a7c267f08497c
grisel_img_0405,img_0405.png,princesas_y_castillos,ilustracion_plana_color,191,264,Pareja observando el paisaje frente a las montañas.,Pixabay,grisel,72f656e15f77baca77e7f925add1932572af00d4
grisel_img_0406,img_0406.png,princesas_y_castillos,ilustracion_plana_color,194,259,Príncipe y princesa en un cuento de hadas.,Pixabay,grisel,363eb917d4a4c801d266e202375898eb829d90d7
grisel_img_0407,img_0407.png,princesas_y_castillos,ilustracion_plana_color,259,194,Rapunzel asomándose con una rana sobre el hombro.,Pixabay,grisel,180b9c10a200e2844c13a76b3b2f489e0e8ffe73
grisel_img_0408,img_0408.png,princesas_y_castillos,ilustracion_plana_color,225,225,Castillo rosado con torres de colores.,Pixabay,grisel,a7722c7188f5839b0154e8e755d2cdb70e507ae9
grisel_img_0409,img_0409.png,princesas_y_castillos,ilustracion_plana_color,243,208,Dragón volando sobre un castillo gris.,Pixabay,grisel,9ed5307ea8aa17344b2b4f24be1c7e003df9209b
grisel_img_0410,img_0410.png,princesas_y_castillos,ilustracion_plana_color,225,225,Castillo de juguete con torres azules y rojas.,Pixabay,grisel,8c751c0505e5d22b8e4383fd06c1192fa5ab8b02
grisel_img_0411,img_0411.png,princesas_y_castillos,ilustracion_plana_color,367,137,Salón real con escalinata de mármol.,Pixabay,grisel,0c3e7a4983b3162d6f484733fb8969366363c1ee
grisel_img_0412,img_0412.png,princesas_y_castillos,ilustracion_plana_color,268,188,Castillo rosado sobre una nube.,Pixabay,grisel,66e8fa0da74761feb920fcdc5a58a3646629dc9e
grisel_img_0413,img_0413.png,princesas_y_castillos,ilustracion_plana_color,299,168,Dos princesas rubias frente a un castillo.,Pixabay,grisel,9ec48a78db2f9de115a22208eda83b28f70d36e4
grisel_img_0414,img_0414.png,princesas_y_castillos,ilustracion_plana_color,299,168,Castillo entre nubes y estrellas.,Pixabay,grisel,fef1093a1f15648e220fdef68d45a655bbc0a268
grisel_img_0415,img_0415.png,princesas_y_castillos,ilustracion_plana_color,216,233,Castillo blanco bajo un arcoíris rodeado de flores.,Pixabay,grisel,8da142b6a24473c903dcb0e8b1717d8f0a589a87
grisel_img_0416,img_0416.png,princesas_y_castillos,ilustracion_plana_color,327,154,Castillo flotante sobre cascadas.,Pixabay,grisel,2921d5d8146218a933b42ac4d68f6fea35a89c79
grisel_img_0417,img_0417.png,princesas_y_castillos,ilustracion_plana_color,230,219,Castillo rosado bajo un arcoíris.,Pixabay,grisel,aff4cd6690e7863b9fb79d9e44553a67689c7b83
grisel_img_0418,img_0418.png,princesas_y_castillos,ilustracion_plana_color,259,194,Grupo de personajes caminando junto a un río.,Pixabay,grisel,62be825ba1f0c72a9a04119d2d50d9e99f75008e
grisel_img_0419,img_0419.png,princesas_y_castillos,ilustracion_plana_color,250,202,Silueta azul de un castillo mágico.,Pixabay,grisel,ddf2d55248fbe69c4bfd6dd4412fbc7709d8d6ca
grisel_img_0420,img_0420.png,princesas_y_castillos,ilustracion_plana_color,254,198,Castillo sobre una colina iluminada por el sol.,Pixabay,grisel,b0d724b9615cfde5a979e65288e1dbaf18cafe47
grisel_img_0421,img_0421.png,princesas_y_castillos,ilustracion_plana_color,215,235,Castillo flotante sobre una isla en el cielo.,Pixabay,grisel,abf65ced06f0c1e183f5223cd5d0c1cd54f12c04
grisel_img_0422,img_0422.png,princesas_y_castillos,ilustracion_plana_color,300,168,Castillo colorido con torres moradas y azules.,Pixabay,grisel,41baa386248e6f0bc9cbd9a127a41a26ce4d1d3a
grisel_img_0423,img_0423.png,princesas_y_castillos,ilustracion_plana_color,225,225,Castillo rosado con torres de colores.,Pixabay,grisel,26c84a75ef57d339016b9607603079e4a884bee8
grisel_img_0424,img_0424.png,princesas_y_castillos,ilustracion_plana_color,323,156,Castillo rosado junto a un lago y montañas.,Pixabay,grisel,5aba30c6687b9350d89a11f1b3edc333e65d4e1e
grisel_img_0425,img_0425.png,princesas_y_castillos,ilustracion_plana_color,266,189,Camino hacia un castillo bajo un arcoíris.,Pixabay,grisel,44443219df5ee45e226bbe002dfd1c03c7c459b2
grisel_img_0426,img_0426.png,princesas_y_castillos,ilustracion_plana_color,333,151,Castillo rojo entre árboles y montañas.,Pixabay,grisel,de3e4fb2ccf03d8e7da6de7dd5492592aa54d9d4
grisel_img_0427,img_0427.png,princesas_y_castillos,ilustracion_plana_color,275,183,Castillo rosado rodeado de flores.,Pixabay,grisel,5e112620258121679d59a18b92068ba651f371fd
grisel_img_0428,img_0428.png,princesas_y_castillos,ilustracion_plana_color,281,179,Castillo morado bajo un arcoíris.,Pixabay,grisel,ef3bf755b92101624e0ed64bb192305ae901f54c
grisel_img_0429,img_0429.png,princesas_y_castillos,ilustracion_plana_color,225,225,Princesa pelirroja con vestido rosa y verde.,Pixabay,grisel,222aac9f3b13f4aa037b4872d80d9ffe1ca13141
grisel_img_0430,img_0430.png,princesas_y_castillos,ilustracion_plana_color,225,225,Castillo blanco con torres de colores.,Pixabay,grisel,48f31b8a445f3c19d11fde4f4028ccfea7bf0f8b
grisel_img_0431,img_0431.png,princesas_y_castillos,ilustracion_plana_color,170,297,Castillo de arena rodeado por el mar.,Pixabay,grisel,5f9c42e946a31c445ee220d48c302cfea3793c75
grisel_img_0432,img_0432.png,princesas_y_castillos,ilustracion_plana_color,266,190,Castillo gris rodeado de flores y árboles rosados.,Pixabay,grisel,fd19fe2970c524a88904f4c3435dd250c3eed8b7
grisel_img_0433,img_0433.png,princesas_y_castillos,ilustracion_plana_color,347,145,Castillos flotando sobre islas en las nubes.,Pixabay,grisel,060a810f16781be390697b37a607f024dc9b50a6
grisel_img_0434,img_0434.png,princesas_y_castillos,ilustracion_plana_color,253,199,Castillo rosado junto a un sendero.,Pixabay,grisel,89df4a64701d1ef33f85b85db0578e23fd3c048e
grisel_img_0435,img_0435.png,princesas_y_castillos,ilustracion_plana_color,268,188,Príncipe y princesa abrazados frente a un castillo.,Pixabay,grisel,d19cc6980c296ff5dc854e13a93b430d7d3ac68b
grisel_img_0436,img_0436.png,princesas_y_castillos,ilustracion_plana_color,225,225,Castillo amarillo con cúpulas azules.,Pixabay,grisel,5b32d0cc9ff736f830751e372693dba410b33667
grisel_img_0437,img_0437.png,princesas_y_castillos,ilustracion_plana_color,225,225,Castillo rosado entre montañas y jardines.,Pixabay,grisel,c7c0a65e27ece4c736c0e0eb4499a918e8ba5c9b
grisel_img_0438,img_0438.png,princesas_y_castillos,ilustracion_plana_color,170,297,Torre de castillo entre las nubes.,Pixabay,grisel,c78716d010d62e3539a2c587216ff0dea156c767
grisel_img_0439,img_0439.png,princesas_y_castillos,ilustracion_plana_color,221,228,Castillo rosado flotando sobre una nube.,Pixabay,grisel,34456e350e0cf74faeab75552ec7fbce52765cb3
grisel_img_0440,img_0440.png,princesas_y_castillos,ilustracion_plana_color,300,168,Princesa con vestido rosa rodeada de flores.,Pixabay,grisel,dcaeeb37dff74f1c4cd869f5fbf38dee24f544a6
grisel_img_0441,img_0441.png,princesas_y_castillos,ilustracion_plana_color,225,225,"Castillos blancos entre nubes, estrellas y arcoíris.",Pixabay,grisel,a6506e59a51399cbd37338473aa567689339be20
grisel_img_0442,img_0442.png,princesas_y_castillos,ilustracion_plana_color,306,165,Castillo azul junto a un lago tranquilo.,Pixabay,grisel,4816d6e901276e104e1a54172b47fc70d829e695
grisel_img_0443,img_0443.png,princesas_y_castillos,ilustracion_plana_color,266,190,Valle mágico con un castillo al fondo.,Pixabay,grisel,02f03dc872a156b4e1037200b107e310f378bcb3
grisel_img_0444,img_0444.png,princesas_y_castillos,ilustracion_plana_color,225,225,Castillo sobre una colina bajo un arcoíris y corazones.,Pixabay,grisel,7a552a9de25924264e0c2a993b4f5b2ae3aeeed7
grisel_img_0445,img_0445.png,princesas_y_castillos,ilustracion_plana_color,225,225,Castillo morado flotando sobre una nube.,Pixabay,grisel,79cb75444c29651d95361865f8dbe7638746d208
grisel_img_0446,img_0446.png,princesas_y_castillos,ilustracion_plana_color,225,225,Cenicienta con vestido brillante en un baile real.,Pixabay,grisel,6ceb0da3df148626d45db2d27445ab8a467f946b
grisel_img_0447,img_0447.png,princesas_y_castillos,ilustracion_plana_color,290,174,Grupo de niños junto a mascotas en un mundo de fantasía.,Pixabay,grisel,9ccb93ac250258180c534f4cc13d5f11c4075f3f
grisel_img_0448,img_0448.png,princesas_y_castillos,ilustracion_plana_color,308,164,Castillo rosado sobre una colina iluminada por el sol.,Pixabay,grisel,c195fce2563c6d6e86d252508b5eedea32d6c9ff
grisel_img_0449,img_0449.png,princesas_y_castillos,ilustracion_plana_color,197,256,Príncipe con corona sosteniendo una espada.,Pixabay,grisel,d06db68af5511befce190ce5dbb3877a855fabf1
grisel_img_0450,img_0450.png,princesas_y_castillos,ilustracion_plana_color,225,225,Principito con capa azul y espada.,Pixabay,grisel,58f8ab72204af080774c753040afa495bb0d81ce
grisel_img_0451,img_0451.png,princesas_y_castillos,ilustracion_plana_color,300,168,Princesa rubia frente a un castillo y un arcoíris.,Pixabay,grisel,de3fbadf5a815607e65f82b6868ae5515db8bfb5
grisel_img_0452,img_0452.png,princesas_y_castillos,ilustracion_plana_color,156,324,Príncipe con chaleco morado y medalla dorada.,Pixabay,grisel,063345e18c66d9a63b32629f2aa14fe4847ec7d1
grisel_img_0453,img_0453.png,princesas_y_castillos,ilustracion_plana_color,236,214,Príncipe arrodillado ofreciendo una rosa a una princesa.,Pixabay,grisel,0cfa160f8973f279ae858858b04ae11d6ee78e3d
grisel_img_0454,img_0454.png,princesas_y_castillos,ilustracion_plana_color,198,254,Príncipe abrazando a una princesa de cabello rojo.,Pixabay,grisel,59c6adcfb23297a4a854ce3cbf4e22f6cab9e8b6
grisel_img_0455,img_0455.png,princesas_y_castillos,ilustracion_plana_color,256,197,Niños asomados a las ventanas de un castillo entre las nubes.,Pixabay,grisel,ed940ea4acfbf88e99f6e276c559596b1b27eca2
grisel_img_0456,img_0456.png,princesas_y_castillos,ilustracion_plana_color,272,185,Princesa y príncipe frente a un castillo.,Pixabay,grisel,c59db4c0972f1fa66f2a28c4f20930a81c9d5c68
grisel_img_0457,img_0457.png,princesas_y_castillos,ilustracion_plana_color,267,189,Princesa con vestido rosa frente a un castillo.,Pixabay,grisel,e08b251fca16fb5af04073a4b259f4575bd5fefd
grisel_img_0458,img_0458.png,princesas_y_castillos,ilustracion_plana_color,225,225,Niña rubia junto a un castillo rosado.,Pixabay,grisel,82311f688ebf3f909ed329497f06c33ae51fc8b7
grisel_img_0460,img_0460.png,princesas_y_castillos,ilustracion_plana_color,293,172,Príncipe entregando flores a una princesa frente a un castillo.,Pixabay,grisel,9cdc1e1f45ed6f3f6b58694f41e4ca053d8a0889
grisel_img_0461,img_0461.png,princesas_y_castillos,ilustracion_plana_color,260,194,Príncipe y princesa frente a un castillo junto a un lago.,Pixabay,grisel,9eabcc51c5154e4c4f5201abd18d50eb5282c44b
grisel_img_0462,img_0462.png,princesas_y_castillos,ilustracion_plana_color,183,275,Princesa de hielo bailando bajo las estrellas.,Pixabay,grisel,85dc953e454a19f7d5cfba217bbad61a89b2969b
grisel_img_0463,img_0463.png,princesas_y_castillos,ilustracion_plana_color,275,183,Princesa caminando hacia un castillo rosado.,Pixabay,grisel,9341d4b5c6503c953c7ae3f51fcabfe42fecd55f
grisel_img_0464,img_0464.png,princesas_y_castillos,ilustracion_plana_color,194,260,Princesa rubia frente a un castillo bajo la luna llena.,Pixabay,grisel,64a0355caad055dad88c2cff17bd4a2241c8bafb
grisel_img_0465,img_0465.png,princesas_y_castillos,ilustracion_plana_color,190,266,Princesa con corona y vestido rosa.,Pixabay,grisel,a7e94b6ff45debe33957bc55a90cbbb4c3b30a7b
grisel_img_0466,img_0466.png,princesas_y_castillos,ilustracion_plana_color,318,159,Castillo morado rodeado de personajes y un dragón rojo.,Pixabay,grisel,c5e6b2df5c5f2023bd2f014bf7b00ab3ec45ed9a
grisel_img_0467,img_0467.png,princesas_y_castillos,ilustracion_plana_color,225,225,Castillo rosado decorado con flores y luces.,Pixabay,grisel,125a25aa1669368d91ba33af609d777f9f2d5c71
grisel_img_0468,img_0468.png,princesas_y_castillos,ilustracion_plana_color,275,183,Príncipe y princesa frente a un castillo blanco.,Pixabay,grisel,51bcdea4be232945b91653de9ed0f9cfc6cfce4f
grisel_img_0469,img_0469.png,princesas_y_castillos,ilustracion_plana_color,231,218,Príncipe abrazando a una princesa en un bosque encantado.,Pixabay,grisel,30856e956dd3f75e426f978e96f36cebe894c339
grisel_img_0470,img_0470.png,princesas_y_castillos,ilustracion_plana_color,267,189,Unicornio y dragón frente a un castillo bajo un arcoíris.,Pixabay,grisel,710ea107f4f9e2504d9ae9dbc103cc64c2c342de
grisel_img_0471,img_0471.png,princesas_y_castillos,ilustracion_plana_color,221,228,Castillo rosado bajo un arcoíris.,Pixabay,grisel,83a7a154b20210619e0aa114bdd740b23d4fbbea
grisel_img_0472,img_0472.png,princesas_y_castillos,ilustracion_plana_color,281,179,Príncipe y princesa junto a un caballo frente a un castillo.,Pixabay,grisel,6273aeaf74be5133bdc789ec9c74d8629e5c016f
grisel_img_0473,img_0473.png,princesas_y_castillos,ilustracion_plana_color,301,167,Princesa rubia abrazando un gato gris.,Pixabay,grisel,4c1fc893423b916d33aac7de7811fe6a0ac5d8c9
grisel_img_0474,img_0474.png,princesas_y_castillos,ilustracion_plana_color,183,275,Blancanieves caminando por un jardín de rosas.,Pixabay,grisel,f8d36e8c35b698bd896385590d2470c628dad602
grisel_img_0475,img_0475.png,princesas_y_castillos,ilustracion_plana_color,275,183,Princesa observando un castillo entre flores.,Pixabay,grisel,feb43f90da75cc9671bb5ecd7c40556ebd163611
grisel_img_0476,img_0476.png,princesas_y_castillos,ilustracion_plana_color,258,196,Carruaje tirado por un unicornio frente a un castillo.,Pixabay,grisel,9435154dcf54c18f433ec4e4d5a2b4396166aaf1
grisel_img_0478,img_0478.png,princesas_y_castillos,ilustracion_plana_color,222,227,Mujer observando a un bebé en una cuna.,Pixabay,grisel,098d977cdd046e16f6746bb87fb685a455ff93f0
grisel_img_0479,img_0479.png,princesas_y_castillos,ilustracion_plana_color,168,299,Princesa caminando hacia un castillo a través de un portal mágico.,Pixabay,grisel,15a9598b4827cf8b65b181204760cb27cb625c05
grisel_img_0480,img_0480.png,princesas_y_castillos,ilustracion_plana_color,225,225,Princesa rubia con vestido azul frente a un castillo rosado.,Pixabay,grisel,b31d7b85b0b040d959714d14c98615cbe7e77d4d
grisel_img_0481,img_0481.png,princesas_y_castillos,ilustracion_plana_color,275,183,Princesa con vestido rosa caminando entre flores frente a un castillo.,Pixabay,grisel,f5d9a312db669a04e2cc40e13eb54f316dcbf978
grisel_img_0482,img_0482.png,princesas_y_castillos,ilustracion_plana_color,325,155,Castillo junto al mar sobre una colina.,Pixabay,grisel,65b2c3f127e7d0bee7e7e692adcbfce75427a92b
grisel_img_0483,img_0483.png,princesas_y_castillos,ilustracion_plana_color,225,225,Príncipe y princesa bailando frente a un castillo iluminado.,Pixabay,grisel,ce55f94b42071fda9a605082437c151c04c1c090
grisel_img_0484,img_0484.png,princesas_y_castillos,ilustracion_plana_color,225,225,Princesa caricatura con corona y vestido rosa.,Pixabay,grisel,7bc8817ab617a9598b480cc119875811466d5e5e
grisel_img_0486,img_0486.png,princesas_y_castillos,ilustracion_plana_color,304,166,Castillo azul rodeado de flores y nubes.,Pixabay,grisel,9636e94fe59a5e86628ae7e5a25da7e71bc5342b
grisel_img_0487,img_0487.png,princesas_y_castillos,ilustracion_plana_color,225,225,Princesa rubia con vestido morado sentada.,Pixabay,grisel,0ecf8dcdf4c884f92a42d547c49222b40824512e
grisel_img_0488,img_0488.png,princesas_y_castillos,ilustracion_plana_color,257,196,Castillo rosado junto a un río y un arcoíris.,Pixabay,grisel,c6db4f8a349e15e3ee06d95ce6513db948aea438
grisel_img_0489,img_0489.png,princesas_y_castillos,ilustracion_plana_color,271,186,Palacio iluminado por la luna llena.,Pixabay,grisel,51acf149692ff600676e081f08a8d6c393f172cd
grisel_img_0490,img_0490.png,princesas_y_castillos,ilustracion_plana_color,275,183,Castillo rosado rodeado de flores.,Pixabay,grisel,a9713b42b2159e1115de72fe90366c3a3e6e7c07
grisel_img_0491,img_0491.png,princesas_y_castillos,ilustracion_plana_color,299,168,Princesa junto a un castillo blanco.,Pixabay,grisel,6abe9c8e75a03bb7ff7d1f2276bb7813e361acff
grisel_img_0492,img_0492.png,princesas_y_castillos,ilustracion_plana_color,225,225,Princesa con vestido rosa en un jardín.,Pixabay,grisel,62390f53f6d78d3a675daef5fd67acda150d8faa
grisel_img_0493,img_0493.png,princesas_y_castillos,ilustracion_plana_color,261,193,Princesa con vestido rosa entre árboles frutales.,Pixabay,grisel,4ea3b7f0be1dd47504790fc26d05ed7791339b69
grisel_img_0494,img_0494.png,princesas_y_castillos,ilustracion_plana_color,300,168,Princesa con vestido azul frente a un castillo al atardecer.,Pixabay,grisel,21a6dbbcbec008c328a300e663ac7d5d0a4e2637
grisel_img_0495,img_0495.png,princesas_y_castillos,ilustracion_plana_color,275,183,"Tres princesas con vestidos rosa, amarillo y azul.",Pixabay,grisel,f85c14169e5af802248f942587385ea5eaede653
grisel_img_0496,img_0496.png,princesas_y_castillos,ilustracion_plana_color,269,187,Princesa jugando en un jardín junto a un castillo.,Pixabay,grisel,8c56048e23fc441380b605abebf269e8c486eeac
grisel_img_0497,img_0497.png,princesas_y_castillos,ilustracion_plana_color,243,208,Princesa pelirroja sentada entre flores y mariposas.,Pixabay,grisel,00f17a362433f5b3497c63364acd6f4a5d3f5c27
grisel_img_0498,img_0498.png,princesas_y_castillos,ilustracion_plana_color,268,188,Princesa caminando por un bosque iluminado.,Pixabay,grisel,5d7c884e74dbe58827057bc214919ce0af466848
grisel_img_0499,img_0499.png,princesas_y_castillos,ilustracion_plana_color,253,199,Princesa pelirroja rodeada de flores y mariposas.,Pixabay,grisel,d9b04a726d0bcad30406bc9360101bd36c6eee28
grisel_img_0500,img_0500.png,princesas_y_castillos,ilustracion_plana_color,188,268,Princesa con vestido rosa en un palacio.,Pixabay,grisel,843ebd0c7f379faaac45b7df1ef7d85e69854b24
grisel_img_0501,img_0501.png,princesas_y_castillos,ilustracion_plana_color,225,225,Princesa sentada junto a una fuente en un jardín.,Pixabay,grisel,c7118262d0d613d0dbf4c67005d1309451d8110b
grisel_img_0502,img_0502.png,princesas_y_castillos,ilustracion_plana_color,267,189,Dos hadas volando frente a un castillo.,Pixabay,grisel,20a6e0c1eb745fda72c2249c4076ccea570b4d31
grisel_img_0503,img_0503.png,princesas_y_castillos,ilustracion_plana_color,170,297,Niña sosteniendo flores en un bosque.,Pixabay,grisel,5e5d0ce2d38f9a0b71666a7c8144dda6a0406cec
grisel_img_0504,img_0504.png,princesas_y_castillos,ilustracion_plana_color,225,225,Princesa rubia frente a una casa en un árbol iluminada.,Pixabay,grisel,2d37c0aa51b1ea13f656cf51eac4c981980cb616
grisel_img_0505,img_0505.png,princesas_y_castillos,ilustracion_plana_color,268,188,Princesa con vestido morado caminando por un jardín.,Pixabay,grisel,542fb91cb73d28c91a06b3bd2cd3a7d4db3f07a8
grisel_img_0506,img_0506.png,princesas_y_castillos,ilustracion_plana_color,216,233,Princesa de cabello rizado con vestido azul.,Pixabay,grisel,a8c50d30b96509b77c3e0d3c3f36772d57d3ffcd
grisel_img_0507,img_0507.png,princesas_y_castillos,ilustracion_plana_color,261,193,Grupo de princesas frente a un castillo.,Pixabay,grisel,8da8cf01b8a9d6325c1a7691e7fd5d2560781763
grisel_img_0508,img_0508.png,princesas_y_castillos,ilustracion_plana_color,225,225,Princesa sentada en un salón real.,Pixabay,grisel,8fc17daa8c4f12b5812780d7983ec7e11af098c2
grisel_img_0509,img_0509.png,princesas_y_castillos,ilustracion_plana_color,297,170,Princesa sentada en un trono rodeada de luces mágicas.,Pixabay,grisel,eab0ece758afd8c509db6a1fa652caebcdc2127c
grisel_img_0510,img_0510.png,princesas_y_castillos,ilustracion_plana_color,225,225,Príncipe y princesa montando un caballo blanco frente a un castillo.,Pixabay,grisel,8c6fcff2de70134f02f1d630abafca38e15591bd
grisel_img_0511,img_0511.png,princesas_y_castillos,ilustracion_plana_color,225,225,Princesa pelirroja con vestido verde frente a un castillo.,Pixabay,grisel,1b6e966a826a573ba322c9b053d9febfbcddf3dc
grisel_img_0512,img_0512.png,princesas_y_castillos,ilustracion_plana_color,290,174,Princesa sosteniendo un hada sobre la mano.,Pixabay,grisel,b223898dc931de41b9d12452b53eeb0f9b4847b2
grisel_img_0513,img_0513.png,princesas_y_castillos,ilustracion_plana_color,236,213,Carruaje real cruzando un puente sobre un estanque.,Pixabay,grisel,eb1fe6ac8e6327c77137b5a9cb7ad06bb00e2f8a
grisel_img_0514,img_0514.png,princesas_y_castillos,ilustracion_plana_color,170,297,Hada de cabello lila con vestido rosa.,Pixabay,grisel,f5a2a4608fb1987a671a03095eea1620383062fd
grisel_img_0515,img_0515.png,princesas_y_castillos,ilustracion_plana_color,168,300,Niña rodeada de flores junto a un cachorro.,Pixabay,grisel,fbf252746115c51fa8958dbf4fe498de38051265
grisel_img_0518,img_0518.png,princesas_y_castillos,ilustracion_plana_color,225,225,Príncipe y princesa frente a un castillo iluminado por la luna.,Pixabay,grisel,ebbc776e49802832c150db33f8e337e4fdf65c15
grisel_img_0519,img_0519.png,princesas_y_castillos,ilustracion_plana_color,266,190,Príncipe y princesa sonriendo frente a un arcoíris.,Pixabay,grisel,0dd1f5ebb7b65c0080402f319f3ac324d2556e49
grisel_img_0520,img_0520.png,princesas_y_castillos,ilustracion_plana_color,255,197,"Príncipe, princesa y unicornio bajo un arcoíris.",Pixabay,grisel,66b5c28aa40f8cb766ba6a40b145c7726b7db7bc
grisel_img_0521,img_0521.png,princesas_y_castillos,ilustracion_plana_color,204,247,Blancanieves conversando con un príncipe.,Pixabay,grisel,63ce5931436e524b3e7b6a7f0e4bf3c6a24a9b6c
grisel_img_0522,img_0522.png,princesas_y_castillos,ilustracion_plana_color,300,168,Castillo junto al agua rodeado de jardines.,Pixabay,grisel,ca47111b8b0d3d1a8b7531549d2ccfe82b8a32d6
grisel_img_0524,img_0524.png,princesas_y_castillos,ilustracion_plana_color,300,168,Castillo blanco rodeado de árboles rosados.,Pixabay,grisel,5792133b37d6b1753bb923033cf9e03229a0e330
grisel_img_0525,img_0525.png,princesas_y_castillos,ilustracion_plana_color,225,225,Niña abrazando un unicornio blanco.,Pixabay,grisel,2797e027681bdd0ec1593f783ff5cbce74f1c6e3
grisel_img_0526,img_0526.png,princesas_y_castillos,ilustracion_plana_color,227,222,Príncipe y princesa montando un unicornio blanco.,Pixabay,grisel,ef24c4c93bded3c280ec21bd406b30c318666749
grisel_img_0527,img_0527.png,princesas_y_castillos,ilustracion_plana_color,223,226,Príncipe y princesa montando un unicornio blanco dentro de un círculo rosa.,Pixabay,grisel,0548204e35ab01d8d9e4806c9c3472186199e8db
grisel_img_0528,img_0528.png,princesas_y_castillos,ilustracion_plana_color,225,225,Princesa con vestido morado junto a un unicornio bajo un arcoíris.,Pixabay,grisel,bd25a0da54378cad980e64bea5b47af84f432157
grisel_img_0529,img_0529.png,princesas_y_castillos,ilustracion_plana_color,206,245,Rey con corona montando un caballo marrón.,Pixabay,grisel,71e62fbfebc51c51c4d04ffe49740f1cfe1f1e63
grisel_img_0530,img_0530.png,princesas_y_castillos,ilustracion_plana_color,225,225,Rey montando un caballo blanco.,Pixabay,grisel,b646b6e1820e63046594844ab9faca2982436ba4
grisel_img_0531,img_0531.png,princesas_y_castillos,ilustracion_plana_color,218,231,Novios bajo un arco de flores.,Pixabay,grisel,8818babd1bffe7c8134d8205d2f0dd89fdcdef3d
grisel_img_0532,img_0532.png,princesas_y_castillos,ilustracion_plana_color,225,225,Princesa sentada junto a un pequeño dragón azul.,Pixabay,grisel,1038985c5afcaedbc295987d060ff6a1fce70d24
grisel_img_0533,img_0533.png,princesas_y_castillos,ilustracion_plana_color,227,222,Niña junto a un dragón azul sonriente.,Pixabay,grisel,c43dd0b984a51fd6270d6aa6847dff6f7d0d95d2
grisel_img_0535,img_0535.png,princesas_y_castillos,ilustracion_plana_color,225,225,Niña rubia abrazando un dragón rojo.,Pixabay,grisel,d96d14f8ba9cbc8f79de6a380e71e89ed2661ee3
grisel_img_0536,img_0536.png,princesas_y_castillos,ilustracion_plana_color,183,275,Princesa junto a un pequeño dragón dorado frente a un castillo.,Pixabay,grisel,583b487099a7cadb2c42aa90ec47f896e144cec3
grisel_img_0537,img_0537.png,princesas_y_castillos,ilustracion_plana_color,219,230,Princesa rubia montando un dragón azul.,Pixabay,grisel,0da4b3f2c07778b894a5323e106734166ae6b431
grisel_img_0538,img_0538.png,princesas_y_castillos,ilustracion_plana_color,225,225,Niña de cabello largo acariciando un pequeño dragón.,Pixabay,grisel,052b59ba531ec956921a5bcd40c79694098ce277
grisel_img_0539,img_0539.png,princesas_y_castillos,ilustracion_plana_color,190,266,Niña observando un dragón verde junto a una torre.,Pixabay,grisel,e819f280fdace8727dbaf7ba8aefb387aebe3d00
grisel_img_0540,img_0540.png,princesas_y_castillos,ilustracion_plana_color,225,225,Dragón naranja volando sobre un castillo.,Pixabay,grisel,ff5a5297d0e9fdd3b5fd328e1e4f9a6433fa58fe
grisel_img_0541,img_0541.png,princesas_y_castillos,ilustracion_plana_color,167,302,Dragón morado posado sobre una torre de piedra.,Pixabay,grisel,0df011b4147a7006a86d7a9c249ca534faccd22d
grisel_img_0542,img_0542.png,princesas_y_castillos,ilustracion_plana_color,190,266,Príncipes y princesas asomados a una torre rosada.,Pixabay,grisel,b05b2b2dd2df7adf63d84c9b7deaa9fb45b406ed
grisel_img_0543,img_0543.png,princesas_y_castillos,ilustracion_plana_color,300,168,Rey con corona sentado en un trono.,Pixabay,grisel,86e229a0166b02060e1a8e559c921b7c13b7ba24
grisel_img_0544,img_0544.png,princesas_y_castillos,ilustracion_plana_color,271,186,Rey y princesa de cabello rojo conversando.,Pixabay,grisel,6dc3fad50d4e0897894811e5efbd66343e0081a8
grisel_img_0545,img_0545.png,princesas_y_castillos,ilustracion_plana_color,265,190,Rey y reina con coronas enfrentados.,Pixabay,grisel,c6c08e80d5d283756c4a1f7ce9a9ca08592cf1cb
grisel_img_0546,img_0546.png,princesas_y_castillos,ilustracion_plana_color,292,172,Príncipe y princesa junto a una torre de castillo.,Pixabay,grisel,919db6b2b4056c444e7368232eebae6a7ab20821
grisel_img_0547,img_0547.png,princesas_y_castillos,ilustracion_plana_color,275,183,Príncipe arrodillado con espada frente a una princesa.,Pixabay,grisel,39b99bc9388c93ec2ae3505bbb6cdc71f4671b5d
grisel_img_0548,img_0548.png,princesas_y_castillos,ilustracion_plana_color,296,170,Dragón verde frente a un caballero y una princesa.,Pixabay,grisel,709cc357d0ce94f1e5f2c380840215f8d282f854
grisel_img_0549,img_0549.png,princesas_y_castillos,ilustracion_plana_color,225,225,Princesa junto a un caballero con armadura.,Pixabay,grisel,3d5075f380d58e8424dbc4f23702282fdecb9ad8
grisel_img_0550,img_0550.png,princesas_y_castillos,ilustracion_plana_color,179,282,Princesa y caballero abrazados.,Pixabay,grisel,c8ae66fa5107be3666cae57483140f929cb6fa0c
grisel_img_0551,img_0551.png,princesas_y_castillos,ilustracion_plana_color,251,201,Caballero y princesa enfrentando a un dragón.,Pixabay,grisel,a93d77f51f2da5986e5a530b797ca103a5688a2d
grisel_img_0552,img_0552.png,princesas_y_castillos,ilustracion_plana_color,255,197,Caballero cargando a una princesa mientras esquiva flechas.,Pixabay,grisel,6ff7754017491d2f6fdd0fad7b6e4ba3bb790ef0
grisel_img_0553,img_0553.png,princesas_y_castillos,ilustracion_plana_color,225,225,Princesa abrazando a un caballero con armadura.,Pixabay,grisel,4348b4eac5a5531a6b53bb94dea6c7febe7e9935
grisel_img_0554,img_0554.png,princesas_y_castillos,ilustracion_plana_color,225,225,Niños junto a un dragón rojo frente a un castillo.,Pixabay,grisel,a68293241207a098ff0bdac6ea456915e46a6b6f
grisel_img_0555,img_0555.png,princesas_y_castillos,ilustracion_plana_color,226,223,Caballero montando un caballo blanco.,Pixabay,grisel,41580e5e8ad814004d7fc4fcb144c9a0fbe5e05e
grisel_img_0556,img_0556.png,princesas_y_castillos,ilustracion_plana_color,187,270,Caballero montando un caballo marrón con una espada.,Pixabay,grisel,dc804a1e5a11262c8ce17519d39ecbb935468fc0
grisel_img_0557,img_0557.png,princesas_y_castillos,ilustracion_plana_color,300,168,Caballero montando un caballo blanco frente a una puerta de castillo.,Pixabay,grisel,09947ec4025fb5f3563f81f6c8e55e6c2a68339e
grisel_img_0558,img_0558.png,princesas_y_castillos,ilustracion_plana_color,270,187,Caballero montando un caballo rojo frente a un castillo.,Pixabay,grisel,445b0e681e197baf696bc388018c18ea6aa09028
grisel_img_0559,img_0559.png,princesas_y_castillos,ilustracion_plana_color,225,225,Caballero con capa roja montando un caballo negro.,Pixabay,grisel,6079ecd3e792ec120bb989d2ff050e195cf152f7
grisel_img_0560,img_0560.png,princesas_y_castillos,ilustracion_plana_color,275,183,Caballero con lanza montando un caballo marrón.,Pixabay,grisel,0471e86b1b7f37ce664febc9fd5882b696715fa0
grisel_img_0561,img_0561.png,princesas_y_castillos,ilustracion_plana_color,225,224,Caballero montando un caballo amarillo.,Pixabay,grisel,a5bed161f60e3d6990cf35b16a75d7e7e1586d9f
grisel_img_0562,img_0562.png,princesas_y_castillos,ilustracion_plana_color,225,225,Joven caballero con espada y escudo frente a un castillo.,Pixabay,grisel,f8594db26d9a103d0d19c41ee7ae8c17cbab24a1
grisel_img_0563,img_0563.png,princesas_y_castillos,ilustracion_plana_color,197,256,Caballero con hacha montando un caballo blanco.,Pixabay,grisel,04936b5c4a7b78463d6dc332d93560a075da0541
grisel_img_0564,img_0564.png,princesas_y_castillos,ilustracion_plana_color,301,168,Princesa montando un caballo en un bosque encantado.,Pixabay,grisel,47783209a862e2d791ff4274b5602a7c34a68875
grisel_img_0565,img_0565.png,princesas_y_castillos,ilustracion_plana_color,214,236,Príncipe montando un unicornio blanco frente a un castillo.,Pixabay,grisel,a88a512009a864cb311ee5a3ae407b49886f1be4
grisel_img_0566,img_0566.png,princesas_y_castillos,ilustracion_plana_color,193,261,Caballero montando un caballo naranja con una lanza.,Pixabay,grisel,3efbd06e5821ff566081d5bea9a68ebad772bdb6
grisel_img_0567,img_0567.png,princesas_y_castillos,ilustracion_plana_color,223,226,Joven caballero montando un unicornio blanco.,Pixabay,grisel,274d9ed3f8990fe49f7155164025a1bc780a9c8a
grisel_img_0568,img_0568.png,princesas_y_castillos,ilustracion_plana_color,281,180,Caballero enfrentando a un dragón verde junto a una princesa.,Pixabay,grisel,6f1155cf4c7a7325a4c18f6060e37eec8b416c04
grisel_img_0569,img_0569.png,princesas_y_castillos,ilustracion_plana_color,191,264,Caballero montando un caballo marrón con una espada.,Pixabay,grisel,922b58f6d611e79b04f247737067f2d6f0ccfd33
grisel_img_0570,img_0570.png,princesas_y_castillos,ilustracion_plana_color,297,170,Caballero montando un caballo beige.,Pixabay,grisel,db1f7e18152808437002fc7afe2426e6193fa68c
grisel_img_0571,img_0571.png,princesas_y_castillos,ilustracion_plana_color,225,225,Caballero sosteniendo una espada junto a una princesa.,Pixabay,grisel,13b635ba59ab2efc61781d898850a278e0816f49
grisel_img_0572,img_0572.png,princesas_y_castillos,ilustracion_plana_color,231,218,Princesa montando un dragón azul junto a un caballero.,Pixabay,grisel,935537de42fe4c89e75d5ae41ccd784280084c2b
grisel_img_0573,img_0573.png,princesas_y_castillos,ilustracion_plana_color,300,168,Grupo de personajes explorando un reino de fantasía.,Pixabay,grisel,bfd3de9ded2749eaa10fd264abcf64273806eb21
grisel_img_0574,img_0574.png,princesas_y_castillos,ilustracion_plana_color,259,194,Rey y reina caricatura con coronas.,Pixabay,grisel,40e9e1b80bb306738312d4afc392e648950a9f87
grisel_img_0575,img_0575.png,princesas_y_castillos,ilustracion_plana_color,290,174,Caballero rubio junto a un caballo y un pato.,Pixabay,grisel,9e3e09e05b899f0899a355f3e35a247f1f5c8621
grisel_img_0576,img_0576.png,princesas_y_castillos,ilustracion_plana_color,300,168,Niños junto a un unicornio y una llama.,Pixabay,grisel,f87ed776c7cd1a5b8c219c93303d3160e4a3e0db
grisel_img_0577,img_0577.png,princesas_y_castillos,ilustracion_plana_color,267,189,Príncipe y princesa frente a un castillo con un unicornio.,Pixabay,grisel,0905ce1bd631b236d323937bc8b58f68fcbb66e4
grisel_img_0578,img_0578.png,princesas_y_castillos,ilustracion_plana_color,260,194,Príncipe enfrentando a un anciano encapuchado.,Pixabay,grisel,cf510c9de5bb8806fbf19b910093ba9db34907e4
grisel_img_0579,img_0579.png,princesas_y_castillos,ilustracion_plana_color,300,168,Príncipe observando a una princesa a través de una puerta.,Pixabay,grisel,a5a01f2ab5aca3d2d1bd5889a4ab375ae40653cf
grisel_img_0580,img_0580.png,princesas_y_castillos,ilustracion_plana_color,269,187,Princesa montando un unicornio blanco.,Pixabay,grisel,7fc752c5e5fbb30b99dd585bd4c7e9532ef0aac1
grisel_img_0581,img_0581.png,princesas_y_castillos,ilustracion_plana_color,225,225,Aladdín y Jasmine bailando juntos.,Pixabay,grisel,6d32ee881e41ee0c5f8529f849f809c42e803b3e
grisel_img_0582,img_0582.png,princesas_y_castillos,ilustracion_plana_color,225,225,Princesa pelirroja con vestido azul y corona.,Pixabay,grisel,6e0699383bf2b396c188ee7d4adc3a1eaf7f5448
grisel_img_0583,img_0583.png,princesas_y_castillos,ilustracion_plana_color,300,168,Niños junto a un unicornio en un reino de fantasía.,Pixabay,grisel,01c91cf6c4df6b59e833cdb89b8c821546ddb890
grisel_img_0584,img_0584.png,princesas_y_castillos,ilustracion_plana_color,345,146,Caballero con escudo frente a una casa de campo.,Pixabay,grisel,b1fa56078d802dc708d68a3a80bac302ee1c69f9
grisel_img_0585,img_0585.png,princesas_y_castillos,ilustracion_plana_color,170,297,Torre mágica brillante entre las nubes.,Pixabay,grisel,df1b037a8312e5b7a756bef083553a955f5a2bc0
grisel_img_0586,img_0586.png,princesas_y_castillos,ilustracion_plana_color,335,150,astillo flotante sobre islas en el cielo.,Pixabay,grisel,9a3993b40a5d50a74e83836c49c66f6919685596
grisel_img_0587,img_0587.png,princesas_y_castillos,ilustracion_plana_color,267,189,Castillo cubierto de nieve en un paisaje invernal.,Pixabay,grisel,2deac2a9c3927e2788e52578739d6a04e7487029
grisel_img_0588,img_0588.png,princesas_y_castillos,ilustracion_plana_color,225,225,Sirena de cabello rosa bajo el mar.,Pixabay,grisel,e6de8366280c0766a8bb24df515e0d79f2b26ef6
grisel_img_0589,img_0589.png,princesas_y_castillos,ilustracion_plana_color,168,300,Blancanieves sosteniendo un conejo blanco.,Pixabay,grisel,6688fd5898ffa994b2761618d5a502e355975d7a
grisel_img_0590,img_0590.png,princesas_y_castillos,ilustracion_plana_color,262,192,Blancanieves observando un pájaro en el bosque.,Pixabay,grisel,ae706b6503f54329c35dcb5fe96e5b4af0cd6121
grisel_img_0591,img_0591.png,princesas_y_castillos,ilustracion_plana_color,295,171,Blancanieves rodeada de animales del bosque.,Pixabay,grisel,2d84e4a482f233d088c301672097332fd19405e0
grisel_img_0592,img_0592.png,princesas_y_castillos,ilustracion_plana_color,299,168,Tiana con vestido azul en un salón real.,Pixabay,grisel,cc8f05dfbf9e064580adab0e23cb6ed8e699a083
grisel_img_0593,img_0593.png,princesas_y_castillos,ilustracion_plana_color,300,168,Rapunzel rodeada de aves y ardillas en el bosque.,Pixabay,grisel,5876816357758c500d1a9e20f5a7fb3b50da8548
grisel_img_0594,img_0594.png,princesas_y_castillos,ilustracion_plana_color,266,190,Rapunzel sentada junto a un río en el bosque.,Pixabay,grisel,2369b8f0382ee4b1a27af3c332a2f70851d3f8e0
grisel_img_0595,img_0595.png,princesas_y_castillos,ilustracion_plana_color,301,167,Tiana sosteniendo una rana sobre la mano.,Pixabay,grisel,7994c0eb15fb1f9debef9e42a7833df6d4f73b45
grisel_img_0596,img_0596.png,princesas_y_castillos,ilustracion_plana_color,300,168,Cenicienta tropezando mientras huye.,Pixabay,grisel,fae11321ad1fff53487ef4fbe33562288321394c
grisel_img_0597,img_0597.png,princesas_y_castillos,ilustracion_plana_color,300,168,Cenicienta bailando con el Hada Madrina.,Pixabay,grisel,3edfc08aebd0c8706ad21b8096ac7912532879e4
grisel_img_0598,img_0598.png,princesas_y_castillos,ilustracion_plana_color,300,168,Jasmine sonriendo junto a una ventana.,Pixabay,grisel,e5032148841047ef4708f01aeb03af52bdf0e032
grisel_img_0599,img_0599.png,princesas_y_castillos,ilustracion_plana_color,258,195,Blancanieves sorprendida dentro de una cabaña.,Pixabay,grisel,a69f447877842a771b64109aa04ca3ceec6d974a
grisel_img_0600,img_0600.png,princesas_y_castillos,ilustracion_plana_color,169,298,Princesa sentada sobre una gran montaña de colchones.,Pixabay,grisel,015eb1151dfbdf749fc9a41d13c7fbf42ac89773
grisel_img_0601,img_0601.png,princesas_y_castillos,ilustracion_plana_color,181,279,Princesa niña con corona y capa roja.,Pixabay,grisel,68fb397ec3d4841abda5ba12a5ee7651f4e35992
grisel_img_0602,img_0602.png,princesas_y_castillos,ilustracion_plana_color,183,275,Princesa con vestido tradicional rojo y velo.,Pixabay,grisel,f522711d66d7a51741c84476a8534029533c79fa
grisel_img_0603,img_0603.png,princesas_y_castillos,ilustracion_plana_color,254,198,Mujer con velo azul claro.,Pixabay,grisel,8e56da44044a34f94d05bf4d41b1ce56fd7b7940
grisel_img_0604,img_0604.png,princesas_y_castillos,ilustracion_plana_color,319,158,Pocahontas observando una mano extendida.,Pixabay,grisel,f6bd4f44bac57c6dc14d30271674b31a6407956a
grisel_img_0605,img_0605.png,princesas_y_castillos,ilustracion_plana_color,381,132,Pocahontas junto a un mapache.,Pixabay,grisel,173f945843db0359165fa2a37848554a66933c28
grisel_img_0606,img_0606.png,princesas_y_castillos,ilustracion_plana_color,319,158,Pocahontas conversando con un hombre en un barco.,Pixabay,grisel,91f00e52bb6d9ab2554f2394749f559d7e048838
grisel_img_0607,img_0607.png,princesas_y_castillos,ilustracion_plana_color,291,173,Pocahontas besando a un príncipe.,Pixabay,grisel,b6688214deed9b1044163e0e4b7dbe942e59a32e
grisel_img_0608,img_0608.png,princesas_y_castillos,ilustracion_plana_color,159,316,Moana con corona de flores y falda tradicional.,Pixabay,grisel,fc6c0914bbb4ec006599acca6979f2fdc9b545bc
grisel_img_0609,img_0609.png,princesas_y_castillos,ilustracion_plana_color,225,225,Moana en la playa al atardecer.,Pixabay,grisel,02019243fc835a1ae402a0796dc5697905fb0aa6
grisel_img_0610,img_0610.png,princesas_y_castillos,ilustracion_plana_color,221,228,Moana rodeada de flores tropicales.,Pixabay,grisel,77affc3f66dc966c753f8a3169698969261c51fd
grisel_img_0611,img_0611.png,princesas_y_castillos,ilustracion_plana_color,237,213,Moana con vestido tradicional y cabello rizado.,Pixabay,grisel,3c5a4618a3980138e17c40620e4161f6f6fe6eb9
grisel_img_0612,img_0612.png,princesas_y_castillos,ilustracion_plana_color,318,159,Anna y Elsa sorprendidas en un puente.,Pixabay,grisel,6b622d0e6600fe6e20b58b05294e8be71d04c2e8
grisel_img_0613,img_0613.png,princesas_y_castillos,ilustracion_plana_color,300,168,Elsa usando magia de hielo en un escenario.,Pixabay,grisel,3be6a5a9d1f5fdfbf2c617456b208f1bbfea5ce5
grisel_img_0614,img_0614.png,princesas_y_castillos,ilustracion_plana_color,259,194,Anna construyendo un muñeco de nieve junto a Elsa.,Pixabay,grisel,152e5c2bcb43a10fd5b66dbc97cee7cb90849382
grisel_img_0615,img_0615.png,princesas_y_castillos,ilustracion_plana_color,299,168,"Elsa, Anna y Kristoff observando algo a la distancia.",Pixabay,grisel,2ca1130e940169b2323134999b9b6af5acdbd759
grisel_img_0616,img_0616.png,princesas_y_castillos,ilustracion_plana_color,300,168,Bella Durmiente siendo despertada por un príncipe.,Pixabay,grisel,1f30b5f9a76c894037f0036db481bb9b0660fc5c
grisel_img_0617,img_0617.png,princesas_y_castillos,ilustracion_plana_color,328,154,Princesa dormida en una cama mientras un príncipe observa.,Pixabay,grisel,57033ec4beb99193562f527b8534386f1c2c3a5f
grisel_img_0618,img_0618.png,princesas_y_castillos,ilustracion_plana_color,300,168,Bella Durmiente descansando en una cama real.,Pixabay,grisel,a43a70d854dcd8be7e0e54fbf9289490da1785fc
grisel_img_0619,img_0619.png,princesas_y_castillos,ilustracion_plana_color,311,162,Tres hadas observando detrás de una puerta.,Pixabay,grisel,d279991975185e40f0fca500ab549d11cfa62157
grisel_img_0620,img_0620.png,princesas_y_castillos,ilustracion_plana_color,300,168,Mulán observando una ciudad iluminada por la noche.,Pixabay,grisel,61d73dc262802030d2c87c9f763ae80ad8d4671f
grisel_img_0621,img_0621.png,princesas_y_castillos,ilustracion_plana_color,384,131,Mulán sonriendo bajo un árbol en flor.,Pixabay,grisel,fbe9bab75b8c1cc4c3774456805f9d7de39150f1
grisel_img_0622,img_0622.png,princesas_y_castillos,ilustracion_plana_color,192,262,Mulán con vestimenta tradicional y peinado recogido.,Pixabay,grisel,2322d781d18097feacbc9cf02a7065d5c80a7a5c
grisel_img_0623,img_0623.png,princesas_y_castillos,ilustracion_plana_color,296,170,Rapunzel sosteniendo una linterna brillante.,Pixabay,grisel,3368b557228656113f46943253be4ba374ba1493
grisel_img_0624,img_0624.png,princesas_y_castillos,ilustracion_plana_color,259,195,Corona dorada con gemas rojas.,Pixabay,grisel,e67b6819f8ab9ee6248cf0213527cc354aabe3bf
grisel_img_0625,img_0625.png,princesas_y_castillos,ilustracion_plana_color,204,247,Niña rubia leyendo un libro de cuentos de princesas.,Pixabay,grisel,ff2339b83757753d1f3e3ee831ffc20b31d58af5
grisel_img_0626,img_0626.png,princesas_y_castillos,ilustracion_plana_color,251,201,Pareja bailando en un salón elegante.,Pixabay,grisel,a4eb0a40f114d9fb6d6449767990716fed2b3322
grisel_img_0627,img_0627.png,princesas_y_castillos,ilustracion_plana_color,275,183,Mujer hilando lana junto a un muñeco de madera.,Pixabay,grisel,3d86bc8cb05738e7353b82dba0c3c054f25ea295
grisel_img_0628,img_0628.png,princesas_y_castillos,ilustracion_plana_color,310,163,Rapunzel asomándose desde una torre rodeada de flores.,Pixabay,grisel,e2e7c4711f99a54046f9f721e56900d63ae458b8
grisel_img_0629,img_0629.png,princesas_y_castillos,ilustracion_plana_color,183,275,Princesa con vestido rosa y corona en un jardín.,Pixabay,grisel,855c00fedcba1770be1cbac55752fa248a17c476
grisel_img_0630,img_0630.png,princesas_y_castillos,ilustracion_plana_color,195,258,Princesa con vestido azul y corona frente a un palacio.,Pixabay,grisel,233b3c905abf45e641dcd5ad3b8760a8565f2353
grisel_img_0631,img_0631.png,princesas_y_castillos,ilustracion_plana_color,237,212,Princesa observando un pájaro desde una ventana.,Pixabay,grisel,3c589733dbe814d0ce4da3f5b01096b5b7e4c899
grisel_img_0632,img_0632.png,princesas_y_castillos,ilustracion_plana_color,205,200,Princesa dormida en una cama con dosel.,Pixabay,grisel,3577e3d5abac2c816a29b767aaf8efb2b11f34f8
grisel_img_0633,img_0633.png,princesas_y_castillos,ilustracion_plana_color,299,168,Rapunzel pintando un retrato.,Pixabay,grisel,074bb07f3cae380abc6500b58cbfc1881fc89416
grisel_img_0634,img_0634.png,princesas_y_castillos,ilustracion_plana_color,168,300,Rapunzel leyendo un libro sentada en el suelo.,Pixabay,grisel,414a04e5e8152a9912698f7910e495d1e4b85ae5
grisel_img_0635,img_0635.png,princesas_y_castillos,ilustracion_plana_color,275,183,Bella leyendo un libro en un jardín.,Pixabay,grisel,4868b342c015a0221c7762b130bc185a0c86e3f1
grisel_img_0636,img_0636.png,princesas_y_castillos,ilustracion_plana_color,200,251,Princesa pelirroja asomada a una ventana.,Pixabay,grisel,aabd7529107aabb96fbee588d5693048b47a6df7
grisel_img_0637,img_0637.png,princesas_y_castillos,ilustracion_plana_color,299,168,Sirena pelirroja observando la luna sobre el mar.,Pixabay,grisel,4dd420ec1b4e77ad268b41f81fb1ed4c63e376da
grisel_img_0638,img_0638.png,princesas_y_castillos,ilustracion_plana_color,183,275,Princesa dormida entre flores brillantes.,Pixabay,grisel,9c57201b45e119704bf42ddff12de703c2dd5c12
grisel_img_0639,img_0639.png,princesas_y_castillos,ilustracion_plana_color,192,262,Princesa montando un unicornio sobre una isla flotante.,Pixabay,grisel,42ed58d013f55fe5541e6a6988b874832f015e06
grisel_img_0640,img_0640.png,princesas_y_castillos,ilustracion_plana_color,178,283,Princesa con vestido verde.,Pixabay,grisel,02c5cdb4ef9dee315194d6b0f9fde9fbee343d74
grisel_img_0641,img_0641.png,princesas_y_castillos,ilustracion_plana_color,182,277,Princesa con vestido rosa y corona.,Pixabay,grisel,92207936d7951c5b840274355ccf3b71db436e26
grisel_img_0642,img_0642.png,princesas_y_castillos,ilustracion_plana_color,200,252,Bufón con sombrero azul y cascabeles.,Pixabay,grisel,3264b70c8da8cdc6cfa36d3c4446e70e936be807
grisel_img_0643,img_0643.png,princesas_y_castillos,ilustracion_plana_color,225,225,Princesa leyendo un libro sentada en el césped.,Pixabay,grisel,fcb7412e434c99022324035a840d1c0a52580e82
grisel_img_0644,img_0644.png,princesas_y_castillos,ilustracion_plana_color,301,167,Dos princesas tomadas de la mano frente a un fondo arcoíris.,Pixabay,grisel,5dcd32cf5fb765f4b425522ae2ae479cacb800ff
grisel_img_0645,img_0645.png,princesas_y_castillos,ilustracion_plana_color,203,249,Princesa con tiara y vestido azul.,Pixabay,grisel,2f22dc0c7ccb1fdcf5bca3ce71f7d4e29ea1f1e9
grisel_img_0646,img_0646.png,princesas_y_castillos,ilustracion_plana_color,300,168,Princesa frente a un dragón rojo en el bosque.,Pixabay,grisel,e3b5a0c22d9c6d67c643fb336298c93236dfa3a2
grisel_img_0647,img_0647.png,princesas_y_castillos,ilustracion_plana_color,275,183,Princesa pelirroja junto a un dragón verde frente a un castillo.,Pixabay,grisel,d2e60c9aa1759663ae0d7666aeda6ac712441ec8
grisel_img_0648,img_0648.png,princesas_y_castillos,ilustracion_plana_color,342,147,Grupo de cuatro princesas con vestidos de colores.,Pixabay,grisel,7a259bc18bfd542b31df6edbbf6f840e8050aa45
grisel_img_0649,img_0649.png,princesas_y_castillos,ilustracion_plana_color,300,168,Princesa pelirroja frente a un castillo y campos de lavanda.,Pixabay,grisel,c9ae1981f2e3a21cc2f87065080835941d65c57c
grisel_img_0650,img_0650.png,princesas_y_castillos,ilustracion_plana_color,225,225,Dos hadas abrazadas frente a un castillo submarino.,Pixabay,grisel,b3fc191eaf59e559a2a111037fe3615e1fd88f23
grisel_img_0651,img_0651.png,princesas_y_castillos,ilustracion_plana_color,176,287,Príncipe niño con corona sentado en el suelo.,Pixabay,grisel,303911a9f1a5988230f5cd83a3d190f19ebe1076
grisel_img_0652,img_0652.png,princesas_y_castillos,ilustracion_plana_color,275,183,Príncipe con espada frente a un castillo rojo.,Pixabay,grisel,cacb1ca7ed013e7c16c0475a81e6ac365d0f450c
grisel_img_0653,img_0653.png,princesas_y_castillos,ilustracion_plana_color,305,165,Príncipe frente a un palacio colorido.,Pixabay,grisel,872f9f641302f06c2963cc1b269847878ec370b5
grisel_img_0654,img_0654.png,princesas_y_castillos,ilustracion_plana_color,202,250,Príncipe con sombrero rojo en un jardín junto a un castillo.,Pixabay,grisel,65466da135566c647a611fd4a3fc7f9fc8cf3e68
grisel_img_0655,img_0655.png,princesas_y_castillos,ilustracion_plana_color,275,183,Príncipe y princesa frente a un castillo bajo la luna.,Pixabay,grisel,edff76d72d7125b1cd07d42a500b53f878b86afe
grisel_img_0656,img_0656.png,princesas_y_castillos,ilustracion_plana_color,300,168,Príncipe niño junto a un castillo lejano.,Pixabay,grisel,f6ebfe296b666559488da84a26778c2a78207523
grisel_img_0657,img_0657.png,princesas_y_castillos,ilustracion_plana_color,225,225,Princesa de cabello rosa con vestido rosa.,Pixabay,grisel,6fab535bdeffcdd9426ae0ea8e9474fbee6f9c01
grisel_img_0658,img_0658.png,princesas_y_castillos,ilustracion_plana_color,198,255,Princesa para colorear frente a un castillo.,Pixabay,grisel,3d48faa2158ebf624b0e99d8ed890debc1e3cfd1
grisel_img_0659,img_0659.png,princesas_y_castillos,ilustracion_plana_color,453,450,"Castillo en una ilustración antigua, letra I inicio cuento.",Pixabay,grisel,51321aa10f2b36962e35d6cb932aa17acaecfca1
grisel_img_0660,img_0660.png,princesas_y_castillos,ilustracion_plana_color,951,1920,Bella con vestido amarillo sosteniendo una rosa roja.,Pixabay,grisel,283a6ec06ce28b861b89f71b14ef4a1d3eb22d41
grisel_img_0661,img_0661.png,princesas_y_castillos,ilustracion_plana_color,1226,910,Castillo en una ilustración en blanco y negro.,Pixabay,grisel,37011e4f452feddfcaf52a2f46a0946606e1a2bf
grisel_img_0663,img_0663.png,princesas_y_castillos,ilustracion_plana_color,1221,773,Dragón junto a un castillo en una ilustración en blanco y negro.,Pixabay,grisel,6257c733f972265818a35a5ae97f00b165c5f9c3
grisel_img_0664,img_0664.png,princesas_y_castillos,ilustracion_plana_color,1456,1920,Princesa de cabello negro con vestido rosa.,Pixabay,grisel,6881c57f5e220a712143dc14ee76416a3548652e
grisel_img_0665,img_0665.png,princesas_y_castillos,ilustracion_plana_color,1806,2086,Escena de cuento clásico en una ilustración en blanco y negro.,Pixabay,grisel,62ef0b44c04af2bc119443634d374372aa894ffc
grisel_img_0666,img_0666.png,princesas_y_castillos,ilustracion_plana_color,1281,1920,Princesa pelirroja con vestido rosa.,Pixabay,grisel,34a15bfe74dc415cbb685cfcb38a72351b1c39a7
grisel_img_0667,img_0667.png,princesas_y_castillos,ilustracion_plana_color,1727,2496,Castillo con un ave gigante en una ilustración en blanco y negro.,Pixabay,grisel,ca2b4dfcac1ab4a95592e60ec54c30f95fd4f39d
grisel_img_0668,img_0668.png,princesas_y_castillos,ilustracion_plana_color,1281,1920,Princesa rubia con vestido rosa.,Pixabay,grisel,bcd60568886e17b2ad5b27151d94862c9a0b610e
grisel_img_0669,img_0669.png,princesas_y_castillos,ilustracion_plana_color,681,1024,Anciano en una habitación en una ilustración clásica.,Pixabay,grisel,ee5e4189f887f7bc72bf21f8149c7e9d3933538c
grisel_img_0670,img_0670.png,princesas_y_castillos,ilustracion_plana_color,1280,1920,Princesa con vestido morado y corona.,Pixabay,grisel,28b2eda684558fe861f7e9f49e09d4a4fb8f9b18
grisel_img_0671,img_0671.png,princesas_y_castillos,ilustracion_plana_color,679,1024,Escena de desfile real en una ilustración clásica.,Pixabay,grisel,4226174c43a82efc70e54194f0239b435b716d41
grisel_img_0672,img_0672.png,princesas_y_castillos,ilustracion_plana_color,1280,1920,Pequeño unicornio rosa con vestido amarillo.,Pixabay,grisel,0b2e26297915be7dea731b5ca991788b2f63d1b6
grisel_img_0673,img_0673.png,princesas_y_castillos,ilustracion_plana_color,671,1024,Escena de cuento clásico en un jardín florido.,Pixabay,grisel,60f51b5d2b48cdffb92f1ed79439ccd9226f14ab
grisel_img_0674,img_0674.png,princesas_y_castillos,ilustracion_plana_color,1920,1920,Princesa elfa de cabello rubio sobre fondo negro.,Pixabay,grisel,7c715b13237adfa539254072c79c75f9719c0c24
grisel_img_0675,img_0675.png,princesas_y_castillos,ilustracion_plana_color,678,1024,Jinete montando un caballo en una ilustración clásica.,Pixabay,grisel,9cd3c0d6aea6c011dbfb25da714dd82645d504fc
grisel_img_0676,img_0676.png,princesas_y_castillos,ilustracion_plana_color,1920,1920,Mujer observando un reino al atardecer desde un arco de piedra.,Pixabay,grisel,9934460c6c0079f30903f4dd9e087dd556543945
grisel_img_0677,img_0677.png,princesas_y_castillos,ilustracion_plana_color,668,1024,Escena de cuento clásico en un jardín junto a un castillo.,Pixabay,grisel,bd3c7260184f20443dbcb5479ddebdaf05e88acc
grisel_img_0678,img_0678.png,princesas_y_castillos,ilustracion_plana_color,971,1920,Princesa guerrera con armadura y espada.,Pixabay,grisel,393db0644aaaa374ec945629680e2b3e1ce74e4b
grisel_img_0679,img_0679.png,princesas_y_castillos,ilustracion_plana_color,649,1024,Escena de cuento clásico dentro de una habitación.,Pixabay,grisel,34f9fc74ba0d4849bfc9f1d65a10538a0e810e0c
grisel_img_0680,img_0680.png,princesas_y_castillos,ilustracion_plana_color,1044,1920,"Princesa guerrera con armadura, capa verde y espada.",Pixabay,grisel,cd1cd7960e0e7e3ab2f0ffbaf1a9624ab53e1118
grisel_img_0681,img_0681.png,princesas_y_castillos,ilustracion_plana_color,721,1024,Carruaje cruzando un río en una ilustración clásica.,Pixabay,grisel,5106dd357f240f63a5ffdfa2fa50b3f17ed7ae91
grisel_img_0682,img_0682.png,princesas_y_castillos,ilustracion_plana_color,1484,1920,Reina con vestido naranja y corona dorada.,Pixabay,grisel,9beff8103acab2908e0e21aafb0cf5755b53b117
grisel_img_0683,img_0683.png,princesas_y_castillos,ilustracion_plana_color,663,1024,Escena de cuento clásico en un bosque encantado.,Pixabay,grisel,3ffeac798f15ef55e050ab1b9f95f960fc2550ea
grisel_img_0684,img_0684.png,princesas_y_castillos,ilustracion_plana_color,2048,2048,Castillo rosado bajo un arcoíris entre nubes.,Pixabay,grisel,8d92f4f075730a7df0ac676ad344d150f0d2d3e0
grisel_img_0685,img_0685.png,princesas_y_castillos,ilustracion_plana_color,1056,641,Rey y reina en una ilustración clásica.,Pixabay,grisel,50c310c73a6f59fcc9b8892db4e712b2496a059f
grisel_img_0686,img_0686.png,princesas_y_castillos,ilustracion_plana_color,2048,1252,Castillo rosado bajo un arcoíris rodeado de flores.,Pixabay,grisel,300b95c922a760cafefd4a1b6cfa6c9ebae8b2b6
grisel_img_0687,img_0687.png,princesas_y_castillos,ilustracion_plana_color,492,770,Escena de cuento clásico dentro de una casa.,Pixabay,grisel,99d320b89b4156a7cfec10e1ec3670df36b37b2e
grisel_img_0688,img_0688.png,princesas_y_castillos,ilustracion_plana_color,671,2048,Princesa rubia con vestido rosa.,Pixabay,grisel,04ebac7754c5b09e08ae26ea59f6fbef61ddb900
grisel_img_0689,img_0689.png,princesas_y_castillos,ilustracion_plana_color,1605,2349,Mujer con vestido rojo en una ilustración clásica.,Pixabay,grisel,ce3a09c7d1223331d6cced4e31a12a89334bed4b
grisel_img_0690,img_0690.png,princesas_y_castillos,ilustracion_plana_color,1534,2048,Hada de cabello rojo con alas azules.,Pixabay,grisel,ca7cea6521010273105cc875525fd2ec64c1b162
grisel_img_0691,img_0691.png,princesas_y_castillos,ilustracion_plana_color,620,965,Escena de cuento clásico junto a una cama.,Pixabay,grisel,7ac1f1ee8372733a6cde5b93fa3c5772e269961d
grisel_img_0692,img_0692.png,princesas_y_castillos,ilustracion_plana_color,1920,1920,Princesa rubia con vestido azul y corona.,Pixabay,grisel,8880d75fa0c6624c7af10ce4f96fbf78e1b1fc32
grisel_img_0693,img_0693.png,princesas_y_castillos,ilustracion_plana_color,595,960,Persona observando por una ventana en una ilustración clásica.,Pixabay,grisel,943ae8a0c59255bcfdbc74bc91eb220c7407af62
grisel_img_0694,img_0694.png,princesas_y_castillos,ilustracion_plana_color,960,1920,Princesa con vestido morado y corona.,Pixabay,grisel,8aebf78d1d02f364b99806f76a491441603e425e
grisel_img_0695,img_0695.png,princesas_y_castillos,ilustracion_plana_color,605,956,Niña ofreciendo algo a otra niña en una ilustración clásica.,Pixabay,grisel,1ed4a5cd11310d07b1167a3bc0ca011225b25516
grisel_img_0696,img_0696.png,princesas_y_castillos,ilustracion_plana_color,1561,1920,Princesa junto a un dragón verde.,Pixabay,grisel,65dc82ed03c628780fa107a9e32dc41f924c99f5
grisel_img_0697,img_0697.png,princesas_y_castillos,ilustracion_plana_color,603,929,Escena de cuento clásico dentro de una habitación.,Pixabay,grisel,fb922ea9366c7db9b9356d672a11a12a388b5050
grisel_img_0698,img_0698.png,princesas_y_castillos,ilustracion_plana_color,1322,1920,Princesa con vestido rojo oscuro.,Pixabay,grisel,c3abe85e07862a4c6af3e2f3df79e0f48c9834c5
grisel_img_0699,img_0699.png,princesas_y_castillos,ilustracion_plana_color,622,961,Niña y hombre frente a una tienda en una ilustración clásica.,Pixabay,grisel,723aebdb6c8a62386473da32392b8aa64ef42aa5
grisel_img_0700,img_0700.png,princesas_y_castillos,ilustracion_plana_color,1100,1920,Princesa rubia con vestido azul claro.,Pixabay,grisel,1472464c01a286fb079fcf5e84ac296db9e2fc6b
grisel_img_0701,img_0701.png,princesas_y_castillos,ilustracion_plana_color,607,939,Escena de cuento clásico junto a una cama.,Pixabay,grisel,dd7491f4cc2bc684405bb7a76b5006ac1c417863
grisel_img_0702,img_0702.png,princesas_y_castillos,ilustracion_plana_color,1920,1579,Princesa junto a una rana en un pozo.,Pixabay,grisel,2a566f223bf3a71df631a3a2c49586dd46daa8e2
grisel_img_0703,img_0703.png,princesas_y_castillos,ilustracion_plana_color,799,661,Ilustración anatómica estilizada de una princesa.,Pixabay,grisel,82df60562d31d278b9703a3310b5156458b4c071
grisel_img_0704,img_0704.png,princesas_y_castillos,ilustracion_plana_color,1477,1920,Mujer de cabello oscuro sosteniendo un libro.,Pixabay,grisel,a07a721680782e8fff971a159b20a2d0e0234cb5
grisel_img_0705,img_0705.png,princesas_y_castillos,ilustracion_plana_color,697,1067,Retrato de una mujer en una ilustración clásica.,Pixabay,grisel,e25732554060ac90d7b8e2c11a23ea1c49c03b6e
grisel_img_0706,img_0706.png,princesas_y_castillos,ilustracion_plana_color,1457,1920,Princesa de cabello rosa sentada sobre una nube bajo un arcoíris.,Pixabay,grisel,c505b84532ba96fdc3799d5ccfa5c1d5a8c77d27
grisel_img_0707,img_0707.png,princesas_y_castillos,ilustracion_plana_color,457,647,Retrato antiguo de una princesa.,Pixabay,grisel,7cd3cc641c5ef922783898f72a897c513dcd90f3
grisel_img_0708,img_0708.png,princesas_y_castillos,ilustracion_plana_color,1363,1920,Princesa con vestido azul y corona dorada.,Pixabay,grisel,93a610f2e79f7f626fa1d8de5bf77ec4cac714eb
grisel_img_0709,img_0709.png,princesas_y_castillos,ilustracion_plana_color,588,664,Retrato antiguo de una princesa.,Pixabay,grisel,7b554e996a990b959f1ba7d5531949b4b2d638f3
grisel_img_0710,img_0710.png,princesas_y_castillos,ilustracion_plana_color,1920,1920,Princesa rubia con vestido azul claro.,Pixabay,grisel,cd64f87eddb21c10ca1bf696c244f2de5f738ff0
grisel_img_0711,img_0711.png,princesas_y_castillos,ilustracion_plana_color,506,404,Torre y princesa en una ilustración clásica en blanco y negro.,Pixabay,grisel,a5b53bb98fa9d6f15129f4ae35673edf905d511e
grisel_img_0712,img_0712.png,princesas_y_castillos,ilustracion_plana_color,1839,1920,Torre de castillo gris con techo morado.,Pixabay,grisel,a2bf25b9503c9aeb4b2bc887b03c18f0877e86de
grisel_img_0713,img_0713.png,princesas_y_castillos,ilustracion_plana_color,479,650,Princesa asomada a una ventana en una ilustración clásica.,Pixabay,grisel,b3f335ebcef637b5c16efcccef103f595eea7f11
grisel_img_0714,img_0714.png,princesas_y_castillos,ilustracion_plana_color,733,1247,Volcán en una ilustración en blanco y negro.,Pixabay,grisel,a72f16f046aceaaf61846a27ab1c5a108c5c50e3
grisel_img_0715,img_0715.png,princesas_y_castillos,ilustracion_plana_color,630,835,Portada de libro de cuentos de hadas con hadas voladoras.,Pixabay,grisel,7875040aeb99b2c94293da5ebdb1e6c29287781c
grisel_img_0716,img_0716.png,princesas_y_castillos,ilustracion_plana_color,681,1024,Caballero junto a una hoguera en un bosque oscuro.,Pixabay,grisel,94b88fcdbd44ce6995b931dea1a5885de9c70b46
grisel_img_0717,img_0717.png,princesas_y_castillos,ilustracion_plana_color,518,515,Sello ilustrado con una rana pescando.,Pixabay,grisel,adbddac0371b64d212c791dd32aaa4cf5bded49f
grisel_img_0718,img_0718.png,princesas_y_castillos,ilustracion_plana_color,592,800,Salón de castillo con un unicornio blanco.,Pixabay,grisel,0507819e53649773696f6e920b3b9a48e3026360
grisel_img_0719,img_0719.png,princesas_y_castillos,ilustracion_plana_color,1035,1200,Princesa dormida en una cama en una ilustración clásica.,Pixabay,grisel,68fd2aa6ceaa6dfc4876a2e11e884c0506a348d5
grisel_img_0720,img_0720.png,princesas_y_castillos,ilustracion_plana_color,487,614,Retrato antiguo de una princesa.,Pixabay,grisel,5c250c9a85dce342ff5d985b7d7a0e93c79ca6a1
grisel_img_0721,img_0721.png,princesas_y_castillos,ilustracion_plana_color,1693,2500,Portada de revista antigua con una mujer y una niña.,Pixabay,grisel,ebd437cfaf270354c638b17147a6ea3261f66f66
grisel_img_0722,img_0722.png,princesas_y_castillos,ilustracion_plana_color,1698,2372,Retrato fotográfico antiguo de una reina o noble.,Pixabay,grisel,cfc5f33f6323c29894b183a8c0af70a8f130a155
grisel_img_0723,img_0723.png,princesas_y_castillos,ilustracion_plana_color,3282,1879,Dibujo arquitectónico de una mansión clásica.,Pixabay,grisel,7add1f8c7814c39730d112f4dbcc4deb94f97cd2
grisel_img_0724,img_0724.png,princesas_y_castillos,ilustracion_plana_color,3575,3766,Castillo de piedra con una gran torre central.,Pixabay,grisel,ed5257944462ed6e66958a1392a7035e3292a07a
grisel_img_0725,img_0725.png,princesas_y_castillos,ilustracion_plana_color,608,535,Castillo antiguo en una ilustración en blanco y negro.,Pixabay,grisel,1b593799750c1943128ac6b2cee52ea589d347a5
grisel_img_0726,img_0726.png,princesas_y_castillos,ilustracion_plana_color,3648,2736,Caballeros junto a una princesa en una ilustración medieval.,Pixabay,grisel,016f401341ad10bc9c9ebbda72dad121859148e2
grisel_img_0727,img_0727.png,princesas_y_castillos,ilustracion_plana_color,589,676,Castillo sobre una montaña rocosa.,Pixabay,grisel,acfb086306ecb2c9e9d8a51b79ed4ad262217ed8
grisel_img_0728,img_0728.png,princesas_y_castillos,ilustracion_plana_color,1000,833,Paisaje de bosque en una ilustración antigua.,Pixabay,grisel,e08af884828b837606e3d4772a56aea7e9f60dc6
grisel_img_0729,img_0729.png,princesas_y_castillos,ilustracion_plana_color,2328,1092,Grupo de mujeres reunidas en un bosque en una ilustración clásica.,Pixabay,grisel,8c88335795e7dc62f2df89c1e10968c2105dcd33
grisel_img_0730,img_0730.png,princesas_y_castillos,ilustracion_plana_color,2500,3266,Retrato fotográfico antiguo de una reina con tocado elegante.,Pixabay,grisel,277d768f5f836d2969bf5b84ad34b8cbeebfb218
grisel_img_0731,img_0731.png,princesas_y_castillos,ilustracion_plana_color,1120,1608,Retratos de miembros de una familia real.,Pixabay,grisel,04bef5432db648e0319a34af9552e6a534c6f17c
grisel_img_0732,img_0732.png,princesas_y_castillos,ilustracion_plana_color,3200,2246,Banquete real en una ilustración antigua.,Pixabay,grisel,f1a9fe8dfee2633b846ba300e106d0d6391483d9
grisel_img_0733,img_0733.png,princesas_y_castillos,ilustracion_plana_color,3000,2413,Escena de corte real en una ilustración clásica.,Pixabay,grisel,31b962f5a34becb7dbe54b61ea2a2a8808777439
grisel_img_0734,img_0734.png,princesas_y_castillos,ilustracion_plana_color,2296,2944,Fotografía antigua de una familia real.,Pixabay,grisel,0857a18621404114811f15f13fa2af87fcca0bf0
grisel_img_0735,img_0735.png,princesas_y_castillos,ilustracion_plana_color,2296,2946,Fotografía antigua de una familia real.,Pixabay,grisel,a70181c8f6353071a10d675b5241de635862d9ae
grisel_img_0736,img_0736.png,princesas_y_castillos,ilustracion_plana_color,2256,2420,Multitud en una ilustración periodística antigua.,Pixabay,grisel,97bcb3045795f0d94aa1aef0d724e8d74c4bf1cc
grisel_img_0737,img_0737.png,princesas_y_castillos,ilustracion_plana_color,6380,5165,Carruaje antiguo tirado por caballos.,Pixabay,grisel,a49d7ac0de7290bbd648f591c247cf6258be76ff
grisel_img_0738,img_0738.png,princesas_y_castillos,ilustracion_plana_color,508,768,Portada de revista antigua con una escena de fantasía.,Pixabay,grisel,4e5ef3e9b8423da12455eb264c22556718f9d4fb
grisel_img_0739,img_0739.png,princesas_y_castillos,ilustracion_plana_color,2765,4096,Cartel teatral de una familia real.,Pixabay,grisel,d905f2f16cc3c12a863ff88994eba9a208bb0b1f
grisel_img_0740,img_0740.png,princesas_y_castillos,ilustracion_plana_color,548,791,Jinete montando un caballo en una ilustración clásica.,Pixabay,grisel,1716bc44e41ff56192c59393e46336e3e46d6750
grisel_img_0741,img_0741.png,princesas_y_castillos,ilustracion_plana_color,2368,1788,Escena de una corte real en una ilustración antigua.,Pixabay,grisel,a5c3d77fc967380692713be408a1613679f8cfc0
grisel_img_0742,img_0742.png,princesas_y_castillos,ilustracion_plana_color,2304,1673,Portada de revista teatral con una familia peculiar.,Pixabay,grisel,da52b5ebfa817353084c76b16786b5a4d80c1aa5
grisel_img_0743,img_0743.png,princesas_y_castillos,ilustracion_plana_color,2304,1673,Portada de revista teatral con una familia peculiar.,Pixabay,grisel,40ec3fe374b1d81fce65c0130148c835ee3187a0
grisel_img_0744,img_0744.png,princesas_y_castillos,ilustracion_plana_color,2500,1836,Portada de revista teatral con una familia peculiar.,Pixabay,grisel,60e879e4784216a82392db11eff65b76b0690713
grisel_img_0745,img_0745.png,princesas_y_castillos,ilustracion_plana_color,1713,1456,Rey y reina sentados en un trono junto a una princesa.,Pixabay,grisel,a20ab32e6cba1f7505937da7c94d8227737bb27d
grisel_img_0746,img_0746.png,princesas_y_castillos,ilustracion_plana_color,1286,1972,Portada ilustrada de un cuento sobre un castillo y una hija.,Pixabay,grisel,7089c301444b5c2b37675576078052b143366e82
grisel_img_0747,img_0747.png,princesas_y_castillos,ilustracion_plana_color,1286,1972,Portada ilustrada de un cuento sobre un castillo y una hija.,Pixabay,grisel,6948fb6cad6fa6bf1d18c71cf1b75bfe217d4f52
grisel_img_0748,img_0748.png,princesas_y_castillos,ilustracion_plana_color,1464,2176,Príncipe y princesa caminando juntos en un jardín.,Pixabay,grisel,c604a393cc8eb056330b060df772cac13898e6eb
grisel_img_0749,img_0749.png,princesas_y_castillos,ilustracion_plana_color,1423,1600,Reina observando a un caballero frente a un castillo.,Pixabay,grisel,fb0162f364d23e99a0c59ffee55307a3524bdebc
grisel_img_0750,img_0750.png,princesas_y_castillos,ilustracion_plana_color,1411,1600,Corte real reunida frente a un castillo.,Pixabay,grisel,4de2d0c9635613ac3421c444d227b7299410cb51
grisel_img_0751,img_0751.png,princesas_y_castillos,ilustracion_plana_color,1600,1428,Caballero junto a una torre en una ilustración clásica.,Pixabay,grisel,949965bb4d8c7c35b464c83ae3c58a9b347e1369
grisel_img_0752,img_0752.png,princesas_y_castillos,ilustracion_plana_color,585,720,Novios en un jardín decorado con flores.,Pixabay,grisel,1eccae7583169946f780ccf6efb44b1daf5b384b
grisel_img_0753,img_0753.png,princesas_y_castillos,ilustracion_plana_color,400,643,Caballero enfrentando una visión fantasmal en una ilustración clásica.,Pixabay,grisel,165ccdbc708213d040bd76df049988013539901e
grisel_img_0754,img_0754.png,princesas_y_castillos,ilustracion_plana_color,1896,2076,Hombre junto a una puerta en una ilustración oscura.,Pixabay,grisel,bab655c99e83359c0e471f8a2dd824a424e326bf
grisel_img_0755,img_0755.png,princesas_y_castillos,ilustracion_plana_color,1354,1864,Joven caminando por un bosque en una ilustración clásica.,Pixabay,grisel,950e2aa7086ed661c877770bd8f04297a5d35d24
grisel_img_0756,img_0756.png,princesas_y_castillos,ilustracion_plana_color,2592,1760,Castillo antiguo con torres y puente de entrada.,Pixabay,grisel,4b25f73c1137647f4942b1658ced24fb523d3f34
grisel_img_0757,img_0757.png,princesas_y_castillos,ilustracion_plana_color,1746,2294,Castillo de piedra rodeado de jardines y árboles.,Pixabay,grisel,c1b2866e274293dae83fd2374cc4725dad00d63c
grisel_img_0758,img_0758.png,princesas_y_castillos,ilustracion_plana_color,1762,2528,Patio interior de un castillo antiguo.,Pixabay,grisel,81a1057009b486d4b5eb505c251e54c922d500aa
grisel_img_0759,img_0759.png,princesas_y_castillos,ilustracion_plana_color,6001,2553,Castillo de fantasía construido entre montañas rocosas.,Pixabay,grisel,5dc3213cab2df19c45a7607907b993e4b22ca9b9
grisel_img_0760,img_0760.png,princesas_y_castillos,ilustracion_plana_color,1068,207,Adorno decorativo antiguo con motivos florales.,Pixabay,grisel,92f7377207be5302430b4c6b5040c8634e9ee7b5
grisel_img_0761,img_0761.png,princesas_y_castillos,ilustracion_plana_color,1488,1600,Caballero luchando contra un dragón en una ilustración clásica.,Pixabay,grisel,2b55d82cf4658a562b83aac49a582cf4e8711832
grisel_img_0762,img_0762.png,princesas_y_castillos,ilustracion_plana_color,1600,1079,Caballero enfrentando a un dragón en un bosque.,Pixabay,grisel,e2715751401657ea2cfc89afa2ec5e476303be20
grisel_img_0763,img_0763.png,princesas_y_castillos,ilustracion_plana_color,2656,1678,Castillo antiguo junto a un río en una ilustración clásica.,Pixabay,grisel,73af7e21ed26941f44e41663999557f0b02864b2
grisel_img_0764,img_0764.png,princesas_y_castillos,ilustracion_plana_color,1306,1840,Caballero observando por una pequeña ventana en una puerta.,Pixabay,grisel,41fe436a203b32aae87533b5fed4bcd3dc9e0299
grisel_img_0765,img_0765.png,princesas_y_castillos,ilustracion_plana_color,1452,2019,Persona sosteniendo una sombrilla junto a una figura roja.,Pixabay,grisel,a2d350582fd5812f01d2bcbb951c119053860ca0
grisel_img_0766,img_0766.png,princesas_y_castillos,ilustracion_plana_color,630,834,Portada decorativa con mariposas de colores.,Pixabay,grisel,9ec9a097846414f78a09ac6cb93f94006f685296
grisel_img_0767,img_0767.png,princesas_y_castillos,ilustracion_plana_color,630,884,Página de libro titulada La princesa nadie.,Pixabay,grisel,7efa5b5d45d94c331e20cd00f72ed6e2e2c801c7
grisel_img_0768,img_0768.png,princesas_y_castillos,ilustracion_plana_color,630,884,Adorno floral en una página de libro antiguo.,Pixabay,grisel,cf0eb9d29d38ed579c7ea64eebfedd017e93772a
grisel_img_0769,img_0769.png,princesas_y_castillos,ilustracion_plana_color,630,884,Pequeña ilustración de una escena de cuento clásico.,Pixabay,grisel,8a02c3f97c99b505cc9abce9a687dfc896819266
grisel_img_0770,img_0770.png,princesas_y_castillos,ilustracion_plana_color,630,884,Hadas reunidas alrededor de un hongo gigante en una ilustración clásica.,Pixabay,grisel,95974773b3810a72ae5c16527848cd34f424bf25
grisel_img_0771,img_0771.png,princesas_y_castillos,ilustracion_plana_color,630,884,Hadas reunidas alrededor de hongos gigantes en una ilustración clásica.,Pixabay,grisel,50ed62986506f017bfcc94a5f562f74de36d5a93
grisel_img_0772,img_0772.png,princesas_y_castillos,ilustracion_plana_color,630,426,Bosque encantado con criaturas mágicas en una ilustración clásica.,Pixabay,grisel,f1fceb4172afaa7bae53029a5f855deb0c93b232
grisel_img_0773,img_0773.png,princesas_y_castillos,ilustracion_plana_color,630,872,Rama con hojas y mariposas en una ilustración botánica.,Pixabay,grisel,b2c7017de50739c2d96712088b42369ac49bbf77
grisel_img_0774,img_0774.png,princesas_y_castillos,ilustracion_plana_color,630,872,Portada del libro La princesa nadie.,Pixabay,grisel,4b1921178c1d7a8c47fcf0e34efe6e50d3b925c4
grisel_img_0775,img_0775.png,princesas_y_castillos,ilustracion_plana_color,285,251,Hada montada sobre una gran polilla en una ilustración clásica.,Pixabay,grisel,698baa72b0e314be1e25147dbe5074381a1a9688
grisel_img_0776,img_0776.png,princesas_y_castillos,ilustracion_plana_color,630,884,Página de poema en un libro antiguo.,Pixabay,grisel,c1ee72f32a79ab63c13d7f68a20b78334c0f319b
grisel_img_0777,img_0777.png,princesas_y_castillos,ilustracion_plana_color,630,872,Niños escondidos entre la hierba en una ilustración clásica.,Pixabay,grisel,03ae0bb435f0c3edec6bb1bd6f9768a5a83fc8cb
grisel_img_0778,img_0778.png,princesas_y_castillos,ilustracion_plana_color,630,884,Página inicial del cuento La princesa nadie.,Pixabay,grisel,479f7110544ef59509546bb7d38020180a86a4e5
grisel_img_0779,img_0779.png,princesas_y_castillos,ilustracion_plana_color,877,1024,Princesa caminando entre figuras fantasmales en una ilustración fantástica.,Pixabay,grisel,e8279044701c8dc5fd052bb99f4158f02ff53d1e
grisel_img_0780,img_0780.png,princesas_y_castillos,ilustracion_plana_color,931,544,Ruinas de un castillo entre montañas.,Pixabay,grisel,8ca4323148356acc8639186ce665d24143675066
grisel_img_0781,img_0781.png,princesas_y_castillos,ilustracion_plana_color,1497,1129,Ciudad amurallada en una ilustración clásica.,Pixabay,grisel,e688689efd8200838c53211b859c65bf3e8b1253
grisel_img_0782,img_0782.png,princesas_y_castillos,ilustracion_plana_color,1217,1600,Torre de castillo antigua junto a una casa.,Pixabay,grisel,f5302d143755a88d07b8887416b343319b003414
grisel_img_0783,img_0783.png,princesas_y_castillos,ilustracion_plana_color,658,985,Torre antigua en una ilustración clásica.,Pixabay,grisel,e4d829a669d7e425b087502bcab29e463f91f2ae
grisel_img_0784,img_0784.png,princesas_y_castillos,ilustracion_plana_color,952,1166,Castillo con torres redondas en una ilustración clásica.,Pixabay,grisel,e8b2bc825e6f3a4c9a48bc2e7452dfaa39559bed
grisel_img_0785,img_0785.png,princesas_y_castillos,ilustracion_plana_color,804,1073,Torre fortificada en una ilustración en blanco y negro.,Pixabay,grisel,ab9c9d9cab380fda76e31d0510a816b3b9e2ce92
grisel_img_0786,img_0786.png,princesas_y_castillos,ilustracion_plana_color,2055,1519,Fotografía antigua de un castillo con una torre redonda.,Pixabay,grisel,e9565d81a08671e0110e199ffdbac274e55ca826
grisel_img_0787,img_0787.png,princesas_y_castillos,ilustracion_plana_color,764,1208,Torre de castillo cubierta de enredaderas en una ilustración clásica.,Pixabay,grisel,c19f084f5ff4d95f952c15fcab92118b5db75a1f
grisel_img_0788,img_0788.png,princesas_y_castillos,ilustracion_plana_color,1726,876,Vista panorámica del Castillo de Windsor.,Pixabay,grisel,3c5d21d2e5bfbb7a7bc071fe0bb4b6ceeda6dd36
grisel_img_0789,img_0789.png,princesas_y_castillos,ilustracion_plana_color,529,353,Escena de cuento oriental en una ilustración en blanco y negro.,Pixabay,grisel,cedf9a13f72956ad91fce3237b03b7d86944ae6b
grisel_img_0790,img_0790.png,princesas_y_castillos,ilustracion_plana_color,3418,3008,Mapa ilustrado de un reino de fantasía.,Pixabay,grisel,3454cf2c2a04e9dca595088cdf37b818e2257696
grisel_img_0791,img_0791.png,princesas_y_castillos,ilustracion_plana_color,3264,4896,Niños escuchando un cuento en un salón de clases.,Pixabay,grisel,17fcd6317b86e89a61035cf227e8a59fc2057970
grisel_img_0792,img_0792.png,princesas_y_castillos,ilustracion_plana_color,1707,2000,Rey con túnica roja conversando con una dama.,Pixabay,grisel,8e4ed812abb6c785094301f7d1a6bce08c383e7f
grisel_img_0793,img_0793.png,princesas_y_castillos,ilustracion_plana_color,832,1248,Hada de cabello castaño con vestido azul brillante.,Pixabay,grisel,778516825c744122239c46e06819289eb8f3471c
grisel_img_0794,img_0794.png,princesas_y_castillos,ilustracion_plana_color,3232,1306,Escenas de la vida en un castillo en una ilustración antigua.,Pixabay,grisel,f8cdc7b56ee51fa79b6af6280ae451f804696bf5
grisel_img_0795,img_0795.png,princesas_y_castillos,ilustracion_plana_color,1888,1802,Diagrama circular medieval con símbolos y texto.,Pixabay,grisel,b2c45b6ae92ab4d1d9374135ecd2581c08527bd4
grisel_img_0796,img_0796.png,princesas_y_castillos,ilustracion_plana_color,1778,2186,Niños observando a un lobo en una ilustración clásica.,Pixabay,grisel,c014d31b2d8f0aedb13f9a6415ab025c3e98d686
grisel_img_0797,img_0797.png,princesas_y_castillos,ilustracion_plana_color,1464,1834,Lobo asomado junto a una casa en una ilustración clásica.,Pixabay,grisel,a65b052b48aa079185716879378da80a8c34766d
grisel_img_0798,img_0798.png,princesas_y_castillos,ilustracion_plana_color,668,1024,Caperucita Roja caminando por el bosque.,Pixabay,grisel,92097cb6418b607db3b050110e45dbca1e84e628
grisel_img_0799,img_0799.png,princesas_y_castillos,ilustracion_plana_color,646,1024,Caperucita Roja caminando por el bosque en una tarjeta ilustrada.,Pixabay,grisel,fcac8ed2fe7af4c22a41ef178268d56b76009839
grisel_img_0800,img_0800.png,princesas_y_castillos,ilustracion_plana_color,667,1024,Niña junto a un ciervo en un bosque encantado.,Pixabay,grisel,b66e01154be651bb9fc67e2eb2ac7780e0932f38
grisel_img_0801,img_0801.png,princesas_y_castillos,ilustracion_plana_color,654,1024,Caperucita Roja caminando por el bosque junto a un lobo.,Pixabay,grisel,1143110d26cc5bf7c924f0c26199d524f97528f1
grisel_img_0802,img_0802.png,princesas_y_castillos,ilustracion_plana_color,731,1024,Caperucita Roja cruzando un arroyo en el bosque.,Pixabay,grisel,6d8f6402766abcbbfc71e63428b3f8f71f9a6e1f
grisel_img_0803,img_0803.png,princesas_y_castillos,ilustracion_plana_color,678,1024,Caperucita Roja caminando por un sendero junto a un lobo.,Pixabay,grisel,c48355eaff06eff62198a76f3644367f61035281
grisel_img_0804,img_0804.png,princesas_y_castillos,ilustracion_plana_color,665,1024,Caperucita Roja frente al lobo en el bosque.,Pixabay,grisel,4103e9413fda2167ca0cfc80355fd028650fb401
grisel_img_0805,img_0805.png,princesas_y_castillos,ilustracion_plana_color,650,1024,Caperucita Roja observando a un lobo en el bosque.,Pixabay,grisel,cbbb6c3bd51274f437fdd6e529f2149cd9536e2c
grisel_img_0806,img_0806.png,princesas_y_castillos,ilustracion_plana_color,665,1000,Príncipe y princesa caminando por el bosque.,Pixabay,grisel,1e075e44d0d56064c7b91081f5a325d15d5b2ca0
grisel_img_0807,img_0807.png,princesas_y_castillos,ilustracion_plana_color,663,1024,Escena de cuento clásico dentro de una casa.,Pixabay,grisel,afc2ef894f9a2c7508d46206d9e20b6948602196
grisel_img_0808,img_0808.png,princesas_y_castillos,ilustracion_plana_color,1024,686,Caperucita Roja rodeada de niños en una ilustración antigua.,Pixabay,grisel,2d9b8db6d8677f8fce1ee9a1a315e4e25735937a
grisel_img_0809,img_0809.png,princesas_y_castillos,ilustracion_plana_color,1920,1920,Perro pug con corona plateada.,Pixabay,grisel,d508626ffa7f0128c0640dde34225b3fcec6b7cc
grisel_img_0810,img_0810.png,princesas_y_castillos,ilustracion_plana_color,2048,1363,Princesa montando un unicornio blanco sobre el agua.,Pixabay,grisel,85fd7a22dccb2e4dd514abb3e3341cbe802999fb
grisel_img_0811,img_0811.png,princesas_y_castillos,ilustracion_plana_color,2048,2048,Carruaje real morado y dorado.,Pixabay,grisel,3a54ecf3b04fc709b5b15a03c8a4e301a5a572d7
grisel_img_0813,img_0813.png,princesas_y_castillos,ilustracion_plana_color,1707,2048,Princesa rubia con vestido azul brillante.,Pixabay,grisel,53955a3777d71cc91fab3f07cdb82025256e4a9e
grisel_img_0814,img_0814.png,princesas_y_castillos,ilustracion_plana_color,2048,1442,Castillo rosado en un valle entre montañas.,Pixabay,grisel,1297a8246080bdd0cde35792b227faaea2eebee5
grisel_img_0815,img_0815.png,princesas_y_castillos,ilustracion_plana_color,2048,1743,Castillo morado protegido por caballeros frente a un dragón.,Pixabay,grisel,b7b2e91499fd5704a6eef316e2b37fd6c1c16002
grisel_img_0816,img_0816.png,princesas_y_castillos,ilustracion_plana_color,1949,2048,Castillo flotando sobre una nube con una planta trepadora.,Pixabay,grisel,c624bce970eabad61eef480398dca4e66e0a115b
grisel_img_0817,img_0817.png,princesas_y_castillos,ilustracion_plana_color,2048,1361,Castillo blanco sobre una colina junto a montañas.,Pixabay,grisel,04dafdbd90a2d8571dd69f72980e4cfe70e8d550
grisel_img_0818,img_0818.png,princesas_y_castillos,ilustracion_plana_color,2048,1686,"Príncipe, princesa y dragón verde frente a un castillo.",Pixabay,grisel,60096a0a6aed222f4179b5ef2f50dd25888355d9
grisel_img_0819,img_0819.png,princesas_y_castillos,ilustracion_plana_color,1896,2048,Rey con corona y cetro saludando.,Pixabay,grisel,15770334b6d0104b82948f0fa60dbcd2ba076fe1
grisel_img_0820,img_0820.png,princesas_y_castillos,ilustracion_plana_color,2048,1470,Castillo rosado sobre una colina verde.,Pixabay,grisel,c860733c2599bec71ebc5493a32cc912d124d4af
grisel_img_0821,img_0821.png,princesas_y_castillos,ilustracion_plana_color,2048,1712,Dragón rojo volando sobre un castillo mientras un caballero cabalga.,Pixabay,grisel,e1c8b52454a25af38c6fb4280d9be016d27c0206
grisel_img_0822,img_0822.png,princesas_y_castillos,ilustracion_plana_color,2048,1862,Caballero y princesa frente a un castillo junto a un dragón.,Pixabay,grisel,d9032f4fef2aa7d9ad3630ac0318d4f995fc3d71
grisel_img_0823,img_0823.png,princesas_y_castillos,ilustracion_plana_color,2048,1174,Castillo emergiendo de un libro abierto.,Pixabay,grisel,2d8e8fdb3aaadd552d6fa821b1e6dde971ced244
grisel_img_0824,img_0824.png,princesas_y_castillos,ilustracion_plana_color,1280,1920,Princesa niña con corona y vestido rojo.,Pixabay,grisel,5e868181ff0f0d09feb4646757e28354a67b1be0
grisel_img_0825,img_0825.png,princesas_y_castillos,ilustracion_plana_color,1475,1920,Castillo fortificado sobre una montaña.,Pixabay,grisel,2868ce04cd6e6cf34fefb3d407447666950ab425
grisel_img_0826,img_0826.png,princesas_y_castillos,ilustracion_plana_color,1280,1920,Reina con vestido rojo y corona.,Pixabay,grisel,38e0f2fa9f3b1419d1a3afbd0aa3cf0d74c797eb
grisel_img_0827,img_0827.png,princesas_y_castillos,ilustracion_plana_color,1581,1920,Elfa de cabello lila con orejas puntiagudas.,Pixabay,grisel,c5bc5ec835c0fea9a747d3653303f6404636f8f8
grisel_img_0828,img_0828.png,princesas_y_castillos,ilustracion_plana_color,1387,1920,Mujer rodeada de gatos junto a una mesa iluminada.,Pixabay,grisel,0a93894a88b0b9702b76f6bcb682576c6731fcb5
grisel_img_0829,img_0829.png,princesas_y_castillos,ilustracion_plana_color,1387,1920,Princesa niña con corona dorada.,Pixabay,grisel,dd605d9e7fce2bde473cf087508b50bb5236c6a9
grisel_img_0830,img_0830.png,princesas_y_castillos,ilustracion_plana_color,1387,1920,Hada con vestido azul y alas doradas.,Pixabay,grisel,abe768d0c18ee0c55cc3c3938d97ca1ec7c710f6
grisel_img_0831,img_0831.png,princesas_y_castillos,ilustracion_plana_color,1387,1920,Hada reina sentada en un trono.,Pixabay,grisel,896bd4e4f103d958c8386c24509447981594289e
grisel_img_0832,img_0832.png,princesas_y_castillos,ilustracion_plana_color,1387,1920,Reina hada con vestido dorado sentada en un trono.,Pixabay,grisel,81f6abee7d42536ead8e9874327f8fa099dd70b9
grisel_img_0833,img_0833.png,princesas_y_castillos,ilustracion_plana_color,1387,1920,Hada reina sentada en un trono rodeada de luz.,Pixabay,grisel,17ffda6c7a0919aded52eb6f99624e748fe86a8c
grisel_img_0834,img_0834.png,princesas_y_castillos,ilustracion_plana_color,1387,1920,Hada de alas transparentes sentada en un bosque.,Pixabay,grisel,c3a5d61c7d3986bba89733ca7117e92f2f89766b
grisel_img_0835,img_0835.png,princesas_y_castillos,ilustracion_plana_color,1387,1920,Hada de alas verdes frente a una ruina de piedra.,Pixabay,grisel,272f7e46082232a455a05bf1f41eaa019667d109
grisel_img_0836,img_0836.png,princesas_y_castillos,ilustracion_plana_color,1920,1920,Joven caballero frente a un castillo.,Pixabay,grisel,1580291b6a108ba946bcb732151fcbe4c38b54f2
grisel_img_0837,img_0837.png,princesas_y_castillos,ilustracion_plana_color,1920,1920,Pequeña hada de orejas grandes en un bosque mágico.,Pixabay,grisel,5c4c429f17caf2ec911779d143f5d24f3d9a7c52
grisel_img_0838,img_0838.png,princesas_y_castillos,ilustracion_plana_color,1920,1920,Reina con vestido rojo y corona.,Pixabay,grisel,8693eb7eca8b0a068e5899b901bd163ba36c28bb
grisel_img_0839,img_0839.png,princesas_y_castillos,ilustracion_plana_color,1280,1920,Reina hechicera con vestido azul brillante.,Pixabay,grisel,38887ad7607749f7a6e4b59ede42b1c48a58883c
grisel_img_0840,img_0840.png,princesas_y_castillos,ilustracion_plana_color,1920,1920,Dragón azul frente a un castillo.,Pixabay,grisel,609cd2b704662f030c7e0a1b42918b1c331807f2
grisel_img_0841,img_0841.png,princesas_y_castillos,ilustracion_plana_color,1920,1123,Castillo iluminado sobre fondo negro.,Pixabay,grisel,468791542655786273e04aaf9a7aeff43941cdfe
grisel_img_0842,img_0842.png,princesas_y_castillos,ilustracion_plana_color,1097,1920,Personaje con maquillaje de calavera y traje colorido.,Pixabay,grisel,5cb9ac4cd366f56a13b62629eb1318d4311adbd5
grisel_img_0843,img_0843.png,princesas_y_castillos,ilustracion_plana_color,1583,1920,Princesa entregando una flor a un caballero.,Pixabay,grisel,3b16bcefdf8e861d20647754ba2744a3b0f0971f
grisel_img_0844,img_0844.png,princesas_y_castillos,ilustracion_plana_color,1831,1920,Princesa montando un caballo frente a un castillo.,Pixabay,grisel,5aa5f3cb5dbaa80e8837fe54fc61d6a978134508
grisel_img_0845,img_0845.png,princesas_y_castillos,ilustracion_plana_color,1920,1746,Joven corriendo mientras sostiene un corazón rojo.,Pixabay,grisel,a907272b3a6eac078b8a12487099edb1262a8dc2
grisel_img_0846,img_0846.png,princesas_y_castillos,ilustracion_plana_color,1097,1920,Castillo brillante entre dunas doradas.,Pixabay,grisel,e12b05119e73f25ec0334e218fa455e6d6fb590f
grisel_img_0847,img_0847.png,princesas_y_castillos,ilustracion_plana_color,1440,1920,Cenicienta con vestido azul en un jardín.,Pixabay,grisel,469ad639d6d7b53af9544c831dac5f4472560969
grisel_img_0848,img_0848.png,princesas_y_castillos,ilustracion_plana_color,1440,1920,Castillo blanco rodeado de árboles.,Pixabay,grisel,faa0a89512816e5324094f3acd4781dc920a70b3
grisel_img_0849,img_0849.png,princesas_y_castillos,ilustracion_plana_color,1920,1599,Niña sentada leyendo un libro entre plantas.,Pixabay,grisel,945379c456d33cab90682a8a5fdb22e71aec42ab
grisel_img_0850,img_0850.png,princesas_y_castillos,ilustracion_plana_color,1920,1291,Tres niñas con abrigos de invierno caminando juntas.,Pixabay,grisel,8344f0312ca41641c98fba11487310b254ba6143
grisel_img_0851,img_0851.png,princesas_y_castillos,ilustracion_plana_color,1920,1280,Castillo flotante entre las nubes.,Pixabay,grisel,899045c69ce346ccc31cc96e785a68166146fe04
grisel_img_0852,img_0852.png,princesas_y_castillos,ilustracion_plana_color,1280,1920,Persona observando un castillo al final de un río.,Pixabay,grisel,aedaf0afd3f501598924d8f9616c7d7134515a93
grisel_img_0853,img_0853.png,princesas_y_castillos,ilustracion_plana_color,1280,1920,Casa encantada sobre una pequeña isla.,Pixabay,grisel,1fa900ba0d6fbffbcc8a88e26ab7c0767259de35
grisel_img_0854,img_0854.png,princesas_y_castillos,ilustracion_plana_color,1920,1920,Niña caminando con un perro por un campo.,Pixabay,grisel,3fb8309b5a77602165a3f5a0db6de87641920e10
grisel_img_0855,img_0855.png,princesas_y_castillos,ilustracion_plana_color,1920,1920,Princesa pelirroja con vestido verde.,Pixabay,grisel,74a10ba6558bcfe1ff726cc297fe537956c4a736
grisel_img_0856,img_0856.png,princesas_y_castillos,ilustracion_plana_color,1920,1920,Princesa pelirroja con vestido verde y amarillo.,Pixabay,grisel,8a42466c3c9aa09cf46031b025564bed6b733c9d
grisel_img_0857,img_0857.png,princesas_y_castillos,ilustracion_plana_color,1484,1920,Princesa con vestido morado y corona.,Pixabay,grisel,7ecc41ca103106cd70ef7e29df7b7a2eceb70190
grisel_img_0858,img_0858.png,princesas_y_castillos,ilustracion_plana_color,1920,1920,Joven con flores de cerezo en el cabello.,Pixabay,grisel,a7b85de884c74d35a86167db80156f8ced95f4ec
grisel_img_0859,img_0859.png,princesas_y_castillos,ilustracion_plana_color,1920,1920,Princesa de cabello lila con vestido morado.,Pixabay,grisel,ee7003c0219f32e5edfc74965a250cd5ca34f19f
grisel_img_0860,img_0860.png,princesas_y_castillos,ilustracion_plana_color,1920,1920,Princesa de cabello lila con vestido morado sobre fondo negro.,Pixabay,grisel,cbdc38bd3013fdc7e7585ae1980c1e6aac9e092c
grisel_img_0861,img_0861.png,princesas_y_castillos,ilustracion_plana_color,1920,1275,Rey y reina con coronas sobre una alfombra roja.,Pixabay,grisel,415f51e4799e59a11ef527503567b89770d8055b
grisel_img_0862,img_0862.png,princesas_y_castillos,ilustracion_plana_color,1920,1920,Castillo morado junto a montañas.,Pixabay,grisel,70037ca13d043a0b4d3b2c83819591e2911eca91
grisel_img_0863,img_0863.png,princesas_y_castillos,ilustracion_plana_color,1920,1357,Sirena descansando dentro de una pecera.,Pixabay,grisel,c9abed166ea08b2c9cb1a9c7c62e34b3291a1862
grisel_img_0864,img_0864.png,princesas_y_castillos,ilustracion_plana_color,1920,1920,Castillo fantástico rodeado por un dragón bajo la luna.,Pixabay,grisel,6e47e847f06d9026365cf847235450d767dc165f
grisel_img_0865,img_0865.png,princesas_y_castillos,ilustracion_plana_color,1840,1920,Princesa de cabello rosa con corona.,Pixabay,grisel,790ab24f972a5e355072037faaaf0a85595b26bf
grisel_img_0866,img_0866.png,princesas_y_castillos,ilustracion_plana_color,1920,1439,Cofre del tesoro lleno de monedas de oro.,Pixabay,grisel,eabfec02bf0db46bda80e18f2c81cc1e58b0eb13
grisel_img_0867,img_0867.png,princesas_y_castillos,ilustracion_plana_color,1920,1920,Princesa niña sosteniendo un corazón rojo.,Pixabay,grisel,02c2b21de0c342e4b8da2146b0cabfdbecb101ec
grisel_img_0868,img_0868.png,princesas_y_castillos,ilustracion_plana_color,1920,1438,Castillo amarillo al final de un camino.,Pixabay,grisel,8c895532c770b29365e40aa6e4b7189386b10e03
grisel_img_0869,img_0869.png,princesas_y_castillos,ilustracion_plana_color,1920,1041,Castillo amarillo flotando sobre una nube.,Pixabay,grisel,426e4204d3200469e1190fed3c371a46907c11bc
grisel_img_0870,img_0870.png,princesas_y_castillos,ilustracion_plana_color,1920,1920,Casa con forma de hongo en un bosque mágico.,Pixabay,grisel,11ff79924fe13bcd620b8545bd3768c4f3767f49
grisel_img_0871,img_0871.png,princesas_y_castillos,ilustracion_plana_color,1920,1837,Castillo oscuro iluminado por la luna llena.,Pixabay,grisel,c795195681fa7f08abf42ab8e93c7dbf9f69db4c
grisel_img_0872,img_0872.png,princesas_y_castillos,ilustracion_plana_color,1358,1920,"Castillo sobre un vaso con la palabra ""School"".",Pixabay,grisel,047d5b4383d0891b73557cc2378f9edb92b1d677
grisel_img_0873,img_0873.png,princesas_y_castillos,ilustracion_plana_color,1357,1920,Niña sentada en el césped junto a un perro blanco.,Pixabay,grisel,f88047a0d720f985a858acb4e38674b621b37e79
grisel_img_0874,img_0874.png,princesas_y_castillos,ilustracion_plana_color,1446,1920,Muñeca princesa con vestido rosa en un palacio de hielo.,Pixabay,grisel,73db7c382eb15ecfa4d6cfeb90da069225f7786a
grisel_img_0875,img_0875.png,princesas_y_castillos,ilustracion_plana_color,1280,1920,Princesa rodeada de girasoles en un jardín encantado.,Pixabay,grisel,ddcff13b764c2807d73265aa0d51c2f3578dec25
grisel_img_0876,img_0876.png,princesas_y_castillos,ilustracion_plana_color,1920,1920,Gato gris con corona y collar rosa.,Pixabay,grisel,d5964d44cbeddf4e03ed839116724bedeb59d456
grisel_img_0877,img_0877.png,princesas_y_castillos,ilustracion_plana_color,1280,1920,Perro salchicha con corona real y capa.,Pixabay,grisel,3f66e7c236ef907df33204b57e0c05fa0dd9ca96
grisel_img_0878,img_0878.png,princesas_y_castillos,ilustracion_plana_color,1920,1920,Rana rey con corona y capa blanca.,Pixabay,grisel,42e59d93600f723440521cc6f087ce97952e590a
grisel_img_0879,img_0879.png,princesas_y_castillos,ilustracion_plana_color,1440,1920,Mosquetero con sombrero azul y capa roja.,Pixabay,grisel,aac7292aac4c9773cc615906dc4c95fe7b660a65
grisel_img_0880,img_0880.png,princesas_y_castillos,ilustracion_plana_color,1920,1920,Perro blanco con lazo rosa y tiara.,Pixabay,grisel,d9ae84116a93ca5d87c3caad2b2abe98fd8034ad
grisel_img_0881,img_0881.png,princesas_y_castillos,ilustracion_plana_color,1280,1920,Bufón con corona y traje morado.,Pixabay,grisel,54da6c0c2b4f80d36257d90d44a685c1322e3801
grisel_img_0882,img_0882.png,princesas_y_castillos,ilustracion_plana_color,1919,1630,Cofre del tesoro lleno de monedas de oro.,Pixabay,grisel,e82a112a79736b0f695484722c981fa808e88b5a
grisel_img_0883,img_0883.png,princesas_y_castillos,ilustracion_plana_color,1920,1920,Reina nombrando caballero a un joven arrodillado.,Pixabay,grisel,ce3e78639fa7191e31050080584fb46e2f344d0a
grisel_img_0884,img_0884.png,princesas_y_castillos,ilustracion_plana_color,1920,1920,Príncipe niño con corona y capa roja.,Pixabay,grisel,07e8a7902b4ca0b61b1dbaab217616a99d7e4b4a
grisel_img_0885,img_0885.png,princesas_y_castillos,ilustracion_plana_color,1920,1920,Castillo azul con torres rosadas.,Pixabay,grisel,e122de2809d4ab62fb2bbf9d3e4c8b1630cca51e
grisel_img_0886,img_0886.png,princesas_y_castillos,ilustracion_plana_color,1920,1920,Unicornio alado blanco con melena rosa.,Pixabay,grisel,45f1c77df1a8301855f88a20d3645768d56817f6
grisel_img_0887,img_0887.png,princesas_y_castillos,ilustracion_plana_color,1920,1920,Princesa rubia con vestido azul y corona.,Pixabay,grisel,cf7f6f7b801c1ef58c540944ecaca432a2a1b5e0
grisel_img_0888,img_0888.png,princesas_y_castillos,ilustracion_plana_color,1920,1920,Princesa rubia con vestido rosa.,Pixabay,grisel,469ff67cc03a79b591862290e37d096d08d6c753
grisel_img_0889,img_0889.png,princesas_y_castillos,ilustracion_plana_color,1920,1920,Pequeño dragón azul sonriente.,Pixabay,grisel,3302cbcd33014e0a2f553aa07be6e9e4bbd5c0ad
grisel_img_0890,img_0890.png,princesas_y_castillos,ilustracion_plana_color,1920,1373,Faraón y reina egipcia junto a papiros.,Pixabay,grisel,3fa9507b8fbaf7b6d24036006250ec613d661310
grisel_img_0891,img_0891.png,princesas_y_castillos,ilustracion_plana_color,1920,1536,Rey con corona y barba.,Pixabay,grisel,6c4d4b95b0047aa0bd11b6bfb7b2f871263ad12c
grisel_img_0892,img_0892.png,princesas_y_castillos,ilustracion_plana_color,1920,1085,Búhos posados en ramas de un bosque.,Pixabay,grisel,3599f8c04bd976165ff5348865eebe8ddf6a0762
grisel_img_0893,img_0893.png,princesas_y_castillos,ilustracion_plana_color,1536,1920,Princesa y niña tomadas de la mano en un campo.,Pixabay,grisel,24a0b22049c76eba5be1f34b96a88bc9c46842a0
grisel_img_0894,img_0894.png,princesas_y_castillos,ilustracion_plana_color,1920,1920,Princesa asomada a una ventana de piedra.,Pixabay,grisel,00d6de9d23d0636cae2bac0e036401cc2bf38bba
grisel_img_0895,img_0895.png,princesas_y_castillos,ilustracion_plana_color,1920,1920,Reina de cabello verde sentada en un trono dorado.,Pixabay,grisel,d6e003789037a67486dc9a46dd3f37fea838c9f4
grisel_img_0896,img_0896.png,princesas_y_castillos,ilustracion_plana_color,1920,1920,Princesa de cabello rosa con vestido rosa.,Pixabay,grisel,66e6f4cd2c11c33c8a588d2506364a378792d554
grisel_img_0897,img_0897.png,princesas_y_castillos,ilustracion_plana_color,1370,1920,Hada con alas blancas y vestido rojo.,Pixabay,grisel,fd8d52525b2ddc9937c23b75e1086e0f8a7d3ad3
grisel_img_0898,img_0898.png,princesas_y_castillos,ilustracion_plana_color,1280,1920,Princesa niña con vestido morado sonriendo.,Pixabay,grisel,d0c58d860bbe78496271c72489465aeacf18f60a
grisel_img_0899,img_0899.png,princesas_y_castillos,ilustracion_plana_color,1920,1920,Rey con túnica blanca y capa roja.,Pixabay,grisel,52476f6f01dc8dbb0534c6070d9920b59214eb4d
grisel_img_0900,img_0900.png,princesas_y_castillos,ilustracion_plana_color,1920,1920,Mago anciano preparando una poción mágica.,Pixabay,grisel,2e6e4d05137ee9bec49d970f0dd9287c420ad31d
grisel_img_0901,img_0901.png,princesas_y_castillos,ilustracion_plana_color,1155,1920,Reina con vestido amarillo y corona.,Pixabay,grisel,f2ca970e01f1977e2f22b69de869aaa8b1d40aaa
grisel_img_0902,img_0902.png,princesas_y_castillos,ilustracion_plana_color,1551,1920,Rey medieval con corona y espada.,Pixabay,grisel,03031d4bb38f1c00156109018b55b3c16f3ccc8e
grisel_img_0903,img_0903.png,princesas_y_castillos,ilustracion_plana_color,1920,1017,Tiara rosa con corazones.,Pixabay,grisel,7b9c17e03c27fcaaacd77d0a949d625051a9af8b
grisel_img_0904,img_0904.png,princesas_y_castillos,ilustracion_plana_color,1920,1421,Casa mágica cubierta de flores y hongos.,Pixabay,grisel,78b51b84818a0848b4aebd9ba30cffa41791b1be
grisel_img_0905,img_0905.png,princesas_y_castillos,ilustracion_plana_color,1920,960,Corona dorada con gemas azules.,Pixabay,grisel,f42e827904cbc6ad7e43dd3f36443f79a00675dc
grisel_img_0906,img_0906.png,princesas_y_castillos,ilustracion_plana_color,1920,1423,Corona real dorada con perlas.,Pixabay,grisel,016f9729c138abee322e041071ae1598d1b6494b
grisel_img_0907,img_0907.png,princesas_y_castillos,ilustracion_plana_color,1561,1920,Princesa junto a un dragón verde.,Pixabay,grisel,d748e8d965b160a214eec346211b4a113a664aab
grisel_img_0908,img_0908.png,princesas_y_castillos,ilustracion_plana_color,1920,1804,Rana con corona dorada.,Pixabay,grisel,5975d650cae93fbcd5fab0fefacc9f1337fd01ea
grisel_img_0909,img_0909.png,princesas_y_castillos,ilustracion_plana_color,1920,1291,Niños caminando con mochilas escolares.,Pixabay,grisel,626e5cce8e02b6c92796d2e6fdb82953e9ba87ab
grisel_img_0910,img_0910.png,princesas_y_castillos,ilustracion_plana_color,1332,1920,Rey con corona sosteniendo una espada.,Pixabay,grisel,1a174ae7302aeeae0186cfcbd762d00f55c168ee
grisel_img_0911,img_0911.png,princesas_y_castillos,ilustracion_plana_color,1126,1920,Princesa rubia con vestido rosa y corona.,Pixabay,grisel,c44f7de2f495586b8b8b7feb89779443e5f4e1ba
grisel_img_0912,img_0912.png,princesas_y_castillos,ilustracion_plana_color,1265,1920,Reina con corona y cetro dorado.,Pixabay,grisel,cc1937276051dd4964c228be122a0ff7ae8b5539
grisel_img_0913,img_0913.png,princesas_y_castillos,ilustracion_plana_color,1457,1915,Torre fortificada de piedra con bandera roja.,Pixabay,grisel,3b7c0fe367d1bc1f32af2edf9feaeae9d359247e
grisel_img_0914,img_0914.png,princesas_y_castillos,ilustracion_plana_color,1920,1272,Pingüino hada con alas rosadas y varita mágica.,Pixabay,grisel,595ca6fa386f3a14f0f8ca83f4fa3e03611bfe3f
grisel_img_0915,img_0915.png,princesas_y_castillos,ilustracion_plana_color,995,1920,Princesa rubia con vestido morado.,Pixabay,grisel,20b09fe4d095d64038ef4c0d0aab338c3c9e39a6
grisel_img_0916,img_0916.png,princesas_y_castillos,ilustracion_plana_color,1920,1466,Castillo morado en una ilustración digital.,Pixabay,grisel,f1ca1bd0cfd9df8a6ac4f3b6bd972c1fce25ee3b
grisel_img_0917,img_0917.png,princesas_y_castillos,ilustracion_plana_color,1920,1440,Castillo amurallado en vista isométrica.,Pixabay,grisel,9f2a3930a07ddbfab2bf550585eb9d0a9a90bab3
grisel_img_0918,img_0918.png,princesas_y_castillos,ilustracion_plana_color,1920,1076,Muralla de castillo de piedra.,Pixabay,grisel,21f4c185f2391a757aa2265e8a2ee456de8e2fc0
grisel_img_0919,img_0919.png,princesas_y_castillos,ilustracion_plana_color,1279,1920,Castillo embrujado con torres moradas.,Pixabay,grisel,4341c98f9c41e9eef97078897583658506a2bc4a
grisel_img_0920,img_0920.png,princesas_y_castillos,ilustracion_plana_color,1920,1920,Torre de piedra en ruinas.,Pixabay,grisel,547dc2a2acd36e68731fbf278aaf03e12d252dd0
grisel_img_0921,img_0921.png,princesas_y_castillos,ilustracion_plana_color,1279,1920,Torre mágica con cristales morados.,Pixabay,grisel,8111ed7a6532fce4fed5f769e660a870674d3a1a
grisel_img_0922,img_0922.png,princesas_y_castillos,ilustracion_plana_color,1920,1920,Torre circular de piedra con ventanas iluminadas.,Pixabay,grisel,db46a6232896f1c5680f1dbeaffa813f170f6980
grisel_img_0923,img_0923.png,princesas_y_castillos,ilustracion_plana_color,1920,1721,Carruaje real morado y rosa.,Pixabay,grisel,aa10283439a0a42f3048355c2f30ae7bbe80ee8e
grisel_img_0924,img_0924.png,princesas_y_castillos,ilustracion_plana_color,1100,1920,Princesa rubia con vestido azul claro.,Pixabay,grisel,d9ab9446110bc183bbbf482822a6909653bedbfa
grisel_img_0925,img_0925.png,princesas_y_castillos,ilustracion_plana_color,1920,1920,Princesa pelirroja con tiara plateada,Pixabay,grisel,3c262c04cb928a1295493455141c408d8b58bf02
grisel_img_0926,img_0926.png,princesas_y_castillos,ilustracion_plana_color,1920,1345,Hada entregando una corona a un príncipe en un bosque.,Pixabay,grisel,b5b659658bcc1b3ae3de7bda35413e6db068dee1
grisel_img_0927,img_0927.png,princesas_y_castillos,ilustracion_plana_color,1920,1352,Príncipe montando un caballo junto a una princesa y un ciervo.,Pixabay,grisel,c46684993386b57cb59f9ebc32675c5e83b04f2a
grisel_img_0928,img_0928.png,princesas_y_castillos,ilustracion_plana_color,1920,1353,Princesa junto a un ciervo en un bosque encantado.,Pixabay,grisel,b0409b1f9bb5e13c41b7b8a0e98f25adfca5e539
grisel_img_0929,img_0929.png,princesas_y_castillos,ilustracion_plana_color,1920,1920,Hada de cabello azul caminando sobre un lago mágico.,Pixabay,grisel,be4675d3d21a1fa50b5fa75090fd66b413fc6156
grisel_img_0930,img_0930.png,princesas_y_castillos,ilustracion_plana_color,1417,1920,Bufón sosteniendo una cabeza de marioneta.,Pixabay,grisel,e95dace37ab489db01592d4115e22859289408d5
grisel_img_0931,img_0931.png,princesas_y_castillos,ilustracion_plana_color,1365,1920,Unicornio blanco tocando una trompeta.,Pixabay,grisel,f33e0ec7ef4120c97914d123e977bda60c4705d2
grisel_img_0932,img_0932.png,princesas_y_castillos,ilustracion_plana_color,1920,1920,Perro rey con corona y capa morada.,Pixabay,grisel,0aae27e01ed1d5398f7cfdcf643246ae31153349
grisel_img_0933,img_0933.png,princesas_y_castillos,ilustracion_plana_color,1920,1440,Princesa con vestido rosa tradicional.,Pixabay,grisel,e50bd7b76f85ff02c21bafd596c32d71bc2d3864
grisel_img_0934,img_0934.png,princesas_y_castillos,ilustracion_plana_color,1920,1920,Jardín con árboles y casita para pájaros.,Pixabay,grisel,ba35c554de59789c43b1a8701ebb1e2cfb35a026
grisel_img_0935,img_0935.png,princesas_y_castillos,ilustracion_plana_color,1920,1920,Rey inclinándose ante un obispo.,Pixabay,grisel,a99cedd9a7fcd2f8371fa76f9b05f078eb2e0be9
grisel_img_0936,img_0936.png,princesas_y_castillos,ilustracion_plana_color,1920,1920,Caballero montando un dragón verde.,Pixabay,grisel,c2c2315871ca697fac322159cc46b447bc02847a
grisel_img_0937,img_0937.png,princesas_y_castillos,ilustracion_plana_color,1440,1920,Hada bailando con una varita mágica.,Pixabay,grisel,baa6050650e46199ae099493ce2a0f4370a723f7
grisel_img_0938,img_0938.png,princesas_y_castillos,ilustracion_plana_color,1920,1440,Caballero luchando contra un dragón en un escenario.,Pixabay,grisel,747b716ba7a9931a984f39a244f0fb695e5cf5a3
grisel_img_0939,img_0939.png,princesas_y_castillos,ilustracion_plana_color,1920,1306,Tres reyes con vestimentas reales.,Pixabay,grisel,ffb4972b4d02185e722325317cf04098ffb2a5b8
grisel_img_0940,img_0940.png,princesas_y_castillos,ilustracion_plana_color,1280,1920,Payaso con sombrero rojo y maquillaje colorido.,Pixabay,grisel,c2ef6501153aac01516076c5aa33c911c63d9459
grisel_img_0941,img_0941.png,princesas_y_castillos,ilustracion_plana_color,1300,1920,Ratón blanco con corona y vestimenta real.,Pixabay,grisel,7f228176718a533cb96efae2d250e98ec60f2d50
grisel_img_0942,img_0942.png,princesas_y_castillos,ilustracion_plana_color,1504,1920,Princesa morena volando sobre una alfombra mágica.,Pixabay,grisel,df86106b0500257bba3e0477f3e5622883d298d9
grisel_img_0943,img_0943.png,princesas_y_castillos,ilustracion_plana_color,1564,1920,Princesa sentada sobre una carta de reina.,Pixabay,grisel,1c2e3dd2506e9e37ba1db7a1112a35b6a7aa1eef
grisel_img_0945,img_0945.png,princesas_y_castillos,ilustracion_plana_color,1363,1920,Hada reina con cetro y vestido turquesa.,Pixabay,grisel,e32265e20bf3e9a19ec34cb17cdde7bd01a7a470
grisel_img_0946,img_0946.png,princesas_y_castillos,ilustracion_plana_color,1363,1920,Princesa con vestido azul y corona dorada.,Pixabay,grisel,9e6c5b0af47753d19bdb70e6a3566dd2b06c5180
grisel_img_0947,img_0947.png,princesas_y_castillos,ilustracion_plana_color,1213,1920,Reina con vestido blanco y detalles dorados.,Pixabay,grisel,909e13843a96bacb411bc11e291d33b66f4c2ab7
grisel_img_0948,img_0948.png,princesas_y_castillos,ilustracion_plana_color,1749,1920,Castillo amarillo con torres rojas.,Pixabay,grisel,7e08eef6c421134b1228b995ef64848f4d2a86fa
grisel_img_0949,img_0949.png,princesas_y_castillos,ilustracion_plana_color,1920,1920,Sultán con turbante naranja.,Pixabay,grisel,938cef66346764432dfdd5e2ff460a2fe36d9a38
grisel_img_0950,img_0950.png,princesas_y_castillos,ilustracion_plana_color,1280,1920,Castillo de piedra con puente de entrada.,Pixabay,grisel,d5781de8383b0a0ec88dce260e6e45bbe27e5de6
grisel_img_0951,img_0951.png,princesas_y_castillos,ilustracion_plana_color,1920,1920,Princesa pelirroja con alas junto a conejos.,Pixabay,grisel,b72319867e1965722781dca979ddc83b8625c098
grisel_img_0952,img_0952.png,princesas_y_castillos,ilustracion_plana_color,1281,1920,Mujer con corona y gafas de sol en la playa.,Pixabay,grisel,5641dcd5ab25e04539cf25e692c61bcade4e414f
grisel_img_0953,img_0953.png,princesas_y_castillos,ilustracion_plana_color,1920,1920,Casa de campo rodeada de montañas y flores.,Pixabay,grisel,6e0811afa0222850882931a3e049f0aa177e532b
grisel_img_0954,img_0954.png,princesas_y_castillos,ilustracion_plana_color,1920,1920,Príncipe niño con corona y capa azul.,Pixabay,grisel,bad7f28e19e67f5f812bdb2c1edb108bef9f8a54
grisel_img_0955,img_0955.png,princesas_y_castillos,ilustracion_plana_color,1920,1920,Rey anciano con túnica roja y espada.,Pixabay,grisel,c3d354a684483642fc894c09d8993aab0b6c5f26
grisel_img_0956,img_0956.png,princesas_y_castillos,ilustracion_plana_color,1440,1920,Princesa con vestido blanco y corona dorada.,Pixabay,grisel,6094bd24e600085d31cdb4f89603807b8a8e24c4
grisel_img_0957,img_0957.png,princesas_y_castillos,ilustracion_plana_color,1920,1920,Dragón azul frente a un castillo oscuro.,Pixabay,grisel,01f1a92d613ddb8a52edb65c1794dae44d4cc3f0
grisel_img_0958,img_0958.png,princesas_y_castillos,ilustracion_plana_color,1920,1920,Cocodrilo morado con chaleco amarillo.,Pixabay,grisel,6627902e491459dbd576f65a30deedab4551dd31
grisel_img_0959,img_0959.png,princesas_y_castillos,ilustracion_plana_color,731,1920,Príncipe con corona y uniforme azul.,Pixabay,grisel,fa58dba04c8eab958bc8b034e2ae779717291fff
grisel_img_0960,img_0960.png,princesas_y_castillos,ilustracion_plana_color,1280,1920,Princesa con vestido rosa sosteniendo un abanico.,Pixabay,grisel,dcae04cde28b871b9c37cb05f92d571cd324cdc2
grisel_img_0961,img_0961.png,princesas_y_castillos,ilustracion_plana_color,1279,1920,Reina anciana con corona y vestido rojo.,Pixabay,grisel,64aed9c61457da3204ec59f0ac77a5845b0298bc
grisel_img_0962,img_0962.png,princesas_y_castillos,ilustracion_plana_color,1920,1920,Princesa rubia con vestido azul claro.,Pixabay,grisel,8c7c527bba63412e6b5c6b0e70039d9992a0156b
grisel_img_0963,img_0963.png,princesas_y_castillos,ilustracion_plana_color,1920,1170,Hada rubia con alas transparentes.,Pixabay,grisel,2cc6a5ad68679226013040fa410bd62212feec2a
grisel_img_0964,img_0964.png,princesas_y_castillos,ilustracion_plana_color,1920,1081,Castillo mágico flotando entre cascadas y montañas.,Pixabay,grisel,1f2befc4fa259ec4af7d2ea8daae1d21b7dc4fa8
grisel_img_0965,img_0965.png,princesas_y_castillos,ilustracion_plana_color,1920,1080,Princesa de cabello rizado en un retrato artístico.,Pixabay,grisel,2ff61024c122575608c63ea372ded29eebff8533
grisel_img_0966,img_0966.png,princesas_y_castillos,ilustracion_plana_color,1920,1280,Elfa de cabello rubio con orejas puntiagudas.,Pixabay,grisel,9b8353f724e4ea8f75ac37838df8d165e904cb3f
grisel_img_0967,img_0967.png,princesas_y_castillos,ilustracion_plana_color,1572,1920,Corona dorada sencilla.,Pixabay,grisel,c0d06ed75ddeeab497a3741473e142d43cb39613
grisel_img_0968,img_0968.png,princesas_y_castillos,ilustracion_plana_color,1920,1920,Corona plateada con puntas redondeadas.,Pixabay,grisel,d88239072ae12202f882d560cfbfdaf8c6080cbc
grisel_img_0969,img_0969.png,princesas_y_castillos,ilustracion_plana_color,1521,1920,Sirena de cabello rosado con cola verde.,Pixabay,grisel,e81e557cf44b0f40466341d83140343110fc1f39
grisel_img_0970,img_0970.png,princesas_y_castillos,ilustracion_plana_color,1920,1920,Rey caricatura con corona y capa roja.,Pixabay,grisel,3f71775504a1bc9537b993329083889f4fcec5e7
grisel_img_0971,img_0971.png,princesas_y_castillos,ilustracion_plana_color,1920,1076,Castillo flotante entre nubes y globos aerostáticos.,Pixabay,grisel,25dae0440fe2d79d55258e90b8996bf3b61003ff
grisel_img_0972,img_0972.png,princesas_y_castillos,ilustracion_plana_color,1920,1076,Castillo rodeado de globos aerostáticos de colores.,Pixabay,grisel,5514cd4981cbc83c66e23e81dbc592ddf7be20c4
grisel_img_0973,img_0973.png,princesas_y_castillos,ilustracion_plana_color,1920,1920,Castillo iluminado en un bosque encantado.,Pixabay,grisel,cfff6190622b63961d2d02e5c83b44012296c1d8
grisel_img_0975,img_0975.png,princesas_y_castillos,ilustracion_plana_color,1920,1358,Cisne blanco sobre un lago bajo ramas colgantes.,Pixabay,grisel,d2ef4a8c7469cef5640d72d38868c06aaf47d416
grisel_img_0976,img_0976.png,princesas_y_castillos,ilustracion_plana_color,1920,1920,Rey sentado en un trono rodeado de personas celebrando.,Pixabay,grisel,32cd85c9d403887d509e4fe33b15ca86a3e786a5
grisel_img_0977,img_0977.png,princesas_y_castillos,ilustracion_plana_color,1275,1920,Príncipe niño con corona y capa roja.,Pixabay,grisel,f84953aa5327edf8df24922af7f0c53d4983b648
grisel_img_0978,img_0978.png,princesas_y_castillos,ilustracion_plana_color,1920,1525,Ciudad fortificada construida sobre una montaña.,Pixabay,grisel,f15c6ec6ef81d5fb886260e93594fab4c5360e12
grisel_img_0979,img_0979.png,princesas_y_castillos,ilustracion_plana_color,1920,1394,Catedral antigua en una ilustración acuarelada.,Pixabay,grisel,ae3937549d392be24178396f3b90314133b9b940
grisel_img_0980,img_0980.png,princesas_y_castillos,ilustracion_plana_color,1920,1365,Palacio clásico en una ilustración acuarelada.,Pixabay,grisel,012e8e0cfe7d6d296631845f670b2ada06b5f00a
grisel_img_0981,img_0981.png,princesas_y_castillos,ilustracion_plana_color,1408,1920,Princesa con vestido azul en un salón de piedra.,Pixabay,grisel,71d9444c9f9ca1cedecce4e60e6265733f02b25a
grisel_img_0982,img_0982.png,princesas_y_castillos,ilustracion_plana_color,1920,1456,Rey y reina con coronas.,Pixabay,grisel,0b0f65ef9a9b83f424ede86cccb544c563c9a981
grisel_img_0983,img_0983.png,princesas_y_castillos,ilustracion_plana_color,1920,1920,Reina sentada en un trono con vestido amarillo.,Pixabay,grisel,fd58e9b2904557c4785f0a1d99488e3a96b16bb7
grisel_img_0984,img_0984.png,princesas_y_castillos,ilustracion_plana_color,1920,1280,Rey y reina sonriendo juntos.,Pixabay,grisel,6ddfee821615e181c9b8fc36d4501624a4d39ef6
grisel_img_0985,img_0985.png,princesas_y_castillos,ilustracion_plana_color,1920,1728,Castillo gris con torres rojas.,Pixabay,grisel,3b179f94c82728c5e8b08638b7452e6aef44dc82
