id,archivo,tematica,estilo,ancho,alto,descripcion,fuente,recolector,hash_imagen
antonio_villagomez_img_0001,img_001.jpg,animales,ilustracion_plana_color,750,1000,ilustracion estilo tierno donde se observa: tigre,Pinterest,antonio_villagomez,98750b1d0f1edfac565d29a3f7259174ef17460a
antonio_villagomez_img_0002,img_002.jpg,animales,ilustracion_plana_color,600,601,ilustracion estilo tierno donde se observa: gato,Vecteezy,antonio_villagomez,cb14ff79099285d1ce48b9ba2e2935f7ea29fc4d
antonio_villagomez_img_0003,img_003.jpeg,animales,ilustracion_plana_color,236,236,ilustracion estilo tierno donde se observa: oso,Pinterest,antonio_villagomez,0dd23157e5cc6fe835b797b108e191f0256c98ea
antonio_villagomez_img_0004,img_004.jpg,animales,ilustracion_plana_color,256,256,ilustracion estilo tierno donde se observa: perro,Vecteezy,antonio_villagomez,a7f6865ba1da8de85188acb9052bcc938be1df22
antonio_villagomez_img_0005,img_005.jpg,animales,ilustracion_plana_color,736,1041,ilustracion estilo tierno donde se observa: mono,Pinterest,antonio_villagomez,d31c1c79b52b85d79bf08b8424a9053b3cacb457
antonio_villagomez_img_0006,img_006.png,animales,ilustracion_plana_color,450,450,ilustracion estilo tierno donde se observa: perro,Vecteezy,antonio_villagomez,3d6861c40145a8aad41aba6d380eeb3cf259a4c4
antonio_villagomez_img_0007,img_007.jpg,animales,ilustracion_plana_color,325,325,ilustracion estilo tierno donde se observa: conejo,Pinterest,antonio_villagomez,7b0033dbc4829646811bc65360f0ced6e1b1195d
antonio_villagomez_img_0008,img_008.jpg,animales,ilustracion_plana_color,256,256,ilustracion estilo tierno donde se observa: pájaro,Vecteezy,antonio_villagomez,fbd5892fc2c9df1e0fddd23cd9a48b4bfdfbeee2
antonio_villagomez_img_0009,img_009.jpg,animales,ilustracion_plana_color,256,256,ilustracion estilo tierno donde se observa: rana,Pinterest,antonio_villagomez,d7cba600797c75f3985fb4c57eb57cb99eb3e592
antonio_villagomez_img_0010,img_010.jpg,animales,ilustracion_plana_color,256,256,ilustracion estilo tierno donde se observa: pájaro,Vecteezy,antonio_villagomez,3d00b798d6e24ca6c9f0e7e883ad8a5862e32583
antonio_villagomez_img_0011,img_011.jpg,animales,ilustracion_plana_color,256,256,ilustracion estilo tierno donde se observa: oveja,Pinterest,antonio_villagomez,0e56e0fbcd8e14e8c65e197f2a29c843e7ce3af6
antonio_villagomez_img_0012,img_012.jpg,animales,ilustracion_plana_color,256,256,ilustracion estilo tierno donde se observa: ratón,Vecteezy,antonio_villagomez,13580be43c59083eeebf5bd0aa5a9645399aa88b
antonio_villagomez_img_0013,img_013.jpg,animales,ilustracion_plana_color,256,256,ilustracion estilo tierno donde se observa: león,Pinterest,antonio_villagomez,052bd2a355c37545f263bf88a688de11432b94fe
antonio_villagomez_img_0014,img_014.jpg,animales,ilustracion_plana_color,256,256,ilustracion estilo tierno donde se observa: rana,Vecteezy,antonio_villagomez,e006bfab87cc3630d9b2923fc2e9510a41a32f7f
antonio_villagomez_img_0015,img_015.jpg,animales,ilustracion_plana_color,256,256,ilustracion estilo tierno donde se observa: oveja,Pinterest,antonio_villagomez,035b757fd231ac057b20bd62b8a3e8ec6903ad3d
antonio_villagomez_img_0016,img_016.jpg,animales,ilustracion_plana_color,256,256,ilustracion estilo tierno donde se observa: koala,Vecteezy,antonio_villagomez,5a10de0f66572b58fb22c3bfbb0b5f564fdad246
antonio_villagomez_img_0017,img_017.jpg,animales,ilustracion_plana_color,256,256,ilustracion estilo tierno donde se observa: conejo,Pinterest,antonio_villagomez,00a1b179472d2f60a39192dc89ad981dac7454cc
antonio_villagomez_img_0018,img_018.jpg,animales,ilustracion_plana_color,512,512,ilustracion estilo tierno donde se observa: panda,Vecteezy,antonio_villagomez,31b9808bc5b4de4508ab49151d17711835a34b69
antonio_villagomez_img_0019,img_019.jpg,animales,ilustracion_plana_color,256,256,ilustracion estilo tierno donde se observa: perro,Pinterest,antonio_villagomez,7eadb022d8564d6f6c034d4c6bdcc04fc34c7b70
antonio_villagomez_img_0020,img_020.jpg,animales,ilustracion_plana_color,256,256,ilustracion estilo tierno donde se observa: ratón,Vecteezy,antonio_villagomez,512f96180d7da73cfbc5cf395f8d0628788a9fd1
antonio_villagomez_img_0021,img_021.jpg,animales,ilustracion_plana_color,256,256,ilustracion estilo tierno donde se observa: rana,Pinterest,antonio_villagomez,5f5f12c812a77d25b26e58a873929cffa47d3ed3
antonio_villagomez_img_0022,img_022.jpg,animales,ilustracion_plana_color,256,256,ilustracion estilo tierno donde se observa: oveja,Vecteezy,antonio_villagomez,8644bea50956549c6e751ed5d6341225228d4451
antonio_villagomez_img_0023,img_023.jpg,animales,ilustracion_plana_color,256,256,ilustracion estilo tierno donde se observa: león,Pinterest,antonio_villagomez,99be4675234f299dab92956229df41d237ed2d83
antonio_villagomez_img_0024,img_024.jpg,animales,ilustracion_plana_color,256,256,ilustracion estilo tierno donde se observa: ratón,Vecteezy,antonio_villagomez,d086d8177035b6df3ce935cdda7bde508e4f43a4
antonio_villagomez_img_0025,img_025.jpg,animales,ilustracion_plana_color,256,256,ilustracion estilo tierno donde se observa: ratón,Pinterest,antonio_villagomez,393dbd9b6af6bdf422d2696f2aae218875d7cddb
antonio_villagomez_img_0026,img_026.jpg,animales,ilustracion_plana_color,256,256,ilustracion estilo tierno donde se observa: ratón,Vecteezy,antonio_villagomez,aa48f6ba7ef4fe9b94eff449b5ff317fd395b4b1
antonio_villagomez_img_0027,img_027.jpg,animales,ilustracion_plana_color,256,256,ilustracion estilo tierno donde se observa: ratón,Pinterest,antonio_villagomez,0d5a7907b937211d02dcc20d58cff790175f808c
antonio_villagomez_img_0028,img_028.jpg,animales,ilustracion_plana_color,256,256,ilustracion estilo tierno donde se observa: oveja,Vecteezy,antonio_villagomez,b06289c9f08674b27cab8b9544940a385f7ff909
antonio_villagomez_img_0029,img_029.jpg,animales,ilustracion_plana_color,980,980,ilustracion estilo tierno donde se observa: ratón,Pinterest,antonio_villagomez,b73b0a86876955ad51cd528fce462aa55ef6e6e7
antonio_villagomez_img_0030,img_030.jpg,animales,ilustracion_plana_color,256,256,ilustracion estilo tierno donde se observa: león,Vecteezy,antonio_villagomez,6040ecc33fc188f3fe12a5dee8db2941af1afe11
antonio_villagomez_img_0031,img_031.jpg,animales,ilustracion_plana_color,256,256,ilustracion estilo tierno donde se observa: ratón,Pinterest,antonio_villagomez,61c28f1bb90f65bd71c55b4413f8cea735ec87bb
antonio_villagomez_img_0032,img_032.jpg,animales,ilustracion_plana_color,256,256,ilustracion estilo tierno donde se observa: perro,Vecteezy,antonio_villagomez,98936a44042870df1f580608c035ba592057b80b
antonio_villagomez_img_0033,img_033.jpg,animales,ilustracion_plana_color,256,256,ilustracion estilo tierno donde se observa: mono,Pinterest,antonio_villagomez,fcdd2f5f8e18898b462a220ac9bf3107cc81a7cd
antonio_villagomez_img_0034,img_034.jpg,animales,ilustracion_plana_color,256,256,ilustracion estilo tierno donde se observa: perro,Vecteezy,antonio_villagomez,1cd7fda28c493d70de2c3ac1f20c179672f3b6d6
antonio_villagomez_img_0035,img_035.jpg,animales,ilustracion_plana_color,256,256,ilustracion estilo tierno donde se observa: pájaro,Pinterest,antonio_villagomez,20e4acc331924608ec9ab91f779fd35f78be39ea
antonio_villagomez_img_0036,img_036.jpg,animales,ilustracion_plana_color,256,256,ilustracion estilo tierno donde se observa: león,Vecteezy,antonio_villagomez,bfbc597dcee8bea3db511a4da06dd94fe99532f8
antonio_villagomez_img_0037,img_037.jpg,animales,ilustracion_plana_color,256,256,ilustracion estilo tierno donde se observa: conejo,Pinterest,antonio_villagomez,48b6f1574a06f737741415d07214832658afd2f7
antonio_villagomez_img_0038,img_038.jpg,animales,ilustracion_plana_color,256,256,ilustracion estilo tierno donde se observa: león,Vecteezy,antonio_villagomez,7db8ac951936c319117afe58ca84000ba1d2acf1
antonio_villagomez_img_0039,img_039.jpg,animales,ilustracion_plana_color,736,736,ilustracion estilo tierno donde se observa: ratón,Pinterest,antonio_villagomez,9dc7c354bc8907846c73dbac2cbec2f0d00f43b9
antonio_villagomez_img_0040,img_040.jpg,animales,ilustracion_plana_color,256,256,ilustracion estilo tierno donde se observa: pájaro,Vecteezy,antonio_villagomez,b3ddf3e4e8976961422fc85029e208b7fee52f98
antonio_villagomez_img_0041,img_041.jpg,animales,ilustracion_plana_color,256,256,ilustracion estilo tierno donde se observa: koala,Pinterest,antonio_villagomez,ea65d35a6848682072a84185dc42d7a1eb5542bc
antonio_villagomez_img_0042,img_042.jpg,animales,ilustracion_plana_color,256,256,ilustracion estilo tierno donde se observa: gato,Vecteezy,antonio_villagomez,c2b0c72d84d3d6deadd3099f03fa55018977f5c6
antonio_villagomez_img_0043,img_043.jpg,animales,ilustracion_plana_color,256,256,ilustracion estilo tierno donde se observa: león,Pinterest,antonio_villagomez,563c97c1d7fd4d97a835086b06cff1654d83f74b
antonio_villagomez_img_0044,img_044.jpg,animales,ilustracion_plana_color,256,256,ilustracion estilo tierno donde se observa: ratón,Vecteezy,antonio_villagomez,e33c2c27a214d569ffb39206dc9f7c49439215ef
antonio_villagomez_img_0045,img_045.jpg,animales,ilustracion_plana_color,256,256,ilustracion estilo tierno donde se observa: león,Pinterest,antonio_villagomez,768400ae693804b69934fb48619e4a6c5a6ee9d6
antonio_villagomez_img_0046,img_046.jpg,animales,ilustracion_plana_color,256,256,ilustracion estilo tierno donde se observa: conejo,Vecteezy,antonio_villagomez,e0f85048694359e2b67df5fbc3db9ed4055bf05e
antonio_villagomez_img_0047,img_047.jpg,animales,ilustracion_plana_color,256,256,ilustracion estilo tierno donde se observa: panda,Pinterest,antonio_villagomez,429ec3ec6ee6f1cfecc1e1b14d0431a5e03c64b0
antonio_villagomez_img_0048,img_048.jpg,animales,ilustracion_plana_color,256,256,ilustracion estilo tierno donde se observa: león,Vecteezy,antonio_villagomez,a63a371244af69170d3f9e642af6220623d2b0b5
antonio_villagomez_img_0049,img_049.jpg,animales,ilustracion_plana_color,256,256,ilustracion estilo tierno donde se observa: oveja,Pinterest,antonio_villagomez,e1abe7eca3f731383993cc7c5529f72a6f0ab763
antonio_villagomez_img_0050,img_050.jpg,animales,ilustracion_plana_color,512,512,ilustracion estilo tierno donde se observa: ratón,Vecteezy,antonio_villagomez,7a3aa46105a6b3ede5eb9c0bc4b04123a2b7f472
antonio_villagomez_img_0051,img_051.jpg,animales,ilustracion_plana_color,256,256,ilustracion estilo tierno donde se observa: oveja,Pinterest,antonio_villagomez,14db8622caefbce1398829bbbfded4af12ecd97a
antonio_villagomez_img_0052,img_052.jpg,animales,ilustracion_plana_color,256,256,ilustracion estilo tierno donde se observa: león,Vecteezy,antonio_villagomez,409394b365bd535f18a0f69f66e8ae283014223a
antonio_villagomez_img_0053,img_053.jpg,animales,ilustracion_plana_color,256,256,ilustracion estilo tierno donde se observa: pájaro,Pinterest,antonio_villagomez,ccdf9d2c097b7f83cc17b8ee6258b06e2bfdbb1f
antonio_villagomez_img_0054,img_054.jpg,animales,ilustracion_plana_color,256,256,ilustracion estilo tierno donde se observa: rana,Vecteezy,antonio_villagomez,e0f6ec827ad06317d2fc771f71f4ff6623804819
antonio_villagomez_img_0055,img_055.jpg,animales,ilustracion_plana_color,256,256,ilustracion estilo tierno donde se observa: perro,Pinterest,antonio_villagomez,ece5e46714f35eebccbc011bac1b63e0ba92f2e8
antonio_villagomez_img_0056,img_056.jpg,animales,ilustracion_plana_color,256,256,ilustracion estilo tierno donde se observa: pájaro,Vecteezy,antonio_villagomez,59f7dbf0feb53d90df95de354db4b6e05fca4cd5
antonio_villagomez_img_0057,img_057.jpg,animales,ilustracion_plana_color,256,256,ilustracion estilo tierno donde se observa: rana,Pinterest,antonio_villagomez,08d8db3ed053427afbf2c72b8703c5e25fdac765
antonio_villagomez_img_0058,img_058.jpg,animales,ilustracion_plana_color,256,256,ilustracion estilo tierno donde se observa: cerdito,Vecteezy,antonio_villagomez,952e05d1fc2051b888205b3363b005edadfe6c89
antonio_villagomez_img_0059,img_059.jpg,animales,ilustracion_plana_color,256,256,ilustracion estilo tierno donde se observa: oveja,Pinterest,antonio_villagomez,aabda928720291469e2a523dca10160a2a8008af
antonio_villagomez_img_0060,img_060.jpg,animales,ilustracion_plana_color,256,256,ilustracion estilo tierno donde se observa: panda,Vecteezy,antonio_villagomez,031069c8f5a659195dc592308197073910a0070f
antonio_villagomez_img_0061,img_061.jpg,animales,ilustracion_plana_color,256,256,ilustracion estilo tierno donde se observa: conejo,Pinterest,antonio_villagomez,123f4f8b2e36a80b702ba5b0126d194e47245211
antonio_villagomez_img_0062,img_062.jpg,animales,ilustracion_plana_color,256,256,ilustracion estilo tierno donde se observa: pájaro,Vecteezy,antonio_villagomez,0558398d625ee2a39775330b89b95caa7a5b9ca0
antonio_villagomez_img_0063,img_063.jpg,animales,ilustracion_plana_color,256,256,ilustracion estilo tierno donde se observa: rana,Pinterest,antonio_villagomez,4cebf6f780c24a87e8babcce3f5eb38e546b89a8
antonio_villagomez_img_0064,img_064.jpg,animales,ilustracion_plana_color,256,256,ilustracion estilo tierno donde se observa: rana,Vecteezy,antonio_villagomez,3ae93c1c25efd9ce1ae5fcec62b25351032c8bb6
antonio_villagomez_img_0065,img_065.jpg,animales,ilustracion_plana_color,256,256,ilustracion estilo tierno donde se observa: tigre,Pinterest,antonio_villagomez,316d93fecb5d88e3827f83779ff9ff6b47696eae
antonio_villagomez_img_0066,img_066.jpg,animales,ilustracion_plana_color,256,256,ilustracion estilo tierno donde se observa: pájaro,Vecteezy,antonio_villagomez,fe9345d5d70aa5a867e102c0b80539daf34ac0a0
antonio_villagomez_img_0067,img_067.jpg,animales,ilustracion_plana_color,256,256,ilustracion estilo tierno donde se observa: león,Pinterest,antonio_villagomez,d519852d630a1cea13a143ca702af816a55bcc27
antonio_villagomez_img_0068,img_068.jpg,animales,ilustracion_plana_color,256,256,ilustracion estilo tierno donde se observa: ratón,Vecteezy,antonio_villagomez,a2233a4113c9113a6a9f1157a510549b4123f34a
antonio_villagomez_img_0069,img_069.jpg,animales,ilustracion_plana_color,256,256,ilustracion estilo tierno donde se observa: pájaro,Pinterest,antonio_villagomez,e109f25c1d2f68ceae020d4f5e956075b317be3e
antonio_villagomez_img_0070,img_070.jpg,animales,ilustracion_plana_color,256,256,ilustracion estilo tierno donde se observa: oso,Vecteezy,antonio_villagomez,dd3c512b2273e5104ceef829722bff747ad9a8e4
antonio_villagomez_img_0071,img_071.jpg,animales,ilustracion_plana_color,256,256,ilustracion estilo tierno donde se observa: ratón,Pinterest,antonio_villagomez,78ccfc9b0eb547e000a9f6a0d17afec668994f19
antonio_villagomez_img_0072,img_072.jpg,animales,ilustracion_plana_color,512,512,ilustracion estilo tierno donde se observa: conejo,Vecteezy,antonio_villagomez,2774371f41ba7feb4342fe8769800899cac0c82f
antonio_villagomez_img_0073,img_073.jpg,animales,ilustracion_plana_color,256,256,ilustracion estilo tierno donde se observa: oveja,Pinterest,antonio_villagomez,70e13c8334ae09cfcdc65d3f1b760269230c9d1b
antonio_villagomez_img_0074,img_074.jpg,animales,ilustracion_plana_color,256,256,ilustracion estilo tierno donde se observa: rana,Vecteezy,antonio_villagomez,07115b1ae6e856274d3b0076dc726517a5406f15
antonio_villagomez_img_0075,img_075.jpg,animales,ilustracion_plana_color,256,256,ilustracion estilo tierno donde se observa: pájaro,Pinterest,antonio_villagomez,e5692ddc8f17f6da129d1b2bcbacdc4daa07cf7c
antonio_villagomez_img_0076,img_076.jpg,animales,ilustracion_plana_color,256,256,ilustracion estilo tierno donde se observa: tigre,Vecteezy,antonio_villagomez,5ef935910d418be38f55488453f8137a2fb5b8e8
antonio_villagomez_img_0077,img_077.jpg,animales,ilustracion_plana_color,256,256,ilustracion estilo tierno donde se observa: pájaro,Pinterest,antonio_villagomez,8f7bb98c16118fc01a31bcf3e6187d2bf41823ff
antonio_villagomez_img_0078,img_078.jpg,animales,ilustracion_plana_color,256,256,ilustracion estilo tierno donde se observa: pájaro,Vecteezy,antonio_villagomez,4eb02f8ca22b65b1a01085b8d357b3ee472ac304
antonio_villagomez_img_0079,img_079.jpg,animales,ilustracion_plana_color,256,256,ilustracion estilo tierno donde se observa: pájaro,Pinterest,antonio_villagomez,87549ce0503716a386b2c15d7a70205bbc0498da
antonio_villagomez_img_0080,img_080.jpg,animales,ilustracion_plana_color,256,256,ilustracion estilo tierno donde se observa: pájaro,Vecteezy,antonio_villagomez,a2063b8b6006cd551a7955266e051608c7742704
antonio_villagomez_img_0081,img_081.jpg,animales,ilustracion_plana_color,256,256,ilustracion estilo tierno donde se observa: cerdito,Pinterest,antonio_villagomez,dc0bf39f4e98bd36eb29c11ad6c7d5eba81b3bef
antonio_villagomez_img_0082,img_082.jpg,animales,ilustracion_plana_color,256,256,ilustracion estilo tierno donde se observa: pato,Vecteezy,antonio_villagomez,ca4064d975c601f8c9c7ca688be1df9f3484a7d7
antonio_villagomez_img_0083,img_083.jpg,animales,ilustracion_plana_color,512,512,ilustracion estilo tierno donde se observa: conejo,Pinterest,antonio_villagomez,22e35bb7020258ded13c37267f0eb24365863c0e
antonio_villagomez_img_0084,img_084.jpg,animales,ilustracion_plana_color,256,256,ilustracion estilo tierno donde se observa: oso,Vecteezy,antonio_villagomez,33a1a9a8035163d16bf85d0e92333f14bf81f908
antonio_villagomez_img_0085,img_085.jpg,animales,ilustracion_plana_color,256,256,ilustracion estilo tierno donde se observa: conejo,Pinterest,antonio_villagomez,f03422954da5a90e478be3d81c32a45bb4c58875
antonio_villagomez_img_0086,img_086.jpg,animales,ilustracion_plana_color,256,256,ilustracion estilo tierno donde se observa: pato,Vecteezy,antonio_villagomez,489681ef809b92bb906a1b839a73ec6216f10394
antonio_villagomez_img_0087,img_087.jpg,animales,ilustracion_plana_color,256,256,ilustracion estilo tierno donde se observa: ratón,Pinterest,antonio_villagomez,82d2c1a5e2e5d316d917b76f77e248d32d6f43c8
antonio_villagomez_img_0088,img_088.jpg,animales,ilustracion_plana_color,256,256,ilustracion estilo tierno donde se observa: mono,Vecteezy,antonio_villagomez,fb9a6a4252a89bf11f8b5ce5548845d9421834b9
antonio_villagomez_img_0089,img_089.jpg,animales,ilustracion_plana_color,256,256,ilustracion estilo tierno donde se observa: conejo,Pinterest,antonio_villagomez,0fef13c2a9b9af8b860abab7dc22c43d3b9fd1cd
antonio_villagomez_img_0090,img_090.jpg,animales,ilustracion_plana_color,256,256,ilustracion estilo tierno donde se observa: perro,Vecteezy,antonio_villagomez,93fbdebd4e5db78386dcc8a218cfc82a2f078fb7
antonio_villagomez_img_0091,img_091.jpg,animales,ilustracion_plana_color,256,256,ilustracion estilo tierno donde se observa: rana,Pinterest,antonio_villagomez,bf255a72ce3242ce7e4d3e4d0df0c1a584eb9e65
antonio_villagomez_img_0092,img_092.jpg,animales,ilustracion_plana_color,256,256,ilustracion estilo tierno donde se observa: conejo,Vecteezy,antonio_villagomez,8b54bc39028a716bedf2fe71e403e936ab3664d6
antonio_villagomez_img_0093,img_093.jpg,animales,ilustracion_plana_color,256,256,ilustracion estilo tierno donde se observa: león,Pinterest,antonio_villagomez,94c0d4fa2be01571c638aefdd0b674460ad5e4e4
antonio_villagomez_img_0094,img_094.jpg,animales,ilustracion_plana_color,256,256,ilustracion estilo tierno donde se observa: león,Vecteezy,antonio_villagomez,bad772d0445aa9176f31df3efc8cc82a8b54b672
antonio_villagomez_img_0095,img_095.jpg,animales,ilustracion_plana_color,256,256,ilustracion estilo tierno donde se observa: gato,Pinterest,antonio_villagomez,f3f89e73bcbf86546b3a1f1ba564aaa560d40b1e
antonio_villagomez_img_0096,img_096.jpg,animales,ilustracion_plana_color,736,736,ilustracion estilo tierno donde se observa: ratón,Vecteezy,antonio_villagomez,92a3d163a6a44847cbb566c6bee25950e3c7a924
antonio_villagomez_img_0097,img_097.jpg,animales,ilustracion_plana_color,736,736,ilustracion estilo tierno donde se observa: rana,Pinterest,antonio_villagomez,c0a25d829684e1ee10adfc4fb1d4b9729a55f555
antonio_villagomez_img_0098,img_098.jpg,animales,ilustracion_plana_color,400,357,ilustracion estilo tierno donde se observa: mono,Vecteezy,antonio_villagomez,f5cf5c8c29551483744abd25ea546d69d266e534
antonio_villagomez_img_0099,img_099.jpg,animales,ilustracion_plana_color,800,800,ilustracion estilo tierno donde se observa: rana,Pinterest,antonio_villagomez,da8b5a4c9bdcadc98c6c9db5461ee62ab7a2649b
antonio_villagomez_img_0100,img_100.jpg,animales,ilustracion_plana_color,467,696,ilustracion estilo tierno donde se observa: ratón,Vecteezy,antonio_villagomez,ecca1e032818764da069782df76d7148ad61545e
antonio_villagomez_img_0101,img_101.jpg,animales,ilustracion_plana_color,736,736,ilustracion estilo tierno donde se observa: cerdito,Pinterest,antonio_villagomez,4faa41bbb150f8861152d700af8ef50f1f6ac4c8
antonio_villagomez_img_0102,img_102.jpg,animales,ilustracion_plana_color,980,980,ilustracion estilo tierno donde se observa: león,Vecteezy,antonio_villagomez,3bc40d43413af1dba15529b8fcd10698a2460952
antonio_villagomez_img_0103,img_103.jpg,animales,ilustracion_plana_color,736,736,ilustracion estilo tierno donde se observa: cerdito,Pinterest,antonio_villagomez,7854fe68fa9e0c5ed13f6e21dadf42223859d934
antonio_villagomez_img_0104,img_104.jpg,animales,ilustracion_plana_color,736,736,ilustracion estilo tierno donde se observa: panda,Vecteezy,antonio_villagomez,3bf9e59fac94c29d1ac848c2d1a161821e71ce29
antonio_villagomez_img_0105,img_105.jpg,animales,ilustracion_plana_color,736,736,ilustracion estilo tierno donde se observa: ratón,Pinterest,antonio_villagomez,6d1f8c25beb0970dfd659a31fcaec2424d783b88
antonio_villagomez_img_0106,img_106.jpg,animales,ilustracion_plana_color,256,256,ilustracion estilo tierno donde se observa: león,Vecteezy,antonio_villagomez,a323a395d838d27c71362e54224d4b8e67b47b37
antonio_villagomez_img_0107,img_107.jpg,animales,ilustracion_plana_color,736,736,ilustracion estilo tierno donde se observa: oveja,Pinterest,antonio_villagomez,b21c67e7e6c3942b6be75e6d88f989aa81cb94da
antonio_villagomez_img_0108,img_108.jpg,animales,ilustracion_plana_color,736,736,ilustracion estilo tierno donde se observa: león,Vecteezy,antonio_villagomez,040d5e678f4999622146ca0b2dee2130f2d91c47
antonio_villagomez_img_0109,img_109.jpg,animales,ilustracion_plana_color,736,736,ilustracion estilo tierno donde se observa: perro,Pinterest,antonio_villagomez,d1ce053bea69bab628f9746cc25c90253b8eb65b
antonio_villagomez_img_0110,img_110.jpg,animales,ilustracion_plana_color,740,939,ilustracion estilo tierno donde se observa: conejo,Vecteezy,antonio_villagomez,d373017127392aae1e2d972e6ec7db236a771325
antonio_villagomez_img_0111,img_111.jpg,animales,ilustracion_plana_color,689,623,ilustracion estilo tierno donde se observa: ratón,Pinterest,antonio_villagomez,250f9e854485ce63c018324e73757dc5bdc9e7ae
antonio_villagomez_img_0112,img_112.jpg,animales,ilustracion_plana_color,987,1200,ilustracion estilo tierno donde se observa: ratón,Vecteezy,antonio_villagomez,1846ce1d273f9b665fc19c9e5735067df9424178
antonio_villagomez_img_0113,img_113.jpg,animales,ilustracion_plana_color,735,1227,ilustracion estilo tierno donde se observa: oso,Pinterest,antonio_villagomez,16fe5b90bdf316d0a799da625998b03fc620566f
antonio_villagomez_img_0114,img_114.jpg,animales,ilustracion_plana_color,512,512,ilustracion estilo tierno donde se observa: cerdito,Vecteezy,antonio_villagomez,6c6895525b2b179c55395ea8b187328e19abccc2
antonio_villagomez_img_0115,img_115.jpg,animales,ilustracion_plana_color,736,1104,ilustracion estilo tierno donde se observa: mono,Pinterest,antonio_villagomez,f2801e9d6dc9c4b96b08975075369da0cd8f8fe2
antonio_villagomez_img_0116,img_116.jpg,animales,ilustracion_plana_color,792,966,ilustracion estilo tierno donde se observa: mono,Vecteezy,antonio_villagomez,ae155427e86b0fc1d757cc8d7c4a3d8dc4608adb
antonio_villagomez_img_0117,img_117.jpg,animales,ilustracion_plana_color,256,256,ilustracion estilo tierno donde se observa: perro,Pinterest,antonio_villagomez,4711d9ed0d89ce76b0ff3327bc89d24aae32edad
antonio_villagomez_img_0118,img_118.jpg,animales,ilustracion_plana_color,708,1174,ilustracion estilo tierno donde se observa: león,Vecteezy,antonio_villagomez,e36e4b503b6585ec1a55e22473d0e572976b92ce
antonio_villagomez_img_0119,img_119.jpg,animales,ilustracion_plana_color,475,614,ilustracion estilo tierno donde se observa: cerdito,Pinterest,antonio_villagomez,70190f12e74fbe711071b092b4f896df05f89bc2
antonio_villagomez_img_0120,img_120.jpg,animales,ilustracion_plana_color,499,471,ilustracion estilo tierno donde se observa: pájaro,Vecteezy,antonio_villagomez,a487457a656f720bdbfd24265cb383811f495fbc
antonio_villagomez_img_0121,img_121.jpg,animales,ilustracion_plana_color,1200,1110,ilustracion estilo tierno donde se observa: cerdito,Pinterest,antonio_villagomez,eb37500a8e2b2b00c1d6c52525ba4e75238ee5cf
antonio_villagomez_img_0122,img_122.jpg,animales,ilustracion_plana_color,736,736,ilustracion estilo tierno donde se observa: pájaro,Vecteezy,antonio_villagomez,32710024ad6a390e8b2cdff093eb8eb89f756aa5
antonio_villagomez_img_0123,img_123.jpg,animales,ilustracion_plana_color,736,736,ilustracion estilo tierno donde se observa: perro,Pinterest,antonio_villagomez,1d4eb4a0f28b3d4342367ae6161d306cfc101cb1
antonio_villagomez_img_0124,img_124.jpg,animales,ilustracion_plana_color,736,736,ilustracion estilo tierno donde se observa: gato,Vecteezy,antonio_villagomez,532a33f511880e30f3fdcf45bcdda128c4cbdadb
antonio_villagomez_img_0125,img_125.jpg,animales,ilustracion_plana_color,736,736,ilustracion estilo tierno donde se observa: mono,Pinterest,antonio_villagomez,2c4048430334364331f33b7c15285cb19067a2a6
antonio_villagomez_img_0126,img_126.jpg,animales,ilustracion_plana_color,256,256,ilustracion estilo tierno donde se observa: perro,Vecteezy,antonio_villagomez,4e4aa3d9d87806ba1ed2fb7258f0549d1b9412c2
antonio_villagomez_img_0127,img_127.jpg,animales,ilustracion_plana_color,736,736,ilustracion estilo tierno donde se observa: cerdito,Pinterest,antonio_villagomez,56daa1c6e10d03265b73958d94e76e1417649bcc
antonio_villagomez_img_0128,img_128.jpg,animales,ilustracion_plana_color,256,256,ilustracion estilo tierno donde se observa: zorro,Vecteezy,antonio_villagomez,70ea6a94611e80591cd843032a06f56ca873db10
antonio_villagomez_img_0129,img_129.jpg,animales,ilustracion_plana_color,736,736,ilustracion estilo tierno donde se observa: cerdito,Pinterest,antonio_villagomez,a028d18525a1b98051f258dda3a85e627062d500
antonio_villagomez_img_0130,img_130.jpg,animales,ilustracion_plana_color,736,736,ilustracion estilo tierno donde se observa: cerdito,Vecteezy,antonio_villagomez,1ef9c78cb2e21874eae344cc9013bf159a960b66
antonio_villagomez_img_0131,img_131.jpg,animales,ilustracion_plana_color,736,736,ilustracion estilo tierno donde se observa: pájaro,Pinterest,antonio_villagomez,3f34ee2bd975aa30c0480b3020be2d9364cbbbb7
antonio_villagomez_img_0132,img_132.jpg,animales,ilustracion_plana_color,736,736,ilustracion estilo tierno donde se observa: conejo,Vecteezy,antonio_villagomez,76fdc5b5a24731759d215c4ee2b123f09373ed5d
antonio_villagomez_img_0133,img_133.jpg,animales,ilustracion_plana_color,736,736,ilustracion estilo tierno donde se observa: oso,Pinterest,antonio_villagomez,8eabcc8fe03cfaeb6ae479b4fc286a228cc05e79
antonio_villagomez_img_0134,img_134.jpg,animales,ilustracion_plana_color,1200,1200,ilustracion estilo tierno donde se observa: pájaro,Vecteezy,antonio_villagomez,e4392ac8d4ce36d4721c0932f12ddeab49eab898
antonio_villagomez_img_0135,img_135.jpg,animales,ilustracion_plana_color,1200,1200,ilustracion estilo tierno donde se observa: pájaro,Pinterest,antonio_villagomez,55c1e4c0259e75c59dfe5e1d1557652c23279811
antonio_villagomez_img_0136,img_136.jpg,animales,ilustracion_plana_color,736,736,ilustracion estilo tierno donde se observa: pájaro,Vecteezy,antonio_villagomez,9855fc34f6c1dde7f803854bab58958e97beaa92
antonio_villagomez_img_0137,img_137.jpg,animales,ilustracion_plana_color,736,736,ilustracion estilo tierno donde se observa: león,Pinterest,antonio_villagomez,bcaf53286b2c13a1bc5b8bcc35197edb336e39d1
antonio_villagomez_img_0138,img_138.jpg,animales,ilustracion_plana_color,256,256,ilustracion estilo tierno donde se observa: león,Vecteezy,antonio_villagomez,6ebe850b6bbc6e90f0dc870e924f1bf1eca4049c
antonio_villagomez_img_0139,img_139.jpg,animales,ilustracion_plana_color,256,256,ilustracion estilo tierno donde se observa: perro,Pinterest,antonio_villagomez,d9f8d3c9985b82dd61deec8e96723b5c02eb4337
antonio_villagomez_img_0140,img_140.jpg,animales,ilustracion_plana_color,1024,1024,ilustracion estilo tierno donde se observa: oveja,Vecteezy,antonio_villagomez,6288060070d1008739d9770024c1fab160232859
antonio_villagomez_img_0141,img_141.jpg,animales,ilustracion_plana_color,1024,1024,ilustracion estilo tierno donde se observa: ratón,Pinterest,antonio_villagomez,3376697e9307db37264112fb7eb5a76686c9f607
antonio_villagomez_img_0142,img_142.jpg,animales,ilustracion_plana_color,736,736,ilustracion estilo tierno donde se observa: koala,Vecteezy,antonio_villagomez,30c7e84add67354ec7946ededab4ba0787dc0ea2
antonio_villagomez_img_0143,img_143.jpg,animales,ilustracion_plana_color,1039,1200,ilustracion estilo tierno donde se observa: zorro,Pinterest,antonio_villagomez,fb090efda711d9f512ffa648945990a3740f64ec
antonio_villagomez_img_0144,img_144.jpg,animales,ilustracion_plana_color,261,303,ilustracion estilo tierno donde se observa: oso,Vecteezy,antonio_villagomez,cad54f03300d6f13e4e74154a42966e94d548b8d
antonio_villagomez_img_0145,img_145.jpg,animales,ilustracion_plana_color,600,420,ilustracion estilo tierno donde se observa: oveja,Pinterest,antonio_villagomez,135e4b91b55ad784927fe8dcffe6ff91f9841ba8
antonio_villagomez_img_0146,img_146.jpg,animales,ilustracion_plana_color,600,420,ilustracion estilo tierno donde se observa: león,Vecteezy,antonio_villagomez,f521c19dc8b7143da45a23b867a32fff317cfc35
antonio_villagomez_img_0147,img_147.jpg,animales,ilustracion_plana_color,600,420,ilustracion estilo tierno donde se observa: león,Pinterest,antonio_villagomez,7d40f70723ef8641ea817f3d1f81780b76136540
antonio_villagomez_img_0148,img_148.jpg,animales,ilustracion_plana_color,600,420,ilustracion estilo tierno donde se observa: león,Vecteezy,antonio_villagomez,d7d2fb10f07c54e78653431928b2fd5f6145aaf8
antonio_villagomez_img_0149,img_149.jpg,animales,ilustracion_plana_color,600,420,ilustracion estilo tierno donde se observa: oveja,Pinterest,antonio_villagomez,a2a69e35377ecb6af8a00c0264f00b26aa20045a
antonio_villagomez_img_0150,img_150.jpg,animales,ilustracion_plana_color,256,256,ilustracion estilo tierno donde se observa: cerdito,Vecteezy,antonio_villagomez,6b44b78759c36ee88631ac659fa40b96e465a510
antonio_villagomez_img_0151,img_151.jpg,animales,ilustracion_plana_color,222,235,ilustracion estilo tierno donde se observa: oveja,Pinterest,antonio_villagomez,537a9e3901b33f878937780a9ebc9f7878d1f4a2
antonio_villagomez_img_0152,img_152.jpg,animales,ilustracion_plana_color,600,420,ilustracion estilo tierno donde se observa: oveja,Vecteezy,antonio_villagomez,c57b0243fb3d27bbeec88e2627fa18f8ee8b5901
antonio_villagomez_img_0153,img_153.jpg,animales,ilustracion_plana_color,600,420,ilustracion estilo tierno donde se observa: perro,Pinterest,antonio_villagomez,7d581fcbb3cec77b5edec6e8e9ac287e55e4527b
antonio_villagomez_img_0154,img_154.jpg,animales,ilustracion_plana_color,750,757,ilustracion estilo tierno donde se observa: perro,Vecteezy,antonio_villagomez,862f6b8c3f9e3c97cce0c7af7e33a15ea355a9ee
antonio_villagomez_img_0155,img_155.jpg,animales,ilustracion_plana_color,1107,844,ilustracion estilo tierno donde se observa: león,Pinterest,antonio_villagomez,21138ff6291a12b82ec8625b15dd46ff0238439d
antonio_villagomez_img_0156,img_156.jpg,animales,ilustracion_plana_color,250,300,ilustracion estilo tierno donde se observa: león,Vecteezy,antonio_villagomez,7c3fbdfa47411e691c9d9171b19fa9d9136063a3
antonio_villagomez_img_0157,img_157.jpg,animales,ilustracion_plana_color,768,1344,ilustracion estilo tierno donde se observa: ratón,Pinterest,antonio_villagomez,126cf59fb85523df47759b3dcdfbfe1e54f2bb71
antonio_villagomez_img_0158,img_158.jpg,animales,ilustracion_plana_color,768,1344,ilustracion estilo tierno donde se observa: panda,Vecteezy,antonio_villagomez,d927211c85c10e544f9688bef24a326c454f1113
antonio_villagomez_img_0159,img_159.jpg,animales,ilustracion_plana_color,768,1344,ilustracion estilo tierno donde se observa: ratón,Pinterest,antonio_villagomez,e73779b3c4acbc756adf442e014c4284172700d0
antonio_villagomez_img_0160,img_160.jpg,animales,ilustracion_plana_color,700,700,ilustracion estilo tierno donde se observa: ratón,Vecteezy,antonio_villagomez,e98a81b649e8ed0f9d769379924e6108eb50aa73
antonio_villagomez_img_0161,img_161.jpg,animales,ilustracion_plana_color,256,256,ilustracion estilo tierno donde se observa: león,Pinterest,antonio_villagomez,0ac9e24c1130be6f685e9ea7e4e59d63f1058a5e
antonio_villagomez_img_0162,img_162.jpg,animales,ilustracion_plana_color,640,640,ilustracion estilo tierno donde se observa: ratón,Vecteezy,antonio_villagomez,73586a07ec82b577a15aa0cb81df195f6b97839b
antonio_villagomez_img_0163,img_163.jpg,animales,ilustracion_plana_color,852,980,ilustracion estilo tierno donde se observa: cerdito,Pinterest,antonio_villagomez,e3b39e3a724fe81832498c71a7291a09290ca647
antonio_villagomez_img_0164,img_164.jpg,animales,ilustracion_plana_color,600,601,ilustracion estilo tierno donde se observa: ratón,Vecteezy,antonio_villagomez,56a1aa09aa0c9edc8a7769b6661adcbf3f59293d
antonio_villagomez_img_0165,img_165.jpg,animales,ilustracion_plana_color,300,300,ilustracion estilo tierno donde se observa: perro,Pinterest,antonio_villagomez,85c9295d6cfed1f649c97e990a90d594836feb5e
antonio_villagomez_img_0166,img_166.jpg,animales,ilustracion_plana_color,500,500,ilustracion estilo tierno donde se observa: pato,Vecteezy,antonio_villagomez,92f58059915b30d3c96e1cb94000085ac4f7a6d5
antonio_villagomez_img_0167,img_167.jpg,animales,ilustracion_plana_color,980,980,ilustracion estilo tierno donde se observa: león,Pinterest,antonio_villagomez,7792e4116150f6fa6febf849d8dcd1d232a478ce
antonio_villagomez_img_0168,img_168.jpg,animales,ilustracion_plana_color,225,269,ilustracion estilo tierno donde se observa: tigre,Vecteezy,antonio_villagomez,9bf3f5a756047efa66283b6cf80eba7c73a9698d
antonio_villagomez_img_0169,img_169.jpg,animales,ilustracion_plana_color,736,422,ilustracion estilo tierno donde se observa: león,Pinterest,antonio_villagomez,60b7ae78ad348383f1146be061d249f991dd8ee3
antonio_villagomez_img_0170,img_170.jpg,animales,ilustracion_plana_color,298,298,ilustracion estilo tierno donde se observa: rana,Vecteezy,antonio_villagomez,501c4c2d5878c40f2c8f415ee87de01b06cef97a
antonio_villagomez_img_0171,img_171.jpg,animales,ilustracion_plana_color,200,200,ilustracion estilo tierno donde se observa: gato,Pinterest,antonio_villagomez,3bd2cead814f9a3286c17af033d3f4d8e2507394
antonio_villagomez_img_0172,img_172.jpg,animales,ilustracion_plana_color,256,256,ilustracion estilo tierno donde se observa: ratón,Vecteezy,antonio_villagomez,caad5e623213bec8fb8e6462cd4a41548511a487
antonio_villagomez_img_0173,img_173.jpg,animales,ilustracion_plana_color,768,1344,ilustracion estilo tierno donde se observa: zorro,Pinterest,antonio_villagomez,8f8d10512a25144de5bfa0a0b94e62ce7d1714ab
antonio_villagomez_img_0174,img_174.jpg,animales,ilustracion_plana_color,768,1344,ilustracion estilo tierno donde se observa: gato,Vecteezy,antonio_villagomez,e628c64292d38cfd93a65af2a9dbba19edc29bdd
antonio_villagomez_img_0175,img_175.jpg,animales,ilustracion_plana_color,924,980,ilustracion estilo tierno donde se observa: cerdito,Pinterest,antonio_villagomez,51636017166b4400e581d210d2bc931d4628bb9e
antonio_villagomez_img_0176,img_176.jpg,animales,ilustracion_plana_color,980,980,ilustracion estilo tierno donde se observa: tigre,Vecteezy,antonio_villagomez,1630b322f38c61f1b4bd1ae850dc618e3200044e
antonio_villagomez_img_0177,img_177.jpg,animales,ilustracion_plana_color,473,283,ilustracion estilo tierno donde se observa: pato,Pinterest,antonio_villagomez,93376bd9f7cf53d3b9b9f5f6a01b26cfd627a951
antonio_villagomez_img_0178,img_178.jpg,animales,ilustracion_plana_color,554,405,ilustracion estilo tierno donde se observa: pato,Vecteezy,antonio_villagomez,c73f7bc508822960f563b5fd16f6d17afb7e4d74
antonio_villagomez_img_0179,img_179.jpg,animales,ilustracion_plana_color,995,1000,ilustracion estilo tierno donde se observa: conejo,Pinterest,antonio_villagomez,7465b7d91890a10dd10ba8013f7994d4366159f9
antonio_villagomez_img_0180,img_180.jpg,animales,ilustracion_plana_color,1063,846,ilustracion estilo tierno donde se observa: perro,Vecteezy,antonio_villagomez,9c5f7f8a2c4665c03308a31a09d9a08bf06cfc13
antonio_villagomez_img_0181,img_181.jpg,animales,ilustracion_plana_color,1080,591,ilustracion estilo tierno donde se observa: rana,Pinterest,antonio_villagomez,a0fd1748fb76218e2498eda9ada234552df88f0c
antonio_villagomez_img_0182,img_182.jpg,animales,ilustracion_plana_color,450,430,ilustracion estilo tierno donde se observa: tigre,Vecteezy,antonio_villagomez,3649b67a2cc5d0b4a59d0b310add1614cc223daf
antonio_villagomez_img_0183,img_183.jpg,animales,ilustracion_plana_color,1024,1024,ilustracion estilo tierno donde se observa: conejo,Pinterest,antonio_villagomez,610f59d93aaa5673ebad8c5ef7f5cc6959584da4
antonio_villagomez_img_0184,img_184.jpg,animales,ilustracion_plana_color,450,448,ilustracion estilo tierno donde se observa: oveja,Vecteezy,antonio_villagomez,5da6a50603bec5a4750a6056d23dc0d995c114d0
antonio_villagomez_img_0185,img_185.jpg,animales,ilustracion_plana_color,888,735,ilustracion estilo tierno donde se observa: pájaro,Pinterest,antonio_villagomez,01ff0fd110788091460390a6caa4e645fb2c5f6b
antonio_villagomez_img_0186,img_186.jpg,animales,ilustracion_plana_color,800,800,ilustracion estilo tierno donde se observa: rana,Vecteezy,antonio_villagomez,b4ad661830ff5bd3d05f139eeea5db76adbba653
antonio_villagomez_img_0187,img_187.jpg,animales,ilustracion_plana_color,980,980,ilustracion estilo tierno donde se observa: conejo,Pinterest,antonio_villagomez,5cb0c47f16c8caf55ab59474affa6541e060a191
antonio_villagomez_img_0188,img_188.jpg,animales,ilustracion_plana_color,512,512,ilustracion estilo tierno donde se observa: gato,Vecteezy,antonio_villagomez,8c3233e83870daadd5f6f3fb6a210570ae77b294
antonio_villagomez_img_0189,img_189.jpg,animales,ilustracion_plana_color,512,512,ilustracion estilo tierno donde se observa: cerdito,Pinterest,antonio_villagomez,47e6e58daead4cd11eed2ba656ffca721d8575e9
antonio_villagomez_img_0190,img_190.jpg,animales,ilustracion_plana_color,256,256,ilustracion estilo tierno donde se observa: perro,Vecteezy,antonio_villagomez,30d70b5e9396bebede0ad13372f9d17a8a0227df
antonio_villagomez_img_0191,img_191.jpg,animales,ilustracion_plana_color,512,512,ilustracion estilo tierno donde se observa: tigre,Pinterest,antonio_villagomez,7d6f09a7afa6160dbd6f1c54ea1eaa69945f222a
antonio_villagomez_img_0192,img_192.jpg,animales,ilustracion_plana_color,1199,876,ilustracion estilo tierno donde se observa: pato,Vecteezy,antonio_villagomez,91af61cf2d8fd8a30ea9b4b7b8ccf39ca31e0cc6
antonio_villagomez_img_0193,img_193.jpg,animales,ilustracion_plana_color,1199,897,ilustracion estilo tierno donde se observa: gato,Pinterest,antonio_villagomez,20c00088bddd436c488268c5b3db9dd094d6d1c2
antonio_villagomez_img_0194,img_194.jpg,animales,ilustracion_plana_color,256,256,ilustracion estilo tierno donde se observa: rana,Vecteezy,antonio_villagomez,dd05e44a7411861b91e652030c874861614bfa4d
antonio_villagomez_img_0195,img_195.jpg,animales,ilustracion_plana_color,340,340,ilustracion estilo tierno donde se observa: pato,Pinterest,antonio_villagomez,e8fa80d752674e19f8c3cf60b1547df082cf8bde
antonio_villagomez_img_0196,img_196.jpg,animales,ilustracion_plana_color,1200,750,ilustracion estilo tierno donde se observa: perro,Vecteezy,antonio_villagomez,579a0efe0959013dfaa8d7a133c9ba85db90d7f0
antonio_villagomez_img_0197,img_197.jpg,animales,ilustracion_plana_color,980,980,ilustracion estilo tierno donde se observa: tigre,Pinterest,antonio_villagomez,c5dc376692e739351ab6994f8bb23b0641f3b3b8
antonio_villagomez_img_0198,img_198.jpg,animales,ilustracion_plana_color,980,980,ilustracion estilo tierno donde se observa: perro,Vecteezy,antonio_villagomez,829cb2c34b530fd574428aadaaa13d33eaa4b828
antonio_villagomez_img_0199,img_199.jpg,animales,ilustracion_plana_color,415,457,ilustracion estilo tierno donde se observa: cerdito,Pinterest,antonio_villagomez,46dd0456b1f38d863e41a2f53dcb8567f1bfc186
antonio_villagomez_img_0200,img_200.jpg,animales,ilustracion_plana_color,1199,1410,ilustracion estilo tierno donde se observa: perro,Vecteezy,antonio_villagomez,031bd031f28543a9318d7f082e12a53935fd5cbd
antonio_villagomez_img_0201,img_201.jpg,animales,ilustracion_plana_color,256,207,ilustracion estilo tierno donde se observa: ratón,Pinterest,antonio_villagomez,051be7c9c093b30bd06626ec018ccbfcb9caf603
antonio_villagomez_img_0202,img_202.jpg,animales,ilustracion_plana_color,256,209,ilustracion estilo tierno donde se observa: oveja,Vecteezy,antonio_villagomez,35bd2a9efd62ebb9f5757a9c4868a031b2a5ef8a
antonio_villagomez_img_0203,img_203.jpg,animales,ilustracion_plana_color,256,209,ilustracion estilo tierno donde se observa: oveja,Pinterest,antonio_villagomez,dfb44efeeb316841175404963a298fc9252c8e6e
antonio_villagomez_img_0204,img_204.jpg,animales,ilustracion_plana_color,256,207,ilustracion estilo tierno donde se observa: zorro,Vecteezy,antonio_villagomez,6a9464e9e0ceee0c6b8622884bca3a5041d7c63e
antonio_villagomez_img_0205,img_205.jpg,animales,ilustracion_plana_color,256,256,ilustracion estilo tierno donde se observa: rana,Pinterest,antonio_villagomez,0b2c75e81000d5bb626854aaccd68d6cb21429fc
antonio_villagomez_img_0206,img_206.jpg,animales,ilustracion_plana_color,256,209,ilustracion estilo tierno donde se observa: pájaro,Vecteezy,antonio_villagomez,d966853db04e1f7d3dbca19cf2c14575f8065e89
antonio_villagomez_img_0207,img_207.jpg,animales,ilustracion_plana_color,256,256,ilustracion estilo tierno donde se observa: koala,Pinterest,antonio_villagomez,05bcbe9c100321a6360e01ea39cb9dfd04fe660a
antonio_villagomez_img_0208,img_208.jpg,animales,ilustracion_plana_color,256,256,ilustracion estilo tierno donde se observa: oso,Vecteezy,antonio_villagomez,566668a8bd8ee124023eb17ec935e114827681cb
antonio_villagomez_img_0209,img_209.jpg,animales,ilustracion_plana_color,256,256,ilustracion estilo tierno donde se observa: pájaro,Pinterest,antonio_villagomez,4ad10f7eb19498911f68aecab6a19bfabfce32fe
antonio_villagomez_img_0210,img_210.jpg,animales,ilustracion_plana_color,256,256,ilustracion estilo tierno donde se observa: pájaro,Vecteezy,antonio_villagomez,2d115760a3a2e21ff96c97ce33448e5e923740f7
antonio_villagomez_img_0211,img_211.jpg,animales,ilustracion_plana_color,517,607,ilustracion estilo tierno donde se observa: perro,Pinterest,antonio_villagomez,8530cbee637b5c49760c8894ae430e9432ebdc05
antonio_villagomez_img_0212,img_212.jpg,animales,ilustracion_plana_color,352,443,ilustracion estilo tierno donde se observa: perro,Vecteezy,antonio_villagomez,b709837c862d4f8043ce8de939c262eb4a32145a
antonio_villagomez_img_0213,img_213.jpg,animales,ilustracion_plana_color,550,520,ilustracion estilo tierno donde se observa: ratón,Pinterest,antonio_villagomez,0046c03020cd0978a40657e1aeba208b629c4528
antonio_villagomez_img_0214,img_214.jpg,animales,ilustracion_plana_color,513,626,ilustracion estilo tierno donde se observa: cerdito,Vecteezy,antonio_villagomez,234a5fe5766567589c56897969d857ee922c7c64
antonio_villagomez_img_0215,img_215.jpg,animales,ilustracion_plana_color,750,760,ilustracion estilo tierno donde se observa: zorro,Pinterest,antonio_villagomez,277a1ee76c1e4f58a5159a5df3857c4f10e62783
antonio_villagomez_img_0216,img_216.jpg,animales,ilustracion_plana_color,256,256,ilustracion estilo tierno donde se observa: pájaro,Vecteezy,antonio_villagomez,0590de67f4bfed0f3803ddea5faad44ef25c4d54
antonio_villagomez_img_0217,img_217.jpg,animales,ilustracion_plana_color,256,256,ilustracion estilo tierno donde se observa: rana,Pinterest,antonio_villagomez,13a09d84b2002e82487400dc6a0ac571df257564
antonio_villagomez_img_0218,img_218.jpg,animales,ilustracion_plana_color,256,256,ilustracion estilo tierno donde se observa: mono,Vecteezy,antonio_villagomez,4e182c53bd4bac5d4614e7e198ea270c208b795b
antonio_villagomez_img_0219,img_219.jpg,animales,ilustracion_plana_color,256,256,ilustracion estilo tierno donde se observa: león,Pinterest,antonio_villagomez,3d44a857ff73b890e5de5af93b853e0e793fe627
antonio_villagomez_img_0220,img_220.jpg,animales,ilustracion_plana_color,256,256,ilustracion estilo tierno donde se observa: mono,Vecteezy,antonio_villagomez,ba2efb94a79c139e8c5bac0b66246c028faa2c00
antonio_villagomez_img_0221,img_221.jpg,animales,ilustracion_plana_color,256,256,ilustracion estilo tierno donde se observa: rana,Pinterest,antonio_villagomez,77e92563b150558a1bc85962c6b24cb2e86c48f7
antonio_villagomez_img_0222,img_222.jpg,animales,ilustracion_plana_color,256,256,ilustracion estilo tierno donde se observa: perro,Vecteezy,antonio_villagomez,edc56c5ed30acf68f74d0adc00196df67b237e92
antonio_villagomez_img_0223,img_223.jpg,animales,ilustracion_plana_color,256,256,ilustracion estilo tierno donde se observa: pájaro,Pinterest,antonio_villagomez,b037265945419cebc3ca42aa16d5a734416a44c5
antonio_villagomez_img_0224,img_224.jpg,animales,ilustracion_plana_color,736,1041,ilustracion estilo tierno donde se observa: conejo,Vecteezy,antonio_villagomez,85fcf64b9bd4b0a6036823a4f797fbea7ab585ae
antonio_villagomez_img_0225,img_225.png,animales,ilustracion_plana_color,450,450,ilustracion estilo tierno donde se observa: zorro,Pinterest,antonio_villagomez,b4fa06649202d69974c9d54da0e8a728b883232f
antonio_villagomez_img_0226,img_226.jpg,animales,ilustracion_plana_color,455,606,ilustracion estilo tierno donde se observa: conejo,Vecteezy,antonio_villagomez,a47005b71d068a5f7e50300e0d0e5713b2bab958
antonio_villagomez_img_0227,img_227.jpg,animales,ilustracion_plana_color,256,256,ilustracion estilo tierno donde se observa: zorro,Pinterest,antonio_villagomez,c3189cfc07a46e88fa6fa38fa73645ffc3158ae9
antonio_villagomez_img_0228,img_228.jpg,animales,ilustracion_plana_color,256,256,ilustracion estilo tierno donde se observa: conejo,Vecteezy,antonio_villagomez,3baa81fbeedd9e876ef7ae1c6c9697c2eb0ee92c
antonio_villagomez_img_0229,img_229.jpg,animales,ilustracion_plana_color,256,256,ilustracion estilo tierno donde se observa: pájaro,Pinterest,antonio_villagomez,e1d7159cb7840ffa8f97bbdf5ca613c0e8238580
antonio_villagomez_img_0230,img_230.jpg,animales,ilustracion_plana_color,256,256,ilustracion estilo tierno donde se observa: oso,Vecteezy,antonio_villagomez,b67fb1b331fb83a0f97b0704edbd8d0f0ed8f120
antonio_villagomez_img_0231,img_231.jpg,animales,ilustracion_plana_color,256,256,ilustracion estilo tierno donde se observa: pájaro,Pinterest,antonio_villagomez,eff116d8436ba133d506da0a5e66fe7cddc61372
antonio_villagomez_img_0232,img_232.jpg,animales,ilustracion_plana_color,256,256,ilustracion estilo tierno donde se observa: perro,Vecteezy,antonio_villagomez,93108c3c26fd54ad78b2cd8d8a6afea87216a6ea
antonio_villagomez_img_0233,img_233.jpg,animales,ilustracion_plana_color,256,256,ilustracion estilo tierno donde se observa: rana,Pinterest,antonio_villagomez,d6257c6b7b04f6f257ab8e405b776b8ea8d59a7d
antonio_villagomez_img_0234,img_234.jpg,animales,ilustracion_plana_color,256,256,ilustracion estilo tierno donde se observa: rana,Vecteezy,antonio_villagomez,860869fbbdbc0e094308f883b0d8594dbfe1ba00
antonio_villagomez_img_0235,img_235.jpg,animales,ilustracion_plana_color,256,256,ilustracion estilo tierno donde se observa: oveja,Pinterest,antonio_villagomez,dd393fe9fde1e027f00f9ac0607bb78beff90310
antonio_villagomez_img_0236,img_236.jpg,animales,ilustracion_plana_color,256,256,ilustracion estilo tierno donde se observa: ratón,Vecteezy,antonio_villagomez,3427e0dfea7ee858e63f1bd604655c6aa09654fe
antonio_villagomez_img_0237,img_237.jpg,animales,ilustracion_plana_color,256,256,ilustracion estilo tierno donde se observa: pájaro,Pinterest,antonio_villagomez,5559afff39611a86319c5e41a4ba00ddc2991528
antonio_villagomez_img_0238,img_238.jpg,animales,ilustracion_plana_color,256,256,ilustracion estilo tierno donde se observa: perro,Vecteezy,antonio_villagomez,7f7d11d2b1b2648df6dbfc9d73ca3c2ba059a0df
antonio_villagomez_img_0239,img_239.jpg,animales,ilustracion_plana_color,256,256,ilustracion estilo tierno donde se observa: rana,Pinterest,antonio_villagomez,7e3639ace8616fa9ed2814c557694e496a9c6839
antonio_villagomez_img_0240,img_240.jpg,animales,ilustracion_plana_color,256,256,ilustracion estilo tierno donde se observa: oveja,Vecteezy,antonio_villagomez,8d53a6ca86207045140bd485b1166de1d942fd13
antonio_villagomez_img_0241,img_241.jpg,animales,ilustracion_plana_color,256,256,ilustracion estilo tierno donde se observa: perro,Pinterest,antonio_villagomez,e8c30ce96c517dac40b4fa451c01568968d0f2a8
antonio_villagomez_img_0242,img_242.jpg,animales,ilustracion_plana_color,256,256,ilustracion estilo tierno donde se observa: pájaro,Vecteezy,antonio_villagomez,0403979a9c89d4d5845099bd6bf95df534661bcc
antonio_villagomez_img_0243,img_243.jpg,animales,ilustracion_plana_color,256,256,ilustracion estilo tierno donde se observa: conejo,Pinterest,antonio_villagomez,ae697826c380d5eabbc705f110e2a634f5a07d24
antonio_villagomez_img_0244,img_244.jpg,animales,ilustracion_plana_color,256,256,ilustracion estilo tierno donde se observa: pájaro,Vecteezy,antonio_villagomez,f3ed62f9450e768d76f53ccd75f6796f59b7beae
antonio_villagomez_img_0245,img_245.jpg,animales,ilustracion_plana_color,256,256,ilustracion estilo tierno donde se observa: gato,Pinterest,antonio_villagomez,4d87b6605e018ff94709aa3642035cb1c8cc0be5
antonio_villagomez_img_0246,img_246.jpg,animales,ilustracion_plana_color,256,256,ilustracion estilo tierno donde se observa: conejo,Vecteezy,antonio_villagomez,512077e8feb14f26b730e5de4b91a2ef222c5265
antonio_villagomez_img_0247,img_247.jpg,animales,ilustracion_plana_color,256,256,ilustracion estilo tierno donde se observa: pájaro,Pinterest,antonio_villagomez,7a054192d9e1f37ee936d077a2cc56fc9e2f5d2f
antonio_villagomez_img_0248,img_248.jpg,animales,ilustracion_plana_color,256,256,ilustracion estilo tierno donde se observa: rana,Vecteezy,antonio_villagomez,dcce889d89e549f490e85eed378a6559d2016327
antonio_villagomez_img_0249,img_249.jpg,animales,ilustracion_plana_color,256,256,ilustracion estilo tierno donde se observa: conejo,Pinterest,antonio_villagomez,88ebe04608a59a27003ab21fc0c82d9973dfe809
antonio_villagomez_img_0250,img_250.jpg,animales,ilustracion_plana_color,256,256,ilustracion estilo tierno donde se observa: oso,Vecteezy,antonio_villagomez,8d46735f6fe58036353698b5fa6d07bc8f119717
antonio_villagomez_img_0251,img_251.jpg,animales,ilustracion_plana_color,256,256,ilustracion estilo tierno donde se observa: rana,Pinterest,antonio_villagomez,e36cf1f3f1237711e1e4a9bb2d58ef52be32a107
antonio_villagomez_img_0252,img_252.jpg,animales,ilustracion_plana_color,256,256,ilustracion estilo tierno donde se observa: conejo,Vecteezy,antonio_villagomez,0a1b66e05ff42f7fb8a48ee698bf320f95021111
antonio_villagomez_img_0253,img_253.jpg,animales,ilustracion_plana_color,256,256,ilustracion estilo tierno donde se observa: gato,Pinterest,antonio_villagomez,62c513338e17a68b1021f8c7578c60e6287c6d2b
antonio_villagomez_img_0254,img_254.jpg,animales,ilustracion_plana_color,256,256,ilustracion estilo tierno donde se observa: conejo,Vecteezy,antonio_villagomez,3ef55e929ad6adbb1c6f4b2299ec638ddeba25c6
antonio_villagomez_img_0255,img_255.jpg,animales,ilustracion_plana_color,256,256,ilustracion estilo tierno donde se observa: zorro,Pinterest,antonio_villagomez,e0deee2e13d532460cfffbae7d396258cc472178
antonio_villagomez_img_0256,img_256.jpg,animales,ilustracion_plana_color,256,256,ilustracion estilo tierno donde se observa: oso,Vecteezy,antonio_villagomez,413e7dea35c1adeac176ec8b8baaa6bad1a90d99
antonio_villagomez_img_0257,img_257.jpg,animales,ilustracion_plana_color,256,256,ilustracion estilo tierno donde se observa: rana,Pinterest,antonio_villagomez,24a8c4951b89fdbdb4d2cfe7e43bad0e48ae1006
antonio_villagomez_img_0258,img_258.jpg,animales,ilustracion_plana_color,951,980,ilustracion estilo tierno donde se observa: pájaro,Vecteezy,antonio_villagomez,6ddc1120433076e70bf7fcdb4a51a63865bb8269
antonio_villagomez_img_0259,img_259.jpg,animales,ilustracion_plana_color,256,256,ilustracion estilo tierno donde se observa: zorro,Pinterest,antonio_villagomez,a64577df808511314363f2016f87effa07656220
antonio_villagomez_img_0260,img_260.jpg,animales,ilustracion_plana_color,256,256,ilustracion estilo tierno donde se observa: pájaro,Vecteezy,antonio_villagomez,ddd19c671ae99969f2fe86e6c39c97179dd77bfa
antonio_villagomez_img_0261,img_261.jpg,animales,ilustracion_plana_color,256,256,ilustracion estilo tierno donde se observa: cerdito,Pinterest,antonio_villagomez,5daa08693042145e2dbe7806ba70a16045edc1c3
antonio_villagomez_img_0262,img_262.jpg,animales,ilustracion_plana_color,256,256,ilustracion estilo tierno donde se observa: perro,Vecteezy,antonio_villagomez,08f7329549b4722e4b3cc4c9497cd04dab6670cc
antonio_villagomez_img_0263,img_263.jpg,animales,ilustracion_plana_color,256,256,ilustracion estilo tierno donde se observa: oveja,Pinterest,antonio_villagomez,e7df1ccde8fdafc2d5d457091cc097b7efed076f
antonio_villagomez_img_0264,img_264.jpg,animales,ilustracion_plana_color,256,256,ilustracion estilo tierno donde se observa: león,Vecteezy,antonio_villagomez,50296e2a28366ea98d2153e2228249bef1558c26
antonio_villagomez_img_0265,img_265.jpg,animales,ilustracion_plana_color,256,256,ilustracion estilo tierno donde se observa: perro,Pinterest,antonio_villagomez,1652923a592cf996343f48ec8da6d34c1c27ecb4
antonio_villagomez_img_0266,img_266.jpg,animales,ilustracion_plana_color,256,256,ilustracion estilo tierno donde se observa: pájaro,Vecteezy,antonio_villagomez,73fe032818973804f287dad39565373e97ebab6a
antonio_villagomez_img_0267,img_267.jpg,animales,ilustracion_plana_color,256,256,ilustracion estilo tierno donde se observa: tigre,Pinterest,antonio_villagomez,e1abcaa2919d9e638379d008fcf87576b1824cfa
antonio_villagomez_img_0268,img_268.jpg,animales,ilustracion_plana_color,256,256,ilustracion estilo tierno donde se observa: oveja,Vecteezy,antonio_villagomez,faf6663ecfe4935b1430a17424d378ccbd0b57f6
antonio_villagomez_img_0269,img_269.jpg,animales,ilustracion_plana_color,512,512,ilustracion estilo tierno donde se observa: pájaro,Pinterest,antonio_villagomez,2145e1dc2b47d372cb1dfe68ed68b90e353da8c2
antonio_villagomez_img_0270,img_270.jpg,animales,ilustracion_plana_color,256,256,ilustracion estilo tierno donde se observa: tigre,Vecteezy,antonio_villagomez,fa193d392d6a02693d24d8544bf2cf417c93f6f2
antonio_villagomez_img_0271,img_271.jpg,animales,ilustracion_plana_color,256,256,ilustracion estilo tierno donde se observa: oso,Pinterest,antonio_villagomez,0d1447a7876dfb3f7947605c7e402aae827f05b0
antonio_villagomez_img_0272,img_272.jpg,animales,ilustracion_plana_color,256,256,ilustracion estilo tierno donde se observa: zorro,Vecteezy,antonio_villagomez,745b65cbd8a4f8f6e7ad9965a945683b131fceb7
antonio_villagomez_img_0273,img_273.jpg,animales,ilustracion_plana_color,256,256,ilustracion estilo tierno donde se observa: oveja,Pinterest,antonio_villagomez,ca0929fc6ef9cec6280072386d2bd750fe2df6af
antonio_villagomez_img_0274,img_274.jpg,animales,ilustracion_plana_color,256,256,ilustracion estilo tierno donde se observa: león,Vecteezy,antonio_villagomez,0483817297c42999638a8337044b14d7a34370bf
antonio_villagomez_img_0275,img_275.jpg,animales,ilustracion_plana_color,256,256,ilustracion estilo tierno donde se observa: oveja,Pinterest,antonio_villagomez,73b0ce31d749b7ef03e0b63fa077e793dd42ddf7
antonio_villagomez_img_0276,img_276.jpg,animales,ilustracion_plana_color,256,256,ilustracion estilo tierno donde se observa: león,Vecteezy,antonio_villagomez,e64c2af006c9d471e01edda69fadd6ccafe65387
antonio_villagomez_img_0277,img_277.jpg,animales,ilustracion_plana_color,256,256,ilustracion estilo tierno donde se observa: perro,Pinterest,antonio_villagomez,55c02cd728404ac950f2a6a9901f9e3f40b437b7
antonio_villagomez_img_0278,img_278.jpg,animales,ilustracion_plana_color,256,256,ilustracion estilo tierno donde se observa: panda,Vecteezy,antonio_villagomez,49845cc327a511ddfd00c81f981732ae90fd47d0
antonio_villagomez_img_0279,img_279.jpg,animales,ilustracion_plana_color,256,256,ilustracion estilo tierno donde se observa: pájaro,Pinterest,antonio_villagomez,6a37edf5515b992a91a5ce71cd3b3713c7436d43
antonio_villagomez_img_0280,img_280.jpg,animales,ilustracion_plana_color,512,512,ilustracion estilo tierno donde se observa: pájaro,Vecteezy,antonio_villagomez,9ded4946cb08f5079fcfe7937fb8ec765dd8504f
antonio_villagomez_img_0281,img_281.jpg,animales,ilustracion_plana_color,256,256,ilustracion estilo tierno donde se observa: león,Pinterest,antonio_villagomez,95dc933c35813e5c7beb98e01b0ba184280f50b0
antonio_villagomez_img_0282,img_282.jpg,animales,ilustracion_plana_color,256,256,ilustracion estilo tierno donde se observa: león,Vecteezy,antonio_villagomez,f5008c2d711b2cd572966ba83a7be190f102096e
antonio_villagomez_img_0283,img_283.jpg,animales,ilustracion_plana_color,256,256,ilustracion estilo tierno donde se observa: cerdito,Pinterest,antonio_villagomez,7b8733bd6422a84aa0739e7d55f7cc8120e8bf10
antonio_villagomez_img_0284,img_284.jpg,animales,ilustracion_plana_color,256,256,ilustracion estilo tierno donde se observa: conejo,Vecteezy,antonio_villagomez,22656c3942403de744bf25bbcc9a1bbf39c76160
antonio_villagomez_img_0285,img_285.jpg,animales,ilustracion_plana_color,256,256,ilustracion estilo tierno donde se observa: cerdito,Pinterest,antonio_villagomez,d577f2bc817d54c20b105d06c43da1a54a64d993
antonio_villagomez_img_0286,img_286.jpg,animales,ilustracion_plana_color,256,256,ilustracion estilo tierno donde se observa: pájaro,Vecteezy,antonio_villagomez,eebfd331d89a1e64017ea142c49253f419d5e792
antonio_villagomez_img_0287,img_287.jpg,animales,ilustracion_plana_color,256,256,ilustracion estilo tierno donde se observa: mono,Pinterest,antonio_villagomez,50b2cd3ce97fae0662b07a24dd1e58dc1ad6cd6f
antonio_villagomez_img_0288,img_288.jpg,animales,ilustracion_plana_color,256,256,ilustracion estilo tierno donde se observa: oso,Vecteezy,antonio_villagomez,4e38dd8914e678036b0743d1e4ff2a7fe3d446f3
antonio_villagomez_img_0289,img_289.jpg,animales,ilustracion_plana_color,256,256,ilustracion estilo tierno donde se observa: cerdito,Pinterest,antonio_villagomez,48d3bc1b391e237899aabcf70a761cd6e3dc5b87
antonio_villagomez_img_0290,img_290.jpg,animales,ilustracion_plana_color,256,256,ilustracion estilo tierno donde se observa: oveja,Vecteezy,antonio_villagomez,502a53308115d07217285bd006557d8e8de9baf9
antonio_villagomez_img_0291,img_291.jpg,animales,ilustracion_plana_color,512,512,ilustracion estilo tierno donde se observa: pájaro,Pinterest,antonio_villagomez,807aba81f543fe995c76a179d50b72936ad42f5f
antonio_villagomez_img_0292,img_292.jpg,animales,ilustracion_plana_color,256,256,ilustracion estilo tierno donde se observa: pájaro,Vecteezy,antonio_villagomez,b8fa65bfe5811ca54b8daae800c566ca6179d371
antonio_villagomez_img_0293,img_293.jpg,animales,ilustracion_plana_color,256,256,ilustracion estilo tierno donde se observa: ratón,Pinterest,antonio_villagomez,395f96cac8a58c24b299ad43834e9822f21b1fec
antonio_villagomez_img_0294,img_294.jpg,animales,ilustracion_plana_color,256,256,ilustracion estilo tierno donde se observa: oveja,Vecteezy,antonio_villagomez,ebd49e8bcc8aecdb4676773f0b5da5184b2824a1
antonio_villagomez_img_0295,img_295.jpg,animales,ilustracion_plana_color,256,256,ilustracion estilo tierno donde se observa: cerdito,Pinterest,antonio_villagomez,13c5840ae222f179b9e18c23b0bd5c30b5d054c6
antonio_villagomez_img_0296,img_296.jpg,animales,ilustracion_plana_color,256,256,ilustracion estilo tierno donde se observa: cerdito,Vecteezy,antonio_villagomez,64d1ee3c2ccf34d6daa653f8d13e976b88008f3e
antonio_villagomez_img_0297,img_297.jpg,animales,ilustracion_plana_color,256,256,ilustracion estilo tierno donde se observa: rana,Pinterest,antonio_villagomez,80099faec78b0a2b6c67b59d7c1458228fcb0069
antonio_villagomez_img_0298,img_298.jpg,animales,ilustracion_plana_color,256,256,ilustracion estilo tierno donde se observa: perro,Vecteezy,antonio_villagomez,9c2a5a48100078ee6f98aafc9293725df00cd2c3
antonio_villagomez_img_0299,img_299.jpg,animales,ilustracion_plana_color,256,256,ilustracion estilo tierno donde se observa: oveja,Pinterest,antonio_villagomez,186fb47289a3788eeb96418f75f7f2b71415cbe5
antonio_villagomez_img_0300,img_300.jpg,animales,ilustracion_plana_color,256,256,ilustracion estilo tierno donde se observa: oveja,Vecteezy,antonio_villagomez,85823d45859f573f2e630904c23c8b97910bd6a8
antonio_villagomez_img_0301,img_301.jpg,animales,ilustracion_plana_color,256,256,ilustracion estilo tierno donde se observa: león,Pinterest,antonio_villagomez,331a37650480751c8adb2ef973dc8c779337c69e
antonio_villagomez_img_0302,img_302.jpg,animales,ilustracion_plana_color,512,512,ilustracion estilo tierno donde se observa: pato,Vecteezy,antonio_villagomez,ac23a8ada193447ea90278f30cde7a676ed37f01
antonio_villagomez_img_0303,img_303.jpg,animales,ilustracion_plana_color,256,256,ilustracion estilo tierno donde se observa: oveja,Pinterest,antonio_villagomez,11ee7193e56e4251696d7f8fdc9239bee64ce920
antonio_villagomez_img_0304,img_304.jpg,animales,ilustracion_plana_color,256,256,ilustracion estilo tierno donde se observa: león,Vecteezy,antonio_villagomez,a6092cfb184ccb013b675635219b0b51552cb7c0
antonio_villagomez_img_0305,img_305.jpg,animales,ilustracion_plana_color,256,256,ilustracion estilo tierno donde se observa: león,Pinterest,antonio_villagomez,2ec9014ecbb47278ef8b9a2ada8c97b2e0575e8e
antonio_villagomez_img_0306,img_306.jpg,animales,ilustracion_plana_color,256,256,ilustracion estilo tierno donde se observa: perro,Vecteezy,antonio_villagomez,66f700e7559b33ec213ff6cc03c80bcb216061ba
antonio_villagomez_img_0307,img_307.jpg,animales,ilustracion_plana_color,256,256,ilustracion estilo tierno donde se observa: rana,Pinterest,antonio_villagomez,507c4d7ebb687f39b97fe486879c9b0113d6b02c
antonio_villagomez_img_0308,img_308.jpg,animales,ilustracion_plana_color,256,256,ilustracion estilo tierno donde se observa: oso,Vecteezy,antonio_villagomez,272ba2f2b1e14bd537ec785bfaf68fbdce096a2e
antonio_villagomez_img_0309,img_309.jpg,animales,ilustracion_plana_color,256,256,ilustracion estilo tierno donde se observa: pájaro,Pinterest,antonio_villagomez,edc9ecf54fa50d0a422c7c79799ab7f858a6805a
antonio_villagomez_img_0310,img_310.jpg,animales,ilustracion_plana_color,256,256,ilustracion estilo tierno donde se observa: oveja,Vecteezy,antonio_villagomez,1c55f74078dcee9011cd18ca806085f2507971d8
antonio_villagomez_img_0311,img_311.jpg,animales,ilustracion_plana_color,256,256,ilustracion estilo tierno donde se observa: pájaro,Pinterest,antonio_villagomez,78987bdaea1e1d9626c91e31eb9b0020c28a68e9
antonio_villagomez_img_0312,img_312.jpg,animales,ilustracion_plana_color,256,256,ilustracion estilo tierno donde se observa: perro,Vecteezy,antonio_villagomez,8cfb537a22d098c36843bec11ebc0f4b1f479600
antonio_villagomez_img_0313,img_313.jpg,animales,ilustracion_plana_color,639,439,ilustracion estilo tierno donde se observa: conejo,Pinterest,antonio_villagomez,38ff4685074f40a68fae9fd9035e089f3a7f4780
antonio_villagomez_img_0314,img_314.jpg,animales,ilustracion_plana_color,256,256,ilustracion estilo tierno donde se observa: oso,Vecteezy,antonio_villagomez,4f12265ec75bdeac086859a907b1649083492afa
antonio_villagomez_img_0315,img_315.jpg,animales,ilustracion_plana_color,256,256,ilustracion estilo tierno donde se observa: zorro,Pinterest,antonio_villagomez,d96ea340625a2181c47b9402e2beb80872ed78d4
antonio_villagomez_img_0316,img_316.jpg,animales,ilustracion_plana_color,256,256,ilustracion estilo tierno donde se observa: gato,Vecteezy,antonio_villagomez,51f2e2d0e8ae4441d5af12cb56f74932f147a71f
antonio_villagomez_img_0317,img_317.jpg,animales,ilustracion_plana_color,256,256,ilustracion estilo tierno donde se observa: zorro,Pinterest,antonio_villagomez,09443d37d7e37e6cc5732d48115279c98256bba5
antonio_villagomez_img_0318,img_318.jpg,animales,ilustracion_plana_color,256,256,ilustracion estilo tierno donde se observa: cerdito,Vecteezy,antonio_villagomez,0fb4c4da6970c1382efeaf92474422e0f04e271e
antonio_villagomez_img_0319,img_319.jpg,animales,ilustracion_plana_color,256,256,ilustracion estilo tierno donde se observa: tigre,Pinterest,antonio_villagomez,b1bfdfdf96d5e3a7b518278307423a3b4bc6d7dc
antonio_villagomez_img_0320,img_320.jpg,animales,ilustracion_plana_color,256,256,ilustracion estilo tierno donde se observa: oveja,Vecteezy,antonio_villagomez,44a1b4b1fe566088c79f7c918f445f5e1e105af8
antonio_villagomez_img_0321,img_321.jpg,animales,ilustracion_plana_color,256,256,ilustracion estilo tierno donde se observa: rana,Pinterest,antonio_villagomez,b0017c53c5a1ae58c59ae28895a4223d85cd21ff
antonio_villagomez_img_0322,img_322.jpg,animales,ilustracion_plana_color,256,256,ilustracion estilo tierno donde se observa: conejo,Vecteezy,antonio_villagomez,f4a4770ed41e344706d3b12007d320db65533949
antonio_villagomez_img_0323,img_323.jpg,animales,ilustracion_plana_color,256,256,ilustracion estilo tierno donde se observa: pato,Pinterest,antonio_villagomez,7811676fecf4773f3c633f26a41d2e88088a8a01
antonio_villagomez_img_0324,img_324.jpg,animales,ilustracion_plana_color,903,1458,ilustracion estilo tierno donde se observa: conejo,Vecteezy,antonio_villagomez,482f756b03b643e933f1ca0c7df16ebb0f3bd35c
antonio_villagomez_img_0325,img_325.jpg,animales,ilustracion_plana_color,256,256,ilustracion estilo tierno donde se observa: perro,Pinterest,antonio_villagomez,c9efc22d88129fb97bde315ebc104a2cc7f79c8e
antonio_villagomez_img_0326,img_326.jpg,animales,ilustracion_plana_color,256,256,ilustracion estilo tierno donde se observa: gato,Vecteezy,antonio_villagomez,c7ffb2641ce150178816b922300e877770788bc8
antonio_villagomez_img_0327,img_327.jpg,animales,ilustracion_plana_color,256,256,ilustracion estilo tierno donde se observa: cerdito,Pinterest,antonio_villagomez,1509d77faef194bcae516c9d7fc415dfdc1ba742
antonio_villagomez_img_0328,img_328.jpg,animales,ilustracion_plana_color,256,256,ilustracion estilo tierno donde se observa: león,Vecteezy,antonio_villagomez,6742508840a702033a21e40203524091c8319628
antonio_villagomez_img_0329,img_329.jpg,animales,ilustracion_plana_color,256,256,ilustracion estilo tierno donde se observa: oveja,Pinterest,antonio_villagomez,ecf12a007d27da58206faf561a893d6c2aace079
antonio_villagomez_img_0330,img_330.jpg,animales,ilustracion_plana_color,256,256,ilustracion estilo tierno donde se observa: gato,Vecteezy,antonio_villagomez,e7e67ad62d35c4b23e3c7f6dd7f16028f0225c93
antonio_villagomez_img_0331,img_331.jpg,animales,ilustracion_plana_color,256,256,ilustracion estilo tierno donde se observa: pájaro,Pinterest,antonio_villagomez,b79a5133786443a97ef9e35d027dfa968be0b51e
antonio_villagomez_img_0332,img_332.jpg,animales,ilustracion_plana_color,256,256,ilustracion estilo tierno donde se observa: tigre,Vecteezy,antonio_villagomez,bd452f380e36a30e9d55d8b41398975d1d573f88
antonio_villagomez_img_0333,img_333.jpg,animales,ilustracion_plana_color,256,256,ilustracion estilo tierno donde se observa: perro,Pinterest,antonio_villagomez,6ed6b916b49a192528ef8b2f906a592dd74f93cb
antonio_villagomez_img_0334,img_334.jpg,animales,ilustracion_plana_color,256,256,ilustracion estilo tierno donde se observa: rana,Vecteezy,antonio_villagomez,bb69a4239bafeecb8aae03a481beb33a9a629862
antonio_villagomez_img_0335,img_335.jpg,animales,ilustracion_plana_color,736,1041,ilustracion estilo tierno donde se observa: león,Pinterest,antonio_villagomez,7c101e96d3f7f9108d2620259cfafd774e2407a1
antonio_villagomez_img_0336,img_336.png,animales,ilustracion_plana_color,450,450,ilustracion estilo tierno donde se observa: pájaro,Vecteezy,antonio_villagomez,d3413ddb39ce599769f505f076866eb16e837590
antonio_villagomez_img_0337,img_337.jpg,animales,ilustracion_plana_color,828,1056,ilustracion estilo tierno donde se observa: ratón,Pinterest,antonio_villagomez,bdf6e9a2f938b4f2e7bc1574bf5592ec691a8ea1
antonio_villagomez_img_0338,img_338.jpg,animales,ilustracion_plana_color,256,256,ilustracion estilo tierno donde se observa: gato,Vecteezy,antonio_villagomez,3d5e32311232f57d04c0c6cd703d931d6302ce89
antonio_villagomez_img_0339,img_339.jpg,animales,ilustracion_plana_color,256,256,ilustracion estilo tierno donde se observa: gato,Pinterest,antonio_villagomez,7b3b05a9c13532273fe39d112f75e0bdf89c7bde
antonio_villagomez_img_0340,img_340.jpg,animales,ilustracion_plana_color,256,256,ilustracion estilo tierno donde se observa: zorro,Vecteezy,antonio_villagomez,aaeb7e920f2be8add570de69aef5191c27c0a894
antonio_villagomez_img_0341,img_341.jpg,animales,ilustracion_plana_color,256,256,ilustracion estilo tierno donde se observa: pájaro,Pinterest,antonio_villagomez,57cc9bde96b4624afa018dbc1a56bebe35f85d3e
antonio_villagomez_img_0342,img_342.jpg,animales,ilustracion_plana_color,256,256,ilustracion estilo tierno donde se observa: tigre,Vecteezy,antonio_villagomez,763e34ad3ac4b0061ceac7e7bd39dd242463103d
antonio_villagomez_img_0343,img_343.jpg,animales,ilustracion_plana_color,256,256,ilustracion estilo tierno donde se observa: pájaro,Pinterest,antonio_villagomez,3e85c414dc8ed3fc235622c0a978a542693b7010
antonio_villagomez_img_0344,img_344.jpg,animales,ilustracion_plana_color,256,256,ilustracion estilo tierno donde se observa: gato,Vecteezy,antonio_villagomez,18aa652cfc18e5bde5002113289a0c3c640e59a0
antonio_villagomez_img_0345,img_345.jpg,animales,ilustracion_plana_color,256,256,ilustracion estilo tierno donde se observa: oveja,Pinterest,antonio_villagomez,657db97b19d12b290f88f24386b807ad11d152fa
antonio_villagomez_img_0346,img_346.jpg,animales,ilustracion_plana_color,256,256,ilustracion estilo tierno donde se observa: tigre,Vecteezy,antonio_villagomez,c6abc16c4aad05aae3e0108c97f1f2ff8b60106d
antonio_villagomez_img_0347,img_347.jpg,animales,ilustracion_plana_color,256,256,ilustracion estilo tierno donde se observa: oveja,Pinterest,antonio_villagomez,1bbfbbfe73b65ce9e8a01b3a8920b76c22a49e3d
antonio_villagomez_img_0348,img_348.jpg,animales,ilustracion_plana_color,639,589,ilustracion estilo tierno donde se observa: tigre,Vecteezy,antonio_villagomez,e22a9f5487e78f5ff8c759c8dfbd565b41f4c919
antonio_villagomez_img_0349,img_349.jpg,animales,ilustracion_plana_color,256,256,ilustracion estilo tierno donde se observa: gato,Pinterest,antonio_villagomez,705a544aedc8cc9ead771e99449b298c8682dfa2
antonio_villagomez_img_0350,img_350.jpg,animales,ilustracion_plana_color,256,256,ilustracion estilo tierno donde se observa: rana,Vecteezy,antonio_villagomez,0a1b363676bb73cc007e5bc4b3d3509495fce3ba
antonio_villagomez_img_0351,img_351.jpg,animales,ilustracion_plana_color,256,256,ilustracion estilo tierno donde se observa: mono,Pinterest,antonio_villagomez,30fc5ed7293e0049feaa5ec9ea4e44ec65a65f33
antonio_villagomez_img_0352,img_352.jpg,animales,ilustracion_plana_color,256,256,ilustracion estilo tierno donde se observa: pato,Vecteezy,antonio_villagomez,e9c1cb64e9ff7c9b233995d7ea1e786e1a4b9238
antonio_villagomez_img_0353,img_353.jpg,animales,ilustracion_plana_color,256,256,ilustracion estilo tierno donde se observa: oveja,Pinterest,antonio_villagomez,80a1db83b8a225e337f2426e109b6ccc51385f73
antonio_villagomez_img_0354,img_354.jpg,animales,ilustracion_plana_color,256,256,ilustracion estilo tierno donde se observa: pájaro,Vecteezy,antonio_villagomez,ebc0f202dc686b509e66acda0a9bf25e0338af16
antonio_villagomez_img_0355,img_355.jpg,animales,ilustracion_plana_color,256,256,ilustracion estilo tierno donde se observa: pájaro,Pinterest,antonio_villagomez,4a5279f43157e61fb361db7d4636e7276f44c979
antonio_villagomez_img_0356,img_356.jpg,animales,ilustracion_plana_color,256,256,ilustracion estilo tierno donde se observa: león,Vecteezy,antonio_villagomez,4764fa24eda0d6558507b90f7675b5bb4c2f3f17
antonio_villagomez_img_0357,img_357.jpg,animales,ilustracion_plana_color,256,256,ilustracion estilo tierno donde se observa: perro,Pinterest,antonio_villagomez,c5930e2db917d30731432af597c4cff439c0862b
antonio_villagomez_img_0358,img_358.jpg,animales,ilustracion_plana_color,256,256,ilustracion estilo tierno donde se observa: zorro,Vecteezy,antonio_villagomez,c73629963d213385170e53ae3670852d2145d385
antonio_villagomez_img_0359,img_359.jpg,animales,ilustracion_plana_color,1126,750,ilustracion estilo tierno donde se observa: conejo,Pinterest,antonio_villagomez,8acb9fd1ab8a7fe98ba8a5c78350bcad38beed67
antonio_villagomez_img_0360,img_360.jpg,animales,ilustracion_plana_color,256,256,ilustracion estilo tierno donde se observa: pato,Vecteezy,antonio_villagomez,691f3715442a458e457c6e6e48c7db1450ecf408
antonio_villagomez_img_0361,img_361.jpg,animales,ilustracion_plana_color,256,256,ilustracion estilo tierno donde se observa: pato,Pinterest,antonio_villagomez,6431bc78cedd1978e8f88e9d97c1b6fcad103532
antonio_villagomez_img_0362,img_362.jpg,animales,ilustracion_plana_color,256,256,ilustracion estilo tierno donde se observa: ratón,Vecteezy,antonio_villagomez,f6f3381e478276f1c30a0814090b7468baee7552
antonio_villagomez_img_0363,img_363.jpg,animales,ilustracion_plana_color,256,256,ilustracion estilo tierno donde se observa: gato,Pinterest,antonio_villagomez,4d9f200975184620b5163a062bdfa1069985823a
antonio_villagomez_img_0364,img_364.jpg,animales,ilustracion_plana_color,256,256,ilustracion estilo tierno donde se observa: zorro,Vecteezy,antonio_villagomez,dd0bb7219cf2a331667edf721bb4e3270ccfd82f
antonio_villagomez_img_0365,img_365.jpg,animales,ilustracion_plana_color,256,256,ilustracion estilo tierno donde se observa: ratón,Pinterest,antonio_villagomez,da5f4b2ccf7876dca0ec230d49f8ba7b5e6d0285
antonio_villagomez_img_0366,img_366.jpg,animales,ilustracion_plana_color,256,256,ilustracion estilo tierno donde se observa: cerdito,Vecteezy,antonio_villagomez,4ba4864ace1428358475b78f64d4d8ae294e23f9
antonio_villagomez_img_0367,img_367.jpg,animales,ilustracion_plana_color,256,256,ilustracion estilo tierno donde se observa: gato,Pinterest,antonio_villagomez,15b6811948a8fb0e1e041da685d53193240d787e
antonio_villagomez_img_0368,img_368.jpg,animales,ilustracion_plana_color,256,256,ilustracion estilo tierno donde se observa: león,Vecteezy,antonio_villagomez,a09f417e64343f750f7995d6faf5e08bf5ec1c07
antonio_villagomez_img_0369,img_369.jpg,animales,ilustracion_plana_color,256,256,ilustracion estilo tierno donde se observa: león,Pinterest,antonio_villagomez,98eff66cb7fb9d48ba48d846655c6c723417cb4a
antonio_villagomez_img_0370,img_370.jpg,animales,ilustracion_plana_color,736,905,ilustracion estilo tierno donde se observa: conejo,Vecteezy,antonio_villagomez,e29ba92f5f51293b67a203207c17f454f5c84d9d
antonio_villagomez_img_0371,img_371.jpg,animales,ilustracion_plana_color,256,256,ilustracion estilo tierno donde se observa: león,Pinterest,antonio_villagomez,aad8245e0ddd3a9e589a7bf842ad191d90c86cbb
antonio_villagomez_img_0372,img_372.jpg,animales,ilustracion_plana_color,256,256,ilustracion estilo tierno donde se observa: perro,Vecteezy,antonio_villagomez,b3ebc4b422c601a834cda425a245484f3cac2fab
antonio_villagomez_img_0373,img_373.jpg,animales,ilustracion_plana_color,256,256,ilustracion estilo tierno donde se observa: cerdito,Pinterest,antonio_villagomez,2cea6a63f92b88974f82d442b04683a1af5a5b29
antonio_villagomez_img_0374,img_374.jpg,animales,ilustracion_plana_color,256,256,ilustracion estilo tierno donde se observa: pájaro,Vecteezy,antonio_villagomez,2ce5ae87698ccf0701ccad88e5fc7ee94f4cb042
antonio_villagomez_img_0375,img_375.jpg,animales,ilustracion_plana_color,256,256,ilustracion estilo tierno donde se observa: perro,Pinterest,antonio_villagomez,aff7dff7f227fa367c4e9203bba66a45cd88d631
antonio_villagomez_img_0376,img_376.jpg,animales,ilustracion_plana_color,256,256,ilustracion estilo tierno donde se observa: cerdito,Vecteezy,antonio_villagomez,5c63694c73b67f2aecc0654dc18b841445c18a0e
antonio_villagomez_img_0377,img_377.jpg,animales,ilustracion_plana_color,256,256,ilustracion estilo tierno donde se observa: pato,Pinterest,antonio_villagomez,bfa538a821600736471d715a5f2515a003ade08e
antonio_villagomez_img_0378,img_378.jpg,animales,ilustracion_plana_color,256,256,ilustracion estilo tierno donde se observa: pájaro,Vecteezy,antonio_villagomez,872c1d4558a330690831396f2a1787cb1807edf8
antonio_villagomez_img_0379,img_379.jpg,animales,ilustracion_plana_color,256,256,ilustracion estilo tierno donde se observa: oveja,Pinterest,antonio_villagomez,5f7fd6ccbfd7e5184ea383fd91c4e98f035f2969
antonio_villagomez_img_0380,img_380.jpg,animales,ilustracion_plana_color,256,256,ilustracion estilo tierno donde se observa: tigre,Vecteezy,antonio_villagomez,36dfa865a9d49b0140dd6278908363f8587acfa5
antonio_villagomez_img_0381,img_381.jpg,animales,ilustracion_plana_color,735,801,ilustracion estilo tierno donde se observa: cerdito,Pinterest,antonio_villagomez,bf64358b8109fc4d6b9b7ce9c651da14e7716547
antonio_villagomez_img_0382,img_382.jpg,animales,ilustracion_plana_color,256,256,ilustracion estilo tierno donde se observa: pájaro,Vecteezy,antonio_villagomez,6d957c1ae2ec2c1e3413182357c2e3e768009d56
antonio_villagomez_img_0383,img_383.jpg,animales,ilustracion_plana_color,256,256,ilustracion estilo tierno donde se observa: perro,Pinterest,antonio_villagomez,ad377f4e9eb1d8271b29d1411a56bca06a77351f
antonio_villagomez_img_0384,img_384.jpg,animales,ilustracion_plana_color,256,256,ilustracion estilo tierno donde se observa: rana,Vecteezy,antonio_villagomez,8e660522abe476a1ad6bd1b37b7a1ad0e86e34ab
antonio_villagomez_img_0385,img_385.jpg,animales,ilustracion_plana_color,256,256,ilustracion estilo tierno donde se observa: panda,Pinterest,antonio_villagomez,6b65c294598dc9f1c9d0c46c2226406aac9a35e9
antonio_villagomez_img_0386,img_386.jpg,animales,ilustracion_plana_color,256,256,ilustracion estilo tierno donde se observa: rana,Vecteezy,antonio_villagomez,6b4965062258346c7a23736c06e98a425e11f729
antonio_villagomez_img_0387,img_387.jpg,animales,ilustracion_plana_color,256,256,ilustracion estilo tierno donde se observa: cerdito,Pinterest,antonio_villagomez,7e29ce384aec3f56841bb5ed289ea30ec65e8fd2
antonio_villagomez_img_0388,img_388.jpg,animales,ilustracion_plana_color,256,256,ilustracion estilo tierno donde se observa: tigre,Vecteezy,antonio_villagomez,fa10198be5c814ea5724c639b9ce8cb15eddbfb7
antonio_villagomez_img_0389,img_389.jpg,animales,ilustracion_plana_color,256,256,ilustracion estilo tierno donde se observa: oveja,Pinterest,antonio_villagomez,b81ac650da664afc0cc391d9d2996712921fe060
antonio_villagomez_img_0390,img_390.jpg,animales,ilustracion_plana_color,256,256,ilustracion estilo tierno donde se observa: perro,Vecteezy,antonio_villagomez,68c7c4ad929a201f3011a60d535682e0dd973c67
antonio_villagomez_img_0391,img_391.jpg,animales,ilustracion_plana_color,256,256,ilustracion estilo tierno donde se observa: zorro,Pinterest,antonio_villagomez,0a548c24d3bc42e72c77a3a63f5cab91f191ac28
antonio_villagomez_img_0392,img_392.jpg,animales,ilustracion_plana_color,734,559,ilustracion estilo tierno donde se observa: mono,Vecteezy,antonio_villagomez,4f655cc3462d87a6dc3a0a93f4045aff63e56414
antonio_villagomez_img_0393,img_393.jpg,animales,ilustracion_plana_color,256,256,ilustracion estilo tierno donde se observa: oveja,Pinterest,antonio_villagomez,aa6f788c6edf335fd8afe5dc9f38ae1586f2ccef
antonio_villagomez_img_0394,img_394.jpg,animales,ilustracion_plana_color,256,256,ilustracion estilo tierno donde se observa: perro,Vecteezy,antonio_villagomez,7f5ce098bce30b1fecb294823ea1fce441937261
antonio_villagomez_img_0395,img_395.jpg,animales,ilustracion_plana_color,256,256,ilustracion estilo tierno donde se observa: zorro,Pinterest,antonio_villagomez,92fb1b5f7c22921498f9b4500f32db4512a9c408
antonio_villagomez_img_0396,img_396.jpg,animales,ilustracion_plana_color,256,256,ilustracion estilo tierno donde se observa: león,Vecteezy,antonio_villagomez,d8b7b7c0598bdd41be760cf4093dcf2d8cafd86f
antonio_villagomez_img_0397,img_397.jpg,animales,ilustracion_plana_color,256,256,ilustracion estilo tierno donde se observa: pájaro,Pinterest,antonio_villagomez,b828b14cb74297dfa340ceadc8321ee541a0ee5a
antonio_villagomez_img_0398,img_398.jpg,animales,ilustracion_plana_color,256,256,ilustracion estilo tierno donde se observa: león,Vecteezy,antonio_villagomez,5155ef4b26c2db9e80ea3afa2bc37e842b9f66ee
antonio_villagomez_img_0399,img_399.jpg,animales,ilustracion_plana_color,256,256,ilustracion estilo tierno donde se observa: perro,Pinterest,antonio_villagomez,9ea5a95966a2bbfc2b4d23e3b994c6e3deb385b4
antonio_villagomez_img_0400,img_400.jpg,animales,ilustracion_plana_color,256,256,ilustracion estilo tierno donde se observa: ratón,Vecteezy,antonio_villagomez,fc0158ae08d729fed2b9c422c2b16ef7ea66c890
antonio_villagomez_img_0401,img_401.jpg,animales,ilustracion_plana_color,256,256,ilustracion estilo tierno donde se observa: pájaro,Pinterest,antonio_villagomez,59347940b83dc9f9d7e29d0e4aaee36455c78651
antonio_villagomez_img_0402,img_402.jpg,animales,ilustracion_plana_color,256,256,ilustracion estilo tierno donde se observa: pato,Vecteezy,antonio_villagomez,783633c4268425bf3712ef1216ef739b35e984e7
antonio_villagomez_img_0403,img_403.jpg,animales,ilustracion_plana_color,300,300,ilustracion estilo tierno donde se observa: rana,Pinterest,antonio_villagomez,309f67ec5e0ab189ac817fb1575ce69ce36d1ac0
antonio_villagomez_img_0404,img_404.jpg,animales,ilustracion_plana_color,256,256,ilustracion estilo tierno donde se observa: león,Vecteezy,antonio_villagomez,0f4f08eeacc7bfb61b732c2a60712daad9f57a1e
antonio_villagomez_img_0405,img_405.jpg,animales,ilustracion_plana_color,256,256,ilustracion estilo tierno donde se observa: panda,Pinterest,antonio_villagomez,30870524b1cca20c357a4c2c02f25a91ee608aff
antonio_villagomez_img_0406,img_406.jpg,animales,ilustracion_plana_color,256,256,ilustracion estilo tierno donde se observa: gato,Vecteezy,antonio_villagomez,0bf64ecb7a52042e1ac63115e4d8cc661731a2b7
antonio_villagomez_img_0407,img_407.jpg,animales,ilustracion_plana_color,256,256,ilustracion estilo tierno donde se observa: pato,Pinterest,antonio_villagomez,fb88717188d3ffec9328d8935cba169c4ef224cb
antonio_villagomez_img_0408,img_408.jpg,animales,ilustracion_plana_color,256,256,ilustracion estilo tierno donde se observa: rana,Vecteezy,antonio_villagomez,cd66623aca93837db039578b5f322618fbe86e9e
antonio_villagomez_img_0409,img_409.jpg,animales,ilustracion_plana_color,256,256,ilustracion estilo tierno donde se observa: conejo,Pinterest,antonio_villagomez,8e74d21ff5b87ed72e2e1f4ab4cb3f9b884f56f1
antonio_villagomez_img_0410,img_410.jpg,animales,ilustracion_plana_color,256,256,ilustracion estilo tierno donde se observa: mono,Vecteezy,antonio_villagomez,2c9bc5abd55e1ddbd8f3b40823140c7fd0dd063c
antonio_villagomez_img_0411,img_411.jpg,animales,ilustracion_plana_color,256,256,ilustracion estilo tierno donde se observa: pájaro,Pinterest,antonio_villagomez,540e34aa6d85ca19694077e0379f824f19983e5c
antonio_villagomez_img_0412,img_412.jpg,animales,ilustracion_plana_color,256,256,ilustracion estilo tierno donde se observa: zorro,Vecteezy,antonio_villagomez,5250331294fa36d64f413e6f22c93c070e4f7755
antonio_villagomez_img_0413,img_413.jpg,animales,ilustracion_plana_color,256,256,ilustracion estilo tierno donde se observa: pato,Pinterest,antonio_villagomez,c795615f86fd9bf72d003752b196ad1834666816
antonio_villagomez_img_0414,img_414.jpg,animales,ilustracion_plana_color,300,300,ilustracion estilo tierno donde se observa: mono,Vecteezy,antonio_villagomez,a9d55cdd12899010fd7e76f09ea69d3dfc9992d8
antonio_villagomez_img_0415,img_415.jpg,animales,ilustracion_plana_color,256,256,ilustracion estilo tierno donde se observa: pájaro,Pinterest,antonio_villagomez,86f25af42f73fd7695892ac662a56dd1611881c9
antonio_villagomez_img_0416,img_416.jpg,animales,ilustracion_plana_color,256,256,ilustracion estilo tierno donde se observa: gato,Vecteezy,antonio_villagomez,7f4e99519d1732414c78b654a944eb111b5eaaa2
antonio_villagomez_img_0417,img_417.jpg,animales,ilustracion_plana_color,256,256,ilustracion estilo tierno donde se observa: cerdito,Pinterest,antonio_villagomez,eac38386e236256851614ccc3f35b383f393248b
antonio_villagomez_img_0418,img_418.jpg,animales,ilustracion_plana_color,256,256,ilustracion estilo tierno donde se observa: cerdito,Vecteezy,antonio_villagomez,4a0c4cc2c94411a4516ad519666111aacd890905
antonio_villagomez_img_0419,img_419.jpg,animales,ilustracion_plana_color,256,256,ilustracion estilo tierno donde se observa: oveja,Pinterest,antonio_villagomez,9bbf4c437bcb860bc0c8eeec04db04916f100bb5
antonio_villagomez_img_0420,img_420.jpg,animales,ilustracion_plana_color,256,256,ilustracion estilo tierno donde se observa: oveja,Vecteezy,antonio_villagomez,925c6d9db8e35199985edca44972b313f40ba4ab
antonio_villagomez_img_0421,img_421.jpg,animales,ilustracion_plana_color,256,256,ilustracion estilo tierno donde se observa: conejo,Pinterest,antonio_villagomez,b62714ccc882529aae20f706c85db0028acd1a75
antonio_villagomez_img_0422,img_422.jpg,animales,ilustracion_plana_color,256,256,ilustracion estilo tierno donde se observa: gato,Vecteezy,antonio_villagomez,fbd944b17515b539da701813fd81c894ab27db16
antonio_villagomez_img_0423,img_423.jpg,animales,ilustracion_plana_color,256,256,ilustracion estilo tierno donde se observa: rana,Pinterest,antonio_villagomez,a0a0d72e0cad2bd3d9021a88c8fcd8d8919e01aa
antonio_villagomez_img_0424,img_424.jpg,animales,ilustracion_plana_color,256,256,ilustracion estilo tierno donde se observa: pájaro,Vecteezy,antonio_villagomez,47173fc9c612a68f2e8b197332ebfae64b8ae632
antonio_villagomez_img_0425,img_425.jpg,animales,ilustracion_plana_color,1200,1200,ilustracion estilo tierno donde se observa: rana,Pinterest,antonio_villagomez,3729f76e0802f4077fabce9943a2ebf2ce89fc21
antonio_villagomez_img_0426,img_426.jpg,animales,ilustracion_plana_color,256,256,ilustracion estilo tierno donde se observa: ratón,Vecteezy,antonio_villagomez,e05cec96d05b03fcf5dc8544745b56ac91013c79
antonio_villagomez_img_0427,img_427.jpg,animales,ilustracion_plana_color,256,256,ilustracion estilo tierno donde se observa: pájaro,Pinterest,antonio_villagomez,af6f2228c775515d98933a9871c52dcc82b80563
antonio_villagomez_img_0428,img_428.jpg,animales,ilustracion_plana_color,256,256,ilustracion estilo tierno donde se observa: mono,Vecteezy,antonio_villagomez,d4c6a0b3cec066f8a5615e04f6b232b028df55d4
antonio_villagomez_img_0429,img_429.jpg,animales,ilustracion_plana_color,256,256,ilustracion estilo tierno donde se observa: zorro,Pinterest,antonio_villagomez,f8848c30948199bacd47d9d4173a5da769c154f8
antonio_villagomez_img_0430,img_430.jpg,animales,ilustracion_plana_color,256,256,ilustracion estilo tierno donde se observa: pato,Vecteezy,antonio_villagomez,bd289a53a69d62427d8b926b08280e8c940095bb
antonio_villagomez_img_0431,img_431.jpg,animales,ilustracion_plana_color,256,256,ilustracion estilo tierno donde se observa: mono,Pinterest,antonio_villagomez,7916150c37a9ac9e60bfa866f72487a5a45ede47
antonio_villagomez_img_0432,img_432.jpg,animales,ilustracion_plana_color,256,256,ilustracion estilo tierno donde se observa: oso,Vecteezy,antonio_villagomez,a7e7a897a4d454f3ced1a22d952c073b351c4756
antonio_villagomez_img_0433,img_433.jpg,animales,ilustracion_plana_color,256,256,ilustracion estilo tierno donde se observa: rana,Pinterest,antonio_villagomez,9759f9243930d78d72b759f9aca303c16ec6adfa
antonio_villagomez_img_0434,img_434.jpg,animales,ilustracion_plana_color,256,256,ilustracion estilo tierno donde se observa: koala,Vecteezy,antonio_villagomez,caa8e8255c0a8ee0a3aea3febcb2e8adb9101163
antonio_villagomez_img_0435,img_435.jpg,animales,ilustracion_plana_color,256,256,ilustracion estilo tierno donde se observa: gato,Pinterest,antonio_villagomez,5ab1f5b9a0219a13566e4aaffa085cfd61049e4b
antonio_villagomez_img_0436,img_436.jpg,animales,ilustracion_plana_color,1024,928,ilustracion estilo tierno donde se observa: perro,Vecteezy,antonio_villagomez,83f45465aec184220e5a7358783e474d1b16af3d
antonio_villagomez_img_0437,img_437.jpg,animales,ilustracion_plana_color,256,256,ilustracion estilo tierno donde se observa: oveja,Pinterest,antonio_villagomez,bcfb8edc7035974298a8ed883329ca3605ba3430
antonio_villagomez_img_0438,img_438.jpg,animales,ilustracion_plana_color,256,256,ilustracion estilo tierno donde se observa: oso,Vecteezy,antonio_villagomez,3737d48c04dbcf35c550daa66b20fc459b8e0f98
antonio_villagomez_img_0439,img_439.jpg,animales,ilustracion_plana_color,256,256,ilustracion estilo tierno donde se observa: tigre,Pinterest,antonio_villagomez,4aa2e594e612b24c1833adfbe726968d5124f2bf
antonio_villagomez_img_0440,img_440.jpg,animales,ilustracion_plana_color,256,256,ilustracion estilo tierno donde se observa: pájaro,Vecteezy,antonio_villagomez,d3511583cf316ba0cc9fa01085e60603087185bd
antonio_villagomez_img_0441,img_441.jpg,animales,ilustracion_plana_color,256,256,ilustracion estilo tierno donde se observa: pájaro,Pinterest,antonio_villagomez,dabfa693613a4d365a1ca57efd7149d703524979
antonio_villagomez_img_0442,img_442.jpg,animales,ilustracion_plana_color,256,256,ilustracion estilo tierno donde se observa: gato,Vecteezy,antonio_villagomez,7629b07c835dd06c328c4f1230230a5beb93ce14
antonio_villagomez_img_0443,img_443.jpg,animales,ilustracion_plana_color,256,256,ilustracion estilo tierno donde se observa: panda,Pinterest,antonio_villagomez,3bb05388e4539f765f7ddcf6f839794ca2472074
antonio_villagomez_img_0444,img_444.jpg,animales,ilustracion_plana_color,256,256,ilustracion estilo tierno donde se observa: pájaro,Vecteezy,antonio_villagomez,ef241bfd36a86a7798d3f36a9b412a2fab3f1f2d
antonio_villagomez_img_0445,img_445.jpg,animales,ilustracion_plana_color,256,256,ilustracion estilo tierno donde se observa: pájaro,Pinterest,antonio_villagomez,a0bee9c9a4345a290c3152dfc42cecea9c1ba69b
antonio_villagomez_img_0446,img_446.jpg,animales,ilustracion_plana_color,256,256,ilustracion estilo tierno donde se observa: pájaro,Vecteezy,antonio_villagomez,01baf2b4e530b3c3c9a2581a028cf99b3d44aef8
antonio_villagomez_img_0447,img_447.jpg,animales,ilustracion_plana_color,768,1344,ilustracion estilo tierno donde se observa: panda,Pinterest,antonio_villagomez,f446566b6f7a994a5ca387d96157321396b3403f
antonio_villagomez_img_0448,img_448.png,animales,ilustracion_plana_color,450,450,ilustracion estilo tierno donde se observa: pájaro,Vecteezy,antonio_villagomez,70d3bce62741e3636debc7dd5ebb16f67cf6615d
antonio_villagomez_img_0449,img_449.jpg,animales,ilustracion_plana_color,600,600,ilustracion estilo tierno donde se observa: rana,Pinterest,antonio_villagomez,a567f8d632f96fc2d4c8c7d3665f2c2a207e71a7
antonio_villagomez_img_0450,img_450.jpg,animales,ilustracion_plana_color,256,256,ilustracion estilo tierno donde se observa: cerdito,Vecteezy,antonio_villagomez,e5657d26350c33ef7467cd95c52217d65271ad20
antonio_villagomez_img_0451,img_451.jpg,animales,ilustracion_plana_color,256,256,ilustracion estilo tierno donde se observa: rana,Pinterest,antonio_villagomez,2c014efd77fd8a872120fc988b7c5ff1f5145dae
antonio_villagomez_img_0452,img_452.jpg,animales,ilustracion_plana_color,256,256,ilustracion estilo tierno donde se observa: pájaro,Vecteezy,antonio_villagomez,174997c33fc13ca024ea7a234526e2fa1b4f0d26
antonio_villagomez_img_0453,img_453.jpg,animales,ilustracion_plana_color,256,256,ilustracion estilo tierno donde se observa: león,Pinterest,antonio_villagomez,ac30c39dfd24068be15e52865c0dd2b0120034a8
antonio_villagomez_img_0454,img_454.jpg,animales,ilustracion_plana_color,256,256,ilustracion estilo tierno donde se observa: ratón,Vecteezy,antonio_villagomez,6f6da657ae8500c5b64285a20a425408e7727935
antonio_villagomez_img_0455,img_455.jpg,animales,ilustracion_plana_color,256,256,ilustracion estilo tierno donde se observa: pájaro,Pinterest,antonio_villagomez,c3c6531eca29c61ed9cf1d5293434d78caeefa71
antonio_villagomez_img_0456,img_456.jpg,animales,ilustracion_plana_color,256,256,ilustracion estilo tierno donde se observa: gato,Vecteezy,antonio_villagomez,4f8b81f3fa2c2eaad511ecf10a59ea14e74f0c20
antonio_villagomez_img_0457,img_457.jpg,animales,ilustracion_plana_color,256,256,ilustracion estilo tierno donde se observa: oso,Pinterest,antonio_villagomez,ac527722bd4343d84a8e0dc21ecfc122de973068
antonio_villagomez_img_0458,img_458.jpg,animales,ilustracion_plana_color,256,256,ilustracion estilo tierno donde se observa: oveja,Vecteezy,antonio_villagomez,74e4c12e32448c0fd157d68ca01697274f4ff8d1
antonio_villagomez_img_0459,img_459.jpg,animales,ilustracion_plana_color,256,256,ilustracion estilo tierno donde se observa: gato,Pinterest,antonio_villagomez,8af423aedbb7d241676f9b162379fdfd22d5151e
antonio_villagomez_img_0460,img_460.jpg,animales,ilustracion_plana_color,960,910,ilustracion estilo tierno donde se observa: pato,Vecteezy,antonio_villagomez,9a0c8b7f6308952ba8f6576c40f652337c5426fc
antonio_villagomez_img_0461,img_461.jpg,animales,ilustracion_plana_color,256,256,ilustracion estilo tierno donde se observa: pájaro,Pinterest,antonio_villagomez,65677638fd8da0ad5a5bd7c4ec770bc92dfc3d2f
antonio_villagomez_img_0462,img_462.jpg,animales,ilustracion_plana_color,256,256,ilustracion estilo tierno donde se observa: león,Vecteezy,antonio_villagomez,21cd37d459de4cee4a95ca6e230f9a63f5adfe4e
antonio_villagomez_img_0463,img_463.jpg,animales,ilustracion_plana_color,256,256,ilustracion estilo tierno donde se observa: perro,Pinterest,antonio_villagomez,441501d09ef6035673479da598591f3e459841bd
antonio_villagomez_img_0464,img_464.jpg,animales,ilustracion_plana_color,256,256,ilustracion estilo tierno donde se observa: zorro,Vecteezy,antonio_villagomez,0fa8f80b8864f1a383d1a704c0ba3da540358259
antonio_villagomez_img_0465,img_465.jpg,animales,ilustracion_plana_color,256,256,ilustracion estilo tierno donde se observa: tigre,Pinterest,antonio_villagomez,d02d20586297b5502a4e96ba60fe64aa50d33672
antonio_villagomez_img_0466,img_466.jpg,animales,ilustracion_plana_color,1125,1224,ilustracion estilo tierno donde se observa: conejo,Vecteezy,antonio_villagomez,505339190568e5c548975d179b935abc1e3bcf9a
antonio_villagomez_img_0467,img_467.jpg,animales,ilustracion_plana_color,256,256,ilustracion estilo tierno donde se observa: tigre,Pinterest,antonio_villagomez,0a3192f96be3ac88fde44ee6ff7ac7dd42babaa9
antonio_villagomez_img_0468,img_468.jpg,animales,ilustracion_plana_color,256,256,ilustracion estilo tierno donde se observa: cerdito,Vecteezy,antonio_villagomez,42cc2d8d09c0958d48302384571845c49dc6f916
antonio_villagomez_img_0469,img_469.jpg,animales,ilustracion_plana_color,256,256,ilustracion estilo tierno donde se observa: león,Pinterest,antonio_villagomez,0338e9023fbc0c21123127a498f14ea6a45fd9d5
antonio_villagomez_img_0470,img_470.jpg,animales,ilustracion_plana_color,256,256,ilustracion estilo tierno donde se observa: pájaro,Vecteezy,antonio_villagomez,4ae3766b52b985b1d93b828353f7d5fc1dedda26
antonio_villagomez_img_0471,img_471.jpg,animales,ilustracion_plana_color,256,256,ilustracion estilo tierno donde se observa: pájaro,Pinterest,antonio_villagomez,6927142e48112ce9ec790c8f57e171eb3cfaa06f
antonio_villagomez_img_0472,img_472.jpg,animales,ilustracion_plana_color,256,256,ilustracion estilo tierno donde se observa: pájaro,Vecteezy,antonio_villagomez,fcf501f7b881d147c8ad293809951c96b688955b
antonio_villagomez_img_0473,img_473.jpg,animales,ilustracion_plana_color,256,256,ilustracion estilo tierno donde se observa: pájaro,Pinterest,antonio_villagomez,577d44e98188b3d27cce7c6b4699acd16915810b
antonio_villagomez_img_0474,img_474.jpg,animales,ilustracion_plana_color,256,256,ilustracion estilo tierno donde se observa: ratón,Vecteezy,antonio_villagomez,f78144b422c30619dcf460f93b75f8a8581931ee
antonio_villagomez_img_0475,img_475.jpg,animales,ilustracion_plana_color,256,256,ilustracion estilo tierno donde se observa: pájaro,Pinterest,antonio_villagomez,80866601d93e606fd6495d36cb5644c5586844ea
antonio_villagomez_img_0476,img_476.jpg,animales,ilustracion_plana_color,256,256,ilustracion estilo tierno donde se observa: rana,Vecteezy,antonio_villagomez,13a6c21cc3bcce9ca2a8dc5354a9ecf3dd253eb5
antonio_villagomez_img_0477,img_477.jpg,animales,ilustracion_plana_color,256,256,ilustracion estilo tierno donde se observa: león,Pinterest,antonio_villagomez,755982813ea145b551a23cf517e5635e1a57dfe2
antonio_villagomez_img_0478,img_478.jpg,animales,ilustracion_plana_color,256,256,ilustracion estilo tierno donde se observa: tigre,Vecteezy,antonio_villagomez,ba73c7272aeb7f5275112559624a277462e723d2
antonio_villagomez_img_0479,img_479.jpg,animales,ilustracion_plana_color,256,256,ilustracion estilo tierno donde se observa: pájaro,Pinterest,antonio_villagomez,0e522c5d504d0c353d82675cd6869c22aa4035b9
antonio_villagomez_img_0480,img_480.jpg,animales,ilustracion_plana_color,256,256,ilustracion estilo tierno donde se observa: pájaro,Vecteezy,antonio_villagomez,bafd602f6d7671fcd403d449f2b5527b559e25c4
antonio_villagomez_img_0481,img_481.jpg,animales,ilustracion_plana_color,256,256,ilustracion estilo tierno donde se observa: rana,Pinterest,antonio_villagomez,52a4a6cda42072fc78d76e54654e859cc6e558d3
antonio_villagomez_img_0482,img_482.jpg,animales,ilustracion_plana_color,256,256,ilustracion estilo tierno donde se observa: ratón,Vecteezy,antonio_villagomez,fbc71280fdc6370abc574e2244da50eed9b6e61e
antonio_villagomez_img_0483,img_483.jpg,animales,ilustracion_plana_color,256,256,ilustracion estilo tierno donde se observa: león,Pinterest,antonio_villagomez,67ed131a7a1e3da88528ce0c3b81c6039eb77947
antonio_villagomez_img_0484,img_484.jpg,animales,ilustracion_plana_color,256,256,ilustracion estilo tierno donde se observa: ratón,Vecteezy,antonio_villagomez,ae3680d1c9f0e46d618f4c0569631f54f519dddc
antonio_villagomez_img_0485,img_485.jpg,animales,ilustracion_plana_color,256,256,ilustracion estilo tierno donde se observa: ratón,Pinterest,antonio_villagomez,f507723cdadc98f9e7b3a610a1129e94add2edcd
antonio_villagomez_img_0486,img_486.jpg,animales,ilustracion_plana_color,256,256,ilustracion estilo tierno donde se observa: pájaro,Vecteezy,antonio_villagomez,acf5a80f51dd1ac1ac60d2b4b78a697454f304d5
antonio_villagomez_img_0487,img_487.jpg,animales,ilustracion_plana_color,256,256,ilustracion estilo tierno donde se observa: perro,Pinterest,antonio_villagomez,76b3af0e77090a73b6344771ad1c774967391ab1
antonio_villagomez_img_0488,img_488.jpg,animales,ilustracion_plana_color,256,256,ilustracion estilo tierno donde se observa: rana,Vecteezy,antonio_villagomez,fc153574ba1fa94a2f56571c8e570a4595e22115
antonio_villagomez_img_0489,img_489.jpg,animales,ilustracion_plana_color,256,256,ilustracion estilo tierno donde se observa: tigre,Pinterest,antonio_villagomez,eeaa13e60bdf3f93443da6b2a8030630f9ff5d0b
antonio_villagomez_img_0490,img_490.jpg,animales,ilustracion_plana_color,256,256,ilustracion estilo tierno donde se observa: panda,Vecteezy,antonio_villagomez,a700555f8c4a1ea09e67b0bcb9743b1aad45d534
antonio_villagomez_img_0491,img_491.jpg,animales,ilustracion_plana_color,256,256,ilustracion estilo tierno donde se observa: cerdito,Pinterest,antonio_villagomez,2ed094a8c091f6a2de272da54710cf93dc2ea4fa
antonio_villagomez_img_0492,img_492.jpg,animales,ilustracion_plana_color,256,256,ilustracion estilo tierno donde se observa: tigre,Vecteezy,antonio_villagomez,53a09c70f143002f584e3c671f83e8b82ed603fc
antonio_villagomez_img_0493,img_493.jpg,animales,ilustracion_plana_color,256,256,ilustracion estilo tierno donde se observa: pájaro,Pinterest,antonio_villagomez,ec495b3f1dcbc779f4701dba2d17d5537bea4d22
antonio_villagomez_img_0494,img_494.png,animales,ilustracion_plana_color,1152,2048,ilustracion estilo tierno donde se observa: conejo,Vecteezy,antonio_villagomez,517219abbf5c534ddc508d00de23fff75ed35fc1
antonio_villagomez_img_0495,img_495.jpg,animales,ilustracion_plana_color,256,256,ilustracion estilo tierno donde se observa: oveja,Pinterest,antonio_villagomez,45b4fe4eaa75df1583c8591d704389541ec8c78e
antonio_villagomez_img_0496,img_496.jpg,animales,ilustracion_plana_color,256,256,ilustracion estilo tierno donde se observa: zorro,Vecteezy,antonio_villagomez,b0af031f92bef64afc7dd9256bb89dcbc9ef8a30
antonio_villagomez_img_0497,img_497.jpg,animales,ilustracion_plana_color,256,256,ilustracion estilo tierno donde se observa: león,Pinterest,antonio_villagomez,0cf60cc500dae9675abc44d2ca50ad357bf2ea41
antonio_villagomez_img_0498,img_498.jpg,animales,ilustracion_plana_color,256,256,ilustracion estilo tierno donde se observa: pato,Vecteezy,antonio_villagomez,402558360bfecd6868c8173872e5d9f060f6cb00
antonio_villagomez_img_0499,img_499.jpg,animales,ilustracion_plana_color,256,256,ilustracion estilo tierno donde se observa: rana,Pinterest,antonio_villagomez,b0860d058cd47ebc2d2bcb25fe295eea285625c6
antonio_villagomez_img_0500,img_500.jpg,animales,ilustracion_plana_color,256,256,ilustracion estilo tierno donde se observa: oso,Vecteezy,antonio_villagomez,d24776273b1b4f6abdd36f166c9991f726a67e4a
antonio_villagomez_img_0501,img_501.jpg,animales,ilustracion_plana_color,256,256,ilustracion estilo tierno donde se observa: pájaro,Pinterest,antonio_villagomez,00ec045b35f4dd8a14d0208e32eee4fb0d83bee8
antonio_villagomez_img_0502,img_502.jpg,animales,ilustracion_plana_color,256,256,ilustracion estilo tierno donde se observa: pájaro,Vecteezy,antonio_villagomez,4f432b8a4c5ebdfdf0441556233a7be6f39814d1
antonio_villagomez_img_0503,img_503.jpg,animales,ilustracion_plana_color,256,256,ilustracion estilo tierno donde se observa: pájaro,Pinterest,antonio_villagomez,3368324b003d8614ae8cb508886ce429bc0b2b1c
antonio_villagomez_img_0504,img_504.jpg,animales,ilustracion_plana_color,256,256,ilustracion estilo tierno donde se observa: perro,Vecteezy,antonio_villagomez,fef29f53757c24668190deacfd4fedf6376b4c02
antonio_villagomez_img_0505,img_505.png,animales,ilustracion_plana_color,128,119,ilustracion estilo tierno donde se observa: ratón,Pinterest,antonio_villagomez,d789a966934badbb1e0b63a7dab59ee31b10ac96
antonio_villagomez_img_0506,img_506.jpg,animales,ilustracion_plana_color,256,256,ilustracion estilo tierno donde se observa: zorro,Vecteezy,antonio_villagomez,39817ddf4e3209f60ca5cca255721a55ab9c5388
antonio_villagomez_img_0507,img_507.jpg,animales,ilustracion_plana_color,256,256,ilustracion estilo tierno donde se observa: perro,Pinterest,antonio_villagomez,a4b21c51a866ed38e364ef29b51ffd238526f8ef
antonio_villagomez_img_0508,img_508.jpg,animales,ilustracion_plana_color,256,256,ilustracion estilo tierno donde se observa: tigre,Vecteezy,antonio_villagomez,265ce0e6b71bbc0681f5fccb8052136f2ea46010
antonio_villagomez_img_0509,img_509.jpg,animales,ilustracion_plana_color,256,256,ilustracion estilo tierno donde se observa: tigre,Pinterest,antonio_villagomez,92dd8a202c34686129db0bb321bc06f5c1afc594
antonio_villagomez_img_0510,img_510.jpg,animales,ilustracion_plana_color,256,256,ilustracion estilo tierno donde se observa: rana,Vecteezy,antonio_villagomez,05aafd1a695bf53cfa597d8a141673592360d00c
antonio_villagomez_img_0511,img_511.jpg,animales,ilustracion_plana_color,256,256,ilustracion estilo tierno donde se observa: rana,Pinterest,antonio_villagomez,d797bb53ca9dea88e806179999a9e4037f83be15
antonio_villagomez_img_0512,img_512.jpg,animales,ilustracion_plana_color,256,256,ilustracion estilo tierno donde se observa: rana,Vecteezy,antonio_villagomez,b4221f68f1ebd30628e541d88311512b2df065f9
antonio_villagomez_img_0513,img_513.jpg,animales,ilustracion_plana_color,256,256,ilustracion estilo tierno donde se observa: oveja,Pinterest,antonio_villagomez,edde4c03a02a110801156c25a944df63178409c9
antonio_villagomez_img_0514,img_514.jpg,animales,ilustracion_plana_color,256,256,ilustracion estilo tierno donde se observa: león,Vecteezy,antonio_villagomez,1136f5f0c3a49adb6f81c2856a292a238ad08f97
antonio_villagomez_img_0515,img_515.jpg,animales,ilustracion_plana_color,256,256,ilustracion estilo tierno donde se observa: koala,Pinterest,antonio_villagomez,bbb11db732bf3e1d6b61b9d0be0a67469e43cf26
antonio_villagomez_img_0516,img_516.png,animales,ilustracion_plana_color,64,64,ilustracion estilo tierno donde se observa: ratón,Vecteezy,antonio_villagomez,a4d64206f94d30dc266fcf487e71a6b950febefd
antonio_villagomez_img_0517,img_517.jpg,animales,ilustracion_plana_color,256,256,ilustracion estilo tierno donde se observa: oveja,Pinterest,antonio_villagomez,abb2463fb958fe50f03567f4b0f97b4167b984b2
antonio_villagomez_img_0518,img_518.jpg,animales,ilustracion_plana_color,256,256,ilustracion estilo tierno donde se observa: rana,Vecteezy,antonio_villagomez,06279b730c57eabd9d457fe76298c2bdd55c12bb
antonio_villagomez_img_0519,img_519.jpg,animales,ilustracion_plana_color,256,256,ilustracion estilo tierno donde se observa: pájaro,Pinterest,antonio_villagomez,b4b28e5880968813b8c9da50c4c91cbb017a390e
antonio_villagomez_img_0520,img_520.jpg,animales,ilustracion_plana_color,256,256,ilustracion estilo tierno donde se observa: perro,Vecteezy,antonio_villagomez,c48da853991b6292c25e9cf0b101df8505661ecb
antonio_villagomez_img_0521,img_521.jpg,animales,ilustracion_plana_color,256,256,ilustracion estilo tierno donde se observa: tigre,Pinterest,antonio_villagomez,7ae224ff9000fdc1247cbfc112cfe4763466855a
antonio_villagomez_img_0522,img_522.jpg,animales,ilustracion_plana_color,256,256,ilustracion estilo tierno donde se observa: oveja,Vecteezy,antonio_villagomez,98a61ba4db6f4c65dbd3ecb9e61160a4b44c0c66
antonio_villagomez_img_0523,img_523.jpg,animales,ilustracion_plana_color,256,256,ilustracion estilo tierno donde se observa: león,Pinterest,antonio_villagomez,1707969c7446c35d1fccc7c110e4d99c731f6eb5
antonio_villagomez_img_0524,img_524.jpg,animales,ilustracion_plana_color,256,256,ilustracion estilo tierno donde se observa: león,Vecteezy,antonio_villagomez,59511561d89f42675bac6faf03923a5d3497088d
antonio_villagomez_img_0525,img_525.jpg,animales,ilustracion_plana_color,256,256,ilustracion estilo tierno donde se observa: perro,Pinterest,antonio_villagomez,e15e0aa9ca09b2444c7df25a5c2cc4a067ccc266
antonio_villagomez_img_0526,img_526.jpg,animales,ilustracion_plana_color,1199,807,ilustracion estilo tierno donde se observa: cerdito,Vecteezy,antonio_villagomez,c94125546f8d5d61e846bd9aaf6a128ba59464c9
antonio_villagomez_img_0527,img_527.png,animales,ilustracion_plana_color,64,64,ilustracion estilo tierno donde se observa: mono,Pinterest,antonio_villagomez,8f6a031c09ed22b2dc928d53e1703f97c98d9afd
antonio_villagomez_img_0528,img_528.jpg,animales,ilustracion_plana_color,256,256,ilustracion estilo tierno donde se observa: perro,Vecteezy,antonio_villagomez,63dcc949104ad264d49ddb9c179759147ed747a3
antonio_villagomez_img_0529,img_529.jpg,animales,ilustracion_plana_color,256,256,ilustracion estilo tierno donde se observa: león,Pinterest,antonio_villagomez,a7cd3e0c58ef59f8a5bdd08b0705dd3a1eaa9251
antonio_villagomez_img_0530,img_530.jpg,animales,ilustracion_plana_color,256,256,ilustracion estilo tierno donde se observa: rana,Vecteezy,antonio_villagomez,888aee19637d23339b0950b6382b5a124ead6b53
antonio_villagomez_img_0531,img_531.jpg,animales,ilustracion_plana_color,256,256,ilustracion estilo tierno donde se observa: zorro,Pinterest,antonio_villagomez,87e9082836be9f785067367298098a1b8ecb043a
antonio_villagomez_img_0532,img_532.jpg,animales,ilustracion_plana_color,256,256,ilustracion estilo tierno donde se observa: cerdito,Vecteezy,antonio_villagomez,59e0411192e09d008b1f2182f85a22dad2cfeada
antonio_villagomez_img_0533,img_533.jpg,animales,ilustracion_plana_color,256,256,ilustracion estilo tierno donde se observa: perro,Pinterest,antonio_villagomez,6d836178dfeabf994a9680d533dd3cb9b3339fbb
antonio_villagomez_img_0534,img_534.jpg,animales,ilustracion_plana_color,256,256,ilustracion estilo tierno donde se observa: pájaro,Vecteezy,antonio_villagomez,cbfeaa43c2856f8f2fe9aba2b1f6ae2e9746f473
antonio_villagomez_img_0535,img_535.jpg,animales,ilustracion_plana_color,256,256,ilustracion estilo tierno donde se observa: ratón,Pinterest,antonio_villagomez,f047b7e7348e0fe91d8fe91830e061fb8cba0672
antonio_villagomez_img_0536,img_536.jpg,animales,ilustracion_plana_color,256,256,ilustracion estilo tierno donde se observa: rana,Vecteezy,antonio_villagomez,3eb1a8620a6e89642c5c72d35e8fc47d509e1c5e
antonio_villagomez_img_0537,img_537.jpg,animales,ilustracion_plana_color,256,256,ilustracion estilo tierno donde se observa: oso,Pinterest,antonio_villagomez,d9386c258ca130996b3c1de63eea368d4f0598a9
antonio_villagomez_img_0538,img_538.jpg,animales,ilustracion_plana_color,736,1041,ilustracion estilo tierno donde se observa: tigre,Vecteezy,antonio_villagomez,750cac4bb9b088da94cda7664d144a7177a2e64d
antonio_villagomez_img_0539,img_539.png,animales,ilustracion_plana_color,450,450,ilustracion estilo tierno donde se observa: pájaro,Pinterest,antonio_villagomez,483c2a8920d1d4862dd8e69a20baa72d896821df
antonio_villagomez_img_0540,img_540.png,animales,ilustracion_plana_color,64,64,ilustracion estilo tierno donde se observa: panda,Vecteezy,antonio_villagomez,1060a2fabfda0d131c5bce8f7a36493db28cdb8c
antonio_villagomez_img_0541,img_541.jpg,animales,ilustracion_plana_color,256,256,ilustracion estilo tierno donde se observa: pájaro,Pinterest,antonio_villagomez,437b3a412ff520effb5deccb7ee82a6c68a69300
antonio_villagomez_img_0542,img_542.jpg,animales,ilustracion_plana_color,256,256,ilustracion estilo tierno donde se observa: pájaro,Vecteezy,antonio_villagomez,b15176e279d4ffdc3354c4e0c9d32358b6e174db
antonio_villagomez_img_0543,img_543.jpg,animales,ilustracion_plana_color,256,256,ilustracion estilo tierno donde se observa: oso,Pinterest,antonio_villagomez,71bce4ac9ac12f5212b4538f440a620ae16ba7c9
antonio_villagomez_img_0544,img_544.jpg,animales,ilustracion_plana_color,256,256,ilustracion estilo tierno donde se observa: pájaro,Vecteezy,antonio_villagomez,8566cba9d536fb8432f42c2c6b29ff68bf92f994
antonio_villagomez_img_0545,img_545.jpg,animales,ilustracion_plana_color,256,256,ilustracion estilo tierno donde se observa: pájaro,Pinterest,antonio_villagomez,2c65be82f3fbd4f20e0138801a22df759058d4e1
antonio_villagomez_img_0546,img_546.jpg,animales,ilustracion_plana_color,256,256,ilustracion estilo tierno donde se observa: tigre,Vecteezy,antonio_villagomez,84f33810c9a04ed514465b13b8d960b46b48028c
antonio_villagomez_img_0547,img_547.jpg,animales,ilustracion_plana_color,256,256,ilustracion estilo tierno donde se observa: león,Pinterest,antonio_villagomez,087a0e1fa89f5a02b8d5c9b8d8b06abecf3e1b3d
antonio_villagomez_img_0548,img_548.jpg,animales,ilustracion_plana_color,256,256,ilustracion estilo tierno donde se observa: tigre,Vecteezy,antonio_villagomez,5ba6cc9b1d748a8cb2bd0c7f62770eb02b592795
antonio_villagomez_img_0549,img_549.jpg,animales,ilustracion_plana_color,256,256,ilustracion estilo tierno donde se observa: ratón,Pinterest,antonio_villagomez,c00a1f27b2b38730fb4eb8f1433432f47b4965e1
antonio_villagomez_img_0550,img_550.jpg,animales,ilustracion_plana_color,256,256,ilustracion estilo tierno donde se observa: pájaro,Vecteezy,antonio_villagomez,f6ae2e42ad30fa262e4ab444a584bc674e16148d
antonio_villagomez_img_0551,img_551.png,animales,ilustracion_plana_color,64,64,ilustracion estilo tierno donde se observa: perro,Pinterest,antonio_villagomez,332b6389d32152abc6f988810615e410296e4100
antonio_villagomez_img_0552,img_552.jpg,animales,ilustracion_plana_color,256,256,ilustracion estilo tierno donde se observa: pato,Vecteezy,antonio_villagomez,e9c9f069b2e32b7edc4c496f2bd361f564985a38
antonio_villagomez_img_0553,img_553.jpg,animales,ilustracion_plana_color,256,256,ilustracion estilo tierno donde se observa: león,Pinterest,antonio_villagomez,f4e16ed37adefc567a6803eb939dfae323e088a2
antonio_villagomez_img_0554,img_554.jpg,animales,ilustracion_plana_color,256,256,ilustracion estilo tierno donde se observa: oso,Vecteezy,antonio_villagomez,9848ba4d357c1f86d0cbfcc722be7ed9a956482b
antonio_villagomez_img_0555,img_555.jpg,animales,ilustracion_plana_color,256,256,ilustracion estilo tierno donde se observa: cerdito,Pinterest,antonio_villagomez,7a22aef049e40eb4126df22eb9b6fca2ac2184dc
antonio_villagomez_img_0556,img_556.jpg,animales,ilustracion_plana_color,256,256,ilustracion estilo tierno donde se observa: oveja,Vecteezy,antonio_villagomez,da1ab73299296b1eb5ada24e469cc8f56fb30c90
antonio_villagomez_img_0557,img_557.jpg,animales,ilustracion_plana_color,256,256,ilustracion estilo tierno donde se observa: tigre,Pinterest,antonio_villagomez,013d4e7e6e52115f5da6d9bd79f5d9a781562046
antonio_villagomez_img_0558,img_558.jpg,animales,ilustracion_plana_color,256,256,ilustracion estilo tierno donde se observa: león,Vecteezy,antonio_villagomez,b49671d7f54784e3eb99f6ebca52ac9ec862e590
antonio_villagomez_img_0559,img_559.jpg,animales,ilustracion_plana_color,256,256,ilustracion estilo tierno donde se observa: perro,Pinterest,antonio_villagomez,e42322e49c7b9a0f8c130241e472f15eb2d1da83
antonio_villagomez_img_0560,img_560.jpg,animales,ilustracion_plana_color,256,256,ilustracion estilo tierno donde se observa: pájaro,Vecteezy,antonio_villagomez,248730fdf181022c586582fc4b4cef4b5f6f643d
antonio_villagomez_img_0561,img_561.jpg,animales,ilustracion_plana_color,256,256,ilustracion estilo tierno donde se observa: conejo,Pinterest,antonio_villagomez,485dd519d8e1914ea05f2383ad28a98db80d98fd
antonio_villagomez_img_0562,img_562.png,animales,ilustracion_plana_color,64,64,ilustracion estilo tierno donde se observa: cerdito,Vecteezy,antonio_villagomez,90ad06b36afe11443f06b149403f7cec0b2c69a7
antonio_villagomez_img_0563,img_563.jpg,animales,ilustracion_plana_color,256,256,ilustracion estilo tierno donde se observa: panda,Pinterest,antonio_villagomez,13e0f891bb7bc607e66af8617ce57fa80d62e7cb
antonio_villagomez_img_0564,img_564.jpg,animales,ilustracion_plana_color,256,256,ilustracion estilo tierno donde se observa: ratón,Vecteezy,antonio_villagomez,8e6733e21c92627dc2547fee8f080b9ce554e15c
antonio_villagomez_img_0565,img_565.jpg,animales,ilustracion_plana_color,256,256,ilustracion estilo tierno donde se observa: conejo,Pinterest,antonio_villagomez,1769f53c88b6a99bc7cc5bcef449c209b66d6724
antonio_villagomez_img_0566,img_566.jpg,animales,ilustracion_plana_color,256,256,ilustracion estilo tierno donde se observa: panda,Vecteezy,antonio_villagomez,5b7c6e853f555318405103e7dc115d50fa5cf689
antonio_villagomez_img_0567,img_567.jpg,animales,ilustracion_plana_color,256,256,ilustracion estilo tierno donde se observa: koala,Pinterest,antonio_villagomez,a0f2b8aa7b60e0eb51342e392fe927c842c0debe
antonio_villagomez_img_0568,img_568.jpg,animales,ilustracion_plana_color,256,256,ilustracion estilo tierno donde se observa: oso,Vecteezy,antonio_villagomez,2f273c6fb40f96cab6b7d23ba4dca59f9e8f2cb5
antonio_villagomez_img_0569,img_569.jpg,animales,ilustracion_plana_color,256,256,ilustracion estilo tierno donde se observa: pájaro,Pinterest,antonio_villagomez,f358fb0104edf45e9e98e9a3429006a70dc3af42
antonio_villagomez_img_0570,img_570.jpg,animales,ilustracion_plana_color,256,256,ilustracion estilo tierno donde se observa: pájaro,Vecteezy,antonio_villagomez,d4bf1ddce937fc047e4b7b9800b7bbd4c2e05677
antonio_villagomez_img_0571,img_571.jpg,animales,ilustracion_plana_color,256,256,ilustracion estilo tierno donde se observa: cerdito,Pinterest,antonio_villagomez,d71bc75a6b8d12c8dc0c81f3271778abc688fa09
antonio_villagomez_img_0572,img_572.jpg,animales,ilustracion_plana_color,256,256,ilustracion estilo tierno donde se observa: león,Vecteezy,antonio_villagomez,22bb6ae4ce836f907029bbc917d7fd9ea9d0ddde
antonio_villagomez_img_0573,img_573.jpg,animales,ilustracion_plana_color,256,256,ilustracion estilo tierno donde se observa: pato,Pinterest,antonio_villagomez,c963606ff19393a977c4375ea148972bfaf7ba89
antonio_villagomez_img_0574,img_574.jpg,animales,ilustracion_plana_color,256,256,ilustracion estilo tierno donde se observa: león,Vecteezy,antonio_villagomez,91a15d76890217111d1427996016945ed7938097
antonio_villagomez_img_0575,img_575.jpg,animales,ilustracion_plana_color,256,256,ilustracion estilo tierno donde se observa: tigre,Pinterest,antonio_villagomez,cae8c15f6574d46919abc98789ad89de029cce88
antonio_villagomez_img_0576,img_576.jpg,animales,ilustracion_plana_color,256,256,ilustracion estilo tierno donde se observa: ratón,Vecteezy,antonio_villagomez,bdf995945f2da8550ce08a0c95abb7fd9a3c7aac
antonio_villagomez_img_0577,img_577.jpg,animales,ilustracion_plana_color,256,256,ilustracion estilo tierno donde se observa: león,Pinterest,antonio_villagomez,45095a28d106707c0135825d7e04ef4d5e7254d3
antonio_villagomez_img_0578,img_578.jpg,animales,ilustracion_plana_color,256,256,ilustracion estilo tierno donde se observa: pájaro,Vecteezy,antonio_villagomez,fa852c9cc0497fde448f4a2d6b1450b8177f971a
antonio_villagomez_img_0579,img_579.jpg,animales,ilustracion_plana_color,256,256,ilustracion estilo tierno donde se observa: zorro,Pinterest,antonio_villagomez,a19827e19b5602a618a06447c7550ca4e98c0432
antonio_villagomez_img_0580,img_580.jpg,animales,ilustracion_plana_color,256,256,ilustracion estilo tierno donde se observa: ratón,Vecteezy,antonio_villagomez,430dbf484e630a103d013243d2e0bbe8c7066715
antonio_villagomez_img_0581,img_581.jpg,animales,ilustracion_plana_color,256,256,ilustracion estilo tierno donde se observa: zorro,Pinterest,antonio_villagomez,da1db2fddddfc2b0301f531a05cdaa5866492246
antonio_villagomez_img_0582,img_582.jpg,animales,ilustracion_plana_color,256,256,ilustracion estilo tierno donde se observa: pato,Vecteezy,antonio_villagomez,8a1858f02dea6f40ed2d6c97fd813491a334f612
antonio_villagomez_img_0583,img_583.jpg,animales,ilustracion_plana_color,256,256,ilustracion estilo tierno donde se observa: león,Pinterest,antonio_villagomez,5bbd568e1afbe9c9ccf805734d1fb0c576032c78
antonio_villagomez_img_0584,img_584.jpg,animales,ilustracion_plana_color,256,256,ilustracion estilo tierno donde se observa: mono,Vecteezy,antonio_villagomez,3c76e02e5ba91470ff782a2b8b08353a8250ebbb
antonio_villagomez_img_0585,img_585.jpg,animales,ilustracion_plana_color,256,256,ilustracion estilo tierno donde se observa: rana,Pinterest,antonio_villagomez,55759cccd7d3e6c52a2d2ec1538cc5b265b69e30
antonio_villagomez_img_0586,img_586.jpg,animales,ilustracion_plana_color,256,256,ilustracion estilo tierno donde se observa: oveja,Vecteezy,antonio_villagomez,eac5edacdce6c718dec3d745f7f6947820049de0
antonio_villagomez_img_0587,img_587.jpg,animales,ilustracion_plana_color,256,256,ilustracion estilo tierno donde se observa: pájaro,Pinterest,antonio_villagomez,a5da4fadd2acfdd4f24b0aa7e8d7b779e2a9eb18
antonio_villagomez_img_0588,img_588.jpg,animales,ilustracion_plana_color,256,256,ilustracion estilo tierno donde se observa: pájaro,Vecteezy,antonio_villagomez,3025a391f3065a73a6e05ea30c25dff2add877ae
antonio_villagomez_img_0589,img_589.jpg,animales,ilustracion_plana_color,256,256,ilustracion estilo tierno donde se observa: pájaro,Pinterest,antonio_villagomez,637d19f6a2460fcbac3f67595f839569e377dcd6
antonio_villagomez_img_0590,img_590.jpg,animales,ilustracion_plana_color,256,256,ilustracion estilo tierno donde se observa: león,Vecteezy,antonio_villagomez,b3d01fe48b987f68b5a23301c6e4ca3277445244
antonio_villagomez_img_0591,img_591.jpg,animales,ilustracion_plana_color,256,256,ilustracion estilo tierno donde se observa: pájaro,Pinterest,antonio_villagomez,dcb6186ccdaeb70c6060d3ea903f31b2cad3a6dc
antonio_villagomez_img_0592,img_592.jpg,animales,ilustracion_plana_color,256,256,ilustracion estilo tierno donde se observa: perro,Vecteezy,antonio_villagomez,322db43381256b2234e77dad6d91a866dc98ec3f
antonio_villagomez_img_0593,img_593.jpg,animales,ilustracion_plana_color,256,256,ilustracion estilo tierno donde se observa: zorro,Pinterest,antonio_villagomez,29a79983bb9c051f4a0c29664056e6bcea6de00d
antonio_villagomez_img_0594,img_594.jpg,animales,ilustracion_plana_color,256,256,ilustracion estilo tierno donde se observa: pájaro,Vecteezy,antonio_villagomez,37b1a32471e6d796eb76be8c6c13f663070556a9
antonio_villagomez_img_0595,img_595.jpg,animales,ilustracion_plana_color,256,256,ilustracion estilo tierno donde se observa: ratón,Pinterest,antonio_villagomez,06936d5de0c1b4aae61fd629dcbccd2ed83df55c
antonio_villagomez_img_0596,img_596.jpg,animales,ilustracion_plana_color,256,256,ilustracion estilo tierno donde se observa: gato,Vecteezy,antonio_villagomez,69342e45a3f21a30727fbb9276ca2c56af49bdf2
antonio_villagomez_img_0597,img_597.jpg,animales,ilustracion_plana_color,256,256,ilustracion estilo tierno donde se observa: rana,Pinterest,antonio_villagomez,9e8e2ce7576b8b7cac9055b94eaf52d76496644b
antonio_villagomez_img_0598,img_598.jpg,animales,ilustracion_plana_color,256,256,ilustracion estilo tierno donde se observa: perro,Vecteezy,antonio_villagomez,cda609d77381d81a4f6578944ffae1473034d097
antonio_villagomez_img_0599,img_599.jpg,animales,ilustracion_plana_color,256,256,ilustracion estilo tierno donde se observa: perro,Pinterest,antonio_villagomez,3873ad573e962bb581296df2e84394ff34376c17
antonio_villagomez_img_0600,img_600.jpg,animales,ilustracion_plana_color,256,256,ilustracion estilo tierno donde se observa: ratón,Vecteezy,antonio_villagomez,9366f24f21d2285c136e1332abfc25104377f70a
antonio_villagomez_img_0601,img_601.jpg,animales,ilustracion_plana_color,256,256,ilustracion estilo tierno donde se observa: gato,Pinterest,antonio_villagomez,0bfad4849e47542d62e96500fa993327a386cef9
antonio_villagomez_img_0602,img_602.jpg,animales,ilustracion_plana_color,256,256,ilustracion estilo tierno donde se observa: perro,Vecteezy,antonio_villagomez,75d7bf8ce4e82f6743292a7c9772b8538a63eec1
antonio_villagomez_img_0603,img_603.jpg,animales,ilustracion_plana_color,256,256,ilustracion estilo tierno donde se observa: perro,Pinterest,antonio_villagomez,6e649e3e0f1d9a6b267101b020971cf0d569a4c0
antonio_villagomez_img_0604,img_604.jpg,animales,ilustracion_plana_color,256,256,ilustracion estilo tierno donde se observa: perro,Vecteezy,antonio_villagomez,5d71dba1071264c8f4e6f1729b4154722124cab4
antonio_villagomez_img_0605,img_605.jpg,animales,ilustracion_plana_color,256,256,ilustracion estilo tierno donde se observa: perro,Pinterest,antonio_villagomez,a633c09e59d8a1144b691c69ae34327123b0f6d4
antonio_villagomez_img_0606,img_606.jpg,animales,ilustracion_plana_color,256,256,ilustracion estilo tierno donde se observa: león,Vecteezy,antonio_villagomez,1058c1a2406685145e38094c8dcac185314feb89
antonio_villagomez_img_0607,img_607.jpg,animales,ilustracion_plana_color,256,256,ilustracion estilo tierno donde se observa: perro,Pinterest,antonio_villagomez,a6acbef0267aeefc00e86f47be46278f348bc204
antonio_villagomez_img_0608,img_608.jpg,animales,ilustracion_plana_color,256,256,ilustracion estilo tierno donde se observa: gato,Vecteezy,antonio_villagomez,5b4dca2288fa1dbc6388238ae2245ea70ec5bb36
antonio_villagomez_img_0609,img_609.jpg,animales,ilustracion_plana_color,256,256,ilustracion estilo tierno donde se observa: tigre,Pinterest,antonio_villagomez,273e97acac5c4ffc2d05adb34849b8dfa2672fcf
antonio_villagomez_img_0610,img_610.jpg,animales,ilustracion_plana_color,256,256,ilustracion estilo tierno donde se observa: zorro,Vecteezy,antonio_villagomez,7ceae8a9f7ef0caf9c78efc7e5a5332fa25b0885
antonio_villagomez_img_0611,img_611.jpg,animales,ilustracion_plana_color,256,256,ilustracion estilo tierno donde se observa: ratón,Pinterest,antonio_villagomez,2834c36d30d99ca9a6f3429ae546e8ced25fc18e
antonio_villagomez_img_0612,img_612.jpg,animales,ilustracion_plana_color,256,256,ilustracion estilo tierno donde se observa: perro,Vecteezy,antonio_villagomez,11f6342d3bfaab9ce8cca1d6cfbc9f097e9aeb2a
antonio_villagomez_img_0613,img_613.jpg,animales,ilustracion_plana_color,256,256,ilustracion estilo tierno donde se observa: zorro,Pinterest,antonio_villagomez,52503317ef785badb8a3ef12d44a17e4f5837459
antonio_villagomez_img_0614,img_614.jpg,animales,ilustracion_plana_color,256,256,ilustracion estilo tierno donde se observa: gato,Vecteezy,antonio_villagomez,af349fee454dc606f2491630b02af1164bc10dde
antonio_villagomez_img_0615,img_615.jpg,animales,ilustracion_plana_color,256,256,ilustracion estilo tierno donde se observa: perro,Pinterest,antonio_villagomez,d7aba86c70f0e111c76cbebfec19fabd74c3067b
antonio_villagomez_img_0616,img_616.jpg,animales,ilustracion_plana_color,256,256,ilustracion estilo tierno donde se observa: zorro,Vecteezy,antonio_villagomez,ee299f1b24fc03ca89bacf8a20485cf117f40527
antonio_villagomez_img_0617,img_617.png,animales,ilustracion_plana_color,64,64,ilustracion estilo tierno donde se observa: león,Pinterest,antonio_villagomez,b431995c63214c17fde90df0b3177c5626aae47b
antonio_villagomez_img_0618,img_618.jpg,animales,ilustracion_plana_color,256,256,ilustracion estilo tierno donde se observa: gato,Vecteezy,antonio_villagomez,87e2636c1dd27c9d0781cd2492f49165156913e6
antonio_villagomez_img_0619,img_619.jpg,animales,ilustracion_plana_color,256,256,ilustracion estilo tierno donde se observa: gato,Pinterest,antonio_villagomez,ee388eaaf578b50c34edc26ef8be64d0e0f0567a
antonio_villagomez_img_0620,img_620.jpg,animales,ilustracion_plana_color,256,256,ilustracion estilo tierno donde se observa: zorro,Vecteezy,antonio_villagomez,f1f270f4c77a4d49b8f01965e7f7c4a96e655424
antonio_villagomez_img_0621,img_621.jpg,animales,ilustracion_plana_color,256,256,ilustracion estilo tierno donde se observa: perro,Pinterest,antonio_villagomez,fa14c9abed05f2697b73f1e0fcce74fd28e4efb0
antonio_villagomez_img_0622,img_622.jpg,animales,ilustracion_plana_color,256,256,ilustracion estilo tierno donde se observa: gato,Vecteezy,antonio_villagomez,094d4715f125732b700246548c0a7b5dc62ce33f
antonio_villagomez_img_0623,img_623.jpg,animales,ilustracion_plana_color,256,256,ilustracion estilo tierno donde se observa: gato,Pinterest,antonio_villagomez,1e61de7bcd2e4b98ac246ca165a40280928a3c06
antonio_villagomez_img_0624,img_624.jpg,animales,ilustracion_plana_color,256,256,ilustracion estilo tierno donde se observa: perro,Vecteezy,antonio_villagomez,7c9e3266557ad6472cfe181d21b35dce5fe3abb5
antonio_villagomez_img_0625,img_625.jpg,animales,ilustracion_plana_color,256,256,ilustracion estilo tierno donde se observa: gato,Pinterest,antonio_villagomez,454e725678bd326c4e80e0db8104054f39d0e16c
antonio_villagomez_img_0626,img_626.png,animales,ilustracion_plana_color,64,64,ilustracion estilo tierno donde se observa: león,Vecteezy,antonio_villagomez,d8930658cee772404317cc5096496d29737cede6
antonio_villagomez_img_0627,img_627.jpg,animales,ilustracion_plana_color,256,256,ilustracion estilo tierno donde se observa: tigre,Pinterest,antonio_villagomez,3f9443a9f5023f4434ea1aee0456a5c85308052f
antonio_villagomez_img_0628,img_628.jpg,animales,ilustracion_plana_color,256,256,ilustracion estilo tierno donde se observa: gato,Vecteezy,antonio_villagomez,fe34d7ac9ac5ed867a0478cfe4a81576fd52495b
antonio_villagomez_img_0629,img_629.jpg,animales,ilustracion_plana_color,256,256,ilustracion estilo tierno donde se observa: gato,Pinterest,antonio_villagomez,e2f56de9277e5b6d455d7214a53a1c65baecec09
antonio_villagomez_img_0630,img_630.jpg,animales,ilustracion_plana_color,256,256,ilustracion estilo tierno donde se observa: gato,Vecteezy,antonio_villagomez,6a6324ab002da7c9a471e9ce201f816d4d53150d
antonio_villagomez_img_0631,img_631.jpg,animales,ilustracion_plana_color,256,256,ilustracion estilo tierno donde se observa: zorro,Pinterest,antonio_villagomez,4762b1707ecdb64332d01b8fb43bff93f1220ab5
antonio_villagomez_img_0632,img_632.jpg,animales,ilustracion_plana_color,256,256,ilustracion estilo tierno donde se observa: perro,Vecteezy,antonio_villagomez,cfcb29179766023980295a142fd85cdf46e0519b
antonio_villagomez_img_0633,img_633.jpg,animales,ilustracion_plana_color,256,256,ilustracion estilo tierno donde se observa: oso,Pinterest,antonio_villagomez,e343daed6216e0fb7c044398ff6fbbf46f1c3ff7
antonio_villagomez_img_0634,img_634.jpg,animales,ilustracion_plana_color,256,256,ilustracion estilo tierno donde se observa: gato,Vecteezy,antonio_villagomez,a79c65a0ff8c9b28d19104e387f51eef43885519
antonio_villagomez_img_0635,img_635.jpg,animales,ilustracion_plana_color,256,256,ilustracion estilo tierno donde se observa: perro,Pinterest,antonio_villagomez,77d1c3eb9406606413f6eefc387bc8932f18fd3b
antonio_villagomez_img_0636,img_636.jpg,animales,ilustracion_plana_color,736,1041,ilustracion estilo tierno donde se observa: león,Vecteezy,antonio_villagomez,ea52c401a43415f30916db680320be40a03b1a2c
antonio_villagomez_img_0637,img_637.png,animales,ilustracion_plana_color,450,450,ilustracion estilo tierno donde se observa: oso,Pinterest,antonio_villagomez,9eb1e22312680fa0f371fa61d310fd67d26fa359
antonio_villagomez_img_0638,img_638.png,animales,ilustracion_plana_color,64,64,ilustracion estilo tierno donde se observa: panda,Vecteezy,antonio_villagomez,42c5996f7f3f946f8528468c5b140b8ffbbee03b
antonio_villagomez_img_0639,img_639.jpg,animales,ilustracion_plana_color,256,256,ilustracion estilo tierno donde se observa: perro,Pinterest,antonio_villagomez,4bf88285922b193e04fac37370146d22eb1b7aed
antonio_villagomez_img_0640,img_640.jpg,animales,ilustracion_plana_color,256,256,ilustracion estilo tierno donde se observa: ratón,Vecteezy,antonio_villagomez,e862add783dc0d3240ba0f4fe0aa354a6333f527
antonio_villagomez_img_0641,img_641.jpg,animales,ilustracion_plana_color,256,256,ilustracion estilo tierno donde se observa: gato,Pinterest,antonio_villagomez,ac9125ff4dc2f79c89b7dd430d619e1301a8e484
antonio_villagomez_img_0642,img_642.jpg,animales,ilustracion_plana_color,256,256,ilustracion estilo tierno donde se observa: gato,Vecteezy,antonio_villagomez,2c0bd4360fe5333199d4d49b1300ea172d2cf643
antonio_villagomez_img_0643,img_643.jpg,animales,ilustracion_plana_color,256,256,ilustracion estilo tierno donde se observa: perro,Pinterest,antonio_villagomez,e99ac919cd935801357732bbf6c7e310617dfd93
antonio_villagomez_img_0644,img_644.jpg,animales,ilustracion_plana_color,256,256,ilustracion estilo tierno donde se observa: pato,Vecteezy,antonio_villagomez,3bcc7b3d3fe0aa3034361c0314aab1337eb347a3
antonio_villagomez_img_0645,img_645.jpg,animales,ilustracion_plana_color,256,256,ilustracion estilo tierno donde se observa: zorro,Pinterest,antonio_villagomez,005a72565168ea3959dda775d405e19289eef6b4
antonio_villagomez_img_0646,img_646.jpg,animales,ilustracion_plana_color,256,256,ilustracion estilo tierno donde se observa: perro,Vecteezy,antonio_villagomez,ccf89d991687dc42a44a5b3d0e15f5e98de06445
antonio_villagomez_img_0647,img_647.jpg,animales,ilustracion_plana_color,256,256,ilustracion estilo tierno donde se observa: gato,Pinterest,antonio_villagomez,bdf5ce67e75e8c9facc7267d7427bf2080ca216b
antonio_villagomez_img_0648,img_648.png,animales,ilustracion_plana_color,64,64,ilustracion estilo tierno donde se observa: zorro,Vecteezy,antonio_villagomez,ade414d9580b49dd32a6f5e600280d2fc2d9b8ff
antonio_villagomez_img_0649,img_649.jpg,animales,ilustracion_plana_color,256,256,ilustracion estilo tierno donde se observa: gato,Pinterest,antonio_villagomez,94864f05812a231e409203c1bdd6e88cf72ae618
antonio_villagomez_img_0650,img_650.jpg,animales,ilustracion_plana_color,256,256,ilustracion estilo tierno donde se observa: perro,Vecteezy,antonio_villagomez,32f3f1e3f4fa1eaf4c45daf25dfcc90ff019b39c
antonio_villagomez_img_0651,img_651.jpg,animales,ilustracion_plana_color,256,256,ilustracion estilo tierno donde se observa: perro,Pinterest,antonio_villagomez,4cbd3f309821c8f65599e4ec1fcee4ff68b01e99
antonio_villagomez_img_0652,img_652.jpg,animales,ilustracion_plana_color,256,256,ilustracion estilo tierno donde se observa: perro,Vecteezy,antonio_villagomez,b3f74aace9ab7a20d4e92ed5156bfcba008ba40f
antonio_villagomez_img_0653,img_653.jpg,animales,ilustracion_plana_color,256,256,ilustracion estilo tierno donde se observa: perro,Pinterest,antonio_villagomez,ca33c734b65a336be34800ceb0e40451ae47f158
antonio_villagomez_img_0654,img_654.jpg,animales,ilustracion_plana_color,256,256,ilustracion estilo tierno donde se observa: perro,Vecteezy,antonio_villagomez,49adff1031fcf6447fe3d1419ccab71ed5a5b54f
antonio_villagomez_img_0655,img_655.jpg,animales,ilustracion_plana_color,256,256,ilustracion estilo tierno donde se observa: perro,Pinterest,antonio_villagomez,998e8f8d1b8f2b348db98638a38bd47907f7cb93
antonio_villagomez_img_0656,img_656.jpg,animales,ilustracion_plana_color,256,256,ilustracion estilo tierno donde se observa: león,Vecteezy,antonio_villagomez,3ca61d137414da29aefb7e4d193c6a297ab19fb3
antonio_villagomez_img_0657,img_657.jpg,animales,ilustracion_plana_color,256,256,ilustracion estilo tierno donde se observa: gato,Pinterest,antonio_villagomez,d5e2cdb2b9ca4fd0f276ce3d7a263d1059a1e0bb
antonio_villagomez_img_0658,img_658.png,animales,ilustracion_plana_color,64,64,ilustracion estilo tierno donde se observa: zorro,Vecteezy,antonio_villagomez,5c9e13dd0c18a003576c6e025428f38603baf3e2
antonio_villagomez_img_0659,img_659.jpg,animales,ilustracion_plana_color,256,256,ilustracion estilo tierno donde se observa: perro,Pinterest,antonio_villagomez,6144e280f6da37a00dccb861ad2dc4965437de9e
antonio_villagomez_img_0660,img_660.jpg,animales,ilustracion_plana_color,256,256,ilustracion estilo tierno donde se observa: gato,Vecteezy,antonio_villagomez,dfa7ac6027a19c0fc685a13dc7039c06c48b8073
antonio_villagomez_img_0661,img_661.jpg,animales,ilustracion_plana_color,256,256,ilustracion estilo tierno donde se observa: gato,Pinterest,antonio_villagomez,a6faa39ffcea67483261f74e09677750802d8d5b
antonio_villagomez_img_0662,img_662.jpg,animales,ilustracion_plana_color,256,256,ilustracion estilo tierno donde se observa: gato,Vecteezy,antonio_villagomez,b9f3ff75727c50de0e5880fbb9c90d645c8c0be9
antonio_villagomez_img_0663,img_663.jpg,animales,ilustracion_plana_color,256,256,ilustracion estilo tierno donde se observa: ratón,Pinterest,antonio_villagomez,b547db02d64757164ed50fc63a3b2159ef717ceb
antonio_villagomez_img_0664,img_664.jpg,animales,ilustracion_plana_color,256,256,ilustracion estilo tierno donde se observa: gato,Vecteezy,antonio_villagomez,7b5697b569a82be4da4f9f3d8d0c91df0e21741d
antonio_villagomez_img_0665,img_665.jpg,animales,ilustracion_plana_color,256,256,ilustracion estilo tierno donde se observa: perro,Pinterest,antonio_villagomez,f50846459684530cd7973c0111432530ff80ce81
antonio_villagomez_img_0666,img_666.jpg,animales,ilustracion_plana_color,256,256,ilustracion estilo tierno donde se observa: perro,Vecteezy,antonio_villagomez,550829a227da24349af02376dc6d0b43c2422973
antonio_villagomez_img_0667,img_667.jpg,animales,ilustracion_plana_color,256,256,ilustracion estilo tierno donde se observa: perro,Pinterest,antonio_villagomez,2b4311d75f0f64ef8c417226c0f72426bcece32a
antonio_villagomez_img_0668,img_668.png,animales,ilustracion_plana_color,64,64,ilustracion estilo tierno donde se observa: conejo,Vecteezy,antonio_villagomez,049dbdda3a8aff6952f1a2a1f338dfcf4a99c7d2
antonio_villagomez_img_0669,img_669.jpg,animales,ilustracion_plana_color,256,256,ilustracion estilo tierno donde se observa: gato,Pinterest,antonio_villagomez,ebe3fc009f16e5911cab7209c106d9497257f15f
antonio_villagomez_img_0670,img_670.jpg,animales,ilustracion_plana_color,256,256,ilustracion estilo tierno donde se observa: perro,Vecteezy,antonio_villagomez,8ed38f953eb7dd1edcd7aeafb5242745cf8fadfd
antonio_villagomez_img_0671,img_671.jpg,animales,ilustracion_plana_color,256,256,ilustracion estilo tierno donde se observa: perro,Pinterest,antonio_villagomez,e557a6db6001c4b1728b5f0a380eb14991197600
antonio_villagomez_img_0672,img_672.jpg,animales,ilustracion_plana_color,256,256,ilustracion estilo tierno donde se observa: perro,Vecteezy,antonio_villagomez,a24e1a17460004569cd1ed16872170b4f312c9b1
antonio_villagomez_img_0673,img_673.jpg,animales,ilustracion_plana_color,256,256,ilustracion estilo tierno donde se observa: gato,Pinterest,antonio_villagomez,ee8514e74733ecaee12235fe774a95c26590ba58
antonio_villagomez_img_0674,img_674.jpg,animales,ilustracion_plana_color,256,256,ilustracion estilo tierno donde se observa: perro,Vecteezy,antonio_villagomez,796fa44cf9a5f4efa03c361dfa6921658b158924
antonio_villagomez_img_0675,img_675.jpg,animales,ilustracion_plana_color,256,256,ilustracion estilo tierno donde se observa: perro,Pinterest,antonio_villagomez,6066174cba821cc411cc0ab0a356771f00b66ae5
antonio_villagomez_img_0676,img_676.jpg,animales,ilustracion_plana_color,256,256,ilustracion estilo tierno donde se observa: perro,Vecteezy,antonio_villagomez,51241b04eb8293d9bfd358c005afee1cfefc521f
antonio_villagomez_img_0677,img_677.jpg,animales,ilustracion_plana_color,256,256,ilustracion estilo tierno donde se observa: perro,Pinterest,antonio_villagomez,c96c9c86b72a9781f259f45f55e2ec833c0a2613
antonio_villagomez_img_0678,img_678.jpg,animales,ilustracion_plana_color,256,256,ilustracion estilo tierno donde se observa: mono,Vecteezy,antonio_villagomez,c8339284b0909e67f572ba17e20a4aa331dc0f5a
antonio_villagomez_img_0679,img_679.png,animales,ilustracion_plana_color,64,64,ilustracion estilo tierno donde se observa: rana,Pinterest,antonio_villagomez,6e0669f8e11d41075e1618f2071863904df77e0a
antonio_villagomez_img_0680,img_680.jpg,animales,ilustracion_plana_color,256,256,ilustracion estilo tierno donde se observa: perro,Vecteezy,antonio_villagomez,298f3f8bbdda01252c3ead5c1b8a83959ad7898e
antonio_villagomez_img_0681,img_681.jpg,animales,ilustracion_plana_color,256,256,ilustracion estilo tierno donde se observa: oveja,Pinterest,antonio_villagomez,a667292fff298a13c49908809763bae019b1ab76
antonio_villagomez_img_0682,img_682.jpg,animales,ilustracion_plana_color,256,256,ilustracion estilo tierno donde se observa: gato,Vecteezy,antonio_villagomez,797d7182fedf8c596a808d3e2e5076deabddf880
antonio_villagomez_img_0683,img_683.jpg,animales,ilustracion_plana_color,256,256,ilustracion estilo tierno donde se observa: ratón,Pinterest,antonio_villagomez,9a4990f6b49da792d08b7d741db92b5d6380f876
antonio_villagomez_img_0684,img_684.jpg,animales,ilustracion_plana_color,256,256,ilustracion estilo tierno donde se observa: perro,Vecteezy,antonio_villagomez,648c8a3fae9cea49901ef842fdc57e7dc97ad11c
antonio_villagomez_img_0685,img_685.jpg,animales,ilustracion_plana_color,256,256,ilustracion estilo tierno donde se observa: perro,Pinterest,antonio_villagomez,e4c53e1d49cbb5c4b7707040b10a263005687620
antonio_villagomez_img_0686,img_686.jpg,animales,ilustracion_plana_color,256,256,ilustracion estilo tierno donde se observa: ratón,Vecteezy,antonio_villagomez,59ec430fdb01278930b6fbd1fc47edc6484573cb
antonio_villagomez_img_0687,img_687.jpg,animales,ilustracion_plana_color,256,256,ilustracion estilo tierno donde se observa: león,Pinterest,antonio_villagomez,a16d0a17bf79cfbdda2786483acb068d0cb2d21b
antonio_villagomez_img_0688,img_688.jpg,animales,ilustracion_plana_color,256,256,ilustracion estilo tierno donde se observa: perro,Vecteezy,antonio_villagomez,6998a692a5f9bfa94de064c8c90530e86bea9d73
antonio_villagomez_img_0689,img_689.jpg,animales,ilustracion_plana_color,256,256,ilustracion estilo tierno donde se observa: león,Pinterest,antonio_villagomez,10091f982516375a6589c8689db4b146614e9aa4
antonio_villagomez_img_0690,img_690.png,animales,ilustracion_plana_color,64,64,ilustracion estilo tierno donde se observa: conejo,Vecteezy,antonio_villagomez,c335023e1e53f60a4c77fce604c78428ced1718b
antonio_villagomez_img_0691,img_691.jpg,animales,ilustracion_plana_color,256,256,ilustracion estilo tierno donde se observa: león,Pinterest,antonio_villagomez,1dfdc028dfb9740fe683be699a00f0821583da28
antonio_villagomez_img_0692,img_692.jpg,animales,ilustracion_plana_color,256,256,ilustracion estilo tierno donde se observa: perro,Vecteezy,antonio_villagomez,bf04d20c2ae65078645b6051afb8f67679e7ab40
antonio_villagomez_img_0693,img_693.jpg,animales,ilustracion_plana_color,256,256,ilustracion estilo tierno donde se observa: perro,Pinterest,antonio_villagomez,ba187618107e767a1056ec6ed749e7b0e9765dcf
antonio_villagomez_img_0694,img_694.jpg,animales,ilustracion_plana_color,256,256,ilustracion estilo tierno donde se observa: perro,Vecteezy,antonio_villagomez,59e7057ab224ea3cbe813ead36f240318d00ad51
antonio_villagomez_img_0695,img_695.jpg,animales,ilustracion_plana_color,256,256,ilustracion estilo tierno donde se observa: gato,Pinterest,antonio_villagomez,dfd8565f4275c56468d2fc698ae7390bfe71ede1
antonio_villagomez_img_0696,img_696.jpg,animales,ilustracion_plana_color,256,256,ilustracion estilo tierno donde se observa: zorro,Vecteezy,antonio_villagomez,3637586e2cc24e665b912cc0f4570f95535b23f8
antonio_villagomez_img_0697,img_697.jpg,animales,ilustracion_plana_color,256,256,ilustracion estilo tierno donde se observa: perro,Pinterest,antonio_villagomez,6b41f56ab03d3eda378821e1de6635de1ffdf2f3
antonio_villagomez_img_0698,img_698.jpg,animales,ilustracion_plana_color,256,256,ilustracion estilo tierno donde se observa: zorro,Vecteezy,antonio_villagomez,019db087070916b87894a06d4d10f8ce3648f3d4
antonio_villagomez_img_0699,img_699.jpg,animales,ilustracion_plana_color,256,256,ilustracion estilo tierno donde se observa: rana,Pinterest,antonio_villagomez,189cec409c9554c5ada7adea1e2970a69c42d94d
antonio_villagomez_img_0700,img_700.jpg,animales,ilustracion_plana_color,450,392,ilustracion estilo tierno donde se observa: cerdito,Vecteezy,antonio_villagomez,3e71b13d13aea7ad21810ca7644ea758f50f5cbf
antonio_villagomez_img_0701,img_701.png,animales,ilustracion_plana_color,64,64,ilustracion estilo tierno donde se observa: panda,Pinterest,antonio_villagomez,5f59d616328d18b913ee69ad2bd9a8a73104b00b
antonio_villagomez_img_0702,img_702.jpg,animales,ilustracion_plana_color,256,256,ilustracion estilo tierno donde se observa: perro,Vecteezy,antonio_villagomez,5849b009481b97871bf8df1fc76f2442b45298aa
antonio_villagomez_img_0703,img_703.jpg,animales,ilustracion_plana_color,256,256,ilustracion estilo tierno donde se observa: gato,Pinterest,antonio_villagomez,fbe185eb9997c71a5f085da964d1caf781b4c379
antonio_villagomez_img_0704,img_704.jpg,animales,ilustracion_plana_color,256,256,ilustracion estilo tierno donde se observa: perro,Vecteezy,antonio_villagomez,7eacdf2b1a206fdb8d83a231d652b0eb6d14b149
antonio_villagomez_img_0705,img_705.jpg,animales,ilustracion_plana_color,256,256,ilustracion estilo tierno donde se observa: perro,Pinterest,antonio_villagomez,54e9240439310e4a4ed97a5c987b4138a2573b53
antonio_villagomez_img_0706,img_706.jpg,animales,ilustracion_plana_color,256,256,ilustracion estilo tierno donde se observa: gato,Vecteezy,antonio_villagomez,07d164381c855f5fb88062ad0961b885161adadc
antonio_villagomez_img_0707,img_707.jpg,animales,ilustracion_plana_color,256,256,ilustracion estilo tierno donde se observa: panda,Pinterest,antonio_villagomez,bfa2bb04afbdc7781b45cf9abff5cfbccb997669
antonio_villagomez_img_0708,img_708.jpg,animales,ilustracion_plana_color,256,256,ilustracion estilo tierno donde se observa: perro,Vecteezy,antonio_villagomez,67372641d2748be5d42c714ad83063fe756db09e
antonio_villagomez_img_0709,img_709.jpg,animales,ilustracion_plana_color,256,256,ilustracion estilo tierno donde se observa: gato,Pinterest,antonio_villagomez,cd7a2c343084ccbf3a23241c74ba3ad05b13c212
antonio_villagomez_img_0710,img_710.jpg,animales,ilustracion_plana_color,256,256,ilustracion estilo tierno donde se observa: perro,Vecteezy,antonio_villagomez,07992bfedbac2a546c22525a29a5abf68f429c85
antonio_villagomez_img_0711,img_711.jpg,animales,ilustracion_plana_color,256,256,ilustracion estilo tierno donde se observa: perro,Pinterest,antonio_villagomez,1174e8d54b1fd301dbb559cdaea6eb8c5364dca0
antonio_villagomez_img_0712,img_712.png,animales,ilustracion_plana_color,64,64,ilustracion estilo tierno donde se observa: rana,Vecteezy,antonio_villagomez,640cea5bf219cff095baacf53013801fc5e40d95
antonio_villagomez_img_0713,img_713.jpg,animales,ilustracion_plana_color,256,256,ilustracion estilo tierno donde se observa: perro,Pinterest,antonio_villagomez,5283873a30f1b43573e02ef02188b01e7d22402a
antonio_villagomez_img_0714,img_714.jpg,animales,ilustracion_plana_color,256,256,ilustracion estilo tierno donde se observa: perro,Vecteezy,antonio_villagomez,6c640bdf9f87b11d2caa1d82af3e091a4cd80143
antonio_villagomez_img_0715,img_715.jpg,animales,ilustracion_plana_color,256,256,ilustracion estilo tierno donde se observa: perro,Pinterest,antonio_villagomez,a75bac74b78ae827cda9be0ec12321080a24411f
antonio_villagomez_img_0716,img_716.jpg,animales,ilustracion_plana_color,256,256,ilustracion estilo tierno donde se observa: perro,Vecteezy,antonio_villagomez,5f72461bae222cf77a6ca91304671d36ac7fb3d1
antonio_villagomez_img_0717,img_717.jpg,animales,ilustracion_plana_color,256,256,ilustracion estilo tierno donde se observa: ratón,Pinterest,antonio_villagomez,f29f0e18e89d11b00fcb56d8d994f5f84c091317
antonio_villagomez_img_0718,img_718.jpg,animales,ilustracion_plana_color,256,256,ilustracion estilo tierno donde se observa: ratón,Vecteezy,antonio_villagomez,a6c6fb5bb2ffd782bee2c27dce2903a7828ac29a
antonio_villagomez_img_0719,img_719.jpg,animales,ilustracion_plana_color,256,256,ilustracion estilo tierno donde se observa: perro,Pinterest,antonio_villagomez,d8cd55d8e7b01333da97cab335a79bf27f1ab115
antonio_villagomez_img_0720,img_720.png,animales,ilustracion_plana_color,64,64,ilustracion estilo tierno donde se observa: león,Vecteezy,antonio_villagomez,eab8541edac42666d802e5a2141f9508006ef115
antonio_villagomez_img_0721,img_721.png,animales,ilustracion_plana_color,64,64,ilustracion estilo tierno donde se observa: perro,Pinterest,antonio_villagomez,a2d6dc3b575189cfded0852d754ab00a6b6267f6
antonio_villagomez_img_0722,img_722.jpg,animales,ilustracion_plana_color,1024,1024,ilustracion estilo tierno donde se observa: conejo,Vecteezy,antonio_villagomez,79f5b5323e6f6bf0bf27824591ba959e2579b2d3
antonio_villagomez_img_0723,img_723.png,animales,ilustracion_plana_color,450,450,ilustracion estilo tierno donde se observa: pájaro,Pinterest,antonio_villagomez,f2543e14c6bf83eda358184478536bb226e84f84
antonio_villagomez_img_0724,img_724.png,animales,ilustracion_plana_color,64,64,ilustracion estilo tierno donde se observa: conejo,Vecteezy,antonio_villagomez,15b0d6ca6e29256e314c79c6e4a938c7234a286f
antonio_villagomez_img_0725,img_725.png,animales,ilustracion_plana_color,64,64,ilustracion estilo tierno donde se observa: ratón,Pinterest,antonio_villagomez,1b6d038368aaf558838e19cdb040e4f5f30e294d
antonio_villagomez_img_0726,img_726.png,animales,ilustracion_plana_color,64,64,ilustracion estilo tierno donde se observa: león,Vecteezy,antonio_villagomez,a22831901e730d347cf70a934a06ddd10f6762e3
antonio_villagomez_img_0727,img_727.png,animales,ilustracion_plana_color,64,64,ilustracion estilo tierno donde se observa: ratón,Pinterest,antonio_villagomez,b7e724bc0345a13301cdd49a122014ef60318391
antonio_villagomez_img_0728,img_728.png,animales,ilustracion_plana_color,64,64,ilustracion estilo tierno donde se observa: oveja,Vecteezy,antonio_villagomez,dbeb9a4c7d3a27657ba89ea4f99e69d1d6c16a97
antonio_villagomez_img_0729,img_729.png,animales,ilustracion_plana_color,64,64,ilustracion estilo tierno donde se observa: oveja,Pinterest,antonio_villagomez,e4e97feb89d4e452806a632372890f57d512d3b5
antonio_villagomez_img_0730,img_730.png,animales,ilustracion_plana_color,64,64,ilustracion estilo tierno donde se observa: perro,Vecteezy,antonio_villagomez,37f1f4cd6d7dc3dd9c738ae9c3588ae70695f639
antonio_villagomez_img_0731,img_731.jpg,animales,ilustracion_plana_color,864,720,ilustracion estilo tierno donde se observa: cerdito,Pinterest,antonio_villagomez,a08e8088dc9f2a9a7cd2c89ee30b584204892a63
antonio_villagomez_img_0732,img_732.png,animales,ilustracion_plana_color,64,64,ilustracion estilo tierno donde se observa: pájaro,Vecteezy,antonio_villagomez,59cb221145f05a4f3bd6f7d8e44cc7f6bde2de8a
antonio_villagomez_img_0733,img_733.jpg,animales,ilustracion_plana_color,350,642,ilustracion estilo tierno donde se observa: perro,Pinterest,antonio_villagomez,baaf1bf5b3d9472a525f0129f1c10268353a1730
antonio_villagomez_img_0734,img_734.png,animales,ilustracion_plana_color,64,64,ilustracion estilo tierno donde se observa: panda,Vecteezy,antonio_villagomez,bd5387aacb09e36e1f1c9a68839cb7f40e665622
antonio_villagomez_img_0735,img_735.jpg,animales,ilustracion_plana_color,736,1008,ilustracion estilo tierno donde se observa: pato,Pinterest,antonio_villagomez,5618b2e35f433763dc8deb4634b33c28a41ba0c5
antonio_villagomez_img_0736,img_736.png,animales,ilustracion_plana_color,64,64,ilustracion estilo tierno donde se observa: gato,Vecteezy,antonio_villagomez,edd47f401e5de8dbbd74e00f6040488ff083fd70
antonio_villagomez_img_0737,img_737.jpg,animales,ilustracion_plana_color,736,1041,ilustracion estilo tierno donde se observa: león,Pinterest,antonio_villagomez,f808ff9fdc167a5277a004809999b072efd9d386
antonio_villagomez_img_0738,img_738.png,animales,ilustracion_plana_color,450,450,ilustracion estilo tierno donde se observa: rana,Vecteezy,antonio_villagomez,bce2f513f260b36bda5009054fc07962622bb320
antonio_villagomez_img_0739,img_739.jpg,animales,ilustracion_plana_color,573,857,ilustracion estilo tierno donde se observa: conejo,Pinterest,antonio_villagomez,2b6c9445f7d99db8b213ffcfff55fc197f63c0a5
antonio_villagomez_img_0740,img_740.png,animales,ilustracion_plana_color,64,64,ilustracion estilo tierno donde se observa: mono,Vecteezy,antonio_villagomez,e8ca9d1749e708b960eb2b3b555728a1000f6eb9
antonio_villagomez_img_0741,img_741.jpg,animales,ilustracion_plana_color,322,640,ilustracion estilo tierno donde se observa: pato,Pinterest,antonio_villagomez,27bbaf54d5eac1148e2b330547d450adf54b2ef3
antonio_villagomez_img_0742,img_742.png,animales,ilustracion_plana_color,64,64,ilustracion estilo tierno donde se observa: cerdito,Vecteezy,antonio_villagomez,5d478321f87e3f7e6dc51ab6f8385614256a8746
antonio_villagomez_img_0743,img_743.jpg,animales,ilustracion_plana_color,736,939,ilustracion estilo tierno donde se observa: cerdito,Pinterest,antonio_villagomez,a179c3a4bfc0cdc136ebac0b2127b145c8565fe9
antonio_villagomez_img_0744,img_744.png,animales,ilustracion_plana_color,64,64,ilustracion estilo tierno donde se observa: perro,Vecteezy,antonio_villagomez,a9f43bb3c35f96ee2773c29b82fb20879ad3de85
antonio_villagomez_img_0745,img_745.jpg,animales,ilustracion_plana_color,961,1732,ilustracion estilo tierno donde se observa: cerdito,Pinterest,antonio_villagomez,023f2a5fbeff770a787b99a2aa5f6090a267c8c2
antonio_villagomez_img_0746,img_746.png,animales,ilustracion_plana_color,64,64,ilustracion estilo tierno donde se observa: perro,Vecteezy,antonio_villagomez,0dfd5ad8bc333425cf7873898fe0dd2381698fde
antonio_villagomez_img_0747,img_747.jpg,animales,ilustracion_plana_color,236,236,ilustracion estilo tierno donde se observa: pájaro,Pinterest,antonio_villagomez,e10b2f3aa6bc1e56212a4ded3222e46862a83d43
antonio_villagomez_img_0748,img_748.png,animales,ilustracion_plana_color,64,64,ilustracion estilo tierno donde se observa: oveja,Vecteezy,antonio_villagomez,5f529c1338b0dc48c106b3d80999713f9c9d5791
antonio_villagomez_img_0749,img_749.jpg,animales,ilustracion_plana_color,633,495,ilustracion estilo tierno donde se observa: pájaro,Pinterest,antonio_villagomez,118ae7c848d0c9eccdfe987dea94eb134d4ccd50
antonio_villagomez_img_0750,img_750.png,animales,ilustracion_plana_color,64,64,ilustracion estilo tierno donde se observa: gato,Vecteezy,antonio_villagomez,a8997833141ace612abde7a4f5f0ee9820c9968e
antonio_villagomez_img_0751,img_751.jpg,animales,ilustracion_plana_color,429,603,ilustracion estilo tierno donde se observa: tigre,Pinterest,antonio_villagomez,2199239f2150fec0e4b1deb52d8d3a3cfb260233
antonio_villagomez_img_0752,img_752.png,animales,ilustracion_plana_color,64,64,ilustracion estilo tierno donde se observa: ratón,Vecteezy,antonio_villagomez,661d4106e1db167a93cb269e3899e1b1e2181300
antonio_villagomez_img_0753,img_753.jpg,animales,ilustracion_plana_color,791,1024,ilustracion estilo tierno donde se observa: zorro,Pinterest,antonio_villagomez,49772852bb4dc83f756a9922d42ca8e21c07d98a
antonio_villagomez_img_0754,img_754.png,animales,ilustracion_plana_color,64,64,ilustracion estilo tierno donde se observa: conejo,Vecteezy,antonio_villagomez,d2fdecb8162c4d70cbc426ec2ffc5c5213b78cb6
antonio_villagomez_img_0755,img_755.jpg,animales,ilustracion_plana_color,510,510,ilustracion estilo tierno donde se observa: tigre,Pinterest,antonio_villagomez,08b45ab1ed407f2dcca13ff1612c42cf9f2d9ac2
antonio_villagomez_img_0756,img_756.png,animales,ilustracion_plana_color,64,64,ilustracion estilo tierno donde se observa: panda,Vecteezy,antonio_villagomez,eb594e24558886efefbe7e8e566c608707d3b926
antonio_villagomez_img_0757,img_757.jpg,animales,ilustracion_plana_color,334,509,ilustracion estilo tierno donde se observa: ratón,Pinterest,antonio_villagomez,055ac8dd07e1c283ba1bdede163cc20b471e2fce
antonio_villagomez_img_0758,img_758.png,animales,ilustracion_plana_color,64,64,ilustracion estilo tierno donde se observa: zorro,Vecteezy,antonio_villagomez,52cdf231c05bf7ed10c89c8db6cfed3493fc68ae
antonio_villagomez_img_0759,img_759.jpg,animales,ilustracion_plana_color,736,1041,ilustracion estilo tierno donde se observa: mono,Pinterest,antonio_villagomez,b6808241bbb82400c24156885033bed416214420
antonio_villagomez_img_0760,img_760.png,animales,ilustracion_plana_color,450,450,ilustracion estilo tierno donde se observa: perro,Vecteezy,antonio_villagomez,234d62bb82b35d26b0cbe585cef3ca6bd8f0a67e
antonio_villagomez_img_0761,img_761.jpg,animales,ilustracion_plana_color,378,679,ilustracion estilo tierno donde se observa: rana,Pinterest,antonio_villagomez,8b4fdb4ace221edaab1a6c51e1c81ce30334f151
antonio_villagomez_img_0762,img_762.png,animales,ilustracion_plana_color,64,64,ilustracion estilo tierno donde se observa: rana,Vecteezy,antonio_villagomez,effcb2cfbfdfde987199ad82c756369274aafbc2
antonio_villagomez_img_0763,img_763.jpg,animales,ilustracion_plana_color,450,654,ilustracion estilo tierno donde se observa: rana,Pinterest,antonio_villagomez,11d4b46ca2647f9da6cc3b6326b61fa7ec5221d1
antonio_villagomez_img_0764,img_764.png,animales,ilustracion_plana_color,64,64,ilustracion estilo tierno donde se observa: cerdito,Vecteezy,antonio_villagomez,69233a4868d0b65080a83a4dfe609650a95c6a67
antonio_villagomez_img_0765,img_765.jpg,animales,ilustracion_plana_color,601,905,ilustracion estilo tierno donde se observa: león,Pinterest,antonio_villagomez,9f454f915d0d2870b925a3a1ad97fa6349128479
antonio_villagomez_img_0766,img_766.png,animales,ilustracion_plana_color,64,64,ilustracion estilo tierno donde se observa: pájaro,Vecteezy,antonio_villagomez,d483ce22889c97bd27a945db63ac121bbc73b124
antonio_villagomez_img_0767,img_767.jpg,animales,ilustracion_plana_color,450,542,ilustracion estilo tierno donde se observa: perro,Pinterest,antonio_villagomez,9cb5c38e75e0b7b45624ed2fe3694ee83d7e3176
antonio_villagomez_img_0768,img_768.png,animales,ilustracion_plana_color,64,64,ilustracion estilo tierno donde se observa: conejo,Vecteezy,antonio_villagomez,0e0661405d9fd5ce0ea6942a2ad3119841064c90
antonio_villagomez_img_0769,img_769.jpg,animales,ilustracion_plana_color,563,775,ilustracion estilo tierno donde se observa: ratón,Pinterest,antonio_villagomez,378dfa899f3be93bd6301c87cf61d7bf03816316
antonio_villagomez_img_0770,img_770.png,animales,ilustracion_plana_color,64,64,ilustracion estilo tierno donde se observa: conejo,Vecteezy,antonio_villagomez,85903abaa81f47119872e6355dd9ce5816232d4e
antonio_villagomez_img_0771,img_771.jpg,animales,ilustracion_plana_color,582,658,ilustracion estilo tierno donde se observa: ratón,Pinterest,antonio_villagomez,3fb06607cec8a783d6bd676c2a3e7a43206f7a88
antonio_villagomez_img_0772,img_772.png,animales,ilustracion_plana_color,64,64,ilustracion estilo tierno donde se observa: rana,Vecteezy,antonio_villagomez,034fe6a286a4d0b748c561546c15557e26c1e9b1
antonio_villagomez_img_0773,img_773.jpg,animales,ilustracion_plana_color,650,894,ilustracion estilo tierno donde se observa: ratón,Pinterest,antonio_villagomez,8777ae1679570473f05c8b1f37dc2b4a499d2dfa
antonio_villagomez_img_0774,img_774.png,animales,ilustracion_plana_color,64,64,ilustracion estilo tierno donde se observa: zorro,Vecteezy,antonio_villagomez,5b541e1983aba6ba5550d19cb4e5ff9e6a0b41d0
antonio_villagomez_img_0775,img_775.jpg,animales,ilustracion_plana_color,980,980,ilustracion estilo tierno donde se observa: cerdito,Pinterest,antonio_villagomez,c502dbe9662df40ce71b3f60759a909a73f66c7c
antonio_villagomez_img_0776,img_776.png,animales,ilustracion_plana_color,64,64,ilustracion estilo tierno donde se observa: oveja,Vecteezy,antonio_villagomez,c00ef35083b6dfde738d62fda42a3dae6066a677
antonio_villagomez_img_0777,img_777.jpg,animales,ilustracion_plana_color,720,900,ilustracion estilo tierno donde se observa: oso,Pinterest,antonio_villagomez,b41588b442dbc17641b586dbc0dab28b3f709b60
antonio_villagomez_img_0778,img_778.png,animales,ilustracion_plana_color,64,64,ilustracion estilo tierno donde se observa: conejo,Vecteezy,antonio_villagomez,f093abc8ce0c6685f214e78fc33ea102ac37f7ad
antonio_villagomez_img_0779,img_779.jpg,animales,ilustracion_plana_color,736,736,ilustracion estilo tierno donde se observa: cerdito,Pinterest,antonio_villagomez,8c93ee29266dc51b62d3b6d2341b074e8f079108
antonio_villagomez_img_0780,img_780.png,animales,ilustracion_plana_color,64,64,ilustracion estilo tierno donde se observa: pato,Vecteezy,antonio_villagomez,014ec98f2c0822f1d27dd540c39b36af46af4d53
antonio_villagomez_img_0781,img_781.jpg,animales,ilustracion_plana_color,736,1041,ilustracion estilo tierno donde se observa: cerdito,Pinterest,antonio_villagomez,7c254ac8d0b4bbd5f3992c2ae645e4acc0450139
antonio_villagomez_img_0782,img_782.png,animales,ilustracion_plana_color,450,450,ilustracion estilo tierno donde se observa: pájaro,Vecteezy,antonio_villagomez,51c239818fbd9c8b84c798baf74dfa5a01cad535
antonio_villagomez_img_0783,img_783.jpg,animales,ilustracion_plana_color,1021,1015,ilustracion estilo tierno donde se observa: conejo,Pinterest,antonio_villagomez,61fc3c9746ced641ee89d2880ec79bd5ebaf8efb
antonio_villagomez_img_0784,img_784.png,animales,ilustracion_plana_color,64,64,ilustracion estilo tierno donde se observa: koala,Vecteezy,antonio_villagomez,0bbf167301750ae6545c968760ca830913fbc2b3
antonio_villagomez_img_0785,img_785.jpg,animales,ilustracion_plana_color,736,736,ilustracion estilo tierno donde se observa: cerdito,Pinterest,antonio_villagomez,a17920c0ce4d66111b73fa36e0d99efb920839b9
antonio_villagomez_img_0786,img_786.png,animales,ilustracion_plana_color,64,64,ilustracion estilo tierno donde se observa: pájaro,Vecteezy,antonio_villagomez,671466bc14f4a5a1a569d6d97d3fd803ca6d734f
antonio_villagomez_img_0787,img_787.jpg,animales,ilustracion_plana_color,736,736,ilustracion estilo tierno donde se observa: pájaro,Pinterest,antonio_villagomez,51f01ebe213bfdda3b98bc0af42d52b834de5106
antonio_villagomez_img_0788,img_788.png,animales,ilustracion_plana_color,128,117,ilustracion estilo tierno donde se observa: cerdito,Vecteezy,antonio_villagomez,9a92646c1ebb52333266577a709cdd9c9433eec9
antonio_villagomez_img_0789,img_789.jpg,animales,ilustracion_plana_color,954,980,ilustracion estilo tierno donde se observa: conejo,Pinterest,antonio_villagomez,f522cee2c687e695676d9b0c542dd82df4b9203d
antonio_villagomez_img_0790,img_790.png,animales,ilustracion_plana_color,88,69,ilustracion estilo tierno donde se observa: pájaro,Vecteezy,antonio_villagomez,bde3abe849f73180fc9aa03a974ee2393c17d377
antonio_villagomez_img_0791,img_791.jpg,animales,ilustracion_plana_color,735,646,ilustracion estilo tierno donde se observa: cerdito,Pinterest,antonio_villagomez,5d36c8c9a88da7a773b27202c2f8501bf991110b
antonio_villagomez_img_0792,img_792.png,animales,ilustracion_plana_color,119,128,ilustracion estilo tierno donde se observa: perro,Vecteezy,antonio_villagomez,639f3c0aa8ab0782377379d17f1962c1e25becc2
antonio_villagomez_img_0793,img_793.jpg,animales,ilustracion_plana_color,735,511,ilustracion estilo tierno donde se observa: cerdito,Pinterest,antonio_villagomez,e45beb299a8f2c79cc6f08c846b2aa8f82291a28
antonio_villagomez_img_0794,img_794.png,animales,ilustracion_plana_color,128,101,ilustracion estilo tierno donde se observa: perro,Vecteezy,antonio_villagomez,5f7587b65a2cbee878eb5b9c586126692187ddfd
antonio_villagomez_img_0795,img_795.jpg,animales,ilustracion_plana_color,736,736,ilustracion estilo tierno donde se observa: cerdito,Pinterest,antonio_villagomez,1901d2e68a1c0c9a9e6c0efcc8914d1a68324888
antonio_villagomez_img_0796,img_796.png,animales,ilustracion_plana_color,128,105,ilustracion estilo tierno donde se observa: tigre,Vecteezy,antonio_villagomez,43af999df0ad3a185367bcb678a05a04d1fe9cbb
antonio_villagomez_img_0797,img_797.jpg,animales,ilustracion_plana_color,554,554,ilustracion estilo tierno donde se observa: cerdito,Pinterest,antonio_villagomez,4db41c2fb2e722228dd1dde0014366bac3694490
antonio_villagomez_img_0798,img_798.png,animales,ilustracion_plana_color,124,128,ilustracion estilo tierno donde se observa: león,Vecteezy,antonio_villagomez,d2191853e2671bab760cf8622fb42cf1cc8afaed
antonio_villagomez_img_0799,img_799.jpg,animales,ilustracion_plana_color,512,512,ilustracion estilo tierno donde se observa: tigre,Pinterest,antonio_villagomez,e1ee2587d05c1469cda059fa40f63e42dc4dd5fa
antonio_villagomez_img_0800,img_800.png,animales,ilustracion_plana_color,118,128,ilustracion estilo tierno donde se observa: perro,Vecteezy,antonio_villagomez,ed162e2693929e1bb454ccf0984615722ed0cf5e
antonio_villagomez_img_0801,img_801.jpg,animales,ilustracion_plana_color,512,512,ilustracion estilo tierno donde se observa: tigre,Pinterest,antonio_villagomez,422e350db5d42e7dc4d8e0fa837324ae14882c10
antonio_villagomez_img_0802,img_802.png,animales,ilustracion_plana_color,128,117,ilustracion estilo tierno donde se observa: cerdito,Vecteezy,antonio_villagomez,0621bb18bd6417483178a6368787bab4c93b1abd
antonio_villagomez_img_0803,img_803.jpg,animales,ilustracion_plana_color,768,1344,ilustracion estilo tierno donde se observa: ratón,Pinterest,antonio_villagomez,7065f8eca60af0c1dc0793c016032113f2f55757
antonio_villagomez_img_0804,img_804.png,animales,ilustracion_plana_color,450,450,ilustracion estilo tierno donde se observa: cerdito,Vecteezy,antonio_villagomez,ee56d614c9dd0f4cda4cbdffd71d17d016e8ce24
antonio_villagomez_img_0805,img_805.jpg,animales,ilustracion_plana_color,512,512,ilustracion estilo tierno donde se observa: cerdito,Pinterest,antonio_villagomez,c0cd2ff6bdedd718d87a104afcb353930ce86848
antonio_villagomez_img_0806,img_806.png,animales,ilustracion_plana_color,450,450,ilustracion estilo tierno donde se observa: pájaro,Vecteezy,antonio_villagomez,67bdd8647ba6f29c731755dcb0405dbb88b4567d
antonio_villagomez_img_0807,img_807.jpg,animales,ilustracion_plana_color,512,512,ilustracion estilo tierno donde se observa: ratón,Pinterest,antonio_villagomez,1b93c66d71872a9a490543e92e919ad5d796b1a2
antonio_villagomez_img_0808,img_808.png,animales,ilustracion_plana_color,128,128,ilustracion estilo tierno donde se observa: rana,Vecteezy,antonio_villagomez,f7028c33b2e274f11dd6acf69d5b4cc9e2a4da38
antonio_villagomez_img_0809,img_809.jpg,animales,ilustracion_plana_color,512,512,ilustracion estilo tierno donde se observa: pájaro,Pinterest,antonio_villagomez,5dfb73c98aa682bff4b9eb8784477e1fa766ecd5
antonio_villagomez_img_0810,img_810.png,animales,ilustracion_plana_color,128,128,ilustracion estilo tierno donde se observa: pato,Vecteezy,antonio_villagomez,45ec347ad35d2ad894e0f1168729f9af589d2fd3
antonio_villagomez_img_0811,img_811.jpg,animales,ilustracion_plana_color,768,1344,ilustracion estilo tierno donde se observa: oveja,Pinterest,antonio_villagomez,4810e9ab481658d7f874a5e75885aea5507df0c7
antonio_villagomez_img_0812,img_812.png,animales,ilustracion_plana_color,128,128,ilustracion estilo tierno donde se observa: panda,Vecteezy,antonio_villagomez,e4e304f7b6b9dbb2a2e24560553c5c5709a5d8e0
antonio_villagomez_img_0813,img_813.jpg,animales,ilustracion_plana_color,1199,1301,ilustracion estilo tierno donde se observa: oso,Pinterest,antonio_villagomez,7ad449beddfaa8771e82a2338825f57a6644b453
antonio_villagomez_img_0814,img_814.png,animales,ilustracion_plana_color,128,128,ilustracion estilo tierno donde se observa: tigre,Vecteezy,antonio_villagomez,2dc496168e4e145c87fc2bd166f22e075b74324e
antonio_villagomez_img_0815,img_815.jpg,animales,ilustracion_plana_color,736,731,ilustracion estilo tierno donde se observa: oso,Pinterest,antonio_villagomez,53ab96391521d9f4b06b7934740e98b4dcfce29c
antonio_villagomez_img_0816,img_816.png,animales,ilustracion_plana_color,128,128,ilustracion estilo tierno donde se observa: zorro,Vecteezy,antonio_villagomez,de88ba9cafad4f38fb8e98b90a6d41abcf2f68a8
antonio_villagomez_img_0817,img_817.jpg,animales,ilustracion_plana_color,400,400,ilustracion estilo tierno donde se observa: pájaro,Pinterest,antonio_villagomez,a1007bf33aa98358731a129208d1b4cf1867d1e6
antonio_villagomez_img_0818,img_818.png,animales,ilustracion_plana_color,128,128,ilustracion estilo tierno donde se observa: rana,Vecteezy,antonio_villagomez,5e04cce082654173c45248a5da23507e284a23b4
antonio_villagomez_img_0819,img_819.jpg,animales,ilustracion_plana_color,1024,1024,ilustracion estilo tierno donde se observa: ratón,Pinterest,antonio_villagomez,36249f62f59e45aa0ece864b651dfeec26520078
antonio_villagomez_img_0820,img_820.png,animales,ilustracion_plana_color,128,128,ilustracion estilo tierno donde se observa: mono,Vecteezy,antonio_villagomez,ddc11a5af58450d7f9df8b22fdf4fee1070b69a9
antonio_villagomez_img_0821,img_821.jpg,animales,ilustracion_plana_color,298,298,ilustracion estilo tierno donde se observa: pájaro,Pinterest,antonio_villagomez,b117d0a327574785728c75a5d45cc76b90a5fe2a
antonio_villagomez_img_0822,img_822.png,animales,ilustracion_plana_color,128,128,ilustracion estilo tierno donde se observa: conejo,Vecteezy,antonio_villagomez,479984694cdae14a32e03db960ac2d40247ca2eb
antonio_villagomez_img_0823,img_823.jpg,animales,ilustracion_plana_color,298,298,ilustracion estilo tierno donde se observa: rana,Pinterest,antonio_villagomez,59864423c0a1ea7a4220bf9fb3f145dad18f8dea
antonio_villagomez_img_0824,img_824.png,animales,ilustracion_plana_color,128,128,ilustracion estilo tierno donde se observa: conejo,Vecteezy,antonio_villagomez,792d8e88408b96c406964650c29be649834908b3
antonio_villagomez_img_0825,img_825.jpg,animales,ilustracion_plana_color,600,470,ilustracion estilo tierno donde se observa: oveja,Pinterest,antonio_villagomez,3b674436cafb209900ca0b134459c65d9ec46563
antonio_villagomez_img_0826,img_826.png,animales,ilustracion_plana_color,128,128,ilustracion estilo tierno donde se observa: conejo,Vecteezy,antonio_villagomez,c90471925a65747b348764037d1b1e587a59eb05
antonio_villagomez_img_0827,img_827.jpg,animales,ilustracion_plana_color,256,256,ilustracion estilo tierno donde se observa: cerdito,Pinterest,antonio_villagomez,39e09164da35a87c94ee96d7a36a422a9e544a67
antonio_villagomez_img_0828,img_828.png,animales,ilustracion_plana_color,450,450,ilustracion estilo tierno donde se observa: león,Vecteezy,antonio_villagomez,0f3c02118379deeb2b90f3be00c7ee17efb82a88
antonio_villagomez_img_0829,img_829.jpg,animales,ilustracion_plana_color,736,833,ilustracion estilo tierno donde se observa: tigre,Pinterest,antonio_villagomez,57d975598f2fba64903a1a990854a9c31185981e
antonio_villagomez_img_0830,img_830.png,animales,ilustracion_plana_color,128,128,ilustracion estilo tierno donde se observa: pato,Vecteezy,antonio_villagomez,5134044bbe0ca53e75a5254733ec8fdd8099c99f
antonio_villagomez_img_0831,img_831.jpg,animales,ilustracion_plana_color,1200,1400,ilustracion estilo tierno donde se observa: oso,Pinterest,antonio_villagomez,6eecd51749be49e7de9b0c6e3d98b313ce229776
antonio_villagomez_img_0832,img_832.png,animales,ilustracion_plana_color,119,128,ilustracion estilo tierno donde se observa: pájaro,Vecteezy,antonio_villagomez,cf0ed892fb8dc287d3021472dee68473cfab5e5c
antonio_villagomez_img_0833,img_833.jpg,animales,ilustracion_plana_color,736,767,ilustracion estilo tierno donde se observa: león,Pinterest,antonio_villagomez,839e45530432b328d7b968de69a1d8b3373dc6cc
antonio_villagomez_img_0834,img_834.png,animales,ilustracion_plana_color,128,121,ilustracion estilo tierno donde se observa: león,Vecteezy,antonio_villagomez,c1d50177b3fabe140a046195644d87343bacc5ca
antonio_villagomez_img_0835,img_835.jpg,animales,ilustracion_plana_color,784,949,ilustracion estilo tierno donde se observa: pájaro,Pinterest,antonio_villagomez,db634521af24b9ff2b25ea61631c0a2575e86d8e
antonio_villagomez_img_0836,img_836.png,animales,ilustracion_plana_color,128,118,ilustracion estilo tierno donde se observa: oso,Vecteezy,antonio_villagomez,0d22c600dca04d6ee3d46a7f114c461fe6063703
antonio_villagomez_img_0837,img_837.jpg,animales,ilustracion_plana_color,614,942,ilustracion estilo tierno donde se observa: oso,Pinterest,antonio_villagomez,35403b77a16dbe2b5d2a32d11d2e90c18991ee4b
antonio_villagomez_img_0838,img_838.png,animales,ilustracion_plana_color,125,128,ilustracion estilo tierno donde se observa: panda,Vecteezy,antonio_villagomez,7da0c6902fba24c3a6912c826997335a20507193
antonio_villagomez_img_0839,img_839.jpg,animales,ilustracion_plana_color,1200,977,ilustracion estilo tierno donde se observa: rana,Pinterest,antonio_villagomez,f7c6ec5fc0d8a0add9d7c3bbe737150e88059366
antonio_villagomez_img_0840,img_840.png,animales,ilustracion_plana_color,120,123,ilustracion estilo tierno donde se observa: león,Vecteezy,antonio_villagomez,0f111965c2f4a75d5fb5db6f81433475d560a865
antonio_villagomez_img_0841,img_841.jpg,animales,ilustracion_plana_color,720,552,ilustracion estilo tierno donde se observa: conejo,Pinterest,antonio_villagomez,eb09d0f09d84da96716c42a91db178df462207fa
antonio_villagomez_img_0842,img_842.png,animales,ilustracion_plana_color,123,128,ilustracion estilo tierno donde se observa: ratón,Vecteezy,antonio_villagomez,6ac2da70f0a305aaf726adfbb25a428f67b43316
antonio_villagomez_img_0843,img_843.jpg,animales,ilustracion_plana_color,736,991,ilustracion estilo tierno donde se observa: león,Pinterest,antonio_villagomez,81bc1b82da209de81e34d5d5af45603fac9def6d
antonio_villagomez_img_0844,img_844.png,animales,ilustracion_plana_color,120,128,ilustracion estilo tierno donde se observa: rana,Vecteezy,antonio_villagomez,c1d293aff794985b23234747df9c3ce5e94b0393
antonio_villagomez_img_0845,img_845.jpg,animales,ilustracion_plana_color,843,1116,ilustracion estilo tierno donde se observa: koala,Pinterest,antonio_villagomez,e6271b3deeda48bb350a3d3737088207c5baf175
antonio_villagomez_img_0846,img_846.png,animales,ilustracion_plana_color,128,121,ilustracion estilo tierno donde se observa: oso,Vecteezy,antonio_villagomez,090afd5e45c3aebbe2a49457e9ec99dd85fc9ba3
antonio_villagomez_img_0847,img_847.jpg,animales,ilustracion_plana_color,939,1143,ilustracion estilo tierno donde se observa: oso,Pinterest,antonio_villagomez,675507f57bb20797ccd0a6071b82d6372f40f2e5
antonio_villagomez_img_0848,img_848.png,animales,ilustracion_plana_color,128,122,ilustracion estilo tierno donde se observa: pato,Vecteezy,antonio_villagomez,7ed990d11a02e24f1e31ad4aaf3b88dd110a5640
antonio_villagomez_img_0849,img_849.jpg,animales,ilustracion_plana_color,512,512,ilustracion estilo tierno donde se observa: cerdito,Pinterest,antonio_villagomez,0f57f041914b0ce5a4b9008f525a677f83a21390
antonio_villagomez_img_0850,img_850.png,animales,ilustracion_plana_color,450,450,ilustracion estilo tierno donde se observa: zorro,Vecteezy,antonio_villagomez,561ef2b53588e5abc813719016ad099339fa8308
antonio_villagomez_img_0851,img_851.jpg,animales,ilustracion_plana_color,1080,1873,ilustracion estilo tierno donde se observa: mono,Pinterest,antonio_villagomez,ee4204f446ab4ce59cee3e17023c6f51f07cd8db
antonio_villagomez_img_0852,img_852.png,animales,ilustracion_plana_color,128,116,ilustracion estilo tierno donde se observa: cerdito,Vecteezy,antonio_villagomez,dbe8c4d3933332255786e9cc1b9bb899ef6e5c8d
antonio_villagomez_img_0853,img_853.jpg,animales,ilustracion_plana_color,750,1138,ilustracion estilo tierno donde se observa: cerdito,Pinterest,antonio_villagomez,1ed0f119c0206a9763de2efd9a9789a30c7fc04a
antonio_villagomez_img_0854,img_854.png,animales,ilustracion_plana_color,122,128,ilustracion estilo tierno donde se observa: oveja,Vecteezy,antonio_villagomez,4a27e3a6d037eb90923f35e63f5d098cb3f6de32
antonio_villagomez_img_0855,img_855.jpg,animales,ilustracion_plana_color,749,910,ilustracion estilo tierno donde se observa: conejo,Pinterest,antonio_villagomez,7a7e7a57db3bbd2fdef799e219830b02ca1da5d8
antonio_villagomez_img_0856,img_856.png,animales,ilustracion_plana_color,128,128,ilustracion estilo tierno donde se observa: cerdito,Vecteezy,antonio_villagomez,658c2706f52d0ec95ef5a7acb6a386e6512a193b
antonio_villagomez_img_0857,img_857.jpg,animales,ilustracion_plana_color,736,966,ilustracion estilo tierno donde se observa: conejo,Pinterest,antonio_villagomez,d4ca1ac0f53c66ba1636799c9087be74342a4761
antonio_villagomez_img_0858,img_858.png,animales,ilustracion_plana_color,128,128,ilustracion estilo tierno donde se observa: mono,Vecteezy,antonio_villagomez,12c68a290a72711534b9a8f2172a713508284030
antonio_villagomez_img_0859,img_859.jpg,animales,ilustracion_plana_color,510,616,ilustracion estilo tierno donde se observa: perro,Pinterest,antonio_villagomez,cbd52726c0d1e976461faae6026345fcb34922e1
antonio_villagomez_img_0860,img_860.png,animales,ilustracion_plana_color,128,128,ilustracion estilo tierno donde se observa: tigre,Vecteezy,antonio_villagomez,327e4c2d62b111dfed9d65636e656369c5b25fe6
antonio_villagomez_img_0861,img_861.jpg,animales,ilustracion_plana_color,920,764,ilustracion estilo tierno donde se observa: gato,Pinterest,antonio_villagomez,1511da5753e75611b437de99c95d01c4542e8cf8
antonio_villagomez_img_0862,img_862.png,animales,ilustracion_plana_color,128,128,ilustracion estilo tierno donde se observa: cerdito,Vecteezy,antonio_villagomez,c05b7032d6af58b6ad69b8c326a46789cd1db789
antonio_villagomez_img_0863,img_863.jpg,animales,ilustracion_plana_color,720,960,ilustracion estilo tierno donde se observa: perro,Pinterest,antonio_villagomez,783080ec0ff8a420d031eaf142b8de71f76f894d
antonio_villagomez_img_0864,img_864.png,animales,ilustracion_plana_color,128,128,ilustracion estilo tierno donde se observa: gato,Vecteezy,antonio_villagomez,23ee993428f7b3dac36901acb5e4148dc1c5a65d
antonio_villagomez_img_0865,img_865.jpg,animales,ilustracion_plana_color,720,832,ilustracion estilo tierno donde se observa: mono,Pinterest,antonio_villagomez,c2dd8570f7081d9f3d43ef96c281f69ff6f5de5d
antonio_villagomez_img_0866,img_866.png,animales,ilustracion_plana_color,128,128,ilustracion estilo tierno donde se observa: panda,Vecteezy,antonio_villagomez,84610b917ce8a407f4a6570f54cab920b3d66570
antonio_villagomez_img_0867,img_867.jpg,animales,ilustracion_plana_color,940,788,ilustracion estilo tierno donde se observa: conejo,Pinterest,antonio_villagomez,7afd823fa45edaf673b2319a433328cb479b88b0
antonio_villagomez_img_0868,img_868.png,animales,ilustracion_plana_color,128,128,ilustracion estilo tierno donde se observa: rana,Vecteezy,antonio_villagomez,5d0f2fa178ef7dca21deab0dc1af455fa2e75a13
antonio_villagomez_img_0869,img_869.jpg,animales,ilustracion_plana_color,750,835,ilustracion estilo tierno donde se observa: panda,Pinterest,antonio_villagomez,0de993a8bf899a5598f19aacbe53d2a70ad35d89
antonio_villagomez_img_0870,img_870.png,animales,ilustracion_plana_color,128,128,ilustracion estilo tierno donde se observa: conejo,Vecteezy,antonio_villagomez,fa6ab07ed5faab704038dbbca10d244fc191d2e1
antonio_villagomez_img_0871,img_871.jpg,animales,ilustracion_plana_color,298,298,ilustracion estilo tierno donde se observa: oso,Pinterest,antonio_villagomez,bde5d65bcd9f9bdfb7bb9b64a4d1fe9263a690fe
antonio_villagomez_img_0872,img_872.png,animales,ilustracion_plana_color,1152,2048,ilustracion estilo tierno donde se observa: cerdito,Vecteezy,antonio_villagomez,e866ee878d76752cead16e214d00119bfbde763b
antonio_villagomez_img_0873,img_873.jpg,animales,ilustracion_plana_color,1080,817,ilustracion estilo tierno donde se observa: rana,Pinterest,antonio_villagomez,c58740e3dcc8e3a426d9db0965c4c2bcf9f4dccd
antonio_villagomez_img_0874,img_874.png,animales,ilustracion_plana_color,128,128,ilustracion estilo tierno donde se observa: pato,Vecteezy,antonio_villagomez,5f4f640ca71ba9f27ce6884a3d3b3845d4418112
antonio_villagomez_img_0875,img_875.jpg,animales,ilustracion_plana_color,756,756,ilustracion estilo tierno donde se observa: conejo,Pinterest,antonio_villagomez,9454a5e926a32eb65c8a86cbe891358e0c08c365
antonio_villagomez_img_0876,img_876.png,animales,ilustracion_plana_color,128,128,ilustracion estilo tierno donde se observa: pato,Vecteezy,antonio_villagomez,76569834b7813277325ccba98b92f6254f21c7d9
antonio_villagomez_img_0877,img_877.jpg,animales,ilustracion_plana_color,736,821,ilustracion estilo tierno donde se observa: gato,Pinterest,antonio_villagomez,556ba7955cd561039e0fc3305258d146e986e0b9
antonio_villagomez_img_0878,img_878.png,animales,ilustracion_plana_color,128,128,ilustracion estilo tierno donde se observa: rana,Vecteezy,antonio_villagomez,c2572b99abb0d13dea7e9ca86108ddfcd3befb49
antonio_villagomez_img_0879,img_879.jpg,animales,ilustracion_plana_color,320,476,ilustracion estilo tierno donde se observa: conejo,Pinterest,antonio_villagomez,1a06bea3927a7e1b1ff8c9eba82d665bd80d1735
antonio_villagomez_img_0880,img_880.png,animales,ilustracion_plana_color,128,128,ilustracion estilo tierno donde se observa: tigre,Vecteezy,antonio_villagomez,ab5f433dfc2891bd29b79372d8299bf815aa8008
antonio_villagomez_img_0881,img_881.jpg,animales,ilustracion_plana_color,1080,1080,ilustracion estilo tierno donde se observa: conejo,Pinterest,antonio_villagomez,b06bc154dac69b6612fe647fe48b802a8e87016a
antonio_villagomez_img_0882,img_882.png,animales,ilustracion_plana_color,128,128,ilustracion estilo tierno donde se observa: mono,Vecteezy,antonio_villagomez,4857b13a0f2067fa6bec0ab41e53dfab052dc9a3
antonio_villagomez_img_0883,img_883.jpg,animales,ilustracion_plana_color,512,512,ilustracion estilo tierno donde se observa: oso,Pinterest,antonio_villagomez,5d87a66edaaa74f11a4b87d47219067a5c99183d
antonio_villagomez_img_0884,img_884.png,animales,ilustracion_plana_color,128,128,ilustracion estilo tierno donde se observa: pato,Vecteezy,antonio_villagomez,fe9f976da710b51981cd21a6ffbe34e5162008c9
antonio_villagomez_img_0885,img_885.jpg,animales,ilustracion_plana_color,735,858,ilustracion estilo tierno donde se observa: león,Pinterest,antonio_villagomez,94836ef62f48cfa5d4a60b2809cc1c631991b346
antonio_villagomez_img_0886,img_886.png,animales,ilustracion_plana_color,128,128,ilustracion estilo tierno donde se observa: conejo,Vecteezy,antonio_villagomez,090342882d6058cdeaa044e4eac3abccd3b65772
antonio_villagomez_img_0887,img_887.jpg,animales,ilustracion_plana_color,736,806,ilustracion estilo tierno donde se observa: oso,Pinterest,antonio_villagomez,d9445f5766c687beba6c75b24bce0f24fafec9c7
antonio_villagomez_img_0888,img_888.png,animales,ilustracion_plana_color,128,128,ilustracion estilo tierno donde se observa: rana,Vecteezy,antonio_villagomez,645ef9fd68f3aadb3b40ab19416d49a39fd454ed
antonio_villagomez_img_0889,img_889.jpg,animales,ilustracion_plana_color,994,1267,ilustracion estilo tierno donde se observa: panda,Pinterest,antonio_villagomez,23d89ddb56a55c27ee6a30b2da2fbd504e07285c
antonio_villagomez_img_0890,img_890.png,animales,ilustracion_plana_color,128,128,ilustracion estilo tierno donde se observa: rana,Vecteezy,antonio_villagomez,ff2919b8baf63ea27d19a24c7be7329c48b4d237
antonio_villagomez_img_0891,img_891.jpg,animales,ilustracion_plana_color,735,613,ilustracion estilo tierno donde se observa: ratón,Pinterest,antonio_villagomez,5ba472df78f7f3f2983e18846abc46a2e075a3f8
antonio_villagomez_img_0892,img_892.png,animales,ilustracion_plana_color,128,128,ilustracion estilo tierno donde se observa: pájaro,Vecteezy,antonio_villagomez,4159889f4858ebd66535ad5b8f1a87ee5891f090
antonio_villagomez_img_0893,img_893.jpg,animales,ilustracion_plana_color,200,200,ilustracion estilo tierno donde se observa: oveja,Pinterest,antonio_villagomez,64800619b7be26fab58ec05d4518c5200e6f6039
antonio_villagomez_img_0894,img_894.jpg,animales,ilustracion_plana_color,1199,960,ilustracion estilo tierno donde se observa: perro,Vecteezy,antonio_villagomez,769e92654d6cea3e6c1f73e1308c9e8526da6a65
antonio_villagomez_img_0895,img_895.png,animales,ilustracion_plana_color,128,128,ilustracion estilo tierno donde se observa: mono,Pinterest,antonio_villagomez,f0c49b8bb2fee2a56c5ea0bf8d08fde8037fe3ff
antonio_villagomez_img_0896,img_896.png,animales,ilustracion_plana_color,128,128,ilustracion estilo tierno donde se observa: ratón,Vecteezy,antonio_villagomez,0224c0bbb7e5250ae0896569382e9f2c9784668c
antonio_villagomez_img_0897,img_897.png,animales,ilustracion_plana_color,128,128,ilustracion estilo tierno donde se observa: panda,Pinterest,antonio_villagomez,7eb8a9feb00ac6bb585b7a74034214729b1c4c2c
antonio_villagomez_img_0898,img_898.png,animales,ilustracion_plana_color,128,128,ilustracion estilo tierno donde se observa: koala,Vecteezy,antonio_villagomez,207b2402ac55781958d327b724a263ac5950fd77
antonio_villagomez_img_0899,img_899.png,animales,ilustracion_plana_color,128,128,ilustracion estilo tierno donde se observa: perro,Pinterest,antonio_villagomez,b6f6abfac30ab1328942c852ffc8bda22506675a
antonio_villagomez_img_0900,img_900.png,animales,ilustracion_plana_color,128,128,ilustracion estilo tierno donde se observa: mono,Vecteezy,antonio_villagomez,32675e9429e9749a7e323cc1cba703936f38f0bd
antonio_villagomez_img_0901,img_901.png,animales,ilustracion_plana_color,128,128,ilustracion estilo tierno donde se observa: ratón,Pinterest,antonio_villagomez,6fc8314cc4f959e1534bea54f97c94cb3964335a
antonio_villagomez_img_0902,img_902.png,animales,ilustracion_plana_color,128,128,ilustracion estilo tierno donde se observa: conejo,Vecteezy,antonio_villagomez,4d0890e7b11af4811da0a50685001f540001a97e
antonio_villagomez_img_0903,img_903.png,animales,ilustracion_plana_color,128,128,ilustracion estilo tierno donde se observa: cerdito,Pinterest,antonio_villagomez,0b76e04899f19edff1c4b03278847ee5dfd953b3
antonio_villagomez_img_0904,img_904.png,animales,ilustracion_plana_color,128,128,ilustracion estilo tierno donde se observa: león,Vecteezy,antonio_villagomez,bccb00cc0ffd6d6e8adf63ab9213731c517cac1e
antonio_villagomez_img_0905,img_905.jpg,animales,ilustracion_plana_color,500,500,ilustracion estilo tierno donde se observa: koala,Pinterest,antonio_villagomez,58974a84bc7244afef102007796aad0412a467f0
antonio_villagomez_img_0906,img_906.png,animales,ilustracion_plana_color,128,128,ilustracion estilo tierno donde se observa: león,Vecteezy,antonio_villagomez,896ae8fd082bfe245385cf44fdf7a8d31b4e8c01
antonio_villagomez_img_0907,img_907.png,animales,ilustracion_plana_color,128,128,ilustracion estilo tierno donde se observa: pájaro,Pinterest,antonio_villagomez,ce93a2f17ecdbad97b71ab4fda4682f96b8e4fdc
antonio_villagomez_img_0908,img_908.png,animales,ilustracion_plana_color,128,128,ilustracion estilo tierno donde se observa: pájaro,Vecteezy,antonio_villagomez,a398e734052f435cdb91599e694af25527a53ad4
antonio_villagomez_img_0909,img_909.png,animales,ilustracion_plana_color,128,128,ilustracion estilo tierno donde se observa: rana,Pinterest,antonio_villagomez,aa1b6e3748781cc0213c4e88a5f4e528e16f1846
antonio_villagomez_img_0910,img_910.jpg,animales,ilustracion_plana_color,500,500,ilustracion estilo tierno donde se observa: perro,Vecteezy,antonio_villagomez,56948fdad3d18c56581bd3550183cf6cc8bb107d
antonio_villagomez_img_0911,img_911.jpg,animales,ilustracion_plana_color,500,500,ilustracion estilo tierno donde se observa: perro,Pinterest,antonio_villagomez,ad0ad4b63bdb9afbf465a84a08eb900f219a7f04
antonio_villagomez_img_0912,img_912.jpg,animales,ilustracion_plana_color,256,256,ilustracion estilo tierno donde se observa: tigre,Vecteezy,antonio_villagomez,ba6c36fba371d65aa69448282c5d95c31f5a1b56
antonio_villagomez_img_0913,img_913.jpg,animales,ilustracion_plana_color,256,256,ilustracion estilo tierno donde se observa: tigre,Pinterest,antonio_villagomez,170f82b8a00d2eb8e75ce5f7b70776487bf7318a
antonio_villagomez_img_0914,img_914.jpeg,animales,ilustracion_plana_color,226,226,ilustracion estilo tierno donde se observa: león,Vecteezy,antonio_villagomez,e42efe75bec2f705294fff7f516520efd3a431af
antonio_villagomez_img_0915,img_915.jpg,animales,ilustracion_plana_color,554,554,ilustracion estilo tierno donde se observa: oveja,Pinterest,antonio_villagomez,85067bb417ffbab7fd59de27f624a459e07b5c03
antonio_villagomez_img_0916,img_916.png,animales,ilustracion_plana_color,450,450,ilustracion estilo tierno donde se observa: pato,Vecteezy,antonio_villagomez,d1334b51fc8234255dc4f795d4439b9d545cc977
antonio_villagomez_img_0917,img_917.jpg,animales,ilustracion_plana_color,256,256,ilustracion estilo tierno donde se observa: conejo,Pinterest,antonio_villagomez,6981e8ddf26303ffb44692baf265f6f190922485
antonio_villagomez_img_0918,img_918.jpg,animales,ilustracion_plana_color,736,736,ilustracion estilo tierno donde se observa: tigre,Vecteezy,antonio_villagomez,1e3ae01b44ddde1e0551ca2c4fb25ae27e07018b
antonio_villagomez_img_0919,img_919.jpg,animales,ilustracion_plana_color,340,340,ilustracion estilo tierno donde se observa: tigre,Pinterest,antonio_villagomez,db8c9d15144f036016b66f703788f774c7883f3d
antonio_villagomez_img_0920,img_920.jpg,animales,ilustracion_plana_color,1199,967,ilustracion estilo tierno donde se observa: panda,Vecteezy,antonio_villagomez,3263cff56136dd05510e149a86567a24ac24fa31
antonio_villagomez_img_0921,img_921.jpg,animales,ilustracion_plana_color,851,851,ilustracion estilo tierno donde se observa: perro,Pinterest,antonio_villagomez,6c288567bdf337f8fff9e518b1ce9bfed9aac5a5
antonio_villagomez_img_0922,img_922.jpg,animales,ilustracion_plana_color,500,500,ilustracion estilo tierno donde se observa: perro,Vecteezy,antonio_villagomez,ffb6d3621521e0272e122a9c1d60c6087f27a573
antonio_villagomez_img_0923,img_923.jpg,animales,ilustracion_plana_color,500,500,ilustracion estilo tierno donde se observa: cerdito,Pinterest,antonio_villagomez,95964240adb262b877651513af1a25b20ada935f
antonio_villagomez_img_0924,img_924.jpg,animales,ilustracion_plana_color,500,500,ilustracion estilo tierno donde se observa: cerdito,Vecteezy,antonio_villagomez,5b10d8baceedb076b1a1a68716c741423e87b243
antonio_villagomez_img_0925,img_925.jpg,animales,ilustracion_plana_color,300,300,ilustracion estilo tierno donde se observa: rana,Pinterest,antonio_villagomez,73129ff91e18a3bd9f0899bbdd95a040a0851072
antonio_villagomez_img_0926,img_926.jpg,animales,ilustracion_plana_color,500,500,ilustracion estilo tierno donde se observa: mono,Vecteezy,antonio_villagomez,edce38f6c08a139fac6ffd6a96ce71e29eca344a
antonio_villagomez_img_0927,img_927.jpg,animales,ilustracion_plana_color,768,1344,ilustracion estilo tierno donde se observa: perro,Pinterest,antonio_villagomez,d12c5da37ef8710a7fed38d6d827b4cbaad24374
antonio_villagomez_img_0928,img_928.png,animales,ilustracion_plana_color,450,450,ilustracion estilo tierno donde se observa: pájaro,Vecteezy,antonio_villagomez,59b821d4a2f2e827d66ac04065ea11c2f6540eb2
antonio_villagomez_img_0929,img_929.jpg,animales,ilustracion_plana_color,450,450,ilustracion estilo tierno donde se observa: conejo,Pinterest,antonio_villagomez,6299d9a1d9937494971031dce043402c8c2c7b86
antonio_villagomez_img_0930,img_930.jpg,animales,ilustracion_plana_color,450,450,ilustracion estilo tierno donde se observa: oveja,Vecteezy,antonio_villagomez,8967b92bfab0e4667b0f749f80f78e5a849cd430
antonio_villagomez_img_0931,img_931.jpg,animales,ilustracion_plana_color,600,600,ilustracion estilo tierno donde se observa: cerdito,Pinterest,antonio_villagomez,2520d0b7c9b1326c575d5f3b4b7856b30c840d82
antonio_villagomez_img_0932,img_932.jpg,animales,ilustracion_plana_color,1170,1153,ilustracion estilo tierno donde se observa: cerdito,Vecteezy,antonio_villagomez,a93faed8cf1f50758adbdf60d4a2d7c38445314d
antonio_villagomez_img_0933,img_933.jpg,animales,ilustracion_plana_color,1000,1000,ilustracion estilo tierno donde se observa: cerdito,Pinterest,antonio_villagomez,3fe0818de2af424a6f0aa6783c9f90ad5b92c92d
antonio_villagomez_img_0934,img_934.jpg,animales,ilustracion_plana_color,800,800,ilustracion estilo tierno donde se observa: cerdito,Vecteezy,antonio_villagomez,ec0ca1b5532e7cbae11726a33d764e83b342c679
antonio_villagomez_img_0935,img_935.jpg,animales,ilustracion_plana_color,928,1232,ilustracion estilo tierno donde se observa: tigre,Pinterest,antonio_villagomez,df097c188592e09b97be063821aed35599bf2350
antonio_villagomez_img_0936,img_936.jpg,animales,ilustracion_plana_color,447,447,ilustracion estilo tierno donde se observa: león,Vecteezy,antonio_villagomez,8c950ae419b677be32c4e3cb1857bbac4c6a71bc
antonio_villagomez_img_0937,img_937.jpg,animales,ilustracion_plana_color,620,875,ilustracion estilo tierno donde se observa: tigre,Pinterest,antonio_villagomez,7bd23c5caa7701d378f92ee2749c386b5a52215f
antonio_villagomez_img_0938,img_938.jpg,animales,ilustracion_plana_color,736,1104,ilustracion estilo tierno donde se observa: león,Vecteezy,antonio_villagomez,55d8f808b5deabe8a191876535d3ffb2e95d5c66
antonio_villagomez_img_0939,img_939.jpg,animales,ilustracion_plana_color,736,1104,ilustracion estilo tierno donde se observa: perro,Pinterest,antonio_villagomez,931645587c6e23780e7addd1adfb2873fd746c91
antonio_villagomez_img_0940,img_940.png,animales,ilustracion_plana_color,450,450,ilustracion estilo tierno donde se observa: tigre,Vecteezy,antonio_villagomez,1877747a9192cd57cbf46036f005e45353fc67f4
antonio_villagomez_img_0941,img_941.jpg,animales,ilustracion_plana_color,768,1344,ilustracion estilo tierno donde se observa: tigre,Pinterest,antonio_villagomez,36ba2edceabe01e91c165e841541da10065151b6
antonio_villagomez_img_0942,img_942.jpg,animales,ilustracion_plana_color,1200,1200,ilustracion estilo tierno donde se observa: tigre,Vecteezy,antonio_villagomez,4bbfa04a732b06e3aeb04cadd4413c449a5710ef
antonio_villagomez_img_0943,img_943.jpg,animales,ilustracion_plana_color,751,1084,ilustracion estilo tierno donde se observa: perro,Pinterest,antonio_villagomez,c03c3e8c4b6dbea86eebced9163c5e9032cdcd16
antonio_villagomez_img_0944,img_944.jpg,animales,ilustracion_plana_color,999,999,ilustracion estilo tierno donde se observa: tigre,Vecteezy,antonio_villagomez,657e761a8f15591c61f0221f079e820bd3ab725a
antonio_villagomez_img_0945,img_945.jpg,animales,ilustracion_plana_color,928,1232,ilustracion estilo tierno donde se observa: tigre,Pinterest,antonio_villagomez,ffd4badbf6d122e836d9fc16d369f1c1ca1d479f
antonio_villagomez_img_0946,img_946.jpg,animales,ilustracion_plana_color,650,650,ilustracion estilo tierno donde se observa: tigre,Vecteezy,antonio_villagomez,37774e1c60be05cbf6be030a7263a049d80704dd
antonio_villagomez_img_0947,img_947.jpg,animales,ilustracion_plana_color,445,800,ilustracion estilo tierno donde se observa: tigre,Pinterest,antonio_villagomez,44fa341761f20ced8f70eee24d5e69c6956b6009
antonio_villagomez_img_0948,img_948.jpg,animales,ilustracion_plana_color,736,736,ilustracion estilo tierno donde se observa: tigre,Vecteezy,antonio_villagomez,bae212d670c13876d70a00984b18dba057f1dd89
antonio_villagomez_img_0949,img_949.jpg,animales,ilustracion_plana_color,1200,1697,ilustracion estilo tierno donde se observa: tigre,Pinterest,antonio_villagomez,dd093b56526baada4e89e4c601954cff141af403
antonio_villagomez_img_0950,img_950.jpg,animales,ilustracion_plana_color,735,980,ilustracion estilo tierno donde se observa: tigre,Vecteezy,antonio_villagomez,12d1782fb207fa8a4de9b4e009784ff0899ff256
antonio_villagomez_img_0951,img_951.jpg,animales,ilustracion_plana_color,824,1050,ilustracion estilo tierno donde se observa: mono,Pinterest,antonio_villagomez,b7d1196d35b86205ce9a2dc370fab50553f93e6d
antonio_villagomez_img_0952,img_952.png,animales,ilustracion_plana_color,450,450,ilustracion estilo tierno donde se observa: cerdito,Vecteezy,antonio_villagomez,e7a687885fc56fcfa135b585aea10aa91e8d115a
antonio_villagomez_img_0953,img_953.jpg,animales,ilustracion_plana_color,512,512,ilustracion estilo tierno donde se observa: conejo,Pinterest,antonio_villagomez,31d4d33f425c8853d141d162dd9a6e1229536983
antonio_villagomez_img_0954,img_954.jpg,animales,ilustracion_plana_color,512,512,ilustracion estilo tierno donde se observa: panda,Vecteezy,antonio_villagomez,5be4a3cbb97165eccc538573bf2e6b558e93afd3
antonio_villagomez_img_0955,img_955.jpg,animales,ilustracion_plana_color,256,256,ilustracion estilo tierno donde se observa: mono,Pinterest,antonio_villagomez,3da8764f532676c54d47201c1c847cf0ebe2d0a1
antonio_villagomez_img_0956,img_956.jpg,animales,ilustracion_plana_color,256,256,ilustracion estilo tierno donde se observa: mono,Vecteezy,antonio_villagomez,fb935fd8ece958e062e7203c97c777472edd5175
antonio_villagomez_img_0957,img_957.jpg,animales,ilustracion_plana_color,512,512,ilustracion estilo tierno donde se observa: ratón,Pinterest,antonio_villagomez,8bcf554824f94b1e23b739f1fbf83e78a5ed5542
antonio_villagomez_img_0958,img_958.jpg,animales,ilustracion_plana_color,256,256,ilustracion estilo tierno donde se observa: rana,Vecteezy,antonio_villagomez,84ce6ef9860fb7d6d2b2c4e07405ad8ef48f34d9
antonio_villagomez_img_0959,img_959.jpg,animales,ilustracion_plana_color,512,512,ilustracion estilo tierno donde se observa: rana,Pinterest,antonio_villagomez,d225c9c07aa2a21ae3ba82f9bc0211ec820ea204
antonio_villagomez_img_0960,img_960.jpg,animales,ilustracion_plana_color,512,512,ilustracion estilo tierno donde se observa: pato,Vecteezy,antonio_villagomez,5fdd209cae97efd2a31786fc7d3096d7f150190a
antonio_villagomez_img_0961,img_961.jpg,animales,ilustracion_plana_color,512,512,ilustracion estilo tierno donde se observa: león,Pinterest,antonio_villagomez,fa977a58c265b60ce84d75745c274d6f9a768fca
antonio_villagomez_img_0962,img_962.jpg,animales,ilustracion_plana_color,256,256,ilustracion estilo tierno donde se observa: oveja,Vecteezy,antonio_villagomez,6180235f49b5b4c7472fe3d5a47c45d2d9153a93
antonio_villagomez_img_0963,img_963.jpg,animales,ilustracion_plana_color,736,1041,ilustracion estilo tierno donde se observa: panda,Pinterest,antonio_villagomez,fd54d0b9fdf49cffe592a4784111f40df1098700
antonio_villagomez_img_0964,img_964.png,animales,ilustracion_plana_color,450,450,ilustracion estilo tierno donde se observa: conejo,Vecteezy,antonio_villagomez,08767a8d94442e72431b4a718a174d3f6fc60333
antonio_villagomez_img_0965,img_965.jpg,animales,ilustracion_plana_color,503,314,ilustracion estilo tierno donde se observa: oveja,Pinterest,antonio_villagomez,749df178df2cd41a5d474f03124bc6bb73472ddf
antonio_villagomez_img_0966,img_966.jpg,animales,ilustracion_plana_color,512,512,ilustracion estilo tierno donde se observa: oveja,Vecteezy,antonio_villagomez,1119a12ac5bdb288baa8fa9c75c9a40e74a04d70
antonio_villagomez_img_0967,img_967.jpg,animales,ilustracion_plana_color,512,512,ilustracion estilo tierno donde se observa: oveja,Pinterest,antonio_villagomez,9b374d57cbe4cfcee9949844d8a1ac2576e44965
antonio_villagomez_img_0968,img_968.jpg,animales,ilustracion_plana_color,387,325,ilustracion estilo tierno donde se observa: oveja,Vecteezy,antonio_villagomez,0e36167bce3239fcfb025f55e7bbfe9c8d61fa35
antonio_villagomez_img_0969,img_969.jpg,animales,ilustracion_plana_color,1040,898,ilustracion estilo tierno donde se observa: oveja,Pinterest,antonio_villagomez,58d405c61b866df92ac3031f0a9274c971a6e4fb
antonio_villagomez_img_0970,img_970.jpg,animales,ilustracion_plana_color,480,480,ilustracion estilo tierno donde se observa: oveja,Vecteezy,antonio_villagomez,b9054bc8e93428b39643f572afe0a77f1d12346a
antonio_villagomez_img_0971,img_971.jpg,animales,ilustracion_plana_color,768,1344,ilustracion estilo tierno donde se observa: oveja,Pinterest,antonio_villagomez,cebd672abb46dd86fc8eb2dddbf764ae19d59341
antonio_villagomez_img_0972,img_972.jpg,animales,ilustracion_plana_color,512,512,ilustracion estilo tierno donde se observa: cerdito,Vecteezy,antonio_villagomez,f49141f135c2fa3ec8a2323a20ae35550ae0525e
antonio_villagomez_img_0973,img_973.jpg,animales,ilustracion_plana_color,512,512,ilustracion estilo tierno donde se observa: oveja,Pinterest,antonio_villagomez,4170b82bfc7ee0bb80107c8d91183bf52e40f3ce
antonio_villagomez_img_0974,img_974.jpg,animales,ilustracion_plana_color,736,736,ilustracion estilo tierno donde se observa: oveja,Vecteezy,antonio_villagomez,bacdff472a7beb9e6ce80f8fe7b93052f2b365a9
antonio_villagomez_img_0975,img_975.jpg,animales,ilustracion_plana_color,768,1344,ilustracion estilo tierno donde se observa: conejo,Pinterest,antonio_villagomez,fb2adbe3d419363c2f717666c2e0237ff1ea79e7
antonio_villagomez_img_0976,img_976.png,animales,ilustracion_plana_color,450,450,ilustracion estilo tierno donde se observa: ratón,Vecteezy,antonio_villagomez,7b7c065d4dbd1bae1aed0e50892ef6c94eb8f3c3
antonio_villagomez_img_0977,img_977.jpg,animales,ilustracion_plana_color,1000,1000,ilustracion estilo tierno donde se observa: oveja,Pinterest,antonio_villagomez,4cc5a965f303ab56283b10b9ca08012966ec32a1
antonio_villagomez_img_0978,img_978.jpg,animales,ilustracion_plana_color,980,980,ilustracion estilo tierno donde se observa: cerdito,Vecteezy,antonio_villagomez,cf502104bbd16edc48127c60dc38ec4bcf5ebf05
antonio_villagomez_img_0979,img_979.jpg,animales,ilustracion_plana_color,240,240,ilustracion estilo tierno donde se observa: oveja,Pinterest,antonio_villagomez,01d94e0d875fa0d537fd6841d8634834fdc61956
antonio_villagomez_img_0980,img_980.jpg,animales,ilustracion_plana_color,407,519,ilustracion estilo tierno donde se observa: koala,Vecteezy,antonio_villagomez,32fa5f80c73acb39e2e4fb4b5bfb9fdf748444e4
antonio_villagomez_img_0981,img_981.jpg,animales,ilustracion_plana_color,680,678,ilustracion estilo tierno donde se observa: ratón,Pinterest,antonio_villagomez,9c7263a412d3d6ccb5380856d15bfe4d0d73565c
antonio_villagomez_img_0982,img_982.jpg,animales,ilustracion_plana_color,500,500,ilustracion estilo tierno donde se observa: león,Vecteezy,antonio_villagomez,85a4747c695011d78d2412b4bd5144e2c0b5fa4a
antonio_villagomez_img_0983,img_983.jpg,animales,ilustracion_plana_color,588,678,ilustracion estilo tierno donde se observa: león,Pinterest,antonio_villagomez,d5de40fcfb1bcc5124057a2d38517a8c898a84ac
antonio_villagomez_img_0984,img_984.jpg,animales,ilustracion_plana_color,538,911,ilustracion estilo tierno donde se observa: zorro,Vecteezy,antonio_villagomez,5033b82d6fc1b12dd57627078758d4555e3e250f
antonio_villagomez_img_0985,img_985.jpg,animales,ilustracion_plana_color,459,573,ilustracion estilo tierno donde se observa: conejo,Pinterest,antonio_villagomez,f7daf78a068b6166975b9597b2bd62fbbd364f96
antonio_villagomez_img_0986,img_986.jpg,animales,ilustracion_plana_color,450,566,ilustracion estilo tierno donde se observa: zorro,Vecteezy,antonio_villagomez,65ae107be85df9966fc8807b2c5cc48c95136176
antonio_villagomez_img_0987,img_987.jpg,animales,ilustracion_plana_color,393,469,ilustracion estilo tierno donde se observa: pájaro,Vecteezy,antonio_villagomez,bd715b9493c0807e38c1545dcfd0a0a414ec151f
antonio_villagomez_img_0988,img_988.jpg,animales,ilustracion_plana_color,600,412,ilustracion estilo tierno donde se observa: panda,Pinterest,antonio_villagomez,b7890819cc8b7056e1efaee8675f994c9aa35f5c
antonio_villagomez_img_0989,img_989.jpg,animales,ilustracion_plana_color,549,485,ilustracion estilo tierno donde se observa: cerdito,Vecteezy,antonio_villagomez,77458b3da6373aa5f8a989b9a07702e68853af8f
antonio_villagomez_img_0990,img_990.jpg,animales,ilustracion_plana_color,436,603,ilustracion estilo tierno donde se observa: ratón,Pinterest,antonio_villagomez,968697915ab0cc7c41eb3f50506343691ee4ee23
antonio_villagomez_img_0991,img_991.jpg,animales,ilustracion_plana_color,444,536,ilustracion estilo tierno donde se observa: ratón,Vecteezy,antonio_villagomez,4c423fc1a239b03b17b396bd1271f27a88a63558
antonio_villagomez_img_0992,img_992.jpg,animales,ilustracion_plana_color,451,563,ilustracion estilo tierno donde se observa: ratón,Pinterest,antonio_villagomez,dc91a0355dcf4ea0990059b365314860f559c801
antonio_villagomez_img_0993,img_993.jpg,animales,ilustracion_plana_color,768,1344,ilustracion estilo tierno donde se observa: oveja,Vecteezy,antonio_villagomez,14f1dc8e8f64fb1590ab1e420806eb109046ecb1
antonio_villagomez_img_0994,img_994.jpg,animales,ilustracion_plana_color,472,835,ilustracion estilo tierno donde se observa: mono,Pinterest,antonio_villagomez,db8b91492067e62a282ed3b9571691eac6451e0e
antonio_villagomez_img_0995,img_995.jpg,animales,ilustracion_plana_color,350,695,ilustracion estilo tierno donde se observa: conejo,Vecteezy,antonio_villagomez,719c01575a8a6957038965b71d2fac8dc814e7b2
antonio_villagomez_img_0996,img_996.jpg,animales,ilustracion_plana_color,550,544,ilustracion estilo tierno donde se observa: cerdito,Pinterest,antonio_villagomez,c9e2280f4be8766080b085be5df23f4c127b1b78
antonio_villagomez_img_0997,img_997.jpg,animales,ilustracion_plana_color,1200,1674,ilustracion estilo tierno donde se observa: tigre,Vecteezy,antonio_villagomez,e931ee2c82efe2ecb9cd19eba3727ff51033a01e
antonio_villagomez_img_0998,img_998.jpg,animales,ilustracion_plana_color,1199,2174,ilustracion estilo tierno donde se observa: cerdito,Openclipart,antonio_villagomez,a1008ad4350b3913dd13a29323ea30e5d7e7b77d
antonio_villagomez_img_0999,img_999.jpg,animales,ilustracion_plana_color,1050,1314,ilustracion estilo tierno donde se observa: ratón,Pinterest,antonio_villagomez,2a98ed09b616538997cf7dde177e4eb5817da36f
antonio_villagomez_img_1000,img_1000.jpg,animales,ilustracion_plana_color,736,736,ilustracion estilo tierno donde se observa: tigre,Vecteezy,antonio_villagomez,84a3d05d067c67570932d3e6398307d8815fb251
antonio_villagomez_img_1001,img_1001.jpg,animales,ilustracion_plana_color,357,500,ilustracion estilo tierno donde se observa: pájaro,Pinterest,antonio_villagomez,daeb9e116fb3a5e25ac2d7427372326bd4c55fcc
antonio_villagomez_img_1002,img_1002.jpg,animales,ilustracion_plana_color,457,781,ilustracion estilo tierno donde se observa: mono,Vecteezy,antonio_villagomez,7c5de0fdb8e1ce823a2322c7105fe56098542d1c
antonio_villagomez_img_1003,img_1003.jpg,animales,ilustracion_plana_color,1065,1036,ilustracion estilo tierno donde se observa: zorro,Pinterest,antonio_villagomez,18102ac1b8086d6f8e34872805b6fafb4eeddfe2
antonio_villagomez_img_1004,img_1004.jpg,animales,ilustracion_plana_color,400,400,ilustracion estilo tierno donde se observa: oveja,Vecteezy,antonio_villagomez,c0dbe79bf9291ab706ef52a44956010abd1da17e
antonio_villagomez_img_1005,img_1005.jpg,animales,ilustracion_plana_color,562,646,ilustracion estilo tierno donde se observa: mono,Pinterest,antonio_villagomez,9099d8f8ad57c21497ee367056f311ed83e035ce
antonio_villagomez_img_1006,img_1006.jpg,animales,ilustracion_plana_color,1200,1682,ilustracion estilo tierno donde se observa: perro,Vecteezy,antonio_villagomez,f93cbcc95e3b15ce183edd28ec0d26614cae65cf
antonio_villagomez_img_1007,img_1007.jpg,animales,ilustracion_plana_color,736,864,ilustracion estilo tierno donde se observa: perro,Pinterest,antonio_villagomez,12827e8c47fb825519b70fa9953390bcca2a9f34
antonio_villagomez_img_1008,img_1008.jpg,animales,ilustracion_plana_color,577,901,ilustracion estilo tierno donde se observa: perro,Vecteezy,antonio_villagomez,fd42f6a612e06fe211dc3641b0cbecefd7913b56
antonio_villagomez_img_1009,img_1009.jpg,animales,ilustracion_plana_color,482,659,ilustracion estilo tierno donde se observa: perro,Pinterest,antonio_villagomez,76fc670a4f311d5f797a018c81df19633bdf3732
antonio_villagomez_img_1010,img_1010.jpg,animales,ilustracion_plana_color,295,396,ilustracion estilo tierno donde se observa: perro,Vecteezy,antonio_villagomez,aff19df2300f96677f90679fc38ee19c69c5eb23
antonio_villagomez_img_1011,img_1011.jpg,animales,ilustracion_plana_color,1199,1422,ilustracion estilo tierno donde se observa: cerdito,Pinterest,antonio_villagomez,9196c41780c30e0798d5700750ba4222880c00ba
antonio_villagomez_img_1012,img_1012.jpg,animales,ilustracion_plana_color,1080,1170,ilustracion estilo tierno donde se observa: pájaro,Vecteezy,antonio_villagomez,f6aea1809304bbdd345f6377f6226e46ce2a5a61
antonio_villagomez_img_1013,img_1013.jpg,animales,ilustracion_plana_color,1200,1697,ilustracion estilo tierno donde se observa: pato,Pinterest,antonio_villagomez,70259ab6eace9c7fd1a0e388a4c1305c9649e4b0
antonio_villagomez_img_1014,img_1014.jpg,animales,ilustracion_plana_color,608,1080,ilustracion estilo tierno donde se observa: conejo,Vecteezy,antonio_villagomez,2914a443ada718aa97269c7a91d543354a12c073
antonio_villagomez_img_1015,img_1015.jpg,animales,ilustracion_plana_color,512,512,ilustracion estilo tierno donde se observa: oveja,Pinterest,antonio_villagomez,cdd47cec388196fba0a54a4d08974cba796296ec
antonio_villagomez_img_1016,img_1016.jpg,animales,ilustracion_plana_color,446,594,ilustracion estilo tierno donde se observa: mono,Vecteezy,antonio_villagomez,9e7ac8e9abd00adfdb717f260387ec99a4128fc1
antonio_villagomez_img_1017,img_1017.jpg,animales,ilustracion_plana_color,300,447,ilustracion estilo tierno donde se observa: león,Pinterest,antonio_villagomez,0955ab36dd93585316305e2856b78b209c7855ef
antonio_villagomez_img_1018,img_1018.jpg,animales,ilustracion_plana_color,475,719,ilustracion estilo tierno donde se observa: perro,Vecteezy,antonio_villagomez,23eddddfb75b1476bc7f4452931a32e4770c680d
antonio_villagomez_img_1019,img_1019.jpg,animales,ilustracion_plana_color,586,789,ilustracion estilo tierno donde se observa: ratón,Pinterest,antonio_villagomez,6189e2b13565876ffa363ad76c3ceca5b7bdbf5e
antonio_villagomez_img_1020,img_1020.jpg,animales,ilustracion_plana_color,461,747,ilustracion estilo tierno donde se observa: ratón,Vecteezy,antonio_villagomez,1fb35706404b0e86f1b8a30ce5a28087b1136f19
antonio_villagomez_img_1021,img_1021.jpg,animales,ilustracion_plana_color,442,562,ilustracion estilo tierno donde se observa: conejo,Pinterest,antonio_villagomez,2b5dcaa949ca7652f327fb99023d95aa349faf05
antonio_villagomez_img_1022,img_1022.jpg,animales,ilustracion_plana_color,736,866,ilustracion estilo tierno donde se observa: mono,Vecteezy,antonio_villagomez,26a54850113828e46b6f6abb18540c5f6fe01c38
antonio_villagomez_img_1023,img_1023.jpg,animales,ilustracion_plana_color,735,706,ilustracion estilo tierno donde se observa: gato,Pinterest,antonio_villagomez,5fe7e6608f6fdb338765b40820ad7a3d08ab4565
antonio_villagomez_img_1024,img_1024.jpg,animales,ilustracion_plana_color,720,960,ilustracion estilo tierno donde se observa: perro,Vecteezy,antonio_villagomez,d94fd96ee84758558ac9289863018a6f04c80ab6
antonio_villagomez_img_1025,img_1025.jpg,animales,ilustracion_plana_color,1165,1005,ilustracion estilo tierno donde se observa: mono,Pinterest,antonio_villagomez,61be3456ca7e02a9d63cbc7e06c0e0f90760455a
antonio_villagomez_img_1026,img_1026.jpg,animales,ilustracion_plana_color,768,1344,ilustracion estilo tierno donde se observa: oveja,Vecteezy,antonio_villagomez,2319df3b640bdeb40af7603ad5b1b1b1033f2ca0
antonio_villagomez_img_1027,img_1027.jpg,animales,ilustracion_plana_color,500,431,ilustracion estilo tierno donde se observa: tigre,Pinterest,antonio_villagomez,c40f71c97abb24c5ccc3c539b015907c46d92076
antonio_villagomez_img_1028,img_1028.jpg,animales,ilustracion_plana_color,659,530,ilustracion estilo tierno donde se observa: tigre,Vecteezy,antonio_villagomez,d825536930d6db5b7f3f617da037eee44694afe3
antonio_villagomez_img_1029,img_1029.jpg,animales,ilustracion_plana_color,611,576,ilustracion estilo tierno donde se observa: tigre,Pinterest,antonio_villagomez,5c6d9cf1ba9ded03774e0137095857b31fc0ce26
antonio_villagomez_img_1030,img_1030.jpg,animales,ilustracion_plana_color,400,710,ilustracion estilo tierno donde se observa: oso,Vecteezy,antonio_villagomez,72d60f20dc1a10ceb26c55cb23501f7fb9495b25
antonio_villagomez_img_1031,img_1031.jpg,animales,ilustracion_plana_color,736,1010,ilustracion estilo tierno donde se observa: pájaro,Pinterest,antonio_villagomez,7eb84e31825488b9ee6922a07e3fbaae15515c8d
antonio_villagomez_img_1032,img_1032.jpg,animales,ilustracion_plana_color,1199,1570,ilustracion estilo tierno donde se observa: cerdito,Vecteezy,antonio_villagomez,d1904d8a2a9e9d2e0d6cc9c70b7cda60d1588952
antonio_villagomez_img_1033,img_1033.jpg,animales,ilustracion_plana_color,450,726,ilustracion estilo tierno donde se observa: zorro,Pinterest,antonio_villagomez,595604f37f7194093dde41fdc36355d3def62307
antonio_villagomez_img_1034,img_1034.jpg,animales,ilustracion_plana_color,381,601,ilustracion estilo tierno donde se observa: león,Vecteezy,antonio_villagomez,d1af94f5c444c4fabc20c8f3c68ecf177d51c3da
antonio_villagomez_img_1035,img_1035.jpg,animales,ilustracion_plana_color,576,649,ilustracion estilo tierno donde se observa: zorro,Pinterest,antonio_villagomez,e9129220a1923a29c06545e3d1e4a2f4c47e90cf
antonio_villagomez_img_1036,img_1036.jpg,animales,ilustracion_plana_color,694,613,ilustracion estilo tierno donde se observa: pato,Vecteezy,antonio_villagomez,fc47fc31bb9a846a1ba3b2a7e2aa4aa44b55e51b
antonio_villagomez_img_1037,img_1037.jpg,animales,ilustracion_plana_color,512,512,ilustracion estilo tierno donde se observa: oveja,Pinterest,antonio_villagomez,291e28b89247cd2a1ae1c4ab53b07b3e4817a4b0
antonio_villagomez_img_1038,img_1038.jpg,animales,ilustracion_plana_color,554,554,ilustracion estilo tierno donde se observa: cerdito,Vecteezy,antonio_villagomez,fee0159b6e7b88849918e6640487337b153ca3e8
antonio_villagomez_img_1039,img_1039.jpg,animales,ilustracion_plana_color,413,550,ilustracion estilo tierno donde se observa: oso,Pinterest,antonio_villagomez,fc93b0461ebcd6e9a72b9b18a5ea2c26b2b18baa
antonio_villagomez_img_1040,img_1040.jpg,animales,ilustracion_plana_color,640,814,ilustracion estilo tierno donde se observa: mono,Vecteezy,antonio_villagomez,2530e748150e726c0b75f4562e818154edf760a9
antonio_villagomez_img_1041,img_1041.jpg,animales,ilustracion_plana_color,562,608,ilustracion estilo tierno donde se observa: cerdito,Pinterest,antonio_villagomez,e7a1bbf5b2f05d78ef92ced3943b853328212a89
antonio_villagomez_img_1042,img_1042.jpg,animales,ilustracion_plana_color,402,535,ilustracion estilo tierno donde se observa: mono,Vecteezy,antonio_villagomez,1c129e4f5bfc35cba526594c06dbd44101522212
antonio_villagomez_img_1043,img_1043.jpg,animales,ilustracion_plana_color,599,600,ilustracion estilo tierno donde se observa: mono,Pinterest,antonio_villagomez,69c19917244020bf24b6decc0d47ff3387377f81
antonio_villagomez_img_1044,img_1044.jpg,animales,ilustracion_plana_color,574,500,ilustracion estilo tierno donde se observa: cerdito,Vecteezy,antonio_villagomez,d419c5a5577c380f58fdc34a9999c9788d9d9351
antonio_villagomez_img_1045,img_1045.jpg,animales,ilustracion_plana_color,702,980,ilustracion estilo tierno donde se observa: mono,Pinterest,antonio_villagomez,2634157030b69eaf407546a7e33f64b34e5eadcd
antonio_villagomez_img_1046,img_1046.jpg,animales,ilustracion_plana_color,349,339,ilustracion estilo tierno donde se observa: ratón,Vecteezy,antonio_villagomez,8b67da83c1a08f3715ea467576053811f5e1b79d
antonio_villagomez_img_1047,img_1047.jpg,animales,ilustracion_plana_color,626,626,ilustracion estilo tierno donde se observa: ratón,Pinterest,antonio_villagomez,c40572536d8d3cbe9b3cbaf05edbaa80d2725ef3
antonio_villagomez_img_1048,img_1048.jpg,animales,ilustracion_plana_color,512,512,ilustracion estilo tierno donde se observa: perro,Vecteezy,antonio_villagomez,e1c797bf2e574cad80ebc160199f9cd7b6f3ae31
antonio_villagomez_img_1049,img_1049.jpg,animales,ilustracion_plana_color,1200,967,ilustracion estilo tierno donde se observa: cerdito,Pinterest,antonio_villagomez,7711e92158fdf05c5e91bfb4868e58afc643406c
antonio_villagomez_img_1050,img_1050.jpg,animales,ilustracion_plana_color,1199,961,ilustracion estilo tierno donde se observa: cerdito,Vecteezy,antonio_villagomez,228b90983f6b07ba6c677ece1d1dc1f977bc434c
antonio_villagomez_img_1051,img_1051.jpg,animales,ilustracion_plana_color,642,980,ilustracion estilo tierno donde se observa: conejo,Pinterest,antonio_villagomez,ab0bf581ff3f993a75a667311c377ff6b1653f1c
antonio_villagomez_img_1052,img_1052.jpg,animales,ilustracion_plana_color,889,980,ilustracion estilo tierno donde se observa: oso,Vecteezy,antonio_villagomez,9be35f144882479241898899af5e48c557b051ed
antonio_villagomez_img_1053,img_1053.jpg,animales,ilustracion_plana_color,980,980,ilustracion estilo tierno donde se observa: pájaro,Pinterest,antonio_villagomez,6ec1381702da472fbcfa35a6ddd182f7cf984b16
antonio_villagomez_img_1054,img_1054.jpg,animales,ilustracion_plana_color,736,1104,ilustracion estilo tierno donde se observa: mono,Vecteezy,antonio_villagomez,32ab9f1d2d0394326cfe6781015f02c07c4189f4
antonio_villagomez_img_1055,img_1055.jpg,animales,ilustracion_plana_color,736,1104,ilustracion estilo tierno donde se observa: pájaro,Pinterest,antonio_villagomez,759ea6a10c83294303504abee8b92c7159efced5
antonio_villagomez_img_1056,img_1056.jpg,animales,ilustracion_plana_color,640,619,ilustracion estilo tierno donde se observa: pájaro,Vecteezy,antonio_villagomez,8104d0313303e497e9d6c6dc750e43df2208b7ad
antonio_villagomez_img_1057,img_1057.jpg,animales,ilustracion_plana_color,391,640,ilustracion estilo tierno donde se observa: panda,Pinterest,antonio_villagomez,5ded89c0c85a7cdfd264c7361d9b3fb88ad4c767
antonio_villagomez_img_1058,img_1058.jpg,animales,ilustracion_plana_color,330,640,ilustracion estilo tierno donde se observa: oso,Vecteezy,antonio_villagomez,c024e502d90753f14e64ebda67de53506978531f
antonio_villagomez_img_1059,img_1059.jpg,animales,ilustracion_plana_color,768,1344,ilustracion estilo tierno donde se observa: conejo,Pinterest,antonio_villagomez,1a6000a8aec9b00ea1a9c0f94b3b057beda1566a
antonio_villagomez_img_1060,img_1060.png,animales,ilustracion_plana_color,450,450,ilustracion estilo tierno donde se observa: rana,Vecteezy,antonio_villagomez,5f4f7c059fc80989e90e851122a5bbb989f2188f
antonio_villagomez_img_1061,img_1061.jpg,animales,ilustracion_plana_color,768,1344,ilustracion estilo tierno donde se observa: león,Pinterest,antonio_villagomez,d91a8b5c8656f5587af3918bdeede26e4556de3f
antonio_villagomez_img_1062,img_1062.jpg,animales,ilustracion_plana_color,395,639,ilustracion estilo tierno donde se observa: perro,Vecteezy,antonio_villagomez,b1301bb5b128ae373fd8cfcdc5de3a6763bbe2fa
antonio_villagomez_img_1063,img_1063.jpg,animales,ilustracion_plana_color,736,736,ilustracion estilo tierno donde se observa: perro,Pinterest,antonio_villagomez,d09be9583e0b54b0574ce59574a99b89693883bf
antonio_villagomez_img_1064,img_1064.jpg,animales,ilustracion_plana_color,736,554,ilustracion estilo tierno donde se observa: cerdito,Vecteezy,antonio_villagomez,4e6fcf015e530ab4ed851e98bc64bf8ff75ae07f
antonio_villagomez_img_1065,img_1065.jpg,animales,ilustracion_plana_color,736,736,ilustracion estilo tierno donde se observa: panda,Pinterest,antonio_villagomez,3cd751b0bf88c9ee80c66a72aad97dfe500f5aa3
