id,archivo,tematica,estilo,ancho,alto,descripcion,fuente,recolector,hash_imagen
raul_hernandez_img_0001,img_0001.jpg,naturaleza_y_bosques,ilustracion_plana_color,640,640,"Ilustración de zorro en la naturaleza, tierna",Vecteezy,raul_hernandez,6dea7bf14bd33e44cc187cba6749f1a1156a9db3
raul_hernandez_img_0002,img_0002.jpg,naturaleza_y_bosques,ilustracion_plana_color,640,432,"Ilustración de árboles en el bosque, estilo plano",Vecteezy,raul_hernandez,7725989d0fadedcc9e385bdb68461df14c009bea
raul_hernandez_img_0003,img_0003.jpg,naturaleza_y_bosques,ilustracion_plana_color,640,331,"Ilustración de lince en la naturaleza, fondo transparente",Vecteezy,raul_hernandez,3997f5d59b9af340a5a432b4c26f20ddcf5d90ca
raul_hernandez_img_0004,img_0004.jpg,naturaleza_y_bosques,ilustracion_plana_color,640,640,"Ilustración de árbol en la naturaleza, estilo plano",Vecteezy,raul_hernandez,41b6904e12d8b08e96f238b8ebc194196476abee
raul_hernandez_img_0005,img_0005.jpg,naturaleza_y_bosques,ilustracion_plana_color,640,640,"Ilustración de montaña en la naturaleza, diseño plano",Vecteezy,raul_hernandez,ceaa2b26156975ef8de2191939c56fed34defd58
raul_hernandez_img_0006,img_0006.jpg,naturaleza_y_bosques,ilustracion_plana_color,640,407,"Ilustración de oso en la naturaleza, diseño plano",Vecteezy,raul_hernandez,077cef741fbec524047640f9438ad4eee9459216
raul_hernandez_img_0007,img_0007.jpg,naturaleza_y_bosques,ilustracion_plana_color,640,360,"Ilustración de escena de naturaleza en la naturaleza, estilo plano a color",Vecteezy,raul_hernandez,cb18e98af7ad3d0181d74fc9327181cc1a10b5af
raul_hernandez_img_0008,img_0008.jpg,naturaleza_y_bosques,ilustracion_plana_color,640,596,"Ilustración de alce en la naturaleza, diseño plano",Vecteezy,raul_hernandez,ca8d8c67e3be23508564cbd07e7159d4c8a1484b
raul_hernandez_img_0009,img_0009.jpg,naturaleza_y_bosques,ilustracion_plana_color,640,640,"Ilustración de árbol en la naturaleza, estilo plano",Vecteezy,raul_hernandez,476ffd854ae9b54a8c473f6e79c0164eafb274fd
raul_hernandez_img_0010,img_0010.jpg,naturaleza_y_bosques,ilustracion_plana_color,640,640,"Ilustración de árboles en el bosque, estilo plano a color",Vecteezy,raul_hernandez,28e6f2f361f0eee51589732a4995baef560c2c7e
raul_hernandez_img_0011,img_0011.jpg,naturaleza_y_bosques,ilustracion_plana_color,640,640,"Ilustración de campamento en verano, estilo plano a color",Vecteezy,raul_hernandez,7d1556323010ae03727cb4aab3338cbccd2ca7c5
raul_hernandez_img_0012,img_0012.jpg,naturaleza_y_bosques,ilustracion_plana_color,640,320,"Ilustración de oso en el bosque, estilo plano a color",Vecteezy,raul_hernandez,2c25615579e968bb5b4e53a047be125bafec6e4e
raul_hernandez_img_0013,img_0013.jpg,naturaleza_y_bosques,ilustracion_plana_color,640,640,"Ilustración de lobo junto al lago, estilo plano a color",Vecteezy,raul_hernandez,d8243d276b38502a92834fc61c0aac53d45d9673
raul_hernandez_img_0014,img_0014.jpg,naturaleza_y_bosques,ilustracion_plana_color,640,640,"Ilustración de montañas junto al río, estilo plano a color",Vecteezy,raul_hernandez,4a2aaf869ca47f58a0574c59e7f28d37442f026d
raul_hernandez_img_0015,img_0015.jpg,naturaleza_y_bosques,ilustracion_plana_color,542,640,"Ilustración de hojas en el bosque, estilo caricatura",Vecteezy,raul_hernandez,ce048f59d242261b2e1d009d6e7bc02ca77f629a
raul_hernandez_img_0016,img_0016.jpg,naturaleza_y_bosques,ilustracion_plana_color,427,640,"Ilustración de paisaje invernal, estilo plano a color",Vecteezy,raul_hernandez,4f2bab87abd7c6f494fc9ecc6d367812db3dbff2
raul_hernandez_img_0017,img_0017.jpg,naturaleza_y_bosques,ilustracion_plana_color,427,640,"Ilustración de oso en la naturaleza, diseño plano",Vecteezy,raul_hernandez,cdbf0712e13f2c3954e75d8fd1f845965be51d2a
raul_hernandez_img_0018,img_0018.jpg,naturaleza_y_bosques,ilustracion_plana_color,640,472,"Ilustración de paisaje de invierno en la naturaleza, diseño plano",Vecteezy,raul_hernandez,4fea6befb0b6fdfa9ae252e19bba97ec28f6ddc6
raul_hernandez_img_0019,img_0019.jpg,naturaleza_y_bosques,ilustracion_plana_color,427,640,"Ilustración de zorro en el bosque, diseño plano",Vecteezy,raul_hernandez,918368044574db067cb9c94a68bfd464828ceacc
raul_hernandez_img_0020,img_0020.jpg,naturaleza_y_bosques,ilustracion_plana_color,427,640,"Ilustración de ciervo en el bosque, diseño plano",Vecteezy,raul_hernandez,9da3a1ec9dd1225317af86c0dc3dcc8bbd893528
raul_hernandez_img_0021,img_0021.jpg,naturaleza_y_bosques,ilustracion_plana_color,640,427,"Ilustración de paisaje de invierno en invierno, diseño plano",Vecteezy,raul_hernandez,fc10692f180d4de914adec4c229010389b8f8822
raul_hernandez_img_0022,img_0022.jpg,naturaleza_y_bosques,ilustracion_plana_color,640,427,"Ilustración de paisaje de otoño en el bosque, estilo plano a color",Vecteezy,raul_hernandez,9e62d1459b2331e7a033f516132122a28dd716a2
raul_hernandez_img_0023,img_0023.jpg,naturaleza_y_bosques,ilustracion_plana_color,640,427,"Ilustración de animal del bosque junto al lago, diseño plano",Vecteezy,raul_hernandez,1e2b25bfa4d173e6e86731d9c151b4a13f6f2016
raul_hernandez_img_0024,img_0024.jpg,naturaleza_y_bosques,ilustracion_plana_color,427,640,"Ilustración de ardilla en otoño, diseño plano",Vecteezy,raul_hernandez,6a633f5e1fefe2a1ce6ae8f21697eb754a78fe26
raul_hernandez_img_0025,img_0025.jpg,naturaleza_y_bosques,ilustracion_plana_color,427,640,"Ilustración de bosque en el bosque, diseño plano",Vecteezy,raul_hernandez,317fac00a36b40700e618dd84b790d1912aacaac
raul_hernandez_img_0026,img_0026.jpg,naturaleza_y_bosques,ilustracion_plana_color,640,640,"Ilustración de paisaje de invierno en invierno, diseño plano",Vecteezy,raul_hernandez,2ffc098b260763ef86c4c442fa2c7c9e62f57e17
raul_hernandez_img_0027,img_0027.jpg,naturaleza_y_bosques,ilustracion_plana_color,427,640,"Ilustración de paisaje de otoño en otoño, diseño plano",Vecteezy,raul_hernandez,c9337acc1ed8da9db42f42ef27ec40848e3a4861
raul_hernandez_img_0028,img_0028.jpg,naturaleza_y_bosques,ilustracion_plana_color,640,360,"Ilustración de lago junto al lago, estilo plano a color",Vecteezy,raul_hernandez,68471b9beed88a9c4e99de61cada0794dbca077e
raul_hernandez_img_0029,img_0029.jpg,naturaleza_y_bosques,ilustracion_plana_color,640,640,"Ilustración de ciervo en la naturaleza, diseño plano",Vecteezy,raul_hernandez,f5ef010a50859a3cdbb68b6a64beecc72d616376
raul_hernandez_img_0030,img_0030.jpg,naturaleza_y_bosques,ilustracion_plana_color,640,360,"Ilustración de paisaje de invierno, diseño plano",Vecteezy,raul_hernandez,88e790aa7900934e04b199f1ff1af13e34eebf3c
raul_hernandez_img_0031,img_0031.jpg,naturaleza_y_bosques,ilustracion_plana_color,427,640,"Ilustración de paisaje de otoño en otoño, tierna",Vecteezy,raul_hernandez,5c772c69658174124cab21b86edfbda6a1a0939a
raul_hernandez_img_0032,img_0032.jpg,naturaleza_y_bosques,ilustracion_plana_color,640,640,"Ilustración de naturaleza y bosque, estilo plano a color",Vecteezy,raul_hernandez,045326e71e468eab44fde14c18ec21462aadcb60
raul_hernandez_img_0033,img_0033.jpg,naturaleza_y_bosques,ilustracion_plana_color,640,640,"Ilustración de naturaleza y bosque, estilo plano",Vecteezy,raul_hernandez,9ff5e3e615624c19898987f1054b94fe14423b50
raul_hernandez_img_0034,img_0034.jpg,naturaleza_y_bosques,ilustracion_plana_color,514,640,"Ilustración de escena de naturaleza en otoño, estilo plano a color",Vecteezy,raul_hernandez,443c1fc09cfc2eeae02f0cf150e6ce0c4f0f85c1
raul_hernandez_img_0035,img_0035.jpg,naturaleza_y_bosques,ilustracion_plana_color,512,640,"Ilustración de ciervo en el bosque, estilo plano a color",Vecteezy,raul_hernandez,a6563881c50b4d853038bde9657dca7cadb5d8e1
raul_hernandez_img_0036,img_0036.jpg,naturaleza_y_bosques,ilustracion_plana_color,640,360,"Ilustración de árboles en la naturaleza, estilo plano a color",Vecteezy,raul_hernandez,c0c8e5c94a87f709bb31ec6a516af9c9e07152d6
raul_hernandez_img_0037,img_0037.jpg,naturaleza_y_bosques,ilustracion_plana_color,453,640,"Ilustración de escena de naturaleza en otoño, estilo plano a color",Vecteezy,raul_hernandez,bc1d732edddbc2047cc186683d888565f8ba24de
raul_hernandez_img_0038,img_0038.jpg,naturaleza_y_bosques,ilustracion_plana_color,320,640,"Ilustración de árbol en la naturaleza, estilo plano",Vecteezy,raul_hernandez,b06baec1b2541b643d556da57667e755fac1d114
raul_hernandez_img_0039,img_0039.jpg,naturaleza_y_bosques,ilustracion_plana_color,490,640,"Ilustración de árbol en la naturaleza, estilo plano",Vecteezy,raul_hernandez,d8e42d7957234493a44bfb62ca57118fd3c33a12
raul_hernandez_img_0040,img_0040.jpg,naturaleza_y_bosques,ilustracion_plana_color,640,579,"Ilustración de escena de naturaleza en otoño, estilo plano a color",Vecteezy,raul_hernandez,316b919eee41122f0becd8f41ab6007c0382a2a4
raul_hernandez_img_0041,img_0041.jpg,naturaleza_y_bosques,ilustracion_plana_color,536,640,"Ilustración de escena de naturaleza en la naturaleza, estilo plano a color",Vecteezy,raul_hernandez,28d197f6ec8a957206e000809aa9142e30bfc1f9
raul_hernandez_img_0042,img_0042.jpg,naturaleza_y_bosques,ilustracion_plana_color,640,428,"Ilustración de pájaro en la naturaleza, estilo plano a color",Vecteezy,raul_hernandez,24f037da4f87878e74ea29fa9aa27119c0d1cbc5
raul_hernandez_img_0043,img_0043.jpg,naturaleza_y_bosques,ilustracion_plana_color,427,640,"Ilustración de búho en la naturaleza, diseño plano",Vecteezy,raul_hernandez,13dadf4727681a5d4959ba3fb33d22d3f8c1c5ac
raul_hernandez_img_0044,img_0044.jpg,naturaleza_y_bosques,ilustracion_plana_color,640,640,"Ilustración de naturaleza y bosque, tierna",Vecteezy,raul_hernandez,cd44aeefa59490bf8617b7bb5d1584be0b5ff907
raul_hernandez_img_0045,img_0045.jpg,naturaleza_y_bosques,ilustracion_plana_color,640,379,"Ilustración de escena de naturaleza en la naturaleza, estilo plano a color",Vecteezy,raul_hernandez,3a4064cd5893062461906abfd6214ffa09d3b9a1
raul_hernandez_img_0046,img_0046.jpg,naturaleza_y_bosques,ilustracion_plana_color,640,640,"Ilustración de hojas, estilo plano a color",Vecteezy,raul_hernandez,b0334ddc51990fb9673809fb8c477e2cc5cc713d
raul_hernandez_img_0047,img_0047.jpg,naturaleza_y_bosques,ilustracion_plana_color,427,640,"Ilustración de paisaje invernal, estilo plano a color",Vecteezy,raul_hernandez,1fe8ea736104ef10d3e788577be0b01bb80b528f
raul_hernandez_img_0048,img_0048.jpg,naturaleza_y_bosques,ilustracion_plana_color,640,446,"Ilustración de pájaro en la naturaleza, tierna",Vecteezy,raul_hernandez,4cf724e3b9b911abb922745acbf3500c5a115845
raul_hernandez_img_0049,img_0049.jpg,naturaleza_y_bosques,ilustracion_plana_color,640,623,"Ilustración de naturaleza y bosque, estilo plano a color",Vecteezy,raul_hernandez,795ee29f29fb65ede6226de46bf30daf5038014a
raul_hernandez_img_0050,img_0050.jpg,naturaleza_y_bosques,ilustracion_plana_color,498,640,"Ilustración de escena de naturaleza en la naturaleza, estilo plano a color",Vecteezy,raul_hernandez,472c4e356df2b0bfbff2625095442764c9932f93
raul_hernandez_img_0051,img_0051.jpg,naturaleza_y_bosques,ilustracion_plana_color,512,640,"Ilustración de ciervo en la montaña, estilo plano a color",Vecteezy,raul_hernandez,3f24f0859469606cd4951011061b163753ad8d1b
raul_hernandez_img_0052,img_0052.jpg,naturaleza_y_bosques,ilustracion_plana_color,640,427,"Ilustración de pájaro en el bosque, colorida",Vecteezy,raul_hernandez,9f4e9a1dff74923e5d68b134b285832f8ebf07a1
raul_hernandez_img_0053,img_0053.jpg,naturaleza_y_bosques,ilustracion_plana_color,640,427,"Ilustración de río junto al río, estilo plano a color",Vecteezy,raul_hernandez,e17d814e44bc758cd8c9c92a1e075b7452f5407c
raul_hernandez_img_0054,img_0054.jpg,naturaleza_y_bosques,ilustracion_plana_color,640,427,"Ilustración de búho en el bosque, diseño plano",Vecteezy,raul_hernandez,c4325a3cdddcbf4a195fbfaec19de09baf0b49a0
raul_hernandez_img_0055,img_0055.jpg,naturaleza_y_bosques,ilustracion_plana_color,640,427,"Ilustración de paisaje de invierno en invierno, estilo plano a color",Vecteezy,raul_hernandez,68251468dde5a5022045de0ee4d3402c41f7f100
raul_hernandez_img_0056,img_0056.jpg,naturaleza_y_bosques,ilustracion_plana_color,427,640,"Ilustración de ciervo en la naturaleza, diseño plano",Vecteezy,raul_hernandez,a9c23abd2159f96674712dbb1405efbafb830fec
raul_hernandez_img_0057,img_0057.jpg,naturaleza_y_bosques,ilustracion_plana_color,640,452,"Ilustración de búho en la naturaleza, estilo caricatura",Vecteezy,raul_hernandez,08c4cb271de97fe7a1e12ae328a5587d65082c61
raul_hernandez_img_0058,img_0058.jpg,naturaleza_y_bosques,ilustracion_plana_color,541,640,"Ilustración de ciervo en la naturaleza, estilo plano a color",Vecteezy,raul_hernandez,f13af48591e663e7cd4f39239ff10874d93e3175
raul_hernandez_img_0059,img_0059.jpg,naturaleza_y_bosques,ilustracion_plana_color,640,427,"Ilustración de hojas en primavera, colorida",Vecteezy,raul_hernandez,6dcd85a644887bc88e513287dfd2ebd76de6bf53
raul_hernandez_img_0060,img_0060.jpg,naturaleza_y_bosques,ilustracion_plana_color,452,640,"Ilustración de paisaje de primavera en primavera, tierna",Vecteezy,raul_hernandez,ea756b4a83478981805b2b115c906e2e2591041a
raul_hernandez_img_0061,img_0061.jpg,naturaleza_y_bosques,ilustracion_plana_color,577,640,"Ilustración de lobo, diseño plano",Vecteezy,raul_hernandez,e91b4595aa3a44875a925979692d763184d7cac9
raul_hernandez_img_0062,img_0062.jpg,naturaleza_y_bosques,ilustracion_plana_color,640,455,"Ilustración de escena de naturaleza en la naturaleza, estilo plano a color",Vecteezy,raul_hernandez,cf2db8a47ecff1010770a546c59277f2c9975010
raul_hernandez_img_0063,img_0063.jpg,naturaleza_y_bosques,ilustracion_plana_color,640,512,"Ilustración de naturaleza y bosque, diseño plano",Vecteezy,raul_hernandez,9b1c0b4e6eff9b7e2c7f5673da39d28c27b19024
raul_hernandez_img_0064,img_0064.jpg,naturaleza_y_bosques,ilustracion_plana_color,640,640,"Ilustración de flores en la naturaleza, estilo plano a color",Vecteezy,raul_hernandez,9f208f90326fc5729ca712eeec8be316773876df
raul_hernandez_img_0065,img_0065.jpg,naturaleza_y_bosques,ilustracion_plana_color,640,640,"Ilustración de escena de naturaleza, estilo plano",Vecteezy,raul_hernandez,66d2181e949a90c1d2a77c14e3f1ea3ceaca9410
raul_hernandez_img_0066,img_0066.jpg,naturaleza_y_bosques,ilustracion_plana_color,640,360,"Ilustración de naturaleza y bosque, diseño plano",Vecteezy,raul_hernandez,a74e22df432044d698bad8effdc78516aac7fe47
raul_hernandez_img_0067,img_0067.jpg,naturaleza_y_bosques,ilustracion_plana_color,640,478,"Ilustración de planta en la naturaleza, estilo plano a color",Vecteezy,raul_hernandez,5e40ed599f2aaec143cf7fd1461165e53cc4d1d1
raul_hernandez_img_0068,img_0068.jpg,naturaleza_y_bosques,ilustracion_plana_color,640,640,"Ilustración de escena de naturaleza en la naturaleza, estilo plano a color",Vecteezy,raul_hernandez,b7e764d1400bfa3bf0028ac721a1a93727d3d75f
raul_hernandez_img_0069,img_0069.jpg,naturaleza_y_bosques,ilustracion_plana_color,448,640,"Ilustración de planta, estilo plano a color",Vecteezy,raul_hernandez,1b72f886d9a432fe23287395deefe737dbda7a30
raul_hernandez_img_0070,img_0070.jpg,naturaleza_y_bosques,ilustracion_plana_color,640,640,"Ilustración de pájaro en la naturaleza, estilo plano a color",Vecteezy,raul_hernandez,474db004ad7edf0d08cea80ecaf76fa414e2867e
raul_hernandez_img_0071,img_0071.jpg,naturaleza_y_bosques,ilustracion_plana_color,640,640,"Ilustración de naturaleza y bosque, diseño plano",Vecteezy,raul_hernandez,332581d7d005d367116cc9f87507816b114bc546
raul_hernandez_img_0072,img_0072.jpg,naturaleza_y_bosques,ilustracion_plana_color,640,640,"Ilustración de flor, estilo plano",Vecteezy,raul_hernandez,064b0e32cb3113696455b7890ce0de17624facbf
raul_hernandez_img_0073,img_0073.jpg,naturaleza_y_bosques,ilustracion_plana_color,640,410,"Ilustración de árboles en la naturaleza, estilo plano a color",Vecteezy,raul_hernandez,b7c102bec0e5d870eea6742132fde0a7f34b9465
raul_hernandez_img_0074,img_0074.jpg,naturaleza_y_bosques,ilustracion_plana_color,640,640,"Ilustración de paisaje de otoño en otoño, estilo caricatura",Vecteezy,raul_hernandez,fff14f2acc8a90f09b5f7fe74da879fb63a3f40d
raul_hernandez_img_0075,img_0075.jpg,naturaleza_y_bosques,ilustracion_plana_color,640,640,"Ilustración de naturaleza y bosque, estilo plano a color",Vecteezy,raul_hernandez,81681eacc276e585fb8560e4486e316c53ce0c9c
raul_hernandez_img_0076,img_0076.jpg,naturaleza_y_bosques,ilustracion_plana_color,640,640,"Ilustración de naturaleza y bosque, diseño plano",Vecteezy,raul_hernandez,d2f40a6284f6af7e32963ebcac9c5e147c1dfe3d
raul_hernandez_img_0077,img_0077.jpg,naturaleza_y_bosques,ilustracion_plana_color,640,640,"Ilustración de naturaleza y bosque, estilo plano a color",Vecteezy,raul_hernandez,079d655b8de2ee6f9965894ef58705383a7a8b07
raul_hernandez_img_0078,img_0078.jpg,naturaleza_y_bosques,ilustracion_plana_color,640,495,"Ilustración de escena de naturaleza en la naturaleza, estilo plano a color",Vecteezy,raul_hernandez,fef5b681f5778643a5c72ff93aa0fa7bd5182b0f
raul_hernandez_img_0079,img_0079.jpg,naturaleza_y_bosques,ilustracion_plana_color,640,640,"Ilustración de escena de naturaleza en la naturaleza, estilo plano a color",Vecteezy,raul_hernandez,af559bfeed0253b7a5c283072239ba869714092b
raul_hernandez_img_0080,img_0080.jpg,naturaleza_y_bosques,ilustracion_plana_color,640,412,"Ilustración de naturaleza y bosque, estilo plano",Vecteezy,raul_hernandez,f76ee53011b75f983bde744e4fd6379ffb90b737
raul_hernandez_img_0081,img_0081.jpg,naturaleza_y_bosques,ilustracion_plana_color,640,360,"Ilustración de pez en la naturaleza, estilo plano",Vecteezy,raul_hernandez,097bab5d21956f2f7fd390cc523f0048bd05485b
raul_hernandez_img_0082,img_0082.jpg,naturaleza_y_bosques,ilustracion_plana_color,640,320,"Ilustración de montañas en el bosque, estilo plano a color",Vecteezy,raul_hernandez,302c8984acc2a1a30681578c8dda808eb0d81cc2
raul_hernandez_img_0083,img_0083.jpg,naturaleza_y_bosques,ilustracion_plana_color,640,320,"Ilustración de naturaleza y bosque, estilo plano a color",Vecteezy,raul_hernandez,60b1037ce11289a96c078da027f82b3be7257d0c
raul_hernandez_img_0084,img_0084.jpg,naturaleza_y_bosques,ilustracion_plana_color,640,453,"Ilustración de pájaros en la naturaleza, estilo plano a color",Vecteezy,raul_hernandez,fdf9016c145c34e0a1d7883c6adcb81f84991fdb
raul_hernandez_img_0085,img_0085.jpg,naturaleza_y_bosques,ilustracion_plana_color,640,640,"Ilustración de naturaleza y bosque, diseño plano",Vecteezy,raul_hernandez,030fcb6d18325d99b6114a6ce77b3516ca4dc0c7
raul_hernandez_img_0086,img_0086.jpg,naturaleza_y_bosques,ilustracion_plana_color,640,640,"Ilustración de naturaleza y bosque, estilo plano a color",Vecteezy,raul_hernandez,046218bdf082f3250cd79e7ba855fe8022dd5ce1
raul_hernandez_img_0087,img_0087.jpg,naturaleza_y_bosques,ilustracion_plana_color,640,640,"Ilustración de paisaje natural en la naturaleza, estilo plano a color",Vecteezy,raul_hernandez,c566c3e6299560f898e7dad56b9fab145896672a
raul_hernandez_img_0088,img_0088.jpg,naturaleza_y_bosques,ilustracion_plana_color,640,640,"Ilustración de naturaleza y bosque, estilo plano a color",Vecteezy,raul_hernandez,395cb86b8c68f82d74c27e62b3491880446e5104
raul_hernandez_img_0089,img_0089.jpg,naturaleza_y_bosques,ilustracion_plana_color,640,360,"Ilustración de escena de naturaleza en la naturaleza, estilo plano",Vecteezy,raul_hernandez,2ff7feff4d0aedfbf6b735600b94e2878641f405
raul_hernandez_img_0090,img_0090.jpg,naturaleza_y_bosques,ilustracion_plana_color,640,640,"Ilustración de sendero en el bosque en el bosque, estilo plano a color",Vecteezy,raul_hernandez,4ad693ec49cdf97dea3f8a9c28a9f1e2d2d14492
raul_hernandez_img_0091,img_0091.jpg,naturaleza_y_bosques,ilustracion_plana_color,640,640,"Ilustración de naturaleza y bosque, estilo plano",Vecteezy,raul_hernandez,9e8a5c36b0c8be22f50167e0d4de644315dafa61
raul_hernandez_img_0092,img_0092.jpg,naturaleza_y_bosques,ilustracion_plana_color,640,640,"Ilustración de planta en la naturaleza, diseño plano",Vecteezy,raul_hernandez,e9bd845e3845ea213101443db6b734b3fc9e50eb
raul_hernandez_img_0093,img_0093.jpg,naturaleza_y_bosques,ilustracion_plana_color,640,480,"Ilustración de naturaleza y bosque, estilo plano a color",Vecteezy,raul_hernandez,f61394d7ce08cf6fa3dd00dad556adc505e893a6
raul_hernandez_img_0094,img_0094.jpg,naturaleza_y_bosques,ilustracion_plana_color,640,640,"Ilustración de naturaleza y bosque, estilo plano a color",Vecteezy,raul_hernandez,1d1018250139870a43ff9338ff10a8047e57e8d4
raul_hernandez_img_0095,img_0095.jpg,naturaleza_y_bosques,ilustracion_plana_color,640,640,"Ilustración de naturaleza y bosque, estilo plano",Vecteezy,raul_hernandez,5794443df0fc111d1efebd07c6a720501882bc51
raul_hernandez_img_0096,img_0096.jpg,naturaleza_y_bosques,ilustracion_plana_color,640,640,"Ilustración de naturaleza y bosque, estilo plano a color",Vecteezy,raul_hernandez,be2329a1a0f3c7426cb7bc9db8caf233fea461e5
raul_hernandez_img_0097,img_0097.jpg,naturaleza_y_bosques,ilustracion_plana_color,640,640,"Ilustración de naturaleza y bosque, estilo plano",Vecteezy,raul_hernandez,a0b4b65fd8f9ed81556988b0169a7badd117690e
raul_hernandez_img_0098,img_0098.jpg,naturaleza_y_bosques,ilustracion_plana_color,640,640,"Ilustración de naturaleza y bosque, estilo plano a color",Vecteezy,raul_hernandez,359cc2d065fd291660c99be130d1d88299e7e855
raul_hernandez_img_0099,img_0099.jpg,naturaleza_y_bosques,ilustracion_plana_color,454,640,"Ilustración de naturaleza y bosque, estilo plano a color",Vecteezy,raul_hernandez,3d41cab06170f6267a048359aeff573510539968
raul_hernandez_img_0100,img_0100.jpg,naturaleza_y_bosques,ilustracion_plana_color,640,400,"Ilustración de naturaleza y bosque, estilo plano",Vecteezy,raul_hernandez,2e6c28444d76512370033883b36e04367d488614
raul_hernandez_img_0101,img_0101.jpg,naturaleza_y_bosques,ilustracion_plana_color,640,640,"Ilustración de planta en la naturaleza, diseño plano",Vecteezy,raul_hernandez,a2cb8c56a077b11cd50210f498f54d897db147dc
raul_hernandez_img_0102,img_0102.jpg,naturaleza_y_bosques,ilustracion_plana_color,640,480,"Ilustración de naturaleza y bosque, estilo plano a color",Vecteezy,raul_hernandez,34deec0b821c29432362c35694f423cac852f439
raul_hernandez_img_0103,img_0103.jpg,naturaleza_y_bosques,ilustracion_plana_color,640,526,"Ilustración de animal del bosque en la naturaleza, colorida",Vecteezy,raul_hernandez,eec018af99f9ba76e3edcf2ee7b2594c3b76dd94
raul_hernandez_img_0104,img_0104.jpg,naturaleza_y_bosques,ilustracion_plana_color,640,416,"Ilustración de naturaleza y bosque, estilo plano a color",Vecteezy,raul_hernandez,29aeee434a2605ef40178e0bc49aad8db0db5218
raul_hernandez_img_0105,img_0105.jpg,naturaleza_y_bosques,ilustracion_plana_color,554,640,"Ilustración de naturaleza y bosque, estilo plano a color",Vecteezy,raul_hernandez,cc70a815a6d6904cc7b0823fadd969801d867212
raul_hernandez_img_0106,img_0106.jpg,naturaleza_y_bosques,ilustracion_plana_color,640,640,"Ilustración de escena de naturaleza en la naturaleza, estilo caricatura",Vecteezy,raul_hernandez,653f1e22f055024a06c563d8cf9b7002b3aeab51
raul_hernandez_img_0107,img_0107.jpg,naturaleza_y_bosques,ilustracion_plana_color,640,640,"Ilustración de naturaleza y bosque, estilo plano",Vecteezy,raul_hernandez,598dd1b61c31cf5ec8e3f238343114f70fad5269
raul_hernandez_img_0108,img_0108.jpg,naturaleza_y_bosques,ilustracion_plana_color,640,378,"Ilustración de naturaleza y bosque, estilo plano",Vecteezy,raul_hernandez,212e9f14d03949126468451515e8438e06120bc9
raul_hernandez_img_0109,img_0109.jpg,naturaleza_y_bosques,ilustracion_plana_color,640,640,"Ilustración de naturaleza y bosque, estilo plano",Vecteezy,raul_hernandez,9261f35668ad88d3244a27ed09cd5ee0680006c3
raul_hernandez_img_0110,img_0110.jpg,naturaleza_y_bosques,ilustracion_plana_color,640,426,"Ilustración de bosque en el bosque, estilo plano a color",Vecteezy,raul_hernandez,900f490ba4fec1e47fc6dad3c93249aeda4bbc05
raul_hernandez_img_0111,img_0111.jpg,naturaleza_y_bosques,ilustracion_plana_color,640,640,"Ilustración de oso en la naturaleza, tierna",Vecteezy,raul_hernandez,7ef1b244386d9caa586b937545a675151bdc2ef0
raul_hernandez_img_0112,img_0112.jpg,naturaleza_y_bosques,ilustracion_plana_color,640,640,"Ilustración de naturaleza y bosque, estilo plano",Vecteezy,raul_hernandez,59a8670e1f5152d310655d241ef884d00ca92399
raul_hernandez_img_0113,img_0113.jpg,naturaleza_y_bosques,ilustracion_plana_color,640,493,"Ilustración de naturaleza y bosque, estilo plano",Vecteezy,raul_hernandez,621020e8fac352033ee03c3ddc2a691851dbe017
raul_hernandez_img_0114,img_0114.jpg,naturaleza_y_bosques,ilustracion_plana_color,640,453,"Ilustración de escena de naturaleza en la naturaleza, estilo plano",Vecteezy,raul_hernandez,484308c166eddd0efbad772e7e7587c88eb62673
raul_hernandez_img_0115,img_0115.jpg,naturaleza_y_bosques,ilustracion_plana_color,640,640,"Ilustración de escena de naturaleza en la naturaleza, diseño plano",Vecteezy,raul_hernandez,3d60a66dce4d965b0d58b58d0fed59ee50e012ff
raul_hernandez_img_0116,img_0116.jpg,naturaleza_y_bosques,ilustracion_plana_color,640,403,"Ilustración de naturaleza y bosque, estilo plano",Vecteezy,raul_hernandez,f65d8d62f86373c57033cb74116d79462223dd43
raul_hernandez_img_0117,img_0117.jpg,naturaleza_y_bosques,ilustracion_plana_color,640,505,"Ilustración de montañas junto al río, estilo plano a color",Vecteezy,raul_hernandez,a35c91fd83ee0876b401f2d0010d4d7395e2a267
raul_hernandez_img_0118,img_0118.jpg,naturaleza_y_bosques,ilustracion_plana_color,427,640,"Ilustración de naturaleza y bosque, estilo plano a color",Vecteezy,raul_hernandez,bfee533b52f16c2bb1af0d6f0bfb0e538af68291
raul_hernandez_img_0119,img_0119.jpg,naturaleza_y_bosques,ilustracion_plana_color,640,640,"Ilustración de naturaleza y bosque, estilo plano a color",Vecteezy,raul_hernandez,255bf2cac06c776b599f3fcaa7a22e61c2cefaa5
raul_hernandez_img_0120,img_0120.jpg,naturaleza_y_bosques,ilustracion_plana_color,640,406,"Ilustración de ciervo en la naturaleza, diseño plano",Vecteezy,raul_hernandez,1d26b4099818309ffe31f0ac396f7bcfc74c3fa6
raul_hernandez_img_0121,img_0121.jpg,naturaleza_y_bosques,ilustracion_plana_color,554,640,"Ilustración de naturaleza y bosque, estilo plano",Vecteezy,raul_hernandez,9e6717fc93b19b45ca913e372a73e1967363b507
raul_hernandez_img_0122,img_0122.jpg,naturaleza_y_bosques,ilustracion_plana_color,640,640,"Ilustración de naturaleza y bosque, estilo plano",Vecteezy,raul_hernandez,ba75d1cbca37377dc5db57066f3e9969a813a24e
raul_hernandez_img_0123,img_0123.jpg,naturaleza_y_bosques,ilustracion_plana_color,640,640,"Ilustración de bosque en el bosque, estilo plano a color",Vecteezy,raul_hernandez,0fe20db89e1c306e40bda15e108f91e6008887cc
raul_hernandez_img_0124,img_0124.jpg,naturaleza_y_bosques,ilustracion_plana_color,640,439,"Ilustración de naturaleza y bosque, estilo plano",Vecteezy,raul_hernandez,87ba70b98bb58ab4a3a5549253e7366077b87853
raul_hernandez_img_0125,img_0125.jpg,naturaleza_y_bosques,ilustracion_plana_color,640,640,"Ilustración de naturaleza y bosque, estilo plano a color",Vecteezy,raul_hernandez,d2825aff3b7a94d3d14d3bc78b19eb3f0a411ea5
raul_hernandez_img_0126,img_0126.jpg,naturaleza_y_bosques,ilustracion_plana_color,640,565,"Ilustración de naturaleza y bosque, diseño plano",Vecteezy,raul_hernandez,a03e6a831be4439266f07452fc62d1e909425a1d
raul_hernandez_img_0127,img_0127.jpg,naturaleza_y_bosques,ilustracion_plana_color,617,640,"Ilustración de naturaleza y bosque, estilo plano a color",Vecteezy,raul_hernandez,03cfd7168a7519b25b9fef5db447f5726646193d
raul_hernandez_img_0128,img_0128.jpg,naturaleza_y_bosques,ilustracion_plana_color,640,480,"Ilustración de naturaleza y bosque, estilo plano a color",Vecteezy,raul_hernandez,91f32783a6246263e6d8474867d1de518635292f
raul_hernandez_img_0129,img_0129.jpg,naturaleza_y_bosques,ilustracion_plana_color,640,640,"Ilustración de paisaje de otoño en la naturaleza, colorida",Vecteezy,raul_hernandez,5f2c7bf7a277762ac49f6f8f313e3ba05b2f4b09
raul_hernandez_img_0130,img_0130.jpg,naturaleza_y_bosques,ilustracion_plana_color,640,640,"Ilustración de naturaleza y bosque, diseño plano",Vecteezy,raul_hernandez,53e33f2d53cfe304baf46792b54e77b1be5accf5
raul_hernandez_img_0131,img_0131.jpg,naturaleza_y_bosques,ilustracion_plana_color,640,640,"Ilustración de naturaleza y bosque, estilo caricatura",Vecteezy,raul_hernandez,fb863e8191f2ce5cf6198b927688326d7312ab3a
raul_hernandez_img_0132,img_0132.jpg,naturaleza_y_bosques,ilustracion_plana_color,640,621,"Ilustración de conejo en la naturaleza, estilo plano",Vecteezy,raul_hernandez,1e247bed89e5bd76dfe29dcbb474a32b15c5ef5e
raul_hernandez_img_0133,img_0133.jpg,naturaleza_y_bosques,ilustracion_plana_color,640,490,"Ilustración de animal del bosque, estilo plano",Vecteezy,raul_hernandez,be508823a173742771d05647bec187372957b329
raul_hernandez_img_0134,img_0134.jpg,naturaleza_y_bosques,ilustracion_plana_color,640,520,"Ilustración de animal del bosque, colorida",Vecteezy,raul_hernandez,87b13b5548337f980771ce86d0847ef9f7067fa3
raul_hernandez_img_0135,img_0135.jpg,naturaleza_y_bosques,ilustracion_plana_color,640,640,"Ilustración de naturaleza y bosque, estilo plano a color",Vecteezy,raul_hernandez,c1a113795e9fd8765ae0eb44230cd1ed97ba9d9a
raul_hernandez_img_0136,img_0136.jpg,naturaleza_y_bosques,ilustracion_plana_color,453,640,"Ilustración de escena de naturaleza en la naturaleza, diseño plano",Vecteezy,raul_hernandez,a39cb897d373506c01f9435f01d245e22bb4d185
raul_hernandez_img_0137,img_0137.jpg,naturaleza_y_bosques,ilustracion_plana_color,466,640,"Ilustración de conejo, estilo caricatura",Vecteezy,raul_hernandez,73a5235774fb249dd3134643eb1e70db12738296
raul_hernandez_img_0138,img_0138.jpg,naturaleza_y_bosques,ilustracion_plana_color,640,640,"Ilustración de naturaleza y bosque, estilo plano a color",Vecteezy,raul_hernandez,deee996a0b6ae9c1e06f39349375c9c91a1e3a74
raul_hernandez_img_0139,img_0139.jpg,naturaleza_y_bosques,ilustracion_plana_color,511,640,"Ilustración de naturaleza y bosque, estilo plano a color",Vecteezy,raul_hernandez,bc006807bac5c5c50309b591581b8e7ab8affa03
raul_hernandez_img_0140,img_0140.jpg,naturaleza_y_bosques,ilustracion_plana_color,480,640,"Ilustración de bosque en el bosque, estilo plano a color",Vecteezy,raul_hernandez,54cfcafc9386d94f7dfa0170c825fd0e9cffa063
raul_hernandez_img_0141,img_0141.jpg,naturaleza_y_bosques,ilustracion_plana_color,640,453,"Ilustración de naturaleza y bosque, estilo plano a color",Vecteezy,raul_hernandez,b6a2ddf34e49cb1c7b9419aba4244483605ed088
raul_hernandez_img_0142,img_0142.jpg,naturaleza_y_bosques,ilustracion_plana_color,640,527,"Ilustración de búho en la naturaleza, diseño plano",Vecteezy,raul_hernandez,b5932817cbec754f060ee9365057c1177c7f6eb2
raul_hernandez_img_0143,img_0143.jpg,naturaleza_y_bosques,ilustracion_plana_color,640,640,"Ilustración de paisaje invernal en invierno, estilo plano a color",Vecteezy,raul_hernandez,bc9999c25e5cc87152f50972692bf92ab8f3da3c
raul_hernandez_img_0144,img_0144.jpg,naturaleza_y_bosques,ilustracion_plana_color,640,640,"Ilustración de naturaleza y bosque, estilo plano",Vecteezy,raul_hernandez,f06ba96ec13da5cf56a2124b6e5bae294eee8e1e
raul_hernandez_img_0145,img_0145.jpg,naturaleza_y_bosques,ilustracion_plana_color,325,640,"Ilustración de montaña en la montaña, estilo plano",Vecteezy,raul_hernandez,6dfd1ae76f8abb74da285302f419c24cad18af75
raul_hernandez_img_0146,img_0146.jpg,naturaleza_y_bosques,ilustracion_plana_color,529,640,"Ilustración de naturaleza y bosque, diseño plano",Vecteezy,raul_hernandez,360fdc7c51c05308afc0e4fc1bab2657ab9481f5
raul_hernandez_img_0147,img_0147.jpg,naturaleza_y_bosques,ilustracion_plana_color,640,640,"Ilustración de naturaleza y bosque, estilo plano a color",Vecteezy,raul_hernandez,d7b71e670c2086f13892a66fdca7d4dec6e0e299
raul_hernandez_img_0148,img_0148.jpg,naturaleza_y_bosques,ilustracion_plana_color,427,640,"Ilustración de escena de naturaleza en la naturaleza, tierna",Vecteezy,raul_hernandez,a835678712865455330ef4732600f0da6e5e0ffe
raul_hernandez_img_0149,img_0149.jpg,naturaleza_y_bosques,ilustracion_plana_color,640,630,"Ilustración de naturaleza y bosque, estilo plano a color",Vecteezy,raul_hernandez,677a11ccfd75b04823330215981750acc7ab1ed0
raul_hernandez_img_0150,img_0150.jpg,naturaleza_y_bosques,ilustracion_plana_color,640,640,"Ilustración de escena de naturaleza en la naturaleza, estilo plano",Vecteezy,raul_hernandez,a9177a46b66f7acbc11276f8fcd248b7150481ac
raul_hernandez_img_0151,img_0151.jpg,naturaleza_y_bosques,ilustracion_plana_color,640,640,"Ilustración de naturaleza y bosque, estilo plano a color",Vecteezy,raul_hernandez,0c42171355c2cf565a5b44b456bb345f81b7754a
raul_hernandez_img_0152,img_0152.jpg,naturaleza_y_bosques,ilustracion_plana_color,640,455,"Ilustración de naturaleza y bosque, estilo plano a color",Vecteezy,raul_hernandez,c593bc29a395845ee61bb69bd132c387d232ffd0
raul_hernandez_img_0153,img_0153.jpg,naturaleza_y_bosques,ilustracion_plana_color,621,640,"Ilustración de escena de naturaleza en la naturaleza, estilo plano",Vecteezy,raul_hernandez,e1d805cbb9e268a8229ac8c9333d5bb1150bece4
raul_hernandez_img_0154,img_0154.jpg,naturaleza_y_bosques,ilustracion_plana_color,439,640,"Ilustración de montañas en la naturaleza, estilo plano",Vecteezy,raul_hernandez,b6ed5d174b5a7da306d50f575e3d053a3734a2a0
raul_hernandez_img_0155,img_0155.jpg,naturaleza_y_bosques,ilustracion_plana_color,447,640,"Ilustración de árboles en invierno, estilo plano a color",Vecteezy,raul_hernandez,63715fc6191e0b60f9fe4e4cd25b664769af17ef
raul_hernandez_img_0156,img_0156.jpg,naturaleza_y_bosques,ilustracion_plana_color,640,640,"Ilustración de naturaleza y bosque, estilo plano a color",Vecteezy,raul_hernandez,ccfbdb0e1b6d3ea5d39e41a6fd9ca28374b5ef36
raul_hernandez_img_0157,img_0157.jpg,naturaleza_y_bosques,ilustracion_plana_color,554,640,"Ilustración de naturaleza y bosque, estilo plano",Vecteezy,raul_hernandez,924d045182dc935d0df2435dc0d5e2c9a993b2f9
raul_hernandez_img_0158,img_0158.jpg,naturaleza_y_bosques,ilustracion_plana_color,640,640,"Ilustración de montañas en la naturaleza, diseño plano",Vecteezy,raul_hernandez,5b8f6d4f15c05241118d0417156c93c1a435a592
raul_hernandez_img_0159,img_0159.jpg,naturaleza_y_bosques,ilustracion_plana_color,640,640,"Ilustración de naturaleza y bosque, estilo plano",Vecteezy,raul_hernandez,93658230b811eb51535f75af332ce7765df875a1
raul_hernandez_img_0160,img_0160.jpg,naturaleza_y_bosques,ilustracion_plana_color,640,511,"Ilustración de paisaje natural en la naturaleza, diseño plano",Vecteezy,raul_hernandez,caf12198ff281938f4d2609f64c02641f5ee434a
raul_hernandez_img_0161,img_0161.jpg,naturaleza_y_bosques,ilustracion_plana_color,640,640,"Ilustración de naturaleza y bosque, estilo plano",Vecteezy,raul_hernandez,902819329e84ae10c285d8a14f40c0c86d007b5c
raul_hernandez_img_0162,img_0162.jpg,naturaleza_y_bosques,ilustracion_plana_color,640,640,"Ilustración de naturaleza y bosque, estilo plano",Vecteezy,raul_hernandez,70f08e520b429c4af829c30cbe518035813af8a4
raul_hernandez_img_0163,img_0163.jpg,naturaleza_y_bosques,ilustracion_plana_color,640,640,"Ilustración de naturaleza y bosque, estilo plano",Vecteezy,raul_hernandez,a33fb07d5f79d9df5cf676376180652a77f7d896
raul_hernandez_img_0164,img_0164.jpg,naturaleza_y_bosques,ilustracion_plana_color,640,409,"Ilustración de naturaleza y bosque, estilo plano a color",Vecteezy,raul_hernandez,6afe3339bad605c1527915bb301a2f0802e027aa
raul_hernandez_img_0165,img_0165.jpg,naturaleza_y_bosques,ilustracion_plana_color,640,403,"Ilustración de naturaleza y bosque, estilo plano",Vecteezy,raul_hernandez,b7cb20a03c59d79d0b2b7e39fd6542b348ec4653
raul_hernandez_img_0166,img_0166.jpg,naturaleza_y_bosques,ilustracion_plana_color,640,593,"Ilustración de naturaleza y bosque, estilo plano a color",Vecteezy,raul_hernandez,20d56ff38803002cd2383303886e4ee6a456bc9e
raul_hernandez_img_0167,img_0167.jpg,naturaleza_y_bosques,ilustracion_plana_color,640,360,"Ilustración de escena de naturaleza en la naturaleza, estilo plano",Vecteezy,raul_hernandez,274712501d3fa634cc49dee652b2c05c8d3808f2
raul_hernandez_img_0168,img_0168.jpg,naturaleza_y_bosques,ilustracion_plana_color,554,640,"Ilustración de naturaleza y bosque, estilo plano a color",Vecteezy,raul_hernandez,7b68afb85f1859fa97636a7c138342b98acb0982
raul_hernandez_img_0169,img_0169.jpg,naturaleza_y_bosques,ilustracion_plana_color,640,420,"Ilustración de naturaleza y bosque, estilo plano",Vecteezy,raul_hernandez,d9d73b8eb1cd922b2739785440d77c217b5297ca
raul_hernandez_img_0170,img_0170.jpg,naturaleza_y_bosques,ilustracion_plana_color,640,640,"Ilustración de naturaleza y bosque, estilo caricatura",Vecteezy,raul_hernandez,fe029875bcd407539ee4181decd2ed650a7a7c81
raul_hernandez_img_0171,img_0171.jpg,naturaleza_y_bosques,ilustracion_plana_color,640,489,"Ilustración de bosque en la naturaleza, estilo plano a color",Vecteezy,raul_hernandez,a7bb5f599820faba107b267f13b1e942bb12062f
raul_hernandez_img_0172,img_0172.jpg,naturaleza_y_bosques,ilustracion_plana_color,640,416,"Ilustración de escena de naturaleza en la naturaleza, estilo plano",Vecteezy,raul_hernandez,07a377a614f064e45331054e3864952f40fa9c02
raul_hernandez_img_0173,img_0173.jpg,naturaleza_y_bosques,ilustracion_plana_color,640,494,"Ilustración de naturaleza y bosque, estilo plano",Vecteezy,raul_hernandez,c90084a1879df8078d8f82eb4eb743d2d9a10f02
raul_hernandez_img_0174,img_0174.jpg,naturaleza_y_bosques,ilustracion_plana_color,640,321,"Ilustración de naturaleza y bosque, estilo plano",Vecteezy,raul_hernandez,1eedbf2e1d2a2fab06128cffa6ed34a3ddfecdb4
raul_hernandez_img_0175,img_0175.jpg,naturaleza_y_bosques,ilustracion_plana_color,640,360,"Ilustración de árboles junto al río, estilo plano",Vecteezy,raul_hernandez,1d9ac580bc1bfaa5e0f39c7c3ab4be84af49ad94
raul_hernandez_img_0176,img_0176.jpg,naturaleza_y_bosques,ilustracion_plana_color,640,640,"Ilustración de naturaleza y bosque, diseño plano",Vecteezy,raul_hernandez,64b0c1f8bad25a4c88080152af1ebd2453f28347
raul_hernandez_img_0177,img_0177.jpg,naturaleza_y_bosques,ilustracion_plana_color,640,381,"Ilustración de naturaleza y bosque, estilo plano",Vecteezy,raul_hernandez,d6eaf4cf38c29914513c0709ec37123481c98b1e
raul_hernandez_img_0178,img_0178.jpg,naturaleza_y_bosques,ilustracion_plana_color,640,640,"Ilustración de naturaleza y bosque, estilo plano a color",Vecteezy,raul_hernandez,1b8134b4b14a65a0da967c3fede7886278db6a5f
raul_hernandez_img_0179,img_0179.jpg,naturaleza_y_bosques,ilustracion_plana_color,448,640,"Ilustración de árboles en el bosque, estilo plano a color",Vecteezy,raul_hernandez,b82c604b204eda381ddc8393e6fbead67cb72579
raul_hernandez_img_0180,img_0180.jpg,naturaleza_y_bosques,ilustracion_plana_color,640,640,"Ilustración de zorro en el bosque, estilo plano a color",Vecteezy,raul_hernandez,514011033a0b21965688cfebf7516194bb490754
raul_hernandez_img_0181,img_0181.jpg,naturaleza_y_bosques,ilustracion_plana_color,640,640,"Ilustración de zorro en el bosque, estilo plano a color",Vecteezy,raul_hernandez,e73b4d306cb167ee5451dc9ee25bd0232b8caffb
raul_hernandez_img_0182,img_0182.jpg,naturaleza_y_bosques,ilustracion_plana_color,640,640,"Ilustración de naturaleza y bosque, estilo plano",Vecteezy,raul_hernandez,362a471efd712ad277c612aa315144639315a38e
raul_hernandez_img_0183,img_0183.jpg,naturaleza_y_bosques,ilustracion_plana_color,320,640,"Ilustración de naturaleza y bosque, diseño plano",Vecteezy,raul_hernandez,d22ca23c0721b753a085d3510d04b92f1f56c14d
raul_hernandez_img_0184,img_0184.jpg,naturaleza_y_bosques,ilustracion_plana_color,640,640,"Ilustración de naturaleza y bosque, estilo plano a color",Vecteezy,raul_hernandez,228cc306a56a7b74147b622476b0cfde41180856
raul_hernandez_img_0185,img_0185.jpg,naturaleza_y_bosques,ilustracion_plana_color,640,426,"Ilustración de bosque en el bosque, estilo plano a color",Vecteezy,raul_hernandez,deafd72f2bf39a0dbfcb10cecfdfac2816f187b7
raul_hernandez_img_0186,img_0186.jpg,naturaleza_y_bosques,ilustracion_plana_color,640,508,"Ilustración de escena de naturaleza en la naturaleza, diseño plano",Vecteezy,raul_hernandez,effe45de42ae5db6121a3a87428b4c854e992f4a
raul_hernandez_img_0187,img_0187.jpg,naturaleza_y_bosques,ilustracion_plana_color,629,640,"Ilustración de escena de naturaleza en la naturaleza, tierna",Vecteezy,raul_hernandez,fb22ee960c998f2dbdac30b1d02a05295513ee7e
raul_hernandez_img_0188,img_0188.jpg,naturaleza_y_bosques,ilustracion_plana_color,640,640,"Ilustración de animal del bosque, estilo caricatura",Vecteezy,raul_hernandez,5f8f0c658ca1e911db175c1b50b737a5aa03d501
raul_hernandez_img_0189,img_0189.jpg,naturaleza_y_bosques,ilustracion_plana_color,640,640,"Ilustración de naturaleza y bosque, estilo plano",Vecteezy,raul_hernandez,d999078d687bc9133891a3496cc5b068e103c0b0
raul_hernandez_img_0190,img_0190.jpg,naturaleza_y_bosques,ilustracion_plana_color,337,640,"Ilustración de naturaleza y bosque, diseño plano",Vecteezy,raul_hernandez,d94fedb2eaa13e73b4352cc361c26339429ca510
raul_hernandez_img_0191,img_0191.jpg,naturaleza_y_bosques,ilustracion_plana_color,495,640,"Ilustración de naturaleza y bosque, diseño plano",Vecteezy,raul_hernandez,aa59da9afb84882062c4a2754cb7da893dc81eec
raul_hernandez_img_0192,img_0192.jpg,naturaleza_y_bosques,ilustracion_plana_color,640,426,"Ilustración de naturaleza y bosque, estilo caricatura",Vecteezy,raul_hernandez,3f0e4d53ea0720df6e1cff8548a1c15f226a587d
raul_hernandez_img_0193,img_0193.jpg,naturaleza_y_bosques,ilustracion_plana_color,640,419,"Ilustración de naturaleza y bosque, estilo plano",Vecteezy,raul_hernandez,63b2be0267e185f7eb340a7e3de1ad7cba21cedc
raul_hernandez_img_0194,img_0194.jpg,naturaleza_y_bosques,ilustracion_plana_color,640,320,"Ilustración de naturaleza y bosque, estilo plano",Vecteezy,raul_hernandez,63460d9fdb2cb6d529ef285a6f41d901d81843fd
raul_hernandez_img_0195,img_0195.jpg,naturaleza_y_bosques,ilustracion_plana_color,324,640,"Ilustración de escena de naturaleza en la naturaleza, estilo plano",Vecteezy,raul_hernandez,6cf63c719dc66323c411578bd4ed4a7c669d8181
raul_hernandez_img_0196,img_0196.jpg,naturaleza_y_bosques,ilustracion_plana_color,640,452,"Ilustración de naturaleza y bosque, estilo plano a color",Vecteezy,raul_hernandez,26fbb0f9b7bb2537d48a73254a0e3a699888b436
raul_hernandez_img_0197,img_0197.jpg,naturaleza_y_bosques,ilustracion_plana_color,640,359,"Ilustración de árboles en la naturaleza, estilo plano a color",Vecteezy,raul_hernandez,df7b0d9f5f8d40ec99f9b9403fa3aceec46ef72b
raul_hernandez_img_0198,img_0198.jpg,naturaleza_y_bosques,ilustracion_plana_color,640,640,"Ilustración de escena de naturaleza en la naturaleza, diseño plano",Vecteezy,raul_hernandez,4c07bdd9fd1ab16b77e150b1d22863e6127f1efa
raul_hernandez_img_0199,img_0199.jpg,naturaleza_y_bosques,ilustracion_plana_color,640,640,"Ilustración de naturaleza y bosque, estilo plano",Vecteezy,raul_hernandez,446b43599a1f97cdff73b8de951a93c3c8a1d5af
raul_hernandez_img_0200,img_0200.jpg,naturaleza_y_bosques,ilustracion_plana_color,640,640,"Ilustración de planta en la naturaleza, estilo plano",Vecteezy,raul_hernandez,66b6b1e7292b9df025292276acf57183f916e59e
raul_hernandez_img_0201,img_0201.jpg,naturaleza_y_bosques,ilustracion_plana_color,640,320,"Ilustración de naturaleza y bosque, diseño plano",Vecteezy,raul_hernandez,5f659fcdb5d4106ad4fc5b8493970d021e1ea1f7
raul_hernandez_img_0202,img_0202.jpg,naturaleza_y_bosques,ilustracion_plana_color,640,360,"Ilustración de paisaje natural, estilo plano",Vecteezy,raul_hernandez,ecf72da2d9b4e8cae6763a29854331c95ccc652d
raul_hernandez_img_0203,img_0203.jpg,naturaleza_y_bosques,ilustracion_plana_color,640,640,"Ilustración de naturaleza y bosque, estilo plano a color",Vecteezy,raul_hernandez,665bd45184b49652656a1d817484f52e233d8f65
raul_hernandez_img_0204,img_0204.jpg,naturaleza_y_bosques,ilustracion_plana_color,640,581,"Ilustración de naturaleza y bosque, estilo plano",Vecteezy,raul_hernandez,5d844703473ad65ca2e67f15defdc4e914c112e2
raul_hernandez_img_0205,img_0205.jpg,naturaleza_y_bosques,ilustracion_plana_color,640,542,"Ilustración de naturaleza y bosque, estilo plano a color",Vecteezy,raul_hernandez,21753120e52d154974c6349a5b699091fc191512
raul_hernandez_img_0206,img_0206.jpg,naturaleza_y_bosques,ilustracion_plana_color,640,455,"Ilustración de árbol en el bosque, estilo plano a color",Vecteezy,raul_hernandez,bea2667983bab1985eff7daa43fb747282b553a6
raul_hernandez_img_0207,img_0207.jpg,naturaleza_y_bosques,ilustracion_plana_color,640,320,"Ilustración de naturaleza y bosque, estilo plano",Vecteezy,raul_hernandez,3d4f15356bb6d549e941bf772a490430814d6282
raul_hernandez_img_0208,img_0208.jpg,naturaleza_y_bosques,ilustracion_plana_color,640,516,"Ilustración de mariposa en la naturaleza, estilo caricatura",Vecteezy,raul_hernandez,16e968e7104614ef384f257a451b6c976141f4b0
raul_hernandez_img_0209,img_0209.jpg,naturaleza_y_bosques,ilustracion_plana_color,640,640,"Ilustración de pájaro en la naturaleza, diseño plano",Vecteezy,raul_hernandez,faa0947f1c32e0b763b756f68e4446dd61f7fcb1
raul_hernandez_img_0210,img_0210.jpg,naturaleza_y_bosques,ilustracion_plana_color,640,640,"Ilustración de naturaleza y bosque, estilo plano",Vecteezy,raul_hernandez,cdc223a116b25e68ccae90457e8c0b17f417bd9a
raul_hernandez_img_0211,img_0211.jpg,naturaleza_y_bosques,ilustracion_plana_color,640,640,"Ilustración de naturaleza y bosque, estilo plano",Vecteezy,raul_hernandez,69aadb0c122e0468488924b6c228d53d3f9b51ac
raul_hernandez_img_0212,img_0212.jpg,naturaleza_y_bosques,ilustracion_plana_color,480,640,"Ilustración de naturaleza y bosque, estilo plano",Vecteezy,raul_hernandez,80d585fb47523e2b09b1a92edb27e02f1c358a46
raul_hernandez_img_0213,img_0213.jpg,naturaleza_y_bosques,ilustracion_plana_color,640,640,"Ilustración de naturaleza y bosque, diseño plano",Vecteezy,raul_hernandez,15283df652e0c158ce4c58ed1b036c46885f47a5
raul_hernandez_img_0214,img_0214.jpg,naturaleza_y_bosques,ilustracion_plana_color,640,441,"Ilustración de paisaje natural, estilo plano",Vecteezy,raul_hernandez,a669aa27e7be96c688a3529b02867ce406b50be1
raul_hernandez_img_0215,img_0215.jpg,naturaleza_y_bosques,ilustracion_plana_color,640,640,"Ilustración de naturaleza y bosque, ilustración",Vecteezy,raul_hernandez,b0b876f68df7e209a1493c67f9a7a28aa5cf088e
raul_hernandez_img_0216,img_0216.jpg,naturaleza_y_bosques,ilustracion_plana_color,640,407,"Ilustración de árbol en la montaña, estilo caricatura",Vecteezy,raul_hernandez,906c99c60ceec537f04d8fde2ac7ce9762cd0eb1
raul_hernandez_img_0217,img_0217.jpg,naturaleza_y_bosques,ilustracion_plana_color,640,640,"Ilustración de naturaleza y bosque, estilo plano",Vecteezy,raul_hernandez,56b169212b1edb133399057566461124c22c64de
raul_hernandez_img_0218,img_0218.jpg,naturaleza_y_bosques,ilustracion_plana_color,640,640,"Ilustración de escena de naturaleza en la naturaleza, estilo plano",Vecteezy,raul_hernandez,b9a075a89fa5a72cf0ef9f472fd4218596f26cd1
raul_hernandez_img_0219,img_0219.jpg,naturaleza_y_bosques,ilustracion_plana_color,640,493,"Ilustración de rana en la naturaleza, estilo plano",Vecteezy,raul_hernandez,74234dda364d2e457368e6d3180c7f7290bc68b9
raul_hernandez_img_0220,img_0220.jpg,naturaleza_y_bosques,ilustracion_plana_color,640,640,"Ilustración de naturaleza y bosque, diseño plano",Vecteezy,raul_hernandez,24a453de3e95debd5150e04078162ee5878d74bb
raul_hernandez_img_0221,img_0221.jpg,naturaleza_y_bosques,ilustracion_plana_color,640,640,"Ilustración de naturaleza y bosque, estilo plano",Vecteezy,raul_hernandez,01410b1ed9a13c206f4f0ad6ddc5bfa2f8a7a65c
raul_hernandez_img_0222,img_0222.jpg,naturaleza_y_bosques,ilustracion_plana_color,452,640,"Ilustración de paisaje de primavera en la naturaleza, estilo plano",Vecteezy,raul_hernandez,6c14595f5b2adc0a21a9d5389b6dd6f5528084d9
raul_hernandez_img_0223,img_0223.jpg,naturaleza_y_bosques,ilustracion_plana_color,427,640,"Ilustración de lago, estilo plano a color",Vecteezy,raul_hernandez,19cbd9d7f7f5e80eaa1eb1ac49d7ceba604a0c80
raul_hernandez_img_0224,img_0224.jpg,naturaleza_y_bosques,ilustracion_plana_color,629,640,"Ilustración de pez en la naturaleza, diseño plano",Vecteezy,raul_hernandez,caa63ff916986fd3e5aefc8796cfd34fadb051ec
raul_hernandez_img_0225,img_0225.jpg,naturaleza_y_bosques,ilustracion_plana_color,640,640,"Ilustración de montaña en la naturaleza, estilo plano a color",Vecteezy,raul_hernandez,f7351dbde621667cc2d326bcb2bee145fcc1b153
raul_hernandez_img_0226,img_0226.jpg,naturaleza_y_bosques,ilustracion_plana_color,640,640,"Ilustración de insecto en la naturaleza, diseño plano",Vecteezy,raul_hernandez,13cb83ade9feb3c3bed18bdef13b773a5d4b18f5
raul_hernandez_img_0227,img_0227.jpg,naturaleza_y_bosques,ilustracion_plana_color,336,640,"Ilustración de escena de naturaleza en la naturaleza, estilo plano a color",Vecteezy,raul_hernandez,ebf60a05b7a8eb9b2042756d1768ed73a6a59ece
raul_hernandez_img_0228,img_0228.jpg,naturaleza_y_bosques,ilustracion_plana_color,640,432,"Ilustración de mariposa en la naturaleza, estilo plano a color",Vecteezy,raul_hernandez,9f7ce3ae80a7b8fa3bddb75470dd45295fc383f4
raul_hernandez_img_0229,img_0229.jpg,naturaleza_y_bosques,ilustracion_plana_color,640,640,"Ilustración de naturaleza y bosque, estilo plano",Vecteezy,raul_hernandez,aa97979ef1c2b1e8299b4d781dc783c7cd16903e
raul_hernandez_img_0230,img_0230.jpg,naturaleza_y_bosques,ilustracion_plana_color,640,640,"Ilustración de escena de naturaleza en la naturaleza, estilo plano a color",Vecteezy,raul_hernandez,d3674c76fc804cf5f5c307a2462dc5df06492983
raul_hernandez_img_0231,img_0231.jpg,naturaleza_y_bosques,ilustracion_plana_color,517,640,"Ilustración de naturaleza y bosque, estilo plano",Vecteezy,raul_hernandez,2f9f34f830d1fba057a610ef2d9e474023c1c91e
raul_hernandez_img_0232,img_0232.jpg,naturaleza_y_bosques,ilustracion_plana_color,640,640,"Ilustración de pájaro en la naturaleza, estilo plano",Vecteezy,raul_hernandez,13f6d2843827d9dd66df98de929d9ad2f3e7c7d4
raul_hernandez_img_0233,img_0233.jpg,naturaleza_y_bosques,ilustracion_plana_color,442,640,"Ilustración de árbol en la naturaleza, estilo caricatura",Vecteezy,raul_hernandez,b0f9b1a5863b80a0093e12726afce39b7196b698
raul_hernandez_img_0234,img_0234.jpg,naturaleza_y_bosques,ilustracion_plana_color,640,640,"Ilustración de naturaleza y bosque, estilo plano",Vecteezy,raul_hernandez,8e6a758591690ebb9d67954b384d430a8d99ac30
raul_hernandez_img_0235,img_0235.jpg,naturaleza_y_bosques,ilustracion_plana_color,640,640,"Ilustración de naturaleza y bosque, estilo plano a color",Vecteezy,raul_hernandez,27032af9e20f3cf1342f2ffb4b0662b7cbce1941
raul_hernandez_img_0236,img_0236.jpg,naturaleza_y_bosques,ilustracion_plana_color,640,474,"Ilustración de escena de naturaleza en la naturaleza, estilo plano a color",Vecteezy,raul_hernandez,24edc41267cd3b05296de288b95f12eecdbd27cf
raul_hernandez_img_0237,img_0237.jpg,naturaleza_y_bosques,ilustracion_plana_color,567,640,"Ilustración de naturaleza y bosque, tierna",Vecteezy,raul_hernandez,1b42fcf687fe89fe3bd43ae9cd61cd59f261f97a
raul_hernandez_img_0238,img_0238.jpg,naturaleza_y_bosques,ilustracion_plana_color,320,640,"Ilustración de escena de naturaleza en la naturaleza, diseño plano",Vecteezy,raul_hernandez,ac01b8301af4146ccce0e608ada9f11e7557d430
raul_hernandez_img_0239,img_0239.jpg,naturaleza_y_bosques,ilustracion_plana_color,640,640,"Ilustración de flor en invierno, estilo plano",Vecteezy,raul_hernandez,ef04eee4237a0c094cda00607248cfe18892a001
raul_hernandez_img_0240,img_0240.jpg,naturaleza_y_bosques,ilustracion_plana_color,517,640,"Ilustración de naturaleza y bosque, estilo plano",Vecteezy,raul_hernandez,671311b3cd75748c053115a87748b77dbededf4e
raul_hernandez_img_0241,img_0241.jpg,naturaleza_y_bosques,ilustracion_plana_color,640,640,"Ilustración de naturaleza y bosque, estilo plano a color",Vecteezy,raul_hernandez,cec9ce2982387b7afe9505de1156d097798e0f0e
raul_hernandez_img_0242,img_0242.jpg,naturaleza_y_bosques,ilustracion_plana_color,640,640,"Ilustración de naturaleza y bosque, diseño plano",Vecteezy,raul_hernandez,00bc52ee1fe21ab86c0b11294d14170169d9e6f3
raul_hernandez_img_0243,img_0243.jpg,naturaleza_y_bosques,ilustracion_plana_color,640,640,"Ilustración de naturaleza y bosque, diseño plano",Vecteezy,raul_hernandez,01a7f25a2628d0e32638957bb96d83e0fbd409f9
raul_hernandez_img_0244,img_0244.jpg,naturaleza_y_bosques,ilustracion_plana_color,640,480,"Ilustración de paisaje de invierno en la naturaleza, estilo plano a color",Vecteezy,raul_hernandez,b5c732593477e4930cbff904a96cb5a07b8768fb
raul_hernandez_img_0245,img_0245.jpg,naturaleza_y_bosques,ilustracion_plana_color,640,453,"Ilustración de naturaleza y bosque, estilo plano",Vecteezy,raul_hernandez,2932a942f46106ec9b0655bf69e74c7a266afc1c
raul_hernandez_img_0246,img_0246.jpg,naturaleza_y_bosques,ilustracion_plana_color,640,640,"Ilustración de naturaleza y bosque, diseño plano",Vecteezy,raul_hernandez,b1d67406ad0311f313ef811d587ea6a051081ace
raul_hernandez_img_0247,img_0247.jpg,naturaleza_y_bosques,ilustracion_plana_color,640,640,"Ilustración de bosque en el bosque, estilo plano a color",Vecteezy,raul_hernandez,cf3675f79f302010b5a8c9ad5f62a34b29614d9b
raul_hernandez_img_0248,img_0248.jpg,naturaleza_y_bosques,ilustracion_plana_color,640,640,"Ilustración de naturaleza y bosque, estilo plano",Vecteezy,raul_hernandez,df962ea4390be91fe11ddc1fd4f26b3035b29192
raul_hernandez_img_0249,img_0249.jpg,naturaleza_y_bosques,ilustracion_plana_color,640,503,"Ilustración de lobo en el bosque, estilo plano a color",Vecteezy,raul_hernandez,239d0ef05fec984adec950a350e359c70041b6f4
raul_hernandez_img_0250,img_0250.jpg,naturaleza_y_bosques,ilustracion_plana_color,640,554,"Ilustración de naturaleza y bosque, estilo plano",Vecteezy,raul_hernandez,5b7a0796f3d39c3c3d886d9a7978fd7c2a05f194
raul_hernandez_img_0251,img_0251.jpg,naturaleza_y_bosques,ilustracion_plana_color,640,465,"Ilustración de naturaleza y bosque, estilo plano a color",Vecteezy,raul_hernandez,51b7cfe131486473688b72f35b22550b6bac1bd9
raul_hernandez_img_0252,img_0252.jpg,naturaleza_y_bosques,ilustracion_plana_color,640,640,"Ilustración de árbol, estilo caricatura",Vecteezy,raul_hernandez,1e8a1f0785873a8f19d075f69a2bf4d57eb04b05
raul_hernandez_img_0253,img_0253.jpg,naturaleza_y_bosques,ilustracion_plana_color,640,640,"Ilustración de naturaleza y bosque, estilo plano",Vecteezy,raul_hernandez,53a913ddd1330c58684282442762ff60d06d67df
raul_hernandez_img_0254,img_0254.jpg,naturaleza_y_bosques,ilustracion_plana_color,427,640,"Ilustración de naturaleza y bosque, estilo plano a color",Vecteezy,raul_hernandez,23131c38f18dd6245f3ef72b64225027f7a2bda1
raul_hernandez_img_0255,img_0255.jpg,naturaleza_y_bosques,ilustracion_plana_color,460,640,"Ilustración de naturaleza y bosque, estilo plano a color",Vecteezy,raul_hernandez,9863140cea46fc80d116dd00158cff386fb52e33
raul_hernandez_img_0256,img_0256.jpg,naturaleza_y_bosques,ilustracion_plana_color,640,640,"Ilustración de naturaleza y bosque, estilo plano",Vecteezy,raul_hernandez,b2f7ad89eee312e0ccea05a5563ae8364c9c463d
raul_hernandez_img_0257,img_0257.jpg,naturaleza_y_bosques,ilustracion_plana_color,640,640,"Ilustración de naturaleza y bosque, estilo plano",Vecteezy,raul_hernandez,c033177bc7439f3399d0dccb4d58465304838b64
raul_hernandez_img_0258,img_0258.jpg,naturaleza_y_bosques,ilustracion_plana_color,640,432,"Ilustración de naturaleza y bosque, estilo plano",Vecteezy,raul_hernandez,60d028457abdd9dfc7d99862711f4184a477c028
raul_hernandez_img_0259,img_0259.jpg,naturaleza_y_bosques,ilustracion_plana_color,640,640,"Ilustración de naturaleza y bosque, estilo plano a color",Vecteezy,raul_hernandez,868e4b6af8322f1a393970ca495f662b95650369
raul_hernandez_img_0260,img_0260.jpg,naturaleza_y_bosques,ilustracion_plana_color,640,320,"Ilustración de pasto en la pradera, estilo plano a color",Vecteezy,raul_hernandez,6965c1c9c60fc9a06ea14eba31b12044dff58d6c
raul_hernandez_img_0261,img_0261.jpg,naturaleza_y_bosques,ilustracion_plana_color,640,640,"Ilustración de sendero en el bosque, estilo plano",Vecteezy,raul_hernandez,66eb89762f6c0b9e2d2984baeb288c13abe6d92c
raul_hernandez_img_0262,img_0262.jpg,naturaleza_y_bosques,ilustracion_plana_color,640,640,"Ilustración de naturaleza y bosque, estilo plano",Vecteezy,raul_hernandez,a25fcd040e7d7ccd81c9cd1ea2efed4f667a5a6c
raul_hernandez_img_0263,img_0263.jpg,naturaleza_y_bosques,ilustracion_plana_color,640,640,"Ilustración de ardilla, estilo plano a color",Vecteezy,raul_hernandez,0878890b6a53cf07ca7a471184a501f65389fe96
raul_hernandez_img_0264,img_0264.jpg,naturaleza_y_bosques,ilustracion_plana_color,640,480,"Ilustración de escena de naturaleza en la naturaleza, estilo plano a color",Vecteezy,raul_hernandez,4fba1026a88f1067c5da8716ce95aad8a31b5bcc
raul_hernandez_img_0265,img_0265.jpg,naturaleza_y_bosques,ilustracion_plana_color,633,640,"Ilustración de naturaleza y bosque, diseño plano",Vecteezy,raul_hernandez,95dca048e89b2a21f6d8f6228cea9b86132e3158
raul_hernandez_img_0266,img_0266.jpg,naturaleza_y_bosques,ilustracion_plana_color,640,640,"Ilustración de naturaleza y bosque, diseño plano",Vecteezy,raul_hernandez,c63af61dae6ba4d79510a47a0b66e91bbec3eca1
raul_hernandez_img_0267,img_0267.jpg,naturaleza_y_bosques,ilustracion_plana_color,640,640,"Ilustración de naturaleza y bosque, estilo plano",Vecteezy,raul_hernandez,a8da8ced14294ba1fa68989f4a6c9a4ee32e2a4b
raul_hernandez_img_0268,img_0268.jpg,naturaleza_y_bosques,ilustracion_plana_color,640,580,"Ilustración de naturaleza y bosque, estilo plano",Vecteezy,raul_hernandez,78e407f2acaea0f45ad2c7f21e9160bc4a549ce2
raul_hernandez_img_0269,img_0269.jpg,naturaleza_y_bosques,ilustracion_plana_color,510,640,"Ilustración de naturaleza y bosque, estilo plano",Vecteezy,raul_hernandez,e95023c22f77e503d710f7a24578e2992ff7a01e
raul_hernandez_img_0270,img_0270.jpg,naturaleza_y_bosques,ilustracion_plana_color,640,640,"Ilustración de pájaro, diseño plano",Vecteezy,raul_hernandez,9ce9bbdff4c9ba96a646e3454dcc24f1e801ac5b
raul_hernandez_img_0271,img_0271.jpg,naturaleza_y_bosques,ilustracion_plana_color,640,640,"Ilustración de naturaleza y bosque, estilo plano",Vecteezy,raul_hernandez,73133217e1a629759206a7c777ca257e6856a9e1
raul_hernandez_img_0272,img_0272.jpg,naturaleza_y_bosques,ilustracion_plana_color,595,640,"Ilustración de naturaleza y bosque, estilo plano",Vecteezy,raul_hernandez,9bf148ab59dac08a7923fca6429f9eccee119190
raul_hernandez_img_0273,img_0273.jpg,naturaleza_y_bosques,ilustracion_plana_color,640,640,"Ilustración de escena de naturaleza en la naturaleza, estilo plano",Vecteezy,raul_hernandez,96051a91c2bcb97d998e5ed6d50ab3c3fa08baad
raul_hernandez_img_0274,img_0274.jpg,naturaleza_y_bosques,ilustracion_plana_color,640,360,"Ilustración de escena de naturaleza en la naturaleza, estilo plano",Vecteezy,raul_hernandez,2e21b8fb4e2129fac5b00424b0e5764e099a1d42
raul_hernandez_img_0275,img_0275.jpg,naturaleza_y_bosques,ilustracion_plana_color,640,359,"Ilustración de paisaje invernal en la montaña, diseño plano",Vecteezy,raul_hernandez,f894f56536ab30e43926545091dbd00ad67775e5
raul_hernandez_img_0276,img_0276.jpg,naturaleza_y_bosques,ilustracion_plana_color,640,571,"Ilustración de naturaleza y bosque, estilo plano",Vecteezy,raul_hernandez,2da65d2d5c1842db52f7ff8b4d90ddf8aa84ceec
raul_hernandez_img_0277,img_0277.jpg,naturaleza_y_bosques,ilustracion_plana_color,640,366,"Ilustración de hojas en la naturaleza, estilo plano a color",Vecteezy,raul_hernandez,5d5e1af04e412fbd2c9f07952f070230ebef9ab8
raul_hernandez_img_0278,img_0278.jpg,naturaleza_y_bosques,ilustracion_plana_color,640,640,"Ilustración de naturaleza y bosque, estilo plano",Vecteezy,raul_hernandez,4ae67758a0780e6eaded9c7027d7fa19a0088058
raul_hernandez_img_0279,img_0279.jpg,naturaleza_y_bosques,ilustracion_plana_color,255,640,"Ilustración de escena de naturaleza en la naturaleza, estilo plano",Vecteezy,raul_hernandez,477bcc46d439ca01bdf64d36d912bcce9d365e43
raul_hernandez_img_0280,img_0280.jpg,naturaleza_y_bosques,ilustracion_plana_color,640,640,"Ilustración de naturaleza y bosque, estilo plano",Vecteezy,raul_hernandez,a28ff30d65660e40c1517a35f19f97fe2399fa25
raul_hernandez_img_0281,img_0281.jpg,naturaleza_y_bosques,ilustracion_plana_color,640,640,"Ilustración de zorro en la naturaleza, estilo plano a color",Vecteezy,raul_hernandez,0a240c2b3bff650340504696b841fc1bcd69dd13
raul_hernandez_img_0282,img_0282.jpg,naturaleza_y_bosques,ilustracion_plana_color,640,640,"Ilustración de naturaleza y bosque, estilo plano",Vecteezy,raul_hernandez,cd4eaa20b2980d5517c8dceb0ff37fad9e5df90c
raul_hernandez_img_0283,img_0283.jpg,naturaleza_y_bosques,ilustracion_plana_color,640,541,"Ilustración de naturaleza y bosque, estilo plano",Vecteezy,raul_hernandez,f26d5978bde40419c21e5d04bbdf57d3bfb928b2
raul_hernandez_img_0284,img_0284.jpg,naturaleza_y_bosques,ilustracion_plana_color,640,334,"Ilustración de escena de naturaleza en la naturaleza, estilo plano",Vecteezy,raul_hernandez,3dbf175ab6497fd278278b8ba73d5a9d490de601
raul_hernandez_img_0285,img_0285.jpg,naturaleza_y_bosques,ilustracion_plana_color,640,640,"Ilustración de naturaleza y bosque, estilo plano",Vecteezy,raul_hernandez,b182253573e941a6c1063be05320f0e741ad88b4
raul_hernandez_img_0286,img_0286.jpg,naturaleza_y_bosques,ilustracion_plana_color,640,640,"Ilustración de flor en primavera, estilo plano a color",Vecteezy,raul_hernandez,28fd7723e6d564e7042aece4ac37c376c94a7f04
raul_hernandez_img_0287,img_0287.jpg,naturaleza_y_bosques,ilustracion_plana_color,640,640,"Ilustración de naturaleza y bosque, estilo plano",Vecteezy,raul_hernandez,c560dff16e876fb6da400fed7155b1565890dcf0
raul_hernandez_img_0288,img_0288.jpg,naturaleza_y_bosques,ilustracion_plana_color,640,640,"Ilustración de naturaleza y bosque, estilo plano",Vecteezy,raul_hernandez,a3bd0b29d746691dbb7fa3377cff88196c84dd82
raul_hernandez_img_0289,img_0289.jpg,naturaleza_y_bosques,ilustracion_plana_color,640,380,"Ilustración de naturaleza y bosque, estilo plano a color",Vecteezy,raul_hernandez,756e0c4e2d5623f75c1e366a4250aa89f90aae05
raul_hernandez_img_0290,img_0290.jpg,naturaleza_y_bosques,ilustracion_plana_color,640,403,"Ilustración de naturaleza y bosque, estilo plano",Vecteezy,raul_hernandez,efb1e2037df03d291b977eb695c7dc62fa565c7d
raul_hernandez_img_0291,img_0291.jpg,naturaleza_y_bosques,ilustracion_plana_color,640,445,"Ilustración de bosque, estilo plano a color",Vecteezy,raul_hernandez,ab6425319a4f6b83a692fb4a61164e259e780f7a
raul_hernandez_img_0292,img_0292.jpg,naturaleza_y_bosques,ilustracion_plana_color,640,482,"Ilustración de naturaleza y bosque, diseño plano",Vecteezy,raul_hernandez,ca9df5e67dd5591fd9a8408794972905996cbfe3
raul_hernandez_img_0293,img_0293.jpg,naturaleza_y_bosques,ilustracion_plana_color,640,640,"Ilustración de naturaleza y bosque, estilo plano",Vecteezy,raul_hernandez,46598b1d23a87e58fb7ebb730a35c357348da63d
raul_hernandez_img_0294,img_0294.jpg,naturaleza_y_bosques,ilustracion_plana_color,640,640,"Ilustración de naturaleza y bosque, estilo plano",Vecteezy,raul_hernandez,ddb95b4c8d8c5ded3aa4f93ad388bba503f14a55
raul_hernandez_img_0295,img_0295.jpg,naturaleza_y_bosques,ilustracion_plana_color,266,640,"Ilustración de árbol, estilo caricatura",Vecteezy,raul_hernandez,ad0a579915440660e8de2b6224a51248666b3693
raul_hernandez_img_0296,img_0296.jpg,naturaleza_y_bosques,ilustracion_plana_color,640,455,"Ilustración de naturaleza y bosque, estilo plano a color",Vecteezy,raul_hernandez,686cb661ada3898acd574a7f8b753cf8e998ec37
raul_hernandez_img_0297,img_0297.jpg,naturaleza_y_bosques,ilustracion_plana_color,640,365,"Ilustración de naturaleza y bosque, estilo plano",Vecteezy,raul_hernandez,20eddf0550bec10e6432e10f1449c2b14d9d0e16
raul_hernandez_img_0298,img_0298.jpg,naturaleza_y_bosques,ilustracion_plana_color,517,640,"Ilustración de naturaleza y bosque, estilo plano",Vecteezy,raul_hernandez,ff00ae5348b4f28129f403b36023b46bf7333720
raul_hernandez_img_0299,img_0299.jpg,naturaleza_y_bosques,ilustracion_plana_color,640,341,"Ilustración de naturaleza y bosque, estilo plano",Vecteezy,raul_hernandez,da383df9405df9dfc81a1474f62742efb86cdbe8
raul_hernandez_img_0300,img_0300.jpg,naturaleza_y_bosques,ilustracion_plana_color,640,409,"Ilustración de naturaleza y bosque, estilo plano a color",Vecteezy,raul_hernandez,dfed2860e573cd934e3c46b0faef1ad255f8183a
raul_hernandez_img_0301,img_0301.jpg,naturaleza_y_bosques,ilustracion_plana_color,640,423,"Ilustración de bosque en el bosque, estilo plano a color",Vecteezy,raul_hernandez,67cdb6eaaa54fbf72a847f9cd76e3fc8adb9e40b
raul_hernandez_img_0302,img_0302.jpg,naturaleza_y_bosques,ilustracion_plana_color,640,640,"Ilustración de escena de naturaleza en la naturaleza, tierna",Vecteezy,raul_hernandez,cc3c037cd17be07549fa040f61719cdc92b9f164
raul_hernandez_img_0303,img_0303.jpg,naturaleza_y_bosques,ilustracion_plana_color,482,640,"Ilustración de naturaleza y bosque, estilo plano a color",Vecteezy,raul_hernandez,3af6d19705e8dcd89b892c9bd9d501dbe822408f
raul_hernandez_img_0304,img_0304.jpg,naturaleza_y_bosques,ilustracion_plana_color,640,532,"Ilustración de naturaleza y bosque, estilo plano",Vecteezy,raul_hernandez,e649acc7fb215d5a82cbef0a7928b70a4d47c40f
raul_hernandez_img_0305,img_0305.jpg,naturaleza_y_bosques,ilustracion_plana_color,435,640,"Ilustración de bosque en el bosque, estilo plano a color",Vecteezy,raul_hernandez,87f03572c9a823e59c203bd8cbd428470d4c252e
raul_hernandez_img_0306,img_0306.jpg,naturaleza_y_bosques,ilustracion_plana_color,427,640,"Ilustración de naturaleza y bosque, estilo plano",Vecteezy,raul_hernandez,e9efe5d9ae70d17b579774594d646d0e18c6c6d1
raul_hernandez_img_0307,img_0307.jpg,naturaleza_y_bosques,ilustracion_plana_color,533,640,"Ilustración de bosque en el bosque, tierna",Vecteezy,raul_hernandez,9956845f6911399e9d266d6866de1d023cf2beae
raul_hernandez_img_0308,img_0308.jpg,naturaleza_y_bosques,ilustracion_plana_color,640,640,"Ilustración de escena de naturaleza en la naturaleza, diseño plano",Vecteezy,raul_hernandez,7460513877e8cef314983b1cd783f435aba3309d
raul_hernandez_img_0309,img_0309.jpg,naturaleza_y_bosques,ilustracion_plana_color,640,558,"Ilustración de naturaleza y bosque, estilo plano a color",Vecteezy,raul_hernandez,8f00db78082b426d7f2b85e6837417569e1c112a
raul_hernandez_img_0310,img_0310.jpg,naturaleza_y_bosques,ilustracion_plana_color,640,328,"Ilustración de bosque en el bosque, estilo plano a color",Vecteezy,raul_hernandez,6eb72e44d4668170540b07079089ae88ff885e65
raul_hernandez_img_0311,img_0311.jpg,naturaleza_y_bosques,ilustracion_plana_color,640,436,"Ilustración de pez en la naturaleza, estilo plano",Vecteezy,raul_hernandez,2dd5c66230ea2ba60c3172cc3a229f5af3fe0b0e
raul_hernandez_img_0312,img_0312.jpg,naturaleza_y_bosques,ilustracion_plana_color,640,444,"Ilustración de naturaleza y bosque, estilo plano",Vecteezy,raul_hernandez,5a9c2a06042bb8837025ebb9df8132fd18a7eb33
raul_hernandez_img_0313,img_0313.jpg,naturaleza_y_bosques,ilustracion_plana_color,621,640,"Ilustración de naturaleza y bosque, diseño plano",Vecteezy,raul_hernandez,0c7b091bfd0e7aba7c87f3dbe236b5a30c3aed18
raul_hernandez_img_0314,img_0314.jpg,naturaleza_y_bosques,ilustracion_plana_color,640,385,"Ilustración de naturaleza y bosque, estilo plano",Vecteezy,raul_hernandez,190bee828361809890640cd280ac0724774eacec
raul_hernandez_img_0315,img_0315.jpg,naturaleza_y_bosques,ilustracion_plana_color,640,420,"Ilustración de naturaleza y bosque, estilo plano",Vecteezy,raul_hernandez,bef178e324522cf395a7650ff652b6dceb772a5c
raul_hernandez_img_0316,img_0316.jpg,naturaleza_y_bosques,ilustracion_plana_color,512,640,"Ilustración de paisaje de verano en verano, estilo plano a color",Vecteezy,raul_hernandez,685c19999ee64d4c6c0f48801526a33afd9a2365
raul_hernandez_img_0317,img_0317.jpg,naturaleza_y_bosques,ilustracion_plana_color,640,427,"Ilustración de bosque en la naturaleza, estilo plano a color",Vecteezy,raul_hernandez,70c9bd1ee35ff7b8b255b4564c6d07160c1b72af
raul_hernandez_img_0318,img_0318.jpg,naturaleza_y_bosques,ilustracion_plana_color,640,457,"Ilustración de paisaje natural en la naturaleza, colorida",Vecteezy,raul_hernandez,6e24221814d00b7d02561cf66a76d939c1750d82
raul_hernandez_img_0319,img_0319.jpg,naturaleza_y_bosques,ilustracion_plana_color,640,403,"Ilustración de escena de naturaleza en la naturaleza, estilo plano a color",Vecteezy,raul_hernandez,128932a90d65a9ce31f5dd20ff0ba77fa355444e
raul_hernandez_img_0320,img_0320.jpg,naturaleza_y_bosques,ilustracion_plana_color,640,640,"Ilustración de oso en la naturaleza, tierna",Vecteezy,raul_hernandez,a9d73f5c0cfb52eae4d458564f05e7ee023ecdae
raul_hernandez_img_0321,img_0321.jpg,naturaleza_y_bosques,ilustracion_plana_color,533,640,"Ilustración de escena de naturaleza en la naturaleza, estilo plano a color",Vecteezy,raul_hernandez,d6d6d071adcb287717aaae39d05f54eded67f75e
raul_hernandez_img_0322,img_0322.jpg,naturaleza_y_bosques,ilustracion_plana_color,640,640,"Ilustración de naturaleza y bosque, estilo plano",Vecteezy,raul_hernandez,28a6a6bf6a4a64c7210757da7c4a53a6d96e3a00
raul_hernandez_img_0323,img_0323.jpg,naturaleza_y_bosques,ilustracion_plana_color,640,427,"Ilustración de pájaro en la naturaleza, diseño plano",Vecteezy,raul_hernandez,a55c318634b6b04c4cdd95b02ae6ffd0b1d1414f
raul_hernandez_img_0324,img_0324.jpg,naturaleza_y_bosques,ilustracion_plana_color,640,515,"Ilustración de naturaleza y bosque, diseño plano",Vecteezy,raul_hernandez,3ae1294ee5cd1606cc2a25976f3a38b827d87130
raul_hernandez_img_0325,img_0325.jpg,naturaleza_y_bosques,ilustracion_plana_color,640,360,"Ilustración de naturaleza y bosque, estilo plano",Vecteezy,raul_hernandez,258223b9964f20691a425b08c80d3e995ee393be
raul_hernandez_img_0326,img_0326.jpg,naturaleza_y_bosques,ilustracion_plana_color,606,640,"Ilustración de naturaleza y bosque, estilo plano",Vecteezy,raul_hernandez,319461c35e06437bd78b77c40839148f2d83448f
raul_hernandez_img_0327,img_0327.jpg,naturaleza_y_bosques,ilustracion_plana_color,640,400,"Ilustración de naturaleza y bosque, estilo plano a color",Vecteezy,raul_hernandez,3d821ae89ec648519e818ea28700bdba72ffff44
raul_hernandez_img_0328,img_0328.jpg,naturaleza_y_bosques,ilustracion_plana_color,640,640,"Ilustración de montaña en la naturaleza, diseño plano",Vecteezy,raul_hernandez,27f3c1da51abb6299e4503f790d6ea0bd107df2d
raul_hernandez_img_0329,img_0329.jpg,naturaleza_y_bosques,ilustracion_plana_color,504,640,"Ilustración de árboles en el bosque, estilo plano a color",Vecteezy,raul_hernandez,04e8744b4878dcb7135f6ee91e00278a92ba6337
raul_hernandez_img_0330,img_0330.jpg,naturaleza_y_bosques,ilustracion_plana_color,640,640,"Ilustración de naturaleza y bosque, estilo plano",Vecteezy,raul_hernandez,5ee240646744169ffb4a94af95c105e6f3a36088
raul_hernandez_img_0331,img_0331.jpg,naturaleza_y_bosques,ilustracion_plana_color,640,640,"Ilustración de naturaleza y bosque, estilo plano",Vecteezy,raul_hernandez,e0b2ff995eb0a39124ccb5fbc46a6d3c0946055d
raul_hernandez_img_0332,img_0332.jpg,naturaleza_y_bosques,ilustracion_plana_color,640,640,"Ilustración de naturaleza y bosque, diseño plano",Vecteezy,raul_hernandez,f267129246dfc1a5aad99a026a2640abd19e1db8
raul_hernandez_img_0333,img_0333.jpg,naturaleza_y_bosques,ilustracion_plana_color,640,427,"Ilustración de escena de naturaleza en la naturaleza, estilo plano a color",Vecteezy,raul_hernandez,448b054f05bb92bd62fb8573b7b720bcbffbdcfc
raul_hernandez_img_0334,img_0334.jpg,naturaleza_y_bosques,ilustracion_plana_color,640,411,"Ilustración de naturaleza y bosque, estilo caricatura",Vecteezy,raul_hernandez,740e93a6e477d4f1fca2002011a05a3228f999fe
raul_hernandez_img_0335,img_0335.jpg,naturaleza_y_bosques,ilustracion_plana_color,640,640,"Ilustración de naturaleza y bosque, diseño plano",Vecteezy,raul_hernandez,83123e015107cc2202c9d77073c668a157c5fe31
raul_hernandez_img_0336,img_0336.jpg,naturaleza_y_bosques,ilustracion_plana_color,640,640,"Ilustración de naturaleza y bosque, tierna",Vecteezy,raul_hernandez,371cdfd1aca4939d0eae69a60c8c25a564b60795
raul_hernandez_img_0337,img_0337.jpg,naturaleza_y_bosques,ilustracion_plana_color,640,320,"Ilustración de naturaleza y bosque, estilo plano",Vecteezy,raul_hernandez,5cb3f0693803c98eb237cba95d7ebafbf58214b6
raul_hernandez_img_0338,img_0338.jpg,naturaleza_y_bosques,ilustracion_plana_color,640,618,"Ilustración de escena de naturaleza en la naturaleza, estilo plano a color",Vecteezy,raul_hernandez,d07d7f1c229d2ad59ceca175b717342956bef0b8
raul_hernandez_img_0339,img_0339.jpg,naturaleza_y_bosques,ilustracion_plana_color,640,410,"Ilustración de naturaleza y bosque, estilo plano a color",Vecteezy,raul_hernandez,0f54e92adb4c6e09e93845f652179f20b781a99e
raul_hernandez_img_0340,img_0340.jpg,naturaleza_y_bosques,ilustracion_plana_color,640,609,"Ilustración de escena de naturaleza en la naturaleza, estilo plano a color",Vecteezy,raul_hernandez,be27e2112fddc1b01bd0463c13051db9cfdc935c
raul_hernandez_img_0341,img_0341.jpg,naturaleza_y_bosques,ilustracion_plana_color,375,640,"Ilustración de hongo, estilo plano",Vecteezy,raul_hernandez,78913ae32cd73a0090cb1650c604338bc328e0be
raul_hernandez_img_0342,img_0342.jpg,naturaleza_y_bosques,ilustracion_plana_color,640,494,"Ilustración de naturaleza y bosque, estilo plano",Vecteezy,raul_hernandez,85f8a55ac1042c0ef876a24a2914e9e36222f1be
raul_hernandez_img_0343,img_0343.jpg,naturaleza_y_bosques,ilustracion_plana_color,640,640,"Ilustración de naturaleza y bosque, diseño plano",Vecteezy,raul_hernandez,624e59813eb648a8f5aca80e8b8d8f748b49b529
raul_hernandez_img_0344,img_0344.jpg,naturaleza_y_bosques,ilustracion_plana_color,640,427,"Ilustración de paisaje de primavera, estilo plano a color",Vecteezy,raul_hernandez,ea720bcb95c2b48d1af2e37c364dab7d94f9bd5b
raul_hernandez_img_0345,img_0345.jpg,naturaleza_y_bosques,ilustracion_plana_color,483,640,"Ilustración de naturaleza y bosque, diseño plano",Vecteezy,raul_hernandez,8e35cd13c281a68a03d60475e2efb26d81641424
raul_hernandez_img_0346,img_0346.jpg,naturaleza_y_bosques,ilustracion_plana_color,640,640,"Ilustración de naturaleza y bosque, estilo plano a color",Vecteezy,raul_hernandez,23fc0c67f3855a25b476337afb24743b10012b0f
raul_hernandez_img_0347,img_0347.jpg,naturaleza_y_bosques,ilustracion_plana_color,451,640,"Ilustración de naturaleza y bosque, estilo plano",Vecteezy,raul_hernandez,219e1803fe49740c6ccdd034d818d1d85c5b4b3f
raul_hernandez_img_0348,img_0348.jpg,naturaleza_y_bosques,ilustracion_plana_color,640,640,"Ilustración de naturaleza y bosque, estilo plano",Vecteezy,raul_hernandez,c140f63596cebe519e153dc000dd98fd50b24518
raul_hernandez_img_0349,img_0349.jpg,naturaleza_y_bosques,ilustracion_plana_color,640,452,"Ilustración de escena de naturaleza en la naturaleza, estilo plano",Vecteezy,raul_hernandez,ce51bb30ddd6cdc5e3c06218e8f897dc03e636fc
raul_hernandez_img_0350,img_0350.jpg,naturaleza_y_bosques,ilustracion_plana_color,640,474,"Ilustración de naturaleza y bosque, estilo plano",Vecteezy,raul_hernandez,ab50973a9dc619e67168d0fb447cf0d20c8bf1fa
raul_hernandez_img_0351,img_0351.jpg,naturaleza_y_bosques,ilustracion_plana_color,640,480,"Ilustración de bosque en el bosque, tierna",Vecteezy,raul_hernandez,98213160cec596c521263f8e900fec0f8e199f44
raul_hernandez_img_0352,img_0352.jpg,naturaleza_y_bosques,ilustracion_plana_color,503,640,"Ilustración de flores en la naturaleza, tierna",Vecteezy,raul_hernandez,6c029fabb507d920fcaa788b0ff1bfcbf7dc83fe
raul_hernandez_img_0353,img_0353.jpg,naturaleza_y_bosques,ilustracion_plana_color,640,404,"Ilustración de naturaleza y bosque, estilo plano",Vecteezy,raul_hernandez,0aaaa977e922d1f470b3ecb19e96d5ed8d7a81bd
raul_hernandez_img_0354,img_0354.jpg,naturaleza_y_bosques,ilustracion_plana_color,640,640,"Ilustración de naturaleza y bosque, diseño plano",Vecteezy,raul_hernandez,4baa02827867c1363e6e84e7b5e6831fabb4f020
raul_hernandez_img_0355,img_0355.jpg,naturaleza_y_bosques,ilustracion_plana_color,640,427,"Ilustración de naturaleza y bosque, diseño plano",Vecteezy,raul_hernandez,413f045985f595171fd24cdf76e34de4ef1a464f
raul_hernandez_img_0356,img_0356.jpg,naturaleza_y_bosques,ilustracion_plana_color,503,640,"Ilustración de animal del bosque en la naturaleza, tierna",Vecteezy,raul_hernandez,a1ff5d5f2ce86ddb3b02862b865aba90a022e45d
raul_hernandez_img_0357,img_0357.jpg,naturaleza_y_bosques,ilustracion_plana_color,618,640,"Ilustración de árbol en la naturaleza, estilo plano a color",Vecteezy,raul_hernandez,3f3fbebad65d8b915e372439b783f01ce96bb60f
raul_hernandez_img_0358,img_0358.jpg,naturaleza_y_bosques,ilustracion_plana_color,640,360,"Ilustración de paisaje natural en la montaña, estilo plano a color",Vecteezy,raul_hernandez,2bc41e838fc187b022d1b6e03936b3d784aa1a63
raul_hernandez_img_0359,img_0359.jpg,naturaleza_y_bosques,ilustracion_plana_color,628,640,"Ilustración de paisaje de otoño en el bosque, estilo plano a color",Vecteezy,raul_hernandez,2b0a93f66a24b5697581c163b4b56d2baadd4065
raul_hernandez_img_0360,img_0360.jpg,naturaleza_y_bosques,ilustracion_plana_color,640,427,"Ilustración de pájaro en la naturaleza, estilo plano a color",Vecteezy,raul_hernandez,5ecc4f10b14c9b1a7e0a4cbb62ae090c5664b676
raul_hernandez_img_0361,img_0361.jpg,naturaleza_y_bosques,ilustracion_plana_color,512,640,"Ilustración de pájaro, diseño plano",Vecteezy,raul_hernandez,d2b3496b4acdf37659baf497b45b46e9d77ebe80
raul_hernandez_img_0362,img_0362.jpg,naturaleza_y_bosques,ilustracion_plana_color,640,360,"Ilustración de naturaleza y bosque, estilo plano",Vecteezy,raul_hernandez,3863f2aaa651375938b2ca80b1b9bf6278d6535d
raul_hernandez_img_0363,img_0363.jpg,naturaleza_y_bosques,ilustracion_plana_color,480,640,"Ilustración de paisaje invernal en la naturaleza, estilo caricatura",Vecteezy,raul_hernandez,4c820e6d3064382cb60bf1fb7851f93bed3cf6a2
raul_hernandez_img_0364,img_0364.jpg,naturaleza_y_bosques,ilustracion_plana_color,640,640,"Ilustración de naturaleza y bosque, estilo plano a color",Vecteezy,raul_hernandez,46394e5ae51faf47e7230f19d91fb41785202571
raul_hernandez_img_0365,img_0365.jpg,naturaleza_y_bosques,ilustracion_plana_color,640,593,"Ilustración de naturaleza y bosque, estilo plano a color",Vecteezy,raul_hernandez,a337c3d3dfe0ba7f207f86c68ee8d5d97e9fa89d
raul_hernandez_img_0366,img_0366.jpg,naturaleza_y_bosques,ilustracion_plana_color,442,640,"Ilustración de naturaleza y bosque, estilo plano",Vecteezy,raul_hernandez,05b58add93a762cf881c377450ebfe081bc1e56e
raul_hernandez_img_0367,img_0367.jpg,naturaleza_y_bosques,ilustracion_plana_color,427,640,"Ilustración de naturaleza y bosque, estilo plano a color",Vecteezy,raul_hernandez,28450d34d66abc543f3bf50885c6030986787512
raul_hernandez_img_0368,img_0368.jpg,naturaleza_y_bosques,ilustracion_plana_color,454,640,"Ilustración de paisaje de invierno en el bosque, estilo caricatura",Vecteezy,raul_hernandez,108f5b8d54baa19cddd5ae0bcf4e18a528c1e8c4
raul_hernandez_img_0369,img_0369.jpg,naturaleza_y_bosques,ilustracion_plana_color,503,640,"Ilustración de hongo en la naturaleza, tierna",Vecteezy,raul_hernandez,16abb26ca4d6bd491836a5140bec0fc120249a82
raul_hernandez_img_0370,img_0370.jpg,naturaleza_y_bosques,ilustracion_plana_color,640,611,"Ilustración de montañas en invierno, estilo plano a color",Vecteezy,raul_hernandez,9b570725940d69520c30d03394a619e37ff4c444
raul_hernandez_img_0371,img_0371.jpg,naturaleza_y_bosques,ilustracion_plana_color,640,640,"Ilustración de naturaleza y bosque, estilo plano",Vecteezy,raul_hernandez,d693d6bff9687cbfd7a1d4a6375c030946b94cb1
raul_hernandez_img_0372,img_0372.jpg,naturaleza_y_bosques,ilustracion_plana_color,640,640,"Ilustración de bosque en el bosque, tierna",Vecteezy,raul_hernandez,7b71e631a44fa570264a83046ee289e52aadcfa2
raul_hernandez_img_0373,img_0373.jpg,naturaleza_y_bosques,ilustracion_plana_color,640,467,"Ilustración de naturaleza y bosque, estilo plano",Vecteezy,raul_hernandez,06e0f94e1b6735a9d4bc651715e22aa9c53e1b2a
raul_hernandez_img_0374,img_0374.jpg,naturaleza_y_bosques,ilustracion_plana_color,640,640,"Ilustración de naturaleza y bosque, estilo plano",Vecteezy,raul_hernandez,75749a2be327a10ae4af7cec8b14b1a83682752b
raul_hernandez_img_0375,img_0375.jpg,naturaleza_y_bosques,ilustracion_plana_color,640,535,"Ilustración de naturaleza y bosque, estilo plano",Vecteezy,raul_hernandez,621801660a9537e56036a588a23e15cec87aed96
raul_hernandez_img_0376,img_0376.jpg,naturaleza_y_bosques,ilustracion_plana_color,640,320,"Ilustración de naturaleza y bosque, estilo plano",Vecteezy,raul_hernandez,387eb94fbda41a3706be9d715222466b8f752d9a
raul_hernandez_img_0377,img_0377.jpg,naturaleza_y_bosques,ilustracion_plana_color,640,640,"Ilustración de naturaleza y bosque, diseño plano",Vecteezy,raul_hernandez,7d37f464b6f9be1f209849ee3554d5dbb6931d31
raul_hernandez_img_0378,img_0378.jpg,naturaleza_y_bosques,ilustracion_plana_color,512,640,"Ilustración de montañas junto al lago, estilo plano a color",Vecteezy,raul_hernandez,1b4105872b8bc18808d1e49afff23219b5eb161b
raul_hernandez_img_0379,img_0379.jpg,naturaleza_y_bosques,ilustracion_plana_color,640,640,"Ilustración de paisaje natural en la naturaleza, estilo plano a color",Vecteezy,raul_hernandez,11a24a6bd5a160919beb2b7d9a38051d8dc94c7b
raul_hernandez_img_0380,img_0380.jpg,naturaleza_y_bosques,ilustracion_plana_color,640,640,"Ilustración de naturaleza y bosque, diseño plano",Vecteezy,raul_hernandez,7b7b7c62958ac07ab1cde8a8d023cc1086ffaccb
raul_hernandez_img_0381,img_0381.jpg,naturaleza_y_bosques,ilustracion_plana_color,482,640,"Ilustración de naturaleza y bosque, diseño plano",Vecteezy,raul_hernandez,cf67d15a0ccb8bfcaf2bb14cbfec2ead8f4f10a1
raul_hernandez_img_0382,img_0382.jpg,naturaleza_y_bosques,ilustracion_plana_color,640,427,"Ilustración de paisaje de primavera en la pradera, estilo plano a color",Vecteezy,raul_hernandez,83d57aa49f004c2234b7c982fd4c52054bf6ed79
raul_hernandez_img_0383,img_0383.jpg,naturaleza_y_bosques,ilustracion_plana_color,640,427,"Ilustración de árbol, estilo plano a color",Vecteezy,raul_hernandez,f124edb5dd98ca257cdc82d647e2eb762298578a
raul_hernandez_img_0384,img_0384.jpg,naturaleza_y_bosques,ilustracion_plana_color,640,360,"Ilustración de árbol en la naturaleza, estilo plano a color",Vecteezy,raul_hernandez,fe039b6b71a34fdf2221b1141a2cfd296778b117
raul_hernandez_img_0385,img_0385.jpg,naturaleza_y_bosques,ilustracion_plana_color,320,640,"Ilustración de naturaleza y bosque, estilo plano",Vecteezy,raul_hernandez,393115219b8afeabf6bb7573f4eaf291c1291d2c
raul_hernandez_img_0386,img_0386.jpg,naturaleza_y_bosques,ilustracion_plana_color,463,640,"Ilustración de naturaleza y bosque, estilo plano a color",Vecteezy,raul_hernandez,c45882001796d9489874776a765cd85de18b60da
raul_hernandez_img_0387,img_0387.jpg,naturaleza_y_bosques,ilustracion_plana_color,640,320,"Ilustración de naturaleza y bosque, diseño plano",Vecteezy,raul_hernandez,0150402afdd52707d3bbcb1f84079c70ebf8710c
raul_hernandez_img_0388,img_0388.jpg,naturaleza_y_bosques,ilustracion_plana_color,640,425,"Ilustración de bosque en el bosque, estilo plano a color",Vecteezy,raul_hernandez,813ada68621bb79948d903bc123a7b379b0c287f
raul_hernandez_img_0389,img_0389.jpg,naturaleza_y_bosques,ilustracion_plana_color,512,640,"Ilustración de paisaje de verano en verano, estilo plano a color",Vecteezy,raul_hernandez,11004c31d1d906c3058430c8d2ccfde069fb5d25
raul_hernandez_img_0390,img_0390.jpg,naturaleza_y_bosques,ilustracion_plana_color,640,448,"Ilustración de naturaleza y bosque, estilo plano",Vecteezy,raul_hernandez,681513eec5b6c7d3c63856693a9f4b7b3781cfa0
raul_hernandez_img_0391,img_0391.jpg,naturaleza_y_bosques,ilustracion_plana_color,548,640,"Ilustración de escena de naturaleza en la naturaleza, estilo plano a color",Vecteezy,raul_hernandez,63ca602f595360803784605c3c8bc92395add7d2
raul_hernandez_img_0392,img_0392.jpg,naturaleza_y_bosques,ilustracion_plana_color,427,640,"Ilustración de árbol en la naturaleza, estilo plano a color",Vecteezy,raul_hernandez,974c2350b8299e63b5c8e94d0d972475f90cd3a9
raul_hernandez_img_0393,img_0393.jpg,naturaleza_y_bosques,ilustracion_plana_color,640,640,"Ilustración de abeja, estilo plano",Vecteezy,raul_hernandez,7de3c4d232e862c2d4a339a7718e1e7829ab7951
raul_hernandez_img_0394,img_0394.jpg,naturaleza_y_bosques,ilustracion_plana_color,640,359,"Ilustración de escena de naturaleza en la naturaleza, estilo caricatura",Vecteezy,raul_hernandez,f1c236950da518d2fbb21b8943605a5983d33cb6
raul_hernandez_img_0395,img_0395.jpg,naturaleza_y_bosques,ilustracion_plana_color,640,640,"Ilustración de escena de naturaleza en la naturaleza, diseño plano",Vecteezy,raul_hernandez,32df7c6227e87595c5f5e1a1dc00a5e75b8a1a17
raul_hernandez_img_0396,img_0396.jpg,naturaleza_y_bosques,ilustracion_plana_color,517,640,"Ilustración de naturaleza y bosque, estilo plano",Vecteezy,raul_hernandez,ac9241c68d606c857c01171d6d60cc69084fa43f
raul_hernandez_img_0397,img_0397.jpg,naturaleza_y_bosques,ilustracion_plana_color,640,640,"Ilustración de naturaleza y bosque, estilo plano a color",Vecteezy,raul_hernandez,84c484f3f27763f7046fd64f893f01e5675f54f5
raul_hernandez_img_0398,img_0398.jpg,naturaleza_y_bosques,ilustracion_plana_color,640,640,"Ilustración de escena de naturaleza en la naturaleza, tierna",Vecteezy,raul_hernandez,3e19c46000c1a4562b7a53818716f5032dd4bdfb
raul_hernandez_img_0399,img_0399.jpg,naturaleza_y_bosques,ilustracion_plana_color,640,566,"Ilustración de animal del bosque en la naturaleza, estilo plano a color",Vecteezy,raul_hernandez,29784254be45ffc1ab6c155f72d3aa42558c3210
raul_hernandez_img_0400,img_0400.jpg,naturaleza_y_bosques,ilustracion_plana_color,640,425,"Ilustración de bosque en el bosque, estilo plano a color",Vecteezy,raul_hernandez,813ada68621bb79948d903bc123a7b379b0c287f
raul_hernandez_img_0401,img_0401.jpg,naturaleza_y_bosques,ilustracion_plana_color,640,640,"Ilustración de paisaje natural en la naturaleza, estilo plano a color",Vecteezy,raul_hernandez,a9b917441bc302b41395aad0cc627a39e348230d
raul_hernandez_img_0402,img_0402.jpg,naturaleza_y_bosques,ilustracion_plana_color,640,640,"Ilustración de naturaleza y bosque, diseño plano",Vecteezy,raul_hernandez,857b130d5bad1c904e4cc21c2813ab8fe363b2e0
raul_hernandez_img_0403,img_0403.jpg,naturaleza_y_bosques,ilustracion_plana_color,640,360,"Ilustración de naturaleza y bosque, estilo plano",Vecteezy,raul_hernandez,c173f71aeab1242f52d906812559a36cf0119efb
raul_hernandez_img_0404,img_0404.jpg,naturaleza_y_bosques,ilustracion_plana_color,384,640,"Ilustración de árboles en la naturaleza, estilo plano",Vecteezy,raul_hernandez,cce790748bea4ef9b6148807d6f3e7b0f3504d53
raul_hernandez_img_0405,img_0405.jpg,naturaleza_y_bosques,ilustracion_plana_color,640,640,"Ilustración de escena de naturaleza en la naturaleza, diseño plano",Vecteezy,raul_hernandez,32df7c6227e87595c5f5e1a1dc00a5e75b8a1a17
raul_hernandez_img_0406,img_0406.jpg,naturaleza_y_bosques,ilustracion_plana_color,640,640,"Ilustración de naturaleza y bosque, diseño plano",Vecteezy,raul_hernandez,4f64f97183d0f206aaa537db4a3bbd6f524346ed
raul_hernandez_img_0407,img_0407.jpg,naturaleza_y_bosques,ilustracion_plana_color,640,427,"Ilustración de paisaje de primavera en la pradera, estilo plano a color",Vecteezy,raul_hernandez,83d57aa49f004c2234b7c982fd4c52054bf6ed79
raul_hernandez_img_0408,img_0408.jpg,naturaleza_y_bosques,ilustracion_plana_color,640,640,"Ilustración de naturaleza y bosque, estilo plano a color",Vecteezy,raul_hernandez,b5ee09bd2dafce5e69809b4d6d3d2f6f1318b801
raul_hernandez_img_0409,img_0409.jpg,naturaleza_y_bosques,ilustracion_plana_color,640,560,"Ilustración de naturaleza y bosque, estilo plano",Vecteezy,raul_hernandez,024d2f0e4dd30f87dc0a94d394d62f13fe1bc3ee
raul_hernandez_img_0410,img_0410.jpg,naturaleza_y_bosques,ilustracion_plana_color,640,427,"Ilustración de paisaje de primavera en la naturaleza, estilo plano a color",Vecteezy,raul_hernandez,9902871b0f811fda307bdd566033114ac5dc80e7
raul_hernandez_img_0411,img_0411.jpg,naturaleza_y_bosques,ilustracion_plana_color,640,360,"Ilustración de árbol en la naturaleza, estilo plano a color",Vecteezy,raul_hernandez,fe039b6b71a34fdf2221b1141a2cfd296778b117
raul_hernandez_img_0412,img_0412.jpg,naturaleza_y_bosques,ilustracion_plana_color,640,566,"Ilustración de animal del bosque en la naturaleza, estilo plano a color",Vecteezy,raul_hernandez,01a4ae75aee059a8aa4d255ff40795ea33c80bfb
raul_hernandez_img_0413,img_0413.jpg,naturaleza_y_bosques,ilustracion_plana_color,640,640,"Ilustración de escena de naturaleza en la naturaleza, estilo plano a color",Vecteezy,raul_hernandez,74bea4c7f95696a75cb82552c61dc64fe5f53603
raul_hernandez_img_0414,img_0414.jpg,naturaleza_y_bosques,ilustracion_plana_color,426,640,"Ilustración de paisaje natural, estilo plano a color",Vecteezy,raul_hernandez,b96afbb586ec612b762341ded30b6a5d1a625bd3
raul_hernandez_img_0415,img_0415.jpg,naturaleza_y_bosques,ilustracion_plana_color,640,640,"Ilustración de naturaleza y bosque, diseño plano",Vecteezy,raul_hernandez,a18962b1b92ace1b8f178aeb3c50ff69d8ae399a
raul_hernandez_img_0416,img_0416.jpg,naturaleza_y_bosques,ilustracion_plana_color,448,640,"Ilustración de paisaje de otoño en la naturaleza, estilo plano a color",Vecteezy,raul_hernandez,59eb8c93ccdab60ea3064eb4b2a5b0d1990cb8ce
raul_hernandez_img_0417,img_0417.jpg,naturaleza_y_bosques,ilustracion_plana_color,640,320,"Ilustración de naturaleza y bosque, estilo plano a color",Vecteezy,raul_hernandez,69bf1ae9181a226fb1e2e61e7314b1101cd15897
raul_hernandez_img_0418,img_0418.jpg,naturaleza_y_bosques,ilustracion_plana_color,640,640,"Ilustración de naturaleza y bosque, estilo plano a color",Vecteezy,raul_hernandez,8403f4e1dd729c0c7b3198fd85e966ad160a4390
raul_hernandez_img_0419,img_0419.jpg,naturaleza_y_bosques,ilustracion_plana_color,271,640,"Ilustración de paisaje de verano en verano, estilo plano a color",Vecteezy,raul_hernandez,fa28a1c04ebdad2214f2271cde0a4eab8e5f93d3
raul_hernandez_img_0420,img_0420.jpg,naturaleza_y_bosques,ilustracion_plana_color,442,640,"Ilustración de naturaleza y bosque, estilo plano a color",Vecteezy,raul_hernandez,d93d559959d5ba6fd85470e15c5752951b8619ac
raul_hernandez_img_0421,img_0421.jpg,naturaleza_y_bosques,ilustracion_plana_color,640,640,"Ilustración de naturaleza y bosque, estilo plano",Vecteezy,raul_hernandez,faf478253aa4d4db6717257b44e8bd0b8e70960f
raul_hernandez_img_0422,img_0422.jpg,naturaleza_y_bosques,ilustracion_plana_color,640,640,"Ilustración de naturaleza y bosque, diseño plano",Vecteezy,raul_hernandez,a9f989749e4aa55c4a87fc2bcd9ead337486abab
raul_hernandez_img_0423,img_0423.jpg,naturaleza_y_bosques,ilustracion_plana_color,587,640,"Ilustración de flores en la naturaleza, estilo plano a color",Vecteezy,raul_hernandez,7078f6fc5fa059b72956202fcd7c5260945fe357
raul_hernandez_img_0424,img_0424.jpg,naturaleza_y_bosques,ilustracion_plana_color,640,459,"Ilustración de naturaleza y bosque, ilustración",Vecteezy,raul_hernandez,09ff001d922a01930bfe19375202d0b3b03649f7
raul_hernandez_img_0425,img_0425.jpg,naturaleza_y_bosques,ilustracion_plana_color,436,640,"Ilustración de naturaleza y bosque, estilo plano",Vecteezy,raul_hernandez,a17f8de2cfc56f48ac9aaa2b3dbf0942810b28da
raul_hernandez_img_0426,img_0426.jpg,naturaleza_y_bosques,ilustracion_plana_color,320,640,"Ilustración de naturaleza y bosque, estilo plano",Vecteezy,raul_hernandez,d4d42bf3c0d6d9981353d08bd718461ccf8bccf1
raul_hernandez_img_0427,img_0427.jpg,naturaleza_y_bosques,ilustracion_plana_color,640,544,"Ilustración de naturaleza y bosque, estilo plano",Vecteezy,raul_hernandez,3e8c9cfd88341434321d63094b95ac85e5c515e0
raul_hernandez_img_0428,img_0428.jpg,naturaleza_y_bosques,ilustracion_plana_color,640,506,"Ilustración de naturaleza y bosque, estilo plano",Vecteezy,raul_hernandez,2314bef6b1dd14b259d0b5d7a66715d0ebde1691
raul_hernandez_img_0429,img_0429.jpg,naturaleza_y_bosques,ilustracion_plana_color,640,360,"Ilustración de naturaleza y bosque, estilo plano",Vecteezy,raul_hernandez,379965e69dfaa0642d22d2adbe50cb4ec227dac5
raul_hernandez_img_0430,img_0430.jpg,naturaleza_y_bosques,ilustracion_plana_color,211,640,"Ilustración de árbol en la naturaleza, estilo caricatura",Vecteezy,raul_hernandez,d3a0bc3abffa455c81a3a19f36f07abbf0ba2d66
raul_hernandez_img_0431,img_0431.jpg,naturaleza_y_bosques,ilustracion_plana_color,640,640,"Ilustración de naturaleza y bosque, estilo plano",Vecteezy,raul_hernandez,9f926ed64bd429aff54597313b6f2eb5523df741
raul_hernandez_img_0432,img_0432.jpg,naturaleza_y_bosques,ilustracion_plana_color,640,640,"Ilustración de naturaleza y bosque, estilo plano",Vecteezy,raul_hernandez,ffa177af0fc2a171263e37133fab5f12f132e63f
raul_hernandez_img_0433,img_0433.jpg,naturaleza_y_bosques,ilustracion_plana_color,532,640,"Ilustración de naturaleza y bosque, estilo plano",Vecteezy,raul_hernandez,e862a00d04a98f14528520cebe715022537c019f
raul_hernandez_img_0434,img_0434.jpg,naturaleza_y_bosques,ilustracion_plana_color,640,640,"Ilustración de naturaleza y bosque, estilo plano",Vecteezy,raul_hernandez,e4e8ea94fc09b44908c5b734b0443cbd31871ec9
raul_hernandez_img_0435,img_0435.jpg,naturaleza_y_bosques,ilustracion_plana_color,640,464,"Ilustración de naturaleza y bosque, estilo plano",Vecteezy,raul_hernandez,58c5037f980338ed99a7a1eeb1c247a989fc81cb
raul_hernandez_img_0436,img_0436.jpg,naturaleza_y_bosques,ilustracion_plana_color,640,640,"Ilustración de escena de naturaleza en la naturaleza, diseño plano",Vecteezy,raul_hernandez,78687e4a39310074bd27ad509ffced3d6e6ccb2b
raul_hernandez_img_0437,img_0437.jpg,naturaleza_y_bosques,ilustracion_plana_color,640,320,"Ilustración de naturaleza y bosque, estilo plano a color",Vecteezy,raul_hernandez,df1d86f0b8eb8dd9fdf776bf6849993e0de1582c
raul_hernandez_img_0438,img_0438.jpg,naturaleza_y_bosques,ilustracion_plana_color,640,426,"Ilustración de naturaleza y bosque, diseño plano",Vecteezy,raul_hernandez,91b398d6498d064006aa7fb753ca92a733325aa5
raul_hernandez_img_0439,img_0439.jpg,naturaleza_y_bosques,ilustracion_plana_color,640,417,"Ilustración de naturaleza y bosque, diseño plano",Vecteezy,raul_hernandez,1b4a22b4d30698b3e9b9c41cd437f747520936ee
raul_hernandez_img_0440,img_0440.jpg,naturaleza_y_bosques,ilustracion_plana_color,411,640,"Ilustración de escena de naturaleza en la naturaleza, estilo plano a color",Vecteezy,raul_hernandez,a36f16f6079fdb73cf81d5ad289b638c49fd36d8
raul_hernandez_img_0441,img_0441.jpg,naturaleza_y_bosques,ilustracion_plana_color,640,426,"Ilustración de naturaleza y bosque, diseño plano",Vecteezy,raul_hernandez,904d6ed562122448e42222d15119ac1ae2e49bd7
raul_hernandez_img_0442,img_0442.jpg,naturaleza_y_bosques,ilustracion_plana_color,640,427,"Ilustración de montaña, estilo plano a color",Vecteezy,raul_hernandez,c2cec010daf3363ba1d2366d4bc5dcdc2614bca7
raul_hernandez_img_0443,img_0443.jpg,naturaleza_y_bosques,ilustracion_plana_color,640,427,"Ilustración de paisaje de invierno en invierno, estilo plano a color",Vecteezy,raul_hernandez,5b146881da1bed7bb69ca1a68ca3c3fbd45d3b00
raul_hernandez_img_0444,img_0444.jpg,naturaleza_y_bosques,ilustracion_plana_color,640,640,"Ilustración de naturaleza y bosque, estilo plano",Vecteezy,raul_hernandez,5fe6498435866852279a3967fee81c00651a1dc4
raul_hernandez_img_0445,img_0445.jpg,naturaleza_y_bosques,ilustracion_plana_color,640,640,"Ilustración de escena de naturaleza en la naturaleza, diseño plano",Vecteezy,raul_hernandez,eee472392f6eaaadf064db325484ad583ae1c0ba
raul_hernandez_img_0446,img_0446.jpg,naturaleza_y_bosques,ilustracion_plana_color,640,472,"Ilustración de animal del bosque en la naturaleza, estilo plano a color",Vecteezy,raul_hernandez,422e7cfa6fd3e84de92a2e2f28a4fab967d48ce9
raul_hernandez_img_0447,img_0447.jpg,naturaleza_y_bosques,ilustracion_plana_color,640,420,"Ilustración de naturaleza y bosque, estilo plano",Vecteezy,raul_hernandez,467c437f18b300026b9e79508ffc9411685bdedd
raul_hernandez_img_0448,img_0448.jpg,naturaleza_y_bosques,ilustracion_plana_color,427,640,"Ilustración de escena de naturaleza en la naturaleza, estilo plano a color",Vecteezy,raul_hernandez,fa9a21f4e2fd80027f8d7665110955c11e312f95
raul_hernandez_img_0449,img_0449.jpg,naturaleza_y_bosques,ilustracion_plana_color,640,427,"Ilustración de naturaleza y bosque, diseño plano",Vecteezy,raul_hernandez,fc43a9699074ac5576596561eba458b0851b0896
raul_hernandez_img_0450,img_0450.jpg,naturaleza_y_bosques,ilustracion_plana_color,640,549,"Ilustración de árboles en el bosque, estilo plano a color",Vecteezy,raul_hernandez,a1631267afbf90ec4af8ea39b2c63e1db0a1566c
raul_hernandez_img_0451,img_0451.jpg,naturaleza_y_bosques,ilustracion_plana_color,640,420,"Ilustración de naturaleza y bosque, estilo plano",Vecteezy,raul_hernandez,5604fd56804008e352b071bb357b59466bc4391b
raul_hernandez_img_0452,img_0452.jpg,naturaleza_y_bosques,ilustracion_plana_color,640,320,"Ilustración de escena de naturaleza en la naturaleza, estilo plano",Vecteezy,raul_hernandez,554dea29e89c79accb0a5838baac1aae87f6d31c
raul_hernandez_img_0453,img_0453.jpg,naturaleza_y_bosques,ilustracion_plana_color,640,640,"Ilustración de naturaleza y bosque, diseño plano",Vecteezy,raul_hernandez,25ea2fb30b54ccc32fa1d9698e2815ddb511cbe1
raul_hernandez_img_0454,img_0454.jpg,naturaleza_y_bosques,ilustracion_plana_color,640,640,"Ilustración de naturaleza y bosque, tierna",Vecteezy,raul_hernandez,30e5dd453fac6b3b344a148e7fc5db29a13ecbae
raul_hernandez_img_0455,img_0455.jpg,naturaleza_y_bosques,ilustracion_plana_color,640,640,"Ilustración de naturaleza y bosque, diseño plano",Vecteezy,raul_hernandez,616af69c70f15d8317daa13532347ac899002444
raul_hernandez_img_0456,img_0456.jpg,naturaleza_y_bosques,ilustracion_plana_color,640,640,"Ilustración de bosque en la naturaleza, estilo plano a color",Vecteezy,raul_hernandez,bbdeb5ebfd65fcbab80133e251be7fb694288c3f
raul_hernandez_img_0457,img_0457.jpg,naturaleza_y_bosques,ilustracion_plana_color,640,640,"Ilustración de hojas en la naturaleza, diseño plano",Vecteezy,raul_hernandez,3df68f8544639ff2273726e0bc063be5ca05c785
raul_hernandez_img_0458,img_0458.jpg,naturaleza_y_bosques,ilustracion_plana_color,640,521,"Ilustración de naturaleza y bosque, estilo plano",Vecteezy,raul_hernandez,ddd4a07efeb7531560c848c7d6a2dac2ffcb255f
raul_hernandez_img_0459,img_0459.jpg,naturaleza_y_bosques,ilustracion_plana_color,640,640,"Ilustración de naturaleza y bosque, diseño plano",Vecteezy,raul_hernandez,6ac015fa54979af87eee009bf203b8fa39a1173e
raul_hernandez_img_0460,img_0460.jpg,naturaleza_y_bosques,ilustracion_plana_color,640,427,"Ilustración de mariposa en primavera, estilo plano a color",Vecteezy,raul_hernandez,8adb6256d1d5b944a6d7a9ae668afd7ad625cb24
raul_hernandez_img_0461,img_0461.jpg,naturaleza_y_bosques,ilustracion_plana_color,640,636,"Ilustración de escena de naturaleza en la naturaleza, estilo plano a color",Vecteezy,raul_hernandez,a510934202fbf6c449f8d2e7d27fc53de46b09e4
raul_hernandez_img_0462,img_0462.jpg,naturaleza_y_bosques,ilustracion_plana_color,640,640,"Ilustración de naturaleza y bosque, estilo plano",Vecteezy,raul_hernandez,89eab25f68d441e86a7a82480ec5016cb4db84af
raul_hernandez_img_0463,img_0463.jpg,naturaleza_y_bosques,ilustracion_plana_color,640,640,"Ilustración de naturaleza y bosque, estilo plano",Vecteezy,raul_hernandez,a54eeb3caf3aaee0de68193b22a76d55db346048
raul_hernandez_img_0464,img_0464.jpg,naturaleza_y_bosques,ilustracion_plana_color,640,427,"Ilustración de paisaje natural, estilo plano a color",Vecteezy,raul_hernandez,1ae66aeaac9460e64131b7da1855591dad9c2226
raul_hernandez_img_0465,img_0465.jpg,naturaleza_y_bosques,ilustracion_plana_color,640,419,"Ilustración de naturaleza y bosque, diseño plano",Vecteezy,raul_hernandez,ac4d198859296fa6c8869a26576501115ba05235
raul_hernandez_img_0466,img_0466.jpg,naturaleza_y_bosques,ilustracion_plana_color,640,640,"Ilustración de naturaleza y bosque, estilo plano a color",Vecteezy,raul_hernandez,b70438ff2d913bc0d5bcb519dc3526267f160d5e
raul_hernandez_img_0467,img_0467.jpg,naturaleza_y_bosques,ilustracion_plana_color,537,640,"Ilustración de paisaje de otoño en el bosque, estilo plano a color",Vecteezy,raul_hernandez,ba84e774f9091abd86699585ff336462b23429cf
raul_hernandez_img_0468,img_0468.jpg,naturaleza_y_bosques,ilustracion_plana_color,640,640,"Ilustración de animal del bosque, diseño plano",Vecteezy,raul_hernandez,a9a6da74bc7f7df6e61095eae2844bd1c102cbe6
raul_hernandez_img_0469,img_0469.jpg,naturaleza_y_bosques,ilustracion_plana_color,640,320,"Ilustración de naturaleza y bosque, diseño plano",Vecteezy,raul_hernandez,bea6bc5d5664ce964c480102720ec94837ebb0cc
raul_hernandez_img_0470,img_0470.jpg,naturaleza_y_bosques,ilustracion_plana_color,640,640,"Ilustración de naturaleza y bosque, estilo plano",Vecteezy,raul_hernandez,911955a9b87b79081a99e069d145d71f30c24a8d
raul_hernandez_img_0471,img_0471.jpg,naturaleza_y_bosques,ilustracion_plana_color,640,640,"Ilustración de naturaleza y bosque, estilo plano a color",Vecteezy,raul_hernandez,4c9093b0e38c67fa3aba9e6a72ef07356c8359a3
raul_hernandez_img_0472,img_0472.jpg,naturaleza_y_bosques,ilustracion_plana_color,374,640,"Ilustración de naturaleza y bosque, estilo plano",Vecteezy,raul_hernandez,3af71d8616aaf659e183e5e5ac0833aafc88a19f
raul_hernandez_img_0473,img_0473.jpg,naturaleza_y_bosques,ilustracion_plana_color,640,427,"Ilustración de paisaje de primavera en la pradera, estilo plano a color",Vecteezy,raul_hernandez,bddb9698ebc794d39a9528d1d1e29b7b796c450c
raul_hernandez_img_0474,img_0474.jpg,naturaleza_y_bosques,ilustracion_plana_color,640,320,"Ilustración de pasto en la naturaleza, estilo plano a color",Vecteezy,raul_hernandez,bea0c4a2aebcd397f3ec655d7432ca496f674a71
raul_hernandez_img_0475,img_0475.jpg,naturaleza_y_bosques,ilustracion_plana_color,640,359,"Ilustración de naturaleza y bosque, estilo plano",Vecteezy,raul_hernandez,5c09209072f63e9b3091b63b313355fccf22cdaa
raul_hernandez_img_0476,img_0476.jpg,naturaleza_y_bosques,ilustracion_plana_color,359,640,"Ilustración de escena de naturaleza en la naturaleza, diseño plano",Vecteezy,raul_hernandez,0e24b6c0978c63346e65fac088f0101eba31c85e
raul_hernandez_img_0477,img_0477.jpg,naturaleza_y_bosques,ilustracion_plana_color,640,640,"Ilustración de escena de naturaleza en la naturaleza, estilo plano",Vecteezy,raul_hernandez,c48b34e4de3798a470874a168485954adf53100b
raul_hernandez_img_0478,img_0478.jpg,naturaleza_y_bosques,ilustracion_plana_color,640,451,"Ilustración de naturaleza y bosque, estilo plano",Vecteezy,raul_hernandez,6001faf70e2422ab14b0f281ee5f11eafcf6cc80
raul_hernandez_img_0479,img_0479.jpg,naturaleza_y_bosques,ilustracion_plana_color,640,640,"Ilustración de naturaleza y bosque, diseño plano",Vecteezy,raul_hernandez,f9243ae84d7c7bc6d22261c3478150d46d812ef0
raul_hernandez_img_0480,img_0480.jpg,naturaleza_y_bosques,ilustracion_plana_color,640,436,"Ilustración de paisaje natural en la naturaleza, estilo plano",Vecteezy,raul_hernandez,0251200c7faae6b1c121ca21434b28bebe090c04
raul_hernandez_img_0481,img_0481.jpg,naturaleza_y_bosques,ilustracion_plana_color,640,416,"Ilustración de paisaje natural, estilo plano",Vecteezy,raul_hernandez,eae3135243a942bdbc945fd56daf3ce71dfe2d66
raul_hernandez_img_0482,img_0482.jpg,naturaleza_y_bosques,ilustracion_plana_color,512,640,"Ilustración de escena de naturaleza en la naturaleza, estilo plano a color",Vecteezy,raul_hernandez,9e35498d1bc2cbbc6f4e0a26f1299e58781d837b
raul_hernandez_img_0483,img_0483.jpg,naturaleza_y_bosques,ilustracion_plana_color,640,562,"Ilustración de naturaleza y bosque, estilo plano",Vecteezy,raul_hernandez,177311a6b1eafe7a10c1646161095b86a66174df
raul_hernandez_img_0484,img_0484.jpg,naturaleza_y_bosques,ilustracion_plana_color,640,338,"Ilustración de naturaleza y bosque, diseño plano",Vecteezy,raul_hernandez,ce31fa66589007804925ca6020d8773b96df9669
raul_hernandez_img_0485,img_0485.jpg,naturaleza_y_bosques,ilustracion_plana_color,640,453,"Ilustración de pájaros en verano, estilo plano a color",Vecteezy,raul_hernandez,ff9b17bc702de51269707599d1f2c767dbb72ab7
raul_hernandez_img_0486,img_0486.jpg,naturaleza_y_bosques,ilustracion_plana_color,640,566,"Ilustración de naturaleza y bosque, estilo plano",Vecteezy,raul_hernandez,4ab186f9051755703fd59677c50b56d03b9debad
raul_hernandez_img_0487,img_0487.jpg,naturaleza_y_bosques,ilustracion_plana_color,640,640,"Ilustración de naturaleza y bosque, estilo plano",Vecteezy,raul_hernandez,c0f6b61b520fe63d90ccb5f9d8a906bf4166bc9d
raul_hernandez_img_0488,img_0488.jpg,naturaleza_y_bosques,ilustracion_plana_color,640,326,"Ilustración de naturaleza y bosque, estilo plano",Vecteezy,raul_hernandez,eb46b96cd383ba1c0747a988882b8761d907e99c
raul_hernandez_img_0489,img_0489.jpg,naturaleza_y_bosques,ilustracion_plana_color,640,640,"Ilustración de naturaleza y bosque, estilo plano a color",Vecteezy,raul_hernandez,4aaf29106892d6ad242ffbed833b47fcd10da37f
raul_hernandez_img_0490,img_0490.jpg,naturaleza_y_bosques,ilustracion_plana_color,640,640,"Ilustración de naturaleza y bosque, diseño plano",Vecteezy,raul_hernandez,435c2dbb867a8a302c2ce0aa01e8d1f673e34dfb
raul_hernandez_img_0491,img_0491.jpg,naturaleza_y_bosques,ilustracion_plana_color,427,640,"Ilustración de naturaleza y bosque, estilo plano a color",Vecteezy,raul_hernandez,c324b76f4f089340c2d2d8e2c11b9864acdd0fb0
raul_hernandez_img_0492,img_0492.jpg,naturaleza_y_bosques,ilustracion_plana_color,640,427,"Ilustración de montaña en la montaña, estilo plano a color",Vecteezy,raul_hernandez,4df5ad651c816ade8b686c28cb76d72ea3c5525f
raul_hernandez_img_0493,img_0493.jpg,naturaleza_y_bosques,ilustracion_plana_color,640,640,"Ilustración de naturaleza y bosque, diseño plano",Vecteezy,raul_hernandez,76563cd0dd920d661ef23cb5218a4b481cebe3b0
raul_hernandez_img_0494,img_0494.jpg,naturaleza_y_bosques,ilustracion_plana_color,640,640,"Ilustración de naturaleza y bosque, estilo plano",Vecteezy,raul_hernandez,48d822578ee54765459a63fe8661dff714ac2418
raul_hernandez_img_0495,img_0495.jpg,naturaleza_y_bosques,ilustracion_plana_color,640,640,"Ilustración de escena de naturaleza en la naturaleza, diseño plano",Vecteezy,raul_hernandez,b99c03dd108d602f1f09972b26b4e1ed38f5b8df
raul_hernandez_img_0496,img_0496.jpg,naturaleza_y_bosques,ilustracion_plana_color,640,498,"Ilustración de naturaleza y bosque, estilo caricatura",Vecteezy,raul_hernandez,58715a7b2a9f085fedc1811369a2376121d540b5
raul_hernandez_img_0497,img_0497.jpg,naturaleza_y_bosques,ilustracion_plana_color,479,640,"Ilustración de planta en la naturaleza, estilo plano a color",Vecteezy,raul_hernandez,301e5088197474c5e21b5bf886ede26a931b2295
raul_hernandez_img_0498,img_0498.jpg,naturaleza_y_bosques,ilustracion_plana_color,400,640,"Ilustración de río junto al río, estilo plano a color",Vecteezy,raul_hernandez,276a1dcafb22b7a28dcdd3877fc69c7ad1ec645e
raul_hernandez_img_0499,img_0499.jpg,naturaleza_y_bosques,ilustracion_plana_color,640,640,"Ilustración de naturaleza y bosque, diseño plano",Vecteezy,raul_hernandez,4659db6a642e1402ac57a0a5d9edd90da36cfedd
raul_hernandez_img_0500,img_0500.jpg,naturaleza_y_bosques,ilustracion_plana_color,640,435,"Ilustración de árboles en el bosque, estilo plano a color",Vecteezy,raul_hernandez,486ebcee64b3028538fc2476e6052b3412cb372e
raul_hernandez_img_0501,img_0501.jpg,naturaleza_y_bosques,ilustracion_plana_color,427,640,"Ilustración de lobo, diseño plano",Vecteezy,raul_hernandez,0aa49ef6a507bcb7ac944e9ffc57a2c2379d0437
raul_hernandez_img_0502,img_0502.jpg,naturaleza_y_bosques,ilustracion_plana_color,640,427,"Ilustración de paisaje de primavera en la naturaleza, estilo plano a color",Vecteezy,raul_hernandez,3a7b9d592413e50cb4ff1fe4aea9ea9e8f2930c9
raul_hernandez_img_0503,img_0503.jpg,naturaleza_y_bosques,ilustracion_plana_color,640,640,"Ilustración de naturaleza y bosque, estilo plano a color",Vecteezy,raul_hernandez,c2478d98236db293eef344af67f2c611aaaaba88
raul_hernandez_img_0504,img_0504.jpg,naturaleza_y_bosques,ilustracion_plana_color,640,640,"Ilustración de naturaleza y bosque, tierna",Vecteezy,raul_hernandez,1ff287f992df2cc1ccf58aa78673b5535dfcfe55
raul_hernandez_img_0505,img_0505.jpg,naturaleza_y_bosques,ilustracion_plana_color,640,448,"Ilustración de animal del bosque, estilo caricatura",Vecteezy,raul_hernandez,8c33c53ad635158f9d1b497242b80a50a855ed53
raul_hernandez_img_0506,img_0506.jpg,naturaleza_y_bosques,ilustracion_plana_color,640,333,"Ilustración de naturaleza y bosque, estilo plano",Vecteezy,raul_hernandez,0a058b3c3c67665f98cbf6d1b84274f685ea37fa
raul_hernandez_img_0507,img_0507.jpg,naturaleza_y_bosques,ilustracion_plana_color,640,489,"Ilustración de naturaleza y bosque, estilo plano a color",Vecteezy,raul_hernandez,73b676458c68c9e963b56d0b23f4a0b5e5f25e8b
raul_hernandez_img_0508,img_0508.jpg,naturaleza_y_bosques,ilustracion_plana_color,640,465,"Ilustración de naturaleza y bosque, estilo plano",Vecteezy,raul_hernandez,88f7cb59b23df166fd286141c3c1e0fe87763abf
raul_hernandez_img_0509,img_0509.jpg,naturaleza_y_bosques,ilustracion_plana_color,640,553,"Ilustración de escena de naturaleza en la naturaleza, estilo plano a color",Vecteezy,raul_hernandez,06069d2020edabf63b5d0ebf39ad62422e97aae8
raul_hernandez_img_0510,img_0510.jpg,naturaleza_y_bosques,ilustracion_plana_color,640,323,"Ilustración de escena de naturaleza en la naturaleza, estilo plano a color",Vecteezy,raul_hernandez,0533aeb043c6090b4676a9b7ea0382d07ea218b7
raul_hernandez_img_0511,img_0511.jpg,naturaleza_y_bosques,ilustracion_plana_color,640,426,"Ilustración de naturaleza y bosque, diseño plano",Vecteezy,raul_hernandez,ceb1fae7be70feee6b0cca02866b00c0e34eb53a
raul_hernandez_img_0512,img_0512.jpg,naturaleza_y_bosques,ilustracion_plana_color,640,640,"Ilustración de naturaleza y bosque, diseño plano",Vecteezy,raul_hernandez,caaa2c260b3b7d5815cd65567869bee06462395d
raul_hernandez_img_0513,img_0513.jpg,naturaleza_y_bosques,ilustracion_plana_color,640,640,"Ilustración de mariposa en la naturaleza, estilo plano a color",Vecteezy,raul_hernandez,b801a43480e8267658a9e61d30dbb800e873b4bb
raul_hernandez_img_0514,img_0514.jpg,naturaleza_y_bosques,ilustracion_plana_color,427,640,"Ilustración de árbol en la naturaleza, estilo caricatura",Vecteezy,raul_hernandez,5f77e2fea8266ab477f19e22f4827d1de69c1113
raul_hernandez_img_0515,img_0515.jpg,naturaleza_y_bosques,ilustracion_plana_color,640,638,"Ilustración de naturaleza y bosque, estilo plano",Vecteezy,raul_hernandez,0c7b724a9394ad6b01a4ded913bf44ec61285f00
raul_hernandez_img_0516,img_0516.jpg,naturaleza_y_bosques,ilustracion_plana_color,427,640,"Ilustración de montañas en el bosque, estilo plano a color",Vecteezy,raul_hernandez,1e440089478b6c68cc4287cb74ea7a46d0d212e1
raul_hernandez_img_0517,img_0517.jpg,naturaleza_y_bosques,ilustracion_plana_color,623,640,"Ilustración de naturaleza y bosque, estilo plano",Vecteezy,raul_hernandez,447d442638692c4afede90bbe243575afa0cb78b
raul_hernandez_img_0518,img_0518.jpg,naturaleza_y_bosques,ilustracion_plana_color,640,427,"Ilustración de bosque en la naturaleza, estilo plano a color",Vecteezy,raul_hernandez,6b63ee0a9bbce7501ffee85328b87ee1703f2e04
raul_hernandez_img_0519,img_0519.jpg,naturaleza_y_bosques,ilustracion_plana_color,640,640,"Ilustración de escena de naturaleza en la naturaleza, estilo plano a color",Vecteezy,raul_hernandez,e246adda59399177834773d2ba4a6241075c5fc8
raul_hernandez_img_0520,img_0520.jpg,naturaleza_y_bosques,ilustracion_plana_color,640,640,"Ilustración de naturaleza y bosque, estilo plano",Vecteezy,raul_hernandez,9614fcc44c1d431b2715127377e8c3f7dc45c137
raul_hernandez_img_0521,img_0521.jpg,naturaleza_y_bosques,ilustracion_plana_color,640,494,"Ilustración de naturaleza y bosque, diseño plano",Vecteezy,raul_hernandez,f9f8f41da88c75a177a0afc8aee2a605b5dc9999
raul_hernandez_img_0522,img_0522.jpg,naturaleza_y_bosques,ilustracion_plana_color,320,640,"Ilustración de hoja en la naturaleza, colorida",Vecteezy,raul_hernandez,34c2e95471992f398bab46502fb2dddf3f239cbc
raul_hernandez_img_0523,img_0523.jpg,naturaleza_y_bosques,ilustracion_plana_color,640,320,"Ilustración de naturaleza y bosque, estilo plano",Vecteezy,raul_hernandez,a06c3ddf0a127016da8e8caf6ad07750dbd5c59c
raul_hernandez_img_0524,img_0524.jpg,naturaleza_y_bosques,ilustracion_plana_color,640,640,"Ilustración de naturaleza y bosque, estilo plano",Vecteezy,raul_hernandez,6a848dcff22196d2c03cff1bab2cb3bf4c1222f5
raul_hernandez_img_0525,img_0525.jpg,naturaleza_y_bosques,ilustracion_plana_color,640,640,"Ilustración de naturaleza y bosque, estilo plano",Vecteezy,raul_hernandez,9b1b1de07615782e75a8cafdf120543229f72a5c
raul_hernandez_img_0526,img_0526.jpg,naturaleza_y_bosques,ilustracion_plana_color,640,356,"Ilustración de naturaleza y bosque, estilo plano",Vecteezy,raul_hernandez,848ce458f4865edc995134d773939d48aca47cd5
raul_hernandez_img_0527,img_0527.jpg,naturaleza_y_bosques,ilustracion_plana_color,640,427,"Ilustración de rana, diseño plano",Vecteezy,raul_hernandez,229bd6fa1d145f573a99f61abb7d53a264977834
raul_hernandez_img_0528,img_0528.jpg,naturaleza_y_bosques,ilustracion_plana_color,640,385,"Ilustración de bosque en el bosque, estilo plano a color",Vecteezy,raul_hernandez,94abb0e90319625eb3b2367ce8e0af29a02993fd
raul_hernandez_img_0529,img_0529.jpg,naturaleza_y_bosques,ilustracion_plana_color,552,640,"Ilustración de naturaleza y bosque, estilo plano",Vecteezy,raul_hernandez,579af3e8084ba5b96a6c1343af0483ca27c62d49
raul_hernandez_img_0530,img_0530.jpg,naturaleza_y_bosques,ilustracion_plana_color,640,640,"Ilustración de naturaleza y bosque, estilo plano a color",Vecteezy,raul_hernandez,cdb38a9c2605be1f2a2311e9894b95d8f445b2b0
raul_hernandez_img_0531,img_0531.jpg,naturaleza_y_bosques,ilustracion_plana_color,640,320,"Ilustración de naturaleza y bosque, estilo plano",Vecteezy,raul_hernandez,4c1f4afe26f1cce27b7ce2b7bf71b71954eb162c
raul_hernandez_img_0532,img_0532.jpg,naturaleza_y_bosques,ilustracion_plana_color,613,640,"Ilustración de naturaleza y bosque, diseño plano",Vecteezy,raul_hernandez,c8434c171a87a96a91e3e41191a802489051f5f6
raul_hernandez_img_0533,img_0533.jpg,naturaleza_y_bosques,ilustracion_plana_color,640,371,"Ilustración de animal del bosque en la naturaleza, estilo plano a color",Vecteezy,raul_hernandez,738e96ec9483a3db15a3c0d870b477a7e89e1cb9
raul_hernandez_img_0534,img_0534.jpg,naturaleza_y_bosques,ilustracion_plana_color,640,333,"Ilustración de naturaleza y bosque, estilo plano",Vecteezy,raul_hernandez,6328047a298c1b4ee94a303f2da568716c12a848
raul_hernandez_img_0535,img_0535.jpg,naturaleza_y_bosques,ilustracion_plana_color,640,640,"Ilustración de abeja en la naturaleza, tierna",Vecteezy,raul_hernandez,a32f47a310b9717545b01efb61fa7a2a3ad1b7cc
raul_hernandez_img_0536,img_0536.jpg,naturaleza_y_bosques,ilustracion_plana_color,640,360,"Ilustración de montañas en la naturaleza, estilo plano",Vecteezy,raul_hernandez,7b4b1f8cdc89f6cc4a6a0c5d74f0630bf3ca906a
raul_hernandez_img_0537,img_0537.jpg,naturaleza_y_bosques,ilustracion_plana_color,640,640,"Ilustración de ciervo, estilo plano a color",Vecteezy,raul_hernandez,92b01878b7b6f867de6555ba8419f701a6894c31
raul_hernandez_img_0538,img_0538.jpg,naturaleza_y_bosques,ilustracion_plana_color,640,640,"Ilustración de naturaleza y bosque, diseño plano",Vecteezy,raul_hernandez,46cabd9363169a35754ffd8be9904a0b4b30a436
raul_hernandez_img_0539,img_0539.jpg,naturaleza_y_bosques,ilustracion_plana_color,592,640,"Ilustración de planta en la naturaleza, estilo plano a color",Vecteezy,raul_hernandez,b2f7119c6ba32e324bbaac534998ecdb789e66c7
raul_hernandez_img_0540,img_0540.jpg,naturaleza_y_bosques,ilustracion_plana_color,640,427,"Ilustración de pájaro en la naturaleza, estilo plano a color",Vecteezy,raul_hernandez,07fb063fa66cfe93b8d7beefb7ec7db368e68888
raul_hernandez_img_0541,img_0541.jpg,naturaleza_y_bosques,ilustracion_plana_color,640,427,"Ilustración de hojas en otoño, colorida",Vecteezy,raul_hernandez,d2a913b47b3805b13e692abd9896c31188e9320a
raul_hernandez_img_0542,img_0542.jpg,naturaleza_y_bosques,ilustracion_plana_color,505,640,"Ilustración de árboles, estilo plano",Vecteezy,raul_hernandez,08cb35c21767759e95897dba3bf2c3e9d91b6ffb
raul_hernandez_img_0543,img_0543.jpg,naturaleza_y_bosques,ilustracion_plana_color,640,427,"Ilustración de paisaje de primavera en la naturaleza, estilo plano a color",Vecteezy,raul_hernandez,9eaca5199bb6b211a8add97043098f8dea1c718d
raul_hernandez_img_0544,img_0544.jpg,naturaleza_y_bosques,ilustracion_plana_color,640,419,"Ilustración de naturaleza y bosque, estilo plano a color",Vecteezy,raul_hernandez,b7d40f1e3b364e4f423f5567404a38ad8f6f3fe8
raul_hernandez_img_0545,img_0545.jpg,naturaleza_y_bosques,ilustracion_plana_color,640,640,"Ilustración de naturaleza y bosque, diseño plano",Vecteezy,raul_hernandez,85665124c28941898b31d545d6b1f38c1b19ce86
raul_hernandez_img_0546,img_0546.jpg,naturaleza_y_bosques,ilustracion_plana_color,629,640,"Ilustración de escena de naturaleza en la naturaleza, estilo plano a color",Vecteezy,raul_hernandez,82f80bc6fa8998ec0b5289e683010c3e420dc578
raul_hernandez_img_0547,img_0547.jpg,naturaleza_y_bosques,ilustracion_plana_color,401,640,"Ilustración de naturaleza y bosque, tierna",Vecteezy,raul_hernandez,76e80c4338ad6671c1c7a57dd1ed2440dbf09aa0
raul_hernandez_img_0548,img_0548.jpg,naturaleza_y_bosques,ilustracion_plana_color,640,480,"Ilustración de naturaleza y bosque, estilo caricatura",Vecteezy,raul_hernandez,8ed61a1f66827f01f211aef51f32c230b6f7d4f1
raul_hernandez_img_0549,img_0549.jpg,naturaleza_y_bosques,ilustracion_plana_color,640,453,"Ilustración de bosque en el bosque, estilo plano a color",Vecteezy,raul_hernandez,0fac09636ebcd1ff5dd13341808eb2c44cc6e29e
raul_hernandez_img_0550,img_0550.jpg,naturaleza_y_bosques,ilustracion_plana_color,640,538,"Ilustración de naturaleza y bosque, diseño plano",Vecteezy,raul_hernandez,95129458452b4d954ce11d5fb6a0f72f25534213
raul_hernandez_img_0551,img_0551.jpg,naturaleza_y_bosques,ilustracion_plana_color,640,640,"Ilustración de paisaje invernal, estilo plano",Vecteezy,raul_hernandez,974e6736e95c66af1afe9004d34073a5dfdd1f11
raul_hernandez_img_0552,img_0552.jpg,naturaleza_y_bosques,ilustracion_plana_color,640,427,"Ilustración de naturaleza y bosque, estilo plano a color",Vecteezy,raul_hernandez,dac81f764adedc39b6d4c5acce3235dde790dc04
raul_hernandez_img_0553,img_0553.jpg,naturaleza_y_bosques,ilustracion_plana_color,640,640,"Ilustración de naturaleza y bosque, estilo plano",Vecteezy,raul_hernandez,07552b4759e65a669ca07385f0ee835d6dbadb30
raul_hernandez_img_0554,img_0554.jpg,naturaleza_y_bosques,ilustracion_plana_color,640,640,"Ilustración de naturaleza y bosque, diseño plano",Vecteezy,raul_hernandez,4ab35a0371dc6f1d276d794ffb1387f411b1715e
raul_hernandez_img_0555,img_0555.jpg,naturaleza_y_bosques,ilustracion_plana_color,640,320,"Ilustración de escena de naturaleza en la naturaleza, diseño plano",Vecteezy,raul_hernandez,3bfdabd1d01f3dd54430901c91cd31403bcd78e5
raul_hernandez_img_0556,img_0556.jpg,naturaleza_y_bosques,ilustracion_plana_color,640,640,"Ilustración de naturaleza y bosque, estilo plano",Vecteezy,raul_hernandez,b01efffbfc8189f669af7451eb38423144d69ed8
raul_hernandez_img_0557,img_0557.jpg,naturaleza_y_bosques,ilustracion_plana_color,640,560,"Ilustración de naturaleza y bosque, estilo plano",Vecteezy,raul_hernandez,d6c19c12efda36f1884c02eff6da7224334896f8
raul_hernandez_img_0558,img_0558.jpg,naturaleza_y_bosques,ilustracion_plana_color,640,488,"Ilustración de naturaleza y bosque, estilo plano",Vecteezy,raul_hernandez,a7672de55d2a9847884ea8be3ca881b286e6ed50
raul_hernandez_img_0559,img_0559.jpg,naturaleza_y_bosques,ilustracion_plana_color,640,457,"Ilustración de naturaleza y bosque, estilo plano",Vecteezy,raul_hernandez,652ade6ceadb6de20bf6aad5b6522f21f240133e
raul_hernandez_img_0560,img_0560.jpg,naturaleza_y_bosques,ilustracion_plana_color,640,427,"Ilustración de naturaleza y bosque, estilo plano a color",Vecteezy,raul_hernandez,f494d19f76a1b81ca017fced5fbde930274bdc92
raul_hernandez_img_0561,img_0561.jpg,naturaleza_y_bosques,ilustracion_plana_color,640,419,"Ilustración de naturaleza y bosque, estilo plano a color",Vecteezy,raul_hernandez,e18a5bcbc71fe40b2692629b96a7cab106e6c1c1
raul_hernandez_img_0562,img_0562.jpg,naturaleza_y_bosques,ilustracion_plana_color,640,640,"Ilustración de naturaleza y bosque, estilo plano a color",Vecteezy,raul_hernandez,708408e6a9523707cfea6b3184602f78330dd5a7
raul_hernandez_img_0563,img_0563.jpg,naturaleza_y_bosques,ilustracion_plana_color,640,526,"Ilustración de naturaleza y bosque, estilo plano",Vecteezy,raul_hernandez,4f212b0cddb079f6b843e695f81f53b56eca8e11
raul_hernandez_img_0564,img_0564.jpg,naturaleza_y_bosques,ilustracion_plana_color,640,320,"Ilustración de naturaleza y bosque, estilo plano a color",Vecteezy,raul_hernandez,8f19fc9e4198247d83c84b651ad3db6a3b4d2715
raul_hernandez_img_0565,img_0565.jpg,naturaleza_y_bosques,ilustracion_plana_color,640,640,"Ilustración de escena de naturaleza en la naturaleza, diseño plano",Vecteezy,raul_hernandez,4455854aa047d214073ee07123e5ab3662c14426
raul_hernandez_img_0566,img_0566.jpg,naturaleza_y_bosques,ilustracion_plana_color,640,640,"Ilustración de naturaleza y bosque, estilo plano",Vecteezy,raul_hernandez,33b4c9f7655787bffb7500a8b4c8ac987faf163e
raul_hernandez_img_0567,img_0567.jpg,naturaleza_y_bosques,ilustracion_plana_color,640,640,"Ilustración de naturaleza y bosque, estilo plano",Vecteezy,raul_hernandez,c75eb7e6441ea59e0ec199e2bc77c2ee7b638a9f
raul_hernandez_img_0568,img_0568.jpg,naturaleza_y_bosques,ilustracion_plana_color,640,427,"Ilustración de paisaje natural en la naturaleza, estilo plano a color",Vecteezy,raul_hernandez,f2237b77a79c9fefb8cffeb0b8554042e2f30034
raul_hernandez_img_0569,img_0569.jpg,naturaleza_y_bosques,ilustracion_plana_color,640,438,"Ilustración de escena de naturaleza en la naturaleza, estilo plano a color",Vecteezy,raul_hernandez,9c159013f1ceddffd675c48c985888507816ca83
raul_hernandez_img_0570,img_0570.jpg,naturaleza_y_bosques,ilustracion_plana_color,640,640,"Ilustración de naturaleza y bosque, estilo plano",Vecteezy,raul_hernandez,495b44941e6c4cd2d59e73d985a05bd738301907
raul_hernandez_img_0571,img_0571.jpg,naturaleza_y_bosques,ilustracion_plana_color,640,453,"Ilustración de escena de naturaleza en la naturaleza, estilo plano",Vecteezy,raul_hernandez,d602eafdf7a6ccdf7a8130170e860ab5d4cc18db
raul_hernandez_img_0572,img_0572.jpg,naturaleza_y_bosques,ilustracion_plana_color,640,640,"Ilustración de naturaleza y bosque, estilo plano",Vecteezy,raul_hernandez,5bba8695e82622350be9bbfdc52470e01f22f212
raul_hernandez_img_0573,img_0573.jpg,naturaleza_y_bosques,ilustracion_plana_color,640,640,"Ilustración de naturaleza y bosque, estilo plano",Vecteezy,raul_hernandez,59c6022e0db355ba479f5bebafe8041bfcc9df49
raul_hernandez_img_0574,img_0574.jpg,naturaleza_y_bosques,ilustracion_plana_color,325,640,"Ilustración de flor en la naturaleza, estilo plano",Vecteezy,raul_hernandez,1296a826ae74e257c758d652904eeab2e473b4e5
raul_hernandez_img_0575,img_0575.jpg,naturaleza_y_bosques,ilustracion_plana_color,580,640,"Ilustración de naturaleza y bosque, estilo plano a color",Vecteezy,raul_hernandez,31ad8bc554588e35c4be7e75734f15ba866773d4
raul_hernandez_img_0576,img_0576.jpg,naturaleza_y_bosques,ilustracion_plana_color,640,640,"Ilustración de naturaleza y bosque, estilo caricatura",Vecteezy,raul_hernandez,833d50ceb17e64481d62129d3ff1cc31604eabea
raul_hernandez_img_0577,img_0577.jpg,naturaleza_y_bosques,ilustracion_plana_color,640,427,"Ilustración de paisaje de verano en verano, estilo plano a color",Vecteezy,raul_hernandez,243281622aa2b8b27c675acab5e7f53e992fe980
raul_hernandez_img_0578,img_0578.jpg,naturaleza_y_bosques,ilustracion_plana_color,640,640,"Ilustración de escena de naturaleza en la naturaleza, estilo plano a color",Vecteezy,raul_hernandez,99006cd99b0bae374063b819b43730b5bfa2d606
raul_hernandez_img_0579,img_0579.jpg,naturaleza_y_bosques,ilustracion_plana_color,640,360,"Ilustración de naturaleza y bosque, diseño plano",Vecteezy,raul_hernandez,936e5886518037a123f6681f7728c712e6b7872c
raul_hernandez_img_0580,img_0580.jpg,naturaleza_y_bosques,ilustracion_plana_color,640,640,"Ilustración de naturaleza y bosque, estilo plano a color",Vecteezy,raul_hernandez,bde0c4475bd1ef9751c3b4606d116e11fcbc699f
raul_hernandez_img_0581,img_0581.jpg,naturaleza_y_bosques,ilustracion_plana_color,640,539,"Ilustración de naturaleza y bosque, estilo plano a color",Vecteezy,raul_hernandez,f7fcf6b2a692907f03c2f8db397624024452520f
raul_hernandez_img_0582,img_0582.jpg,naturaleza_y_bosques,ilustracion_plana_color,640,453,"Ilustración de escena de naturaleza en la naturaleza, estilo plano a color",Vecteezy,raul_hernandez,7dcc9888e206f9cb1f5e3f12f7411d7dd3c3629b
raul_hernandez_img_0583,img_0583.jpg,naturaleza_y_bosques,ilustracion_plana_color,640,331,"Ilustración de naturaleza y bosque, estilo plano",Vecteezy,raul_hernandez,14c49b8d0928ced1ab9c7d5495fae5779b143d01
raul_hernandez_img_0584,img_0584.jpg,naturaleza_y_bosques,ilustracion_plana_color,448,640,"Ilustración de escena de naturaleza en la naturaleza, estilo plano a color",Vecteezy,raul_hernandez,e3c46fc8d55a815130bc9a48bc0d4da128140332
raul_hernandez_img_0585,img_0585.jpg,naturaleza_y_bosques,ilustracion_plana_color,640,465,"Ilustración de naturaleza y bosque, estilo plano a color",Vecteezy,raul_hernandez,afe20caaa8e8b7340f0fd139331d969271e66ff9
raul_hernandez_img_0586,img_0586.jpg,naturaleza_y_bosques,ilustracion_plana_color,640,194,"Ilustración de naturaleza y bosque, estilo plano",Vecteezy,raul_hernandez,6976f3d50d1252494ec4107521acb1a510271696
raul_hernandez_img_0587,img_0587.jpg,naturaleza_y_bosques,ilustracion_plana_color,640,640,"Ilustración de naturaleza y bosque, estilo plano",Vecteezy,raul_hernandez,61cfb2bd357fbaadad427b0f6e454c8dbe74715c
raul_hernandez_img_0588,img_0588.jpg,naturaleza_y_bosques,ilustracion_plana_color,640,446,"Ilustración de naturaleza y bosque, estilo plano",Vecteezy,raul_hernandez,fc275b9507fee942fd2fb295634396cd16999352
raul_hernandez_img_0589,img_0589.jpg,naturaleza_y_bosques,ilustracion_plana_color,427,640,"Ilustración de paisaje de otoño en otoño, tierna",Vecteezy,raul_hernandez,36041f32b006218f5bc51b6d1b8b7561f7c5c118
raul_hernandez_img_0590,img_0590.jpg,naturaleza_y_bosques,ilustracion_plana_color,640,640,"Ilustración de naturaleza y bosque, estilo plano a color",Vecteezy,raul_hernandez,3d068b1600b2aa208230cb2bbbb12e1c76327527
raul_hernandez_img_0591,img_0591.jpg,naturaleza_y_bosques,ilustracion_plana_color,640,467,"Ilustración de naturaleza y bosque, estilo plano",Vecteezy,raul_hernandez,50302c6216613cb87d9a181bbf6fc72ea139fc3d
raul_hernandez_img_0592,img_0592.jpg,naturaleza_y_bosques,ilustracion_plana_color,632,640,"Ilustración de naturaleza y bosque, diseño plano",Vecteezy,raul_hernandez,86452837113504a85d44b6b2141a1ab3dde90ac6
raul_hernandez_img_0593,img_0593.jpg,naturaleza_y_bosques,ilustracion_plana_color,640,640,"Ilustración de naturaleza y bosque, estilo plano",Vecteezy,raul_hernandez,46d51b601ad80a4b7aba0cf3d7650d687f368da9
raul_hernandez_img_0594,img_0594.jpg,naturaleza_y_bosques,ilustracion_plana_color,640,427,"Ilustración de selva en la selva, estilo plano a color",Vecteezy,raul_hernandez,59dcf8efdf84378c2c56ba84c880b2a145850212
raul_hernandez_img_0595,img_0595.jpg,naturaleza_y_bosques,ilustracion_plana_color,640,640,"Ilustración de naturaleza y bosque, diseño plano",Vecteezy,raul_hernandez,04c2ab1972f2cbe5924013a5aa1bb3ae3fbb6bcd
raul_hernandez_img_0596,img_0596.jpg,naturaleza_y_bosques,ilustracion_plana_color,592,640,"Ilustración de naturaleza y bosque, estilo plano",Vecteezy,raul_hernandez,4697873129189f1541fbcd29e1a29edf9e47f8a6
raul_hernandez_img_0597,img_0597.jpg,naturaleza_y_bosques,ilustracion_plana_color,640,640,"Ilustración de naturaleza y bosque, estilo plano",Vecteezy,raul_hernandez,8bfb55df544b3aa349a978f96857361ad7715588
raul_hernandez_img_0598,img_0598.jpg,naturaleza_y_bosques,ilustracion_plana_color,640,640,"Ilustración de naturaleza y bosque, estilo plano",Vecteezy,raul_hernandez,1bcc74104339280644ce3ab2f3bd7e0b09b31ee6
raul_hernandez_img_0599,img_0599.jpg,naturaleza_y_bosques,ilustracion_plana_color,640,453,"Ilustración de oso junto al lago, estilo plano a color",Vecteezy,raul_hernandez,38859305e16fba417d863d8fb45dbcf5a61ecae0
raul_hernandez_img_0600,img_0600.jpg,naturaleza_y_bosques,ilustracion_plana_color,640,328,"Ilustración de bosque en el bosque, estilo plano a color",Vecteezy,raul_hernandez,6eb72e44d4668170540b07079089ae88ff885e65
raul_hernandez_img_0601,img_0601.jpg,naturaleza_y_bosques,ilustracion_plana_color,617,640,"Ilustración de bosque en el bosque, estilo caricatura",Vecteezy,raul_hernandez,6cb07c5f295ba364d3a487f9b62dd82c82ffa75f
raul_hernandez_img_0602,img_0602.jpg,naturaleza_y_bosques,ilustracion_plana_color,640,640,"Ilustración de naturaleza y bosque, estilo plano a color",Vecteezy,raul_hernandez,6c7aae53f086c54d91b4f617a99200ce188e953b
raul_hernandez_img_0603,img_0603.jpg,naturaleza_y_bosques,ilustracion_plana_color,640,640,"Ilustración de bosque en otoño, estilo caricatura",Vecteezy,raul_hernandez,0e92072932d8309b4bdec45b96f1e8ffa86e54ea
raul_hernandez_img_0604,img_0604.jpg,naturaleza_y_bosques,ilustracion_plana_color,427,640,"Ilustración de escena de naturaleza en la naturaleza, estilo caricatura",Vecteezy,raul_hernandez,1568a972ceedbbfb3a587493b558bf0dba7ae730
raul_hernandez_img_0605,img_0605.jpg,naturaleza_y_bosques,ilustracion_plana_color,640,640,"Ilustración de árboles en la naturaleza, estilo plano a color",Vecteezy,raul_hernandez,0b3f89b79d54db22887c7bbdce83c40ba08b296c
raul_hernandez_img_0606,img_0606.jpg,naturaleza_y_bosques,ilustracion_plana_color,453,640,"Ilustración de zorro en el bosque, estilo plano a color",Vecteezy,raul_hernandez,425d82f25366af600579d2b1a0cf44fa57e954a7
raul_hernandez_img_0607,img_0607.jpg,naturaleza_y_bosques,ilustracion_plana_color,640,549,"Ilustración de árboles en el bosque, estilo plano a color",Vecteezy,raul_hernandez,a1631267afbf90ec4af8ea39b2c63e1db0a1566c
raul_hernandez_img_0608,img_0608.jpg,naturaleza_y_bosques,ilustracion_plana_color,640,450,"Ilustración de escena de naturaleza en la naturaleza, estilo plano a color",Vecteezy,raul_hernandez,5ea2a11338e760fe0e73beb3339969f32e76135e
raul_hernandez_img_0609,img_0609.jpg,naturaleza_y_bosques,ilustracion_plana_color,453,640,"Ilustración de escena de naturaleza en la naturaleza, estilo plano a color",Vecteezy,raul_hernandez,2e21ef0def3d3dbb1aebfdd7c9fda31bfd17833b
raul_hernandez_img_0610,img_0610.jpg,naturaleza_y_bosques,ilustracion_plana_color,640,640,"Ilustración de montaña en la naturaleza, estilo plano a color",Vecteezy,raul_hernandez,99a7caad6ecd774a305e0efe395ffed540685e44
raul_hernandez_img_0611,img_0611.jpg,naturaleza_y_bosques,ilustracion_plana_color,640,640,"Ilustración de escena de naturaleza en la naturaleza, estilo plano a color",Vecteezy,raul_hernandez,e6e87a187c6e6bedd14252ed535a6631f92571c5
raul_hernandez_img_0612,img_0612.jpg,naturaleza_y_bosques,ilustracion_plana_color,640,640,"Ilustración de árboles en la naturaleza, colorida",Vecteezy,raul_hernandez,d5d5f8a6b96a919b816b2ed896cda3ed7061722f
raul_hernandez_img_0613,img_0613.jpg,naturaleza_y_bosques,ilustracion_plana_color,640,640,"Ilustración de planta en la naturaleza, estilo caricatura",Vecteezy,raul_hernandez,3e65ba1991b2350194559b8c8e7ee6207a952a25
raul_hernandez_img_0614,img_0614.jpg,naturaleza_y_bosques,ilustracion_plana_color,640,435,"Ilustración de árboles en el bosque, estilo plano a color",Vecteezy,raul_hernandez,26fe3d7ca631546d847f45cd7e2bc8374d637e8e
raul_hernandez_img_0615,img_0615.jpg,naturaleza_y_bosques,ilustracion_plana_color,640,640,"Ilustración de bosque en la naturaleza, estilo caricatura",Vecteezy,raul_hernandez,b18cb9dd47b789b691412284208985704c36cf5f
raul_hernandez_img_0616,img_0616.jpg,naturaleza_y_bosques,ilustracion_plana_color,640,453,"Ilustración de bosque en el bosque, estilo plano a color",Vecteezy,raul_hernandez,0fac09636ebcd1ff5dd13341808eb2c44cc6e29e
raul_hernandez_img_0617,img_0617.jpg,naturaleza_y_bosques,ilustracion_plana_color,640,410,"Ilustración de árboles en la naturaleza, estilo plano a color",Vecteezy,raul_hernandez,b7c102bec0e5d870eea6742132fde0a7f34b9465
raul_hernandez_img_0618,img_0618.jpg,naturaleza_y_bosques,ilustracion_plana_color,640,362,"Ilustración de escena de naturaleza en la naturaleza, estilo plano a color",Vecteezy,raul_hernandez,3bb038062aa2faff30920bd4b366d28eaeaa979d
raul_hernandez_img_0619,img_0619.jpg,naturaleza_y_bosques,ilustracion_plana_color,640,433,"Ilustración de escena de naturaleza en la naturaleza, estilo caricatura",Vecteezy,raul_hernandez,e152a5e694410635747699a623a6853a59030788
raul_hernandez_img_0620,img_0620.jpg,naturaleza_y_bosques,ilustracion_plana_color,556,640,"Ilustración de paisaje invernal, estilo plano a color",Vecteezy,raul_hernandez,998857ca708ed1ad883b087f2eaa4a000c60a011
raul_hernandez_img_0621,img_0621.jpg,naturaleza_y_bosques,ilustracion_plana_color,488,640,"Ilustración de paisaje de invierno en la naturaleza, estilo caricatura",Vecteezy,raul_hernandez,b644f39786c1a0a8ea94aad72ed17e4861ce8eb6
raul_hernandez_img_0622,img_0622.jpg,naturaleza_y_bosques,ilustracion_plana_color,640,640,"Ilustración de paisaje invernal en la naturaleza, estilo caricatura",Vecteezy,raul_hernandez,e1d8e125dd9df77cec0e1513f24be7123ba5c092
raul_hernandez_img_0623,img_0623.jpg,naturaleza_y_bosques,ilustracion_plana_color,453,640,"Ilustración de escena de naturaleza en el bosque, estilo plano a color",Vecteezy,raul_hernandez,ad63150f69cc5696eed04955b83501b80a611e26
raul_hernandez_img_0624,img_0624.jpg,naturaleza_y_bosques,ilustracion_plana_color,640,491,"Ilustración de animal del bosque en la selva, estilo plano a color",Vecteezy,raul_hernandez,cd1dc9885c4b435e75d356643b04ee76650027ac
raul_hernandez_img_0625,img_0625.jpg,naturaleza_y_bosques,ilustracion_plana_color,503,640,"Ilustración de animal del bosque en la naturaleza, tierna",Vecteezy,raul_hernandez,a1ff5d5f2ce86ddb3b02862b865aba90a022e45d
raul_hernandez_img_0626,img_0626.jpg,naturaleza_y_bosques,ilustracion_plana_color,640,640,"Ilustración de escena de naturaleza en la naturaleza, estilo plano a color",Vecteezy,raul_hernandez,757a63c557499cc0f4fcec0e18205dfef37c32c2
raul_hernandez_img_0627,img_0627.jpg,naturaleza_y_bosques,ilustracion_plana_color,583,640,"Ilustración de árbol en la naturaleza, estilo caricatura",Vecteezy,raul_hernandez,37cab768f5ec6553cd22cc254341837b58b46c68
raul_hernandez_img_0628,img_0628.jpg,naturaleza_y_bosques,ilustracion_plana_color,640,640,"Ilustración de pájaros en el bosque, estilo caricatura",Vecteezy,raul_hernandez,38dd74a0213c0dbfea20f6a8158e5495e193f891
raul_hernandez_img_0629,img_0629.jpg,naturaleza_y_bosques,ilustracion_plana_color,533,640,"Ilustración de rana en la naturaleza, estilo caricatura",Vecteezy,raul_hernandez,6100a72ac24702ac33890a48031a74c2821f1b68
raul_hernandez_img_0630,img_0630.jpg,naturaleza_y_bosques,ilustracion_plana_color,480,640,"Ilustración de escena de naturaleza en la naturaleza, estilo plano a color",Vecteezy,raul_hernandez,05d1a7e95e4a13136188f704c6974ded0c6830c7
raul_hernandez_img_0631,img_0631.jpg,naturaleza_y_bosques,ilustracion_plana_color,640,640,"Ilustración de paisaje invernal en la naturaleza, estilo plano a color",Vecteezy,raul_hernandez,cffbbaacf1eab2fc75d3fa538068c8085b40dda9
raul_hernandez_img_0632,img_0632.jpg,naturaleza_y_bosques,ilustracion_plana_color,640,640,"Ilustración de paisaje invernal en la naturaleza, estilo plano a color",Vecteezy,raul_hernandez,3d2c3a230996b9ed438820798a3d6331af6c0646
raul_hernandez_img_0633,img_0633.jpg,naturaleza_y_bosques,ilustracion_plana_color,640,640,"Ilustración de bosque en la naturaleza, estilo plano a color",Vecteezy,raul_hernandez,8c55379b2757d977159fb3281eb9f30f10291fab
raul_hernandez_img_0634,img_0634.jpg,naturaleza_y_bosques,ilustracion_plana_color,453,640,"Ilustración de paisaje de otoño en la naturaleza, estilo caricatura",Vecteezy,raul_hernandez,a7cb9eea1704f86669cb7d8afe8c780779053be1
raul_hernandez_img_0635,img_0635.jpg,naturaleza_y_bosques,ilustracion_plana_color,640,640,"Ilustración de pájaro en verano, estilo caricatura",Vecteezy,raul_hernandez,74317fc70d5832e6354b6119b86ea0aa69a5e932
raul_hernandez_img_0636,img_0636.jpg,naturaleza_y_bosques,ilustracion_plana_color,640,426,"Ilustración de paisaje invernal, estilo plano a color",Vecteezy,raul_hernandez,b2db78be0e60cf6e478e5bb42807a28e9c1e419e
raul_hernandez_img_0637,img_0637.jpg,naturaleza_y_bosques,ilustracion_plana_color,640,606,"Ilustración de árbol en la naturaleza, estilo plano a color",Vecteezy,raul_hernandez,94e8e37e25d55263395308196d0f2fde35fe41e0
raul_hernandez_img_0638,img_0638.jpg,naturaleza_y_bosques,ilustracion_plana_color,640,357,"Ilustración de escena de naturaleza en la naturaleza, estilo caricatura",Vecteezy,raul_hernandez,7a0da2bf34f22f8cb0308385de841c3567b626c7
raul_hernandez_img_0639,img_0639.jpg,naturaleza_y_bosques,ilustracion_plana_color,640,360,"Ilustración de paisaje natural en la naturaleza, estilo plano a color",Vecteezy,raul_hernandez,73157d8ec976efdfbec7da9f776e51ecdc5e017b
raul_hernandez_img_0640,img_0640.jpg,naturaleza_y_bosques,ilustracion_plana_color,640,320,"Ilustración de naturaleza y bosque, estilo plano a color",Vecteezy,raul_hernandez,ccc9fbb45938da94fccb1cc9a4b389824b9b9d01
raul_hernandez_img_0641,img_0641.jpg,naturaleza_y_bosques,ilustracion_plana_color,640,353,"Ilustración de río junto al río, estilo caricatura",Vecteezy,raul_hernandez,a36004db6539a0774135f1b54bb7808683b6ba80
raul_hernandez_img_0642,img_0642.jpg,naturaleza_y_bosques,ilustracion_plana_color,640,326,"Ilustración de paisaje invernal en la naturaleza, estilo plano a color",Vecteezy,raul_hernandez,ec401f4e72e318c109ba92646453abd7e4338b01
raul_hernandez_img_0643,img_0643.jpg,naturaleza_y_bosques,ilustracion_plana_color,640,426,"Ilustración de paisaje natural en la naturaleza, estilo caricatura",Vecteezy,raul_hernandez,72f90b60e9d727d436b94b8be1211f849172de17
raul_hernandez_img_0644,img_0644.jpg,naturaleza_y_bosques,ilustracion_plana_color,640,427,"Ilustración de escena de naturaleza en la naturaleza, estilo caricatura",Vecteezy,raul_hernandez,16249eced9c7c1f6b8bfd75942a688fa7259341b
raul_hernandez_img_0645,img_0645.jpg,naturaleza_y_bosques,ilustracion_plana_color,457,640,"Ilustración de árbol, estilo caricatura",Vecteezy,raul_hernandez,f0114cede6d77e07c619b1bf7be8b3efa0500a5c
raul_hernandez_img_0646,img_0646.jpg,naturaleza_y_bosques,ilustracion_plana_color,640,360,"Ilustración de paisaje natural en la naturaleza, estilo plano a color",Vecteezy,raul_hernandez,2fec66af2f93d40ee046b2b9abbe661676b3a8f7
raul_hernandez_img_0647,img_0647.jpg,naturaleza_y_bosques,ilustracion_plana_color,640,329,"Ilustración de escena de naturaleza en la naturaleza, estilo plano a color",Vecteezy,raul_hernandez,59d3767f87acd917ec2b61579653a1af40d0cbc8
raul_hernandez_img_0648,img_0648.jpg,naturaleza_y_bosques,ilustracion_plana_color,640,640,"Ilustración de árbol en la naturaleza, ilustración",Vecteezy,raul_hernandez,dddfa6d7f2bb032fa330db7f58c598c807c4c155
raul_hernandez_img_0649,img_0649.jpg,naturaleza_y_bosques,ilustracion_plana_color,640,465,"Ilustración de árboles en el bosque, estilo plano a color",Vecteezy,raul_hernandez,cbdd1b6d596ce0017338a0ab2561a0f3adf435d6
raul_hernandez_img_0650,img_0650.jpg,naturaleza_y_bosques,ilustracion_plana_color,640,397,"Ilustración de paisaje de primavera, estilo plano a color",Vecteezy,raul_hernandez,cbac2fcc1798c77df9d4dca8d57661b676fd64af
raul_hernandez_img_0651,img_0651.jpg,naturaleza_y_bosques,ilustracion_plana_color,640,543,"Ilustración de bosque en el bosque, tierna",Vecteezy,raul_hernandez,1392204c0ad372f7ae50f58a7a4b40be8422b355
raul_hernandez_img_0652,img_0652.jpg,naturaleza_y_bosques,ilustracion_plana_color,640,461,"Ilustración de paisaje natural en la naturaleza, estilo plano a color",Vecteezy,raul_hernandez,2519c98a1b458e0f11de2ffe026f8b1ed6811fe5
raul_hernandez_img_0653,img_0653.jpg,naturaleza_y_bosques,ilustracion_plana_color,640,640,"Ilustración de naturaleza y bosque, estilo plano a color",Vecteezy,raul_hernandez,feded8ecf052350035edc20c5ad0c0d50728af3d
raul_hernandez_img_0654,img_0654.jpg,naturaleza_y_bosques,ilustracion_plana_color,640,370,"Ilustración de árboles en el bosque, estilo caricatura",Vecteezy,raul_hernandez,6121b1af76a7175c84fef3af197931a72114c259
raul_hernandez_img_0655,img_0655.jpg,naturaleza_y_bosques,ilustracion_plana_color,427,640,"Ilustración de cascada en la naturaleza, estilo plano a color",Vecteezy,raul_hernandez,8d81bb484642280365ecc9b0e25d485ad66f52bc
raul_hernandez_img_0656,img_0656.jpg,naturaleza_y_bosques,ilustracion_plana_color,640,427,"Ilustración de bosque en el bosque, estilo caricatura",Vecteezy,raul_hernandez,1ed283133f10313d96e560a8efde11a160ef66bc
raul_hernandez_img_0657,img_0657.jpg,naturaleza_y_bosques,ilustracion_plana_color,640,362,"Ilustración de naturaleza y bosque, estilo plano a color",Vecteezy,raul_hernandez,5687eba83bf5738a1839228b268f4950f106e75b
raul_hernandez_img_0658,img_0658.jpg,naturaleza_y_bosques,ilustracion_plana_color,640,376,"Ilustración de árboles en el bosque, estilo plano a color",Vecteezy,raul_hernandez,c32f90140af07c62dd2f787bf209099ea3176180
raul_hernandez_img_0659,img_0659.jpg,naturaleza_y_bosques,ilustracion_plana_color,640,555,"Ilustración de campamento en la naturaleza, estilo plano a color",Vecteezy,raul_hernandez,e9f8c41604cce1e6843602e68a1a09b167183a35
raul_hernandez_img_0660,img_0660.jpg,naturaleza_y_bosques,ilustracion_plana_color,640,458,"Ilustración de árboles, estilo plano a color",Vecteezy,raul_hernandez,4b618b2c6233d268bfc15f23b25ab5772e5d8a88
raul_hernandez_img_0661,img_0661.jpg,naturaleza_y_bosques,ilustracion_plana_color,640,640,"Ilustración de selva en la selva, estilo caricatura",Vecteezy,raul_hernandez,792e721b6ac021cd03f220abcafc0a55f09d278d
raul_hernandez_img_0662,img_0662.jpg,naturaleza_y_bosques,ilustracion_plana_color,640,490,"Ilustración de campamento en la naturaleza, estilo plano a color",Vecteezy,raul_hernandez,8bf1d5cb02ec27a09b666fa18e90b5d42f92ecbc
raul_hernandez_img_0663,img_0663.jpg,naturaleza_y_bosques,ilustracion_plana_color,618,640,"Ilustración de escena de naturaleza en la naturaleza, estilo plano a color",Vecteezy,raul_hernandez,b1da9998491764185ca537400e8a7556ed792599
raul_hernandez_img_0664,img_0664.jpg,naturaleza_y_bosques,ilustracion_plana_color,640,502,"Ilustración de flores, estilo plano a color",Vecteezy,raul_hernandez,40c07e048d6f98b80b5d7f4673163ecd2026392d
raul_hernandez_img_0665,img_0665.jpg,naturaleza_y_bosques,ilustracion_plana_color,640,427,"Ilustración de paisaje natural, estilo plano a color",Vecteezy,raul_hernandez,8a1c8dc1249d850fb98c2493eb4b3874e6e756c2
raul_hernandez_img_0666,img_0666.jpg,naturaleza_y_bosques,ilustracion_plana_color,640,640,"Ilustración de árbol en el bosque, estilo plano a color",Vecteezy,raul_hernandez,7378cc38459555bc83a3fb38a8a5c46bd98a1d27
raul_hernandez_img_0667,img_0667.jpg,naturaleza_y_bosques,ilustracion_plana_color,640,640,"Ilustración de escena de naturaleza en la naturaleza, colorida",Vecteezy,raul_hernandez,b2a1a75dec852bf3289a2d01f385345f0b38f916
raul_hernandez_img_0668,img_0668.jpg,naturaleza_y_bosques,ilustracion_plana_color,640,351,"Ilustración de naturaleza y bosque, estilo plano a color",Vecteezy,raul_hernandez,a85d2b5c5f9fdc5debb5b779165207bcc79551b6
raul_hernandez_img_0669,img_0669.jpg,naturaleza_y_bosques,ilustracion_plana_color,640,373,"Ilustración de paisaje natural en la naturaleza, estilo plano a color",Vecteezy,raul_hernandez,3c86772e54dbaa9c05cce5fcc4f448c978362936
raul_hernandez_img_0670,img_0670.jpg,naturaleza_y_bosques,ilustracion_plana_color,640,360,"Ilustración de escena de naturaleza en la montaña, estilo plano a color",Vecteezy,raul_hernandez,6e078c6b574935ab21c296c6beb97cb3ccb3d245
raul_hernandez_img_0671,img_0671.jpg,naturaleza_y_bosques,ilustracion_plana_color,640,640,"Ilustración de naturaleza y bosque, estilo plano a color",Vecteezy,raul_hernandez,e7250ab4d6ae556b69af0f3bc3b09c2f56ad258a
raul_hernandez_img_0672,img_0672.jpg,naturaleza_y_bosques,ilustracion_plana_color,640,640,"Ilustración de naturaleza y bosque, estilo plano a color",Vecteezy,raul_hernandez,219603e29bc7932729c063ccc9b78c12388b9437
raul_hernandez_img_0673,img_0673.jpg,naturaleza_y_bosques,ilustracion_plana_color,640,432,"Ilustración de naturaleza y bosque, estilo plano a color",Vecteezy,raul_hernandez,8870ceef1770ba0d70462bbd9c61f8848a8eb57f
raul_hernandez_img_0674,img_0674.jpg,naturaleza_y_bosques,ilustracion_plana_color,427,640,"Ilustración de naturaleza y bosque, estilo plano a color",Vecteezy,raul_hernandez,003fccc41e9641ada72f2817889729642e0ba0c2
raul_hernandez_img_0675,img_0675.jpg,naturaleza_y_bosques,ilustracion_plana_color,640,391,"Ilustración de escena de naturaleza en la naturaleza, estilo plano a color",Vecteezy,raul_hernandez,5ffe7e0e18b54a69e64a964d1873ee2cf689d4e5
raul_hernandez_img_0676,img_0676.jpg,naturaleza_y_bosques,ilustracion_plana_color,640,428,"Ilustración de naturaleza y bosque, estilo plano a color",Vecteezy,raul_hernandez,c6df18e20cfc4ff301fd555e15a6da91ac2a26a3
raul_hernandez_img_0677,img_0677.jpg,naturaleza_y_bosques,ilustracion_plana_color,640,237,"Ilustración de paisaje de invierno en la naturaleza, estilo plano a color",Vecteezy,raul_hernandez,4dc6272e8ca8a5cc58b2cf5a2694130839f39e7e
raul_hernandez_img_0678,img_0678.jpg,naturaleza_y_bosques,ilustracion_plana_color,639,640,"Ilustración de naturaleza y bosque, estilo plano a color",Vecteezy,raul_hernandez,a9e488bc5dc90392e2a43cf1bb45c09f55155c89
raul_hernandez_img_0679,img_0679.jpg,naturaleza_y_bosques,ilustracion_plana_color,640,640,"Ilustración de naturaleza y bosque, estilo plano a color",Vecteezy,raul_hernandez,eea6a4b34c17a3ffba7ae738b0c2854de1a31325
raul_hernandez_img_0680,img_0680.jpg,naturaleza_y_bosques,ilustracion_plana_color,640,640,"Ilustración de árbol en la naturaleza, estilo caricatura",Vecteezy,raul_hernandez,7e0421c879ec0e2c1e7c7e404efd29f068bdf6fb
raul_hernandez_img_0681,img_0681.jpg,naturaleza_y_bosques,ilustracion_plana_color,640,448,"Ilustración de escena de naturaleza en la naturaleza, estilo plano a color",Vecteezy,raul_hernandez,7f6891ac83d8498dac7df4b179b245931c67b44c
raul_hernandez_img_0682,img_0682.jpg,naturaleza_y_bosques,ilustracion_plana_color,640,427,"Ilustración de escena de naturaleza en la naturaleza, estilo caricatura",Vecteezy,raul_hernandez,30e86929a37fb6ce6699eeb619d70176fb0b99d5
raul_hernandez_img_0683,img_0683.jpg,naturaleza_y_bosques,ilustracion_plana_color,640,351,"Ilustración de montañas en la naturaleza, estilo caricatura",Vecteezy,raul_hernandez,e1021dba3c23e49b3a027d39606a45c1acbf441c
raul_hernandez_img_0684,img_0684.jpg,naturaleza_y_bosques,ilustracion_plana_color,640,640,"Ilustración de oso en primavera, estilo plano a color",Vecteezy,raul_hernandez,b2d96e64821d872c282df1f822e4fc4146e05db5
raul_hernandez_img_0685,img_0685.jpg,naturaleza_y_bosques,ilustracion_plana_color,640,427,"Ilustración de montañas en la naturaleza, estilo plano a color",Vecteezy,raul_hernandez,9122c3cd793ff9d3bdd50563eacb4e520a913f1b
raul_hernandez_img_0686,img_0686.jpg,naturaleza_y_bosques,ilustracion_plana_color,456,640,"Ilustración de selva en la selva, estilo plano a color",Vecteezy,raul_hernandez,fa46d7a9d1b783f8ece8069637df6acb94626c30
raul_hernandez_img_0687,img_0687.jpg,naturaleza_y_bosques,ilustracion_plana_color,640,470,"Ilustración de escena de naturaleza en la naturaleza, estilo plano a color",Vecteezy,raul_hernandez,b00df7bd6d11e6119a7ca8ef89cda59d23a82cad
raul_hernandez_img_0688,img_0688.jpg,naturaleza_y_bosques,ilustracion_plana_color,640,427,"Ilustración de pasto en la pradera, estilo plano a color",Vecteezy,raul_hernandez,5de0f84a225b7c261b27da790c8b21f18982e501
raul_hernandez_img_0689,img_0689.jpg,naturaleza_y_bosques,ilustracion_plana_color,638,640,"Ilustración de animal del bosque, tierna",Vecteezy,raul_hernandez,1a2f97c4d5b2c01d82f59b18703f56a885943769
raul_hernandez_img_0690,img_0690.jpg,naturaleza_y_bosques,ilustracion_plana_color,437,640,"Ilustración de selva en la selva, estilo plano a color",Vecteezy,raul_hernandez,62e4e8089c3d1c21c478e133e6d9ce2d214563d8
raul_hernandez_img_0691,img_0691.jpg,naturaleza_y_bosques,ilustracion_plana_color,640,640,"Ilustración de paisaje de invierno en invierno, estilo plano a color",Vecteezy,raul_hernandez,8cc43527047d054ba4729f7bbd363cc6962f0459
raul_hernandez_img_0692,img_0692.jpg,naturaleza_y_bosques,ilustracion_plana_color,640,340,"Ilustración de naturaleza y bosque, estilo plano a color",Vecteezy,raul_hernandez,36076ae867c389ec0d456b6f3daae06fdfba869f
raul_hernandez_img_0693,img_0693.jpg,naturaleza_y_bosques,ilustracion_plana_color,640,427,"Ilustración de árboles en la naturaleza, estilo plano a color",Vecteezy,raul_hernandez,c5c13dc6c327c6d092c6a540fe1df916a45d8f18
raul_hernandez_img_0694,img_0694.jpg,naturaleza_y_bosques,ilustracion_plana_color,640,500,"Ilustración de animal del bosque en la naturaleza, estilo plano a color",Vecteezy,raul_hernandez,8063c0ce042ad112521a8a3e37cccc396d04ea72
raul_hernandez_img_0695,img_0695.jpg,naturaleza_y_bosques,ilustracion_plana_color,304,640,"Ilustración de árbol en la naturaleza, estilo caricatura",Vecteezy,raul_hernandez,481be435327a440c96a2ea98c87c987724580a3e
raul_hernandez_img_0696,img_0696.jpg,naturaleza_y_bosques,ilustracion_plana_color,640,639,"Ilustración de animal del bosque en otoño, estilo plano a color",Vecteezy,raul_hernandez,e1e5a9cbcdcc27edb0b025882667ad57d0f5bbd7
raul_hernandez_img_0697,img_0697.jpg,naturaleza_y_bosques,ilustracion_plana_color,640,547,"Ilustración de montaña junto al lago, estilo plano a color",Vecteezy,raul_hernandez,4da2647944de63f780dac81269a7e0bda548994c
raul_hernandez_img_0698,img_0698.jpg,naturaleza_y_bosques,ilustracion_plana_color,543,640,"Ilustración de paisaje invernal en invierno, estilo plano a color",Vecteezy,raul_hernandez,8312829b6bb742310caef78929bb583758c6d37c
raul_hernandez_img_0699,img_0699.jpg,naturaleza_y_bosques,ilustracion_plana_color,640,369,"Ilustración de paisaje invernal en invierno, estilo plano a color",Vecteezy,raul_hernandez,b306bedaefd3e2c134ed741eed790f318f90ac9e
raul_hernandez_img_0700,img_0700.jpg,naturaleza_y_bosques,ilustracion_plana_color,640,640,"Ilustración de ardilla en el bosque, estilo plano a color",Vecteezy,raul_hernandez,f0fa119535e79c883a29c26fb0bead7ee6bd351f
raul_hernandez_img_0701,img_0701.jpg,naturaleza_y_bosques,ilustracion_plana_color,640,463,"Ilustración de estanque en la naturaleza, estilo plano a color",Vecteezy,raul_hernandez,f32d60ec9fadfd7d7c33914d1f0f2c26f149d3cf
raul_hernandez_img_0702,img_0702.jpg,naturaleza_y_bosques,ilustracion_plana_color,640,393,"Ilustración de árbol en la naturaleza, estilo plano a color",Vecteezy,raul_hernandez,4d1e7efe9ad2394988be4162396e8f5830fd8014
raul_hernandez_img_0703,img_0703.jpg,naturaleza_y_bosques,ilustracion_plana_color,640,427,"Ilustración de campamento en la naturaleza, estilo caricatura",Vecteezy,raul_hernandez,48c78601ba9707a8ab0221eeee344123ef2953f6
raul_hernandez_img_0704,img_0704.jpg,naturaleza_y_bosques,ilustracion_plana_color,640,321,"Ilustración de pasto en la naturaleza, estilo plano a color",Vecteezy,raul_hernandez,1f512978bf6a50707a51b8f902cd82c6a8fb0a42
raul_hernandez_img_0705,img_0705.jpg,naturaleza_y_bosques,ilustracion_plana_color,640,463,"Ilustración de escena de naturaleza en la naturaleza, estilo plano a color",Vecteezy,raul_hernandez,badcb3546aed5c9fd454215814dd358ab9524118
raul_hernandez_img_0706,img_0706.jpg,naturaleza_y_bosques,ilustracion_plana_color,640,435,"Ilustración de escena de naturaleza en la naturaleza, colorida",Vecteezy,raul_hernandez,2b26efc555a89ef48baaca70c378ed92cf2b082f
raul_hernandez_img_0707,img_0707.jpg,naturaleza_y_bosques,ilustracion_plana_color,430,640,"Ilustración de naturaleza y bosque, estilo plano a color",Vecteezy,raul_hernandez,e55186bc3229aa203f1711be64bddf417aed0c12
raul_hernandez_img_0708,img_0708.jpg,naturaleza_y_bosques,ilustracion_plana_color,640,640,"Ilustración de naturaleza y bosque, estilo caricatura",Vecteezy,raul_hernandez,fd60ace30e969946d1b25ee3d18e0255c8a68db7
raul_hernandez_img_0709,img_0709.jpg,naturaleza_y_bosques,ilustracion_plana_color,640,608,"Ilustración de árboles en la naturaleza, estilo plano a color",Vecteezy,raul_hernandez,4e5631cbaff8aa406517602ccc5351bb26d0b765
raul_hernandez_img_0710,img_0710.jpg,naturaleza_y_bosques,ilustracion_plana_color,640,640,"Ilustración de naturaleza y bosque, estilo plano a color",Vecteezy,raul_hernandez,bba2b222ebd63b8f6c3fd2bebb07015baf891747
raul_hernandez_img_0711,img_0711.jpg,naturaleza_y_bosques,ilustracion_plana_color,640,482,"Ilustración de pájaro en la naturaleza, estilo plano a color",Vecteezy,raul_hernandez,d8c0575939e0ba2e44672d5026660a778d284e19
raul_hernandez_img_0712,img_0712.jpg,naturaleza_y_bosques,ilustracion_plana_color,640,640,"Ilustración de árboles en la naturaleza, estilo plano a color",Vecteezy,raul_hernandez,d3fd8851f9ae65acb381551911e16d474cb8886c
raul_hernandez_img_0713,img_0713.jpg,naturaleza_y_bosques,ilustracion_plana_color,640,640,"Ilustración de naturaleza y bosque, estilo caricatura",Vecteezy,raul_hernandez,850e8261989bf73479acab2f4953cea79521dca3
raul_hernandez_img_0714,img_0714.jpg,naturaleza_y_bosques,ilustracion_plana_color,640,484,"Ilustración de flor, estilo plano a color",Vecteezy,raul_hernandez,640454c82f8fcf5e22beb913c9a15542ef38261c
raul_hernandez_img_0715,img_0715.jpg,naturaleza_y_bosques,ilustracion_plana_color,378,640,"Ilustración de árbol en la naturaleza, estilo plano a color",Vecteezy,raul_hernandez,ef926f12b759efe756e5511d4e01113f122ff5a9
raul_hernandez_img_0716,img_0716.jpg,naturaleza_y_bosques,ilustracion_plana_color,516,640,"Ilustración de árbol en la naturaleza, estilo plano a color",Vecteezy,raul_hernandez,10afcd346a94d8266d8b3157c9cc72b928e9bc3b
raul_hernandez_img_0717,img_0717.jpg,naturaleza_y_bosques,ilustracion_plana_color,459,640,"Ilustración de escena de naturaleza en la naturaleza, estilo plano a color",Vecteezy,raul_hernandez,76e32ecc51ffc53b9a764e6a11fb1982cb4731eb
raul_hernandez_img_0718,img_0718.jpg,naturaleza_y_bosques,ilustracion_plana_color,640,640,"Ilustración de naturaleza y bosque, estilo plano a color",Vecteezy,raul_hernandez,379b147c7bd2312549d5cb510141ae49da06cd23
raul_hernandez_img_0719,img_0719.jpg,naturaleza_y_bosques,ilustracion_plana_color,610,640,"Ilustración de bosque en la montaña, estilo plano a color",Vecteezy,raul_hernandez,7a461a2d554d2363096e44695702d280af5c2f7f
raul_hernandez_img_0720,img_0720.jpg,naturaleza_y_bosques,ilustracion_plana_color,433,640,"Ilustración de escena de naturaleza en la naturaleza, estilo plano a color",Vecteezy,raul_hernandez,17f7a9745a691b50eadf3f3e06c32cbd58c284f1
raul_hernandez_img_0721,img_0721.jpg,naturaleza_y_bosques,ilustracion_plana_color,640,640,"Ilustración de oso, tierna",Vecteezy,raul_hernandez,198e21b4105eff23d99954ac33a1a23553e718b9
raul_hernandez_img_0722,img_0722.jpg,naturaleza_y_bosques,ilustracion_plana_color,640,640,"Ilustración de zorro, estilo plano a color",Vecteezy,raul_hernandez,da6504262a77b7df647965b24efd607e6017a35b
raul_hernandez_img_0723,img_0723.jpg,naturaleza_y_bosques,ilustracion_plana_color,640,486,"Ilustración de escena de naturaleza en la naturaleza, estilo caricatura",Vecteezy,raul_hernandez,d153cca79b7b2b3cdcdf3d67c750ccbe3f9d841f
raul_hernandez_img_0724,img_0724.jpg,naturaleza_y_bosques,ilustracion_plana_color,640,640,"Ilustración de ciervo en el bosque, estilo plano a color",Vecteezy,raul_hernandez,8a53c597f2f128da6c2354a52be57b909988cf9a
raul_hernandez_img_0725,img_0725.jpg,naturaleza_y_bosques,ilustracion_plana_color,625,640,"Ilustración de paisaje de verano en verano, estilo plano a color",Vecteezy,raul_hernandez,4619bbe0a78ddf38cee39bc675543321842202d7
raul_hernandez_img_0726,img_0726.jpg,naturaleza_y_bosques,ilustracion_plana_color,359,640,"Ilustración de árbol en la naturaleza, tierna",Vecteezy,raul_hernandez,e18d8a3d6fd9e8e86c755a10e65f9ad1f1dbe975
raul_hernandez_img_0727,img_0727.jpg,naturaleza_y_bosques,ilustracion_plana_color,371,640,"Ilustración de árbol en la naturaleza, estilo plano a color",Vecteezy,raul_hernandez,1770656962e4252f61c75270152b2ce9e8f60b18
raul_hernandez_img_0728,img_0728.jpg,naturaleza_y_bosques,ilustracion_plana_color,640,360,"Ilustración de naturaleza y bosque, estilo plano a color",Vecteezy,raul_hernandez,cb670af505673c3067f6f688bb03ed28fab40c25
raul_hernandez_img_0729,img_0729.jpg,naturaleza_y_bosques,ilustracion_plana_color,640,608,"Ilustración de árbol en el bosque, estilo plano a color",Vecteezy,raul_hernandez,553234753641d50302a9c371c38e4a2fefe0c1ed
raul_hernandez_img_0730,img_0730.jpg,naturaleza_y_bosques,ilustracion_plana_color,640,434,"Ilustración de animal del bosque en la naturaleza, estilo plano a color",Vecteezy,raul_hernandez,8208403cafbcc55c7abdb5201518bb4f99dcf821
raul_hernandez_img_0731,img_0731.jpg,naturaleza_y_bosques,ilustracion_plana_color,640,545,"Ilustración de paisaje, estilo plano a color",Vecteezy,raul_hernandez,770e6d190d253c2cc18d8b75824c420325c9b5a7
raul_hernandez_img_0732,img_0732.jpg,naturaleza_y_bosques,ilustracion_plana_color,469,640,"Ilustración de árboles en la naturaleza, estilo plano a color",Vecteezy,raul_hernandez,b012599e4c2b7016c6ed05d598ae25c1a81e2465
raul_hernandez_img_0733,img_0733.jpg,naturaleza_y_bosques,ilustracion_plana_color,640,358,"Ilustración de árbol en la naturaleza, estilo caricatura",Vecteezy,raul_hernandez,78f3dad8e2b8e27a8ea38d13088659721cb8023f
raul_hernandez_img_0734,img_0734.jpg,naturaleza_y_bosques,ilustracion_plana_color,479,640,"Ilustración de árbol en la naturaleza, estilo caricatura",Vecteezy,raul_hernandez,e7b20d56547a674505138236e72d3175134ccb31
raul_hernandez_img_0735,img_0735.jpg,naturaleza_y_bosques,ilustracion_plana_color,640,437,"Ilustración de insecto en la naturaleza, estilo plano a color",Vecteezy,raul_hernandez,2a1d0aa548164eed83d98b47c39b89c95f58fa71
raul_hernandez_img_0736,img_0736.jpg,naturaleza_y_bosques,ilustracion_plana_color,640,371,"Ilustración de paisaje invernal en invierno, estilo plano a color",Vecteezy,raul_hernandez,2700449d96dedfe19bba6bb2406da6823f610056
raul_hernandez_img_0737,img_0737.jpg,naturaleza_y_bosques,ilustracion_plana_color,518,640,"Ilustración de naturaleza y bosque, estilo plano a color",Vecteezy,raul_hernandez,81187bf70ca8daf833fdb77f524234611468372f
raul_hernandez_img_0738,img_0738.jpg,naturaleza_y_bosques,ilustracion_plana_color,640,453,"Ilustración de paisaje invernal en la naturaleza, estilo caricatura",Vecteezy,raul_hernandez,8fadbafef945e5835890028d83025cc1639d4525
raul_hernandez_img_0739,img_0739.jpg,naturaleza_y_bosques,ilustracion_plana_color,516,640,"Ilustración de paisaje invernal, estilo plano a color",Vecteezy,raul_hernandez,2366fe4098b4ec7aacb69a74a07d8b696bf06865
raul_hernandez_img_0740,img_0740.jpg,naturaleza_y_bosques,ilustracion_plana_color,417,640,"Ilustración de flor en la naturaleza, estilo caricatura",Vecteezy,raul_hernandez,009c8a16f8224d6c2b740c7e0cf3053f7b8defda
raul_hernandez_img_0741,img_0741.jpg,naturaleza_y_bosques,ilustracion_plana_color,640,581,"Ilustración de bosque en el bosque, estilo plano a color",Vecteezy,raul_hernandez,9ab1668d3699a3b0506d6a68b48e40181a9e55da
raul_hernandez_img_0742,img_0742.jpg,naturaleza_y_bosques,ilustracion_plana_color,640,438,"Ilustración de rama en la naturaleza, estilo plano a color",Vecteezy,raul_hernandez,ac17482c9965c7b8d5132ebde226dc62e6e1182f
raul_hernandez_img_0743,img_0743.jpg,naturaleza_y_bosques,ilustracion_plana_color,640,395,"Ilustración de árbol en la naturaleza, estilo caricatura",Vecteezy,raul_hernandez,63f7a7a6cd35195adcdef55cad3cdaba3c808957
raul_hernandez_img_0744,img_0744.jpg,naturaleza_y_bosques,ilustracion_plana_color,581,640,"Ilustración de paisaje de primavera en primavera, estilo plano a color",Vecteezy,raul_hernandez,360aebd3965756049f364863b5327a107c668414
raul_hernandez_img_0745,img_0745.jpg,naturaleza_y_bosques,ilustracion_plana_color,463,640,"Ilustración de escena de naturaleza en la naturaleza, colorida",Vecteezy,raul_hernandez,4832d6b9896b7f8c6367d3a11a86ba88fc50e5cb
raul_hernandez_img_0746,img_0746.jpg,naturaleza_y_bosques,ilustracion_plana_color,463,640,"Ilustración de escena de naturaleza en la naturaleza, estilo plano a color",Vecteezy,raul_hernandez,170857331bd466daca98db742b703742f4527645
raul_hernandez_img_0747,img_0747.jpg,naturaleza_y_bosques,ilustracion_plana_color,640,465,"Ilustración de paisaje natural en la naturaleza, estilo caricatura",Vecteezy,raul_hernandez,163bdc0535dcab92814c39cd45623e8b9b77a6c5
raul_hernandez_img_0748,img_0748.jpg,naturaleza_y_bosques,ilustracion_plana_color,349,640,"Ilustración de árbol en la naturaleza, estilo caricatura",Vecteezy,raul_hernandez,a153c915926e3d64dda8cf2842f2d050aa6f29fd
raul_hernandez_img_0749,img_0749.jpg,naturaleza_y_bosques,ilustracion_plana_color,640,640,"Ilustración de naturaleza y bosque, estilo plano a color",Vecteezy,raul_hernandez,5b5004ec27c22d2cb005d7f1085c8e1e7687d7d1
raul_hernandez_img_0750,img_0750.jpg,naturaleza_y_bosques,ilustracion_plana_color,640,640,"Ilustración de búho en la naturaleza, tierna",Vecteezy,raul_hernandez,f057445842947267d732fa86802995a73fb0bc9a
raul_hernandez_img_0751,img_0751.jpg,naturaleza_y_bosques,ilustracion_plana_color,640,453,"Ilustración de escena de naturaleza en la naturaleza, estilo plano a color",Vecteezy,raul_hernandez,721c5d601c7246cd98f4d537aaab8b29110fb527
raul_hernandez_img_0752,img_0752.jpg,naturaleza_y_bosques,ilustracion_plana_color,611,640,"Ilustración de paisaje invernal en la naturaleza, estilo plano a color",Vecteezy,raul_hernandez,946a4c366bb65ff06c070473d956502a55719e3d
raul_hernandez_img_0753,img_0753.jpg,naturaleza_y_bosques,ilustracion_plana_color,427,640,"Ilustración de escena de naturaleza en la naturaleza, estilo plano a color",Vecteezy,raul_hernandez,9499e5bc3efc03650746ab28bc4a11a22d10f60d
raul_hernandez_img_0754,img_0754.jpg,naturaleza_y_bosques,ilustracion_plana_color,640,566,"Ilustración de animal del bosque en la naturaleza, tierna",Vecteezy,raul_hernandez,c17b7806182dddc9a9a252f2286557c423e2f30c
raul_hernandez_img_0755,img_0755.jpg,naturaleza_y_bosques,ilustracion_plana_color,390,640,"Ilustración de árbol, estilo plano a color",Vecteezy,raul_hernandez,0530a71cec95bbeb464b62aa9a777dc3d38e31f5
raul_hernandez_img_0756,img_0756.jpg,naturaleza_y_bosques,ilustracion_plana_color,390,640,"Ilustración de árbol en la naturaleza, estilo caricatura",Vecteezy,raul_hernandez,cb4a777829bc2fded427ccb97aea7e2003594451
raul_hernandez_img_0757,img_0757.jpg,naturaleza_y_bosques,ilustracion_plana_color,640,406,"Ilustración de pájaro, estilo plano a color",Vecteezy,raul_hernandez,695bf59512cfa7e9b383d578d3176b56b0a33536
raul_hernandez_img_0758,img_0758.jpg,naturaleza_y_bosques,ilustracion_plana_color,581,640,"Ilustración de paisaje de primavera en primavera, estilo plano a color",Vecteezy,raul_hernandez,db88e21ce415d8b500c47505d2ca909f4504602e
raul_hernandez_img_0759,img_0759.jpg,naturaleza_y_bosques,ilustracion_plana_color,513,640,"Ilustración de árbol en la naturaleza, estilo caricatura",Vecteezy,raul_hernandez,c216905f84ee7cd362719b33879c7d630f6f2ce3
raul_hernandez_img_0760,img_0760.jpg,naturaleza_y_bosques,ilustracion_plana_color,640,486,"Ilustración de árboles en la naturaleza, estilo caricatura",Vecteezy,raul_hernandez,6aee80688eba3df243cd1c53e3291686bfd014b8
raul_hernandez_img_0761,img_0761.jpg,naturaleza_y_bosques,ilustracion_plana_color,640,320,"Ilustración de rana junto al río, estilo plano a color",Vecteezy,raul_hernandez,c310349f8df34235db86238b839932ad94f7765d
raul_hernandez_img_0762,img_0762.jpg,naturaleza_y_bosques,ilustracion_plana_color,640,466,"Ilustración de naturaleza y bosque, tierna",Vecteezy,raul_hernandez,ecbf9e9fde67546bbbde48672522eb0e47d62366
raul_hernandez_img_0763,img_0763.jpg,naturaleza_y_bosques,ilustracion_plana_color,640,582,"Ilustración de árbol en la naturaleza, estilo caricatura",Vecteezy,raul_hernandez,f04ec211b9ce8559d80f4871927a46ffbcd8f97a
raul_hernandez_img_0764,img_0764.jpg,naturaleza_y_bosques,ilustracion_plana_color,335,640,"Ilustración de árbol en la naturaleza, estilo plano a color",Vecteezy,raul_hernandez,9e2d0af7ac5068653a24c460471cd0c4a096c0fe
raul_hernandez_img_0765,img_0765.jpg,naturaleza_y_bosques,ilustracion_plana_color,427,640,"Ilustración de naturaleza y bosque, estilo plano a color",Vecteezy,raul_hernandez,dbd7d2488d186eefda846550c81f933f0fb63b52
raul_hernandez_img_0766,img_0766.jpg,naturaleza_y_bosques,ilustracion_plana_color,640,640,"Ilustración de árbol en la naturaleza, estilo plano a color",Vecteezy,raul_hernandez,abba8803480b68bcee21b92150d971463b8ede9e
raul_hernandez_img_0767,img_0767.jpg,naturaleza_y_bosques,ilustracion_plana_color,640,605,"Ilustración de árbol en el bosque, estilo plano a color",Vecteezy,raul_hernandez,f848f5ef2b8abbaa754676b04bf9dbdf536cf784
raul_hernandez_img_0768,img_0768.jpg,naturaleza_y_bosques,ilustracion_plana_color,439,640,"Ilustración de selva en la selva, estilo plano a color",Vecteezy,raul_hernandez,2285970c7b61d211354b05fb7bfecbdd29956d49
raul_hernandez_img_0769,img_0769.jpg,naturaleza_y_bosques,ilustracion_plana_color,640,640,"Ilustración de escena de naturaleza en la naturaleza, ilustración",Vecteezy,raul_hernandez,d863aabee7e3566b2fa8af5c70d05ae7c91dee5b
raul_hernandez_img_0770,img_0770.jpg,naturaleza_y_bosques,ilustracion_plana_color,640,360,"Ilustración de árboles en la naturaleza, estilo plano a color",Vecteezy,raul_hernandez,c0c8e5c94a87f709bb31ec6a516af9c9e07152d6
raul_hernandez_img_0771,img_0771.jpg,naturaleza_y_bosques,ilustracion_plana_color,640,464,"Ilustración de paisaje invernal en invierno, estilo plano a color",Vecteezy,raul_hernandez,faaac720b489599114d8c9cf0ee58d861e8b2948
raul_hernandez_img_0772,img_0772.jpg,naturaleza_y_bosques,ilustracion_plana_color,360,640,"Ilustración de árbol en la naturaleza, estilo plano a color",Vecteezy,raul_hernandez,60290efcf520b64da0b3db5f87678c49f8aff25f
raul_hernandez_img_0773,img_0773.jpg,naturaleza_y_bosques,ilustracion_plana_color,640,619,"Ilustración de rama en la naturaleza, estilo plano a color",Vecteezy,raul_hernandez,9cb73740d0a9a5e457a774e839aefddc4bb76e61
raul_hernandez_img_0774,img_0774.jpg,naturaleza_y_bosques,ilustracion_plana_color,640,149,"Ilustración de escena de naturaleza en la naturaleza, estilo plano a color",Vecteezy,raul_hernandez,a6108bebd723e34ac6295e106af72c6f86a3d9f0
raul_hernandez_img_0775,img_0775.jpg,naturaleza_y_bosques,ilustracion_plana_color,392,640,"Ilustración de oso en la naturaleza, estilo plano a color",Vecteezy,raul_hernandez,879926502aeadc50ac73bfcc70f3fc1565f4c57d
raul_hernandez_img_0776,img_0776.jpg,naturaleza_y_bosques,ilustracion_plana_color,640,475,"Ilustración de pájaros en la naturaleza, estilo caricatura",Vecteezy,raul_hernandez,34e030fb987ca3b1876b7d05cb284a42ceba71d8
raul_hernandez_img_0777,img_0777.jpg,naturaleza_y_bosques,ilustracion_plana_color,640,360,"Ilustración de paisaje natural, estilo caricatura",Vecteezy,raul_hernandez,a84cb4213978af07176ed0b78115e871f6e620a6
raul_hernandez_img_0778,img_0778.jpg,naturaleza_y_bosques,ilustracion_plana_color,531,640,"Ilustración de ardilla en la naturaleza, tierna",Vecteezy,raul_hernandez,4dd94ba0a6202d5fd129021ede691c3bf469e68e
raul_hernandez_img_0779,img_0779.jpg,naturaleza_y_bosques,ilustracion_plana_color,640,640,"Ilustración de paisaje invernal, estilo plano a color",Vecteezy,raul_hernandez,734f9a23b149f7ec809bf16cb5ca29830cff4e3b
raul_hernandez_img_0780,img_0780.jpg,naturaleza_y_bosques,ilustracion_plana_color,640,448,"Ilustración de paisaje invernal en la naturaleza, estilo plano a color",Vecteezy,raul_hernandez,bd9ba78f0161efa94f3aeaa6b3771c384ad87a34
raul_hernandez_img_0781,img_0781.jpg,naturaleza_y_bosques,ilustracion_plana_color,480,640,"Ilustración de paisaje invernal en invierno, estilo plano a color",Vecteezy,raul_hernandez,6014da453599a4177c7c0fa93b1c91ae543cb342
raul_hernandez_img_0782,img_0782.jpg,naturaleza_y_bosques,ilustracion_plana_color,488,640,"Ilustración de paisaje invernal, estilo plano a color",Vecteezy,raul_hernandez,a1bfe48398b04578479fa753e9e5e9fe364425ca
raul_hernandez_img_0783,img_0783.jpg,naturaleza_y_bosques,ilustracion_plana_color,640,469,"Ilustración de árbol, estilo plano a color",Vecteezy,raul_hernandez,9c49a42d9dd2cb0e7756bc10741b5c4d6e886b1a
raul_hernandez_img_0784,img_0784.jpg,naturaleza_y_bosques,ilustracion_plana_color,524,640,"Ilustración de escena de naturaleza en la naturaleza, estilo plano a color",Vecteezy,raul_hernandez,440c265c731bf523a53926746bc4722c5e10fffe
raul_hernandez_img_0785,img_0785.jpg,naturaleza_y_bosques,ilustracion_plana_color,640,412,"Ilustración de árbol en la naturaleza, estilo caricatura",Vecteezy,raul_hernandez,2fe086679b86619bbb61498f1f2c95fa433e4124
raul_hernandez_img_0786,img_0786.jpg,naturaleza_y_bosques,ilustracion_plana_color,640,640,"Ilustración de naturaleza y bosque, estilo plano a color",Vecteezy,raul_hernandez,cbc2a3efd60c2d1f6858c688c5e604c1c85f3a36
raul_hernandez_img_0787,img_0787.jpg,naturaleza_y_bosques,ilustracion_plana_color,452,640,"Ilustración de escena de naturaleza en la naturaleza, estilo plano a color",Vecteezy,raul_hernandez,7bf8bbc0815965fd6eeb6b0ce2fe97ed31afb612
raul_hernandez_img_0788,img_0788.jpg,naturaleza_y_bosques,ilustracion_plana_color,354,640,"Ilustración de búho, estilo plano a color",Vecteezy,raul_hernandez,1c725fa1c9d0f56e5bce0fab547fe442824098d3
raul_hernandez_img_0789,img_0789.jpg,naturaleza_y_bosques,ilustracion_plana_color,640,640,"Ilustración de paisaje invernal, estilo plano a color",Vecteezy,raul_hernandez,61dfaf8dd4ff0f576942f5491600a9cc22f73db6
raul_hernandez_img_0790,img_0790.jpg,naturaleza_y_bosques,ilustracion_plana_color,640,640,"Ilustración de paisaje invernal en la naturaleza, estilo plano a color",Vecteezy,raul_hernandez,78aac46730da6d4a0d1ffcbb8063bfaa793f285a
raul_hernandez_img_0791,img_0791.jpg,naturaleza_y_bosques,ilustracion_plana_color,640,363,"Ilustración de árbol en la naturaleza, estilo caricatura",Vecteezy,raul_hernandez,f8c0c17a7ffccbd130ff22ecd16b10e654032b60
raul_hernandez_img_0792,img_0792.jpg,naturaleza_y_bosques,ilustracion_plana_color,392,640,"Ilustración de árbol en la naturaleza, estilo caricatura",Vecteezy,raul_hernandez,8a5c2ad35103ec2ddc7fc8e73561e8d502ca1cb2
raul_hernandez_img_0793,img_0793.jpg,naturaleza_y_bosques,ilustracion_plana_color,640,640,"Ilustración de naturaleza y bosque, estilo plano a color",Vecteezy,raul_hernandez,785dfda24b54d76774494abccf7784039876c7e2
raul_hernandez_img_0794,img_0794.jpg,naturaleza_y_bosques,ilustracion_plana_color,640,320,"Ilustración de naturaleza y bosque, estilo plano a color",Vecteezy,raul_hernandez,19ad459d052354247803cf3bf528a9e87403b0a6
raul_hernandez_img_0795,img_0795.jpg,naturaleza_y_bosques,ilustracion_plana_color,503,640,"Ilustración de paisaje invernal en la naturaleza, estilo plano a color",Vecteezy,raul_hernandez,ede43a01835fa34017db59f37cf8e40b6a1ba69e
raul_hernandez_img_0796,img_0796.jpg,naturaleza_y_bosques,ilustracion_plana_color,393,640,"Ilustración de oso en la naturaleza, estilo plano a color",Vecteezy,raul_hernandez,1542aca792eef1100870c7bb04986d1435168d2a
raul_hernandez_img_0797,img_0797.jpg,naturaleza_y_bosques,ilustracion_plana_color,640,412,"Ilustración de naturaleza y bosque, estilo plano a color",Vecteezy,raul_hernandez,ca85badae7ef331308a7d529e23cc6cf8c5c0363
raul_hernandez_img_0798,img_0798.jpg,naturaleza_y_bosques,ilustracion_plana_color,640,640,"Ilustración de oso, estilo caricatura",Vecteezy,raul_hernandez,5d4b184dd399e42ff0ddc867c8d4ba1e2f3f2fd9
raul_hernandez_img_0799,img_0799.jpg,naturaleza_y_bosques,ilustracion_plana_color,320,640,"Ilustración de naturaleza y bosque, estilo plano a color",Vecteezy,raul_hernandez,b124d01ac8a7d6f2a78e4501d0bf3ad0294ffc06
raul_hernandez_img_0800,img_0800.jpg,naturaleza_y_bosques,ilustracion_plana_color,320,640,"Ilustración de naturaleza y bosque, estilo plano a color",Vecteezy,raul_hernandez,b124d01ac8a7d6f2a78e4501d0bf3ad0294ffc06
raul_hernandez_img_0801,img_0801.jpg,naturaleza_y_bosques,ilustracion_plana_color,640,640,"Ilustración de árbol en la naturaleza, estilo plano a color",Vecteezy,raul_hernandez,cb55d1d04b3ce24dfe9b821c2de4de9959e47b48
raul_hernandez_img_0802,img_0802.jpg,naturaleza_y_bosques,ilustracion_plana_color,640,640,"Ilustración de estanque junto al estanque, estilo plano a color",Vecteezy,raul_hernandez,b46a401dbfdb2257bb9ece589c7ac5e4fcbe0966
raul_hernandez_img_0803,img_0803.jpg,naturaleza_y_bosques,ilustracion_plana_color,640,640,"Ilustración de selva en la selva, estilo plano a color",Vecteezy,raul_hernandez,c72c3c54092705d3fc9cb75d289e485b1bed577b
raul_hernandez_img_0804,img_0804.jpg,naturaleza_y_bosques,ilustracion_plana_color,640,608,"Ilustración de árbol en el bosque, estilo plano a color",Vecteezy,raul_hernandez,fc31db4a840fbbf04ee66522700e2a5e42fbf1d5
raul_hernandez_img_0805,img_0805.jpg,naturaleza_y_bosques,ilustracion_plana_color,499,640,"Ilustración de árbol en la naturaleza, estilo plano a color",Vecteezy,raul_hernandez,d96e1b7cdfdaab2d69eb2d4d402edb1e09f46a48
raul_hernandez_img_0806,img_0806.jpg,naturaleza_y_bosques,ilustracion_plana_color,640,453,"Ilustración de naturaleza y bosque, estilo plano a color",Vecteezy,raul_hernandez,f8965ce0c8fe7bacf8d4905ab876dafffbbbbc77
raul_hernandez_img_0807,img_0807.jpg,naturaleza_y_bosques,ilustracion_plana_color,640,408,"Ilustración de pez, estilo caricatura",Vecteezy,raul_hernandez,de92fa4c94631223fccc41d8651119598534cd4d
raul_hernandez_img_0808,img_0808.jpg,naturaleza_y_bosques,ilustracion_plana_color,640,535,"Ilustración de escena de naturaleza en la naturaleza, tierna",Vecteezy,raul_hernandez,4eca95692efcac09bb8d418da71b1b00bd98e95d
raul_hernandez_img_0809,img_0809.jpg,naturaleza_y_bosques,ilustracion_plana_color,392,640,"Ilustración de animal del bosque en la naturaleza, estilo plano a color",Vecteezy,raul_hernandez,6fca83296bc889e6dbf0da909f5a73234a1183f5
raul_hernandez_img_0810,img_0810.jpg,naturaleza_y_bosques,ilustracion_plana_color,481,640,"Ilustración de árbol en el bosque, estilo plano a color",Vecteezy,raul_hernandez,584dd1c3ac83baf61d7a42dbcd755d999acaef13
raul_hernandez_img_0811,img_0811.jpg,naturaleza_y_bosques,ilustracion_plana_color,637,640,"Ilustración de paisaje de primavera en primavera, estilo caricatura",Vecteezy,raul_hernandez,293499cfa6c67195962b1031169699bb0b2cff14
raul_hernandez_img_0812,img_0812.jpg,naturaleza_y_bosques,ilustracion_plana_color,640,320,"Ilustración de montañas en la naturaleza, estilo plano a color",Vecteezy,raul_hernandez,3a548dec77390c69b045d158866667473bdc3aa5
raul_hernandez_img_0813,img_0813.jpg,naturaleza_y_bosques,ilustracion_plana_color,523,640,"Ilustración de planta en la naturaleza, estilo caricatura",Vecteezy,raul_hernandez,640a13d36c772b7f677f46d04ecfb4232f6e6ee7
raul_hernandez_img_0814,img_0814.jpg,naturaleza_y_bosques,ilustracion_plana_color,640,320,"Ilustración de árbol en la naturaleza, estilo caricatura",Vecteezy,raul_hernandez,01cb207acbd03d5ab4c110cc9b21d648b45abcd0
raul_hernandez_img_0815,img_0815.jpg,naturaleza_y_bosques,ilustracion_plana_color,427,640,"Ilustración de naturaleza y bosque, estilo plano a color",Vecteezy,raul_hernandez,4ce3829a0707205aa890f2f68e22d45d8e5795c2
raul_hernandez_img_0816,img_0816.jpg,naturaleza_y_bosques,ilustracion_plana_color,640,400,"Ilustración de escena de naturaleza en la montaña, estilo plano a color",Vecteezy,raul_hernandez,292cd730f14e895eb7676a4537ca19dc73fa0b95
raul_hernandez_img_0817,img_0817.jpg,naturaleza_y_bosques,ilustracion_plana_color,481,640,"Ilustración de animal del bosque en la naturaleza, tierna",Vecteezy,raul_hernandez,790b7df4379e68bdc769806fdc7025339ca55394
raul_hernandez_img_0818,img_0818.jpg,naturaleza_y_bosques,ilustracion_plana_color,640,640,"Ilustración de naturaleza y bosque, estilo plano a color",Vecteezy,raul_hernandez,affc6d86571d21a249f6d699176cd8eba46bf169
raul_hernandez_img_0819,img_0819.jpg,naturaleza_y_bosques,ilustracion_plana_color,578,640,"Ilustración de árbol en la naturaleza, colorida",Vecteezy,raul_hernandez,f07b032c99d1f9e098d24c73816d87fdb855a49f
raul_hernandez_img_0820,img_0820.jpg,naturaleza_y_bosques,ilustracion_plana_color,446,640,"Ilustración de árbol junto al lago, estilo caricatura",Vecteezy,raul_hernandez,d32bc17a36702c2962efe3e7ee86c6dbc08bb640
raul_hernandez_img_0821,img_0821.jpg,naturaleza_y_bosques,ilustracion_plana_color,640,585,"Ilustración de árbol en el bosque, estilo plano a color",Vecteezy,raul_hernandez,9ac2b8a7f4163c97f070260d1961f3eb84a0568f
raul_hernandez_img_0822,img_0822.jpg,naturaleza_y_bosques,ilustracion_plana_color,504,640,"Ilustración de animal del bosque en la selva, estilo caricatura",Vecteezy,raul_hernandez,c2037b52606d9b13aba113e55d28f160217c7638
raul_hernandez_img_0823,img_0823.jpg,naturaleza_y_bosques,ilustracion_plana_color,640,640,"Ilustración de naturaleza y bosque, estilo plano a color",Vecteezy,raul_hernandez,60251fc9c15873f64fe0ee463fe9c5a232b299e0
raul_hernandez_img_0824,img_0824.jpg,naturaleza_y_bosques,ilustracion_plana_color,640,600,"Ilustración de árbol en la naturaleza, estilo plano a color",Vecteezy,raul_hernandez,73970fcce6b4e9df8ae007513d36eb24051be7e9
raul_hernandez_img_0825,img_0825.jpg,naturaleza_y_bosques,ilustracion_plana_color,640,427,"Ilustración de paisaje invernal en invierno, estilo plano a color",Vecteezy,raul_hernandez,5bb854919de931956eeeb22a5bfaa790ca9aba33
raul_hernandez_img_0826,img_0826.jpg,naturaleza_y_bosques,ilustracion_plana_color,640,640,"Ilustración de naturaleza y bosque, estilo plano a color",Vecteezy,raul_hernandez,2f9c20faa926ab1826ae33ddde55cfa2cb034dac
raul_hernandez_img_0827,img_0827.jpg,naturaleza_y_bosques,ilustracion_plana_color,640,503,"Ilustración de cabaña en el bosque en verano, estilo plano a color",Vecteezy,raul_hernandez,a8c58dc814a413ce725454cfac8351f42b4f54c1
raul_hernandez_img_0828,img_0828.jpg,naturaleza_y_bosques,ilustracion_plana_color,640,640,"Ilustración de escena de naturaleza en la naturaleza, estilo caricatura",Vecteezy,raul_hernandez,3de9aa457e78bb855e0d1501b756a3f5814739ef
raul_hernandez_img_0829,img_0829.jpg,naturaleza_y_bosques,ilustracion_plana_color,640,640,"Ilustración de naturaleza y bosque, estilo plano a color",Vecteezy,raul_hernandez,763d4e7686fde55365930b75e966dc6f1036ab97
raul_hernandez_img_0830,img_0830.jpg,naturaleza_y_bosques,ilustracion_plana_color,640,560,"Ilustración de paisaje natural, colorida",Vecteezy,raul_hernandez,b1b78768701ded24280fba4ab24577edbab7e79f
raul_hernandez_img_0831,img_0831.jpg,naturaleza_y_bosques,ilustracion_plana_color,640,586,"Ilustración de árbol en el bosque, estilo plano a color",Vecteezy,raul_hernandez,aa57baa9d52d192ec64d5598d3b4d07ca3488b29
raul_hernandez_img_0832,img_0832.jpg,naturaleza_y_bosques,ilustracion_plana_color,480,640,"Ilustración de paisaje invernal, estilo plano a color",Vecteezy,raul_hernandez,d9dc50c285d14468b7de0f75cb97c07e41250019
raul_hernandez_img_0833,img_0833.jpg,naturaleza_y_bosques,ilustracion_plana_color,640,640,"Ilustración de bosque en el bosque, estilo plano a color",Vecteezy,raul_hernandez,9b2addb0926fd6854a122aca286e96de1ab9028e
raul_hernandez_img_0834,img_0834.jpg,naturaleza_y_bosques,ilustracion_plana_color,640,320,"Ilustración de bosque en el bosque, estilo plano a color",Vecteezy,raul_hernandez,b1aaa6bd305e4bc1703973f5781220d65974e46c
raul_hernandez_img_0835,img_0835.jpg,naturaleza_y_bosques,ilustracion_plana_color,640,640,"Ilustración de paisaje de verano en verano, estilo plano a color",Vecteezy,raul_hernandez,4c7dbaeef9acefeb8aced256c8acc36d4ddf17a4
raul_hernandez_img_0836,img_0836.jpg,naturaleza_y_bosques,ilustracion_plana_color,640,640,"Ilustración de naturaleza y bosque, estilo plano a color",Vecteezy,raul_hernandez,3203a56c00094f55134db4d9c5de80a52a9cba8c
raul_hernandez_img_0837,img_0837.jpg,naturaleza_y_bosques,ilustracion_plana_color,640,640,"Ilustración de naturaleza y bosque, estilo plano a color",Vecteezy,raul_hernandez,cdf349ca6f2a958b5c0f1b7d6c4a16ed3ba8d1f9
raul_hernandez_img_0838,img_0838.jpg,naturaleza_y_bosques,ilustracion_plana_color,640,578,"Ilustración de naturaleza y bosque, estilo plano a color",Vecteezy,raul_hernandez,b75843515309245eb06c559dfc9161a7a29860a1
raul_hernandez_img_0839,img_0839.jpg,naturaleza_y_bosques,ilustracion_plana_color,427,640,"Ilustración de paisaje invernal en la naturaleza, estilo plano a color",Vecteezy,raul_hernandez,fb3d44dc2ba25b3e1628aa66d1804c2602e1185f
raul_hernandez_img_0840,img_0840.jpg,naturaleza_y_bosques,ilustracion_plana_color,640,640,"Ilustración de paisaje invernal, estilo caricatura",Vecteezy,raul_hernandez,049f124e48542938939a24df17b3c7895f2ea658
raul_hernandez_img_0841,img_0841.jpg,naturaleza_y_bosques,ilustracion_plana_color,486,640,"Ilustración de animal del bosque en la naturaleza, estilo caricatura",Vecteezy,raul_hernandez,6124464cb4385019e73ec71af8cc5340fcfdb6a6
raul_hernandez_img_0842,img_0842.jpg,naturaleza_y_bosques,ilustracion_plana_color,563,640,"Ilustración de árbol en la naturaleza, estilo plano a color",Vecteezy,raul_hernandez,dafdcf55a86d1ff487ea1d576de499f538beca16
raul_hernandez_img_0843,img_0843.jpg,naturaleza_y_bosques,ilustracion_plana_color,640,458,"Ilustración de planta, estilo plano a color",Vecteezy,raul_hernandez,afd81f03ea4743bd71725bff5fead23051b26df9
raul_hernandez_img_0844,img_0844.jpg,naturaleza_y_bosques,ilustracion_plana_color,521,640,"Ilustración de árbol en el bosque, estilo plano a color",Vecteezy,raul_hernandez,30518b3a9cd4fab8f3f6b5cf0564924261b89c59
raul_hernandez_img_0845,img_0845.jpg,naturaleza_y_bosques,ilustracion_plana_color,320,640,"Ilustración de paisaje de otoño en el bosque, estilo plano a color",Vecteezy,raul_hernandez,7cc3d1caef15eed4a9e28ccfafd2ef423c2a3844
raul_hernandez_img_0846,img_0846.jpg,naturaleza_y_bosques,ilustracion_plana_color,640,640,"Ilustración de búho, estilo plano a color",Vecteezy,raul_hernandez,329b74d6d2ca0a80bc29a5e20017e984fa556e35
raul_hernandez_img_0847,img_0847.jpg,naturaleza_y_bosques,ilustracion_plana_color,640,533,"Ilustración de montaña, estilo caricatura",Vecteezy,raul_hernandez,cbb63f81c72c34a27dd3d99741ca17eb5f2d1666
raul_hernandez_img_0848,img_0848.jpg,naturaleza_y_bosques,ilustracion_plana_color,490,640,"Ilustración de naturaleza y bosque, estilo plano a color",Vecteezy,raul_hernandez,f63e97be2790154472775ffb1712eaac9e9fdc70
raul_hernandez_img_0849,img_0849.jpg,naturaleza_y_bosques,ilustracion_plana_color,639,640,"Ilustración de selva en la selva, estilo plano a color",Vecteezy,raul_hernandez,17cb37a8e6974b14b3323274ec1590eb6344cc92
raul_hernandez_img_0850,img_0850.jpg,naturaleza_y_bosques,ilustracion_plana_color,640,485,"Ilustración de árbol en la naturaleza, estilo plano a color",Vecteezy,raul_hernandez,3c36e247e6a6ffa266c5703b1867c39304c8fbda
raul_hernandez_img_0851,img_0851.jpg,naturaleza_y_bosques,ilustracion_plana_color,594,640,"Ilustración de escena de naturaleza en la naturaleza, estilo plano a color",Vecteezy,raul_hernandez,91080dff74546e0537b9b5f5ea2bdc9ba89c63d7
raul_hernandez_img_0852,img_0852.jpg,naturaleza_y_bosques,ilustracion_plana_color,640,640,"Ilustración de oso, estilo plano a color",Vecteezy,raul_hernandez,7f73ff61cee551b71383ed8fc96bc9e3112cc6d4
raul_hernandez_img_0853,img_0853.jpg,naturaleza_y_bosques,ilustracion_plana_color,640,360,"Ilustración de cascada en la naturaleza, estilo plano a color",Vecteezy,raul_hernandez,d8eb553cb7c09f9ff261f0cab50834d1cd6a5cb7
raul_hernandez_img_0854,img_0854.jpg,naturaleza_y_bosques,ilustracion_plana_color,640,640,"Ilustración de naturaleza y bosque, estilo caricatura",Vecteezy,raul_hernandez,213f992227fea35af44fdeedd9311ea764b2043e
raul_hernandez_img_0855,img_0855.jpg,naturaleza_y_bosques,ilustracion_plana_color,458,640,"Ilustración de naturaleza y bosque, estilo plano a color",Vecteezy,raul_hernandez,48035fda5b985fa04bdcc2c7ed874ed03ef4b2d1
raul_hernandez_img_0856,img_0856.jpg,naturaleza_y_bosques,ilustracion_plana_color,576,640,"Ilustración de escena de naturaleza en la naturaleza, estilo plano a color",Vecteezy,raul_hernandez,70fbf3b6868286d3d1d24df372e9cd055e5b3726
raul_hernandez_img_0857,img_0857.jpg,naturaleza_y_bosques,ilustracion_plana_color,640,640,"Ilustración de escena de naturaleza en la naturaleza, tierna",Vecteezy,raul_hernandez,a500fa9ab4f47c8e0be762a86267f122fe796829
raul_hernandez_img_0858,img_0858.jpg,naturaleza_y_bosques,ilustracion_plana_color,640,360,"Ilustración de lago junto al lago, estilo plano a color",Vecteezy,raul_hernandez,68471b9beed88a9c4e99de61cada0794dbca077e
raul_hernandez_img_0859,img_0859.jpg,naturaleza_y_bosques,ilustracion_plana_color,640,427,"Ilustración de paisaje invernal en invierno, estilo plano a color",Vecteezy,raul_hernandez,feba9a31ce42d128c80e5d06f30cf6d8feb85077
raul_hernandez_img_0860,img_0860.jpg,naturaleza_y_bosques,ilustracion_plana_color,640,640,"Ilustración de naturaleza y bosque, estilo plano a color",Vecteezy,raul_hernandez,fd04b994bc9e785e48e85e8c4690b59e2fe02eb4
raul_hernandez_img_0861,img_0861.jpg,naturaleza_y_bosques,ilustracion_plana_color,599,640,"Ilustración de escena de naturaleza en la naturaleza, estilo caricatura",Vecteezy,raul_hernandez,55400b964cf902aff38d70db2d06a3cac9452f69
raul_hernandez_img_0862,img_0862.jpg,naturaleza_y_bosques,ilustracion_plana_color,640,373,"Ilustración de árbol en la naturaleza, estilo caricatura",Vecteezy,raul_hernandez,e4c8ad854d4784f00819dd6809dcbcfb26164ead
raul_hernandez_img_0863,img_0863.jpg,naturaleza_y_bosques,ilustracion_plana_color,640,556,"Ilustración de escena de naturaleza en la naturaleza, estilo plano a color",Vecteezy,raul_hernandez,b8bb91722349ce4728496aaebf63f8d6e844fa04
raul_hernandez_img_0864,img_0864.jpg,naturaleza_y_bosques,ilustracion_plana_color,439,640,"Ilustración de árbol en la naturaleza, estilo plano a color",Vecteezy,raul_hernandez,dd43fd06480be88998a9d7eca65f101c1c738474
raul_hernandez_img_0865,img_0865.jpg,naturaleza_y_bosques,ilustracion_plana_color,640,640,"Ilustración de naturaleza y bosque, estilo plano a color",Vecteezy,raul_hernandez,55861c179fccc1fff547f54066fd2ccea5064e36
raul_hernandez_img_0866,img_0866.jpg,naturaleza_y_bosques,ilustracion_plana_color,426,640,"Ilustración de paisaje invernal en la naturaleza, estilo plano a color",Vecteezy,raul_hernandez,73e9fcb8ee2215b18d334091dc237cea6356deba
raul_hernandez_img_0867,img_0867.jpg,naturaleza_y_bosques,ilustracion_plana_color,640,602,"Ilustración de animal del bosque en el bosque, estilo plano a color",Vecteezy,raul_hernandez,3b30a011c106037e89c84d7393bb48983ddc576c
raul_hernandez_img_0868,img_0868.jpg,naturaleza_y_bosques,ilustracion_plana_color,425,640,"Ilustración de paisaje invernal en la naturaleza, estilo plano a color",Vecteezy,raul_hernandez,d932cf64e49b34e51e36f01cf5a4e9a91cad2f48
raul_hernandez_img_0869,img_0869.jpg,naturaleza_y_bosques,ilustracion_plana_color,640,459,"Ilustración de árbol en la naturaleza, estilo plano a color",Vecteezy,raul_hernandez,e5f3c07bbc64af1836bc7c83b994acc65e25cd33
raul_hernandez_img_0870,img_0870.jpg,naturaleza_y_bosques,ilustracion_plana_color,640,640,"Ilustración de naturaleza y bosque, estilo plano a color",Vecteezy,raul_hernandez,60142e5c632aa9a24eaec99fedfd34939df65356
raul_hernandez_img_0871,img_0871.jpg,naturaleza_y_bosques,ilustracion_plana_color,606,640,"Ilustración de paisaje de otoño en la naturaleza, estilo plano a color",Vecteezy,raul_hernandez,f151bc53d34ba2a2b5bd1460cc4e422b93e71759
raul_hernandez_img_0872,img_0872.jpg,naturaleza_y_bosques,ilustracion_plana_color,640,569,"Ilustración de árbol en verano, estilo plano a color",Vecteezy,raul_hernandez,ca0136e15aa50b04c0e9d915175d886c40577cd5
raul_hernandez_img_0873,img_0873.jpg,naturaleza_y_bosques,ilustracion_plana_color,640,524,"Ilustración de búho en la naturaleza, estilo plano a color",Vecteezy,raul_hernandez,8f695ed2cbb37686fadcf38d67f21e8cf840c79b
raul_hernandez_img_0874,img_0874.jpg,naturaleza_y_bosques,ilustracion_plana_color,640,640,"Ilustración de naturaleza y bosque, tierna",Vecteezy,raul_hernandez,9a1be5f6313eea7eb1b01b7c543fe0233d0db764
raul_hernandez_img_0875,img_0875.jpg,naturaleza_y_bosques,ilustracion_plana_color,640,500,"Ilustración de escena de naturaleza en la naturaleza, estilo plano a color",Vecteezy,raul_hernandez,7edf317dcebe1c2c9111817a1fe9a7cf1ce9c79f
raul_hernandez_img_0876,img_0876.jpg,naturaleza_y_bosques,ilustracion_plana_color,427,640,"Ilustración de animal del bosque en otoño, estilo plano a color",Vecteezy,raul_hernandez,3ffb2cb362b02e6ed9bdc1a9cbee1b02d90d97bc
raul_hernandez_img_0877,img_0877.jpg,naturaleza_y_bosques,ilustracion_plana_color,640,627,"Ilustración de paisaje invernal, estilo caricatura",Vecteezy,raul_hernandez,8356c920ab258f26edfbf379650f553063c237c6
raul_hernandez_img_0878,img_0878.jpg,naturaleza_y_bosques,ilustracion_plana_color,640,582,"Ilustración de escena de naturaleza en la naturaleza, estilo plano a color",Vecteezy,raul_hernandez,dfb725372fc14b018047b71226f07661dbd5b837
raul_hernandez_img_0879,img_0879.jpg,naturaleza_y_bosques,ilustracion_plana_color,320,640,"Ilustración de árbol en la naturaleza, estilo plano a color",Vecteezy,raul_hernandez,e88220dab48c5c99af30a89c69a623aaa4a82402
raul_hernandez_img_0880,img_0880.jpg,naturaleza_y_bosques,ilustracion_plana_color,640,640,"Ilustración de paisaje invernal, estilo plano a color",Vecteezy,raul_hernandez,6d2ff5fe7957bd0eac795a962004ef79036c5979
raul_hernandez_img_0881,img_0881.jpg,naturaleza_y_bosques,ilustracion_plana_color,640,425,"Ilustración de naturaleza y bosque, tierna",Vecteezy,raul_hernandez,5713b60ebc653f7cfd4e039ec7e6f4a1e971e45e
raul_hernandez_img_0882,img_0882.jpg,naturaleza_y_bosques,ilustracion_plana_color,517,640,"Ilustración de escena de naturaleza en la naturaleza, estilo plano a color",Vecteezy,raul_hernandez,be7571beacbf9ea1c5393992b90724aef180e1a9
raul_hernandez_img_0883,img_0883.jpg,naturaleza_y_bosques,ilustracion_plana_color,640,622,"Ilustración de naturaleza y bosque, estilo plano a color",Vecteezy,raul_hernandez,8483ecb970176d2c1fd822e70a2d32d301803991
raul_hernandez_img_0884,img_0884.jpg,naturaleza_y_bosques,ilustracion_plana_color,640,640,"Ilustración de naturaleza y bosque, estilo caricatura",Vecteezy,raul_hernandez,d8fe99bfba1bf2133a0bdbf72e0c595bec689ba2
raul_hernandez_img_0885,img_0885.jpg,naturaleza_y_bosques,ilustracion_plana_color,640,640,"Ilustración de planta en la naturaleza, estilo plano a color",Vecteezy,raul_hernandez,fe3731904f2c2b2af9c2e2e43809776ce195508a
raul_hernandez_img_0886,img_0886.jpg,naturaleza_y_bosques,ilustracion_plana_color,640,640,"Ilustración de escena de naturaleza en la naturaleza, tierna",Vecteezy,raul_hernandez,d4e27f9fcf058598b4b82f0721a76a51426e213a
raul_hernandez_img_0887,img_0887.jpg,naturaleza_y_bosques,ilustracion_plana_color,501,640,"Ilustración de planta en la naturaleza, estilo plano a color",Vecteezy,raul_hernandez,97168106ac9e3dd673391c57b6c0be3ec3d78757
raul_hernandez_img_0888,img_0888.jpg,naturaleza_y_bosques,ilustracion_plana_color,472,640,"Ilustración de árbol en la naturaleza, estilo caricatura",Vecteezy,raul_hernandez,e30a4ed3203767dfe502ff999a9e0ed6b5957595
raul_hernandez_img_0889,img_0889.jpg,naturaleza_y_bosques,ilustracion_plana_color,640,453,"Ilustración de escena de naturaleza en la naturaleza, estilo plano a color",Vecteezy,raul_hernandez,7c9d5ec9edba857184368358dd275633cb1e8284
raul_hernandez_img_0890,img_0890.jpg,naturaleza_y_bosques,ilustracion_plana_color,640,640,"Ilustración de escena de naturaleza en la naturaleza, estilo caricatura",Vecteezy,raul_hernandez,276701c6e761aae2a9ccdea280495a4ded680381
raul_hernandez_img_0891,img_0891.jpg,naturaleza_y_bosques,ilustracion_plana_color,640,640,"Ilustración de escena de naturaleza en la naturaleza, estilo plano a color",Vecteezy,raul_hernandez,a04c5f13cf359e4436df62c9e5e0eb766aefe734
raul_hernandez_img_0892,img_0892.jpg,naturaleza_y_bosques,ilustracion_plana_color,398,640,"Ilustración de escena de naturaleza en la naturaleza, estilo plano a color",Vecteezy,raul_hernandez,d31bc95e6312aeb09859b6c36168b9619f63abb9
raul_hernandez_img_0893,img_0893.jpg,naturaleza_y_bosques,ilustracion_plana_color,460,640,"Ilustración de árboles en la naturaleza, estilo caricatura",Vecteezy,raul_hernandez,a15aee8f986a307b9c731ab934d7c301aff6f5b0
raul_hernandez_img_0894,img_0894.jpg,naturaleza_y_bosques,ilustracion_plana_color,640,640,"Ilustración de naturaleza y bosque, estilo caricatura",Vecteezy,raul_hernandez,e942f4277e81c91fe2df94e04cd3e9da3d747773
raul_hernandez_img_0895,img_0895.jpg,naturaleza_y_bosques,ilustracion_plana_color,427,640,"Ilustración de paisaje invernal en invierno, estilo plano a color",Vecteezy,raul_hernandez,33192246ba4a2d3cd5f33cd4445be8369bfb9187
raul_hernandez_img_0896,img_0896.jpg,naturaleza_y_bosques,ilustracion_plana_color,320,640,"Ilustración de árbol en la naturaleza, estilo caricatura",Vecteezy,raul_hernandez,0791c029110426780fe06d4e6f1ac198480d38d6
raul_hernandez_img_0897,img_0897.jpg,naturaleza_y_bosques,ilustracion_plana_color,640,640,"Ilustración de sendero en el bosque, estilo caricatura",Vecteezy,raul_hernandez,cbe0a68f666e5f561a4beb71d856eeb798ba94c3
raul_hernandez_img_0898,img_0898.jpg,naturaleza_y_bosques,ilustracion_plana_color,397,640,"Ilustración de árbol en la naturaleza, estilo plano a color",Vecteezy,raul_hernandez,0faa9dfda082e8ecd8995267751b4291cee8d2cd
raul_hernandez_img_0899,img_0899.jpg,naturaleza_y_bosques,ilustracion_plana_color,640,427,"Ilustración de naturaleza y bosque, estilo plano a color",Vecteezy,raul_hernandez,6919d0cf39aa3407326798f713604d74d710f9d3
raul_hernandez_img_0900,img_0900.jpg,naturaleza_y_bosques,ilustracion_plana_color,562,640,"Ilustración de árbol en la naturaleza, estilo plano a color",Vecteezy,raul_hernandez,6e39a0d35b686922e6660ef85c7a130c9ef31d9e
raul_hernandez_img_0901,img_0901.jpg,naturaleza_y_bosques,ilustracion_plana_color,640,454,"Ilustración de bosque en el bosque, estilo plano a color",Vecteezy,raul_hernandez,de0ee4ff69322ff62cccc669d66775fdaa972ba0
raul_hernandez_img_0902,img_0902.jpg,naturaleza_y_bosques,ilustracion_plana_color,640,326,"Ilustración de naturaleza y bosque, estilo plano a color",Vecteezy,raul_hernandez,d94d9b4d4d358d12b2efdd682729a1e88fd9a81b
raul_hernandez_img_0903,img_0903.jpg,naturaleza_y_bosques,ilustracion_plana_color,640,640,"Ilustración de naturaleza y bosque, estilo plano a color",Vecteezy,raul_hernandez,114e9e0098d33b727fb2a958a3779809a6e1ef46
raul_hernandez_img_0904,img_0904.jpg,naturaleza_y_bosques,ilustracion_plana_color,498,640,"Ilustración de escena de naturaleza en la naturaleza, estilo plano a color",Vecteezy,raul_hernandez,d90e9c69188644bf031652e074f414fae44d3cbe
raul_hernandez_img_0905,img_0905.jpg,naturaleza_y_bosques,ilustracion_plana_color,635,640,"Ilustración de rana en la naturaleza, estilo plano a color",Vecteezy,raul_hernandez,6864ecc0b55ea11c98b1addd7aeffae732e1494a
raul_hernandez_img_0906,img_0906.jpg,naturaleza_y_bosques,ilustracion_plana_color,640,640,"Ilustración de naturaleza y bosque, estilo caricatura",Vecteezy,raul_hernandez,f91598d4477405fed667538a95cb7c1bd214bbb1
raul_hernandez_img_0907,img_0907.jpg,naturaleza_y_bosques,ilustracion_plana_color,545,640,"Ilustración de escena de naturaleza en la naturaleza, estilo plano a color",Vecteezy,raul_hernandez,4943329f1e2741c287f9f4c092ad8ac594921696
raul_hernandez_img_0908,img_0908.jpg,naturaleza_y_bosques,ilustracion_plana_color,640,586,"Ilustración de árbol en la naturaleza, estilo plano a color",Vecteezy,raul_hernandez,0133f8f4bf95f2544850f4d6ee23c4ea1524a32c
raul_hernandez_img_0909,img_0909.jpg,naturaleza_y_bosques,ilustracion_plana_color,389,640,"Ilustración de paisaje de invierno en invierno, estilo plano a color",Vecteezy,raul_hernandez,b118cdafb927e4b0ea0685c71022bdeb95ff7d53
raul_hernandez_img_0910,img_0910.jpg,naturaleza_y_bosques,ilustracion_plana_color,558,640,"Ilustración de árbol en la naturaleza, estilo plano a color",Vecteezy,raul_hernandez,f30ec6776c47cc4bfed6449c4894540ea0054fc6
raul_hernandez_img_0911,img_0911.jpg,naturaleza_y_bosques,ilustracion_plana_color,640,552,"Ilustración de sendero en el bosque, estilo plano a color",Vecteezy,raul_hernandez,f83a85f1b2d6bf37364353e62f87bdc93d7ea797
raul_hernandez_img_0912,img_0912.jpg,naturaleza_y_bosques,ilustracion_plana_color,640,640,"Ilustración de naturaleza y bosque, estilo caricatura",Vecteezy,raul_hernandez,d854dfe4ca06ff0b4a5e205865e1bb20dc18d880
raul_hernandez_img_0913,img_0913.jpg,naturaleza_y_bosques,ilustracion_plana_color,640,640,"Ilustración de paisaje invernal en invierno, estilo caricatura",Vecteezy,raul_hernandez,9ef4e6eb03faca2c7d90ba10372ac22540c49a32
raul_hernandez_img_0914,img_0914.jpg,naturaleza_y_bosques,ilustracion_plana_color,639,640,"Ilustración de árbol en la naturaleza, tierna",Vecteezy,raul_hernandez,83c1c7f60bf1f959951f4db7557edb4d00f46b38
raul_hernandez_img_0915,img_0915.jpg,naturaleza_y_bosques,ilustracion_plana_color,616,640,"Ilustración de escena de naturaleza en la naturaleza, estilo plano a color",Vecteezy,raul_hernandez,64a4f1810107e32856cdff500aab6b5a25f1be08
raul_hernandez_img_0916,img_0916.jpg,naturaleza_y_bosques,ilustracion_plana_color,640,480,"Ilustración de paisaje invernal en la naturaleza, estilo caricatura",Vecteezy,raul_hernandez,5b2fde5a5afda739a852201f43f22aef38d7df5c
raul_hernandez_img_0917,img_0917.jpg,naturaleza_y_bosques,ilustracion_plana_color,472,640,"Ilustración de árbol en la naturaleza, estilo caricatura",Vecteezy,raul_hernandez,85d16f9c25a64447999c037cc918997b6de1290f
raul_hernandez_img_0918,img_0918.jpg,naturaleza_y_bosques,ilustracion_plana_color,640,640,"Ilustración de ciervo, estilo plano a color",Vecteezy,raul_hernandez,4ccc91a42f533a21cfc2aa6aa8d959e82d573b6a
raul_hernandez_img_0919,img_0919.jpg,naturaleza_y_bosques,ilustracion_plana_color,640,625,"Ilustración de escena de naturaleza en la naturaleza, tierna",Vecteezy,raul_hernandez,ad131f3840e57ec3f0b3e2c4d352db1377a338ce
raul_hernandez_img_0920,img_0920.jpg,naturaleza_y_bosques,ilustracion_plana_color,640,582,"Ilustración de árbol en la naturaleza, estilo caricatura",Vecteezy,raul_hernandez,868cdc2d5e0e3031e1bc8a693f50b19a06531e79
raul_hernandez_img_0921,img_0921.jpg,naturaleza_y_bosques,ilustracion_plana_color,440,640,"Ilustración de paisaje invernal, estilo caricatura",Vecteezy,raul_hernandez,4ea3aff22b68ced156dd279284e9d823a26a1fcd
raul_hernandez_img_0922,img_0922.jpg,naturaleza_y_bosques,ilustracion_plana_color,375,640,"Ilustración de paisaje invernal en la naturaleza, estilo caricatura",Vecteezy,raul_hernandez,5e39a93d7f58f1eb6deba21592b09d94036bc944
raul_hernandez_img_0923,img_0923.jpg,naturaleza_y_bosques,ilustracion_plana_color,640,640,"Ilustración de búho, estilo plano a color",Vecteezy,raul_hernandez,dedb4bf9689bee1bb44a8b9bad3f8abd1993711e
raul_hernandez_img_0924,img_0924.jpg,naturaleza_y_bosques,ilustracion_plana_color,320,640,"Ilustración de árbol en la naturaleza, estilo plano",Vecteezy,raul_hernandez,9d900beef3e8a753fbfdeff4f9108b10714a36d9
raul_hernandez_img_0925,img_0925.jpg,naturaleza_y_bosques,ilustracion_plana_color,516,640,"Ilustración de paisaje invernal en la naturaleza, estilo plano a color",Vecteezy,raul_hernandez,968191448f83c46ce6a7b83a90a715874763f8da
raul_hernandez_img_0926,img_0926.jpg,naturaleza_y_bosques,ilustracion_plana_color,430,640,"Ilustración de naturaleza y bosque, estilo plano a color",Vecteezy,raul_hernandez,0d0d99a7681ac1d0614188a59fb9d2952b17d066
raul_hernandez_img_0927,img_0927.jpg,naturaleza_y_bosques,ilustracion_plana_color,640,640,"Ilustración de naturaleza y bosque, diseño plano",Vecteezy,raul_hernandez,12c1bfc32a4e84bc1e73bdb53a4a8f8bce728aea
raul_hernandez_img_0928,img_0928.jpg,naturaleza_y_bosques,ilustracion_plana_color,640,640,"Ilustración de animal del bosque en la naturaleza, estilo caricatura",Vecteezy,raul_hernandez,39b70fa64288925b039d9a799ab492d0302c5d11
raul_hernandez_img_0929,img_0929.jpg,naturaleza_y_bosques,ilustracion_plana_color,640,572,"Ilustración de escena de naturaleza en la naturaleza, tierna",Vecteezy,raul_hernandez,0a3bef80f8d6113092268ff06c0690262c9255e4
raul_hernandez_img_0930,img_0930.jpg,naturaleza_y_bosques,ilustracion_plana_color,594,640,"Ilustración de árbol en la naturaleza, estilo plano",Vecteezy,raul_hernandez,0156a1086440d656225247a394524d91acc575c5
raul_hernandez_img_0931,img_0931.jpg,naturaleza_y_bosques,ilustracion_plana_color,640,640,"Ilustración de naturaleza y bosque, estilo caricatura",Vecteezy,raul_hernandez,488264d17521a9d6f4cf722e897c423bcff15660
raul_hernandez_img_0932,img_0932.jpg,naturaleza_y_bosques,ilustracion_plana_color,324,640,"Ilustración de paisaje invernal en invierno, estilo plano a color",Vecteezy,raul_hernandez,2eac5afe24d8583460ab621219a38d2fca1164d7
raul_hernandez_img_0933,img_0933.jpg,naturaleza_y_bosques,ilustracion_plana_color,352,640,"Ilustración de paisaje natural en la naturaleza, estilo plano a color",Vecteezy,raul_hernandez,b64b86272f0bf27eacc4eddd1686184f2629674f
raul_hernandez_img_0934,img_0934.jpg,naturaleza_y_bosques,ilustracion_plana_color,640,640,"Ilustración de escena de naturaleza en la naturaleza, ilustración",Vecteezy,raul_hernandez,70797d9ced52a8cc10f48413b63c7090df908fa6
raul_hernandez_img_0935,img_0935.jpg,naturaleza_y_bosques,ilustracion_plana_color,640,462,"Ilustración de árbol, estilo plano a color",Vecteezy,raul_hernandez,7ce7ad4061800a0bed0a25db0086b068035e654b
raul_hernandez_img_0936,img_0936.jpg,naturaleza_y_bosques,ilustracion_plana_color,640,438,"Ilustración de ardilla en otoño, tierna",Vecteezy,raul_hernandez,c8e4dd4674c04636401bc2c04c3d5d2eb21c6050
raul_hernandez_img_0937,img_0937.jpg,naturaleza_y_bosques,ilustracion_plana_color,596,640,"Ilustración de árbol en la naturaleza, tierna",Vecteezy,raul_hernandez,4402c4c9771dfe01ad4e53eb6104657db14cf47c
raul_hernandez_img_0938,img_0938.jpg,naturaleza_y_bosques,ilustracion_plana_color,535,640,"Ilustración de árbol en la naturaleza, estilo plano a color",Vecteezy,raul_hernandez,08d53a72d368366588bf28212bcb0b03c1f815e6
raul_hernandez_img_0939,img_0939.jpg,naturaleza_y_bosques,ilustracion_plana_color,640,640,"Ilustración de naturaleza y bosque, estilo plano a color",Vecteezy,raul_hernandez,25bd5564a6397faca8b4b7b37826f9cfb9fea865
raul_hernandez_img_0940,img_0940.jpg,naturaleza_y_bosques,ilustracion_plana_color,462,640,"Ilustración de árbol junto al lago, estilo plano a color",Vecteezy,raul_hernandez,7951630c188544c50f02027bad65cb7547ad7a14
raul_hernandez_img_0941,img_0941.jpg,naturaleza_y_bosques,ilustracion_plana_color,506,640,"Ilustración de escena de naturaleza en la naturaleza, estilo plano a color",Vecteezy,raul_hernandez,e640323bdbfd3de9e2387c902262d35291276ba6
raul_hernandez_img_0942,img_0942.jpg,naturaleza_y_bosques,ilustracion_plana_color,597,640,"Ilustración de escena de naturaleza en la naturaleza, estilo plano a color",Vecteezy,raul_hernandez,e18d512c92d5e469d922c16d4076c03eff400ad2
raul_hernandez_img_0943,img_0943.jpg,naturaleza_y_bosques,ilustracion_plana_color,640,640,"Ilustración de hada, estilo plano a color",Vecteezy,raul_hernandez,6b893f82fe844ef85d8dc64f4408a2942b1c6a43
raul_hernandez_img_0944,img_0944.jpg,naturaleza_y_bosques,ilustracion_plana_color,637,640,"Ilustración de pasto en la naturaleza, estilo plano a color",Vecteezy,raul_hernandez,4f255c6f527608b93107e97f17fc61f5913edda5
raul_hernandez_img_0945,img_0945.jpg,naturaleza_y_bosques,ilustracion_plana_color,640,640,"Ilustración de hada, estilo plano a color",Vecteezy,raul_hernandez,ad4cc1998fcd3df031a474680db98515a78af23c
raul_hernandez_img_0946,img_0946.jpg,naturaleza_y_bosques,ilustracion_plana_color,640,640,"Ilustración de hada, estilo plano a color",Vecteezy,raul_hernandez,9eb3603ffa1010da33820b57f99c72a631535669
raul_hernandez_img_0947,img_0947.jpg,naturaleza_y_bosques,ilustracion_plana_color,429,640,"Ilustración de escena de naturaleza en la naturaleza, estilo caricatura",Vecteezy,raul_hernandez,b4f20c559f3aa9636112a66d4d71516d43e332bd
raul_hernandez_img_0948,img_0948.jpg,naturaleza_y_bosques,ilustracion_plana_color,490,640,"Ilustración de pájaros en invierno, estilo plano a color",Vecteezy,raul_hernandez,9c2243c893ee85d92c62aabfa774494204d51422
raul_hernandez_img_0949,img_0949.jpg,naturaleza_y_bosques,ilustracion_plana_color,640,640,"Ilustración de hada, estilo plano a color",Vecteezy,raul_hernandez,c9bec1939107baedb7a2f647b8452a778631bf7f
raul_hernandez_img_0950,img_0950.jpg,naturaleza_y_bosques,ilustracion_plana_color,640,640,"Ilustración de hada, estilo plano a color",Vecteezy,raul_hernandez,f8fb82f78fe5b0570c850116ca56146509a1594a
raul_hernandez_img_0951,img_0951.jpg,naturaleza_y_bosques,ilustracion_plana_color,640,429,"Ilustración de árbol, estilo caricatura",Vecteezy,raul_hernandez,99abdf6190e1247e3a9c12caf32b7ada22407935
raul_hernandez_img_0952,img_0952.jpg,naturaleza_y_bosques,ilustracion_plana_color,640,347,"Ilustración de naturaleza y bosque, estilo plano a color",Vecteezy,raul_hernandez,50507e111247056c37f3edcf9fcaca13711cff80
raul_hernandez_img_0953,img_0953.jpg,naturaleza_y_bosques,ilustracion_plana_color,640,640,"Ilustración de paisaje natural, estilo plano a color",Vecteezy,raul_hernandez,5732f14fd2b95565d55461f6d7cfe2ece07c3f98
raul_hernandez_img_0954,img_0954.jpg,naturaleza_y_bosques,ilustracion_plana_color,640,412,"Ilustración de paisaje de invierno en invierno, estilo caricatura",Vecteezy,raul_hernandez,2a087ab0fbeaa221e9c4e66ea819237e34b79a2f
raul_hernandez_img_0955,img_0955.jpg,naturaleza_y_bosques,ilustracion_plana_color,640,576,"Ilustración de búho, estilo caricatura",Vecteezy,raul_hernandez,35bba59b663a901da795771ad881c87538ada4cd
raul_hernandez_img_0956,img_0956.jpg,naturaleza_y_bosques,ilustracion_plana_color,640,640,"Ilustración de pájaro en la naturaleza, estilo plano a color",Vecteezy,raul_hernandez,6c1ce77dea06f29ee2a8258daa05ae1c88c02f4f
raul_hernandez_img_0957,img_0957.jpg,naturaleza_y_bosques,ilustracion_plana_color,640,640,"Ilustración de oso en la naturaleza, tierna",Vecteezy,raul_hernandez,7cb1be403d39246e70bd63b8418c38edb91b8f7e
raul_hernandez_img_0958,img_0958.jpg,naturaleza_y_bosques,ilustracion_plana_color,427,640,"Ilustración de paisaje de invierno en invierno, estilo plano a color",Vecteezy,raul_hernandez,d028f80c129bedc2113384d819aa61e4ad465c78
raul_hernandez_img_0959,img_0959.jpg,naturaleza_y_bosques,ilustracion_plana_color,427,640,"Ilustración de escena de naturaleza en la naturaleza, estilo plano a color",Vecteezy,raul_hernandez,e158465ad9c54bdface43ac86335caf3137e8b47
raul_hernandez_img_0960,img_0960.jpg,naturaleza_y_bosques,ilustracion_plana_color,427,640,"Ilustración de escena de naturaleza en la naturaleza, estilo plano a color",Vecteezy,raul_hernandez,c221114b43e249ac42939c2b9978a5d52010df0c
raul_hernandez_img_0961,img_0961.jpg,naturaleza_y_bosques,ilustracion_plana_color,427,640,"Ilustración de paisaje de invierno en la naturaleza, estilo plano a color",Vecteezy,raul_hernandez,ba4158c13753a65c9cd225d9e42d8f31ea54ad41
raul_hernandez_img_0962,img_0962.jpg,naturaleza_y_bosques,ilustracion_plana_color,427,640,"Ilustración de escena de naturaleza en la naturaleza, tierna",Vecteezy,raul_hernandez,0414d6906ad5a781da3e08472ee5798ed3703805
raul_hernandez_img_0963,img_0963.jpg,naturaleza_y_bosques,ilustracion_plana_color,427,640,"Ilustración de escena de naturaleza en la naturaleza, estilo plano a color",Vecteezy,raul_hernandez,42aeb6646d7628560a41a7bd49df08e4f6486734
raul_hernandez_img_0964,img_0964.jpg,naturaleza_y_bosques,ilustracion_plana_color,427,640,"Ilustración de escena de naturaleza en la naturaleza, tierna",Vecteezy,raul_hernandez,c04c02362b6639996af582fbb06f6dacef11ba2b
raul_hernandez_img_0965,img_0965.jpg,naturaleza_y_bosques,ilustracion_plana_color,612,640,"Ilustración de árboles, estilo plano a color",Vecteezy,raul_hernandez,4a78ab86b2d59a84334088b9b0e258667e02725c
raul_hernandez_img_0966,img_0966.jpg,naturaleza_y_bosques,ilustracion_plana_color,427,640,"Ilustración de insecto en la naturaleza, estilo caricatura",Vecteezy,raul_hernandez,d6e30268b3a1f91247e226d922188823a5e45f77
raul_hernandez_img_0967,img_0967.jpg,naturaleza_y_bosques,ilustracion_plana_color,427,640,"Ilustración de paisaje de otoño en otoño, estilo plano a color",Vecteezy,raul_hernandez,446bcd70bbe439a998db932df4ebe455fd69bb3f
raul_hernandez_img_0968,img_0968.jpg,naturaleza_y_bosques,ilustracion_plana_color,427,640,"Ilustración de naturaleza y bosque, estilo plano a color",Vecteezy,raul_hernandez,29fa4d7af6d364b38928540ceb88c54aff460fb6
raul_hernandez_img_0969,img_0969.jpg,naturaleza_y_bosques,ilustracion_plana_color,427,640,"Ilustración de animal del bosque en la naturaleza, tierna",Vecteezy,raul_hernandez,6e08a0e8260f9bfcf322ac7c633cadcfc4ee2a42
raul_hernandez_img_0970,img_0970.jpg,naturaleza_y_bosques,ilustracion_plana_color,427,640,"Ilustración de paisaje de invierno en la naturaleza, estilo plano a color",Vecteezy,raul_hernandez,83777447900361a5f3fa77dda2c2c8ce7aa85323
raul_hernandez_img_0971,img_0971.jpg,naturaleza_y_bosques,ilustracion_plana_color,427,640,"Ilustración de escena de naturaleza en la naturaleza, estilo plano a color",Vecteezy,raul_hernandez,11f1e5da8d1db0ff730bc6dd1ec7ed79b08bdd99
raul_hernandez_img_0972,img_0972.jpg,naturaleza_y_bosques,ilustracion_plana_color,427,640,"Ilustración de escena de naturaleza en la naturaleza, estilo plano a color",Vecteezy,raul_hernandez,f45dde3b37ed2b5076504a9588549a329f0d5c79
raul_hernandez_img_0973,img_0973.jpg,naturaleza_y_bosques,ilustracion_plana_color,427,640,"Ilustración de escena de naturaleza en la naturaleza, estilo plano a color",Vecteezy,raul_hernandez,4f933b60832f03a395a79cd8c05c2b1214084256
raul_hernandez_img_0974,img_0974.jpg,naturaleza_y_bosques,ilustracion_plana_color,640,551,"Ilustración de animal del bosque, estilo plano a color",Vecteezy,raul_hernandez,f994d2e256dac6e2eb40b3e2a9dda29e88afaa88
raul_hernandez_img_0975,img_0975.jpg,naturaleza_y_bosques,ilustracion_plana_color,640,640,"Ilustración de naturaleza y bosque, estilo caricatura",Vecteezy,raul_hernandez,fd0b0a6312c60a2ccb73a938ca1dfdeafca5d944
raul_hernandez_img_0976,img_0976.jpg,naturaleza_y_bosques,ilustracion_plana_color,427,640,"Ilustración de animal del bosque en la naturaleza, tierna",Vecteezy,raul_hernandez,3529c80de0f0f16dfe7fbb23dd9b31ac23fc8c26
raul_hernandez_img_0977,img_0977.jpg,naturaleza_y_bosques,ilustracion_plana_color,640,640,"Ilustración de paisaje de invierno en el bosque, estilo caricatura",Vecteezy,raul_hernandez,1d79983e9e66bb1ca0e36de5ff07412657e19e85
raul_hernandez_img_0978,img_0978.jpg,naturaleza_y_bosques,ilustracion_plana_color,640,640,"Ilustración de árbol en la naturaleza, estilo caricatura",Vecteezy,raul_hernandez,f762a13e053a634354ed2915c1ed58c73937fec2
raul_hernandez_img_0979,img_0979.jpg,naturaleza_y_bosques,ilustracion_plana_color,640,427,"Ilustración de árboles, estilo caricatura",Vecteezy,raul_hernandez,0237c959cfa18851a3f908400d60e857ff168555
raul_hernandez_img_0980,img_0980.jpg,naturaleza_y_bosques,ilustracion_plana_color,640,640,"Ilustración de árbol, estilo caricatura",Vecteezy,raul_hernandez,616f80703f8e7dd2b3f793f969a17a60a2e458a9
raul_hernandez_img_0981,img_0981.jpg,naturaleza_y_bosques,ilustracion_plana_color,427,640,"Ilustración de naturaleza y bosque, estilo plano a color",Vecteezy,raul_hernandez,f99bfa9af2d9389068a7162fdf2e25a74bc6be4a
raul_hernandez_img_0982,img_0982.jpg,naturaleza_y_bosques,ilustracion_plana_color,640,640,"Ilustración de oso en la naturaleza, tierna",Vecteezy,raul_hernandez,c166e9fed9d1ddb27e363bb78ced0c787cca7ebb
raul_hernandez_img_0983,img_0983.jpg,naturaleza_y_bosques,ilustracion_plana_color,640,640,"Ilustración de árbol en otoño, tierna",Vecteezy,raul_hernandez,cdafe3954c356227c226691192e83d38a6fe3a6a
raul_hernandez_img_0984,img_0984.jpg,naturaleza_y_bosques,ilustracion_plana_color,640,591,"Ilustración de flores, estilo plano a color",Vecteezy,raul_hernandez,036a8ee63f246e277b6f6b03278ca8faa95bdccb
raul_hernandez_img_0985,img_0985.jpg,naturaleza_y_bosques,ilustracion_plana_color,480,640,"Ilustración de paisaje invernal en invierno, estilo plano a color",Vecteezy,raul_hernandez,801ce5b35088839e7267d64b9dd1b12dea386a6a
raul_hernandez_img_0986,img_0986.jpg,naturaleza_y_bosques,ilustracion_plana_color,640,640,"Ilustración de paisaje de invierno en invierno, estilo plano a color",Vecteezy,raul_hernandez,04b3b447e9cb9d5d807354d11128b5dca61ac7b6
raul_hernandez_img_0987,img_0987.jpg,naturaleza_y_bosques,ilustracion_plana_color,640,640,"Ilustración de paisaje de invierno en invierno, estilo plano a color",Vecteezy,raul_hernandez,6ce606b7223edbaa5e873a47d3e5c0e9b7df4f27
raul_hernandez_img_0988,img_0988.jpg,naturaleza_y_bosques,ilustracion_plana_color,640,640,"Ilustración de naturaleza y bosque, estilo caricatura",Vecteezy,raul_hernandez,48c9f5941ae78f66499c533a9ff8b6257342b31a
raul_hernandez_img_0989,img_0989.jpg,naturaleza_y_bosques,ilustracion_plana_color,640,640,"Ilustración de paisaje de invierno en invierno, estilo caricatura",Vecteezy,raul_hernandez,7ac41ffae94b57e2e372c0f5e994e42a59cc190a
raul_hernandez_img_0990,img_0990.jpg,naturaleza_y_bosques,ilustracion_plana_color,427,640,"Ilustración de árbol, estilo plano a color",Vecteezy,raul_hernandez,23262b55bd58e0d9c8ec4f3a8ae5a6f5e489ee61
raul_hernandez_img_0991,img_0991.jpg,naturaleza_y_bosques,ilustracion_plana_color,640,640,"Ilustración de bosque en el bosque, tierna",Vecteezy,raul_hernandez,a888e9868a27a515d27cacdfaf19d286c0958720
raul_hernandez_img_0992,img_0992.jpg,naturaleza_y_bosques,ilustracion_plana_color,640,427,"Ilustración de paisaje natural, estilo plano a color",Vecteezy,raul_hernandez,6db3b3e6432b60df71a76749a3b28188ca56cce2
raul_hernandez_img_0993,img_0993.jpg,naturaleza_y_bosques,ilustracion_plana_color,360,640,"Ilustración de naturaleza y bosque, estilo plano a color",Vecteezy,raul_hernandez,ebc9ac7960a2691406c00d5fde2c412ba209cf01
raul_hernandez_img_0994,img_0994.jpg,naturaleza_y_bosques,ilustracion_plana_color,640,427,"Ilustración de paisaje invernal, estilo plano a color",Vecteezy,raul_hernandez,1fa12d234c788c82867fb5ef83b15e09f9820721
raul_hernandez_img_0995,img_0995.jpg,naturaleza_y_bosques,ilustracion_plana_color,640,427,"Ilustración de paisaje natural, estilo plano a color",Vecteezy,raul_hernandez,1e9d1890e84924131cc504d2df32e713285e9ed6
raul_hernandez_img_0996,img_0996.jpg,naturaleza_y_bosques,ilustracion_plana_color,427,640,"Ilustración de búho en la naturaleza, estilo plano a color",Vecteezy,raul_hernandez,2d51e391b2368df9d943079214129c622cf60516
raul_hernandez_img_0997,img_0997.jpg,naturaleza_y_bosques,ilustracion_plana_color,427,640,"Ilustración de zorro en la naturaleza, estilo plano a color",Vecteezy,raul_hernandez,6f2524d97dba9811f9c13b928b83fc3d7dc8f7d0
raul_hernandez_img_0998,img_0998.jpg,naturaleza_y_bosques,ilustracion_plana_color,476,640,"Ilustración de paisaje invernal en invierno, estilo plano a color",Vecteezy,raul_hernandez,e423e3abfb9c205f1f1341899061b7bff39fe4ac
raul_hernandez_img_0999,img_0999.jpg,naturaleza_y_bosques,ilustracion_plana_color,427,640,"Ilustración de escena de naturaleza en la naturaleza, estilo plano a color",Vecteezy,raul_hernandez,9937a100125ce0ef0bbadac5e2a2cede510eb06b
raul_hernandez_img_1000,img_1000.jpg,naturaleza_y_bosques,ilustracion_plana_color,476,640,"Ilustración de paisaje invernal en invierno, estilo plano a color",Vecteezy,raul_hernandez,706224a4c9705c5a6b20a2d8436f1fa5f3d7aa01
