id,archivo,tematica,estilo,ancho,alto,descripcion,fuente,recolector,hash_imagen
ernesto_guevara_img_0001,img_0001.jpg,naturaleza_y_bosques,ilustracion_plana_color,247,204,arroyo con puente bosque,Wikimedia Commons,ernesto_guevara,bc1187a96a4a11cddf5685a47721d8fcaf8ec4f5
ernesto_guevara_img_0002,img_0002.jpg,naturaleza_y_bosques,ilustracion_plana_color,300,168,pradera con colinas lejanas,Wikimedia Commons,ernesto_guevara,3a1a52959ed4d1ddda9e124beb811b5e0bfbc73a
ernesto_guevara_img_0003,img_0003.jpg,naturaleza_y_bosques,ilustracion_plana_color,315,160,bosque colorido con flores,Wikimedia Commons,ernesto_guevara,9f9963982e06cc63d2ed8f3f49e644e36f5f63c9
ernesto_guevara_img_0004,img_0004.jpg,naturaleza_y_bosques,ilustracion_plana_color,318,159,sendero entre arboles altos,Wikimedia Commons,ernesto_guevara,9ce99e6d0ed83e614014b2b67733c6c2e41e5f87
ernesto_guevara_img_0005,img_0005.jpg,naturaleza_y_bosques,ilustracion_plana_color,297,170,bosque verde iluminado,Wikimedia Commons,ernesto_guevara,49a79fa3b8a1cb1a90bd057f63f0de6b7efadfec
ernesto_guevara_img_0006,img_0006.jpg,naturaleza_y_bosques,ilustracion_plana_color,529,350,bosque con niebla azul,Wikimedia Commons,ernesto_guevara,a47acc365f9239bc2d45fea8b8ec7216ac7590e5
ernesto_guevara_img_0007,img_0007.jpg,naturaleza_y_bosques,ilustracion_plana_color,300,168,arboles frondosos en bosque,Wikimedia Commons,ernesto_guevara,896229556a4e82a640e5e2dcf5f6fea66293d4e6
ernesto_guevara_img_0008,img_0008.jpg,naturaleza_y_bosques,ilustracion_plana_color,246,205,sendero curvo entre arboles,Wikimedia Commons,ernesto_guevara,1d15d311b88cb66dbc94a78e6966c2c7ed88af93
ernesto_guevara_img_0009,img_0009.jpg,naturaleza_y_bosques,ilustracion_plana_color,266,189,bosque soleado con flores,Wikimedia Commons,ernesto_guevara,13f7e48e0bc0b0866a5b9dd6b1152af8c6437c94
ernesto_guevara_img_0010,img_0010.jpg,naturaleza_y_bosques,ilustracion_plana_color,278,181,vista al mar entre arboles,Wikimedia Commons,ernesto_guevara,a0c7150f8ca137f6b20bec41aeef7adc1c525e94
ernesto_guevara_img_0011,img_0011.png,naturaleza_y_bosques,ilustracion_plana_color,245,203,arroyo con puente bosque,Wikimedia Commons,ernesto_guevara,9c0d97c025056d3a8269b27a67df51d33ced198d
ernesto_guevara_img_0012,img_0012.jpg,naturaleza_y_bosques,ilustracion_plana_color,300,168,colinas verdes bajo nubes,Wikimedia Commons,ernesto_guevara,82c2e1890660dff3511a2fd9eb1f8886bd1ed496
ernesto_guevara_img_0013,img_0013.jpg,naturaleza_y_bosques,ilustracion_plana_color,300,168,pradera con pinos dispersos,Wikimedia Commons,ernesto_guevara,1930fdc8094ce3443b0104d02dc5782b547d7648
ernesto_guevara_img_0014,img_0014.png,naturaleza_y_bosques,ilustracion_plana_color,297,165,pradera con pinos dispersos,Wikimedia Commons,ernesto_guevara,71ee804742e547ee3026df98160e616c475731a6
ernesto_guevara_img_0015,img_0015.jpg,naturaleza_y_bosques,ilustracion_plana_color,298,169,claro rodeado de arboles,Wikimedia Commons,ernesto_guevara,d42c1c4a9df7ba1f8c5a814e4a12b23717836137
ernesto_guevara_img_0016,img_0016.jpg,naturaleza_y_bosques,ilustracion_plana_color,267,189,animales en bosque otoñal,Wikimedia Commons,ernesto_guevara,cc7f9221221ab0c48b07b17573fc02d8fbb9f88d
ernesto_guevara_img_0017,img_0017.jpg,naturaleza_y_bosques,ilustracion_plana_color,335,151,jardin colorido con flores,Wikimedia Commons,ernesto_guevara,c4ffad4545364fb05a745b0be07ae5d2093b9105
ernesto_guevara_img_0018,img_0018.jpg,naturaleza_y_bosques,ilustracion_plana_color,301,167,copa forestal vista lateral,Wikimedia Commons,ernesto_guevara,252c7094393dd3dc3765eb7129e584242eb59873
ernesto_guevara_img_0019,img_0019.jpg,naturaleza_y_bosques,ilustracion_plana_color,278,181,lago con montañas nevadas,Wikimedia Commons,ernesto_guevara,676476e22df27daa0dbd8dafda8aaec38ada92ec
ernesto_guevara_img_0020,img_0020.jpg,naturaleza_y_bosques,ilustracion_plana_color,301,167,cabaña entre arboles verdes,Wikimedia Commons,ernesto_guevara,aeaa6859dda31b44c61eb9ee65a183e5cf037a81
ernesto_guevara_img_0021,img_0021.jpg,naturaleza_y_bosques,ilustracion_plana_color,302,167,pradera florida con arboles,Wikimedia Commons,ernesto_guevara,6ffd676a9b81b27e4e5f6cc8db513f54c95ec9c7
ernesto_guevara_img_0022,img_0022.jpg,naturaleza_y_bosques,ilustracion_plana_color,272,185,bosque con niebla densa,Wikimedia Commons,ernesto_guevara,8d81dffcd8e2aa74797a72f24799c1ab14488971
ernesto_guevara_img_0023,img_0023.jpg,naturaleza_y_bosques,ilustracion_plana_color,260,194,arroyo junto a arboles,Wikimedia Commons,ernesto_guevara,4e8b47d20aeb8c6e550a3a4dd31e1c16247e1f7d
ernesto_guevara_img_0024,img_0024.jpg,naturaleza_y_bosques,ilustracion_plana_color,225,225,sendero entre arboles variados,Wikimedia Commons,ernesto_guevara,df0f07c8c4a8fe03ceb7ffbeb92ddcfedf6f9d4e
ernesto_guevara_img_0025,img_0025.jpg,naturaleza_y_bosques,ilustracion_plana_color,300,168,bosque iluminado con sendero,Wikimedia Commons,ernesto_guevara,61c583d36469b1cd20b0d87db82a4e3400dbdd86
ernesto_guevara_img_0026,img_0026.jpg,naturaleza_y_bosques,ilustracion_plana_color,260,194,arroyo entre flores silvestres,Wikimedia Commons,ernesto_guevara,31d6055132db1b5ebbe6d65307317dd63858662c
ernesto_guevara_img_0027,img_0027.jpg,naturaleza_y_bosques,ilustracion_plana_color,218,231,rio entre montañas y bosque,Wikimedia Commons,ernesto_guevara,2bca6bfb2f2f96aab8cd6d88dafdf3ab1b2371e3
ernesto_guevara_img_0028,img_0028.jpg,naturaleza_y_bosques,ilustracion_plana_color,299,168,pradera con arcoiris colorido,Wikimedia Commons,ernesto_guevara,8c0bc51450cb38a37621bd41f6d1fd964532e759
ernesto_guevara_img_0029,img_0029.jpg,naturaleza_y_bosques,ilustracion_plana_color,297,170,arbol solitario en pradera,Wikimedia Commons,ernesto_guevara,c498428fe42ae8fe7237a2798fe4aacea7307f69
ernesto_guevara_img_0030,img_0030.jpg,naturaleza_y_bosques,ilustracion_plana_color,275,183,sendero forestal junto arroyo,Wikimedia Commons,ernesto_guevara,6d73e2c5b9afd609c15e261e7d1589a622c7ee53
ernesto_guevara_img_0031,img_0031.jpg,naturaleza_y_bosques,ilustracion_plana_color,225,225,estanque en bosque frondoso,Wikimedia Commons,ernesto_guevara,f1a5edbd73bd272fb22b8161304d36183e103bfa
ernesto_guevara_img_0032,img_0032.jpg,naturaleza_y_bosques,ilustracion_plana_color,272,185,bosque claro con arboles,Wikimedia Commons,ernesto_guevara,abd14a9bdfcc8b40f8ce280b4a0cba01bff125e6
ernesto_guevara_img_0033,img_0033.jpg,naturaleza_y_bosques,ilustracion_plana_color,301,167,rio junto bosque montañoso,Wikimedia Commons,ernesto_guevara,741f4812415fdff6b47d74f164eb608f16143163
ernesto_guevara_img_0034,img_0034.jpg,naturaleza_y_bosques,ilustracion_plana_color,301,167,lago rodeado de arboles,Wikimedia Commons,ernesto_guevara,ca5db48c3646b94a7fbc891345bcbc7c3a8010cd
ernesto_guevara_img_0035,img_0035.jpg,naturaleza_y_bosques,ilustracion_plana_color,225,225,lago alpino con montañas,Wikimedia Commons,ernesto_guevara,dabfbae97506a8b398987dacfa0102fee5a1b0f3
ernesto_guevara_img_0036,img_0036.jpg,naturaleza_y_bosques,ilustracion_plana_color,267,188,sendero junto colinas verdes,Wikimedia Commons,ernesto_guevara,2b052fb308f10efc40c7eef61149a3f4354ea614
ernesto_guevara_img_0037,img_0037.jpg,naturaleza_y_bosques,ilustracion_plana_color,278,181,lago con montañas nevadas,Wikimedia Commons,ernesto_guevara,e8e17099d99ba165ae83412fd41f1074d358d9a5
ernesto_guevara_img_0038,img_0038.jpg,naturaleza_y_bosques,ilustracion_plana_color,301,167,pradera con arboles frutales,Wikimedia Commons,ernesto_guevara,0973a9a0db0c5ecbb49130110adab49586753eb8
ernesto_guevara_img_0039,img_0039.jpg,naturaleza_y_bosques,ilustracion_plana_color,225,225,valle verde con montañas,Wikimedia Commons,ernesto_guevara,d49794b058c348ad8684bba81bff3ad3d7da9ceb
ernesto_guevara_img_0040,img_0040.jpg,naturaleza_y_bosques,ilustracion_plana_color,263,192,rio entre montañas nevadas,Wikimedia Commons,ernesto_guevara,04c8930a1849680dc0b41010a7fd50531be1660c
ernesto_guevara_img_0041,img_0041.jpg,naturaleza_y_bosques,ilustracion_plana_color,300,168,bosque de arboles delgados,Wikimedia Commons,ernesto_guevara,a6ad0c827555660ca4393d79cedcdb15df6d3fb8
ernesto_guevara_img_0042,img_0042.jpg,naturaleza_y_bosques,ilustracion_plana_color,275,183,colinas verdes bajo cielo,Wikimedia Commons,ernesto_guevara,dccf401fbccf0e9e5e0a1857178624ba2fc805a1
ernesto_guevara_img_0043,img_0043.jpg,naturaleza_y_bosques,ilustracion_plana_color,301,167,pradera rocosa junto lago,Wikimedia Commons,ernesto_guevara,48bcdbf7bce25f405bf9adb3862a3839f360df35
ernesto_guevara_img_0044,img_0044.jpg,naturaleza_y_bosques,ilustracion_plana_color,242,208,pradera alpina con pinos,Wikimedia Commons,ernesto_guevara,4ca31ff5e394b0fe7ab8c6071d191c6e048aa8a6
ernesto_guevara_img_0045,img_0045.jpg,naturaleza_y_bosques,ilustracion_plana_color,318,159,bosque nocturno iluminado,Wikimedia Commons,ernesto_guevara,a0cca9e09cf6a0a5a5b1d3cb1f8b045297441cb0
ernesto_guevara_img_0046,img_0046.jpg,naturaleza_y_bosques,ilustracion_plana_color,225,225,montañas bajo sol brillante,Wikimedia Commons,ernesto_guevara,6ccc126709afa975c4d636e8edf586d967187e4a
ernesto_guevara_img_0047,img_0047.jpg,naturaleza_y_bosques,ilustracion_plana_color,282,179,montañas entre niebla distante,Wikimedia Commons,ernesto_guevara,0f338064ecb72049fdc085d58c000bbbcf6e434e
ernesto_guevara_img_0048,img_0048.jpg,naturaleza_y_bosques,ilustracion_plana_color,301,167,pradera con arcoiris lejano,Wikimedia Commons,ernesto_guevara,caa5b53357e8093bd01a5cba07809523b3611aee
ernesto_guevara_img_0049,img_0049.png,naturaleza_y_bosques,ilustracion_plana_color,275,180,lago con montañas nevadas,Wikimedia Commons,ernesto_guevara,cc5e4185205ded734d3d24a2afa07afb87de077d
ernesto_guevara_img_0050,img_0050.jpg,naturaleza_y_bosques,ilustracion_plana_color,275,183,rio serpenteante entre colinas,Wikimedia Commons,ernesto_guevara,af43c4ed3cfec5edbde8f3e62721b66676942990
ernesto_guevara_img_0051,img_0051.jpg,naturaleza_y_bosques,ilustracion_plana_color,389,129,playa tropical con palmeras,Wikimedia Commons,ernesto_guevara,e0e84d1eee9728c3c434c27162533c3a9aa0a2fe
ernesto_guevara_img_0052,img_0052.jpg,naturaleza_y_bosques,ilustracion_plana_color,300,168,bosque de coniferas lejano,Wikimedia Commons,ernesto_guevara,c067feaa108a8bb2c7ae73509d574f8caa63f552
ernesto_guevara_img_0053,img_0053.jpg,naturaleza_y_bosques,ilustracion_plana_color,318,159,pradera abierta con montañas,Wikimedia Commons,ernesto_guevara,0406014d6f713eceac01ede7ff33f422b1ca3d43
ernesto_guevara_img_0054,img_0054.png,naturaleza_y_bosques,ilustracion_plana_color,297,182,sendero junto arboles verdes,Wikimedia Commons,ernesto_guevara,74bbcdf899b511b127065e42e1806415db75a638
ernesto_guevara_img_0055,img_0055.jpg,naturaleza_y_bosques,ilustracion_plana_color,313,161,lago alpino entre montañas,Wikimedia Commons,ernesto_guevara,a04d32e5bb661319247c56337fdc8303ca508b1c
ernesto_guevara_img_0056,img_0056.png,naturaleza_y_bosques,ilustracion_plana_color,247,208,lago junto gran arbol,Wikimedia Commons,ernesto_guevara,8069deb2bc9db4903f9d85b35d00a5500e12fc89
ernesto_guevara_img_0057,img_0057.jpg,naturaleza_y_bosques,ilustracion_plana_color,247,204,lago junto gran arbol,Wikimedia Commons,ernesto_guevara,231c5f73f89c9dd7b9412efdf39fc985d1036c4f
ernesto_guevara_img_0058,img_0058.png,naturaleza_y_bosques,ilustracion_plana_color,306,157,lago alpino entre montañas,Wikimedia Commons,ernesto_guevara,e508fd81c991621f3c8a6b118b7cf96467cd9f12
ernesto_guevara_img_0059,img_0059.png,naturaleza_y_bosques,ilustracion_plana_color,297,172,sendero junto arboles verdes,Wikimedia Commons,ernesto_guevara,68f0e78157c237d229b4d0645f1ff8290fdb8523
ernesto_guevara_img_0060,img_0060.jpg,naturaleza_y_bosques,ilustracion_plana_color,269,188,bosque oscuro con niebla,Wikimedia Commons,ernesto_guevara,e5cbdfa68ac7cba0c83b6b0a53984908db30665f
ernesto_guevara_img_0061,img_0061.jpg,naturaleza_y_bosques,ilustracion_plana_color,301,167,parque arbolado con sendero,Wikimedia Commons,ernesto_guevara,5ab2520fb8ef4659b5bd49e86af90118ed4ef65d
ernesto_guevara_img_0062,img_0062.jpg,naturaleza_y_bosques,ilustracion_plana_color,258,195,bosque verde iluminado,Wikimedia Commons,ernesto_guevara,8804da05f5a89d762c2559f70faf7ed3af471ce4
ernesto_guevara_img_0063,img_0063.jpg,naturaleza_y_bosques,ilustracion_plana_color,279,180,pradera con arboles dispersos,Wikimedia Commons,ernesto_guevara,198e92f44bdedbd38c352d31f34532a3718b73d3
ernesto_guevara_img_0064,img_0064.jpg,naturaleza_y_bosques,ilustracion_plana_color,276,183,pradera soleada con girasol,Wikimedia Commons,ernesto_guevara,17d5640f40797417daa9f5544bc2549175b76371
ernesto_guevara_img_0065,img_0065.png,naturaleza_y_bosques,ilustracion_plana_color,311,158,bosque colorido con flores,Wikimedia Commons,ernesto_guevara,4a2ba263ac336d70aa54b7a5eda3a3873ea527da
ernesto_guevara_img_0066,img_0066.jpg,naturaleza_y_bosques,ilustracion_plana_color,278,181,vista al mar entre arboles,Wikimedia Commons,ernesto_guevara,551fa4b3e7a8af31c5309d7bd1ca578a8bc72035
ernesto_guevara_img_0067,img_0067.jpg,naturaleza_y_bosques,ilustracion_plana_color,275,183,sendero boscoso entre rocas,Wikimedia Commons,ernesto_guevara,df921c36c2eb2f69d7a073e6b14b8dd2f897ff15
ernesto_guevara_img_0068,img_0068.png,naturaleza_y_bosques,ilustracion_plana_color,305,167,pradera florida con arboles,Wikimedia Commons,ernesto_guevara,783962eb0a7ed234f5fb2463e057c1e2d7ef2c2a
ernesto_guevara_img_0069,img_0069.jpg,naturaleza_y_bosques,ilustracion_plana_color,300,168,rio sinuoso en bosque,Wikimedia Commons,ernesto_guevara,1d3130f6c9fcdb78815b8bf00308542b01c464f7
ernesto_guevara_img_0070,img_0070.jpg,naturaleza_y_bosques,ilustracion_plana_color,284,177,bosque iluminado por sol,Wikimedia Commons,ernesto_guevara,527010516af256f4f2906b5e880f8102da79577b
ernesto_guevara_img_0071,img_0071.png,naturaleza_y_bosques,ilustracion_plana_color,263,185,bosque soleado con flores,Wikimedia Commons,ernesto_guevara,c228aa9e3fe4ec5b92d6c1fcc86207daf371e4a8
ernesto_guevara_img_0072,img_0072.jpg,naturaleza_y_bosques,ilustracion_plana_color,304,166,pradera con conejos y arcoiris,Wikimedia Commons,ernesto_guevara,a590c47664fbaa5f86dc6a26d8fdf4345aa15be3
ernesto_guevara_img_0073,img_0073.jpg,naturaleza_y_bosques,ilustracion_plana_color,297,169,bosque verde con sendero,Wikimedia Commons,ernesto_guevara,413b0c646a4ea06bcb0770b8eba8cceb0b777745
ernesto_guevara_img_0074,img_0074.jpg,naturaleza_y_bosques,ilustracion_plana_color,260,194,bosque frondoso iluminado,Wikimedia Commons,ernesto_guevara,e7c7df5f8d8dd98f95e25a4e6a7d98c62a4faff3
ernesto_guevara_img_0075,img_0075.jpg,naturaleza_y_bosques,ilustracion_plana_color,266,190,sendero entre arboles gigantes,Wikimedia Commons,ernesto_guevara,feb924b37f7bf093a653064be74faee2be9195b8
ernesto_guevara_img_0076,img_0076.jpg,naturaleza_y_bosques,ilustracion_plana_color,299,168,pradera florida con colinas,Wikimedia Commons,ernesto_guevara,de81a058b7ad2c8e68ff59fc93c4c3707e1b1fe1
ernesto_guevara_img_0077,img_0077.jpg,naturaleza_y_bosques,ilustracion_plana_color,300,168,bosque soleado con sendero,Wikimedia Commons,ernesto_guevara,14007689d026ca5e9b72571ecdadf96e2e169be6
ernesto_guevara_img_0078,img_0078.jpg,naturaleza_y_bosques,ilustracion_plana_color,301,167,arboles altos en bosque,Wikimedia Commons,ernesto_guevara,62e70eb98f650c02cd7903d48d61eb620051d76f
ernesto_guevara_img_0079,img_0079.png,naturaleza_y_bosques,ilustracion_plana_color,312,176,arbol junto lago tranquilo,Wikimedia Commons,ernesto_guevara,8e9da68d75a4378896fc775bcbee35a066035b89
ernesto_guevara_img_0080,img_0080.jpg,naturaleza_y_bosques,ilustracion_plana_color,300,168,bosque oscuro con niebla,Wikimedia Commons,ernesto_guevara,ed6854755138c29ecd245884fab000aaea1c1c20
ernesto_guevara_img_0081,img_0081.jpg,naturaleza_y_bosques,ilustracion_plana_color,301,167,claro forestal con pinos,Wikimedia Commons,ernesto_guevara,6e0f433c41083ef6bbae10fe02558df93c5cfc64
ernesto_guevara_img_0082,img_0082.jpg,naturaleza_y_bosques,ilustracion_plana_color,225,225,animales bajo gran arbol,Wikimedia Commons,ernesto_guevara,c1de5eaeae576af403b52fa487adf89e70ac8918
ernesto_guevara_img_0083,img_0083.jpg,naturaleza_y_bosques,ilustracion_plana_color,300,168,pradera con arcoiris colorido,Wikimedia Commons,ernesto_guevara,b4079aa0bc3f8f4aa6aecb6c75e800f3d4fed22c
ernesto_guevara_img_0084,img_0084.jpg,naturaleza_y_bosques,ilustracion_plana_color,300,168,pradera verde horizonte lejano,Wikimedia Commons,ernesto_guevara,7e99f97b47fda834642ad1d029a03083c5ec79b6
ernesto_guevara_img_0085,img_0085.jpg,naturaleza_y_bosques,ilustracion_plana_color,301,167,sendero junto colinas verdes,Wikimedia Commons,ernesto_guevara,5f31cd1aa6e27e7ff11bc537f3dd15ca1f488cff
ernesto_guevara_img_0086,img_0086.png,naturaleza_y_bosques,ilustracion_plana_color,300,168,cabaña entre arboles verdes,Wikimedia Commons,ernesto_guevara,9c87a1da046cb56f1815dd880bc5c66eb858dfe4
ernesto_guevara_img_0087,img_0087.jpg,naturaleza_y_bosques,ilustracion_plana_color,267,189,casa bosque con arcoiris,Wikimedia Commons,ernesto_guevara,4615b60041dcc07cc3eb6950d5a441ed353c0cd2
ernesto_guevara_img_0088,img_0088.jpg,naturaleza_y_bosques,ilustracion_plana_color,225,225,bosque claro con sendero,Wikimedia Commons,ernesto_guevara,5704dce06cae566b25e2cf43f95b7533240f85e7
ernesto_guevara_img_0089,img_0089.jpg,naturaleza_y_bosques,ilustracion_plana_color,303,166,pradera abierta bajo nubes,Wikimedia Commons,ernesto_guevara,7fc1ade63377e922286133b30a8e567f79465a91
ernesto_guevara_img_0090,img_0090.jpg,naturaleza_y_bosques,ilustracion_plana_color,259,194,bosque fantastico con flores,Wikimedia Commons,ernesto_guevara,b0c6cdf6e1ad13366de5ed437ba95d2fcf422ea8
ernesto_guevara_img_0091,img_0091.jpg,naturaleza_y_bosques,ilustracion_plana_color,300,168,bosque oscuro con flores,Wikimedia Commons,ernesto_guevara,75648b5bbdc18eb157d09c8655bfc41a72400055
ernesto_guevara_img_0092,img_0092.jpg,naturaleza_y_bosques,ilustracion_plana_color,299,168,troncos alineados en bosque,Wikimedia Commons,ernesto_guevara,91dbb074b0555fcb464ebbf55044f1572d02913e
ernesto_guevara_img_0093,img_0093.jpg,naturaleza_y_bosques,ilustracion_plana_color,278,181,vista al mar entre arboles,Wikimedia Commons,ernesto_guevara,231d69bc6d6ceaedd227c2f2ee5060eb976dff36
ernesto_guevara_img_0094,img_0094.jpg,naturaleza_y_bosques,ilustracion_plana_color,275,183,sendero curvo entre arboles,Wikimedia Commons,ernesto_guevara,e4edf4574cfb9e011a5f3bf49898c25b05316029
ernesto_guevara_img_0095,img_0095.png,naturaleza_y_bosques,ilustracion_plana_color,301,167,pradera con arboles frutales,Wikimedia Commons,ernesto_guevara,540636899fa21da14a7c133936798cc111a4f603
ernesto_guevara_img_0096,img_0096.jpg,naturaleza_y_bosques,ilustracion_plana_color,328,154,bosque humedo con niebla,Wikimedia Commons,ernesto_guevara,8bd9c2f8c8c552d5b80c43d01f8d3960aa46a5a1
ernesto_guevara_img_0097,img_0097.jpg,naturaleza_y_bosques,ilustracion_plana_color,301,167,pradera con arboles dispersos,Wikimedia Commons,ernesto_guevara,aaa0a258bd576248c5c6a85cc7829b3666c16d0b
ernesto_guevara_img_0098,img_0098.jpg,naturaleza_y_bosques,ilustracion_plana_color,301,167,bosque de coniferas oscuro,Wikimedia Commons,ernesto_guevara,bd5c98121389c5e000de55dcf53835bf5d798332
ernesto_guevara_img_0099,img_0099.jpg,naturaleza_y_bosques,ilustracion_plana_color,289,174,camino entre arboles redondos,Wikimedia Commons,ernesto_guevara,307149308feb4d2033dd350d9a2c85eee67b37ef
ernesto_guevara_img_0100,img_0100.jpg,naturaleza_y_bosques,ilustracion_plana_color,300,168,bosque luminoso con troncos,Wikimedia Commons,ernesto_guevara,c4d5d1722e16a6ac91a9dfff223b75b6a7a97e37
ernesto_guevara_img_0101,img_0101.jpg,naturaleza_y_bosques,ilustracion_plana_color,259,194,animales en bosque verde,Wikimedia Commons,ernesto_guevara,fdacf2287576452d1c3680931a439c76cdf786e1
ernesto_guevara_img_0102,img_0102.jpg,naturaleza_y_bosques,ilustracion_plana_color,260,194,rio tranquilo entre colinas,Wikimedia Commons,ernesto_guevara,f4c70895092b48f393cc3ed5f102b11fbff22877
ernesto_guevara_img_0103,img_0103.jpg,naturaleza_y_bosques,ilustracion_plana_color,225,225,rio ancho bajo nubes,Wikimedia Commons,ernesto_guevara,adc5260ab810bb7743df79c7a20c40eac487caff
ernesto_guevara_img_0104,img_0104.jpg,naturaleza_y_bosques,ilustracion_plana_color,263,192,rio entre montañas nevadas,Wikimedia Commons,ernesto_guevara,ed1e188643dca15c432a288b7f7a11fc9d80bd37
ernesto_guevara_img_0105,img_0105.png,naturaleza_y_bosques,ilustracion_plana_color,225,225,valle verde con montañas,Wikimedia Commons,ernesto_guevara,2ab7495e2031f7d1602eb1b17aacdb49a1cd6a95
ernesto_guevara_img_0106,img_0106.jpg,naturaleza_y_bosques,ilustracion_plana_color,252,200,rio entre montañas y bosque,Wikimedia Commons,ernesto_guevara,8c198c749b6a66e7d18c5f5665e0529039469118
ernesto_guevara_img_0107,img_0107.jpg,naturaleza_y_bosques,ilustracion_plana_color,225,225,lago con montañas nevadas,Wikimedia Commons,ernesto_guevara,f34432659cfd24ea250a13a4c80ff1f7a2e75a5a
ernesto_guevara_img_0108,img_0108.jpg,naturaleza_y_bosques,ilustracion_plana_color,275,183,rio entre colinas rocosas,Wikimedia Commons,ernesto_guevara,e7db7ef648473de239e404a41b8a8a1e2c400fcb
ernesto_guevara_img_0109,img_0109.jpg,naturaleza_y_bosques,ilustracion_plana_color,268,188,rio serpenteante en pradera,Wikimedia Commons,ernesto_guevara,97574037bfeab2dc8336c9aa2cabbfba6fb2597f
ernesto_guevara_img_0110,img_0110.jpg,naturaleza_y_bosques,ilustracion_plana_color,318,158,arboles junto terreno abierto,Wikimedia Commons,ernesto_guevara,79efcc9da8fb4fd8f5b22814522389c07b2e24ce
ernesto_guevara_img_0111,img_0111.jpg,naturaleza_y_bosques,ilustracion_plana_color,301,167,bosque nocturno con flores,Wikimedia Commons,ernesto_guevara,e09111439e8712e9930ea96c9e1024ecde4cd477
ernesto_guevara_img_0112,img_0112.jpg,naturaleza_y_bosques,ilustracion_plana_color,279,181,valle verde con montañas,Wikimedia Commons,ernesto_guevara,492c0c004ef4368f62380da8d0672c53be7839bd
ernesto_guevara_img_0113,img_0113.jpg,naturaleza_y_bosques,ilustracion_plana_color,279,181,sendero forestal iluminado,Wikimedia Commons,ernesto_guevara,c10d5c24c8780d1b1429b0f3ce218ccaf7fa7c88
ernesto_guevara_img_0114,img_0114.jpg,naturaleza_y_bosques,ilustracion_plana_color,286,176,arroyo entre arboles verdes,Wikimedia Commons,ernesto_guevara,ec9d952d990fa120cd262a7b0fb99ebb3ce43b24
ernesto_guevara_img_0115,img_0115.jpg,naturaleza_y_bosques,ilustracion_plana_color,300,168,pradera verde horizonte lejano,Wikimedia Commons,ernesto_guevara,49969a13ba123b27a4fb1de13662fa81b2c1d6b4
ernesto_guevara_img_0116,img_0116.png,naturaleza_y_bosques,ilustracion_plana_color,260,194,arroyo entre flores silvestres,Wikimedia Commons,ernesto_guevara,bd489c45c5d8e9ba59e7c984b92d1d6d0c345b39
ernesto_guevara_img_0117,img_0117.jpg,naturaleza_y_bosques,ilustracion_plana_color,301,167,atardecer sobre bosque oscuro,Wikimedia Commons,ernesto_guevara,8c2f0c3ff380dae8881b3d696536303da6bffe75
ernesto_guevara_img_0118,img_0118.jpg,naturaleza_y_bosques,ilustracion_plana_color,253,199,aves en bosque frondoso,Wikimedia Commons,ernesto_guevara,3f4ea2a082b942e875170c90f1907c1b5207efaf
ernesto_guevara_img_0119,img_0119.jpg,naturaleza_y_bosques,ilustracion_plana_color,271,186,bosque con niebla azul,Wikimedia Commons,ernesto_guevara,d17b562a4a87531234519dc0082878d80e2c9b64
ernesto_guevara_img_0120,img_0120.jpg,naturaleza_y_bosques,ilustracion_plana_color,300,168,bosque tropical colorido,Wikimedia Commons,ernesto_guevara,4ed1000b0f92ee8e25d698f2e8a0d9897cc7fb02
ernesto_guevara_img_0121,img_0121.png,naturaleza_y_bosques,ilustracion_plana_color,225,225,bosque claro con sendero,Wikimedia Commons,ernesto_guevara,6c79ef7d00d721caffff53dc5715c3674178027e
ernesto_guevara_img_0122,img_0122.jpg,naturaleza_y_bosques,ilustracion_plana_color,275,183,sendero forestal junto arroyo,Wikimedia Commons,ernesto_guevara,b60fa41942adead05fd35f34eb5000faa6edf8d4
ernesto_guevara_img_0123,img_0123.png,naturaleza_y_bosques,ilustracion_plana_color,300,168,arboles frondosos en bosque,Wikimedia Commons,ernesto_guevara,8d8e485c8045290f9f3bc9b7da489bd0674b2d55
ernesto_guevara_img_0124,img_0124.jpg,naturaleza_y_bosques,ilustracion_plana_color,301,167,parque arbolado con sendero,Wikimedia Commons,ernesto_guevara,b5ab11d6d644dfd65c4423a51280b5975cd602ff
ernesto_guevara_img_0125,img_0125.jpg,naturaleza_y_bosques,ilustracion_plana_color,275,183,animales en claro forestal,Wikimedia Commons,ernesto_guevara,be86fb6be69f71003a92de417c3d2beef45b1c5f
ernesto_guevara_img_0126,img_0126.jpg,naturaleza_y_bosques,ilustracion_plana_color,267,189,animales jugando en bosque,Wikimedia Commons,ernesto_guevara,7a509e643ed77802bd27434cee686a308d9309c5
ernesto_guevara_img_0127,img_0127.jpg,naturaleza_y_bosques,ilustracion_plana_color,318,159,animales junto arroyo bosque,Wikimedia Commons,ernesto_guevara,6044b9e29aa60b7bebe30c1afeac21e59d2c9f5e
ernesto_guevara_img_0128,img_0128.png,naturaleza_y_bosques,ilustracion_plana_color,276,183,pradera soleada con girasol,Wikimedia Commons,ernesto_guevara,7bbb9857d330629e17f0e2e192951ab49a9fccfd
ernesto_guevara_img_0129,img_0129.jpg,naturaleza_y_bosques,ilustracion_plana_color,275,183,bosque de coniferas lejano,Wikimedia Commons,ernesto_guevara,71ae2251491ec6926e8ca1fef26cce26d4321751
ernesto_guevara_img_0130,img_0130.jpg,naturaleza_y_bosques,ilustracion_plana_color,500,331,parque arbolado con sendero,Wikimedia Commons,ernesto_guevara,a5e211b869486512b2ba11616194cf631ceb74d4
ernesto_guevara_img_0131,img_0131.jpg,naturaleza_y_bosques,ilustracion_plana_color,500,331,pradera con arboles dispersos,Wikimedia Commons,ernesto_guevara,ccebbd87c0f23290c25a198297acffd2db18b1d7
ernesto_guevara_img_0132,img_0132.jpg,naturaleza_y_bosques,ilustracion_plana_color,500,331,sendero entre arboles verdes,Wikimedia Commons,ernesto_guevara,5ba2c691bc2cf8855d8fb606f8c7ce3c96000bb1
ernesto_guevara_img_0133,img_0133.jpg,naturaleza_y_bosques,ilustracion_plana_color,500,331,bosque verde iluminado,Wikimedia Commons,ernesto_guevara,cd735d75b74e29b7fe422e44c712e06ccd8f4e39
ernesto_guevara_img_0134,img_0134.jpg,naturaleza_y_bosques,ilustracion_plana_color,500,331,pradera con arboles frutales,Wikimedia Commons,ernesto_guevara,852953f74e3e86671cf682c1008dcf13b4f9bcf4
ernesto_guevara_img_0135,img_0135.jpg,naturaleza_y_bosques,ilustracion_plana_color,500,331,arcoiris sobre bosque verde,Wikimedia Commons,ernesto_guevara,51dc02c61094c613840d9929f629b144f508b975
ernesto_guevara_img_0136,img_0136.jpg,naturaleza_y_bosques,ilustracion_plana_color,500,331,arroyo entre bosque frondoso,Wikimedia Commons,ernesto_guevara,4f797be287cea21b579165a3c5626e8adee97505
ernesto_guevara_img_0137,img_0137.jpg,naturaleza_y_bosques,ilustracion_plana_color,500,331,pradera entre arboles verdes,Wikimedia Commons,ernesto_guevara,1d2b9632d57eeb247d744450609b919bcf5d2e88
ernesto_guevara_img_0138,img_0138.png,naturaleza_y_bosques,ilustracion_plana_color,225,225,sendero entre arboles variados,Wikimedia Commons,ernesto_guevara,8d33847ee4b2c8c2c466a82e068cd07a0314d057
ernesto_guevara_img_0139,img_0139.png,naturaleza_y_bosques,ilustracion_plana_color,279,181,valle verde con montañas,Wikimedia Commons,ernesto_guevara,674377fff1d7874b97e3b677ccbd1b6b8e189429
ernesto_guevara_img_0140,img_0140.jpg,naturaleza_y_bosques,ilustracion_plana_color,500,331,bosque denso con sendero,Wikimedia Commons,ernesto_guevara,a7e7a3c8932cd44234728029e0e4760fb9b87425
ernesto_guevara_img_0141,img_0141.jpg,naturaleza_y_bosques,ilustracion_plana_color,500,331,bosque iluminado entre troncos,Wikimedia Commons,ernesto_guevara,14cd5c3266cac05b040145fbb1a7884452fce887
ernesto_guevara_img_0142,img_0142.jpg,naturaleza_y_bosques,ilustracion_plana_color,500,331,bosque de coniferas oscuro,Wikimedia Commons,ernesto_guevara,6303a9012a3893f774904fa8b26bc14c1c292509
ernesto_guevara_img_0143,img_0143.jpg,naturaleza_y_bosques,ilustracion_plana_color,500,331,claro verde con flores,Wikimedia Commons,ernesto_guevara,8978c33fb83707ffc9afab87a41f6eb4480efbb7
ernesto_guevara_img_0144,img_0144.jpg,naturaleza_y_bosques,ilustracion_plana_color,500,331,sendero curvo en bosque,Wikimedia Commons,ernesto_guevara,25b34d1563a16a142aaa4fa280271660fc71d263
ernesto_guevara_img_0145,img_0145.jpg,naturaleza_y_bosques,ilustracion_plana_color,500,331,colinas rocosas entre arboles,Wikimedia Commons,ernesto_guevara,75b5398cb465da066edc985c65708fe9d4098d2c
ernesto_guevara_img_0146,img_0146.jpg,naturaleza_y_bosques,ilustracion_plana_color,500,331,parque arbolado con sendero,Wikimedia Commons,ernesto_guevara,2fc4e2943aa9af66ffe5a89173c9d8216e4c4740
ernesto_guevara_img_0147,img_0147.jpg,naturaleza_y_bosques,ilustracion_plana_color,500,331,bosque fantastico con flores,Wikimedia Commons,ernesto_guevara,4b7ca8ca3d0d02e93d1fd79d01d36b75178e41ff
ernesto_guevara_img_0148,img_0148.jpg,naturaleza_y_bosques,ilustracion_plana_color,500,331,sendero curvo entre arboles,Wikimedia Commons,ernesto_guevara,dee7c0e65df2e0a62c03f17c9d7be44abb5c010e
ernesto_guevara_img_0149,img_0149.png,naturaleza_y_bosques,ilustracion_plana_color,279,180,pradera con arboles dispersos,Wikimedia Commons,ernesto_guevara,0fdf0438e3a04ad545b231c5ea9e827a53981b8d
ernesto_guevara_img_0150,img_0150.jpg,naturaleza_y_bosques,ilustracion_plana_color,500,331,sendero bosque tropical verde,Wikimedia Commons,ernesto_guevara,a049f2c0ad5c642d6bb7d568c162ee2dfc6a9f56
ernesto_guevara_img_0151,img_0151.jpg,naturaleza_y_bosques,ilustracion_plana_color,299,168,bosque iluminado con niebla,Wikimedia Commons,ernesto_guevara,bd5c7ecdebded8e05192ba8e8b80f0c2c80a814f
ernesto_guevara_img_0152,img_0152.jpg,naturaleza_y_bosques,ilustracion_plana_color,500,331,bosque verde con sendero,Wikimedia Commons,ernesto_guevara,7bd8c2c105563d4d122ee38856aa8e4d0d4ed008
ernesto_guevara_img_0153,img_0153.jpg,naturaleza_y_bosques,ilustracion_plana_color,500,331,bosque con niebla azul,Wikimedia Commons,ernesto_guevara,45d5c32dc9d2aff1584ce72e85e1edb30c098202
ernesto_guevara_img_0154,img_0154.jpg,naturaleza_y_bosques,ilustracion_plana_color,500,331,sendero florido entre arboles,Wikimedia Commons,ernesto_guevara,72ef0b482d7bef4feb9be44d6fea8d9a1930bff7
ernesto_guevara_img_0155,img_0155.jpg,naturaleza_y_bosques,ilustracion_plana_color,500,331,claro forestal soleado,Wikimedia Commons,ernesto_guevara,a3f322a9ef9bf78ff5ccc1ae26e715a6aa4caecc
ernesto_guevara_img_0156,img_0156.jpg,naturaleza_y_bosques,ilustracion_plana_color,500,331,sendero curvo en bosque,Wikimedia Commons,ernesto_guevara,f5da6dcd5466b4849f3b8dd42ae080bcd5226ce7
ernesto_guevara_img_0157,img_0157.jpg,naturaleza_y_bosques,ilustracion_plana_color,500,331,colinas verdes bajo sol,Wikimedia Commons,ernesto_guevara,b36c10f38343498ef8927018fe302c038756a939
ernesto_guevara_img_0158,img_0158.jpg,naturaleza_y_bosques,ilustracion_plana_color,500,331,playa tropical con palmeras,Wikimedia Commons,ernesto_guevara,664c15b3d0b46e478fa7df014709c47ed22ae9db
ernesto_guevara_img_0159,img_0159.jpg,naturaleza_y_bosques,ilustracion_plana_color,500,367,bosque claro con sendero,Wikimedia Commons,ernesto_guevara,2aa535496a24350065fce490da363b4319a20221
ernesto_guevara_img_0160,img_0160.png,naturaleza_y_bosques,ilustracion_plana_color,272,185,bosque humedo con niebla,Wikimedia Commons,ernesto_guevara,bb2c45a7caca5d6ee2cc323a1360cde3fdf56f57
ernesto_guevara_img_0161,img_0161.jpg,naturaleza_y_bosques,ilustracion_plana_color,500,367,pradera junto colinas verdes,Wikimedia Commons,ernesto_guevara,e03a19ee2a078ea0ef792d11cc8e1e001e5643fe
ernesto_guevara_img_0162,img_0162.jpg,naturaleza_y_bosques,ilustracion_plana_color,500,367,bosque frondoso con sendero,Wikimedia Commons,ernesto_guevara,9eb8e723013b9fe2d42e78fd9fd75f8bb37ae75b
ernesto_guevara_img_0163,img_0163.jpg,naturaleza_y_bosques,ilustracion_plana_color,256,197,animales junto gran arbol,Wikimedia Commons,ernesto_guevara,15f5d4a8c87ffc4c31c6615bb6aba4dc0325308d
ernesto_guevara_img_0164,img_0164.jpg,naturaleza_y_bosques,ilustracion_plana_color,500,367,sendero soleado entre arboles,Wikimedia Commons,ernesto_guevara,d032bef07433a35f6001f9b21276c5fe44079dd5
ernesto_guevara_img_0165,img_0165.jpg,naturaleza_y_bosques,ilustracion_plana_color,500,367,pradera con pinos dispersos,Wikimedia Commons,ernesto_guevara,2c6a58f5a9c77456a97cbaf3a1e4cc7f968ebe81
ernesto_guevara_img_0166,img_0166.jpg,naturaleza_y_bosques,ilustracion_plana_color,500,367,pradera abierta junto bosque,Wikimedia Commons,ernesto_guevara,50d35e50f01f96f7e4a32b074615f3fa8a5e35b0
ernesto_guevara_img_0167,img_0167.jpg,naturaleza_y_bosques,ilustracion_plana_color,500,367,sendero florido en bosque,Wikimedia Commons,ernesto_guevara,78c3b0895b994a2849288b8abd9447aacfc2ba69
ernesto_guevara_img_0168,img_0168.jpg,naturaleza_y_bosques,ilustracion_plana_color,500,367,bosque con troncos altos,Wikimedia Commons,ernesto_guevara,34f836fc0ffad9aad0207cdd871458635fada88d
ernesto_guevara_img_0169,img_0169.jpg,naturaleza_y_bosques,ilustracion_plana_color,500,367,pradera con arboles dispersos,Wikimedia Commons,ernesto_guevara,7063901364ba5166a3fae2ba66099e05e71c667b
ernesto_guevara_img_0170,img_0170.jpg,naturaleza_y_bosques,ilustracion_plana_color,500,497,arboles junto lago tranquilo,Wikimedia Commons,ernesto_guevara,dcc5cc91ecabc4a6ca60e487a73cb6bdd203497d
ernesto_guevara_img_0171,img_0171.png,naturaleza_y_bosques,ilustracion_plana_color,275,183,animales en claro forestal,Wikimedia Commons,ernesto_guevara,0436690eb53df710550485e343893a3617ec23eb
ernesto_guevara_img_0172,img_0172.jpg,naturaleza_y_bosques,ilustracion_plana_color,500,497,claro verde junto arboles,Wikimedia Commons,ernesto_guevara,d23742d8eb22525d8470b6ce8f38d125b6bec6d7
ernesto_guevara_img_0173,img_0173.jpg,naturaleza_y_bosques,ilustracion_plana_color,500,497,bosque tropical frondoso,Wikimedia Commons,ernesto_guevara,73d7639e9d90588a262de91ba07f320a58a37a58
ernesto_guevara_img_0174,img_0174.jpg,naturaleza_y_bosques,ilustracion_plana_color,500,497,sendero entre arboles altos,Wikimedia Commons,ernesto_guevara,48effd82ab03b128d77a46b04ce0ab6fbf13090d
ernesto_guevara_img_0175,img_0175.jpg,naturaleza_y_bosques,ilustracion_plana_color,272,185,bosque denso con niebla,Wikimedia Commons,ernesto_guevara,e552498ce8f0887a333473934f485ade8545c48d
ernesto_guevara_img_0176,img_0176.jpg,naturaleza_y_bosques,ilustracion_plana_color,500,497,bosque de coniferas iluminado,Wikimedia Commons,ernesto_guevara,fe1acff9260210168a9bc26d53ea685a7aa91349
ernesto_guevara_img_0177,img_0177.jpg,naturaleza_y_bosques,ilustracion_plana_color,500,497,pradera con arboles frutales,Wikimedia Commons,ernesto_guevara,065ab15df3cd8615e0273f3d3efd8255e9b58cdf
ernesto_guevara_img_0178,img_0178.jpg,naturaleza_y_bosques,ilustracion_plana_color,500,497,sendero florido entre arboles,Wikimedia Commons,ernesto_guevara,72931f7a40c68bc6cab430b17a6828ff845bf713
ernesto_guevara_img_0179,img_0179.jpg,naturaleza_y_bosques,ilustracion_plana_color,500,497,pradera con arboles dispersos,Wikimedia Commons,ernesto_guevara,5670e5c19fe5aaf31cbaa19517c7207472168db4
ernesto_guevara_img_0180,img_0180.jpg,naturaleza_y_bosques,ilustracion_plana_color,500,497,sendero terroso entre arboles,Wikimedia Commons,ernesto_guevara,1aa9fcdfc37fda93c31647747ec6da57d8bf3bf3
ernesto_guevara_img_0181,img_0181.jpg,naturaleza_y_bosques,ilustracion_plana_color,500,497,bosque con arcoiris lejano,Wikimedia Commons,ernesto_guevara,b0c8c296fd3c2404aaeb7e13ff9aecaa417c70db
ernesto_guevara_img_0182,img_0182.png,naturaleza_y_bosques,ilustracion_plana_color,302,167,pradera florida con arboles,Wikimedia Commons,ernesto_guevara,7b39a4ce98c422026c7d489d386bb6eb484fa2a9
ernesto_guevara_img_0183,img_0183.jpg,naturaleza_y_bosques,ilustracion_plana_color,500,497,bosque tropical colorido,Wikimedia Commons,ernesto_guevara,d8c6556a82d2f87916de16d07f944c6bf13e42b8
ernesto_guevara_img_0184,img_0184.jpg,naturaleza_y_bosques,ilustracion_plana_color,500,497,colina verde con pinos,Wikimedia Commons,ernesto_guevara,de3072cf22726b42276cd177900eea80d842ad26
ernesto_guevara_img_0185,img_0185.jpg,naturaleza_y_bosques,ilustracion_plana_color,500,497,pradera soleada con girasol,Wikimedia Commons,ernesto_guevara,07fbaaa3062afe192b1f94dfbb467392701e3765
ernesto_guevara_img_0186,img_0186.jpg,naturaleza_y_bosques,ilustracion_plana_color,500,497,claro verde entre arboles,Wikimedia Commons,ernesto_guevara,2cebb81c18a6e026a60f12a53cc2a10bb32c5eb5
ernesto_guevara_img_0187,img_0187.jpg,naturaleza_y_bosques,ilustracion_plana_color,276,182,sendero forestal con troncos,Wikimedia Commons,ernesto_guevara,96bd0f882b41d5b000fac94414e9d5fb74f9f3e9
ernesto_guevara_img_0188,img_0188.jpg,naturaleza_y_bosques,ilustracion_plana_color,500,497,sendero entre arboles antiguos,Wikimedia Commons,ernesto_guevara,2c6a55285acfa3ccb2dba0a80ad7fa2ba3c28393
ernesto_guevara_img_0189,img_0189.jpg,naturaleza_y_bosques,ilustracion_plana_color,500,498,bosque iluminado por sol,Wikimedia Commons,ernesto_guevara,49d6292c774b8ff6237d81220e6e478083098783
ernesto_guevara_img_0190,img_0190.jpg,naturaleza_y_bosques,ilustracion_plana_color,500,498,bosque con niebla azul,Wikimedia Commons,ernesto_guevara,f9b1f68e5f9eb7b4c22268cdfaed42f47d15f09b
ernesto_guevara_img_0191,img_0191.jpg,naturaleza_y_bosques,ilustracion_plana_color,500,498,pradera junto lago azul,Wikimedia Commons,ernesto_guevara,57fb85e713939591ed117b478593e87ced9c7226
ernesto_guevara_img_0192,img_0192.jpg,naturaleza_y_bosques,ilustracion_plana_color,500,498,arroyo entre bosque verde,Wikimedia Commons,ernesto_guevara,ceb048424c32a894f702dd47c3201291438c467b
ernesto_guevara_img_0193,img_0193.png,naturaleza_y_bosques,ilustracion_plana_color,301,167,cabaña entre arboles verdes,Wikimedia Commons,ernesto_guevara,30dbca7e0ceb6454cdb0d2ba73db1221226b7872
ernesto_guevara_img_0194,img_0194.jpg,naturaleza_y_bosques,ilustracion_plana_color,500,498,sendero forestal junto arroyo,Wikimedia Commons,ernesto_guevara,c16ef6a064a0e904240ab4a378dbce09c231d6d0
ernesto_guevara_img_0195,img_0195.jpg,naturaleza_y_bosques,ilustracion_plana_color,500,498,bosque iluminado entre troncos,Wikimedia Commons,ernesto_guevara,7847210104ca2c69e8565af4378b75d6ea3ad50d
ernesto_guevara_img_0196,img_0196.jpg,naturaleza_y_bosques,ilustracion_plana_color,500,498,pradera con arcoiris lejano,Wikimedia Commons,ernesto_guevara,c2efcf55c49cd10b8f3445d1bac46f20fd2e4604
ernesto_guevara_img_0197,img_0197.jpg,naturaleza_y_bosques,ilustracion_plana_color,500,498,sendero entre arboles frondosos,Wikimedia Commons,ernesto_guevara,75e158b69480dcf0489e04a32cafc03eb724074b
ernesto_guevara_img_0198,img_0198.jpg,naturaleza_y_bosques,ilustracion_plana_color,500,498,claro forestal con pinos,Wikimedia Commons,ernesto_guevara,7f5feca101b004c441756d1e05686789e9c2e8de
ernesto_guevara_img_0199,img_0199.jpg,naturaleza_y_bosques,ilustracion_plana_color,313,161,bosque de troncos rectos,Wikimedia Commons,ernesto_guevara,f6b29ae758098591a1dd9963e45a7e5904c88b8e
ernesto_guevara_img_0200,img_0200.jpg,naturaleza_y_bosques,ilustracion_plana_color,500,498,arboles antiguos en bosque,Wikimedia Commons,ernesto_guevara,4316a246f67d10720a7459ea2402c54e33a81464
ernesto_guevara_img_0201,img_0201.jpg,naturaleza_y_bosques,ilustracion_plana_color,500,498,bosque con arcoiris lejano,Wikimedia Commons,ernesto_guevara,77d3ffd5ce74e0b17e8e93291b68f98f77fa7e46
ernesto_guevara_img_0202,img_0202.jpg,naturaleza_y_bosques,ilustracion_plana_color,500,498,bosque fantastico iluminado,Wikimedia Commons,ernesto_guevara,4337a35e8d2fbd9b0d407199fe9ed81f7054eeed
ernesto_guevara_img_0203,img_0203.jpg,naturaleza_y_bosques,ilustracion_plana_color,500,498,bosque oscuro con niebla,Wikimedia Commons,ernesto_guevara,5cfc94b4430291cc8175a2e18546b0b631232ad0
ernesto_guevara_img_0204,img_0204.png,naturaleza_y_bosques,ilustracion_plana_color,300,168,colinas verdes bajo nubes,Wikimedia Commons,ernesto_guevara,e8896f3abd276597a61b3905ee4bf701e361f26d
ernesto_guevara_img_0205,img_0205.jpg,naturaleza_y_bosques,ilustracion_plana_color,500,498,pradera dorada entre arboles,Wikimedia Commons,ernesto_guevara,c47945f43549bf1e93ae3d03cd5943ccd743f8da
ernesto_guevara_img_0206,img_0206.jpg,naturaleza_y_bosques,ilustracion_plana_color,500,498,sendero florido en bosque,Wikimedia Commons,ernesto_guevara,fa3f0cc7a5c30e11c2f8496142b2a5f65d93d30f
ernesto_guevara_img_0207,img_0207.jpg,naturaleza_y_bosques,ilustracion_plana_color,500,498,bosque iluminado por sol,Wikimedia Commons,ernesto_guevara,2a55ce5ba05698692c3ec7f2444ddf81c0ef0e34
ernesto_guevara_img_0208,img_0208.jpg,naturaleza_y_bosques,ilustracion_plana_color,500,498,bosque verde con sendero,Wikimedia Commons,ernesto_guevara,5207555d0aeff7663f25d9b7dadcc2e80abaa09b
ernesto_guevara_img_0209,img_0209.jpg,naturaleza_y_bosques,ilustracion_plana_color,500,498,pradera junto arboles altos,Wikimedia Commons,ernesto_guevara,7196161ca9c7eae8aa40d14c8c8b7c9d9a71be96
ernesto_guevara_img_0210,img_0210.jpg,naturaleza_y_bosques,ilustracion_plana_color,500,498,claro verde entre arboles,Wikimedia Commons,ernesto_guevara,ad799aea20ad989483f6bc8ac731972d92a5110c
ernesto_guevara_img_0211,img_0211.png,naturaleza_y_bosques,ilustracion_plana_color,300,168,bosque oscuro con niebla,Wikimedia Commons,ernesto_guevara,cdad1fb5bf5b4e3adbb839a773a9ce32ec6dcccc
ernesto_guevara_img_0212,img_0212.jpg,naturaleza_y_bosques,ilustracion_plana_color,500,498,pradera verde junto bosque,Wikimedia Commons,ernesto_guevara,a8c01986460e568e7d116e747d631cdcc38c2358
ernesto_guevara_img_0213,img_0213.jpg,naturaleza_y_bosques,ilustracion_plana_color,500,498,bosque soleado entre rocas,Wikimedia Commons,ernesto_guevara,c9058f470aa9729c96862815ad35457253c25298
ernesto_guevara_img_0214,img_0214.jpg,naturaleza_y_bosques,ilustracion_plana_color,500,498,sendero iluminado en bosque,Wikimedia Commons,ernesto_guevara,df7f5de8e63f1b5c7735fe56486ac73c90b372f9
ernesto_guevara_img_0215,img_0215.jpg,naturaleza_y_bosques,ilustracion_plana_color,366,275,lago entre arboles verdes,Wikimedia Commons,ernesto_guevara,18e7090a433eacb58d8544b19ba00e9e34c7b0d1
ernesto_guevara_img_0216,img_0216.jpg,naturaleza_y_bosques,ilustracion_plana_color,500,498,sendero soleado entre arboles,Wikimedia Commons,ernesto_guevara,8829fbc29d1c02072251fddb38ebd3632bba2850
ernesto_guevara_img_0217,img_0217.jpg,naturaleza_y_bosques,ilustracion_plana_color,500,498,sendero terroso entre arboles,Wikimedia Commons,ernesto_guevara,4e77f306790ef33dcfda32359eb1519218c690e4
ernesto_guevara_img_0218,img_0218.jpg,naturaleza_y_bosques,ilustracion_plana_color,500,499,bosque verde con rocas,Wikimedia Commons,ernesto_guevara,442d8f98872741640458ae8ec73035499ac5cc64
ernesto_guevara_img_0219,img_0219.jpg,naturaleza_y_bosques,ilustracion_plana_color,500,499,pradera junto colinas rocosas,Wikimedia Commons,ernesto_guevara,963bc9ec18de6ee6dfae68f857ce8e6f4fd02b86
ernesto_guevara_img_0220,img_0220.jpg,naturaleza_y_bosques,ilustracion_plana_color,500,499,sendero bosque con arboles,Wikimedia Commons,ernesto_guevara,f7edf9e2a28dfecf7734b9a380989a78a49d7575
ernesto_guevara_img_0221,img_0221.jpg,naturaleza_y_bosques,ilustracion_plana_color,500,499,bosque tropical iluminado,Wikimedia Commons,ernesto_guevara,a012df50433e59472e2a4fe12a1063067a5c8a68
ernesto_guevara_img_0222,img_0222.jpg,naturaleza_y_bosques,ilustracion_plana_color,500,499,pradera con arboles dispersos,Wikimedia Commons,ernesto_guevara,1751b09ecbc13cad05dd35fb870b0ca1100d9228
ernesto_guevara_img_0223,img_0223.jpg,naturaleza_y_bosques,ilustracion_plana_color,318,159,casa rodeada de bosque,Wikimedia Commons,ernesto_guevara,1264f185d3dd45342292f62e717b65c0fb938457
ernesto_guevara_img_0224,img_0224.jpg,naturaleza_y_bosques,ilustracion_plana_color,500,499,bosque denso y frondoso,Wikimedia Commons,ernesto_guevara,5cc3f7009c99f359d3b5e163f138eb1fd98c1bee
ernesto_guevara_img_0225,img_0225.jpg,naturaleza_y_bosques,ilustracion_plana_color,500,499,sendero curvo junto pinos,Wikimedia Commons,ernesto_guevara,1e700793f4fe4ea531e21ed05aa736a6ae4d0f52
ernesto_guevara_img_0226,img_0226.jpg,naturaleza_y_bosques,ilustracion_plana_color,300,168,pradera bajo arboles verdes,Wikimedia Commons,ernesto_guevara,cf0318ee7fa296fcb2b5d06dfdd3f5a98853b966
ernesto_guevara_img_0227,img_0227.jpg,naturaleza_y_bosques,ilustracion_plana_color,369,245,pinos frente a montañas,Wikimedia Commons,ernesto_guevara,2f0decc1d33006763969cdff46d00df785615e02
ernesto_guevara_img_0228,img_0228.jpg,naturaleza_y_bosques,ilustracion_plana_color,500,499,pradera junto arboles altos,Wikimedia Commons,ernesto_guevara,4b244d841e406641e27a7cf7cc155daca06d16e8
ernesto_guevara_img_0229,img_0229.jpg,naturaleza_y_bosques,ilustracion_plana_color,500,499,colinas verdes bajo nubes,Wikimedia Commons,ernesto_guevara,cc0e8a4e84c1679950a036548609c4f75cd0912d
ernesto_guevara_img_0230,img_0230.jpg,naturaleza_y_bosques,ilustracion_plana_color,500,499,sendero entre colinas verdes,Wikimedia Commons,ernesto_guevara,8618a5cdd29cb551e470c1052bed9667c5454814
ernesto_guevara_img_0231,img_0231.jpg,naturaleza_y_bosques,ilustracion_plana_color,500,499,sendero claro entre arboles,Wikimedia Commons,ernesto_guevara,7c148e752b06fdad5b846a4cb755c5fba628258d
ernesto_guevara_img_0232,img_0232.jpg,naturaleza_y_bosques,ilustracion_plana_color,500,499,pradera junto gran arbol,Wikimedia Commons,ernesto_guevara,f9489d78f21894de44cf600792cf80485503af29
ernesto_guevara_img_0233,img_0233.jpg,naturaleza_y_bosques,ilustracion_plana_color,500,499,bosque humedo con niebla,Wikimedia Commons,ernesto_guevara,14362c11ce3d8b9ae78284620f5cce1037880348
ernesto_guevara_img_0234,img_0234.jpg,naturaleza_y_bosques,ilustracion_plana_color,500,499,bosque sombreado con sendero,Wikimedia Commons,ernesto_guevara,2f98c2dd6478274f728bf47f318c1a096522cdb6
ernesto_guevara_img_0235,img_0235.jpg,naturaleza_y_bosques,ilustracion_plana_color,500,499,sendero soleado en bosque,Wikimedia Commons,ernesto_guevara,1613656feb3abfe272614e29f5650e030d15ca08
ernesto_guevara_img_0236,img_0236.png,naturaleza_y_bosques,ilustracion_plana_color,300,168,bosque tropical colorido,Wikimedia Commons,ernesto_guevara,07f0fb124b791dda77c283b389e10529bd12b681
ernesto_guevara_img_0237,img_0237.jpg,naturaleza_y_bosques,ilustracion_plana_color,500,499,claro verde entre arboles,Wikimedia Commons,ernesto_guevara,557f602add4ccfac13be7eeeda7f1db57809ffc5
ernesto_guevara_img_0238,img_0238.jpg,naturaleza_y_bosques,ilustracion_plana_color,369,245,sendero oscuro en bosque,Wikimedia Commons,ernesto_guevara,284310d5762df9556795595140c1f9294242010d
ernesto_guevara_img_0239,img_0239.jpg,naturaleza_y_bosques,ilustracion_plana_color,500,499,sendero claro entre arboles,Wikimedia Commons,ernesto_guevara,c7fc75674a827bf29cf7c004ab13e3f7b90d4458
ernesto_guevara_img_0240,img_0240.jpg,naturaleza_y_bosques,ilustracion_plana_color,500,499,bosque denso con sendero,Wikimedia Commons,ernesto_guevara,742938363d4a9c2faa931b1003bace1098e571c0
ernesto_guevara_img_0241,img_0241.jpg,naturaleza_y_bosques,ilustracion_plana_color,500,499,bosque dorado entre troncos,Wikimedia Commons,ernesto_guevara,daedc8322634de3692cc2f28cfcd1bdde2a9bea6
ernesto_guevara_img_0242,img_0242.jpg,naturaleza_y_bosques,ilustracion_plana_color,500,499,pradera verde con arboles,Wikimedia Commons,ernesto_guevara,a062cffa2e3cfcf13f326ba37768bd8539c713ad
ernesto_guevara_img_0243,img_0243.jpg,naturaleza_y_bosques,ilustracion_plana_color,500,499,sendero curvo en bosque,Wikimedia Commons,ernesto_guevara,39c0b0d97d0b97000c08b6d3c57a96e353201e50
ernesto_guevara_img_0244,img_0244.jpg,naturaleza_y_bosques,ilustracion_plana_color,500,499,claro verde entre colinas,Wikimedia Commons,ernesto_guevara,4cc810e0b225f9c0f9600ff22424be24ab71266a
ernesto_guevara_img_0245,img_0245.jpg,naturaleza_y_bosques,ilustracion_plana_color,500,499,pradera junto lago azul,Wikimedia Commons,ernesto_guevara,3c72109e5e63f91efdfbc03eb04d805733585b5f
ernesto_guevara_img_0246,img_0246.jpg,naturaleza_y_bosques,ilustracion_plana_color,500,499,sendero forestal iluminado,Wikimedia Commons,ernesto_guevara,159db9f02fa1e05823f93501bbdf2f011eb6bce5
ernesto_guevara_img_0247,img_0247.jpg,naturaleza_y_bosques,ilustracion_plana_color,500,499,bosque dorado junto lago,Wikimedia Commons,ernesto_guevara,f67df5ee8d1c3eb60ad0319ba7d68ebec76507e0
ernesto_guevara_img_0248,img_0248.jpg,naturaleza_y_bosques,ilustracion_plana_color,272,185,lago tranquilo entre arboles,Wikimedia Commons,ernesto_guevara,957493f09aacdcae12371e77dc9c6e9d03590415
ernesto_guevara_img_0249,img_0249.jpg,naturaleza_y_bosques,ilustracion_plana_color,370,245,sendero iluminado en bosque,Wikimedia Commons,ernesto_guevara,0175efbd9b2eea836046196102344b588674c92f
ernesto_guevara_img_0250,img_0250.png,naturaleza_y_bosques,ilustracion_plana_color,335,151,jardin colorido con flores,Wikimedia Commons,ernesto_guevara,9f60a48fd295d6a3e410e88ab079e2580c5869d8
ernesto_guevara_img_0251,img_0251.jpg,naturaleza_y_bosques,ilustracion_plana_color,500,499,bosque encantado con niebla,Wikimedia Commons,ernesto_guevara,a482ac8c304620b67d32ee1d15df2b94eaa8fe39
ernesto_guevara_img_0252,img_0252.jpg,naturaleza_y_bosques,ilustracion_plana_color,500,499,rio junto arboles verdes,Wikimedia Commons,ernesto_guevara,3212726e82226e019414f6b12d4a9f5805db97fa
ernesto_guevara_img_0253,img_0253.jpg,naturaleza_y_bosques,ilustracion_plana_color,500,499,lago pequeño entre pinos,Wikimedia Commons,ernesto_guevara,a4f95e78b0f84c74aaf64c813e707944d5eefd71
ernesto_guevara_img_0254,img_0254.jpg,naturaleza_y_bosques,ilustracion_plana_color,500,499,bosque frondoso con arbustos,Wikimedia Commons,ernesto_guevara,221df1896cbc0c350b68d152f6470b7c45a24a74
ernesto_guevara_img_0255,img_0255.jpg,naturaleza_y_bosques,ilustracion_plana_color,500,499,arroyo junto gran arbol,Wikimedia Commons,ernesto_guevara,e343addc60c6d940dbb11ab281baacc007fcb4b5
ernesto_guevara_img_0256,img_0256.jpg,naturaleza_y_bosques,ilustracion_plana_color,500,502,sendero entre arboles grandes,Wikimedia Commons,ernesto_guevara,31a93c5a2d2b5d470c7e14f090739f2db804f62c
ernesto_guevara_img_0257,img_0257.jpg,naturaleza_y_bosques,ilustracion_plana_color,500,502,pradera junto estanque tranquilo,Wikimedia Commons,ernesto_guevara,63c09aa914788b274b9b7ca43d0405d37ccbf1a0
ernesto_guevara_img_0258,img_0258.jpg,naturaleza_y_bosques,ilustracion_plana_color,500,502,sendero bosque tropical verde,Wikimedia Commons,ernesto_guevara,345e8938a94ffd1068c3ffd7a6ab0c24ae3ea188
ernesto_guevara_img_0259,img_0259.jpg,naturaleza_y_bosques,ilustracion_plana_color,500,502,alamos junto pradera verde,Wikimedia Commons,ernesto_guevara,d289862267e6068d7a2976498c977efed92baaca
ernesto_guevara_img_0260,img_0260.jpg,naturaleza_y_bosques,ilustracion_plana_color,370,245,bosque con troncos delgados,Wikimedia Commons,ernesto_guevara,f3063144ee612ba292daeb5388852b18512d05cc
ernesto_guevara_img_0261,img_0261.jpg,naturaleza_y_bosques,ilustracion_plana_color,500,502,bosque fantastico con flores,Wikimedia Commons,ernesto_guevara,48f052657faba2147750ec502d42ff512eca3321
ernesto_guevara_img_0262,img_0262.png,naturaleza_y_bosques,ilustracion_plana_color,298,169,claro rodeado de arboles,Wikimedia Commons,ernesto_guevara,709789a58e4fdc36e649e2a93af3a2d6539d24f1
ernesto_guevara_img_0263,img_0263.jpg,naturaleza_y_bosques,ilustracion_plana_color,500,502,bosque verde con sendero,Wikimedia Commons,ernesto_guevara,acf91fd658084c529fb30c9fa4fe5422b0634ea1
ernesto_guevara_img_0264,img_0264.jpg,naturaleza_y_bosques,ilustracion_plana_color,500,502,estanque entre arboles altos,Wikimedia Commons,ernesto_guevara,7321925639e0ec1df3a6e1d9af9239c9047b20f7
ernesto_guevara_img_0265,img_0265.jpg,naturaleza_y_bosques,ilustracion_plana_color,500,502,lago pequeño junto bosque,Wikimedia Commons,ernesto_guevara,d0e09869ae4015e779ee8b274a8b34d972f4be54
ernesto_guevara_img_0266,img_0266.jpg,naturaleza_y_bosques,ilustracion_plana_color,500,502,claro forestal con troncos,Wikimedia Commons,ernesto_guevara,335ca628f07341e57b4d6016bdfd4d55cb301a2a
ernesto_guevara_img_0267,img_0267.jpg,naturaleza_y_bosques,ilustracion_plana_color,500,502,sendero terroso entre arboles,Wikimedia Commons,ernesto_guevara,f533162fb3b79a3bc145b97d03c616302c5f7041
ernesto_guevara_img_0268,img_0268.jpg,naturaleza_y_bosques,ilustracion_plana_color,500,502,lago junto colinas verdes,Wikimedia Commons,ernesto_guevara,ca6f418b852cfb28c5b3dcda14bcbf4af4370c99
ernesto_guevara_img_0269,img_0269.jpg,naturaleza_y_bosques,ilustracion_plana_color,500,502,pradera con arboles dispersos,Wikimedia Commons,ernesto_guevara,5eea919f9732c354c697ee6ae37851679dce2282
ernesto_guevara_img_0270,img_0270.jpg,naturaleza_y_bosques,ilustracion_plana_color,500,502,lago pequeño junto bosque,Wikimedia Commons,ernesto_guevara,c8feb8db669ab4c24ef4d7f8059ec20bf8f1785c
ernesto_guevara_img_0271,img_0271.jpg,naturaleza_y_bosques,ilustracion_plana_color,500,502,pradera con arboles dispersos,Wikimedia Commons,ernesto_guevara,b68607d4bbd8b5ce673a3ba35d426ab0d1829c00
ernesto_guevara_img_0272,img_0272.png,naturaleza_y_bosques,ilustracion_plana_color,500,502,bosque claro con sendero,Wikimedia Commons,ernesto_guevara,dd321db6fd0ae7053e89408538be6e6528111f22
ernesto_guevara_img_0273,img_0273.jpg,naturaleza_y_bosques,ilustracion_plana_color,500,651,sendero curvo en bosque,Wikimedia Commons,ernesto_guevara,9013dc15683d74c02473dd9915d7cfa9801f9d30
ernesto_guevara_img_0274,img_0274.jpg,naturaleza_y_bosques,ilustracion_plana_color,253,199,lago entre montañas lejanas,Wikimedia Commons,ernesto_guevara,d795d39373442b30ace7ef517808a2f061374829
ernesto_guevara_img_0275,img_0275.jpg,naturaleza_y_bosques,ilustracion_plana_color,500,499,bosque humedo con niebla,Wikimedia Commons,ernesto_guevara,0421b2d05f2df75fe394265678d86fb8eb86a941
ernesto_guevara_img_0276,img_0276.jpg,naturaleza_y_bosques,ilustracion_plana_color,500,499,pradera verde entre arboles,Wikimedia Commons,ernesto_guevara,39e11a200217146cc9607c04d1a03b42ee03e459
ernesto_guevara_img_0277,img_0277.jpg,naturaleza_y_bosques,ilustracion_plana_color,500,499,sendero forestal iluminado,Wikimedia Commons,ernesto_guevara,448806a193a051e6ac69409e63d660ede7a69935
ernesto_guevara_img_0278,img_0278.jpg,naturaleza_y_bosques,ilustracion_plana_color,500,499,pradera junto arboles altos,Wikimedia Commons,ernesto_guevara,82f5a0d547e5473fb3931ccefaaee6649f422e75
ernesto_guevara_img_0279,img_0279.jpg,naturaleza_y_bosques,ilustracion_plana_color,500,499,pradera con pinos dispersos,Wikimedia Commons,ernesto_guevara,91da4c4d429be3a67d7d806299abc52a673f7adf
ernesto_guevara_img_0280,img_0280.jpg,naturaleza_y_bosques,ilustracion_plana_color,500,499,arboles altos en bosque,Wikimedia Commons,ernesto_guevara,7aad1f300f721f9ff96f724203abd520df4b9c96
ernesto_guevara_img_0281,img_0281.jpg,naturaleza_y_bosques,ilustracion_plana_color,500,499,pradera verde junto pinos,Wikimedia Commons,ernesto_guevara,1f19a84242bf4df8a83969351469c45135ff6965
ernesto_guevara_img_0282,img_0282.jpg,naturaleza_y_bosques,ilustracion_plana_color,371,263,bosque rojizo con sendero,Wikimedia Commons,ernesto_guevara,473966447d974437bd434feb49ba1730ba46ff7a
ernesto_guevara_img_0283,img_0283.jpg,naturaleza_y_bosques,ilustracion_plana_color,500,499,pradera junto arboles verdes,Wikimedia Commons,ernesto_guevara,04ebe84a4e58c736ac8802d6484b8efc0bf783e1
ernesto_guevara_img_0284,img_0284.jpg,naturaleza_y_bosques,ilustracion_plana_color,500,499,bosque encantado con flores,Wikimedia Commons,ernesto_guevara,b684263373fcb9af63bdfae6de60d4810e54d883
ernesto_guevara_img_0285,img_0285.jpg,naturaleza_y_bosques,ilustracion_plana_color,500,499,bosque florido y colorido,Wikimedia Commons,ernesto_guevara,fc0076d2e14a92f76f4046b90ceed8a9309ddfce
ernesto_guevara_img_0286,img_0286.jpg,naturaleza_y_bosques,ilustracion_plana_color,247,204,bosque oscuro con sendero,Wikimedia Commons,ernesto_guevara,005bc9cf4fb003fbb1b7e833754c3421ccf2f0cc
ernesto_guevara_img_0287,img_0287.jpg,naturaleza_y_bosques,ilustracion_plana_color,500,499,bosque junto lago azul,Wikimedia Commons,ernesto_guevara,3377ca2c55a04fd4effa2181517f05d2a4191c52
ernesto_guevara_img_0288,img_0288.jpg,naturaleza_y_bosques,ilustracion_plana_color,500,499,bosque con niebla azul,Wikimedia Commons,ernesto_guevara,7f17eb542ef56ffd96e1698949f3ee867f1b5bbc
ernesto_guevara_img_0289,img_0289.jpg,naturaleza_y_bosques,ilustracion_plana_color,500,499,bosque iluminado por sol,Wikimedia Commons,ernesto_guevara,5f7f34d5d893a9fbbda5e7d2b9e42e2e05c169bc
ernesto_guevara_img_0290,img_0290.jpg,naturaleza_y_bosques,ilustracion_plana_color,500,499,bosque claro con pinos,Wikimedia Commons,ernesto_guevara,ab07f77eff6adf632bed45ca71b1ce48f64a76a3
ernesto_guevara_img_0291,img_0291.jpg,naturaleza_y_bosques,ilustracion_plana_color,500,499,troncos alineados en bosque,Wikimedia Commons,ernesto_guevara,6891c0ef39e7f89c28dfa4cbcbd05ef69f64fbff
ernesto_guevara_img_0292,img_0292.jpg,naturaleza_y_bosques,ilustracion_plana_color,500,499,lago pequeño junto bosque,Wikimedia Commons,ernesto_guevara,f4e52fb53516408bd516a1c69913efc490cc7028
ernesto_guevara_img_0293,img_0293.jpg,naturaleza_y_bosques,ilustracion_plana_color,371,263,sendero forestal con montañas,Wikimedia Commons,ernesto_guevara,3e87633d01a2a1869a3fb5d50b8a64eb4e15b410
ernesto_guevara_img_0294,img_0294.jpg,naturaleza_y_bosques,ilustracion_plana_color,500,499,pradera junto arboles altos,Wikimedia Commons,ernesto_guevara,df993fff8d16d7a501759fd8be1ca662459a41f5
ernesto_guevara_img_0295,img_0295.jpg,naturaleza_y_bosques,ilustracion_plana_color,500,499,bosque dorado entre troncos,Wikimedia Commons,ernesto_guevara,1b38683f0841b626089374aacb9228b476b2c1f1
ernesto_guevara_img_0296,img_0296.jpg,naturaleza_y_bosques,ilustracion_plana_color,500,499,estanque entre arboles altos,Wikimedia Commons,ernesto_guevara,e6f0c62ef564af42eadc3b80ea64fd87a4cdb38f
ernesto_guevara_img_0297,img_0297.jpg,naturaleza_y_bosques,ilustracion_plana_color,500,499,bosque frondoso con sendero,Wikimedia Commons,ernesto_guevara,3ba0a8b60c6e7274da0081a687af44ec0a893650
ernesto_guevara_img_0298,img_0298.png,naturaleza_y_bosques,ilustracion_plana_color,300,168,bosque claro con troncos,Wikimedia Commons,ernesto_guevara,989fdf7d54ef5cb463e7952cb101c091a8a6101a
ernesto_guevara_img_0299,img_0299.jpg,naturaleza_y_bosques,ilustracion_plana_color,500,499,bosque soleado con pinos,Wikimedia Commons,ernesto_guevara,0f7a6816c34d50a03b81ba61a7c384c74edcaa60
ernesto_guevara_img_0300,img_0300.jpg,naturaleza_y_bosques,ilustracion_plana_color,500,499,lago pequeño junto bosque,Wikimedia Commons,ernesto_guevara,e8ae67f42fb2c9ddd8db1e8d65b951b19dabcee0
ernesto_guevara_img_0301,img_0301.jpg,naturaleza_y_bosques,ilustracion_plana_color,500,499,pradera con arboles dispersos,Wikimedia Commons,ernesto_guevara,942a98c11771c2b614130745067fecbffe7d14fa
ernesto_guevara_img_0302,img_0302.jpg,naturaleza_y_bosques,ilustracion_plana_color,500,499,bosque con flores silvestres,Wikimedia Commons,ernesto_guevara,a8117126c555aa9dc521f4cf415803d12bca221f
ernesto_guevara_img_0303,img_0303.jpg,naturaleza_y_bosques,ilustracion_plana_color,500,499,bosque oscuro con flores,Wikimedia Commons,ernesto_guevara,6da9093809d2bdb71ccecb1545d2e36a3cc47464
ernesto_guevara_img_0304,img_0304.jpg,naturaleza_y_bosques,ilustracion_plana_color,371,263,bosque iluminado entre troncos,Wikimedia Commons,ernesto_guevara,a26cb4abdb8b4170cb39cd7eb3e9e8cf0798bea9
ernesto_guevara_img_0305,img_0305.jpg,naturaleza_y_bosques,ilustracion_plana_color,500,499,sendero florido en bosque,Wikimedia Commons,ernesto_guevara,0121df67d666a791d89318743ceea348e3ce107a
ernesto_guevara_img_0306,img_0306.jpg,naturaleza_y_bosques,ilustracion_plana_color,500,499,sendero curvo entre arboles,Wikimedia Commons,ernesto_guevara,22d1c91e43f9984ce83930131a88bf003f4b6bb0
ernesto_guevara_img_0307,img_0307.jpg,naturaleza_y_bosques,ilustracion_plana_color,500,499,pradera junto gran arbol,Wikimedia Commons,ernesto_guevara,f88df958d18d9b75728e5cb055d858435cfd0872
ernesto_guevara_img_0308,img_0308.jpg,naturaleza_y_bosques,ilustracion_plana_color,500,499,arroyo entre bosque frondoso,Wikimedia Commons,ernesto_guevara,cd5e64dc73327f899693bc165eb903a5fa9f24f2
ernesto_guevara_img_0309,img_0309.jpg,naturaleza_y_bosques,ilustracion_plana_color,500,499,sendero terroso entre arboles,Wikimedia Commons,ernesto_guevara,1eb2465107737d751ecb7b17a938732204660494
ernesto_guevara_img_0310,img_0310.jpg,naturaleza_y_bosques,ilustracion_plana_color,275,183,sendero entre pinos verdes,Wikimedia Commons,ernesto_guevara,97bbd6ae97f78821195a9f5049fbb0428948e184
ernesto_guevara_img_0311,img_0311.jpg,naturaleza_y_bosques,ilustracion_plana_color,500,499,sendero verde entre arboles,Wikimedia Commons,ernesto_guevara,18a94f4be01f0f691a7497f3be7f813f9d82ec3d
ernesto_guevara_img_0312,img_0312.jpg,naturaleza_y_bosques,ilustracion_plana_color,500,499,colinas verdes junto bosque,Wikimedia Commons,ernesto_guevara,0a87b09c321449bcc9ab9f529bccfd76c48fa461
ernesto_guevara_img_0313,img_0313.jpg,naturaleza_y_bosques,ilustracion_plana_color,500,499,alamos junto pradera verde,Wikimedia Commons,ernesto_guevara,061e133604859231399efad1bbc956900c3cff02
ernesto_guevara_img_0314,img_0314.jpg,naturaleza_y_bosques,ilustracion_plana_color,500,499,sendero curvo junto pinos,Wikimedia Commons,ernesto_guevara,e6fc822b435d106b85c4647a25c4beabde803c4c
ernesto_guevara_img_0315,img_0315.jpg,naturaleza_y_bosques,ilustracion_plana_color,373,263,bosque con vista montañosa,Wikimedia Commons,ernesto_guevara,0f750682cdf262dcedca0c3ef12d7ae54a9caa08
ernesto_guevara_img_0316,img_0316.jpg,naturaleza_y_bosques,ilustracion_plana_color,500,499,pradera junto colinas rocosas,Wikimedia Commons,ernesto_guevara,7b1fcb662f7da54995aab604815092001341e180
ernesto_guevara_img_0317,img_0317.jpg,naturaleza_y_bosques,ilustracion_plana_color,500,499,estanque entre arboles altos,Wikimedia Commons,ernesto_guevara,f41c9438d0e1aae639600415dc3f94763eb88bf2
ernesto_guevara_img_0318,img_0318.jpg,naturaleza_y_bosques,ilustracion_plana_color,500,499,pradera verde con arboles,Wikimedia Commons,ernesto_guevara,1c35c4f4d89af3832c1d331e12a0a7300e50f704
ernesto_guevara_img_0319,img_0319.jpg,naturaleza_y_bosques,ilustracion_plana_color,500,499,cascada entre arboles verdes,Wikimedia Commons,ernesto_guevara,a8011f33881962e644f800b0958398a40dc91f8c
ernesto_guevara_img_0320,img_0320.jpg,naturaleza_y_bosques,ilustracion_plana_color,500,499,claro forestal soleado,Wikimedia Commons,ernesto_guevara,4178960ba023136284af4918136cb79fe004d866
ernesto_guevara_img_0321,img_0321.jpg,naturaleza_y_bosques,ilustracion_plana_color,500,499,sendero sinuoso en bosque,Wikimedia Commons,ernesto_guevara,059c6cdc2d242308f607a4f3efc7a3a5923df1b8
ernesto_guevara_img_0322,img_0322.png,naturaleza_y_bosques,ilustracion_plana_color,300,168,pradera verde horizonte lejano,Wikimedia Commons,ernesto_guevara,1157a79e3412ef12482c9123491646e078e746c5
ernesto_guevara_img_0323,img_0323.jpg,naturaleza_y_bosques,ilustracion_plana_color,500,499,sendero florido entre arboles,Wikimedia Commons,ernesto_guevara,c87ffb5b0b11a7bbaebf1ef0208be20624e31c5b
ernesto_guevara_img_0324,img_0324.jpg,naturaleza_y_bosques,ilustracion_plana_color,500,499,bosque denso con sendero,Wikimedia Commons,ernesto_guevara,31704a95eb9980003fbd772955809365c2a26ba9
ernesto_guevara_img_0325,img_0325.jpg,naturaleza_y_bosques,ilustracion_plana_color,500,499,rio junto bosque verde,Wikimedia Commons,ernesto_guevara,520b170770aa9763daebc6590bff4c88e6c03a6f
ernesto_guevara_img_0326,img_0326.jpg,naturaleza_y_bosques,ilustracion_plana_color,373,263,sendero forestal junto arroyo,Wikimedia Commons,ernesto_guevara,af0b46ad742ebe924db1bdbd108358147dbd200d
ernesto_guevara_img_0327,img_0327.jpg,naturaleza_y_bosques,ilustracion_plana_color,500,499,bosque sombreado con rocas,Wikimedia Commons,ernesto_guevara,2c14b86d91b48495ab043cad94d7a2c5e268767e
ernesto_guevara_img_0328,img_0328.jpg,naturaleza_y_bosques,ilustracion_plana_color,500,499,sendero estrecho en bosque,Wikimedia Commons,ernesto_guevara,eeacac1cbd9c6b1436c4d83dd91028a3d40e5f77
ernesto_guevara_img_0329,img_0329.jpg,naturaleza_y_bosques,ilustracion_plana_color,500,499,bosque de troncos delgados,Wikimedia Commons,ernesto_guevara,4094392eedd67fb14d960719bc0c4a170ddbf72c
ernesto_guevara_img_0330,img_0330.jpg,naturaleza_y_bosques,ilustracion_plana_color,500,499,bosque verde con sendero,Wikimedia Commons,ernesto_guevara,63308efbd8bc5e164cd2a794233f307b7379f661
ernesto_guevara_img_0331,img_0331.jpg,naturaleza_y_bosques,ilustracion_plana_color,500,499,lago pequeño junto arbol,Wikimedia Commons,ernesto_guevara,fc41425a92e83e668fc2316a50a35b49bf364f47
ernesto_guevara_img_0332,img_0332.jpg,naturaleza_y_bosques,ilustracion_plana_color,500,499,alamos junto pradera verde,Wikimedia Commons,ernesto_guevara,14a0fa285bda435d98221f59e7d7fd8db7d3b7a4
ernesto_guevara_img_0333,img_0333.jpg,naturaleza_y_bosques,ilustracion_plana_color,500,499,pradera con arboles dispersos,Wikimedia Commons,ernesto_guevara,ca63875d23e5c88dc2e03e1c37afb918de5315ce
ernesto_guevara_img_0334,img_0334.jpg,naturaleza_y_bosques,ilustracion_plana_color,278,181,sendero rural junto pradera,Wikimedia Commons,ernesto_guevara,18c2998d65dd350536ee640de6374c9e748384dd
ernesto_guevara_img_0335,img_0335.jpg,naturaleza_y_bosques,ilustracion_plana_color,500,499,sendero entre arboles verdes,Wikimedia Commons,ernesto_guevara,91e82b51ca8d06066f711a8dee58cf3c4cc0a7aa
ernesto_guevara_img_0336,img_0336.jpg,naturaleza_y_bosques,ilustracion_plana_color,500,499,bosque denso con troncos,Wikimedia Commons,ernesto_guevara,80f28fc2c6013f6889e90e683b1659fb74ca2de1
ernesto_guevara_img_0337,img_0337.jpg,naturaleza_y_bosques,ilustracion_plana_color,314,160,bosque colorido con flores,Wikimedia Commons,ernesto_guevara,50f4b6392e14ddad2f0bbaedfcb6b89ad1289cb3
ernesto_guevara_img_0338,img_0338.jpg,naturaleza_y_bosques,ilustracion_plana_color,373,263,sendero verde entre arboles,Wikimedia Commons,ernesto_guevara,65da97abefc144d2dff8dd88de173129c0f3328a
ernesto_guevara_img_0339,img_0339.jpg,naturaleza_y_bosques,ilustracion_plana_color,500,499,lago alpino con montañas,Wikimedia Commons,ernesto_guevara,73e2758ec4a57b936c3555bf57bc9d319ea5ec30
ernesto_guevara_img_0340,img_0340.jpg,naturaleza_y_bosques,ilustracion_plana_color,500,499,bosque claro con arboles,Wikimedia Commons,ernesto_guevara,10e0c84bdd689c9235c453d2a0457006f30a2ada
ernesto_guevara_img_0341,img_0341.jpg,naturaleza_y_bosques,ilustracion_plana_color,500,499,claro verde entre montañas,Wikimedia Commons,ernesto_guevara,b43705e548e048f887fa6e0a2f225b99e15aaebf
ernesto_guevara_img_0342,img_0342.jpg,naturaleza_y_bosques,ilustracion_plana_color,500,499,rayos solares entre arboles,Wikimedia Commons,ernesto_guevara,ba9ced7f7441193b6e6da5547b0b2709fe828612
ernesto_guevara_img_0343,img_0343.jpg,naturaleza_y_bosques,ilustracion_plana_color,500,499,colinas rocosas con pradera,Wikimedia Commons,ernesto_guevara,0ddd331f51c56fab9d30360194005f8e684f65f7
ernesto_guevara_img_0344,img_0344.jpg,naturaleza_y_bosques,ilustracion_plana_color,500,499,bosque fantastico con cascada,Wikimedia Commons,ernesto_guevara,bd8c3d31a099bc403992b3e709e2bd618a6214df
ernesto_guevara_img_0345,img_0345.jpg,naturaleza_y_bosques,ilustracion_plana_color,500,499,bosque tropical colorido,Wikimedia Commons,ernesto_guevara,4b2d4df900e86d7485e283150e3cd389b94cbc61
ernesto_guevara_img_0346,img_0346.jpg,naturaleza_y_bosques,ilustracion_plana_color,500,499,bosque con niebla suave,Wikimedia Commons,ernesto_guevara,abad84fea0e1a210f066a82b4575f014043528a1
ernesto_guevara_img_0347,img_0347.jpg,naturaleza_y_bosques,ilustracion_plana_color,189,267,arroyo entre bosque verde,Wikimedia Commons,ernesto_guevara,436b48501c43d472beb8a5e1918bdcf098925d80
ernesto_guevara_img_0348,img_0348.jpg,naturaleza_y_bosques,ilustracion_plana_color,500,499,lago entre arboles verdes,Wikimedia Commons,ernesto_guevara,6ee4192b425b45a700271d3d957bc8170d684c41
ernesto_guevara_img_0349,img_0349.jpg,naturaleza_y_bosques,ilustracion_plana_color,373,366,sendero forestal iluminado,Wikimedia Commons,ernesto_guevara,0790485420d6c00031a702612d249729214bb464
ernesto_guevara_img_0350,img_0350.jpg,naturaleza_y_bosques,ilustracion_plana_color,500,499,pradera entre arboles verdes,Wikimedia Commons,ernesto_guevara,f0010dc2eb29c4430ac4909e474d134314bc461b
ernesto_guevara_img_0351,img_0351.jpg,naturaleza_y_bosques,ilustracion_plana_color,500,499,bosque con niebla azul,Wikimedia Commons,ernesto_guevara,a2d0a903d18ae9af32be577978d504c48838d66b
ernesto_guevara_img_0352,img_0352.jpg,naturaleza_y_bosques,ilustracion_plana_color,500,499,bosque claro con flores,Wikimedia Commons,ernesto_guevara,7fc343460ccf0b2b6c0fc759c7e872808c16603d
ernesto_guevara_img_0353,img_0353.jpg,naturaleza_y_bosques,ilustracion_plana_color,500,499,pradera junto pinos verdes,Wikimedia Commons,ernesto_guevara,0ae4e82a557853156938da1b795a3825b81547d0
ernesto_guevara_img_0354,img_0354.jpg,naturaleza_y_bosques,ilustracion_plana_color,500,499,pradera con arcoiris lejano,Wikimedia Commons,ernesto_guevara,a876200f568dd742d3ed3b56333ece8cadfdcfb8
ernesto_guevara_img_0355,img_0355.jpg,naturaleza_y_bosques,ilustracion_plana_color,500,499,bosque oscuro con sendero,Wikimedia Commons,ernesto_guevara,161e5e87ea6578456b52785172060842e49a7a77
ernesto_guevara_img_0356,img_0356.jpg,naturaleza_y_bosques,ilustracion_plana_color,500,499,rayos solares en bosque,Wikimedia Commons,ernesto_guevara,f0195ad700a2d4df42b70536033a564a1428053b
ernesto_guevara_img_0357,img_0357.jpg,naturaleza_y_bosques,ilustracion_plana_color,500,499,sendero sombreado entre arboles,Wikimedia Commons,ernesto_guevara,613da35adf755f6766da09ad439e5e9f0d7bf8a1
ernesto_guevara_img_0358,img_0358.jpg,naturaleza_y_bosques,ilustracion_plana_color,500,499,bosque dorado iluminado,Wikimedia Commons,ernesto_guevara,46778eef597ffb4585f6d49df78f8412080cf57f
ernesto_guevara_img_0359,img_0359.jpg,naturaleza_y_bosques,ilustracion_plana_color,300,168,casa rodeada de bosque,Wikimedia Commons,ernesto_guevara,1341c24eb292cf114c537244c64fcdc91d82aea8
ernesto_guevara_img_0360,img_0360.jpg,naturaleza_y_bosques,ilustracion_plana_color,373,369,bosque de troncos altos,Wikimedia Commons,ernesto_guevara,c1ce1f65eabc7311e6779c4627534a24cd742d80
ernesto_guevara_img_0361,img_0361.jpg,naturaleza_y_bosques,ilustracion_plana_color,500,499,sendero entre arboles,Wikimedia Commons,ernesto_guevara,b924eb1c849d6aa919fd2020e080e8fd899811e8
ernesto_guevara_img_0362,img_0362.jpg,naturaleza_y_bosques,ilustracion_plana_color,500,499,pradera verde con flores,Wikimedia Commons,ernesto_guevara,71fc063a385525e404831d42114fbaa4041d6997
ernesto_guevara_img_0363,img_0363.jpg,naturaleza_y_bosques,ilustracion_plana_color,500,499,rio entre colinas verdes,Wikimedia Commons,ernesto_guevara,690860a5308f5d5676faeca9266667f2bc7719d8
ernesto_guevara_img_0364,img_0364.jpg,naturaleza_y_bosques,ilustracion_plana_color,500,499,entrada rocosa al bosque,Wikimedia Commons,ernesto_guevara,81c3669b30921f68a02e9bd07d7357eeb07d7be3
ernesto_guevara_img_0365,img_0365.jpg,naturaleza_y_bosques,ilustracion_plana_color,500,499,sendero boscoso con niebla,Wikimedia Commons,ernesto_guevara,825936e0169c0357dafe1542aee6d1046ad6a93d
ernesto_guevara_img_0366,img_0366.jpg,naturaleza_y_bosques,ilustracion_plana_color,500,499,bosque verde soleado,Wikimedia Commons,ernesto_guevara,a67a62794546945465f5cf63280e3d369e7d86f3
ernesto_guevara_img_0367,img_0367.jpg,naturaleza_y_bosques,ilustracion_plana_color,500,499,selva tropical frondosa,Wikimedia Commons,ernesto_guevara,f2d2bf9d6ae7fb6a527972422bbee7857c5aab04
ernesto_guevara_img_0368,img_0368.jpg,naturaleza_y_bosques,ilustracion_plana_color,500,499,sendero iluminado en bosque,Wikimedia Commons,ernesto_guevara,c4b7c90fd8aa647f43d10d50a605750fa11d3282
ernesto_guevara_img_0369,img_0369.jpg,naturaleza_y_bosques,ilustracion_plana_color,500,499,claro verde entre arboles,Wikimedia Commons,ernesto_guevara,d9155c69a41ae64d1f430514722c3da7435e3088
ernesto_guevara_img_0370,img_0370.jpg,naturaleza_y_bosques,ilustracion_plana_color,500,499,laguna rodeada de bosque,Wikimedia Commons,ernesto_guevara,61e803abb1ce3973eaf0bc59bf5c6f4915735ecf
ernesto_guevara_img_0371,img_0371.jpg,naturaleza_y_bosques,ilustracion_plana_color,373,369,bosque junto a lago,Wikimedia Commons,ernesto_guevara,c8891cdea8c9c1022b2e7085ff1ac2e39f1489b2
ernesto_guevara_img_0372,img_0372.jpg,naturaleza_y_bosques,ilustracion_plana_color,304,166,bosque oscuro iluminado,Wikimedia Commons,ernesto_guevara,18e4cb803d8405559edfdef743a30a284847aee4
ernesto_guevara_img_0373,img_0373.png,naturaleza_y_bosques,ilustracion_plana_color,299,168,bosque de troncos claros,Wikimedia Commons,ernesto_guevara,dd96668c215fd1c8bf4cc4202eeb4ce40a2fcd5e
ernesto_guevara_img_0374,img_0374.jpg,naturaleza_y_bosques,ilustracion_plana_color,500,499,sendero luminoso entre arboles,Wikimedia Commons,ernesto_guevara,575da03c233b875e9b87cdda6cbebfc72a53bab5
ernesto_guevara_img_0375,img_0375.jpg,naturaleza_y_bosques,ilustracion_plana_color,502,499,pradera arbolada verde,Wikimedia Commons,ernesto_guevara,f942ed45e796a4aade2f1d1cd5b8bdf38da18a03
ernesto_guevara_img_0376,img_0376.jpg,naturaleza_y_bosques,ilustracion_plana_color,502,499,arbol antiguo junto lago,Wikimedia Commons,ernesto_guevara,4c0931ccdd1259dbab1c183997f80eee07cb9bfb
ernesto_guevara_img_0377,img_0377.jpg,naturaleza_y_bosques,ilustracion_plana_color,502,499,camino rural arbolado,Wikimedia Commons,ernesto_guevara,c59c55701b975459e60aef7778b9e545f3a469ab
ernesto_guevara_img_0378,img_0378.jpg,naturaleza_y_bosques,ilustracion_plana_color,502,499,sendero profundo en bosque,Wikimedia Commons,ernesto_guevara,f094157592e175f37b7422ab1b77a46efc0d1d1d
ernesto_guevara_img_0379,img_0379.jpg,naturaleza_y_bosques,ilustracion_plana_color,502,499,pradera verde florida,Wikimedia Commons,ernesto_guevara,2da3ef6533b9a42d3c593dc2b2be3bb29b25d3db
ernesto_guevara_img_0380,img_0380.jpg,naturaleza_y_bosques,ilustracion_plana_color,502,499,jardin verde con flores,Wikimedia Commons,ernesto_guevara,b2ca90dfe30c84e09cb292b6eff0137f437de772
ernesto_guevara_img_0381,img_0381.jpg,naturaleza_y_bosques,ilustracion_plana_color,502,499,bosque junto a sendero,Wikimedia Commons,ernesto_guevara,36c73d5dd1d6dedfbb8a159b1806c32e8a1f6dca
ernesto_guevara_img_0382,img_0382.jpg,naturaleza_y_bosques,ilustracion_plana_color,259,194,animales en bosque,Wikimedia Commons,ernesto_guevara,c3cd1e553ca67ce7fecc3fc61b6cd2095ac8cc30
ernesto_guevara_img_0383,img_0383.jpg,naturaleza_y_bosques,ilustracion_plana_color,502,499,sendero entre coniferas,Wikimedia Commons,ernesto_guevara,7f061891aa44061ee60fb22d91266fd1c43cbcb7
ernesto_guevara_img_0384,img_0384.jpg,naturaleza_y_bosques,ilustracion_plana_color,498,499,pradera verde abierta,Wikimedia Commons,ernesto_guevara,ba95e7f658ac8cff5926f28c69c0a7fcd43c681f
ernesto_guevara_img_0385,img_0385.jpg,naturaleza_y_bosques,ilustracion_plana_color,275,183,cabaña junto al bosque,Wikimedia Commons,ernesto_guevara,342434d289296646339268f635d42f3c6cc493f6
ernesto_guevara_img_0386,img_0386.jpg,naturaleza_y_bosques,ilustracion_plana_color,499,500,bosque de troncos altos,Wikimedia Commons,ernesto_guevara,dcbd11f0abdd7a6eb8463429a68ce2ad270b262b
ernesto_guevara_img_0387,img_0387.jpg,naturaleza_y_bosques,ilustracion_plana_color,500,490,arroyo entre arboles,Wikimedia Commons,ernesto_guevara,1437058bef4166c5923b95f6c71c63e641774e9f
ernesto_guevara_img_0388,img_0388.jpg,naturaleza_y_bosques,ilustracion_plana_color,499,493,laguna en pradera,Wikimedia Commons,ernesto_guevara,c198b0c8a5f7f63b98c59458023703c6e17e269a
ernesto_guevara_img_0389,img_0389.jpg,naturaleza_y_bosques,ilustracion_plana_color,500,499,jardin forestal colorido,Wikimedia Commons,ernesto_guevara,320434180034c75a2dcec53be18d52eecfde5d3c
ernesto_guevara_img_0390,img_0390.jpg,naturaleza_y_bosques,ilustracion_plana_color,499,499,bosque verde frondoso,Wikimedia Commons,ernesto_guevara,22309281a5e2655f63d447410cbed01110559225
ernesto_guevara_img_0391,img_0391.jpg,naturaleza_y_bosques,ilustracion_plana_color,492,499,bosque neblinoso iluminado,Wikimedia Commons,ernesto_guevara,1caa145e93060f7f6d775e8e8a16481792321918
ernesto_guevara_img_0392,img_0392.jpg,naturaleza_y_bosques,ilustracion_plana_color,492,499,claro verde boscoso,Wikimedia Commons,ernesto_guevara,b69cd7067d0ad3140b8092361d3e1ce7d196ccba
ernesto_guevara_img_0393,img_0393.jpg,naturaleza_y_bosques,ilustracion_plana_color,288,175,grupo de arboles,Wikimedia Commons,ernesto_guevara,bd643660d8f178862fd8ed34e57db2d18092971c
ernesto_guevara_img_0394,img_0394.jpg,naturaleza_y_bosques,ilustracion_plana_color,492,499,rio serpenteante forestal,Wikimedia Commons,ernesto_guevara,06bca2ff332bb1a5477c29dc1db161dcccfc79a6
ernesto_guevara_img_0395,img_0395.jpg,naturaleza_y_bosques,ilustracion_plana_color,492,499,bosque magico iluminado,Wikimedia Commons,ernesto_guevara,fe9fab21fc684432c9cf39639f93a357299bb6e8
ernesto_guevara_img_0396,img_0396.jpg,naturaleza_y_bosques,ilustracion_plana_color,492,495,bosque junto a lago,Wikimedia Commons,ernesto_guevara,7540af80beb8a8fbe6d90418cee050dad28dffde
ernesto_guevara_img_0397,img_0397.jpg,naturaleza_y_bosques,ilustracion_plana_color,252,200,campamento en la naturaleza,Wikimedia Commons,ernesto_guevara,26dc37e725be4395ca5243c85b3abf5b7cb776d7
ernesto_guevara_img_0398,img_0398.jpg,naturaleza_y_bosques,ilustracion_plana_color,498,520,venados en bosque,Wikimedia Commons,ernesto_guevara,1b11770dc109a6f308ed5f3736bce45d806895c0
ernesto_guevara_img_0399,img_0399.jpg,naturaleza_y_bosques,ilustracion_plana_color,498,497,bosque al atardecer,Wikimedia Commons,ernesto_guevara,1f8e26625cb7dc242d8a9e6af08f546d7aa86ece
ernesto_guevara_img_0400,img_0400.jpg,naturaleza_y_bosques,ilustracion_plana_color,498,497,colina boscosa verde,Wikimedia Commons,ernesto_guevara,f970e9e1b7d5184934e27c1e661552c12ffac53c
ernesto_guevara_img_0401,img_0401.jpg,naturaleza_y_bosques,ilustracion_plana_color,498,497,sendero entre rocas,Wikimedia Commons,ernesto_guevara,a1d4dd7b02576171b784e9ee63d333fa76c6358b
ernesto_guevara_img_0402,img_0402.jpg,naturaleza_y_bosques,ilustracion_plana_color,498,497,rio entre montañas verdes,Wikimedia Commons,ernesto_guevara,6da850c21dbca6649a3450444852a16aa4cb4b7f
ernesto_guevara_img_0403,img_0403.jpg,naturaleza_y_bosques,ilustracion_plana_color,498,497,bosque abierto soleado,Wikimedia Commons,ernesto_guevara,c96311af11d4811d840e2d78bad144bb619dae35
ernesto_guevara_img_0404,img_0404.png,naturaleza_y_bosques,ilustracion_plana_color,500,499,pradera con arboles,Wikimedia Commons,ernesto_guevara,b8a187c9e7be821df7dbaa7012285bcdc9d9970b
ernesto_guevara_img_0405,img_0405.jpg,naturaleza_y_bosques,ilustracion_plana_color,294,172,pradera verde soleada,Wikimedia Commons,ernesto_guevara,e58b43524f4bd336419df8eccc257aa8668df8b5
ernesto_guevara_img_0406,img_0406.jpg,naturaleza_y_bosques,ilustracion_plana_color,279,180,bosque con niebla suave,Wikimedia Commons,ernesto_guevara,b7ee9182091c1760cb21d05757581854bb37b9f2
ernesto_guevara_img_0407,img_0407.jpg,naturaleza_y_bosques,ilustracion_plana_color,299,168,bosque de troncos claros,Wikimedia Commons,ernesto_guevara,f2d0720ba9b41c6a5cdb54d7235ad639c4f407b5
ernesto_guevara_img_0408,img_0408.jpg,naturaleza_y_bosques,ilustracion_plana_color,251,201,pradera arbolada luminosa,Wikimedia Commons,ernesto_guevara,26eda7c8c34dce14c7118d2247f76e2060fbeaf2
ernesto_guevara_img_0409,img_0409.jpg,naturaleza_y_bosques,ilustracion_plana_color,197,256,bosque con neblina,Wikimedia Commons,ernesto_guevara,508232cf4de2181c809b24004ca0d9bf764bbacc
ernesto_guevara_img_0410,img_0410.jpg,naturaleza_y_bosques,ilustracion_plana_color,265,190,bosque verde frondoso,Wikimedia Commons,ernesto_guevara,809d071a06a15d294ff8aa5dc92050caa2c523d9
ernesto_guevara_img_0411,img_0411.jpg,naturaleza_y_bosques,ilustracion_plana_color,275,183,bosque junto a lago,Wikimedia Commons,ernesto_guevara,70c716d03f0624250fa78b9fbefb1319946c9257
ernesto_guevara_img_0412,img_0412.jpg,naturaleza_y_bosques,ilustracion_plana_color,240,210,animales descansando bosque,Wikimedia Commons,ernesto_guevara,149629e4ceee38c43cd9624661c388a2febab7e6
ernesto_guevara_img_0413,img_0413.jpg,naturaleza_y_bosques,ilustracion_plana_color,218,231,paisaje verde montañoso,Wikimedia Commons,ernesto_guevara,ee50442d7a0f2aedadac44b1b28266ce2a07fee6
ernesto_guevara_img_0414,img_0414.png,naturaleza_y_bosques,ilustracion_plana_color,282,179,montañas entre niebla,Wikimedia Commons,ernesto_guevara,76164ba28268bae5a916a65146cef75b2629ccfc
ernesto_guevara_img_0415,img_0415.png,naturaleza_y_bosques,ilustracion_plana_color,284,177,claro soleado forestal,Wikimedia Commons,ernesto_guevara,e28b342774ee2e0717c683364edc4af00b77e5c2
ernesto_guevara_img_0416,img_0416.png,naturaleza_y_bosques,ilustracion_plana_color,303,166,pradera verde abierta,Wikimedia Commons,ernesto_guevara,687cec5a3c2d977227b95b2fb877387a2b052897
ernesto_guevara_img_0417,img_0417.jpg,naturaleza_y_bosques,ilustracion_plana_color,265,190,bosque de coniferas,Wikimedia Commons,ernesto_guevara,d61fc3fcaa1982c08e1afd15e34509ae98a61a24
ernesto_guevara_img_0418,img_0418.jpg,naturaleza_y_bosques,ilustracion_plana_color,299,168,arbusto en pradera,Wikimedia Commons,ernesto_guevara,f475da026e570c5c182d41cf00ca1b70955ea358
ernesto_guevara_img_0419,img_0419.jpg,naturaleza_y_bosques,ilustracion_plana_color,260,194,bosque junto a flores,Wikimedia Commons,ernesto_guevara,36957d89bb7e0d3c44ecef0b60bb1497c9495842
ernesto_guevara_img_0420,img_0420.png,naturaleza_y_bosques,ilustracion_plana_color,225,225,lago alpino montañoso,Wikimedia Commons,ernesto_guevara,c77d2edbd824e3452f86df90f05d50a1a1db78d6
ernesto_guevara_img_0421,img_0421.jpg,naturaleza_y_bosques,ilustracion_plana_color,225,225,sendero curvo forestal,Wikimedia Commons,ernesto_guevara,7f70df3a4cfec7dce0d679dbc6e0f30dedd2f482
ernesto_guevara_img_0422,img_0422.png,naturaleza_y_bosques,ilustracion_plana_color,300,168,bosque verde iluminado,Wikimedia Commons,ernesto_guevara,f5405b062365e8636709e43e047f0b8c5fd91918
ernesto_guevara_img_0423,img_0423.png,naturaleza_y_bosques,ilustracion_plana_color,268,188,rio serpenteante verde,Wikimedia Commons,ernesto_guevara,679ea56cb4bca0bd4cfd0706aa8025b93fff50ed
ernesto_guevara_img_0424,img_0424.png,naturaleza_y_bosques,ilustracion_plana_color,272,185,bosque abierto luminoso,Wikimedia Commons,ernesto_guevara,6c9afe72e7d74898320970c07f809264bd04d6a1
ernesto_guevara_img_0425,img_0425.jpg,naturaleza_y_bosques,ilustracion_plana_color,225,225,claro magico circular,Wikimedia Commons,ernesto_guevara,7eeed15e17384a9c2392ba43a02b30c67278010b
ernesto_guevara_img_0426,img_0426.jpg,naturaleza_y_bosques,ilustracion_plana_color,268,188,animales en pradera,Wikimedia Commons,ernesto_guevara,0bd5366f8515cd7b2ad37df8fe274f53934e9cb1
ernesto_guevara_img_0427,img_0427.jpg,naturaleza_y_bosques,ilustracion_plana_color,299,168,bosque con niebla,Wikimedia Commons,ernesto_guevara,79ec11cac992d722508e9c56066d151f6e8e7eff
ernesto_guevara_img_0428,img_0428.jpg,naturaleza_y_bosques,ilustracion_plana_color,267,189,lago entre arboles,Wikimedia Commons,ernesto_guevara,da89bc6c808dab39e77a542bd78e740a537c232c
ernesto_guevara_img_0429,img_0429.jpg,naturaleza_y_bosques,ilustracion_plana_color,300,168,bosque de troncos,Wikimedia Commons,ernesto_guevara,1d039aac0d66f5e09a47430a88e948b7290da9c4
ernesto_guevara_img_0430,img_0430.jpg,naturaleza_y_bosques,ilustracion_plana_color,297,170,valle florido montañoso,Wikimedia Commons,ernesto_guevara,0d4c302102365733e314f55588080e886a3268d5
ernesto_guevara_img_0431,img_0431.jpg,naturaleza_y_bosques,ilustracion_plana_color,329,153,lago entre montañas,Wikimedia Commons,ernesto_guevara,0bb215ea22a694c834c0a5c8dff2827ec97d485f
ernesto_guevara_img_0432,img_0432.jpg,naturaleza_y_bosques,ilustracion_plana_color,301,167,pradera verde soleada,Wikimedia Commons,ernesto_guevara,52466a663de3db92ff115f4fdfda47bae6a23a28
ernesto_guevara_img_0433,img_0433.jpg,naturaleza_y_bosques,ilustracion_plana_color,266,190,sendero entre arboles,Wikimedia Commons,ernesto_guevara,173fa87c53438ed98558701104ca1ad5e8db2b36
ernesto_guevara_img_0434,img_0434.jpg,naturaleza_y_bosques,ilustracion_plana_color,225,225,acantilado con pinos,Wikimedia Commons,ernesto_guevara,2bf5fd8ab95674b56b24031a4df19e9c870f5eb0
ernesto_guevara_img_0435,img_0435.jpg,naturaleza_y_bosques,ilustracion_plana_color,263,191,camino entre arboles,Wikimedia Commons,ernesto_guevara,389732fadfa5eb50d8357635c80a1476ef48d22f
ernesto_guevara_img_0436,img_0436.jpg,naturaleza_y_bosques,ilustracion_plana_color,277,182,bosque junto a rio,Wikimedia Commons,ernesto_guevara,f01ecce5fb56ad586bcdd856d020c5182075bc28
ernesto_guevara_img_0437,img_0437.png,naturaleza_y_bosques,ilustracion_plana_color,299,168,colinas verdes y flores,Wikimedia Commons,ernesto_guevara,fd81cbb014ffbc3442e855dca419b6db7b7a805f
ernesto_guevara_img_0438,img_0438.jpg,naturaleza_y_bosques,ilustracion_plana_color,299,168,bosque de troncos altos,Wikimedia Commons,ernesto_guevara,c3ee133b3245a2ffd3d91f564acda146acdc4717
ernesto_guevara_img_0439,img_0439.jpg,naturaleza_y_bosques,ilustracion_plana_color,254,198,bosque magico con flores,Wikimedia Commons,ernesto_guevara,eb23a7bc9d0d829b0950a30e676a2d1118d855a0
ernesto_guevara_img_0440,img_0440.jpg,naturaleza_y_bosques,ilustracion_plana_color,257,196,pradera con animales pequeños,Wikimedia Commons,ernesto_guevara,7bb253fb1f708acdcdb5eaaade46c8c7bb11b053
ernesto_guevara_img_0441,img_0441.jpg,naturaleza_y_bosques,ilustracion_plana_color,362,139,lago rodeado de arboles,Wikimedia Commons,ernesto_guevara,a25a94242cd78501003195191dbc1d21fc6a008b
ernesto_guevara_img_0442,img_0442.jpg,naturaleza_y_bosques,ilustracion_plana_color,224,225,grupo de pinos altos,Wikimedia Commons,ernesto_guevara,4261e9a8ab08b8a75e22a18babfa5c378d98a49a
ernesto_guevara_img_0443,img_0443.jpg,naturaleza_y_bosques,ilustracion_plana_color,300,168,colinas tropicales con palmeras,Wikimedia Commons,ernesto_guevara,4971b3222a051d614133e7e34862fb4e0e58ed72
ernesto_guevara_img_0444,img_0444.jpg,naturaleza_y_bosques,ilustracion_plana_color,267,189,conjunto de arboles verdes,Wikimedia Commons,ernesto_guevara,07c70a41f457f313ba0b9335527735f17f6ab73f
ernesto_guevara_img_0445,img_0445.jpg,naturaleza_y_bosques,ilustracion_plana_color,301,167,bosque con rayos solares,Wikimedia Commons,ernesto_guevara,452f71e373bdfa81a7407803ddad3b823e7ef8cb
ernesto_guevara_img_0446,img_0446.jpg,naturaleza_y_bosques,ilustracion_plana_color,318,159,arbol grande en pradera,Wikimedia Commons,ernesto_guevara,2a96ea819a7c153a56d8729a82ed5882e3aac129
ernesto_guevara_img_0447,img_0447.jpg,naturaleza_y_bosques,ilustracion_plana_color,225,225,tocon en claro boscoso,Wikimedia Commons,ernesto_guevara,d033e0db369dd5110b393f193b1694155a73516d
ernesto_guevara_img_0448,img_0448.png,naturaleza_y_bosques,ilustracion_plana_color,304,166,pradera florida con colinas,Wikimedia Commons,ernesto_guevara,1308ad0de218303932d8191243c78ad055784bea
ernesto_guevara_img_0449,img_0449.png,naturaleza_y_bosques,ilustracion_plana_color,482,453,pradera soleada con flores,Wikimedia Commons,ernesto_guevara,5ad5341c6760dc7017357492033acff9d6becb58
ernesto_guevara_img_0450,img_0450.png,naturaleza_y_bosques,ilustracion_plana_color,636,408,camino forestal sombreado,Wikimedia Commons,ernesto_guevara,32f31d110892e5f22974e9c4b73df56b44cb5d17
ernesto_guevara_img_0451,img_0451.jpg,naturaleza_y_bosques,ilustracion_plana_color,225,225,rio serpenteante entre arboles,Wikimedia Commons,ernesto_guevara,69c58aec02ed0badd33df89faed2d349724f3c9a
ernesto_guevara_img_0452,img_0452.jpg,naturaleza_y_bosques,ilustracion_plana_color,300,168,bosque colorido iluminado,Wikimedia Commons,ernesto_guevara,62743b2ac4e91b5fac2e0bfe672945918584cd08
ernesto_guevara_img_0453,img_0453.jpg,naturaleza_y_bosques,ilustracion_plana_color,299,168,bosque oscuro con sendero,Wikimedia Commons,ernesto_guevara,2e074183e3fea5df7135d8a6a874a1a2562b5ee3
ernesto_guevara_img_0454,img_0454.png,naturaleza_y_bosques,ilustracion_plana_color,259,194,animales bajo arboles,Wikimedia Commons,ernesto_guevara,750ac38508cb16b453b9815b9b3121e845782f3b
ernesto_guevara_img_0455,img_0455.jpg,naturaleza_y_bosques,ilustracion_plana_color,300,168,bosque al atardecer,Wikimedia Commons,ernesto_guevara,8221bdc7054ec9ebfc34179573977829367e09a9
ernesto_guevara_img_0456,img_0456.jpg,naturaleza_y_bosques,ilustracion_plana_color,225,225,bosque de secuoyas altas,Wikimedia Commons,ernesto_guevara,29cb8cf968b8b04a105bfca2c8f50280b98208b1
ernesto_guevara_img_0457,img_0457.jpg,naturaleza_y_bosques,ilustracion_plana_color,300,168,niña en pradera verde,Wikimedia Commons,ernesto_guevara,72dc387f19d0d566d6ca49a40c134f02c4f7a692
ernesto_guevara_img_0458,img_0458.jpg,naturaleza_y_bosques,ilustracion_plana_color,335,150,lago y flores silvestres,Wikimedia Commons,ernesto_guevara,c243bf93830f38c92cfc09cb14b73b4c61155b54
ernesto_guevara_img_0459,img_0459.jpg,naturaleza_y_bosques,ilustracion_plana_color,259,194,cueva magica en bosque,Wikimedia Commons,ernesto_guevara,bae68b15f1c4db0af84e845eed7a0f9218b6765d
ernesto_guevara_img_0460,img_0460.jpg,naturaleza_y_bosques,ilustracion_plana_color,290,174,arboles estilizados junto lago,Wikimedia Commons,ernesto_guevara,2bdb9459a4adba0088d566443bc51599c4a2bbdb
ernesto_guevara_img_0461,img_0461.jpg,naturaleza_y_bosques,ilustracion_plana_color,273,185,colina con sendero rural,Wikimedia Commons,ernesto_guevara,7d43e64c3edb29af45080de9dc7a828021d61386
ernesto_guevara_img_0462,img_0462.jpg,naturaleza_y_bosques,ilustracion_plana_color,306,165,bosque con luz suave,Wikimedia Commons,ernesto_guevara,f32d8e960857f3ab0b01b02760df3d78d851b4a6
ernesto_guevara_img_0463,img_0463.jpg,naturaleza_y_bosques,ilustracion_plana_color,225,225,ventana natural hacia pradera,Wikimedia Commons,ernesto_guevara,42f7de23165539a523903be1987b199f004a8630
ernesto_guevara_img_0464,img_0464.jpg,naturaleza_y_bosques,ilustracion_plana_color,276,183,arroyo entre arboles,Wikimedia Commons,ernesto_guevara,0994597094ac096173f560dc06a469cb5d78645b
ernesto_guevara_img_0465,img_0465.jpg,naturaleza_y_bosques,ilustracion_plana_color,286,176,fila de arboles verdes,Wikimedia Commons,ernesto_guevara,6350c1067c80eb41f7c1d0b242f74dbc019e1342
ernesto_guevara_img_0466,img_0466.jpg,naturaleza_y_bosques,ilustracion_plana_color,225,225,marco de bosque florido,Wikimedia Commons,ernesto_guevara,6634c7ee8a87843a43cd72c1f9c8836db09fce76
ernesto_guevara_img_0467,img_0467.png,naturaleza_y_bosques,ilustracion_plana_color,300,168,rio tranquilo entre vegetacion,Wikimedia Commons,ernesto_guevara,72787b2b34d5c52b9ee4cbc7abccd4bbe86b8149
ernesto_guevara_img_0468,img_0468.jpg,naturaleza_y_bosques,ilustracion_plana_color,318,159,campamento en bosque montañoso,Wikimedia Commons,ernesto_guevara,334858d223b0cda068f13424b55be84683baf163
ernesto_guevara_img_0469,img_0469.jpg,naturaleza_y_bosques,ilustracion_plana_color,244,206,osos junto al rio,Wikimedia Commons,ernesto_guevara,700b2891e1ca895e0034d25f6aee3a8266bae073
ernesto_guevara_img_0470,img_0470.jpg,naturaleza_y_bosques,ilustracion_plana_color,266,190,cascada luminosa en bosque,Wikimedia Commons,ernesto_guevara,ba6ac6119ea445ea72c547d65e86d3235fae655f
ernesto_guevara_img_0471,img_0471.png,naturaleza_y_bosques,ilustracion_plana_color,260,194,rio entre arboles frondosos,Wikimedia Commons,ernesto_guevara,d08f9125eb3cb72d553b1bd937dfbc1e446d2949
ernesto_guevara_img_0472,img_0472.jpg,naturaleza_y_bosques,ilustracion_plana_color,299,169,claro magico en bosque,Wikimedia Commons,ernesto_guevara,7f790e13e421f9fb32e2247d832ddd9572b208ee
ernesto_guevara_img_0473,img_0473.jpg,naturaleza_y_bosques,ilustracion_plana_color,266,190,bosque de arboles rojos,Wikimedia Commons,ernesto_guevara,eab4d46c344305a194987edf5067e9999cc42e70
ernesto_guevara_img_0474,img_0474.jpg,naturaleza_y_bosques,ilustracion_plana_color,225,225,copa forestal vista aerea,Wikimedia Commons,ernesto_guevara,5e156fe4649d7bfbd8848e09afe2569e20861996
ernesto_guevara_img_0475,img_0475.png,naturaleza_y_bosques,ilustracion_plana_color,301,167,colinas verdes y camino,Wikimedia Commons,ernesto_guevara,52852b90336ff6ab6012fc516679851ca998d0b2
ernesto_guevara_img_0476,img_0476.jpg,naturaleza_y_bosques,ilustracion_plana_color,225,225,sendero curvo entre arboles,Wikimedia Commons,ernesto_guevara,9e94f9d2977666d638d39c429bd0d19ea695824a
ernesto_guevara_img_0477,img_0477.jpg,naturaleza_y_bosques,ilustracion_plana_color,265,190,bosque iluminado por sol,Wikimedia Commons,ernesto_guevara,d44ab3e9826f06ca3b7decb556c27a1318d9a004
ernesto_guevara_img_0478,img_0478.jpg,naturaleza_y_bosques,ilustracion_plana_color,241,209,colinas verdes bajo sol,Wikimedia Commons,ernesto_guevara,4e52365a358fdcaf7fb9a2e1926f310ecba4eaae
ernesto_guevara_img_0479,img_0479.jpg,naturaleza_y_bosques,ilustracion_plana_color,281,180,claro verde con flores,Wikimedia Commons,ernesto_guevara,d868463ce131690ca112f4d7fc3da4186700e605
ernesto_guevara_img_0480,img_0480.jpg,naturaleza_y_bosques,ilustracion_plana_color,300,168,bosque al amanecer,Wikimedia Commons,ernesto_guevara,74d148faaf594fae0ee4c184bb38ee2abfca104e
ernesto_guevara_img_0481,img_0481.jpg,naturaleza_y_bosques,ilustracion_plana_color,261,193,sendero luminoso en bosque,Wikimedia Commons,ernesto_guevara,6b587c26ffa22e4aa4ed0b39d44a6721678c85c9
ernesto_guevara_img_0482,img_0482.jpg,naturaleza_y_bosques,ilustracion_plana_color,247,204,pradera con animales diversos,Wikimedia Commons,ernesto_guevara,c9bf199c6ae21c28d555fc34f4757424371d72f9
ernesto_guevara_img_0483,img_0483.jpg,naturaleza_y_bosques,ilustracion_plana_color,275,183,bosque encantado con hongos,Wikimedia Commons,ernesto_guevara,b9dc2864d04d7f1886d289e6f6851c3beaf6a40f
ernesto_guevara_img_0484,img_0484.jpg,naturaleza_y_bosques,ilustracion_plana_color,300,168,montañas con arcoiris y lago,Wikimedia Commons,ernesto_guevara,ea1a691756ab5399daba8e7caaf3869ae0050892
ernesto_guevara_img_0485,img_0485.jpg,naturaleza_y_bosques,ilustracion_plana_color,225,225,arboles dispersos en bosque,Wikimedia Commons,ernesto_guevara,330fd38520dc8905c08a05a5de7c927744948581
ernesto_guevara_img_0486,img_0486.jpg,naturaleza_y_bosques,ilustracion_plana_color,224,224,sendero entre troncos altos,Wikimedia Commons,ernesto_guevara,359a0287c3d50f35c6d7e8947ba8f8aa888efff7
ernesto_guevara_img_0487,img_0487.jpg,naturaleza_y_bosques,ilustracion_plana_color,301,167,huerto florido con arboles,Wikimedia Commons,ernesto_guevara,9597d0d9d39851fd2d9b01034d9747460ca46182
ernesto_guevara_img_0488,img_0488.jpg,naturaleza_y_bosques,ilustracion_plana_color,289,175,animales junto a arboles,Wikimedia Commons,ernesto_guevara,31219ec11c8ff7908aaba1d5af02978230504baa
ernesto_guevara_img_0489,img_0489.jpg,naturaleza_y_bosques,ilustracion_plana_color,246,205,pinos junto a sendero,Wikimedia Commons,ernesto_guevara,3d741bb7e8a3ee4d7599d9278d99eaff4edd9db2
ernesto_guevara_img_0490,img_0490.jpg,naturaleza_y_bosques,ilustracion_plana_color,284,177,bosque denso con niebla,Wikimedia Commons,ernesto_guevara,dfdba8d863ec1533c0d5ebe098593a20c14de250
ernesto_guevara_img_0491,img_0491.jpg,naturaleza_y_bosques,ilustracion_plana_color,242,208,sendero boscoso enmarcado,Wikimedia Commons,ernesto_guevara,140a427b02d116306af3b77fd9dcf29ba042fe75
ernesto_guevara_img_0492,img_0492.jpg,naturaleza_y_bosques,ilustracion_plana_color,265,190,pradera junto a arbol,Wikimedia Commons,ernesto_guevara,23d54fb486e98c785a181a11439bfa2659837b83
ernesto_guevara_img_0493,img_0493.png,naturaleza_y_bosques,ilustracion_plana_color,247,204,bosque oscuro con sendero,Wikimedia Commons,ernesto_guevara,d9d2c97f233ef8809a51ae57ef916566a6e45564
ernesto_guevara_img_0494,img_0494.jpg,naturaleza_y_bosques,ilustracion_plana_color,290,174,arboles estilizados y colinas,Wikimedia Commons,ernesto_guevara,b09e30c1f79061ccdbfbdfb149208046edce7a39
ernesto_guevara_img_0495,img_0495.jpg,naturaleza_y_bosques,ilustracion_plana_color,254,199,pradera bordeada por bosque,Wikimedia Commons,ernesto_guevara,f220ab10902dd19980547116516384b094a44999
ernesto_guevara_img_0496,img_0496.jpg,naturaleza_y_bosques,ilustracion_plana_color,284,177,camino entre arboles altos,Wikimedia Commons,ernesto_guevara,eacf0e20a407bf41bbbca454ba6ba712f3a947d6
ernesto_guevara_img_0497,img_0497.jpg,naturaleza_y_bosques,ilustracion_plana_color,257,196,pradera con arboles dispersos,Wikimedia Commons,ernesto_guevara,24929a6776e8b3d4e01852d15f478764e60f1071
ernesto_guevara_img_0498,img_0498.jpg,naturaleza_y_bosques,ilustracion_plana_color,234,134,bosque soleado con flores,Wikimedia Commons,ernesto_guevara,e3a84c492b0709645efa06aa48982ad67b4506f1
ernesto_guevara_img_0499,img_0499.jpg,naturaleza_y_bosques,ilustracion_plana_color,318,159,bosque azul con niebla,Wikimedia Commons,ernesto_guevara,9691d251e39c0c22084ccc031bdc1275a0f1b598
ernesto_guevara_img_0500,img_0500.jpg,naturaleza_y_bosques,ilustracion_plana_color,275,183,pradera con arcoiris suave,Wikimedia Commons,ernesto_guevara,dc73ada65a0687717f1658c1f9740d297124fafd
ernesto_guevara_img_0501,img_0501.jpg,naturaleza_y_bosques,ilustracion_plana_color,246,205,cueva rocosa entre arboles,Wikimedia Commons,ernesto_guevara,402bb0fdf0d37d6266057f6d07351f40eb981ea0
ernesto_guevara_img_0502,img_0502.jpg,naturaleza_y_bosques,ilustracion_plana_color,318,159,bosque iluminado al amanecer,Wikimedia Commons,ernesto_guevara,5dfbe7850aa8c905ed49ed1b98217417cafb3df2
ernesto_guevara_img_0503,img_0503.jpg,naturaleza_y_bosques,ilustracion_plana_color,300,168,raices grandes en bosque,Wikimedia Commons,ernesto_guevara,166e8193a0ece698200c037eb193231c7f89bb12
ernesto_guevara_img_0504,img_0504.jpg,naturaleza_y_bosques,ilustracion_plana_color,301,167,arroyo junto a bosque,Wikimedia Commons,ernesto_guevara,9f30e4954f99fccc37672708670b9a5bff3d2232
ernesto_guevara_img_0505,img_0505.jpg,naturaleza_y_bosques,ilustracion_plana_color,259,195,sendero entre arboles y flores,Wikimedia Commons,ernesto_guevara,df852e969faf15c86aa9103a6e3f7a67274ace6f
ernesto_guevara_img_0506,img_0506.png,naturaleza_y_bosques,ilustracion_plana_color,275,183,camino curvo en bosque,Wikimedia Commons,ernesto_guevara,b59a86410c441a55b1929877b760f6e3e4a22f60
ernesto_guevara_img_0507,img_0507.jpg,naturaleza_y_bosques,ilustracion_plana_color,225,225,bosque iluminado por sol,Wikimedia Commons,ernesto_guevara,1ad0f7660e7982e289b2caef14e36e4e842e86b7
ernesto_guevara_img_0508,img_0508.jpg,naturaleza_y_bosques,ilustracion_plana_color,271,186,pradera vista entre arboles,Wikimedia Commons,ernesto_guevara,7c424482c7a77fc053f678f44deea9bddda90fa8
ernesto_guevara_img_0509,img_0509.jpg,naturaleza_y_bosques,ilustracion_plana_color,335,150,cabaña junto a bosque,Wikimedia Commons,ernesto_guevara,049cabb22a43f891a9c5e44e874e4e4482836699
ernesto_guevara_img_0510,img_0510.jpg,naturaleza_y_bosques,ilustracion_plana_color,279,181,ciervos en claro boscoso,Wikimedia Commons,ernesto_guevara,f4295c5acad3b1890ca8c962b5709e7c89bbbad4
ernesto_guevara_img_0511,img_0511.png,naturaleza_y_bosques,ilustracion_plana_color,301,167,fila de arboles verdes,Wikimedia Commons,ernesto_guevara,dd63b098da673fdb7c5234fae99e43697e8a9bc7
ernesto_guevara_img_0512,img_0512.jpg,naturaleza_y_bosques,ilustracion_plana_color,225,225,bosque frondoso junto arroyo,Wikimedia Commons,ernesto_guevara,8735afbebe9f284f51bd14ad15e397c0da87b686
ernesto_guevara_img_0513,img_0513.jpg,naturaleza_y_bosques,ilustracion_plana_color,312,161,bosque oscuro con pradera,Wikimedia Commons,ernesto_guevara,9b8013ee756ee67435013ea92fe4b6e1287cbc3c
ernesto_guevara_img_0514,img_0514.jpg,naturaleza_y_bosques,ilustracion_plana_color,266,190,sendero entre pinos altos,Wikimedia Commons,ernesto_guevara,cab118c579cc4fcb04c2bd5c85b56cb888d229f9
ernesto_guevara_img_0515,img_0515.jpg,naturaleza_y_bosques,ilustracion_plana_color,266,190,camino luminoso entre arboles,Wikimedia Commons,ernesto_guevara,5b9dcc2999511e6d24e9bfc4963b5f31416ee090
ernesto_guevara_img_0516,img_0516.jpg,naturaleza_y_bosques,ilustracion_plana_color,300,168,monos junto a arboles,Wikimedia Commons,ernesto_guevara,c97e1a7c19a79e41bf3ce5159801c0f581ecff01
ernesto_guevara_img_0517,img_0517.jpg,naturaleza_y_bosques,ilustracion_plana_color,228,221,arboles frutales estilizados,Wikimedia Commons,ernesto_guevara,17fc0e9b548770a4a74921c938cf901a9d234f6d
ernesto_guevara_img_0518,img_0518.jpg,naturaleza_y_bosques,ilustracion_plana_color,250,202,lobo junto a arbol,Wikimedia Commons,ernesto_guevara,4dd5b1e86118b58e7ce096fa3b5b2ff535af3f67
ernesto_guevara_img_0519,img_0519.jpg,naturaleza_y_bosques,ilustracion_plana_color,275,183,pradera con arboles dispersos,Wikimedia Commons,ernesto_guevara,b35996dd6997416c9d39bb80be83f0894034f26b
ernesto_guevara_img_0520,img_0520.jpg,naturaleza_y_bosques,ilustracion_plana_color,268,188,animales junto al arroyo,Wikimedia Commons,ernesto_guevara,80481058822d19ee8c5719f7e54e4afcc75ccf40
ernesto_guevara_img_0521,img_0521.jpg,naturaleza_y_bosques,ilustracion_plana_color,301,167,animales en claro soleado,Wikimedia Commons,ernesto_guevara,5d1c2929d3b51dcf51e81a9bcb520f2f9effede5
ernesto_guevara_img_0522,img_0522.jpg,naturaleza_y_bosques,ilustracion_plana_color,225,225,bosque con niebla suave,Wikimedia Commons,ernesto_guevara,b7d2e5e848f5634b13f805b8dd608cde73c04f3e
ernesto_guevara_img_0523,img_0523.jpg,naturaleza_y_bosques,ilustracion_plana_color,275,183,bosque verde con niebla,Wikimedia Commons,ernesto_guevara,3465e809587fe5af08c9d908c856cdc0ea78ef97
ernesto_guevara_img_0524,img_0524.jpg,naturaleza_y_bosques,ilustracion_plana_color,259,194,arroyo entre rocas y arboles,Wikimedia Commons,ernesto_guevara,82cf6cc6e7a5ba4d5b0fe937526ae96d0759a033
ernesto_guevara_img_0525,img_0525.jpg,naturaleza_y_bosques,ilustracion_plana_color,318,159,bosque con madriguera natural,Wikimedia Commons,ernesto_guevara,7542dfe91d3c6079eafce7bfb7467e81b72031ca
ernesto_guevara_img_0526,img_0526.png,naturaleza_y_bosques,ilustracion_plana_color,279,181,ciervos entre arboles,Wikimedia Commons,ernesto_guevara,9783c232f3ce7f77e52815cf27ee8b9170b51c97
ernesto_guevara_img_0527,img_0527.jpg,naturaleza_y_bosques,ilustracion_plana_color,301,167,pradera junto a bosque,Wikimedia Commons,ernesto_guevara,a4824b9106ec44bdbdf4a39982e6a252d814e443
ernesto_guevara_img_0528,img_0528.jpg,naturaleza_y_bosques,ilustracion_plana_color,311,162,animales en bosque abierto,Wikimedia Commons,ernesto_guevara,63d0876ed2ec6f82777d76ab7321b6b96edbf57d
ernesto_guevara_img_0529,img_0529.jpg,naturaleza_y_bosques,ilustracion_plana_color,297,169,casa entre arboles frondosos,Wikimedia Commons,ernesto_guevara,36185b087e93a3db94d11e193f44785a99771264
ernesto_guevara_img_0530,img_0530.jpg,naturaleza_y_bosques,ilustracion_plana_color,262,192,osos en paisaje montañoso,Wikimedia Commons,ernesto_guevara,e15c09732f34bb1ef4df2719e47b491881cc8200
ernesto_guevara_img_0531,img_0531.jpg,naturaleza_y_bosques,ilustracion_plana_color,300,168,pradera con arboles verdes,Wikimedia Commons,ernesto_guevara,28d1ad192625d3cf7566f515bd987f1d0ba298b2
ernesto_guevara_img_0532,img_0532.jpg,naturaleza_y_bosques,ilustracion_plana_color,259,194,colinas verdes bajo nubes,Wikimedia Commons,ernesto_guevara,e6fa31765bdc3943469941b48ffd041b8800560d
ernesto_guevara_img_0533,img_0533.jpg,naturaleza_y_bosques,ilustracion_plana_color,301,167,bosque oscuro con sendero,Wikimedia Commons,ernesto_guevara,aeeaebff5a573079e0ebabfe6c4e6aee1703a7a1
ernesto_guevara_img_0534,img_0534.jpg,naturaleza_y_bosques,ilustracion_plana_color,301,167,arroyo bajo arboles grandes,Wikimedia Commons,ernesto_guevara,85e908f54fabe777a1892371cbe7a5c5e973110b
ernesto_guevara_img_0535,img_0535.jpg,naturaleza_y_bosques,ilustracion_plana_color,275,183,colinas verdes al amanecer,Wikimedia Commons,ernesto_guevara,e3f1812cb42abdbb6b169a2e7db81204080fbd39
ernesto_guevara_img_0536,img_0536.jpg,naturaleza_y_bosques,ilustracion_plana_color,275,183,claro boscoso con flores,Wikimedia Commons,ernesto_guevara,47ee40f64a1d92d4e6335d5712f59012f88f8171
ernesto_guevara_img_0537,img_0537.jpg,naturaleza_y_bosques,ilustracion_plana_color,269,187,sendero entre arboles verdes,Wikimedia Commons,ernesto_guevara,b33a5ceb54e09c3a19adc3a19670e2747a2c7cac
ernesto_guevara_img_0538,img_0538.jpg,naturaleza_y_bosques,ilustracion_plana_color,276,183,animales celebrando en bosque,Wikimedia Commons,ernesto_guevara,53d1eb1b1b7f6ce5cdd5073d551cf84b539ff044
ernesto_guevara_img_0539,img_0539.jpg,naturaleza_y_bosques,ilustracion_plana_color,283,178,bosque denso con niebla,Wikimedia Commons,ernesto_guevara,fae5b7fb68c38d6ff7bbfb7ad492ce9e8819176d
ernesto_guevara_img_0540,img_0540.jpg,naturaleza_y_bosques,ilustracion_plana_color,288,175,bosque de abedules claros,Wikimedia Commons,ernesto_guevara,8243936fa2eb19043bcd2d946164d7c6a77cdf02
ernesto_guevara_img_0541,img_0541.jpg,naturaleza_y_bosques,ilustracion_plana_color,276,183,elefante y animales bosque,Wikimedia Commons,ernesto_guevara,39a7efa9ac898bacab8cdd1a0aef689a0fae48b1
ernesto_guevara_img_0542,img_0542.jpg,naturaleza_y_bosques,ilustracion_plana_color,300,149,sendero junto vegetacion tropical,Wikimedia Commons,ernesto_guevara,9280a0b2ccad4e9a8c839f3a0853769f7f0ddd76
ernesto_guevara_img_0543,img_0543.png,naturaleza_y_bosques,ilustracion_plana_color,622,456,rio entre montañas verdes,Wikimedia Commons,ernesto_guevara,5a8a6d2bed4ec0e503cdaa39394b690e53bad063
ernesto_guevara_img_0544,img_0544.jpg,naturaleza_y_bosques,ilustracion_plana_color,215,234,camino curvo entre arboles,Wikimedia Commons,ernesto_guevara,1fcb153eba4c7d978ac559c493e524134e07764d
ernesto_guevara_img_0545,img_0545.jpg,naturaleza_y_bosques,ilustracion_plana_color,275,183,oso junto a arbol,Wikimedia Commons,ernesto_guevara,94f0a7063005deb58d812330b2e2995529061f9b
ernesto_guevara_img_0546,img_0546.jpg,naturaleza_y_bosques,ilustracion_plana_color,274,184,bosque de troncos rectos,Wikimedia Commons,ernesto_guevara,c42161d945b81698d2cb1e6c525be18251be3c4f
ernesto_guevara_img_0547,img_0547.jpg,naturaleza_y_bosques,ilustracion_plana_color,236,131,animales entre arboles verdes,Wikimedia Commons,ernesto_guevara,eb8afeb75942adce878f6e93ce668ca8e83a26c1
ernesto_guevara_img_0548,img_0548.png,naturaleza_y_bosques,ilustracion_plana_color,267,189,lago tranquilo en bosque,Wikimedia Commons,ernesto_guevara,de9d0ae91b84f43e51dba40f624184b2a1e6fc6e
ernesto_guevara_img_0549,img_0549.jpg,naturaleza_y_bosques,ilustracion_plana_color,216,233,pradera abierta con arbol,Wikimedia Commons,ernesto_guevara,6c56ce91a960139dbc194f4b261f49d666e6bc3c
ernesto_guevara_img_0550,img_0550.jpg,naturaleza_y_bosques,ilustracion_plana_color,277,182,arboles otoñales en pradera,Wikimedia Commons,ernesto_guevara,056e3931e8d3a2c9f9b56dffd9c78610e538ef54
ernesto_guevara_img_0551,img_0551.jpg,naturaleza_y_bosques,ilustracion_plana_color,301,167,claro verde junto bosque,Wikimedia Commons,ernesto_guevara,18c1692b76262b427d73e3a0b57793d457305682
ernesto_guevara_img_0552,img_0552.jpg,naturaleza_y_bosques,ilustracion_plana_color,299,168,bosque iluminado por rayos,Wikimedia Commons,ernesto_guevara,76ccbf08fb14bc123acac909000caa5afd86faab
ernesto_guevara_img_0553,img_0553.jpg,naturaleza_y_bosques,ilustracion_plana_color,301,168,pradera con arboles alineados,Wikimedia Commons,ernesto_guevara,9094f51a256117520b3e427a36e31ce6a0157b73
ernesto_guevara_img_0554,img_0554.jpg,naturaleza_y_bosques,ilustracion_plana_color,306,165,colinas suaves con arboles,Wikimedia Commons,ernesto_guevara,76796e0ab6e0487b30245e49407d6f8f34a486ed
ernesto_guevara_img_0555,img_0555.jpg,naturaleza_y_bosques,ilustracion_plana_color,267,189,casa en tronco gigante,Wikimedia Commons,ernesto_guevara,f8bdf984246fec6aac573dd36d57d8278f60c6b8
ernesto_guevara_img_0556,img_0556.jpg,naturaleza_y_bosques,ilustracion_plana_color,273,185,bosque estilizado con sendero,Wikimedia Commons,ernesto_guevara,4d66f2d12a957b3e2647c97e3d5acfd0fd24acad
ernesto_guevara_img_0557,img_0557.jpg,naturaleza_y_bosques,ilustracion_plana_color,300,168,montañas lejanas entre bosques,Wikimedia Commons,ernesto_guevara,bdafe4db285e282da22f174c0190a431b57c8f3e
ernesto_guevara_img_0558,img_0558.jpg,naturaleza_y_bosques,ilustracion_plana_color,292,173,animales junto al lago,Wikimedia Commons,ernesto_guevara,fb9864ec06d4a8c33d99cc1f9ac9f92393d1ac59
ernesto_guevara_img_0559,img_0559.jpg,naturaleza_y_bosques,ilustracion_plana_color,297,170,camino rural entre arboles,Wikimedia Commons,ernesto_guevara,ad1a0f2397892f8b6921f4fda791b6e4dad8c13c
ernesto_guevara_img_0560,img_0560.png,naturaleza_y_bosques,ilustracion_plana_color,300,168,pradera rodeada de arboles,Wikimedia Commons,ernesto_guevara,ca35df1bf07d45faeb6e285103c9c14f2aaeb1b2
ernesto_guevara_img_0561,img_0561.jpg,naturaleza_y_bosques,ilustracion_plana_color,265,190,sendero otoñal entre arboles,Wikimedia Commons,ernesto_guevara,282c8971f9df1d75813eb908e6eeb611e0b095ca
ernesto_guevara_img_0562,img_0562.jpg,naturaleza_y_bosques,ilustracion_plana_color,300,168,arroyo entre bosque frondoso,Wikimedia Commons,ernesto_guevara,8e6a60e48d5b045a6993599fcdfe80191d26d74c
ernesto_guevara_img_0563,img_0563.jpg,naturaleza_y_bosques,ilustracion_plana_color,346,146,bosque de pinos lejanos,Wikimedia Commons,ernesto_guevara,407d27a75e2575a736c88f86d40dd63397c26178
ernesto_guevara_img_0564,img_0564.jpg,naturaleza_y_bosques,ilustracion_plana_color,290,174,bosque otoñal con sendero,Wikimedia Commons,ernesto_guevara,cb4c5ed5f9dec6d1cda3c9ad7adaf4e2c3a1c684
ernesto_guevara_img_0565,img_0565.jpg,naturaleza_y_bosques,ilustracion_plana_color,265,190,bosque suave al amanecer,Wikimedia Commons,ernesto_guevara,5b216166c151e24899c68fa17bbed2e6a204c217
ernesto_guevara_img_0566,img_0566.jpg,naturaleza_y_bosques,ilustracion_plana_color,285,177,pradera florida entre arboles,Wikimedia Commons,ernesto_guevara,1a03e8c6b19a62d2e9d4d1da91d0d2ebf1290ba9
ernesto_guevara_img_0567,img_0567.jpg,naturaleza_y_bosques,ilustracion_plana_color,299,169,animales reunidos en bosque,Wikimedia Commons,ernesto_guevara,b59460a42a8a93f1f6ba6dbb9662d6be93899b73
ernesto_guevara_img_0568,img_0568.jpg,naturaleza_y_bosques,ilustracion_plana_color,362,139,bosque azul con niebla,Wikimedia Commons,ernesto_guevara,fa3a70c8e7caa607fd10585926cfa20fd7a44eaa
ernesto_guevara_img_0569,img_0569.jpg,naturaleza_y_bosques,ilustracion_plana_color,221,229,sendero boscoso entre arbustos,Wikimedia Commons,ernesto_guevara,112434896d238096ec0a495208a2d62eec09abc3
ernesto_guevara_img_0570,img_0570.jpg,naturaleza_y_bosques,ilustracion_plana_color,275,183,camino forestal con hongos,Wikimedia Commons,ernesto_guevara,699e8feffdbbe40dc1106dc093a6c76eb7443d5a
ernesto_guevara_img_0571,img_0571.jpg,naturaleza_y_bosques,ilustracion_plana_color,263,192,copa forestal vista aerea,Wikimedia Commons,ernesto_guevara,48ba0f0b9d97afa617ef9d3d949365bbf71ff0b2
ernesto_guevara_img_0572,img_0572.jpg,naturaleza_y_bosques,ilustracion_plana_color,225,225,conejos entre flores silvestres,Wikimedia Commons,ernesto_guevara,47abfaf2b7bf857c9a52ef70bf6e7858927625c1
ernesto_guevara_img_0573,img_0573.jpg,naturaleza_y_bosques,ilustracion_plana_color,201,251,bosque denso de troncos,Wikimedia Commons,ernesto_guevara,0171ef8da80fa0763413fe80bd12d9b9b0a5a2dd
ernesto_guevara_img_0574,img_0574.jpg,naturaleza_y_bosques,ilustracion_plana_color,304,166,animales en claro soleado,Wikimedia Commons,ernesto_guevara,044bd526cc43aaa17a89fd53231d0ab41bdb74f5
ernesto_guevara_img_0575,img_0575.jpg,naturaleza_y_bosques,ilustracion_plana_color,300,168,bosque con niebla verde,Wikimedia Commons,ernesto_guevara,19a962f4341fc324503bcdefd91ce4b7f6cdc56c
ernesto_guevara_img_0576,img_0576.jpg,naturaleza_y_bosques,ilustracion_plana_color,275,183,sendero entre pinos altos,Wikimedia Commons,ernesto_guevara,3d2af0b1a3acbac33670d212d083faa26274e8ba
ernesto_guevara_img_0577,img_0577.jpg,naturaleza_y_bosques,ilustracion_plana_color,264,191,sendero entre bambues verdes,Wikimedia Commons,ernesto_guevara,987d78ea28f361367e5dc48937bc47bb638835c2
ernesto_guevara_img_0578,img_0578.jpg,naturaleza_y_bosques,ilustracion_plana_color,288,175,bosque de troncos inclinados,Wikimedia Commons,ernesto_guevara,65b68eca72a704bc7f751831c3e51717145a7b9d
ernesto_guevara_img_0579,img_0579.jpg,naturaleza_y_bosques,ilustracion_plana_color,225,225,arboles altos en pradera,Wikimedia Commons,ernesto_guevara,fdf6ffec33dbf9baaf7b2dd53a8daaea907dc7e4
ernesto_guevara_img_0580,img_0580.jpg,naturaleza_y_bosques,ilustracion_plana_color,275,183,vegetacion tropical frondosa,Wikimedia Commons,ernesto_guevara,10df16af5636d950a0103cf3ce03c7014bfd4d13
ernesto_guevara_img_0581,img_0581.jpg,naturaleza_y_bosques,ilustracion_plana_color,328,154,arroyo colorido en bosque,Wikimedia Commons,ernesto_guevara,91a07144aaaa0cd8cd9a8b4a73f1c77d07979680
ernesto_guevara_img_0582,img_0582.jpg,naturaleza_y_bosques,ilustracion_plana_color,218,231,cabaña junto a lago,Wikimedia Commons,ernesto_guevara,31e11e3a26599bb50bdb82d3db999337b46395b5
ernesto_guevara_img_0583,img_0583.jpg,naturaleza_y_bosques,ilustracion_plana_color,275,183,grupo de arboles verdes,Wikimedia Commons,ernesto_guevara,13e024595e5ee504e95b2367e2b1e9ff830c6148
ernesto_guevara_img_0584,img_0584.jpg,naturaleza_y_bosques,ilustracion_plana_color,225,225,arroyo entre rocas floridas,Wikimedia Commons,ernesto_guevara,4a540995ad7bb6a31369f00d7ee6cee01d2c6f0e
ernesto_guevara_img_0585,img_0585.jpg,naturaleza_y_bosques,ilustracion_plana_color,258,195,lago rodeado de vegetacion,Wikimedia Commons,ernesto_guevara,177b8bb7f9fd25d295f4b1d971c1edf250a7722e
ernesto_guevara_img_0586,img_0586.jpg,naturaleza_y_bosques,ilustracion_plana_color,225,225,cabaña forestal junto camino,Wikimedia Commons,ernesto_guevara,53ccda9bf0502f66c9b1e3293670d3f06daf88e9
ernesto_guevara_img_0587,img_0587.jpg,naturaleza_y_bosques,ilustracion_plana_color,266,190,rio entre arboles altos,Wikimedia Commons,ernesto_guevara,193dcd8cb72738aff08a9322649eaaf659e4eefb
ernesto_guevara_img_0588,img_0588.jpg,naturaleza_y_bosques,ilustracion_plana_color,275,183,sendero soleado en bosque,Wikimedia Commons,ernesto_guevara,8f2442c82bf02d69b2d1b3ab3fdaf0e9aa678b44
ernesto_guevara_img_0589,img_0589.jpg,naturaleza_y_bosques,ilustracion_plana_color,274,184,arbol grande en pradera,Wikimedia Commons,ernesto_guevara,378295f7e141c32cac07854963beef572920f1b7
ernesto_guevara_img_0590,img_0590.jpg,naturaleza_y_bosques,ilustracion_plana_color,275,183,camino entre troncos gruesos,Wikimedia Commons,ernesto_guevara,97d64b305218c303fc5f19a7ea5e826c76fefae8
ernesto_guevara_img_0591,img_0591.jpg,naturaleza_y_bosques,ilustracion_plana_color,225,225,huerto con arboles frutales,Wikimedia Commons,ernesto_guevara,039015af62c8fff1d69240ea03b06768301ef86b
ernesto_guevara_img_0592,img_0592.jpg,naturaleza_y_bosques,ilustracion_plana_color,272,186,bosque iluminado por rayos,Wikimedia Commons,ernesto_guevara,c3d648cd606600c5a89e4de265ff630633cc4355
ernesto_guevara_img_0593,img_0593.png,naturaleza_y_bosques,ilustracion_plana_color,263,192,montañas y bosque verde,Wikimedia Commons,ernesto_guevara,77b34529d660801103abb538a83610036f760624
ernesto_guevara_img_0594,img_0594.jpg,naturaleza_y_bosques,ilustracion_plana_color,281,179,bosque oscuro con ramas,Wikimedia Commons,ernesto_guevara,f55562746d659800404ff02705e4f0c867decc8f
ernesto_guevara_img_0595,img_0595.jpg,naturaleza_y_bosques,ilustracion_plana_color,225,225,zorros en bosque verde,Wikimedia Commons,ernesto_guevara,cf74d737775d46761746c39c8ed90af48c236030
ernesto_guevara_img_0596,img_0596.jpg,naturaleza_y_bosques,ilustracion_plana_color,283,178,bosque denso con niebla,Wikimedia Commons,ernesto_guevara,55228a35e2b168eb0bcafb48d3df9e94fa47c4ee
ernesto_guevara_img_0597,img_0597.jpg,naturaleza_y_bosques,ilustracion_plana_color,274,184,claro boscoso soleado,Wikimedia Commons,ernesto_guevara,0575f3d15ab2b6a69c77bd2b3aca42b37c3b80e2
ernesto_guevara_img_0598,img_0598.jpg,naturaleza_y_bosques,ilustracion_plana_color,300,168,bosque nocturno entre pinos,Wikimedia Commons,ernesto_guevara,0e14371935429d600d8c29358ec7ac373f1d8359
ernesto_guevara_img_0599,img_0599.png,naturaleza_y_bosques,ilustracion_plana_color,274,184,claro entre arboles altos,Wikimedia Commons,ernesto_guevara,a5930194c7298ea7963b2743fbd22b7691ebdc19
ernesto_guevara_img_0600,img_0600.png,naturaleza_y_bosques,ilustracion_plana_color,300,168,bosque nocturno iluminado,Wikimedia Commons,ernesto_guevara,7ae8c42c74656ad74918c0f8d4e3381ad99a164a
ernesto_guevara_img_0601,img_0601.jpg,naturaleza_y_bosques,ilustracion_plana_color,298,169,bosque de pinos alineados,Wikimedia Commons,ernesto_guevara,b98e9810ce17eaea95dcda43ab4e8776e6bb86d2
ernesto_guevara_img_0602,img_0602.jpg,naturaleza_y_bosques,ilustracion_plana_color,301,167,animales junto a arboles,Wikimedia Commons,ernesto_guevara,1e27144d7f77371e6e17c02046eb3cdc4793763a
ernesto_guevara_img_0603,img_0603.jpg,naturaleza_y_bosques,ilustracion_plana_color,236,164,pradera rodeada de arboles,Wikimedia Commons,ernesto_guevara,386324d8cc5b9bf3661c49b2e621cefb58c9cf41
ernesto_guevara_img_0604,img_0604.jpg,naturaleza_y_bosques,ilustracion_plana_color,272,185,bosque con flores silvestres,Wikimedia Commons,ernesto_guevara,a5c43b120453cef2a0219bf8766031c85da87012
ernesto_guevara_img_0605,img_0605.jpg,naturaleza_y_bosques,ilustracion_plana_color,259,194,bosque estilizado con niebla,Wikimedia Commons,ernesto_guevara,ff2d08f3af885bf35982d9704de89116bc22078d
ernesto_guevara_img_0606,img_0606.jpg,naturaleza_y_bosques,ilustracion_plana_color,225,225,troncos altos en bosque,Wikimedia Commons,ernesto_guevara,dabc729236c2b07a03a39224fa7160cb524376e5
ernesto_guevara_img_0607,img_0607.jpg,naturaleza_y_bosques,ilustracion_plana_color,266,190,claro luminoso entre arboles,Wikimedia Commons,ernesto_guevara,236d09418ae1074a7ec7cfbcfa7cac40a4914a3a
ernesto_guevara_img_0608,img_0608.jpg,naturaleza_y_bosques,ilustracion_plana_color,335,150,cueva iluminada en bosque,Wikimedia Commons,ernesto_guevara,8f741c87e2ca5427f96aea79f906590bbf45588b
ernesto_guevara_img_0609,img_0609.jpg,naturaleza_y_bosques,ilustracion_plana_color,304,166,bosque oscuro con sendero,Wikimedia Commons,ernesto_guevara,3bde7f723402e63d9fbca91055e1db29965a6125
ernesto_guevara_img_0610,img_0610.jpg,naturaleza_y_bosques,ilustracion_plana_color,301,167,bosque de columnas verdes,Wikimedia Commons,ernesto_guevara,ad9a9bf9858a28025dcd990818a648f59bbb0683
ernesto_guevara_img_0611,img_0611.jpg,naturaleza_y_bosques,ilustracion_plana_color,300,168,bosque con niebla suave,Wikimedia Commons,ernesto_guevara,e5943626d90e9ce3d19030b00bce99b7ed641df3
ernesto_guevara_img_0612,img_0612.jpg,naturaleza_y_bosques,ilustracion_plana_color,281,179,bosque azul junto lago,Wikimedia Commons,ernesto_guevara,808108a00b59b7b05fb8bffaaaaa23305a94e676
ernesto_guevara_img_0613,img_0613.jpg,naturaleza_y_bosques,ilustracion_plana_color,266,190,pradera amplia con arboles,Wikimedia Commons,ernesto_guevara,360f374816d32abdfb69a9ef0749f70c307909da
ernesto_guevara_img_0614,img_0614.jpg,naturaleza_y_bosques,ilustracion_plana_color,275,183,pradera florida con mariposas,Wikimedia Commons,ernesto_guevara,5a2f4e6e77bf6ad8eb8988099f8fb792c4de18e0
ernesto_guevara_img_0615,img_0615.png,naturaleza_y_bosques,ilustracion_plana_color,267,189,animales en paisaje otoñal,Wikimedia Commons,ernesto_guevara,d68855fb171badc3ca22bac35c2fdb9771232fca
ernesto_guevara_img_0616,img_0616.jpg,naturaleza_y_bosques,ilustracion_plana_color,193,261,arroyo junto a bosque,Wikimedia Commons,ernesto_guevara,2e72db15930d8379f420cbb7d818cbeb688d738a
ernesto_guevara_img_0617,img_0617.jpg,naturaleza_y_bosques,ilustracion_plana_color,267,189,bosque tropical con agua,Wikimedia Commons,ernesto_guevara,05f52bfa153cc32b9fbec44c90c1fd537ddb0428
ernesto_guevara_img_0618,img_0618.jpg,naturaleza_y_bosques,ilustracion_plana_color,225,225,ciervos junto a lago,Wikimedia Commons,ernesto_guevara,4b283b393d37bab71aa2f8b6632821fff9064105
ernesto_guevara_img_0619,img_0619.jpg,naturaleza_y_bosques,ilustracion_plana_color,300,168,bosque real con niebla,Wikimedia Commons,ernesto_guevara,30716368e49b9861be933fea5eeaa39158e430ca
ernesto_guevara_img_0620,img_0620.jpg,naturaleza_y_bosques,ilustracion_plana_color,301,167,pradera entre arboles altos,Wikimedia Commons,ernesto_guevara,4189783c062edb8f935e70eadc662c037f0f7d49
ernesto_guevara_img_0621,img_0621.jpg,naturaleza_y_bosques,ilustracion_plana_color,259,194,bosque verde con luciernaga,Wikimedia Commons,ernesto_guevara,d5ed8c3fdb5770c13879fd9059558f14a9d3c368
ernesto_guevara_img_0622,img_0622.jpg,naturaleza_y_bosques,ilustracion_plana_color,236,157,pradera montañosa al amanecer,Wikimedia Commons,ernesto_guevara,9351e53c12e630420d50c0a905564e93f1451013
ernesto_guevara_img_0623,img_0623.png,naturaleza_y_bosques,ilustracion_plana_color,301,167,bosque ordenado con sendero,Wikimedia Commons,ernesto_guevara,49299abeb9ae41ed3124f337bfd92bdf20643ba3
ernesto_guevara_img_0624,img_0624.jpg,naturaleza_y_bosques,ilustracion_plana_color,275,183,camino entre arboles frondosos,Wikimedia Commons,ernesto_guevara,0339c9af97be13cf8f9bb040fe91fedc7d69ef22
ernesto_guevara_img_0625,img_0625.png,naturaleza_y_bosques,ilustracion_plana_color,275,183,sendero rodeado de arboles,Wikimedia Commons,ernesto_guevara,cfaf64815eb372a3b14ce9f679a167dc99fdff13
ernesto_guevara_img_0626,img_0626.jpg,naturaleza_y_bosques,ilustracion_plana_color,245,205,arbol solitario en pradera,Wikimedia Commons,ernesto_guevara,0b97991130e8625080f7ea10f5cc1fe2a9e6a9a5
ernesto_guevara_img_0627,img_0627.png,naturaleza_y_bosques,ilustracion_plana_color,557,360,bosque ordenado con claros,Wikimedia Commons,ernesto_guevara,e162f3a3bd7ac43ae9e5fc808ddedcf2afd6d1c6
ernesto_guevara_img_0628,img_0628.jpg,naturaleza_y_bosques,ilustracion_plana_color,352,143,tunel natural de arboles,Wikimedia Commons,ernesto_guevara,cda3e16e44dadc9395a26ff91f8716fefae73530
ernesto_guevara_img_0629,img_0629.jpg,naturaleza_y_bosques,ilustracion_plana_color,225,225,animales entre flores coloridas,Wikimedia Commons,ernesto_guevara,d9ea2de47ed3b6e9cb03da85cc1aaf779dd21d20
ernesto_guevara_img_0630,img_0630.jpg,naturaleza_y_bosques,ilustracion_plana_color,300,168,bosque oscuro con niebla,Wikimedia Commons,ernesto_guevara,2c82ffb32d4ca809254a63d2ea888300c24f02d4
ernesto_guevara_img_0631,img_0631.jpg,naturaleza_y_bosques,ilustracion_plana_color,300,168,bosque real iluminado por sol,Wikimedia Commons,ernesto_guevara,29aafa91377ad326a6596119edabf1df67ee87fe
ernesto_guevara_img_0632,img_0632.jpg,naturaleza_y_bosques,ilustracion_plana_color,300,168,rayos solares entre arboles,Wikimedia Commons,ernesto_guevara,6c44d6d0661a5309155083b5d4de2edee0271701
ernesto_guevara_img_0633,img_0633.jpg,naturaleza_y_bosques,ilustracion_plana_color,272,186,sendero entre troncos altos,Wikimedia Commons,ernesto_guevara,df7de2c03f196f829ad142bbe43833d77964312f
ernesto_guevara_img_0634,img_0634.jpg,naturaleza_y_bosques,ilustracion_plana_color,297,170,bosque oscuro con sendero,Wikimedia Commons,ernesto_guevara,d50441dad31438230bf087d492a0b916200283bb
ernesto_guevara_img_0635,img_0635.jpg,naturaleza_y_bosques,ilustracion_plana_color,299,169,camino florido entre arboles,Wikimedia Commons,ernesto_guevara,ed37273ea3f1dfd8e82ef75cec5cf519c9a11346
ernesto_guevara_img_0636,img_0636.jpg,naturaleza_y_bosques,ilustracion_plana_color,275,183,bosque luminoso con sendero,Wikimedia Commons,ernesto_guevara,477b7f68ce2647f86afe568c2eeb8fd8907bb198
ernesto_guevara_img_0637,img_0637.png,naturaleza_y_bosques,ilustracion_plana_color,275,183,sendero curvo entre arboles,Wikimedia Commons,ernesto_guevara,177c1478982bf5c242dbe6bd8bb2040fdd4b4bf8
ernesto_guevara_img_0638,img_0638.jpg,naturaleza_y_bosques,ilustracion_plana_color,225,225,arroyo entre flores coloridas,Wikimedia Commons,ernesto_guevara,92811f1204eaf0ffac4c467fe0f8b9449ded7614
ernesto_guevara_img_0639,img_0639.jpg,naturaleza_y_bosques,ilustracion_plana_color,300,168,tronco caido en bosque,Wikimedia Commons,ernesto_guevara,c22a5e61ae9098b46e49c9cd3961895c1a30ad43
ernesto_guevara_img_0640,img_0640.jpg,naturaleza_y_bosques,ilustracion_plana_color,300,168,jardin florido junto bosque,Wikimedia Commons,ernesto_guevara,3107f4583d6cc2f83a546762c625b28257ceb997
ernesto_guevara_img_0641,img_0641.jpg,naturaleza_y_bosques,ilustracion_plana_color,275,183,sendero soleado en bosque,Wikimedia Commons,ernesto_guevara,42e42ff0c94c134c094fedb5d2ee5397128ada0c
ernesto_guevara_img_0642,img_0642.jpg,naturaleza_y_bosques,ilustracion_plana_color,183,275,camino hacia bosque lejano,Wikimedia Commons,ernesto_guevara,9eca150c43b6b695661bb29ef12b4e7f686dea7a
ernesto_guevara_img_0643,img_0643.jpg,naturaleza_y_bosques,ilustracion_plana_color,300,168,rayos de sol forestales,Wikimedia Commons,ernesto_guevara,f7238f832fabdf488bbf3f1f52681dc5b085276d
ernesto_guevara_img_0644,img_0644.png,naturaleza_y_bosques,ilustracion_plana_color,300,168,jardin florido junto bosque,Wikimedia Commons,ernesto_guevara,0b68b3b3b48ffb7a6a31a16df6805a7be3d9366f
ernesto_guevara_img_0645,img_0645.png,naturaleza_y_bosques,ilustracion_plana_color,275,183,sendero soleado en bosque,Wikimedia Commons,ernesto_guevara,c6244676f3efd837054a7581137ba994b1d687de
ernesto_guevara_img_0646,img_0646.png,naturaleza_y_bosques,ilustracion_plana_color,300,168,rayos de sol forestales,Wikimedia Commons,ernesto_guevara,0feb74df6b81a8aa83b9cd4ec9c2d6e6c4a3e534
ernesto_guevara_img_0647,img_0647.jpg,naturaleza_y_bosques,ilustracion_plana_color,225,225,bosque verde con arroyo,Wikimedia Commons,ernesto_guevara,016b4d9b0552de75acc388a5fcf2d70e684efd09
ernesto_guevara_img_0648,img_0648.jpg,naturaleza_y_bosques,ilustracion_plana_color,260,194,bosque oscuro y denso,Wikimedia Commons,ernesto_guevara,4df2c1f5462739f86375be2fccf183394d8925c7
ernesto_guevara_img_0649,img_0649.jpg,naturaleza_y_bosques,ilustracion_plana_color,204,247,sendero entre pinos altos,Wikimedia Commons,ernesto_guevara,1b30fbd4215aae81fd5abc7b5896e7f8ebdfb777
ernesto_guevara_img_0650,img_0650.jpg,naturaleza_y_bosques,ilustracion_plana_color,300,168,bosque oscuro con rayos,Wikimedia Commons,ernesto_guevara,1a9412f98d0841b400682408acd693fd2a82a770
ernesto_guevara_img_0651,img_0651.jpg,naturaleza_y_bosques,ilustracion_plana_color,275,183,camino junto arbol grande,Wikimedia Commons,ernesto_guevara,273f7f4e0b2a08eef1ede9b5f23b9be7fae1d285
ernesto_guevara_img_0652,img_0652.jpg,naturaleza_y_bosques,ilustracion_plana_color,195,259,cascada entre bosque frondoso,Wikimedia Commons,ernesto_guevara,0b51777846b55ec212b601adc8a932f2e8d3550b
ernesto_guevara_img_0653,img_0653.jpg,naturaleza_y_bosques,ilustracion_plana_color,275,183,valle verde con pinos,Wikimedia Commons,ernesto_guevara,c67af6661961c298e63791f898fdbe0b0689bb58
ernesto_guevara_img_0654,img_0654.jpg,naturaleza_y_bosques,ilustracion_plana_color,183,275,arroyo entre montañas boscosas,Wikimedia Commons,ernesto_guevara,f64ce5a6959bdd1f14cc9ea9c18b3bd65070a6ec
ernesto_guevara_img_0655,img_0655.jpg,naturaleza_y_bosques,ilustracion_plana_color,168,299,sendero en bosque denso,Wikimedia Commons,ernesto_guevara,cc39659bd1a2d43edd77c912c6e3709744ec1ab3
ernesto_guevara_img_0656,img_0656.jpg,naturaleza_y_bosques,ilustracion_plana_color,301,167,lago pequeño entre arboles,Wikimedia Commons,ernesto_guevara,39aad4c39a0953240a4cce5fc1a2a79e4da7e5b1
ernesto_guevara_img_0657,img_0657.jpg,naturaleza_y_bosques,ilustracion_plana_color,314,160,jardin florido bajo arboles,Wikimedia Commons,ernesto_guevara,a5f45e56da35b5348b61a6ba45badcef01e31532
ernesto_guevara_img_0658,img_0658.jpg,naturaleza_y_bosques,ilustracion_plana_color,268,188,bosque otoñal iluminado,Wikimedia Commons,ernesto_guevara,84393dfb737dd7414fd728bc12260457d7cc74ba
ernesto_guevara_img_0659,img_0659.jpg,naturaleza_y_bosques,ilustracion_plana_color,300,168,arbustos y arboles verdes,Wikimedia Commons,ernesto_guevara,3d792a140bf31a96611f59ebea58b800b1daeeff
ernesto_guevara_img_0660,img_0660.jpg,naturaleza_y_bosques,ilustracion_plana_color,297,170,bosque de troncos delgados,Wikimedia Commons,ernesto_guevara,030f48ede8d49d32705d977d6647988209b5188b
ernesto_guevara_img_0661,img_0661.png,naturaleza_y_bosques,ilustracion_plana_color,473,470,colinas verdes y flores,Wikimedia Commons,ernesto_guevara,f9e64691ca33b900406b1228e99d8848dd6b3235
ernesto_guevara_img_0662,img_0662.jpg,naturaleza_y_bosques,ilustracion_plana_color,301,167,arroyo junto madriguera natural,Wikimedia Commons,ernesto_guevara,f759b1b4ecd7d7dd3997b9e916c6c01e7b8f8a19
ernesto_guevara_img_0663,img_0663.png,naturaleza_y_bosques,ilustracion_plana_color,300,168,bosque al atardecer dorado,Wikimedia Commons,ernesto_guevara,43a46c86ae64b73659d4891753dc82aff6993fe2
ernesto_guevara_img_0664,img_0664.png,naturaleza_y_bosques,ilustracion_plana_color,297,170,pradera con arboles dispersos,Wikimedia Commons,ernesto_guevara,2e31268e3a29fd89662ac7e615f7b1bc293d1eb4
ernesto_guevara_img_0665,img_0665.png,naturaleza_y_bosques,ilustracion_plana_color,244,206,osos junto al rio,Wikimedia Commons,ernesto_guevara,2f193493fb79ba6566696ad26222ea851ba0a4f0
ernesto_guevara_img_0666,img_0666.jpg,naturaleza_y_bosques,ilustracion_plana_color,301,167,cascada junto sendero verde,Wikimedia Commons,ernesto_guevara,563a94d1edefce69426e2cdd9cdf7093d26a287a
ernesto_guevara_img_0667,img_0667.png,naturaleza_y_bosques,ilustracion_plana_color,265,190,bosque abierto con claros,Wikimedia Commons,ernesto_guevara,f774f59509b3740d1855412b9509bbf87493881a
ernesto_guevara_img_0668,img_0668.png,naturaleza_y_bosques,ilustracion_plana_color,266,190,camino luminoso entre arboles,Wikimedia Commons,ernesto_guevara,df2c379bce3ee7e83fdc1625687108b43616fdb2
ernesto_guevara_img_0669,img_0669.jpg,naturaleza_y_bosques,ilustracion_plana_color,302,167,bosque con flores silvestres,Wikimedia Commons,ernesto_guevara,4ecb190aa4514a631f165cefb1e673746743f1b4
ernesto_guevara_img_0670,img_0670.png,naturaleza_y_bosques,ilustracion_plana_color,612,427,sendero entre arboles altos,Wikimedia Commons,ernesto_guevara,b4fc9b01a8ea6d811979003dc91c1abb4c44cf87
ernesto_guevara_img_0671,img_0671.jpg,naturaleza_y_bosques,ilustracion_plana_color,300,168,arbol gigante en bosque,Wikimedia Commons,ernesto_guevara,68bb4791b7bd0d638e94ef740709d4a62b5031d8
ernesto_guevara_img_0672,img_0672.jpg,naturaleza_y_bosques,ilustracion_plana_color,300,168,colinas tropicales con palmeras,Wikimedia Commons,ernesto_guevara,be4985abccd4febfe8aee80c251e662c9eccc49a
ernesto_guevara_img_0673,img_0673.jpg,naturaleza_y_bosques,ilustracion_plana_color,297,170,animales en claro boscoso,Wikimedia Commons,ernesto_guevara,1b4c104574dcb9e7958ac86d67a4a20fb3a76a1d
ernesto_guevara_img_0674,img_0674.png,naturaleza_y_bosques,ilustracion_plana_color,450,331,bosque verde con niebla,Wikimedia Commons,ernesto_guevara,cbc6ddae4a6bdb94612ce972477080e0007b367e
ernesto_guevara_img_0675,img_0675.jpg,naturaleza_y_bosques,ilustracion_plana_color,263,191,camino entre arboles verdes,Wikimedia Commons,ernesto_guevara,f4bcda2aca5b580127aef40e68b17614f0a03da3
ernesto_guevara_img_0676,img_0676.png,naturaleza_y_bosques,ilustracion_plana_color,265,190,pradera junto arbol grande,Wikimedia Commons,ernesto_guevara,f0c8b9b70893a8538673ea92d79f7faf02b7ca04
ernesto_guevara_img_0677,img_0677.png,naturaleza_y_bosques,ilustracion_plana_color,275,183,bosque encantado con hongos,Wikimedia Commons,ernesto_guevara,459061a534f761549de2d2be2b40e0367ccc86bb
ernesto_guevara_img_0678,img_0678.png,naturaleza_y_bosques,ilustracion_plana_color,258,195,claro verde entre arboles,Wikimedia Commons,ernesto_guevara,02e2decdc035c06390c612b45afd4270b36c7100
ernesto_guevara_img_0679,img_0679.jpg,naturaleza_y_bosques,ilustracion_plana_color,301,167,bosque oscuro con animales,Wikimedia Commons,ernesto_guevara,0dbc848dc272fa72902c390679899ab93a7b559e
ernesto_guevara_img_0680,img_0680.png,naturaleza_y_bosques,ilustracion_plana_color,284,177,bosque iluminado por rayos,Wikimedia Commons,ernesto_guevara,b186559deba70d4fa7cd6b43879a9c539ec5fd1e
ernesto_guevara_img_0681,img_0681.png,naturaleza_y_bosques,ilustracion_plana_color,300,168,niña en pradera verde,Wikimedia Commons,ernesto_guevara,9f8f00cd51262467a2636d27ab3064d8d4ffd194
ernesto_guevara_img_0682,img_0682.png,naturaleza_y_bosques,ilustracion_plana_color,272,185,ruinas cubiertas por vegetacion,Wikimedia Commons,ernesto_guevara,1a2fea4df5b74f2a1506e69c826b25e01a353a84
ernesto_guevara_img_0683,img_0683.jpg,naturaleza_y_bosques,ilustracion_plana_color,240,210,camino entre arboles abiertos,Wikimedia Commons,ernesto_guevara,a6690f0e2ae632b367d2d81343a7007c8df634da
ernesto_guevara_img_0684,img_0684.jpg,naturaleza_y_bosques,ilustracion_plana_color,236,157,sendero entre pinos verdes,Wikimedia Commons,ernesto_guevara,b961126b42ec603f090bf4212faa5050d80cb702
ernesto_guevara_img_0685,img_0685.jpg,naturaleza_y_bosques,ilustracion_plana_color,273,185,zorro junto mariposa azul,Wikimedia Commons,ernesto_guevara,54bdc7e405c0407adace957570e038266c4a36f1
ernesto_guevara_img_0686,img_0686.jpg,naturaleza_y_bosques,ilustracion_plana_color,299,168,bosque nocturno con luciernagas,Wikimedia Commons,ernesto_guevara,9dfc5b81cc3b38870aa47c7bd04886bbe445b793
ernesto_guevara_img_0687,img_0687.jpg,naturaleza_y_bosques,ilustracion_plana_color,299,168,camino forestal sombreado,Wikimedia Commons,ernesto_guevara,f97e5a57effb406e87626e83e1ddf0e435a72a6e
ernesto_guevara_img_0688,img_0688.png,naturaleza_y_bosques,ilustracion_plana_color,300,168,bosque al amanecer dorado,Wikimedia Commons,ernesto_guevara,54c1f1e091ee67d0473e634fdcc6f240d4e795db
ernesto_guevara_img_0689,img_0689.png,naturaleza_y_bosques,ilustracion_plana_color,297,165,bosque de arboles alineados,Wikimedia Commons,ernesto_guevara,4a1de984d1d1abe6438d917d509ec9a823eb30be
ernesto_guevara_img_0690,img_0690.jpg,naturaleza_y_bosques,ilustracion_plana_color,300,168,bosque con niebla suave,Wikimedia Commons,ernesto_guevara,1c40dbd5f6bfe727c62f03003cdfa0f79208ae3d
ernesto_guevara_img_0691,img_0691.png,naturaleza_y_bosques,ilustracion_plana_color,264,191,sendero entre bambues verdes,Wikimedia Commons,ernesto_guevara,1ee706dc482f7f3e98872fcaf31e3c458475a150
ernesto_guevara_img_0692,img_0692.png,naturaleza_y_bosques,ilustracion_plana_color,278,181,camino rural junto pradera,Wikimedia Commons,ernesto_guevara,9bd56613c97d7e0f6eaf52dfcb3eac270fc77162
ernesto_guevara_img_0693,img_0693.jpg,naturaleza_y_bosques,ilustracion_plana_color,300,168,animales en campo verde,Wikimedia Commons,ernesto_guevara,7fa08e63a3d8fc751c662f0eb37d3ad2fdfc2867
ernesto_guevara_img_0694,img_0694.jpg,naturaleza_y_bosques,ilustracion_plana_color,275,183,pradera con rocas dispersas,Wikimedia Commons,ernesto_guevara,427cc723a3f6b047c957e515c4ecef3196d4a54f
ernesto_guevara_img_0695,img_0695.png,naturaleza_y_bosques,ilustracion_plana_color,275,183,bosque verde con niebla,Wikimedia Commons,ernesto_guevara,d199ab95f40f81ff4c069d3fb44cac8a836a01e6
ernesto_guevara_img_0696,img_0696.png,naturaleza_y_bosques,ilustracion_plana_color,266,190,sendero entre pinos altos,Wikimedia Commons,ernesto_guevara,ad7bb4f48e73bc24fca4acc59b7c06a8e863fae5
ernesto_guevara_img_0697,img_0697.jpg,naturaleza_y_bosques,ilustracion_plana_color,300,168,copa forestal vista aerea,Wikimedia Commons,ernesto_guevara,67d31a7401993f2a7c5ef4083a01244c0b016734
ernesto_guevara_img_0698,img_0698.jpg,naturaleza_y_bosques,ilustracion_plana_color,286,176,raices grandes en bosque,Wikimedia Commons,ernesto_guevara,ba1eec3f60a92e1a9e187d634881d3746d99f992
ernesto_guevara_img_0699,img_0699.png,naturaleza_y_bosques,ilustracion_plana_color,300,168,pinos dispersos en pradera,Wikimedia Commons,ernesto_guevara,a418537f0ed90745ea7864ee7056fdc6af54e260
ernesto_guevara_img_0700,img_0700.jpg,naturaleza_y_bosques,ilustracion_plana_color,284,177,cabaña junto flores silvestres,Wikimedia Commons,ernesto_guevara,38192c1c1432f275d89b2cd491b0a121526f5130
ernesto_guevara_img_0701,img_0701.jpg,naturaleza_y_bosques,ilustracion_plana_color,259,194,bosque de troncos altos,Wikimedia Commons,ernesto_guevara,821b56955bf063480906bf7f1ccc85df6eabaf97
ernesto_guevara_img_0702,img_0702.png,naturaleza_y_bosques,ilustracion_plana_color,266,190,rio entre arboles altos,Wikimedia Commons,ernesto_guevara,96941887966957ed0b5b3ce6b819f97285a89bd6
ernesto_guevara_img_0703,img_0703.png,naturaleza_y_bosques,ilustracion_plana_color,297,169,bosque frondoso con claros,Wikimedia Commons,ernesto_guevara,a67d70514647000a6c6ec1604ccb5a04c7ae84e3
ernesto_guevara_img_0704,img_0704.png,naturaleza_y_bosques,ilustracion_plana_color,288,175,copa forestal vista aerea,Wikimedia Commons,ernesto_guevara,c5e64d460cd7abbcd20ac50265ec514925562e63
ernesto_guevara_img_0705,img_0705.jpg,naturaleza_y_bosques,ilustracion_plana_color,266,189,lago pequeño junto arboles,Wikimedia Commons,ernesto_guevara,798ef6738d23e8562de5392a15b06c7275611de1
ernesto_guevara_img_0706,img_0706.png,naturaleza_y_bosques,ilustracion_plana_color,298,168,animales bajo arboles grandes,Wikimedia Commons,ernesto_guevara,b3b1815f0d24193bc7a90cf593f5234e8e75fadd
ernesto_guevara_img_0707,img_0707.png,naturaleza_y_bosques,ilustracion_plana_color,293,172,bosque abierto con sendero,Wikimedia Commons,ernesto_guevara,34fc68a8e87519bc1677e8df31748b491c1e74ce
ernesto_guevara_img_0708,img_0708.jpg,naturaleza_y_bosques,ilustracion_plana_color,275,183,bosque estilizado junto rio,Wikimedia Commons,ernesto_guevara,7dc3213c36f409af6a36a2afb1e7310ee6998ea6
ernesto_guevara_img_0709,img_0709.jpg,naturaleza_y_bosques,ilustracion_plana_color,275,183,pradera rodeada de arboles,Wikimedia Commons,ernesto_guevara,9479758676b98157841efaa739066a831dcf8e9d
ernesto_guevara_img_0710,img_0710.jpg,naturaleza_y_bosques,ilustracion_plana_color,268,188,rio entre colinas verdes,Wikimedia Commons,ernesto_guevara,d7cc9846600fba1cf263d98678b0565291f12d36
ernesto_guevara_img_0711,img_0711.png,naturaleza_y_bosques,ilustracion_plana_color,254,199,pradera bordeada por bosque,Wikimedia Commons,ernesto_guevara,fed0122556d8eccac852634c36c7e46a42c74bc1
ernesto_guevara_img_0712,img_0712.jpg,naturaleza_y_bosques,ilustracion_plana_color,300,168,camino curvo entre arboles,Wikimedia Commons,ernesto_guevara,1554eb18918d04fc52db156ea90d85d08195fedd
ernesto_guevara_img_0713,img_0713.jpg,naturaleza_y_bosques,ilustracion_plana_color,291,173,pradera abierta con arboles,Wikimedia Commons,ernesto_guevara,e4d66227e12380f04563b987bd354e94c557b0dd
ernesto_guevara_img_0714,img_0714.jpg,naturaleza_y_bosques,ilustracion_plana_color,300,168,lago tranquilo entre colinas,Wikimedia Commons,ernesto_guevara,c348786cb192d102476ec0c79c369e136f1a7102
ernesto_guevara_img_0715,img_0715.jpg,naturaleza_y_bosques,ilustracion_plana_color,236,214,animales junto al rio,Wikimedia Commons,ernesto_guevara,b9f55c469939d6f876a75bc9611bf4ec65197a4c
ernesto_guevara_img_0716,img_0716.jpg,naturaleza_y_bosques,ilustracion_plana_color,275,183,sendero ilustrado entre arboles,Wikimedia Commons,ernesto_guevara,8d02f7537be7d2e93977a83974aa955c30e60650
ernesto_guevara_img_0717,img_0717.jpg,naturaleza_y_bosques,ilustracion_plana_color,301,167,colinas verdes y bosque,Wikimedia Commons,ernesto_guevara,346074185b9441d21feffdb7a70e86905aef0f6a
ernesto_guevara_img_0718,img_0718.jpg,naturaleza_y_bosques,ilustracion_plana_color,276,183,bosque azul con niebla,Wikimedia Commons,ernesto_guevara,763261db6382d4897d8cd59bb6bcb01b11d93427
ernesto_guevara_img_0719,img_0719.jpg,naturaleza_y_bosques,ilustracion_plana_color,225,225,sendero junto acantilado boscoso,Wikimedia Commons,ernesto_guevara,9058fe23e267e2310c19ee7ad4050dfe247f5282
ernesto_guevara_img_0720,img_0720.png,naturaleza_y_bosques,ilustracion_plana_color,269,188,bosque oscuro con sendero,Wikimedia Commons,ernesto_guevara,342ff794a98c00f10373283460becda0e3321827
ernesto_guevara_img_0721,img_0721.png,naturaleza_y_bosques,ilustracion_plana_color,578,432,bosque oscuro con niebla,Wikimedia Commons,ernesto_guevara,cae0e6ab82d11fc2d2178c27349a97caabae0c22
ernesto_guevara_img_0722,img_0722.png,naturaleza_y_bosques,ilustracion_plana_color,297,170,bosque abierto con claros,Wikimedia Commons,ernesto_guevara,ab58555fa8881cb7635eb059ab2443794c9dc873
ernesto_guevara_img_0723,img_0723.png,naturaleza_y_bosques,ilustracion_plana_color,456,477,montañas junto arroyo verde,Wikimedia Commons,ernesto_guevara,2569bbee20fac75f1fdc87fbdf9bbba0036087d6
ernesto_guevara_img_0724,img_0724.png,naturaleza_y_bosques,ilustracion_plana_color,608,431,rio tranquilo entre vegetacion,Wikimedia Commons,ernesto_guevara,8e28f369e6cfb06680fb46d6b93a7fda5bf2b16d
ernesto_guevara_img_0725,img_0725.jpg,naturaleza_y_bosques,ilustracion_plana_color,286,176,arbol gigante en bosque,Wikimedia Commons,ernesto_guevara,b00a7cf8683e4b125647ddc3cb92450191d63584
ernesto_guevara_img_0726,img_0726.png,naturaleza_y_bosques,ilustracion_plana_color,279,180,bosque luminoso entre arboles,Wikimedia Commons,ernesto_guevara,98ff9b24f94d53391b86eba11dd5998346df9b15
ernesto_guevara_img_0727,img_0727.png,naturaleza_y_bosques,ilustracion_plana_color,225,225,tocon en claro boscoso,Wikimedia Commons,ernesto_guevara,278a896187b7d1ac1d5df81716ae4258d1dff6ce
ernesto_guevara_img_0728,img_0728.png,naturaleza_y_bosques,ilustracion_plana_color,271,186,pradera vista entre arboles,Wikimedia Commons,ernesto_guevara,ebb4401cde3ead2bf49f7b1f22720e9ad3aff2a0
ernesto_guevara_img_0729,img_0729.png,naturaleza_y_bosques,ilustracion_plana_color,300,168,arbustos y arboles verdes,Wikimedia Commons,ernesto_guevara,d0f1542c1570cc3c56da08737f6583eca8d1f9b1
ernesto_guevara_img_0730,img_0730.jpg,naturaleza_y_bosques,ilustracion_plana_color,272,186,lago pequeño entre arboles,Wikimedia Commons,ernesto_guevara,c86f07e4f51ea379b5bf40362374766728412fa5
ernesto_guevara_img_0731,img_0731.png,naturaleza_y_bosques,ilustracion_plana_color,502,421,ruinas cubiertas por vegetacion,Wikimedia Commons,ernesto_guevara,25ec7c112891d4d053ecc5970e4a24b41c0fbb5b
ernesto_guevara_img_0732,img_0732.png,naturaleza_y_bosques,ilustracion_plana_color,472,430,lago tranquilo en bosque,Wikimedia Commons,ernesto_guevara,52c0d334c0a7ae05d4152db930a42c313a9c4357
ernesto_guevara_img_0733,img_0733.png,naturaleza_y_bosques,ilustracion_plana_color,256,197,animales junto a arbol,Wikimedia Commons,ernesto_guevara,334e8b760cd30242a5bf609fd2a88d3662b30239
ernesto_guevara_img_0734,img_0734.png,naturaleza_y_bosques,ilustracion_plana_color,473,352,bosque de troncos altos,Wikimedia Commons,ernesto_guevara,eac8ffdb1aa576e59180f92cd3acc7965e54dc41
ernesto_guevara_img_0735,img_0735.jpg,naturaleza_y_bosques,ilustracion_plana_color,247,204,bosque oscuro con sendero,Wikimedia Commons,ernesto_guevara,57cf0165d38b441f8a5fb90e8b1c434b9763edcf
ernesto_guevara_img_0736,img_0736.png,naturaleza_y_bosques,ilustracion_plana_color,301,167,arroyo junto madriguera natural,Wikimedia Commons,ernesto_guevara,a22fbcaba022307c2a1fd6e7f6fd3873c3a6fa42
ernesto_guevara_img_0737,img_0737.jpg,naturaleza_y_bosques,ilustracion_plana_color,248,203,pradera rodeada de arboles,Wikimedia Commons,ernesto_guevara,2b7fcfae2ec123da7cfc16d847ad9e04ec619829
ernesto_guevara_img_0738,img_0738.png,naturaleza_y_bosques,ilustracion_plana_color,294,172,colinas verdes y arboles,Wikimedia Commons,ernesto_guevara,f3824b159deb1f95342cc0716117dd306e2e7391
ernesto_guevara_img_0739,img_0739.jpg,naturaleza_y_bosques,ilustracion_plana_color,240,210,arbol junto colina verde,Wikimedia Commons,ernesto_guevara,c8bad2b52b7c38821c6a0841e5de9fe1cf24b2f8
ernesto_guevara_img_0740,img_0740.png,naturaleza_y_bosques,ilustracion_plana_color,318,159,campamento en bosque montañoso,Wikimedia Commons,ernesto_guevara,d70a4039511342763cab94d8755b05d30a339a6e
ernesto_guevara_img_0741,img_0741.jpg,naturaleza_y_bosques,ilustracion_plana_color,259,194,claro verde entre arboles,Wikimedia Commons,ernesto_guevara,2858a4deab8d5a3adc5c6528847b096ca2243243
ernesto_guevara_img_0742,img_0742.png,naturaleza_y_bosques,ilustracion_plana_color,301,167,bosque denso con tronco,Wikimedia Commons,ernesto_guevara,5a671eb294cefe53eb5bcf8b605b87787f90adf7
ernesto_guevara_img_0743,img_0743.png,naturaleza_y_bosques,ilustracion_plana_color,225,225,ventana natural hacia pradera,Wikimedia Commons,ernesto_guevara,bae250546f2cfc7b1c30abfa7fb6adb796795aaa
ernesto_guevara_img_0744,img_0744.png,naturaleza_y_bosques,ilustracion_plana_color,260,194,bosque oscuro y denso,Wikimedia Commons,ernesto_guevara,0779e22ceda1b9c4413db08dad77164bec57d308
ernesto_guevara_img_0745,img_0745.jpg,naturaleza_y_bosques,ilustracion_plana_color,268,188,pradera verde con colinas,Wikimedia Commons,ernesto_guevara,4f952f23c36a08cc7d57714af691a8edd780d2ed
ernesto_guevara_img_0746,img_0746.png,naturaleza_y_bosques,ilustracion_plana_color,266,190,sendero entre arboles altos,Wikimedia Commons,ernesto_guevara,139b806e49865b30de42056d5198a20e7fa31d07
ernesto_guevara_img_0747,img_0747.png,naturaleza_y_bosques,ilustracion_plana_color,300,168,bosque con niebla suave,Wikimedia Commons,ernesto_guevara,cd189ddd49c71df141677fcde3dbcae2341d169f
ernesto_guevara_img_0748,img_0748.jpg,naturaleza_y_bosques,ilustracion_plana_color,276,183,camino entre arboles verdes,Wikimedia Commons,ernesto_guevara,c544ef1cddf1f849ab188699424c84d02c24554d
ernesto_guevara_img_0749,img_0749.png,naturaleza_y_bosques,ilustracion_plana_color,251,201,bosque soleado con flores,Wikimedia Commons,ernesto_guevara,c3dce236c161b5833dbfffbdb50bec04f4eee5cf
ernesto_guevara_img_0750,img_0750.png,naturaleza_y_bosques,ilustracion_plana_color,576,410,bosque soleado con flores,Wikimedia Commons,ernesto_guevara,fdf7acca4ad922b39a36b6b8202d919c007ab674
ernesto_guevara_img_0751,img_0751.jpg,naturaleza_y_bosques,ilustracion_plana_color,297,170,lago pequeño junto arboles,Wikimedia Commons,ernesto_guevara,3cc04d03c6ec2ab835dbe5cf1c554fc95e071b28
ernesto_guevara_img_0752,img_0752.jpg,naturaleza_y_bosques,ilustracion_plana_color,225,225,ardilla entre hojas otoñales,Wikimedia Commons,ernesto_guevara,4b762b657000125c681f178706245738eeb52530
ernesto_guevara_img_0753,img_0753.png,naturaleza_y_bosques,ilustracion_plana_color,471,478,bosque iluminado por rayos,Wikimedia Commons,ernesto_guevara,79da654394c9c956da714ca3e025e1f56f032e76
ernesto_guevara_img_0754,img_0754.png,naturaleza_y_bosques,ilustracion_plana_color,467,483,animales en claro soleado,Wikimedia Commons,ernesto_guevara,1792f6543e04da40ac983f031b3b2056bf7117c3
ernesto_guevara_img_0755,img_0755.png,naturaleza_y_bosques,ilustracion_plana_color,301,167,cascada entre arboles verdes,Wikimedia Commons,ernesto_guevara,9bc440b1ff0ce300d7e0f2646c26dc6a1e7a7ce3
ernesto_guevara_img_0756,img_0756.png,naturaleza_y_bosques,ilustracion_plana_color,520,446,bosque colorido con sendero,Wikimedia Commons,ernesto_guevara,2994ab4c930aa8ee41ca93f03412376353b4b1ed
ernesto_guevara_img_0757,img_0757.jpg,naturaleza_y_bosques,ilustracion_plana_color,225,225,camino entre arboles frondosos,Wikimedia Commons,ernesto_guevara,2cd48845d982161a776ab8b9d083f62d66a938cb
ernesto_guevara_img_0758,img_0758.jpg,naturaleza_y_bosques,ilustracion_plana_color,293,172,bosque oscuro con claros,Wikimedia Commons,ernesto_guevara,376396fb4d562351a33c0ad7f07c6ab8b16c8943
ernesto_guevara_img_0759,img_0759.jpg,naturaleza_y_bosques,ilustracion_plana_color,300,168,colinas verdes y flores,Wikimedia Commons,ernesto_guevara,e8e96b52627b76aa511c03c297c4f2d00c733ac6
ernesto_guevara_img_0760,img_0760.jpg,naturaleza_y_bosques,ilustracion_plana_color,223,226,aves entre vegetacion frondosa,Wikimedia Commons,ernesto_guevara,62fb87e19aeec6f4905b2d19bfbb96e82c1b57f3
ernesto_guevara_img_0761,img_0761.jpg,naturaleza_y_bosques,ilustracion_plana_color,246,205,pinos dispersos en pradera,Wikimedia Commons,ernesto_guevara,704a50cba98e85249afc87c49ddedf89f9f54a0c
ernesto_guevara_img_0762,img_0762.png,naturaleza_y_bosques,ilustracion_plana_color,252,200,campamento junto arroyo verde,Wikimedia Commons,ernesto_guevara,537a229b5e6fc53c298dfed000cfbd2c2e6e64bc
ernesto_guevara_img_0763,img_0763.png,naturaleza_y_bosques,ilustracion_plana_color,550,353,bosque abierto con claros,Wikimedia Commons,ernesto_guevara,49df5cb4c38c685d59cff9c78eb2be3ef874a92b
ernesto_guevara_img_0764,img_0764.png,naturaleza_y_bosques,ilustracion_plana_color,490,360,bosque abierto con claros,Wikimedia Commons,ernesto_guevara,a664be8cbec7a825e02dafaef111cbdf3ba7c811
ernesto_guevara_img_0765,img_0765.jpg,naturaleza_y_bosques,ilustracion_plana_color,301,167,pradera junto cascada pequeña,Wikimedia Commons,ernesto_guevara,d4e92ce096d46820043e38b0da8e6ea7f7deb49d
ernesto_guevara_img_0766,img_0766.png,naturaleza_y_bosques,ilustracion_plana_color,225,225,rio serpenteante entre arboles,Wikimedia Commons,ernesto_guevara,ff3349d01729bc1754a5c4638558010f31e41096
ernesto_guevara_img_0767,img_0767.png,naturaleza_y_bosques,ilustracion_plana_color,300,168,colinas tropicales con palmeras,Wikimedia Commons,ernesto_guevara,37fb24e02166871207ba7a325e88fe4eb844ffa7
ernesto_guevara_img_0768,img_0768.png,naturaleza_y_bosques,ilustracion_plana_color,299,168,camino luminoso entre arboles,Wikimedia Commons,ernesto_guevara,76573ee84e8dec664336dd15888f51f7e632883b
ernesto_guevara_img_0769,img_0769.jpg,naturaleza_y_bosques,ilustracion_plana_color,270,187,colinas suaves con pinos,Wikimedia Commons,ernesto_guevara,367f10c2d092b774a5a5209289a3a9b94b6f93d7
ernesto_guevara_img_0770,img_0770.png,naturaleza_y_bosques,ilustracion_plana_color,246,205,sendero curvo entre arboles,Wikimedia Commons,ernesto_guevara,a884fb8efc3fcf38fcc06f3cec35b92c1379bd96
ernesto_guevara_img_0771,img_0771.png,naturaleza_y_bosques,ilustracion_plana_color,293,172,bosque oscuro con claros,Wikimedia Commons,ernesto_guevara,705ecbf36ff6a1f3ea18967c8d01245eaabf7d54
ernesto_guevara_img_0772,img_0772.png,naturaleza_y_bosques,ilustracion_plana_color,292,407,pradera florida entre arboles,Wikimedia Commons,ernesto_guevara,e612311831a314a2ba02b017ac23438d5a3ab83e
ernesto_guevara_img_0773,img_0773.jpg,naturaleza_y_bosques,ilustracion_plana_color,295,171,cabaña junto bosque verde,Wikimedia Commons,ernesto_guevara,ad432b479d557c9ad69bf5a0a1732e852e69d5dd
ernesto_guevara_img_0774,img_0774.jpg,naturaleza_y_bosques,ilustracion_plana_color,259,194,sendero entre vegetacion tropical,Wikimedia Commons,ernesto_guevara,ce3863394d9670dad2e5b58d45f2a2e694e3ec04
ernesto_guevara_img_0775,img_0775.png,naturaleza_y_bosques,ilustracion_plana_color,277,182,bosque junto a rio,Wikimedia Commons,ernesto_guevara,138ff28cca2e1501aefce7365fe75d997bffc06a
ernesto_guevara_img_0776,img_0776.png,naturaleza_y_bosques,ilustracion_plana_color,300,168,arboles alineados en bosque,Wikimedia Commons,ernesto_guevara,3715b2c1fd454756cd671df6b4be50dc906a89cc
ernesto_guevara_img_0777,img_0777.png,naturaleza_y_bosques,ilustracion_plana_color,281,180,claro verde con flores,Wikimedia Commons,ernesto_guevara,b972c29bfad4dce9cb7aa05e3802561ddba950f7
ernesto_guevara_img_0778,img_0778.png,naturaleza_y_bosques,ilustracion_plana_color,511,361,pradera junto arbol grande,Wikimedia Commons,ernesto_guevara,7ba1cfb64a1e5de7ad619d931583f9034e16ebf8
ernesto_guevara_img_0779,img_0779.png,naturaleza_y_bosques,ilustracion_plana_color,487,366,sendero entre arboles altos,Wikimedia Commons,ernesto_guevara,6f64dbe2415b9292e2255e7be19f06ecf4d86299
ernesto_guevara_img_0780,img_0780.jpg,naturaleza_y_bosques,ilustracion_plana_color,300,168,bosque otoñal con hojas,Wikimedia Commons,ernesto_guevara,f7aa1340848b772c4e3c597c0b0e77521c5311fe
ernesto_guevara_img_0781,img_0781.png,naturaleza_y_bosques,ilustracion_plana_color,476,367,lago entre colinas verdes,Wikimedia Commons,ernesto_guevara,3aca0d265344ba4d632ed7ffc33da2fdfcbff285
ernesto_guevara_img_0782,img_0782.png,naturaleza_y_bosques,ilustracion_plana_color,477,290,montañas junto arroyo verde,Wikimedia Commons,ernesto_guevara,37d8f6bf99d4521d1172d2bdbadbf71b13842403
ernesto_guevara_img_0783,img_0783.jpg,naturaleza_y_bosques,ilustracion_plana_color,301,167,bosque otoñal iluminado,Wikimedia Commons,ernesto_guevara,74f2e824cf792750099d9184007b6a6efa2c3f0e
ernesto_guevara_img_0784,img_0784.jpg,naturaleza_y_bosques,ilustracion_plana_color,245,206,conejos junto vegetacion verde,Wikimedia Commons,ernesto_guevara,f2291d56278d899cb28ce670359318f2b4defac0
ernesto_guevara_img_0785,img_0785.png,naturaleza_y_bosques,ilustracion_plana_color,299,169,claro magico en bosque,Wikimedia Commons,ernesto_guevara,215087ccfa16507951e52b7117e33437c1d82bbb
ernesto_guevara_img_0786,img_0786.png,naturaleza_y_bosques,ilustracion_plana_color,218,231,camino rural entre arboles,Wikimedia Commons,ernesto_guevara,866d58aa9230d190b260f3ae7208a93dfd2ab444
ernesto_guevara_img_0787,img_0787.jpg,naturaleza_y_bosques,ilustracion_plana_color,198,254,campo florido con sendero,Wikimedia Commons,ernesto_guevara,3d57d23babf87776dcb3370da75fdbb5301be44f
ernesto_guevara_img_0788,img_0788.jpg,naturaleza_y_bosques,ilustracion_plana_color,300,168,bosque junto a lago,Wikimedia Commons,ernesto_guevara,757cb4c0d15cec89ce76bb5bb34a73fb3f1bad00
ernesto_guevara_img_0789,img_0789.png,naturaleza_y_bosques,ilustracion_plana_color,313,161,bosque de troncos rectos,Wikimedia Commons,ernesto_guevara,32fb67a64b065d843fe65a034ea9bedc2ff065f0
ernesto_guevara_img_0790,img_0790.png,naturaleza_y_bosques,ilustracion_plana_color,265,190,bosque colorido con sendero,Wikimedia Commons,ernesto_guevara,b89969675644cab01d7e72d292a9aede17ff8d64
ernesto_guevara_img_0791,img_0791.png,naturaleza_y_bosques,ilustracion_plana_color,224,225,grupo de pinos altos,Wikimedia Commons,ernesto_guevara,b87ddd8fbc00345ac8ee797e4895c01bf5903601
ernesto_guevara_img_0792,img_0792.jpg,naturaleza_y_bosques,ilustracion_plana_color,283,178,animales junto al lago,Wikimedia Commons,ernesto_guevara,8aca2f8a3f08c268817d4bbc47029eee60394c21
ernesto_guevara_img_0793,img_0793.png,naturaleza_y_bosques,ilustracion_plana_color,275,183,sendero curvo entre arboles,Wikimedia Commons,ernesto_guevara,37dc5b4f4d53d96660f3e6166c863447c993e710
ernesto_guevara_img_0794,img_0794.png,naturaleza_y_bosques,ilustracion_plana_color,516,348,colinas verdes y camino,Wikimedia Commons,ernesto_guevara,54a1652c3a915f637d25882c0ce363cf57331d09
ernesto_guevara_img_0795,img_0795.png,naturaleza_y_bosques,ilustracion_plana_color,301,167,bosque con rayos solares,Wikimedia Commons,ernesto_guevara,522e617aeeb3507ba9c9b248ad050a89fe1befbc
ernesto_guevara_img_0796,img_0796.jpg,naturaleza_y_bosques,ilustracion_plana_color,299,168,niña en pradera verde,Wikimedia Commons,ernesto_guevara,b535d6fe320c109ddb1898b199af8d6a6e9dea15
ernesto_guevara_img_0797,img_0797.png,naturaleza_y_bosques,ilustracion_plana_color,556,442,bosque luminoso entre arboles,Wikimedia Commons,ernesto_guevara,a0d8f16665f32c00ff6dea4ff9f9915e6e229c8d
ernesto_guevara_img_0798,img_0798.png,naturaleza_y_bosques,ilustracion_plana_color,259,195,sendero entre flores y arboles,Wikimedia Commons,ernesto_guevara,a4314e66405f08fa6bec17f2e540a7058441777f
ernesto_guevara_img_0799,img_0799.png,naturaleza_y_bosques,ilustracion_plana_color,299,168,bosque de troncos altos,Wikimedia Commons,ernesto_guevara,f864debd2da50bc00b6a5be0d51e0960d21e58ff
ernesto_guevara_img_0800,img_0800.png,naturaleza_y_bosques,ilustracion_plana_color,456,295,camino rural junto pradera,Wikimedia Commons,ernesto_guevara,e000ca9744d3e923ab018eec7a890e03a9899873
ernesto_guevara_img_0801,img_0801.png,naturaleza_y_bosques,ilustracion_plana_color,458,472,valle verde con pinos,Wikimedia Commons,ernesto_guevara,e110dab299fb5baa4b29a92d059559cafa6db837
ernesto_guevara_img_0802,img_0802.png,naturaleza_y_bosques,ilustracion_plana_color,515,478,bosque al atardecer dorado,Wikimedia Commons,ernesto_guevara,eeaad70fcc1fe6ffc3d5a9c87a7a0746ae23c8cd
ernesto_guevara_img_0803,img_0803.png,naturaleza_y_bosques,ilustracion_plana_color,299,168,bosque oscuro iluminado,Wikimedia Commons,ernesto_guevara,fc6f249fb699b8c0981abb19c5869b912fa65b98
ernesto_guevara_img_0804,img_0804.png,naturaleza_y_bosques,ilustracion_plana_color,580,462,pradera rodeada de arboles,Wikimedia Commons,ernesto_guevara,eb28d0e9aa5f58ae876009081cd748af3785902f
ernesto_guevara_img_0805,img_0805.jpg,naturaleza_y_bosques,ilustracion_plana_color,245,205,colinas verdes y sendero,Wikimedia Commons,ernesto_guevara,6045dddfb83a9dbc6b3f700243897b38c0373c95
ernesto_guevara_img_0806,img_0806.jpg,naturaleza_y_bosques,ilustracion_plana_color,278,181,claro abierto entre arboles,Wikimedia Commons,ernesto_guevara,1e04c80e2f5983d7053dad6fe613e84694efeef4
ernesto_guevara_img_0807,img_0807.jpg,naturaleza_y_bosques,ilustracion_plana_color,300,168,bosque otoñal con montañas,Wikimedia Commons,ernesto_guevara,1b69cc71a9d42eed53facfad319ee59895238904
ernesto_guevara_img_0808,img_0808.png,naturaleza_y_bosques,ilustracion_plana_color,225,225,bosque verde con niebla,Wikimedia Commons,ernesto_guevara,8937449406d386e2111e8842b040cca8ad4c0625
ernesto_guevara_img_0809,img_0809.png,naturaleza_y_bosques,ilustracion_plana_color,496,326,sendero entre pinos altos,Wikimedia Commons,ernesto_guevara,e246063ae5ff55e3cd13a58b70bc15a8bbf0d0af
ernesto_guevara_img_0810,img_0810.png,naturaleza_y_bosques,ilustracion_plana_color,265,190,bosque iluminado por sol,Wikimedia Commons,ernesto_guevara,9d000703d47fd47457886a8b249685fa04865508
ernesto_guevara_img_0811,img_0811.png,naturaleza_y_bosques,ilustracion_plana_color,552,351,bosque verde con niebla,Wikimedia Commons,ernesto_guevara,49249798cc2c9e900ee56470ab1f991d07a11c78
ernesto_guevara_img_0812,img_0812.jpg,naturaleza_y_bosques,ilustracion_plana_color,291,173,arbol grande junto arroyo,Wikimedia Commons,ernesto_guevara,8eabbd5411a7c2abe330c8de0e1846ee6a5417c5
ernesto_guevara_img_0813,img_0813.png,naturaleza_y_bosques,ilustracion_plana_color,289,175,animales bajo arboles grandes,Wikimedia Commons,ernesto_guevara,c69b80b7b9ad4057cc53265aad2e4c7a62b353b8
ernesto_guevara_img_0814,img_0814.jpg,naturaleza_y_bosques,ilustracion_plana_color,259,194,bosque otoñal con animales,Wikimedia Commons,ernesto_guevara,8d89c3daffcb0eb7cf7a7f63b75bf1ad546357cd
ernesto_guevara_img_0815,img_0815.png,naturaleza_y_bosques,ilustracion_plana_color,527,485,pradera vista entre arboles,Wikimedia Commons,ernesto_guevara,9ee9666979ca9a1e12703bbbb1e0f4710f0ab5c2
ernesto_guevara_img_0816,img_0816.jpg,naturaleza_y_bosques,ilustracion_plana_color,284,177,claro verde con flores,Wikimedia Commons,ernesto_guevara,a03bdf9c3762fce53e2b2784dbaf310c1205270f
ernesto_guevara_img_0817,img_0817.jpg,naturaleza_y_bosques,ilustracion_plana_color,225,225,bosque frondoso junto arroyo,Wikimedia Commons,ernesto_guevara,9ce3e3f899849cad6dd23e34b60139de00e76f9b
ernesto_guevara_img_0818,img_0818.jpg,naturaleza_y_bosques,ilustracion_plana_color,300,168,colinas verdes bajo nieve,Wikimedia Commons,ernesto_guevara,54f9ec29e038e0b5ce1ffe1fb51806c66994e8c4
ernesto_guevara_img_0819,img_0819.jpg,naturaleza_y_bosques,ilustracion_plana_color,259,195,niño junto arbol bosque,Wikimedia Commons,ernesto_guevara,0cd197f695b95090f93314674341946bef01edd2
ernesto_guevara_img_0820,img_0820.png,naturaleza_y_bosques,ilustracion_plana_color,299,168,bosque de troncos rectos,Wikimedia Commons,ernesto_guevara,d5500c0b6ab9446d25529dc3b6d0ac6f9a3704d3
ernesto_guevara_img_0821,img_0821.png,naturaleza_y_bosques,ilustracion_plana_color,477,476,bosque encantado con hongos,Wikimedia Commons,ernesto_guevara,c1de644829e7a836eb18492aed84f040537369ff
ernesto_guevara_img_0822,img_0822.png,naturaleza_y_bosques,ilustracion_plana_color,502,478,bosque al amanecer dorado,Wikimedia Commons,ernesto_guevara,8edcdbe2368c038e98dc40ace1b74b3c063ac659
ernesto_guevara_img_0823,img_0823.jpg,naturaleza_y_bosques,ilustracion_plana_color,202,249,bosque de secuoyas altas,Wikimedia Commons,ernesto_guevara,193354b221a6bc91f6450554fc7ecaec41861889
ernesto_guevara_img_0824,img_0824.jpg,naturaleza_y_bosques,ilustracion_plana_color,178,283,ventana natural hacia valle,Wikimedia Commons,ernesto_guevara,79cf9514c3770b79489cb603d99f2319b5b19095
ernesto_guevara_img_0825,img_0825.jpg,naturaleza_y_bosques,ilustracion_plana_color,225,225,montañas junto rio rocoso,Wikimedia Commons,ernesto_guevara,0d9c770b5fedf922871642c585bdb98752b594e5
ernesto_guevara_img_0826,img_0826.png,naturaleza_y_bosques,ilustracion_plana_color,273,360,bosque abierto con claros,Wikimedia Commons,ernesto_guevara,01a758aa9b1f2ac9f91b2ffde5e77374ca10de35
ernesto_guevara_img_0827,img_0827.jpg,naturaleza_y_bosques,ilustracion_plana_color,275,183,colinas verdes con arboles,Wikimedia Commons,ernesto_guevara,180308665b2d3bfbd83ee541249ab10f39ea08cc
ernesto_guevara_img_0828,img_0828.png,naturaleza_y_bosques,ilustracion_plana_color,275,183,colinas verdes con arboles,Wikimedia Commons,ernesto_guevara,05d8728f4bfee7f4e8ff45caf330341f6b563ec8
ernesto_guevara_img_0829,img_0829.png,naturaleza_y_bosques,ilustracion_plana_color,225,225,montañas junto rio rocoso,Wikimedia Commons,ernesto_guevara,bbec8e2be16524f1191e38d1261e5cf9af7502de
ernesto_guevara_img_0830,img_0830.jpg,naturaleza_y_bosques,ilustracion_plana_color,301,167,colinas verdes con montañas,Wikimedia Commons,ernesto_guevara,81f782e915476247f20a17fd249fa856df8f103f
ernesto_guevara_img_0831,img_0831.png,naturaleza_y_bosques,ilustracion_plana_color,301,167,colinas verdes con montañas,Wikimedia Commons,ernesto_guevara,4d7021064c3b6dfda3b144616a370b267593db53
ernesto_guevara_img_0832,img_0832.jpg,naturaleza_y_bosques,ilustracion_plana_color,253,199,pinos dispersos en pradera,Wikimedia Commons,ernesto_guevara,2c020f14354788d9cd1a31bfff8c636e8d40a157
ernesto_guevara_img_0833,img_0833.jpg,naturaleza_y_bosques,ilustracion_plana_color,265,190,bosque de pinos oscuros,Wikimedia Commons,ernesto_guevara,f695e068538ebcded15226f1425453a220a95008
ernesto_guevara_img_0834,img_0834.jpg,naturaleza_y_bosques,ilustracion_plana_color,318,159,lago entre montañas nevadas,Wikimedia Commons,ernesto_guevara,bc87cde80f93a8eb127aafd22a9f43964318c0b3
ernesto_guevara_img_0835,img_0835.png,naturaleza_y_bosques,ilustracion_plana_color,300,168,montañas con arcoiris y lago,Wikimedia Commons,ernesto_guevara,8cce657c3fdaec7dce8835152e71a31f49112785
ernesto_guevara_img_0836,img_0836.jpg,naturaleza_y_bosques,ilustracion_plana_color,299,168,lago tranquilo entre colinas,Wikimedia Commons,ernesto_guevara,a35db61d75d3bbd88a55ffea6b2ca8671c55a46e
ernesto_guevara_img_0837,img_0837.png,naturaleza_y_bosques,ilustracion_plana_color,269,187,sendero junto arroyo verde,Wikimedia Commons,ernesto_guevara,6a9175a49cb718b96b7a6926ad8353bb6143a706
ernesto_guevara_img_0838,img_0838.jpg,naturaleza_y_bosques,ilustracion_plana_color,300,168,lago entre montañas verdes,Wikimedia Commons,ernesto_guevara,09ed59965455777240dbc077a1610fa4dc60c0c7
ernesto_guevara_img_0839,img_0839.jpg,naturaleza_y_bosques,ilustracion_plana_color,267,189,camino curvo junto pradera,Wikimedia Commons,ernesto_guevara,7ccc4e4b4b93c5ac028022cb616281bf7b55c93f
ernesto_guevara_img_0840,img_0840.jpg,naturaleza_y_bosques,ilustracion_plana_color,275,183,bosque colorido entre montañas,Wikimedia Commons,ernesto_guevara,1f8bae3c8937dfa3d7c0926df37df5fcf355e3f9
ernesto_guevara_img_0841,img_0841.jpg,naturaleza_y_bosques,ilustracion_plana_color,300,168,pradera amplia con colinas,Wikimedia Commons,ernesto_guevara,4c98306bb872fccdb5f7c50f9904db09181c05dc
ernesto_guevara_img_0842,img_0842.png,naturaleza_y_bosques,ilustracion_plana_color,300,168,pradera amplia con colinas,Wikimedia Commons,ernesto_guevara,077330254e27595db12faebc30826a121c80587e
ernesto_guevara_img_0843,img_0843.jpg,naturaleza_y_bosques,ilustracion_plana_color,275,183,pinos frente a montañas,Wikimedia Commons,ernesto_guevara,0f96715f3b95082b974d3c8d4a2371e2934edc8e
ernesto_guevara_img_0844,img_0844.jpg,naturaleza_y_bosques,ilustracion_plana_color,253,199,colinas verdes con arboles,Wikimedia Commons,ernesto_guevara,885c85d57fb5451dff71b6afbb5faa51e94c86a4
ernesto_guevara_img_0845,img_0845.jpg,naturaleza_y_bosques,ilustracion_plana_color,284,177,arroyo entre colinas verdes,Wikimedia Commons,ernesto_guevara,97e83159d106627717770e0db1fc0b76a54bb097
ernesto_guevara_img_0846,img_0846.jpg,naturaleza_y_bosques,ilustracion_plana_color,310,163,colinas verdes al amanecer,Wikimedia Commons,ernesto_guevara,2f0d92b84b52ddbb6720865aded7be61efc7ce81
ernesto_guevara_img_0847,img_0847.png,naturaleza_y_bosques,ilustracion_plana_color,240,210,camino entre arboles abiertos,Wikimedia Commons,ernesto_guevara,2689455baedee1de7dd0b002acb0e37ebf1bb1d5
ernesto_guevara_img_0848,img_0848.png,naturaleza_y_bosques,ilustracion_plana_color,568,405,valle verde con pinos,Wikimedia Commons,ernesto_guevara,99d977d0be6d0633485d918e8fd6cc1974e60fd2
ernesto_guevara_img_0849,img_0849.jpg,naturaleza_y_bosques,ilustracion_plana_color,285,177,montañas bajo cielo nocturno,Wikimedia Commons,ernesto_guevara,5d0000a562290e84b632890ba44b1fdca2d01861
ernesto_guevara_img_0850,img_0850.jpg,naturaleza_y_bosques,ilustracion_plana_color,275,183,colinas verdes con rocas,Wikimedia Commons,ernesto_guevara,c9cba346d440656263f9dba0f44adf4a8139f380
ernesto_guevara_img_0851,img_0851.jpg,naturaleza_y_bosques,ilustracion_plana_color,300,168,colinas verdes y sendero,Wikimedia Commons,ernesto_guevara,91e8a80c0d1bfe18ff7d68e07bd98209f4f0396e
ernesto_guevara_img_0852,img_0852.jpg,naturaleza_y_bosques,ilustracion_plana_color,275,183,valle montañoso con rio,Wikimedia Commons,ernesto_guevara,ebd0aa7b683e373b7c8493a2f0593f8a343fe9d6
ernesto_guevara_img_0853,img_0853.png,naturaleza_y_bosques,ilustracion_plana_color,330,455,fila de arboles verdes,Wikimedia Commons,ernesto_guevara,dd71956d87e5fdd5b51707a1631e18a3dff338c9
ernesto_guevara_img_0854,img_0854.jpg,naturaleza_y_bosques,ilustracion_plana_color,304,166,valle montañoso con sendero,Wikimedia Commons,ernesto_guevara,216cfe0e44e7bb490bf679f898bce57d7d03c513
ernesto_guevara_img_0855,img_0855.jpg,naturaleza_y_bosques,ilustracion_plana_color,301,167,sendero junto bosque de pinos,Wikimedia Commons,ernesto_guevara,6324e88861a326b69775221bf2ec4719a9651315
ernesto_guevara_img_0856,img_0856.jpg,naturaleza_y_bosques,ilustracion_plana_color,271,186,paisaje de colinas verdes,Wikimedia Commons,ernesto_guevara,3d9878d88e3a569a87bff3cdff6b712378d8cb0b
ernesto_guevara_img_0857,img_0857.jpg,naturaleza_y_bosques,ilustracion_plana_color,225,225,montañas verdes bajo nubes,Wikimedia Commons,ernesto_guevara,8e6dd1b741ee2f5e6c94e9d34cf3969027171850
ernesto_guevara_img_0858,img_0858.jpg,naturaleza_y_bosques,ilustracion_plana_color,300,168,camino entre colinas verdes,Wikimedia Commons,ernesto_guevara,89f619d7b5820572134bb49a823274091257c907
ernesto_guevara_img_0859,img_0859.png,naturaleza_y_bosques,ilustracion_plana_color,301,167,lago pequeño entre arboles,Wikimedia Commons,ernesto_guevara,ff179e5c249136237ecb7faffcdd53dd710e5a8b
ernesto_guevara_img_0860,img_0860.jpg,naturaleza_y_bosques,ilustracion_plana_color,236,184,pradera bordeada por bosque,Wikimedia Commons,ernesto_guevara,f0edc9381996f1f9e2d9f1bd9c6307ae9690765b
ernesto_guevara_img_0861,img_0861.jpg,naturaleza_y_bosques,ilustracion_plana_color,297,169,camino soleado entre colinas,Wikimedia Commons,ernesto_guevara,3f1a73be023ea3c1015cf5e4758b6c94f04f5922
ernesto_guevara_img_0862,img_0862.png,naturaleza_y_bosques,ilustracion_plana_color,236,184,pradera bordeada por bosque,Wikimedia Commons,ernesto_guevara,79c834c5bee65e29ec818ccfefa31347ae040771
ernesto_guevara_img_0863,img_0863.jpg,naturaleza_y_bosques,ilustracion_plana_color,301,167,montañas iluminadas al amanecer,Wikimedia Commons,ernesto_guevara,b9a29fbc3b01e7525c24db92bec9a97a96bbcfb4
ernesto_guevara_img_0864,img_0864.jpg,naturaleza_y_bosques,ilustracion_plana_color,254,198,bosque magico con flores,Wikimedia Commons,ernesto_guevara,aafa22015807257a7a602412adc5bb29d4134acf
ernesto_guevara_img_0865,img_0865.png,naturaleza_y_bosques,ilustracion_plana_color,522,402,bosque colorido con sendero,Wikimedia Commons,ernesto_guevara,ff585d957a44733597398a37979b6883552c9e57
ernesto_guevara_img_0866,img_0866.jpg,naturaleza_y_bosques,ilustracion_plana_color,318,159,camino florido entre arboles,Wikimedia Commons,ernesto_guevara,f46f7c5d1e4c923b03cd30140f6320bfbc2d5ded
ernesto_guevara_img_0867,img_0867.png,naturaleza_y_bosques,ilustracion_plana_color,301,167,bosque con estanque pequeño,Wikimedia Commons,ernesto_guevara,558fff4148f403601e5a3601b74d5e2af0fd0d9c
ernesto_guevara_img_0868,img_0868.png,naturaleza_y_bosques,ilustracion_plana_color,448,462,bosque oscuro y denso,Wikimedia Commons,ernesto_guevara,8268b5d73c03b8a6116eea62aa7c22dde44191f3
ernesto_guevara_img_0869,img_0869.png,naturaleza_y_bosques,ilustracion_plana_color,267,188,arroyo junto pradera verde,Wikimedia Commons,ernesto_guevara,0216d378a799ee0daeefe1af54806aa3315bb9ca
ernesto_guevara_img_0870,img_0870.png,naturaleza_y_bosques,ilustracion_plana_color,252,375,camino luminoso entre arboles,Wikimedia Commons,ernesto_guevara,abdf211baf264777bd2a9fc384fc9d57fb96a467
ernesto_guevara_img_0871,img_0871.png,naturaleza_y_bosques,ilustracion_plana_color,299,168,camino forestal sombreado,Wikimedia Commons,ernesto_guevara,178b687ab233b6ee9443b8945577b4c3f5b60691
ernesto_guevara_img_0872,img_0872.jpg,naturaleza_y_bosques,ilustracion_plana_color,259,194,pradera florida con colinas,Wikimedia Commons,ernesto_guevara,d70f42675da700d8661cb1e9b3bfcde460d6881c
ernesto_guevara_img_0873,img_0873.png,naturaleza_y_bosques,ilustracion_plana_color,284,177,cabaña junto flores silvestres,Wikimedia Commons,ernesto_guevara,c7d48658c397363c721cb6a587b6cb23e699b26d
ernesto_guevara_img_0874,img_0874.jpg,naturaleza_y_bosques,ilustracion_plana_color,294,172,pradera entre arboles verdes,Wikimedia Commons,ernesto_guevara,92167d265f2721bbc148936572377ba2aece0c41
ernesto_guevara_img_0875,img_0875.jpg,naturaleza_y_bosques,ilustracion_plana_color,266,190,bosque encantado con niebla,Wikimedia Commons,ernesto_guevara,fad3b627a9343adab69ba7dd844d3a42f6173c8c
ernesto_guevara_img_0876,img_0876.jpg,naturaleza_y_bosques,ilustracion_plana_color,259,194,lago nocturno entre arboles,Wikimedia Commons,ernesto_guevara,3ba1ef24b5b19a06ba38ae32b0ecb7323f81ae16
ernesto_guevara_img_0877,img_0877.png,naturaleza_y_bosques,ilustracion_plana_color,467,465,bosque de troncos rectos,Wikimedia Commons,ernesto_guevara,fbf88dc5e3b48f0ed6003c62db4eb688f39079ef
ernesto_guevara_img_0878,img_0878.png,naturaleza_y_bosques,ilustracion_plana_color,467,472,pradera bordeada por bosque,Wikimedia Commons,ernesto_guevara,d579009c473a16c6c8ec8c5b56060518324a8ae5
ernesto_guevara_img_0879,img_0879.jpg,naturaleza_y_bosques,ilustracion_plana_color,318,159,bosque magico iluminado,Wikimedia Commons,ernesto_guevara,85e20bf42db021a112580049dda3df7b8f7e8dea
ernesto_guevara_img_0880,img_0880.jpg,naturaleza_y_bosques,ilustracion_plana_color,300,168,camino entre arboles altos,Wikimedia Commons,ernesto_guevara,2254bb52a4deef0ca8eb94e8d91f1492fdf96fe5
ernesto_guevara_img_0881,img_0881.png,naturaleza_y_bosques,ilustracion_plana_color,577,452,bosque iluminado por sol,Wikimedia Commons,ernesto_guevara,ada842fd4c577dab901cd5ba9e3680f39f2a4b1f
ernesto_guevara_img_0882,img_0882.jpg,naturaleza_y_bosques,ilustracion_plana_color,301,167,colinas verdes con arboles,Wikimedia Commons,ernesto_guevara,213e9d786b62f614a18409985adbb6e8935b9e4f
ernesto_guevara_img_0883,img_0883.jpg,naturaleza_y_bosques,ilustracion_plana_color,297,169,bosque abierto con claros,Wikimedia Commons,ernesto_guevara,699d8b95a4770d79c99b0ad1a3c8a5c4c946951e
ernesto_guevara_img_0884,img_0884.png,naturaleza_y_bosques,ilustracion_plana_color,520,425,bosque al atardecer dorado,Wikimedia Commons,ernesto_guevara,fe8a963190c83bcf2542c9a8f44cd740cccd6a45
ernesto_guevara_img_0885,img_0885.jpg,naturaleza_y_bosques,ilustracion_plana_color,255,197,pinos dispersos en pradera,Wikimedia Commons,ernesto_guevara,8ddd26986b6cd1f3913ff8b7a5cd0af88b2b3d8d
ernesto_guevara_img_0886,img_0886.png,naturaleza_y_bosques,ilustracion_plana_color,542,352,bosque al amanecer dorado,Wikimedia Commons,ernesto_guevara,5f06a30e9ae588dd928927d18a395b6099c1e3e2
ernesto_guevara_img_0887,img_0887.jpg,naturaleza_y_bosques,ilustracion_plana_color,301,167,bosque azul con niebla,Wikimedia Commons,ernesto_guevara,aea6bb354efecaefe787f94aaba0af384539bd20
ernesto_guevara_img_0888,img_0888.jpg,naturaleza_y_bosques,ilustracion_plana_color,292,173,sendero entre arboles frondosos,Wikimedia Commons,ernesto_guevara,42e1bc713ce820bde85f18014982951b2e11b609
ernesto_guevara_img_0889,img_0889.jpg,naturaleza_y_bosques,ilustracion_plana_color,355,142,bosque de cerezos floridos,Wikimedia Commons,ernesto_guevara,0e371716a241742b1956468fcd3737cc6981e4e2
ernesto_guevara_img_0890,img_0890.png,naturaleza_y_bosques,ilustracion_plana_color,301,167,colinas verdes con sendero,Wikimedia Commons,ernesto_guevara,6291424041c956bd82d1988c19b8e72ceebef61c
ernesto_guevara_img_0891,img_0891.jpg,naturaleza_y_bosques,ilustracion_plana_color,300,168,camino soleado entre arboles,Wikimedia Commons,ernesto_guevara,a2d709635fb08b92a38966076d25ac96494b4d58
ernesto_guevara_img_0892,img_0892.png,naturaleza_y_bosques,ilustracion_plana_color,587,341,sendero curvo entre arboles,Wikimedia Commons,ernesto_guevara,a82c0b2ce21a44d078e39042780f9b37444dfb9f
ernesto_guevara_img_0893,img_0893.png,naturaleza_y_bosques,ilustracion_plana_color,501,360,pradera junto arboles grandes,Wikimedia Commons,ernesto_guevara,cd40ff085a4efa45c5fc946a62eb37b7a5c59352
ernesto_guevara_img_0894,img_0894.jpg,naturaleza_y_bosques,ilustracion_plana_color,272,185,ruinas cubiertas por vegetacion,Wikimedia Commons,ernesto_guevara,9d735e7c953c10e12648839f0ac27a5afe59e60a
ernesto_guevara_img_0895,img_0895.png,naturaleza_y_bosques,ilustracion_plana_color,281,179,bosque oscuro con rocas,Wikimedia Commons,ernesto_guevara,a90e6810650d141c9a0d7fd028b0be650cd12633
ernesto_guevara_img_0896,img_0896.jpg,naturaleza_y_bosques,ilustracion_plana_color,259,194,bosque de abedules claros,Wikimedia Commons,ernesto_guevara,2eec0a96561b3a90d0e2ad0dfeeadba94040584c
ernesto_guevara_img_0897,img_0897.jpg,naturaleza_y_bosques,ilustracion_plana_color,300,168,bosque colorido con sendero,Wikimedia Commons,ernesto_guevara,74f7263b0f9a3613455a11d3a25f8396729a8638
ernesto_guevara_img_0898,img_0898.jpg,naturaleza_y_bosques,ilustracion_plana_color,486,372,pradera junto acantilado boscoso,Wikimedia Commons,ernesto_guevara,457c4e8c0f0b2077f6c26750af18b263a6009db1
ernesto_guevara_img_0899,img_0899.jpg,naturaleza_y_bosques,ilustracion_plana_color,300,168,claro soleado entre pinos,Wikimedia Commons,ernesto_guevara,9b0cfddcbc9da4adb9a639345662340a0bd253ef
ernesto_guevara_img_0900,img_0900.jpg,naturaleza_y_bosques,ilustracion_plana_color,301,167,bosque de troncos altos,Wikimedia Commons,ernesto_guevara,8a188089d4fa4dda38f5771ea9c0b1e5dc080e5d
ernesto_guevara_img_0901,img_0901.jpg,naturaleza_y_bosques,ilustracion_plana_color,260,194,troncos altos entre flores,Wikimedia Commons,ernesto_guevara,ffa7865182d6d79eee2264667644fcee060b1c6d
ernesto_guevara_img_0902,img_0902.jpg,naturaleza_y_bosques,ilustracion_plana_color,300,168,bosque con niebla suave,Wikimedia Commons,ernesto_guevara,63cdf76bcf06d11514f8bc68c81c0092a6e5a3e6
ernesto_guevara_img_0903,img_0903.jpg,naturaleza_y_bosques,ilustracion_plana_color,318,159,copa forestal vista aerea,Wikimedia Commons,ernesto_guevara,bb6abc4dbdb95770490e5c2f00269f0ec4bb8dfd
ernesto_guevara_img_0904,img_0904.png,naturaleza_y_bosques,ilustracion_plana_color,482,365,claro verde entre arboles,Wikimedia Commons,ernesto_guevara,350138bde23b115a040f631efb6e4460aa95ff4c
ernesto_guevara_img_0905,img_0905.jpg,naturaleza_y_bosques,ilustracion_plana_color,225,225,camino entre arboles retorcidos,Wikimedia Commons,ernesto_guevara,23b71a773dcb4a322502617e3158bb19123a996c
ernesto_guevara_img_0906,img_0906.jpg,naturaleza_y_bosques,ilustracion_plana_color,297,170,claro magico en bosque,Wikimedia Commons,ernesto_guevara,c12d394c53a0405fc10395f683645cc95248b17d
ernesto_guevara_img_0907,img_0907.jpg,naturaleza_y_bosques,ilustracion_plana_color,275,183,bosque de troncos delgados,Wikimedia Commons,ernesto_guevara,44476d853e846e121738336f28cf3e1232b21780
ernesto_guevara_img_0908,img_0908.jpg,naturaleza_y_bosques,ilustracion_plana_color,257,196,bosque iluminado con flores,Wikimedia Commons,ernesto_guevara,ab0aefde147b4b2d359885467b4e81180b657047
ernesto_guevara_img_0909,img_0909.png,naturaleza_y_bosques,ilustracion_plana_color,346,450,bosque oscuro con sendero,Wikimedia Commons,ernesto_guevara,46974346c2b16702a6c3c7c19382ed1f4afb3f76
ernesto_guevara_img_0910,img_0910.jpg,naturaleza_y_bosques,ilustracion_plana_color,309,163,bosque sombrio con niebla,Wikimedia Commons,ernesto_guevara,4f34b78cb6c5928cf5333d7ed8cde21b783d5e0a
ernesto_guevara_img_0911,img_0911.jpg,naturaleza_y_bosques,ilustracion_plana_color,300,168,camino curvo entre flores,Wikimedia Commons,ernesto_guevara,41a3aac82717becc200134712a58fce0c85a1de8
ernesto_guevara_img_0912,img_0912.jpg,naturaleza_y_bosques,ilustracion_plana_color,300,168,bosque nocturno fantastico,Wikimedia Commons,ernesto_guevara,7ec32e06be5776c6baa3b101a07bac93cf0dd77c
ernesto_guevara_img_0913,img_0913.png,naturaleza_y_bosques,ilustracion_plana_color,352,143,bosque iluminado por rayos,Wikimedia Commons,ernesto_guevara,ac93e0a4d5ec0b66aaf36b4567cdff815be3c3a8
ernesto_guevara_img_0914,img_0914.jpg,naturaleza_y_bosques,ilustracion_plana_color,225,225,bosque tropical con palmeras,Wikimedia Commons,ernesto_guevara,d90c5384ec9db6d25d7d900fc71e6cca5e78d8d5
ernesto_guevara_img_0915,img_0915.png,naturaleza_y_bosques,ilustracion_plana_color,527,415,bosque soleado con sendero,Wikimedia Commons,ernesto_guevara,115c12312a5c03ba08b360dc454c9380fb597c7e
ernesto_guevara_img_0916,img_0916.jpg,naturaleza_y_bosques,ilustracion_plana_color,318,159,bosque verde con claros,Wikimedia Commons,ernesto_guevara,49c847ca5ef484ba89397b0fcb17765a006f8e02
ernesto_guevara_img_0917,img_0917.jpg,naturaleza_y_bosques,ilustracion_plana_color,300,168,bosque otoñal junto rio,Wikimedia Commons,ernesto_guevara,2a2d90032e7725c5e2cae0ed843b26a32afdeade
ernesto_guevara_img_0918,img_0918.jpg,naturaleza_y_bosques,ilustracion_plana_color,300,168,bosque encantado azul,Wikimedia Commons,ernesto_guevara,6ae3edbc2c0293e8a42c0485c103a046696a25df
ernesto_guevara_img_0919,img_0919.jpg,naturaleza_y_bosques,ilustracion_plana_color,300,168,valle montañoso con pradera,Wikimedia Commons,ernesto_guevara,d6e5cc97c26a7049d56def93a88ca8be556d23ad
ernesto_guevara_img_0920,img_0920.jpg,naturaleza_y_bosques,ilustracion_plana_color,297,170,arroyo entre vegetacion frondosa,Wikimedia Commons,ernesto_guevara,223f7c49d1f0e717173141814dfb88ce66ac7732
ernesto_guevara_img_0921,img_0921.png,naturaleza_y_bosques,ilustracion_plana_color,236,164,pradera rodeada de arboles,Wikimedia Commons,ernesto_guevara,65d3008c68be02bbaafcb5d374ee265c61738ed0
ernesto_guevara_img_0922,img_0922.jpg,naturaleza_y_bosques,ilustracion_plana_color,225,225,bosque oscuro con hongos,Wikimedia Commons,ernesto_guevara,ebbd1817386d683bc2344f456ab28dc1e235555d
ernesto_guevara_img_0923,img_0923.png,naturaleza_y_bosques,ilustracion_plana_color,501,455,bosque al atardecer dorado,Wikimedia Commons,ernesto_guevara,89f9bfdfb08d0bc2877697962edd79a95444b120
ernesto_guevara_img_0924,img_0924.png,naturaleza_y_bosques,ilustracion_plana_color,572,470,lago entre colinas verdes,Wikimedia Commons,ernesto_guevara,79e2f720693724dc15d675b2015187561607e007
ernesto_guevara_img_0925,img_0925.jpg,naturaleza_y_bosques,ilustracion_plana_color,283,178,claro abierto entre arboles,Wikimedia Commons,ernesto_guevara,a7c81871ae1c5bca8c9fc7ba4e7de3bc92f687a9
ernesto_guevara_img_0926,img_0926.png,naturaleza_y_bosques,ilustracion_plana_color,218,231,rio entre montañas verdes,Wikimedia Commons,ernesto_guevara,2284c1e31bac8177240df0ad1e45cf071637f85b
ernesto_guevara_img_0927,img_0927.jpg,naturaleza_y_bosques,ilustracion_plana_color,300,168,bosque iluminado al amanecer,Wikimedia Commons,ernesto_guevara,c04af0da1209d821332ee5730ebedbcd31985fce
ernesto_guevara_img_0928,img_0928.png,naturaleza_y_bosques,ilustracion_plana_color,510,431,bosque verde con niebla,Wikimedia Commons,ernesto_guevara,646e0dd845aeb6eed8a7ace8b86c5392886d5a85
ernesto_guevara_img_0929,img_0929.png,naturaleza_y_bosques,ilustracion_plana_color,300,168,camino entre arboles altos,Wikimedia Commons,ernesto_guevara,db3066924efff190ae7746b95469e847aa318280
ernesto_guevara_img_0930,img_0930.jpg,naturaleza_y_bosques,ilustracion_plana_color,328,154,bosque bajo cielo nocturno,Wikimedia Commons,ernesto_guevara,653e247717671f5d62dcb7ac2e171d2deaab67a5
ernesto_guevara_img_0931,img_0931.jpg,naturaleza_y_bosques,ilustracion_plana_color,266,190,colinas verdes con pinos,Wikimedia Commons,ernesto_guevara,650923b27f5fe3aca2a5307af26a582a3408dc35
ernesto_guevara_img_0932,img_0932.jpg,naturaleza_y_bosques,ilustracion_plana_color,282,179,animales en claro boscoso,Wikimedia Commons,ernesto_guevara,55159cd81e45bd4657bf8ad9c3ddb603daf18461
ernesto_guevara_img_0933,img_0933.jpg,naturaleza_y_bosques,ilustracion_plana_color,267,189,lago pequeño entre arboles,Wikimedia Commons,ernesto_guevara,6776c8ff51f5c400496dd47a88d6e0cb4c9d7338
ernesto_guevara_img_0934,img_0934.jpg,naturaleza_y_bosques,ilustracion_plana_color,284,177,animales bajo arboles grandes,Wikimedia Commons,ernesto_guevara,0424c5a929f542a30367833234abda1415823319
ernesto_guevara_img_0935,img_0935.jpg,naturaleza_y_bosques,ilustracion_plana_color,301,167,acantilado junto bosque verde,Wikimedia Commons,ernesto_guevara,135206be53e77801d7a5b1e4f8b9590bf7f413a0
ernesto_guevara_img_0936,img_0936.jpg,naturaleza_y_bosques,ilustracion_plana_color,318,158,colinas verdes al amanecer,Wikimedia Commons,ernesto_guevara,17922c21ceead91cc2e3b8dd11264041d3035236
ernesto_guevara_img_0937,img_0937.png,naturaleza_y_bosques,ilustracion_plana_color,300,168,valle verde con flores,Wikimedia Commons,ernesto_guevara,01f7e966e9c5fc0bed9dc3d0437c88991b6a468b
ernesto_guevara_img_0938,img_0938.jpg,naturaleza_y_bosques,ilustracion_plana_color,263,192,rio serpenteante entre colinas,Wikimedia Commons,ernesto_guevara,638b13c14f86c552613c0497805fc7a183bf46b7
ernesto_guevara_img_0939,img_0939.jpg,naturaleza_y_bosques,ilustracion_plana_color,259,194,rio entre vegetacion frondosa,Wikimedia Commons,ernesto_guevara,4d44a84cda1d260ac16b4a100c094552c31cae26
ernesto_guevara_img_0940,img_0940.jpg,naturaleza_y_bosques,ilustracion_plana_color,318,159,pinos junto sendero arenoso,Wikimedia Commons,ernesto_guevara,e3373b99d50bbc80fe6499143f9b8d3c3538a892
ernesto_guevara_img_0941,img_0941.jpg,naturaleza_y_bosques,ilustracion_plana_color,266,189,bosque de pinos nevados,Wikimedia Commons,ernesto_guevara,3492cfa0d1ac8f5db257e24b1957e0ffaa1e78df
ernesto_guevara_img_0942,img_0942.png,naturaleza_y_bosques,ilustracion_plana_color,275,183,sendero entre pinos verdes,Wikimedia Commons,ernesto_guevara,8915e3b634ebb840bbe0ce64abd3b849f13a16b2
ernesto_guevara_img_0943,img_0943.jpg,naturaleza_y_bosques,ilustracion_plana_color,257,196,arboles frondosos sobre pradera,Wikimedia Commons,ernesto_guevara,1fb873d022c1bdab2369ec3a363651a3e9acce1c
ernesto_guevara_img_0944,img_0944.jpg,naturaleza_y_bosques,ilustracion_plana_color,268,188,camino curvo entre colinas,Wikimedia Commons,ernesto_guevara,0d1724803e1d0481588a88dbb7cc8e5724984e09
ernesto_guevara_img_0945,img_0945.jpg,naturaleza_y_bosques,ilustracion_plana_color,298,169,pinos frente montañas lejanas,Wikimedia Commons,ernesto_guevara,e696e72c15e21fc32eace93c6c85645a8622816c
ernesto_guevara_img_0946,img_0946.png,naturaleza_y_bosques,ilustracion_plana_color,557,445,sendero entre arboles altos,Wikimedia Commons,ernesto_guevara,d723779aca36196a197a00f8e2e5f39fbc974da6
ernesto_guevara_img_0947,img_0947.jpg,naturaleza_y_bosques,ilustracion_plana_color,275,183,camino forestal entre pinos,Wikimedia Commons,ernesto_guevara,962be5c3590ce7b0e4c8075d4a18bd3e48fccf76
ernesto_guevara_img_0948,img_0948.png,naturaleza_y_bosques,ilustracion_plana_color,522,436,bosque con sendero abierto,Wikimedia Commons,ernesto_guevara,dc2602bf86f64befb692d46ef9888888c359d71f
ernesto_guevara_img_0949,img_0949.png,naturaleza_y_bosques,ilustracion_plana_color,532,412,valle verde con flores,Wikimedia Commons,ernesto_guevara,97644ccb72d3a807ef38991263ad3d5c8342e32d
ernesto_guevara_img_0950,img_0950.jpg,naturaleza_y_bosques,ilustracion_plana_color,262,192,arroyo entre rocas y arboles,Wikimedia Commons,ernesto_guevara,429ef791773831500a712d430c7f438e946cb435
ernesto_guevara_img_0951,img_0951.jpg,naturaleza_y_bosques,ilustracion_plana_color,275,183,bosque de troncos rectos,Wikimedia Commons,ernesto_guevara,5a2580f191abb06018a5f5a9f1091e0b8161667b
ernesto_guevara_img_0952,img_0952.jpg,naturaleza_y_bosques,ilustracion_plana_color,301,167,bosque frondoso con claros,Wikimedia Commons,ernesto_guevara,da9b6d16f3d693066db22c25c0b6b8f151928d55
ernesto_guevara_img_0953,img_0953.jpg,naturaleza_y_bosques,ilustracion_plana_color,290,174,bosque tropical con flores,Wikimedia Commons,ernesto_guevara,fb09eed2e25445de72430edbb34fd5a46bdb0e15
ernesto_guevara_img_0954,img_0954.jpg,naturaleza_y_bosques,ilustracion_plana_color,236,171,montañas junto arroyo rocoso,Wikimedia Commons,ernesto_guevara,26cf0eb7a2aac57e28444eec462d46c71c89523f
ernesto_guevara_img_0955,img_0955.jpg,naturaleza_y_bosques,ilustracion_plana_color,301,167,bosque frondoso con claros,Wikimedia Commons,ernesto_guevara,7ae0cfe6dfc579bbb709590b9e6ec353a08d5f2c
ernesto_guevara_img_0956,img_0956.jpg,naturaleza_y_bosques,ilustracion_plana_color,300,168,bosque de hojas claras,Wikimedia Commons,ernesto_guevara,a4801bf45aa885cf92cc34b03aca67e1882aaf9e
ernesto_guevara_img_0957,img_0957.png,naturaleza_y_bosques,ilustracion_plana_color,517,437,pradera florida con pinos,Wikimedia Commons,ernesto_guevara,233069c82c282c7dec26509ce1c4394afa23a144
ernesto_guevara_img_0958,img_0958.jpg,naturaleza_y_bosques,ilustracion_plana_color,297,169,bosque abierto con claros,Wikimedia Commons,ernesto_guevara,53c318d8cf1c572509958adba2fbb768a9d5324d
ernesto_guevara_img_0959,img_0959.png,naturaleza_y_bosques,ilustracion_plana_color,507,425,grupo de arboles verdes,Wikimedia Commons,ernesto_guevara,95b5ceec7db9218e9e098074673d51fbd8ae976d
ernesto_guevara_img_0960,img_0960.png,naturaleza_y_bosques,ilustracion_plana_color,426,287,bosque verde con niebla,Wikimedia Commons,ernesto_guevara,f3214ed7f5c23fae1ec0c73a6c241e818d5687a9
ernesto_guevara_img_0961,img_0961.jpg,naturaleza_y_bosques,ilustracion_plana_color,275,183,bosque de troncos delgados,Wikimedia Commons,ernesto_guevara,f65fd9bc0301b1859e589791c40bd6814ec41122
ernesto_guevara_img_0962,img_0962.jpg,naturaleza_y_bosques,ilustracion_plana_color,225,225,sendero junto colinas verdes,Wikimedia Commons,ernesto_guevara,cc9af8822bbb4d97834be3c88fa856dedc2e7d53
ernesto_guevara_img_0963,img_0963.png,naturaleza_y_bosques,ilustracion_plana_color,267,189,lago pequeño entre arboles,Wikimedia Commons,ernesto_guevara,9715e080853078ec038432ea9a9a744da89a25c3
ernesto_guevara_img_0964,img_0964.jpg,naturaleza_y_bosques,ilustracion_plana_color,281,180,bosque claro con niebla,Wikimedia Commons,ernesto_guevara,77485e86454f2f4803ce61db598ecfb96c1c09b6
ernesto_guevara_img_0965,img_0965.png,naturaleza_y_bosques,ilustracion_plana_color,542,445,bosque abierto con claros,Wikimedia Commons,ernesto_guevara,57d3ffe95c96fc15b1916091d7ba6d13f35615e7
ernesto_guevara_img_0966,img_0966.jpg,naturaleza_y_bosques,ilustracion_plana_color,316,160,pradera verde con arboles,Wikimedia Commons,ernesto_guevara,2b4c59e59a82f8bb6a372d320dc71f8a537e1a4b
ernesto_guevara_img_0967,img_0967.jpg,naturaleza_y_bosques,ilustracion_plana_color,312,162,colinas boscosas junto lago,Wikimedia Commons,ernesto_guevara,937a249de9ce0c6c9a642ee56cbb195177b90721
ernesto_guevara_img_0968,img_0968.png,naturaleza_y_bosques,ilustracion_plana_color,297,169,bosque abierto con claros,Wikimedia Commons,ernesto_guevara,80b29787091c5035b118ce4c2bc230bba5373c05
ernesto_guevara_img_0969,img_0969.png,naturaleza_y_bosques,ilustracion_plana_color,266,190,bosque encantado con niebla,Wikimedia Commons,ernesto_guevara,9d15e7a0a9375f2c7ffad41e4b5a8fd7d4de7c4e
ernesto_guevara_img_0970,img_0970.jpg,naturaleza_y_bosques,ilustracion_plana_color,183,275,bosque oscuro con sendero,Wikimedia Commons,ernesto_guevara,c0f15c431b7c62c355c4f980c6849e6faff2b54b
ernesto_guevara_img_0971,img_0971.png,naturaleza_y_bosques,ilustracion_plana_color,530,357,bosque luminoso entre arboles,Wikimedia Commons,ernesto_guevara,23e9fa2068e681873e81180336d5077930a18a22
ernesto_guevara_img_0972,img_0972.png,naturaleza_y_bosques,ilustracion_plana_color,520,350,pradera bordeada por bosque,Wikimedia Commons,ernesto_guevara,b6aaa359810e621186b393125fd2ef1cdc2ca398
ernesto_guevara_img_0973,img_0973.jpg,naturaleza_y_bosques,ilustracion_plana_color,304,166,lago nocturno entre arboles,Wikimedia Commons,ernesto_guevara,0ac0ac9cae308f611302f75761060a4c0790ab48
ernesto_guevara_img_0974,img_0974.png,naturaleza_y_bosques,ilustracion_plana_color,275,183,bosque verde con sendero,Wikimedia Commons,ernesto_guevara,05a93528049e0eaac7ccc79690609e78a390ab69
ernesto_guevara_img_0975,img_0975.jpg,naturaleza_y_bosques,ilustracion_plana_color,275,184,camino entre arboles frondosos,Wikimedia Commons,ernesto_guevara,5213777d755446201acec290fe49778554d89168
ernesto_guevara_img_0976,img_0976.jpg,naturaleza_y_bosques,ilustracion_plana_color,301,167,bosque iluminado por luna,Wikimedia Commons,ernesto_guevara,3e860fea2480ca91cfcbe516bb74586b10a7359a
ernesto_guevara_img_0977,img_0977.jpg,naturaleza_y_bosques,ilustracion_plana_color,300,168,lago tranquilo entre arboles,Wikimedia Commons,ernesto_guevara,c6f7398ca56d7dcd81c03d801dadc957b73fece0
ernesto_guevara_img_0978,img_0978.jpg,naturaleza_y_bosques,ilustracion_plana_color,300,168,bosque iluminado por rayos,Wikimedia Commons,ernesto_guevara,a36201fe8b984b05036f4b45b45aaf679f25dabf
ernesto_guevara_img_0979,img_0979.jpg,naturaleza_y_bosques,ilustracion_plana_color,290,174,bosque con niebla suave,Wikimedia Commons,ernesto_guevara,1b6116d1f6f974ee91130af1c0009ad3d4fe3ce7
ernesto_guevara_img_0980,img_0980.jpg,naturaleza_y_bosques,ilustracion_plana_color,275,183,bosque denso junto lago,Wikimedia Commons,ernesto_guevara,215ea847a196a15ad7ff1e3e1837eb9750b9e7f4
ernesto_guevara_img_0981,img_0981.png,naturaleza_y_bosques,ilustracion_plana_color,293,167,pradera con arboles dispersos,Wikimedia Commons,ernesto_guevara,359a7342eeb185983d9b776cb9542e56a8d580eb
ernesto_guevara_img_0982,img_0982.png,naturaleza_y_bosques,ilustracion_plana_color,278,186,valle verde con pinos,Wikimedia Commons,ernesto_guevara,53782b0f79994926cb17abbf2065ad9f8781845c
ernesto_guevara_img_0983,img_0983.jpg,naturaleza_y_bosques,ilustracion_plana_color,300,168,bosque iluminado al amanecer,Wikimedia Commons,ernesto_guevara,b5c16174dfaff1192daf9224cb4a15f7e6aea68b
ernesto_guevara_img_0984,img_0984.jpg,naturaleza_y_bosques,ilustracion_plana_color,272,185,bosque azul junto lago,Wikimedia Commons,ernesto_guevara,dfa381f37d97108e37f245e230f58e1501e2efba
ernesto_guevara_img_0985,img_0985.jpg,naturaleza_y_bosques,ilustracion_plana_color,300,168,bosque magico iluminado,Wikimedia Commons,ernesto_guevara,c967bc1ceed42848e663d5ad3c2490dc2d9acbc5
ernesto_guevara_img_0986,img_0986.jpg,naturaleza_y_bosques,ilustracion_plana_color,300,168,valle boscoso con sendero,Wikimedia Commons,ernesto_guevara,b0d2e01f3810e888b486de5fe3f5807638aeffd5
ernesto_guevara_img_0987,img_0987.jpg,naturaleza_y_bosques,ilustracion_plana_color,299,168,pradera verde con arboles,Wikimedia Commons,ernesto_guevara,958e1c519e40c7f66be98f95cd3566d507ee2310
ernesto_guevara_img_0988,img_0988.jpg,naturaleza_y_bosques,ilustracion_plana_color,297,170,camino florido entre colinas,Wikimedia Commons,ernesto_guevara,6bd9dc91a0e93038f9a022677159734c6822249f
ernesto_guevara_img_0989,img_0989.jpg,naturaleza_y_bosques,ilustracion_plana_color,300,168,bosque iluminado por sol,Wikimedia Commons,ernesto_guevara,6a0304c0320260f508ac2d7e7fdd0b4e891855c8
ernesto_guevara_img_0990,img_0990.jpg,naturaleza_y_bosques,ilustracion_plana_color,300,168,bosque nocturno con cabaña,Wikimedia Commons,ernesto_guevara,7cbf22a36b33470886601e82481fdbe2f1dd845b
ernesto_guevara_img_0991,img_0991.jpg,naturaleza_y_bosques,ilustracion_plana_color,297,170,bosque luminoso entre arboles,Wikimedia Commons,ernesto_guevara,ad06eed98b00fcaa5e258b5fe5a9a89fd5a2b2fb
ernesto_guevara_img_0992,img_0992.png,naturaleza_y_bosques,ilustracion_plana_color,298,163,pradera rodeada de arboles,Wikimedia Commons,ernesto_guevara,9382a7284d8396ddb2f55a25a163cae334bf6f28
ernesto_guevara_img_0993,img_0993.png,naturaleza_y_bosques,ilustracion_plana_color,357,142,bosque iluminado por rayos,Wikimedia Commons,ernesto_guevara,be14e001cbb522566708f2d88454131b3ecbf7dd
ernesto_guevara_img_0994,img_0994.jpg,naturaleza_y_bosques,ilustracion_plana_color,299,168,bosque fantastico con hongos,Wikimedia Commons,ernesto_guevara,b022eccf06f2170ce4ce113544301e03e08766ae
ernesto_guevara_img_0995,img_0995.png,naturaleza_y_bosques,ilustracion_plana_color,203,247,sendero entre pinos altos,Wikimedia Commons,ernesto_guevara,e1d364a0821d6c7dbb0d80df0db237c3c7e5e402
ernesto_guevara_img_0996,img_0996.jpg,naturaleza_y_bosques,ilustracion_plana_color,251,201,claro soleado entre arboles,Wikimedia Commons,ernesto_guevara,e437ede18bed64af61336cd4127f25d3bb0d4aff
ernesto_guevara_img_0997,img_0997.jpg,naturaleza_y_bosques,ilustracion_plana_color,300,168,bosque colorido con sendero,Wikimedia Commons,ernesto_guevara,dcf4a6ac3011fca163a8c6b2266ae6a5369a2cd8
ernesto_guevara_img_0998,img_0998.png,naturaleza_y_bosques,ilustracion_plana_color,267,185,sendero entre pinos altos,Wikimedia Commons,ernesto_guevara,4bf90bcb7d50f87ffe98770c9adc767320a04ad8
ernesto_guevara_img_0999,img_0999.png,naturaleza_y_bosques,ilustracion_plana_color,282,181,bosque de troncos altos,Wikimedia Commons,ernesto_guevara,909275660c732f82ca38a17525c8ecf627058dd1
ernesto_guevara_img_1000,img_1000.png,naturaleza_y_bosques,ilustracion_plana_color,267,191,bosque luminoso con niebla,Wikimedia Commons,ernesto_guevara,4b99c262e51f5a15be0b064e328899df2190f7ec
