id,archivo,tematica,estilo,ancho,alto,descripcion,fuente,recolector,hash_imagen
cesar_munguia_img_0001,pixabay_159359_caveman_primitive_person_cartoon_primitive_man_pri.png,dinosaurios_y_prehistoria,ilustracion_plana_color,1128,1280,"cavernícola, persona primitiva, dibujos animados, hombre primitivo, hombre, persona",Pixabay,cesar_munguia,327a634d0e1570bcf69f824a63c78bfd8803859a
cesar_munguia_img_0002,pixabay_2285922_caveman_cartoon_man_caveman_caveman_caveman_cavema.jpg,dinosaurios_y_prehistoria,ilustracion_plana_color,1103,1280,"cavernícola, dibujos animados, hombre",Pixabay,cesar_munguia,ad0c70800e75090965f5f88bc0f821346a4e5ebc
cesar_munguia_img_0003,pixabay_9299778_man_tribe_caveman_drawing_art_cartoon_cutout.png,dinosaurios_y_prehistoria,ilustracion_plana_color,399,1280,"hombre, tribu, cavernícola, dibujo, arte, dibujos animados, recorte",Pixabay,cesar_munguia,60bc64a61a07d01fa57c535537a603d9ff826f25
cesar_munguia_img_0004,pixabay_9299761_man_tribe_caveman_drawing_art_cartoon_cutout.png,dinosaurios_y_prehistoria,ilustracion_plana_color,399,1280,"hombre, tribu, cavernícola, dibujo, arte, dibujos animados, recorte",Pixabay,cesar_munguia,4fc2a8ae554d504bf7d0c849f9e2ab259ddfe96e
cesar_munguia_img_0005,pixabay_1300138_animal_baby_boy_cartoon_caveman_comic_dad_family_f.png,dinosaurios_y_prehistoria,ilustracion_plana_color,1280,903,"animal, bebé, niño, dibujos animados, cavernícola, cómic, papá",Pixabay,cesar_munguia,b4445397a8ab3f4c40b66e1953c7682e43ed72f4
cesar_munguia_img_0006,pixabay_1460898_caveman_cave_man_primitive_bone_nose_big_head_hair.png,dinosaurios_y_prehistoria,ilustracion_plana_color,1123,1280,"cavernícola, cueva, hombre, primitivo, hueso, nariz, cabeza grande",Pixabay,cesar_munguia,063a832ac8e0b8ef23b9bc5f7d8b38d01b78ade3
cesar_munguia_img_0007,pixabay_159964_caveman_beard_man_primitive_thinking_club_caveman.png,dinosaurios_y_prehistoria,ilustracion_plana_color,660,1280,"cavernícola, barba, hombre, primitivo, pensando, club",Pixabay,cesar_munguia,2b79433cdb16adec4675ba1643d3a16c67213c03
cesar_munguia_img_0008,pixabay_982855_primitive_man_prehistory_vector_club_merry_caveman.png,dinosaurios_y_prehistoria,ilustracion_plana_color,1230,1280,"hombre primitivo, prehistoria, vectores, club, alegres, cavernícola",Pixabay,cesar_munguia,beba63466b9ddc4d1d18d1ad670613d6405bfcc4
cesar_munguia_img_0009,pixabay_4462628_stone_age_caveman_primitive_neanderthal_prehistori.png,dinosaurios_y_prehistoria,ilustracion_plana_color,1280,1008,"edad de piedra, cavernícola, primitivo, neandertal, prehistórico, humano, piedra",Pixabay,cesar_munguia,e9d1e3acd902982a69e9e9ea0c67260f6b3ca419
cesar_munguia_img_0010,pixabay_9601439_character_man_cro-magnon_prehistory_fur_neandertha.png,dinosaurios_y_prehistoria,ilustracion_plana_color,725,1280,"personaje, hombre, cromagnon, prehistoria, pelaje, neandertal, club",Pixabay,cesar_munguia,ae795fbd2d9499723a6d0f149a74695532f9ba77
cesar_munguia_img_0011,pixabay_884347_axe_primitive_paleolithic_wooden_flint_antler_preh.png,dinosaurios_y_prehistoria,ilustracion_plana_color,1000,1280,"hacha, primitivo, paleolítico, de madera, pedernal, cuerno, prehistórico",Pixabay,cesar_munguia,e7c150cf7e6bc4e2959abe3295117024510cabfb
cesar_munguia_img_0012,pixabay_296400_evolution_monkey_man_transition_neanderthaler_nean.png,dinosaurios_y_prehistoria,ilustracion_plana_color,1280,872,"evolución, hombre, moño, neandertal, transición, vertical",Pixabay,cesar_munguia,7d61391e38f97199edf91aea2baafcecdd799ae8
cesar_munguia_img_0013,pixabay_1858994_stone_rock_boulder_caveman_prehistoric_neanderthal.png,dinosaurios_y_prehistoria,ilustracion_plana_color,791,1280,"piedra, rock, roca, cavernícola, prehistórico, neandertal, fuerza",Pixabay,cesar_munguia,cf289d78734dd67619a6d08af27bda96c864a69f
cesar_munguia_img_0014,pixabay_1855581_boulder_caveman_rock_stone_strength_prehistoric_he.png,dinosaurios_y_prehistoria,ilustracion_plana_color,1280,1004,"roca, cavernícola, rock, piedra, fuerza, prehistórico, pesado",Pixabay,cesar_munguia,e3a3dd40cc17ecf000e0a42628585bd8745536ff
cesar_munguia_img_0015,pixabay_3167206_cave_stone_rock_fern_paleozoic_era_entrance_prehis.png,dinosaurios_y_prehistoria,ilustracion_plana_color,1280,1142,"cueva, piedra, roca, helecho, era paleozoica, entrada, prehistórico",Pixabay,cesar_munguia,e4bd727cc7f8c101ca4f16e66a5524e8f5134fb4
cesar_munguia_img_0016,pixabay_5657080_axe_stone_tool_hammer_age_prehistoric_ancient_educ.png,dinosaurios_y_prehistoria,ilustracion_plana_color,1280,1280,"hacha, piedra, herramienta, martillo, años, prehistórico, antigua",Pixabay,cesar_munguia,50c944500802f89dfec3f5a23a0b2857fcbe0a83
cesar_munguia_img_0017,pixabay_1296813_africa_bushman_cave_hunter_man_painting_africa_afr.png,dinosaurios_y_prehistoria,ilustracion_plana_color,1251,1280,"áfrica, bosquimano, cavernícola, cazador, hombre, pintura",Pixabay,cesar_munguia,2f82432b4a099e687cc34e755ebf473fa6d6ad74
cesar_munguia_img_0018,pixabay_37485_archaeopteryx_bird_prehistoric_extinct_evolution_f.png,dinosaurios_y_prehistoria,ilustracion_plana_color,1280,1237,"archaeopteryx, pájaro, prehistórico, extinto, evolución, fósil, gigantesco",Pixabay,cesar_munguia,577c1547b297931a2e9e14a962063a49e5071139
cesar_munguia_img_0019,pixabay_2882535_cave_girl_cave_man_run_chase_club_caveman_romance.png,dinosaurios_y_prehistoria,ilustracion_plana_color,1280,1155,"chica de las cavernas, hombre de las cavernas, correr, persecución, club, cavernícola, romance",Pixabay,cesar_munguia,7a2f5250c91f72724ecc1f0cbf23e1b64373b377
cesar_munguia_img_0020,pixabay_4373602_dinosaur_history_prehistoric_extinct_paleontology.png,dinosaurios_y_prehistoria,ilustracion_plana_color,1280,1044,"dinosaurio, historia, prehistórico, extinto, paleontología, playa, depredador",Pixabay,cesar_munguia,eef895ec211494cf196128ae0c700c290d7498ce
cesar_munguia_img_0021,pixabay_7154266_dinosaur_monster_prehistory_prehistoric_animal_dra.png,dinosaurios_y_prehistoria,ilustracion_plana_color,1134,1280,"dinosaurio, monstruo, prehistoria, animal prehistórico, dibujo, braquiosaurio, dinosaurios",Pixabay,cesar_munguia,09063f2dfd89c87134663c52360facce7356b624
cesar_munguia_img_0022,pixabay_24752_stegosaurus_dinosaur_ancient_extinct_prehistoric_r.png,dinosaurios_y_prehistoria,ilustracion_plana_color,1280,793,"estegosaurio, dinosaurio, antiguo, extinto, prehistórico, reptil, paleontología",Pixabay,cesar_munguia,3c4a016937ff5b4076dc01e0fd7a8379fd7767a2
cesar_munguia_img_0023,pixabay_149157_caveman_axe_history_torch_caveman_caveman_caveman.png,dinosaurios_y_prehistoria,ilustracion_plana_color,640,1280,"cavernícola, hacha, historia, antorcha",Pixabay,cesar_munguia,b49c1318f69b39872e92fbe3f10c7c8936f354ed
cesar_munguia_img_0024,pixabay_29353_caveman_canine_primitive_man_hairy_head_face_cavem.png,dinosaurios_y_prehistoria,ilustracion_plana_color,1162,1280,"cavernícola, canino, primitivo, hombre, peludo, cabeza, cara",Pixabay,cesar_munguia,3acef7bed0b38beb1dcd19b95785118e83cdde45
cesar_munguia_img_0025,pixabay_2154260_vector_the_forests_person_caveman_nature_caveman_c.png,dinosaurios_y_prehistoria,ilustracion_plana_color,1280,750,"vectores, los bosques, persona, cavernícola, naturaleza",Pixabay,cesar_munguia,93526d7c275e07187f4f07b500c53c24392fce08
cesar_munguia_img_0026,pixabay_1299045_archer_archery_arrow_bow_hunt_hunting_people_sport.png,dinosaurios_y_prehistoria,ilustracion_plana_color,1280,1058,"arquero, tiro al arco, flecha, arco, cazar, caza, gente",Pixabay,cesar_munguia,6cf11b1b411a2186af2264ef81a652bf43904fad
cesar_munguia_img_0027,pixabay_5666127_dinosaur_cartoon_dino_animal_prehistoric_cute_exti.png,dinosaurios_y_prehistoria,ilustracion_plana_color,1280,1280,"dinosaurio, dibujos animados, dino, animal, prehistórico, linda, extinto",Pixabay,cesar_munguia,5eca6b637892085f6209d43dd113f779d825a1a3
cesar_munguia_img_0028,pixabay_44870_food_bird_fish_mouth_wings_dinosaur_eat_nature_anc.png,dinosaurios_y_prehistoria,ilustracion_plana_color,1280,734,"comida, pájaro, pez, boca, alas, dinosaurio, comer",Pixabay,cesar_munguia,7be8e014ce1103ff7cf0d55443bbc22274315c7c
cesar_munguia_img_0029,pixabay_7292360_triceratops_dinosaur_cartoon_angry_nature_jurassic.png,dinosaurios_y_prehistoria,ilustracion_plana_color,1280,640,"triceratops, dinosaurio, dibujos animados, enojado, naturaleza, jurásico, prehistórico",Pixabay,cesar_munguia,915b46a6cfd20de05cb4a3baad2851c28316b699
cesar_munguia_img_0030,pixabay_9336188_dinosaurs_evolution_extinct_dino_paleontology_preh.png,dinosaurios_y_prehistoria,ilustracion_plana_color,1280,1162,"dinosaurios, evolución, extinto, dino, paleontología, prehistórico, historia",Pixabay,cesar_munguia,999ff7a5cba3ca938f04854697aafc1c6337998d
cesar_munguia_img_0031,pixabay_30678_stegosaurus_dinosaur_nature_spikes_prehistoric_liz.png,dinosaurios_y_prehistoria,ilustracion_plana_color,1280,670,"estegosaurio, dinosaurio, naturaleza, zapatillas con clavos, prehistórico, lagarto, animal",Pixabay,cesar_munguia,5c00c0992e8a131545aaa9aa7f8d50a05eb7b5c4
cesar_munguia_img_0032,pixabay_1296811_africa_bushman_cave_hunter_man_painting_africa_bus.png,dinosaurios_y_prehistoria,ilustracion_plana_color,1280,833,"áfrica, bosquimano, cavernícola, cazador, hombre, pintura",Pixabay,cesar_munguia,33f3351ddf1b2496d8312f43c6d354aa0eaea40b
cesar_munguia_img_0033,pixabay_1296812_africa_bushman_cave_hunter_man_painting_africa_afr.png,dinosaurios_y_prehistoria,ilustracion_plana_color,1280,872,"áfrica, bosquimano, cavernícola, cazador, hombre, pintura",Pixabay,cesar_munguia,a23c93adaac1810bad69af498bc0f5a64b113acf
cesar_munguia_img_0034,pixabay_6325559_cave_painting_rock_face_stone_people_silhouettes_p.jpg,dinosaurios_y_prehistoria,ilustracion_plana_color,1280,853,"pintura rupestre, pared de roca, piedra, gente, siluetas, tiempos primitivos, grupo",Pixabay,cesar_munguia,e7bacf51f03799a2915176af03a486ed4ac67880
cesar_munguia_img_0035,pixabay_153353_mastodon_mammoth_nature_pachyderm_prehistoric_anim.png,dinosaurios_y_prehistoria,ilustracion_plana_color,1280,1081,"mastodonte, mamut, naturaleza, paquidermo, prehistórico, animal, extinto",Pixabay,cesar_munguia,c8cb71dc08d2fee18fafcdaecaf0454ae6e88343
cesar_munguia_img_0036,pixabay_307592_fire_campfire_burning_flames_wood_bonfire_hot_fire.png,dinosaurios_y_prehistoria,ilustracion_plana_color,1091,1280,"fuego, hoguera, ardiente, llamas, madera, caliente",Pixabay,cesar_munguia,de60cdae771082cc6326a86134d441c2b920f708
cesar_munguia_img_0037,pixabay_1418308_stegosaurus_dinosaur_toy_rubber_toy_rubber_dinosau.png,dinosaurios_y_prehistoria,ilustracion_plana_color,1280,640,"estegosaurio, dinosaurio, juguete, juguete de goma, dinosaurio de goma, prehistórico, clipart",Pixabay,cesar_munguia,92b95083f48f66381d10f48ab8a39ee7ed9a6207
cesar_munguia_img_0038,pixabay_3419891_clipart_primitive_human_simplified_early_stage_his.png,dinosaurios_y_prehistoria,ilustracion_plana_color,1280,873,"clipart, primitivo, humano, simplificado, etapa temprana, histórico, viejo tiempo",Pixabay,cesar_munguia,5a1181b65bb91bf7a45c096e34dd93061c827fa9
cesar_munguia_img_0039,pixabay_153860_petroglyph_arizona_ancient_human_person_primitive.png,dinosaurios_y_prehistoria,ilustracion_plana_color,1078,1280,"petroglifo, arizona, antiguo, humano, persona, primitivo, espiral",Pixabay,cesar_munguia,cf174a720b811029a6a716efa969979013c72008
cesar_munguia_img_0040,pixabay_153862_petroglyph_arizona_ancient_human_person_primitive.png,dinosaurios_y_prehistoria,ilustracion_plana_color,1280,1271,"petroglifo, arizona, antiguo, humano, persona, primitivo, tribal",Pixabay,cesar_munguia,f77c83232556fa53d2938f41dfa75980e84a6545
cesar_munguia_img_0041,pixabay_153946_petroglyph_ancient_human_person_primitive_tribal_p.png,dinosaurios_y_prehistoria,ilustracion_plana_color,1280,1222,"petroglifo, antiguo, humano, persona, primitivo, tribal",Pixabay,cesar_munguia,64bc27736c534440c8b5a528546fc74b288afdf8
cesar_munguia_img_0042,pixabay_153906_human_neolithic_sahara_ancient_person_primitive_tr.png,dinosaurios_y_prehistoria,ilustracion_plana_color,766,1280,"humano, neolítico, sahara, antiguo, persona, primitivo, tribal",Pixabay,cesar_munguia,509511fc8730b410d41487eba2d2191e792e64cc
cesar_munguia_img_0043,pixabay_153947_petroglyph_ancient_human_person_primitive_tribal_p.png,dinosaurios_y_prehistoria,ilustracion_plana_color,1189,1280,"petroglifo, antiguo, humano, persona, primitivo, tribal",Pixabay,cesar_munguia,ad60d88e5978447c5c9ba50e25a0638d3a8ab66f
cesar_munguia_img_0044,pixabay_153627_cowboy_iberia_petroglyph_spain_ancient_human_perso.png,dinosaurios_y_prehistoria,ilustracion_plana_color,1280,919,"vaquero, iberia, petroglifo, españa, antigua, humano, persona",Pixabay,cesar_munguia,01c6e866f92f030b336b3da66b6a33bf7b39fd20
cesar_munguia_img_0045,pixabay_5037215_axe_tribal_tool_hatchet_prehistoric_ancient_human.png,dinosaurios_y_prehistoria,ilustracion_plana_color,1280,1280,"hacha, tribal, herramienta, prehistórico, antiguo, humano",Pixabay,cesar_munguia,da73bef65242de78ce4c328910f2bf2e26eedd2a
cesar_munguia_img_0046,pixabay_154063_petroglyph_utah_ancient_human_person_primitive_tri.png,dinosaurios_y_prehistoria,ilustracion_plana_color,1280,1203,"petroglifo, utah, antiguo, humano, persona, primitivo, tribal",Pixabay,cesar_munguia,bc43aa3cf9aa52012039de8a9f687830771e1526
cesar_munguia_img_0047,pixabay_153630_hatchet_prehistoric_axe_iberia_petroglyph_spain_an.png,dinosaurios_y_prehistoria,ilustracion_plana_color,640,1280,"hacha, prehistórico, iberia, petroglifo, españa, antiguo",Pixabay,cesar_munguia,95084662ac3e0a7f1dd71f8b09fab7c9a6b9fcb6
cesar_munguia_img_0048,pixabay_1385543_stone_age_club_fire_volcano_dinosaur_kids_poster_f.jpg,dinosaurios_y_prehistoria,ilustracion_plana_color,840,1280,"edad de piedra, club, fuego, volcán, dinosaurio, niños, póster",Pixabay,cesar_munguia,195280e14dfc269fb489262e2aca773b64f2b4fe
cesar_munguia_img_0049,pixabay_5657060_man_rock_painting_fire_bushmen_draw_stone_age_preh.png,dinosaurios_y_prehistoria,ilustracion_plana_color,1262,1280,"hombre, roca, pintura, fuego, bosquimanos, dibujar, piedra",Pixabay,cesar_munguia,ade8de4d02a7f20e8c1ac9cc8cf9abd116b636d1
cesar_munguia_img_0050,pixabay_7218874_egg_dinosaur_dinosaur_egg_nature_green_animal_exti.png,dinosaurios_y_prehistoria,ilustracion_plana_color,961,1280,"huevo, dinosaurio, huevo de dinosaurio, naturaleza, verde, animal, extinto",Pixabay,cesar_munguia,8b1f5429934177e49e7e9ad395da406bec7d9f07
cesar_munguia_img_0051,pixabay_4372399_dinosaur_toy_nature_cute_extinct_dino_animal_repti.png,dinosaurios_y_prehistoria,ilustracion_plana_color,803,1280,"dinosaurio, juguete, naturaleza, lindo, extinto, dino, animal",Pixabay,cesar_munguia,d3c96d0d1a2d0d48cc6ba00d3329662da50b384d
cesar_munguia_img_0052,pixabay_8731674_animal_dinosaur_nature_hatching_art_reptile_wildli.jpg,dinosaurios_y_prehistoria,ilustracion_plana_color,1265,1280,"animal, dinosaurio, naturaleza, eclosión, arte, reptil, vida silvestre",Pixabay,cesar_munguia,d21833db50e39ebf65d4c469d528046fba15b0ae
cesar_munguia_img_0053,pixabay_9605601_prehistoric_dinosaur_dino_funny_predator_nature_ex.png,dinosaurios_y_prehistoria,ilustracion_plana_color,1015,1280,"prehistórico, dinosaurio, dino, gracioso, depredador, naturaleza, exposición",Pixabay,cesar_munguia,df50b61bc78f270fe137bd9a97bdfa3fe52b976d
cesar_munguia_img_0054,pixabay_44872_eggs_dinosaur_mother_laying_prehistoric_lizard_din.png,dinosaurios_y_prehistoria,ilustracion_plana_color,1280,735,"huevos, dinosaurio, madre, tendido, prehistórico, lagarto",Pixabay,cesar_munguia,994688c854952821f583996dd31025c813dadf9d
cesar_munguia_img_0055,pixabay_7479721_egg_dinosaur_egg_dinosaur_green_fossil_prehistoric.png,dinosaurios_y_prehistoria,ilustracion_plana_color,1280,720,"huevo, huevo de dinosaurio, dinosaurio, verde, fósil, prehistórico, dino",Pixabay,cesar_munguia,15ca600c85f7c87ef9a2c5da4a712320da98aac7
cesar_munguia_img_0056,pixabay_6825094_dinosaur_cartoon_dinosaur_cartoon_animal_dinosaur.png,dinosaurios_y_prehistoria,ilustracion_plana_color,1280,1280,"dinosaurio, dinosaurio de dibujos animados, animal de dibujos animados",Pixabay,cesar_munguia,f9b81c177648ea85915747831d6fbad914ce5b76
cesar_munguia_img_0057,pixabay_2660823_eggs_nest_egg_nest_egg_savings_finance_retirement.png,dinosaurios_y_prehistoria,ilustracion_plana_color,1280,529,"huevos, nido, huevo, ahorros, finanzas, jubilación",Pixabay,cesar_munguia,e55cc83cefd4163837e2eaf4746cd8b5014655e0
cesar_munguia_img_0058,pixabay_8032893_watercolor_egg_green_cute_baby_funny_dinosaur_cuto.png,dinosaurios_y_prehistoria,ilustracion_plana_color,1280,1280,"acuarela, huevo, verdes, lindas, bebé, graciosas, dinosaurio",Pixabay,cesar_munguia,15258f1691c918bc82cf86c696165a1f44fb8787
cesar_munguia_img_0059,pixabay_47293_booby_seabird_waterfowl_sula_gannets_nest_nesting.png,dinosaurios_y_prehistoria,ilustracion_plana_color,1280,795,"bobo, ave marina, aves acuáticas, sula, alcatraces, nido, anidación",Pixabay,cesar_munguia,5f220f504d12a731c9f8e4cb68d9fde7c574088c
cesar_munguia_img_0060,pixabay_2971677_egg_dinosaur_chick_toddler_coloring_book_without_b.png,dinosaurios_y_prehistoria,ilustracion_plana_color,1280,699,"huevo, dinosaurio, polluelo, niñito, libro de colorear, sin fondo, gad",Pixabay,cesar_munguia,ce5afbe31149e62ff916a89c1cd25a4478be1460
cesar_munguia_img_0061,pixabay_4116247_graphic_chick_smiley_easter_egg_chick_in_easter_eg.png,dinosaurios_y_prehistoria,ilustracion_plana_color,1099,1280,"gráfico, pollito sonriente, huevo de pascua, polluelo en huevo de pascua, naturaleza, cáscara de huevo, huevo para incubar",Pixabay,cesar_munguia,5b0c092c8b803dae70f5753620ddf2417df806c3
cesar_munguia_img_0062,pixabay_4372389_dinosaur_toy_nature_cute_extinct_dino_animal_repti.png,dinosaurios_y_prehistoria,ilustracion_plana_color,1280,904,"dinosaurio, juguete, naturaleza, lindo, extinto, dino, animal",Pixabay,cesar_munguia,a7d6701ca64cb745f2542a443d1daee098e88ad1
cesar_munguia_img_0063,pixabay_6779256_watercolor_dinosaur_dino_balloon_pink_doodle_monst.png,dinosaurios_y_prehistoria,ilustracion_plana_color,1280,1225,"acuarela, dinosaurio, dino, globo, rosas, garabatos, monstruos",Pixabay,cesar_munguia,ab88c9f0170c9be2cdb6cc1cb278e70fd295df40
cesar_munguia_img_0064,pixabay_4372388_dinosaur_toy_cute_extinct_dino_animal_reptile_chil.png,dinosaurios_y_prehistoria,ilustracion_plana_color,905,1280,"dinosaurio, juguete, lindo, extinto, dino, animal, reptil",Pixabay,cesar_munguia,70a56e9b7a6165de7266390f0a0c03469a9429af
cesar_munguia_img_0065,pixabay_4372381_dinosaur_toy_cute_extinct_dino_animal_reptile_chil.png,dinosaurios_y_prehistoria,ilustracion_plana_color,1280,904,"dinosaurio, juguete, lindo, extinto, dino, animal, reptil",Pixabay,cesar_munguia,f1cbda6f138f0d9fad02596a2b619acff0332942
cesar_munguia_img_0066,pixabay_37796_dinosaur_triceratops_brontosaurus_cartoons_extinct.png,dinosaurios_y_prehistoria,ilustracion_plana_color,1183,1280,"dinosaurio, triceratops, brontosaurio, dibujos animados, extinto, cabeza, bebé",Pixabay,cesar_munguia,52eceadf8070eca369f26caa292121374ecefb35
cesar_munguia_img_0067,pixabay_4372383_dinosaur_toy_cute_extinct_dino_animal_reptile_chil.png,dinosaurios_y_prehistoria,ilustracion_plana_color,1280,904,"dinosaurio, juguete, lindo, extinto, dino, animal, reptil",Pixabay,cesar_munguia,554179bf5126dc7302264a6b142d0649564af86b
cesar_munguia_img_0068,pixabay_4372390_dinosaur_toy_nature_cute_extinct_dino_animal_repti.png,dinosaurios_y_prehistoria,ilustracion_plana_color,715,1280,"dinosaurio, juguete, naturaleza, lindo, extinto, dino, animal",Pixabay,cesar_munguia,576cd4ba298b07f602f3cfc98ee6e78885c4a6c4
cesar_munguia_img_0069,pixabay_4372384_dinosaur_toy_cute_extinct_dino_animal_reptile_chil.png,dinosaurios_y_prehistoria,ilustracion_plana_color,1280,904,"dinosaurio, juguete, lindo, extinto, dino, animal, reptil",Pixabay,cesar_munguia,4e3de5224ec55c63d55c854235a983f9181f6e74
cesar_munguia_img_0070,pixabay_45673_baby_grass_egg_dinosaur_nature_shell.png,dinosaurios_y_prehistoria,ilustracion_plana_color,933,1280,"bebé, hierba, huevo, dinosaurio, naturaleza, cáscara",Pixabay,cesar_munguia,7b4598bdfd8d303f542b8cabf94c4cdafbc586eb
cesar_munguia_img_0071,pixabay_4912419_creativity_thinking_painting_children_toys_dinosau.jpg,dinosaurios_y_prehistoria,ilustracion_plana_color,720,1280,"creatividad, pensamiento, pintura, niños, juguetes, dinosaurios, huevos",Pixabay,cesar_munguia,ab7499e7b49204cfa414babd031e0be93e6878dd
cesar_munguia_img_0072,pixabay_1416937_dinosaur_toy_rubber_dinosaur_clipart_dinosaur_dino.png,dinosaurios_y_prehistoria,ilustracion_plana_color,1280,640,"dinosaurio, juguete, dinosaurio de goma, clipart",Pixabay,cesar_munguia,78b192d206a62a1edaa6e7f149be8826f5996387
cesar_munguia_img_0073,pixabay_7623461_t-rex_dinosaur_butterfly_cartoon_cute_dinosaur_din.jpg,dinosaurios_y_prehistoria,ilustracion_plana_color,624,1280,"tirano saurio rex, dinosaurio, mariposa, dibujos animados, linda",Pixabay,cesar_munguia,c0ffc458989f56863ccfe2a532c494b80573f1a0
cesar_munguia_img_0074,pixabay_7419926_cartoon_cartoon_dinosaur_animal_cute_dinosaur_dino.png,dinosaurios_y_prehistoria,ilustracion_plana_color,1280,1280,"dibujos animados, dinosaurio de dibujos animados, animal, lindo dinosaurio, dino, arte, naturaleza",Pixabay,cesar_munguia,26f7d20c0061c4f10fcdce4b0fd91208901affd3
cesar_munguia_img_0075,pixabay_6579584_dinosaur_dragon_drawing_cute_cartoon_childhood_fun.png,dinosaurios_y_prehistoria,ilustracion_plana_color,1280,1280,"dinosaurio, continuar, dibujo, lindo, dibujos animados, infancia, gracioso",Pixabay,cesar_munguia,0896210c97a18a6cc88b98c0dbb23b4f5691bee9
cesar_munguia_img_0076,pixabay_149327_dinosaur_dragon_jurassic_head_cartoon_cute_green_c.png,dinosaurios_y_prehistoria,ilustracion_plana_color,1280,1126,"dinosaurio, dragones, jurásico, cabeza, dibujos animados, lindas, dibujos animados verdes",Pixabay,cesar_munguia,d63009738f06ed93c799338aca29de2a83b6857d
cesar_munguia_img_0077,pixabay_7670051_dinosaur_nursery_design_background_small_theme_dra.jpg,dinosaurios_y_prehistoria,ilustracion_plana_color,1280,1280,"dinosaurio, vivero, diseño, fondo, pequeña, tema, dibujo",Pixabay,cesar_munguia,20a36242c212ee6ff50cd60119717caae277df31
cesar_munguia_img_0078,pixabay_35028_egg_broken_shell_white_protein_boiled_cracked_crac.png,dinosaurios_y_prehistoria,ilustracion_plana_color,934,1280,"huevo, roto, cáscara, blanco, proteína, hervido, agrietado",Pixabay,cesar_munguia,54c43ca90815b254ed203d8fc48c412c68346dff
cesar_munguia_img_0079,pixabay_4642443_egg_cracks_eggshell_fragile_easter_cracked_chicken.png,dinosaurios_y_prehistoria,ilustracion_plana_color,1280,1280,"huevo, grietas, cáscara de huevo, frágil, pascua, agrietado, pollo",Pixabay,cesar_munguia,642c29da84ebf55632a123c3ec9d4c8c69c18837
cesar_munguia_img_0080,pixabay_1662959_mushrooms_fungi_cartoon_toadstools_nature_cut_out.png,dinosaurios_y_prehistoria,ilustracion_plana_color,1181,1280,"hongos, dibujos animados, hongos venenosos, naturaleza, separar",Pixabay,cesar_munguia,9bf3636e4a7e9fd8a008a7825a377dd4fc96aadd
cesar_munguia_img_0081,pixabay_9195653_plesiosaurus_prehistoric_nature_extinct_creature_a.png,dinosaurios_y_prehistoria,ilustracion_plana_color,1280,771,"plesiosaurio, prehistórico, naturaleza, extinto, criatura, animal, acuático",Pixabay,cesar_munguia,da83a532f114da404faf3e9d4a3c3aeaabd8c79e
cesar_munguia_img_0082,pixabay_2145656_sketch_shell_sea_water_ocean_crustacean_pattern_dr.jpg,dinosaurios_y_prehistoria,ilustracion_plana_color,1280,1015,"bosquejo, cáscara, mar, agua, océano, crustáceo, modelo",Pixabay,cesar_munguia,59baa7ee4d4cebf24aa43c1c144cc36736ee7316
cesar_munguia_img_0083,pixabay_161292_fossil_nature_animal_biology_cephalopoda_contour_e.png,dinosaurios_y_prehistoria,ilustracion_plana_color,1280,1153,"fósil, naturaleza, animal, biología, cefalópodos, contorno, evolución",Pixabay,cesar_munguia,f0209e85b6e0413c40ee04961d33b6f0b6f0c414
cesar_munguia_img_0084,pixabay_1296604_extinct_fossil_invertebrate_fossil_fossil_fossil_f.png,dinosaurios_y_prehistoria,ilustracion_plana_color,1044,1280,"extinto, fósil, invertebrado",Pixabay,cesar_munguia,a8f3926660a4747be934ab091544b765b10faa30
cesar_munguia_img_0085,pixabay_34988_fossil_trilobite_animal_extinct_nature_species_pal.png,dinosaurios_y_prehistoria,ilustracion_plana_color,935,1280,"fósil, trilobites, animal, extinto, naturaleza, especies, paleontología",Pixabay,cesar_munguia,b0af3ccfa82d5949db5a6eb60a78f5c065a55e0e
cesar_munguia_img_0086,pixabay_33555_trilobite_fossil_animal_prehistoric_paleontology_n.png,dinosaurios_y_prehistoria,ilustracion_plana_color,741,1280,"trilobites, fósil, animal, prehistórico, paleontología, naturaleza, fosilizado",Pixabay,cesar_munguia,5dfed5ea03d2d4a60a5b1fc58c426f25abe26707
cesar_munguia_img_0087,pixabay_34989_fossil_trilobite_creature_imprint_extinct_paleonto.png,dinosaurios_y_prehistoria,ilustracion_plana_color,869,1280,"fósil, trilobites, criatura, huella, extinto, paleontología, fosilizado",Pixabay,cesar_munguia,96aebf809b403cc44658871e9b2d89d081cc606d
cesar_munguia_img_0088,pixabay_24756_dinosaurs_aquatic_blue_animals_extinct_prehistoric.png,dinosaurios_y_prehistoria,ilustracion_plana_color,1280,979,"acuático, dinosaurios, animales, azul, extinto, prehistórico, plesiosaurias",Pixabay,cesar_munguia,d406b84eb93379d995fe3b49390df5d26ef78a6a
cesar_munguia_img_0089,pixabay_3966533_stingrays_manta_rays_underwater_nature_marine_anim.png,dinosaurios_y_prehistoria,ilustracion_plana_color,1278,1280,"mantarrayas, submarino, naturaleza, animales marinos, vida marina, océano",Pixabay,cesar_munguia,dcf43568e669027969d2b049da73a6e21fee95c2
cesar_munguia_img_0090,pixabay_4575111_games_cartoon_dinosaur_funny_cute_dinosaur_dinosau.png,dinosaurios_y_prehistoria,ilustracion_plana_color,1280,1280,"juegos, dibujos animados, dinosaurio, graciosas, lindas",Pixabay,cesar_munguia,1138c1f1c96cd4c8d972e9961d8ceb50f8bdba7a
cesar_munguia_img_0091,pixabay_311851_nautilus_snail_prehistoric_historic_fossil_spiral.png,dinosaurios_y_prehistoria,ilustracion_plana_color,935,1280,"nautilo, caracol, prehistórico, histórico, fósil, espiral, vida marina",Pixabay,cesar_munguia,006311c97bc51af0b4d528106dfb33daa93793ae
cesar_munguia_img_0092,pixabay_2030036_animal_beach_ocean_sea_seashell_seaside_shell_oran.png,dinosaurios_y_prehistoria,ilustracion_plana_color,1280,1051,"animal, playa, océano, mar, concha, cáscara",Pixabay,cesar_munguia,e50dcbfa4cae8fa84047cd0441b044732b8a7589
cesar_munguia_img_0093,pixabay_304485_shell_nature_sea_blue_spiral_navy_dark_animal_foss.png,dinosaurios_y_prehistoria,ilustracion_plana_color,935,1280,"cáscara, naturaleza, mar, azul, espiral, armada, oscuro",Pixabay,cesar_munguia,3253bcbe76302bf13bc4613f1cafb46c6ef22b98
cesar_munguia_img_0094,pixabay_2030391_fish_fish_bones_bones_skeleton_bone_fishing_design.png,dinosaurios_y_prehistoria,ilustracion_plana_color,1280,797,"pez, espinas de pescado, huesos, esqueleto, hueso, pescar, diseño",Pixabay,cesar_munguia,85e900dc20457c14fe62f0dae65558f05d4aa679
cesar_munguia_img_0095,pixabay_2525442_dinosaur_triceratops_fossil_triceratops_triceratop.png,dinosaurios_y_prehistoria,ilustracion_plana_color,1280,720,"dinosaurio, triceratops, fósil",Pixabay,cesar_munguia,6842423353de32249e254bf8f608d0f32c68c77d
cesar_munguia_img_0096,pixabay_2525402_dinosaur_tyrannosaurus_bone_fossil_dinosaur_tyrann.png,dinosaurios_y_prehistoria,ilustracion_plana_color,1280,720,"dinosaurio, tiranosaurio, hueso, fósil",Pixabay,cesar_munguia,43941e3801351aac0aac951f500d4dc713e87020
cesar_munguia_img_0097,pixabay_47925_dinosaur_stegosaurus_ancient_extinct_spikes_prehis.png,dinosaurios_y_prehistoria,ilustracion_plana_color,1280,781,"dinosaurio, estegosaurio, antiguo, extinto, zapatillas con clavos, prehistórico, dino",Pixabay,cesar_munguia,ba9fa65c62b0f22b3046a21b24fb2d781efcafca
cesar_munguia_img_0098,pixabay_8546287_dinosaur_skeleton_space_vintage_classic_retro_old.png,dinosaurios_y_prehistoria,ilustracion_plana_color,1280,1267,"dinosaurio, esqueletos, espacio, vintage, clásicas, retro, antiguas",Pixabay,cesar_munguia,c704c4675c03890e5129b44dfadd0b97df9ee072
cesar_munguia_img_0099,pixabay_2525408_t-rex_tyrannosaurus_fossil_dinosaur_t-rex_t-rex_t.png,dinosaurios_y_prehistoria,ilustracion_plana_color,1280,720,"tiranosaurio rex, tiranosaurio, fósil, dinosaurio",Pixabay,cesar_munguia,0e82fdcc0f76292f86140b0e026950a6778fc89d
cesar_munguia_img_0100,pixabay_30073_tyrannosaurus_dinosaur_extinct_animal_brown_prehis.png,dinosaurios_y_prehistoria,ilustracion_plana_color,1062,1280,"tiranosaurio, dinosaurio, extinto, animal, marrón, prehistórico, gigantesco",Pixabay,cesar_munguia,7bba7c07f44f16780b38cfb54f7fede6d423dd72
cesar_munguia_img_0101,pixabay_46271_dinosaur_reptile_ancient_triceratops_horned_prehis.png,dinosaurios_y_prehistoria,ilustracion_plana_color,1077,1280,"dinosaurio, reptil, antiguo, triceratops, con cuernos, prehistórico, lagartija",Pixabay,cesar_munguia,c092a2b22e1e8470235db5c15d3f99480fe3d87f
cesar_munguia_img_0102,pixabay_46312_dinosaur_reptile_ancient_spikes_prehistoric_lizard.png,dinosaurios_y_prehistoria,ilustracion_plana_color,1280,640,"dinosaurio, reptil, antiguo, zapatillas con clavos, prehistórico, lagartija, jurásico",Pixabay,cesar_munguia,6ac9054b314f3ce08a4ee4eca941ea1816433479
cesar_munguia_img_0103,pixabay_4372392_dinosaur_toy_cute_extinct_dino_animal_reptile_chil.png,dinosaurios_y_prehistoria,ilustracion_plana_color,1280,904,"dinosaurio, juguete, lindo, extinto, dino, animal, reptil",Pixabay,cesar_munguia,7c1802c0fd636e7e2ccf8e36fe97022ccdb5f64b
cesar_munguia_img_0104,pixabay_46289_dinosaur_ancient_reptile_prehistoric_jurassic_pale.png,dinosaurios_y_prehistoria,ilustracion_plana_color,1280,640,"dinosaurio, antiguo, reptil, prehistórico, jurásico, paleontología, extinto",Pixabay,cesar_munguia,4d27089c6349a979d378d13a8e337e61b11dcfa1
cesar_munguia_img_0105,pixabay_2635919_skull_skeleton_bone_dinosaur_triceratops_collar_ho.png,dinosaurios_y_prehistoria,ilustracion_plana_color,1280,709,"calaveras, esqueletos, hueso, dinosaurio, triceratops, collar, cuerna",Pixabay,cesar_munguia,a8e78f0d0cd8c8d3ffb202d4f3c4b44bde0360be
cesar_munguia_img_0106,pixabay_1298165_dinosaur_cartoon_funny_cute_alien_dinosaur_dinosau.png,dinosaurios_y_prehistoria,ilustracion_plana_color,1280,1247,"dinosaurio, dibujos animados, graciosas, lindas, extraterrestres",Pixabay,cesar_munguia,e536f1312edc406c3fe3a41feaa42b50668a3f73
cesar_munguia_img_0107,pixabay_149121_dinosaur_pacman_pac-man_cartoon_dinosaur_dinosaur.png,dinosaurios_y_prehistoria,ilustracion_plana_color,1280,1187,"dinosaurio, pacman, pac-man, dibujos animados",Pixabay,cesar_munguia,00c58fdb7109758011cd46b6c94fa4d8da59ea2b
cesar_munguia_img_0108,pixabay_312198_crocodile_alligator_reptile_lizard_dinosaur_cartoo.png,dinosaurios_y_prehistoria,ilustracion_plana_color,1280,640,"cocodrilo, caimán, reptil, lagartija, dinosaurio, dibujos animados, contorno",Pixabay,cesar_munguia,75e3f931244458c299d4ef383fee50c54c32ecce
cesar_munguia_img_0109,pixabay_1293153_cartoon_dinosaur_rex_dinosaur_dinosaur_dinosaur_di.png,dinosaurios_y_prehistoria,ilustracion_plana_color,1077,1280,"dibujos animados, dinosaurio, rex",Pixabay,cesar_munguia,151d688c66bf82b864383290f36a308c9a0831fb
cesar_munguia_img_0110,pixabay_41422_dinosaur_blue_cute_cartoon_kid_dinosaur_dinosaur_d.png,dinosaurios_y_prehistoria,ilustracion_plana_color,667,1280,"dinosaurio, azules, lindas, dibujos animados, niño",Pixabay,cesar_munguia,ed2bdacceeb72110dc395a5cb16aa1dcea41555e
cesar_munguia_img_0111,pixabay_7233280_knihosaurus_dinosaur_cartoon_book_school_reading_d.png,dinosaurios_y_prehistoria,ilustracion_plana_color,1114,1280,"knihosaurus, dinosaurio, dibujos animados, libro, escuela, lectura, dibujo",Pixabay,cesar_munguia,4264ea8b225ade8afb54ff6088fef6226943eb84
cesar_munguia_img_0112,pixabay_44852_blue_running_dinosaur_walking_ancient_dinosaur_din.png,dinosaurios_y_prehistoria,ilustracion_plana_color,1280,679,"azul, corriendo, dinosaurio, para caminar, antiguo",Pixabay,cesar_munguia,0365a69f43a7f39c851250527b14d85312702159
cesar_munguia_img_0113,pixabay_2025776_dino_dinosaur_triceratops_dinosaur_dinosaur_dinosa.png,dinosaurios_y_prehistoria,ilustracion_plana_color,1280,640,"dino, dinosaurio, triceratops",Pixabay,cesar_munguia,9d4d85e0e6b6327453428e566131f0b1f4e951b3
cesar_munguia_img_0114,pixabay_159480_dinosaur_animal_black_nature_extinct_silhouette.png,dinosaurios_y_prehistoria,ilustracion_plana_color,1280,660,"dinosaurio, animal, negro, naturaleza, extinto, silueta",Pixabay,cesar_munguia,fbb545bb697b29bdaa140e0b84317697286caa57
cesar_munguia_img_0115,pixabay_4722400_dinosaur_dragon_reptile_nature_animal_mammal_wild.png,dinosaurios_y_prehistoria,ilustracion_plana_color,1280,824,"dinosaurio, dragón, reptil, naturaleza, animal, mamífero, salvaje",Pixabay,cesar_munguia,93cbc9be5fa8d2d68ef6003de4e9fa6ef1960249
cesar_munguia_img_0116,pixabay_44840_purple_dinosaur_stegosaurus_walking_ancient_spikes.png,dinosaurios_y_prehistoria,ilustracion_plana_color,1280,785,"púrpura, dinosaurio, estegosaurio, para caminar, antiguo, zapatillas con clavos, dino",Pixabay,cesar_munguia,fbc01b0f3104a6b88a7927e0e59ad430347c028e
cesar_munguia_img_0117,pixabay_4915825_watercolor_watercolour_paint_volcano_dinosaur_drag.png,dinosaurios_y_prehistoria,ilustracion_plana_color,1280,539,"acuarela, pintura, volcán, dinosaurio, dragones, reptil",Pixabay,cesar_munguia,bc006b4abf6af7ed8c96a5201bc921d9958b4960
cesar_munguia_img_0118,pixabay_46298_dinosaur_ancient_prehistoric_jurassic_paleontology.png,dinosaurios_y_prehistoria,ilustracion_plana_color,1280,639,"dinosaurio, antigua, prehistórico, jurásico, paleontología, extinto, naturaleza",Pixabay,cesar_munguia,02b7e7c101b64f1d094f02b61e0bbf899ac60512
cesar_munguia_img_0119,pixabay_1299434_anatomy_animal_biology_elephant_school_nature_skel.png,dinosaurios_y_prehistoria,ilustracion_plana_color,1210,1280,"anatomía, animal, biología, elefante, colegio, naturaleza, esqueleto",Pixabay,cesar_munguia,a9996f51e9e60d658a3c4f5f760d384db4643993
cesar_munguia_img_0120,pixabay_2165376_bulldozer_utility_vehicle_ind_industry_machine_equ.png,dinosaurios_y_prehistoria,ilustracion_plana_color,1280,889,"excavadora, vehículo utilitario, indiana, industria, máquina, equipo, vehículo",Pixabay,cesar_munguia,d8a9e5651d87871cd25cd10538f48dc1d98d4534
cesar_munguia_img_0121,pixabay_2525439_triceratops_dinosaur_fossil_triceratops_triceratop.png,dinosaurios_y_prehistoria,ilustracion_plana_color,1280,720,"triceratops, dinosaurio, fósil",Pixabay,cesar_munguia,98283b388b71996fadab498d844a9efd9e79b45c
cesar_munguia_img_0122,pixabay_2525434_tyrannosaurus_t-rex_fossil_t-rex_t-rex_t-rex_t-rex.png,dinosaurios_y_prehistoria,ilustracion_plana_color,1280,720,"tiranosaurio, tirano saurio rex, fósil",Pixabay,cesar_munguia,bad8c10399a3731141a030cd01350ad8facee78d
cesar_munguia_img_0123,pixabay_2525414_dinosaur_fossil_fukui_city_fossil_fossil_fossil_fo.png,dinosaurios_y_prehistoria,ilustracion_plana_color,1280,720,"dinosaurio, fósil, ciudad de fukui",Pixabay,cesar_munguia,83c6b0947f01457ce22e1f8894bf8faa7160b9aa
cesar_munguia_img_0124,pixabay_1296663_extinct_nature_fish_fossil.png,dinosaurios_y_prehistoria,ilustracion_plana_color,1280,640,"extinto, naturaleza, peces, fósiles",Pixabay,cesar_munguia,d00de9eaea69b2f9a47ef9c958e3a07df8fe98fe
cesar_munguia_img_0125,pixabay_2489450_heart_love_dinosaur_valentine_wedding_red_romance.png,dinosaurios_y_prehistoria,ilustracion_plana_color,1280,640,"corazón, amor, dinosaurio, san valentín, boda, rojo, romance",Pixabay,cesar_munguia,86abce671345fd418f712f3f557dd6c7d62e0995
cesar_munguia_img_0126,pixabay_1297529_bones_dinosaur_extinct_fossil_skeleton_dinosaur_di.png,dinosaurios_y_prehistoria,ilustracion_plana_color,1280,640,"huesos, dinosaurio, extinto, fósil, esqueleto",Pixabay,cesar_munguia,850ecaab105aa7341a6905063eba147c8a376e70
cesar_munguia_img_0127,pixabay_576072_dinosaur_skeleton_paleontology_fossil_prehistoric.png,dinosaurios_y_prehistoria,ilustracion_plana_color,1202,1280,"dinosaurio, esqueleto, paleontología, fósil, prehistórico, museo, exposición",Pixabay,cesar_munguia,fbf42187c898a80458577d27b0ec5591db7169b9
cesar_munguia_img_0128,pixabay_148320_tyrannosaurus_dinosaur_fossil_paleontology_skeleto.png,dinosaurios_y_prehistoria,ilustracion_plana_color,1280,825,"tiranosaurio, dinosaurio, fósil, paleontología, esqueleto",Pixabay,cesar_munguia,76aad65a50b4a4a5c09ca1bb10044f24e658e953
cesar_munguia_img_0129,pixabay_9810978_dinosaur_dino_triceratops_paleontology_fossil_bone.png,dinosaurios_y_prehistoria,ilustracion_plana_color,1001,1280,"dinosaurio, dino, triceratops, paleontología, fósil, huesos, esqueleto",Pixabay,cesar_munguia,f145433103dd7107f82fe6da2bf4f47028e0a206
cesar_munguia_img_0130,pixabay_2892308_dinosaur_jurassic_life_education_reptile_prehistor.png,dinosaurios_y_prehistoria,ilustracion_plana_color,1175,1280,"dinosaurio, jurásico, vida, educación, reptil, prehistórico, naturaleza",Pixabay,cesar_munguia,9f8e036a0cd1a5904cb930efed516a0ec17ef12c
cesar_munguia_img_0131,pixabay_46288_dinosaur_ancient_reptile_prehistoric_jurassic_pale.png,dinosaurios_y_prehistoria,ilustracion_plana_color,1280,640,"dinosaurio, antiguo, reptil, prehistórico, jurásico, paleontología, extinto",Pixabay,cesar_munguia,d5cf24084bf4f4ae70f890959624a38fc6709d9e
cesar_munguia_img_0132,pixabay_47909_dinosaur_animal_ancient_extinct_prehistoric_reptil.png,dinosaurios_y_prehistoria,ilustracion_plana_color,1280,665,"dinosaurio, animal, antigua, extinto, prehistórico, reptil, naturaleza",Pixabay,cesar_munguia,de74df7520668e320fc261c673f1007df8cf79d6
cesar_munguia_img_0133,pixabay_148318_dinosaur_fossil_paleontology_skeleton_dinosaur_din.png,dinosaurios_y_prehistoria,ilustracion_plana_color,1280,752,"dinosaurio, esqueleto, fósil, paleontología",Pixabay,cesar_munguia,225864ceef15def6c295e96f7106ebfa24bd7221
cesar_munguia_img_0134,pixabay_46274_dinosaur_reptile_ancient_prehistoric_lizard_dino_j.png,dinosaurios_y_prehistoria,ilustracion_plana_color,1280,1116,"dinosaurio, reptil, antiguo, prehistórico, lagartija, dino, jurásico",Pixabay,cesar_munguia,122f26dbe62d7c4b8117c57bb2a5e930d5fb75c6
cesar_munguia_img_0135,pixabay_6273164_dinosaur_tyrannosaurus_t-rex_extinct_prehistoric_m.png,dinosaurios_y_prehistoria,ilustracion_plana_color,1280,1280,"dinosaurio, tiranosaurio, extinto, prehistórico, museo, jurásico",Pixabay,cesar_munguia,12132ec5fb4ea7dd3a102a376ebaf2a9be9ccc72
cesar_munguia_img_0136,pixabay_153518_footprint_petrified_lithified_transfixed_fossil_cl.png,dinosaurios_y_prehistoria,ilustracion_plana_color,1210,1280,"huella, petrificado, litificado, paralizado, fósil, garra, jurásico",Pixabay,cesar_munguia,057f3d106de03d1f029cba83803c56c564735aec
cesar_munguia_img_0137,pixabay_153293_fossil_reptile_bones_old_shell_skeleton_turtle_tor.png,dinosaurios_y_prehistoria,ilustracion_plana_color,818,1280,"antiguo, cáscara, esqueleto, fósil, huesos, reptil, tortuga",Pixabay,cesar_munguia,fcaa78c0af6f84866e28899585ad5ad2220d167f
cesar_munguia_img_0138,pixabay_2028598_animal_nature_dinosaur_fossil_paleontology_silhoue.png,dinosaurios_y_prehistoria,ilustracion_plana_color,1280,782,"animal, naturaleza, dinosaurio, fósil, paleontología, silueta",Pixabay,cesar_munguia,fd06b8dc722438c40a09233e6fa45d392b18fc16
cesar_munguia_img_0139,pixabay_153790_stegosaurus_dinosaur_dino_prehistoric_animal_biolo.png,dinosaurios_y_prehistoria,ilustracion_plana_color,1280,794,"estegosaurio, dinosaurio, dino, prehistórico, animal, biología, naturaleza",Pixabay,cesar_munguia,86643ba65d00900f508c32295c00138eda60e272
cesar_munguia_img_0140,pixabay_6863934_tyrannosaurus_rex_dinosaur_t-rex_fossil_extinct_na.png,dinosaurios_y_prehistoria,ilustracion_plana_color,1184,1280,"tiranosaurio rex, dinosaurio, tirano saurio rex, fósil, extinto, naturaleza, animal",Pixabay,cesar_munguia,cbdf94bf7942d9cbdc4e75b3f04736dba616b68a
cesar_munguia_img_0141,pixabay_1296703_bones_brontosaurus_dinosaur_extinct_fossil_skeleto.png,dinosaurios_y_prehistoria,ilustracion_plana_color,1280,640,"huesos, brontosaurio, dinosaurio, extinto, fósil, esqueleto",Pixabay,cesar_munguia,7417b28e8867c14adcac31e25d4c6caf80a5f2d6
cesar_munguia_img_0142,pixabay_47907_dinosaur_stegosaurus_animal_ancient_extinct_spikes.png,dinosaurios_y_prehistoria,ilustracion_plana_color,1280,781,"dinosaurio, estegosaurio, animal, antiguo, extinto, zapatillas con clavos, prehistórico",Pixabay,cesar_munguia,a4f846914a68f70af4570f30d193fca283cc8c5b
cesar_munguia_img_0143,pixabay_153046_fossil_animal_fish_prehistoric_gray_fish_nature_gr.png,dinosaurios_y_prehistoria,ilustracion_plana_color,1280,929,"fósil, animal, pez, prehistórico, pez gris, naturaleza, pesca gris",Pixabay,cesar_munguia,0c1e49c2bbbf504a3a903a2e27c8a09e72c8af2c
cesar_munguia_img_0144,pixabay_46275_dinosaur_reptile_ancient_prehistoric_lizard_dino_j.png,dinosaurios_y_prehistoria,ilustracion_plana_color,968,1280,"dinosaurio, reptil, antiguo, prehistórico, lagartija, dino, jurásico",Pixabay,cesar_munguia,eedcc1c1b9682a0ee61aaeeb1aa67fa025db0f54
cesar_munguia_img_0145,pixabay_46304_dinosaur_ancient_reptile_prehistoric_jurassic_pale.png,dinosaurios_y_prehistoria,ilustracion_plana_color,1280,858,"dinosaurio, antiguo, reptil, prehistórico, jurásico, paleontología, extinto",Pixabay,cesar_munguia,223c085ba5361969e621d193a1adaf470b727fd8
cesar_munguia_img_0146,pixabay_2525420_dinosaur_t-rex_tyrannosaurus_fossil_dinosaur_t-rex.png,dinosaurios_y_prehistoria,ilustracion_plana_color,1280,720,"dinosaurio, tirano saurio rex, tiranosaurio, fósil",Pixabay,cesar_munguia,9f4b4773a33fb7c8708a4c4b49def20754e8b427
cesar_munguia_img_0147,pixabay_4610151_tyrannosaurus_rex_dinosaur_silhouette_t_rex_skelet.png,dinosaurios_y_prehistoria,ilustracion_plana_color,1280,1263,"tiranosaurio rex, dinosaurio, silueta, tirano saurio rex, esqueleto, huesos, naturaleza",Pixabay,cesar_munguia,dd34d7edacfc51d5d3d7832aa790a2f636e25a52
cesar_munguia_img_0148,pixabay_44845_blue_dinosaur_ancient_prehistoric_extinct_gigantic.png,dinosaurios_y_prehistoria,ilustracion_plana_color,1244,1280,"azul, dinosaurio, antigua, prehistórico, extinto, gigantesco, monstruo",Pixabay,cesar_munguia,33208e38ae4db5fdcb7b20479ef5e51415606deb
cesar_munguia_img_0149,pixabay_762624_alligator_nature_crocodile_animal_jungle_river_dra.jpg,dinosaurios_y_prehistoria,ilustracion_plana_color,1280,901,"caimán, naturaleza, cocodrilo, animal, selva, río, dibujo",Pixabay,cesar_munguia,350852d4af87d427a7768aef8d125ebe5829b5f9
cesar_munguia_img_0150,pixabay_1598359_elephant_animal_jungle_savannah_nature_africa_gian.png,dinosaurios_y_prehistoria,ilustracion_plana_color,1280,982,"elefante, animal, selva, sabana, naturaleza, áfrica, gigante",Pixabay,cesar_munguia,baf6859a002dc9e9258c93bcf7291015b8f539f5
cesar_munguia_img_0151,pixabay_2024517_dino_dinosaur_jurassic_dinosaur_dinosaur_dinosaur.png,dinosaurios_y_prehistoria,ilustracion_plana_color,1280,834,"dino, dinosaurio, jurásico",Pixabay,cesar_munguia,1fa208d2b42a142ab52f70e6d4e2418b55b5c938
cesar_munguia_img_0152,pixabay_41381_dinosaur_pterodactyls_animal_historic_jurassic_pre.png,dinosaurios_y_prehistoria,ilustracion_plana_color,1280,793,"dinosaurio, pterodáctilos, animal, histórico, jurásico, prehistórico, extinto",Pixabay,cesar_munguia,947512d272406179fda48cf1b76e28c56e3c0506
cesar_munguia_img_0153,pixabay_37797_brontosaurus_dinosaurs_extinct_jurassic_prehistori.png,dinosaurios_y_prehistoria,ilustracion_plana_color,667,1280,"brontosaurio, dinosaurios, extinto, jurásico, prehistórico, reptil, lagarto",Pixabay,cesar_munguia,7f0089a3ecba01fd15f20dd88f654d794cca5903
cesar_munguia_img_0154,pixabay_44843_green_pink_dinosaur_stegosaurus_eating_ancient_spi.png,dinosaurios_y_prehistoria,ilustracion_plana_color,1280,676,"verde, rosado, dinosaurio, estegosaurio, comiendo, antiguo, zapatillas con clavos",Pixabay,cesar_munguia,b289d8310fe63b831e23e26ad6b652c1969eb2a7
cesar_munguia_img_0155,pixabay_309867_dinosaur_green_triceratops_extinct_animal_prehisto.png,dinosaurios_y_prehistoria,ilustracion_plana_color,1280,787,"dinosaurio, verde, triceratops, extinto, animal, prehistórico, salvaje",Pixabay,cesar_munguia,818b1ec3efe972bbdf66dcf44441196759f659d0
cesar_munguia_img_0156,pixabay_45639_dinosaur_long_neck_walking_tail_ancient_prehistori.png,dinosaurios_y_prehistoria,ilustracion_plana_color,1280,640,"dinosaurio, largo, cuello, para caminar, cola, antigua, prehistórico",Pixabay,cesar_munguia,0ce4014e127820f414ec692b10cd67d0d1a99978
cesar_munguia_img_0157,pixabay_1385524_dinosaurs_volcano_kids_poster_fun_clip_art_drawing.jpg,dinosaurios_y_prehistoria,ilustracion_plana_color,827,1280,"dinosaurios, volcán, niños, póster, diversión, clipart, dibujo",Pixabay,cesar_munguia,b2f8eb13fc635e6f1e6ac2723ac54e886b049171
cesar_munguia_img_0158,pixabay_149120_dinosaur_pacman_pac-man_cartoon_pacman_pacman_pacm.png,dinosaurios_y_prehistoria,ilustracion_plana_color,1227,1280,"dinosaurio, pacman, pac-man, dibujos animados",Pixabay,cesar_munguia,9cf0a6208b9c180e05e24c81f7c44f30cc7de08d
cesar_munguia_img_0159,pixabay_7761348_dinosaur_dino_t-rex_cartoon_clip_art_cutout_dinosa.png,dinosaurios_y_prehistoria,ilustracion_plana_color,871,1280,"dinosaurio, dino, tirano saurio rex, dibujos animados, clipart, separar",Pixabay,cesar_munguia,d6fd7d1baa4566ea53201b612f025e75958ed213
cesar_munguia_img_0160,pixabay_5660568_dinosaur_prehistoric_cartoon_nature_history_fictio.png,dinosaurios_y_prehistoria,ilustracion_plana_color,1280,1005,"dinosaurio, prehistórico, dibujos animados, naturaleza, historia, ficción, animal",Pixabay,cesar_munguia,87170a0192d3afb4ecd793962ce19b1709347d58
cesar_munguia_img_0161,pixabay_149122_dinosaur_jurassic_pacman_pac-man_cartoon_dinosaur.png,dinosaurios_y_prehistoria,ilustracion_plana_color,1229,1280,"dinosaurio, jurásico, pacman, pac-man, dibujos animados",Pixabay,cesar_munguia,d5bb4939224711244355f9aec2cb30fd326d9a13
cesar_munguia_img_0162,pixabay_2025158_evergreen_forest_landscape_mountains_nature_outdoo.png,dinosaurios_y_prehistoria,ilustracion_plana_color,1280,657,"hojas perennes, bosque, paisaje, montañas, naturaleza, al aire libre, pino",Pixabay,cesar_munguia,198ed50e4d031804bac06c6322c95280b031557d
cesar_munguia_img_0163,pixabay_4575110_dinosaur_cartoons_dino_animal_cute_fly_nature_unic.png,dinosaurios_y_prehistoria,ilustracion_plana_color,1280,1280,"dinosaurio, dibujos animados, dino, animal, linda, mosca, naturaleza",Pixabay,cesar_munguia,4c022a5078619547fe72eb9697f470eb9fdca39f
cesar_munguia_img_0164,pixabay_46272_dinosaur_reptile_ancient_prehistoric_lizard_dino_j.png,dinosaurios_y_prehistoria,ilustracion_plana_color,640,1280,"dinosaurio, reptil, antiguo, prehistórico, lagartija, dino, jurásico",Pixabay,cesar_munguia,2f0419250e221337e0904fee68f42c28efa89b8b
cesar_munguia_img_0165,pixabay_308903_dinosaur_extinct_prehistoric_jurassic_gigantic_cre.png,dinosaurios_y_prehistoria,ilustracion_plana_color,1280,921,"dinosaurio, extinto, prehistórico, jurásico, gigantesco, criatura, herbívoro",Pixabay,cesar_munguia,a226cb843305bcc78e403efe11fe845e688933f1
cesar_munguia_img_0166,pixabay_9201615_dinosaur_t-rex_jurassic_silhouette_prehistoric_rep.jpg,dinosaurios_y_prehistoria,ilustracion_plana_color,1280,915,"dinosaurio, tirano saurio rex, jurásico, silueta, prehistórico, reptil, tropicales",Pixabay,cesar_munguia,cc966c3801331dd7b8a1e050f0ddc6ca50b05768
cesar_munguia_img_0167,pixabay_153933_petroglyph_colombia_ancient_human_person_primitive.png,dinosaurios_y_prehistoria,ilustracion_plana_color,682,1280,"petroglifo, colombia, antiguo, humano, persona, primitivo, tribal",Pixabay,cesar_munguia,6d1942f55294ebf9941babc3b6c446174eefba37
cesar_munguia_img_0168,pixabay_1296809_africa_bushman_cave_hunter_man_painting_africa_afr.png,dinosaurios_y_prehistoria,ilustracion_plana_color,1280,1153,"áfrica, bosquimano, cavernícola, cazador, hombre, pintura",Pixabay,cesar_munguia,3cf23eb30963bfbf8cd6c0c8ee70b318aae18e4e
cesar_munguia_img_0169,pixabay_153082_prehistoric_tent_home_house_cave_tent_tent_cave_ca.png,dinosaurios_y_prehistoria,ilustracion_plana_color,1280,1115,"prehistórico, tienda, hogar, casa, cueva",Pixabay,cesar_munguia,ee1dc416dc3b48ae57964ae2fc48d3cd38e77136
cesar_munguia_img_0170,pixabay_307869_dinosaur_petrodactyl_fly_wings_green_cute_cartoon.png,dinosaurios_y_prehistoria,ilustracion_plana_color,1280,794,"dinosaurio, petrodáctilo, moscas, alas, verdes, lindas, dibujos animados",Pixabay,cesar_munguia,ce533ee60c7a5f865924006d193a04f6e067fa20
cesar_munguia_img_0171,pixabay_7290448_triceratops_dinosaur_reptile_animal_jurassic_prehi.png,dinosaurios_y_prehistoria,ilustracion_plana_color,1280,640,"triceratops, dinosaurio, reptil, animal, jurásico, prehistórico, naturaleza",Pixabay,cesar_munguia,76f34d421ed59b42a658e17cddcde85b93c8539d
cesar_munguia_img_0172,pixabay_36748_dragon_green_sitting_fire_fly_scales_fairytale_myt.png,dinosaurios_y_prehistoria,ilustracion_plana_color,1069,1280,"continuar, verde, sentado, fuego, volar, escamas, cuento de hadas",Pixabay,cesar_munguia,57dc0e71220d7baabfeb6d012aa2e12fcb9df338
cesar_munguia_img_0173,pixabay_7293959_triceratops_dinosaur_nature_head_dino_animal_repti.png,dinosaurios_y_prehistoria,ilustracion_plana_color,991,1280,"triceratops, dinosaurio, naturaleza, cabeza, dino, animal, reptil",Pixabay,cesar_munguia,318a5b3a4a51c112272e4899435535bf0dc859cb
cesar_munguia_img_0174,pixabay_9601852_dinosaur_dino_nature_animal_reptile_extinct_prehis.png,dinosaurios_y_prehistoria,ilustracion_plana_color,1280,783,"dinosaurio, dino, naturaleza, animal, reptil, extinto, prehistórico",Pixabay,cesar_munguia,88144918d1c2ca0f3048acad669c707a29923eb0
cesar_munguia_img_0175,pixabay_7291990_triceratops_dinosaur_reptile_jurassic_nature_prehi.png,dinosaurios_y_prehistoria,ilustracion_plana_color,1048,1280,"triceratops, dinosaurio, reptil, jurásico, naturaleza, prehistórico, herbívoros",Pixabay,cesar_munguia,e6efd90cdf8a58c713a6540b8ed8c5789c604d72
cesar_munguia_img_0176,pixabay_6810975_dinosaur_animal_cartoon_dino_reptile_wildlife_exti.png,dinosaurios_y_prehistoria,ilustracion_plana_color,1280,1280,"dinosaurio, animales, dibujos animados, dino, reptil, animales salvajes, extinto",Pixabay,cesar_munguia,ecb223fbedc4ba53ef6dcf6ead1bb30f769e6743
cesar_munguia_img_0177,pixabay_4372387_dinosaur_toy_cute_extinct_dino_animal_reptile_chil.png,dinosaurios_y_prehistoria,ilustracion_plana_color,905,1280,"dinosaurio, juguete, lindo, extinto, dino, animal, reptil",Pixabay,cesar_munguia,80b74c8e98c4b86ee0f29fe63f3acf8f9cc1c90b
cesar_munguia_img_0178,pixabay_1605166_dino_dinosaur_green_old_prehistoric_cretaceous_per.png,dinosaurios_y_prehistoria,ilustracion_plana_color,1280,1280,"dino, dinosaurio, verde, antiguo, prehistórico, período cretácico, niños",Pixabay,cesar_munguia,79c948ba1c9fbc70acf60216b0d9720cb9887b58
cesar_munguia_img_0179,pixabay_9506_dinosaur_reptile_predator_terrestrial_vertebrate_t.png,dinosaurios_y_prehistoria,ilustracion_plana_color,1280,786,"dinosaurio, reptil, depredador, vertebrado terrestre, tetrápodo, mesozoico, tierra edad media",Pixabay,cesar_munguia,96069f17170296b428a946ff794fd3fd72f072c5
cesar_munguia_img_0180,pixabay_46267_dinosaur_reptile_prehistoric_lizard_dino_jurassic.png,dinosaurios_y_prehistoria,ilustracion_plana_color,1280,855,"dinosaurio, reptil, prehistórico, lagartija, dino, jurásico, extinto",Pixabay,cesar_munguia,b4ad2f9d362b7199e929ea6796f2d8d755d18923
cesar_munguia_img_0181,pixabay_1310346_dinosaur_aucasaurus_animal_reptile_creature_extinc.png,dinosaurios_y_prehistoria,ilustracion_plana_color,1280,633,"dinosaurio, aucasaurus, animal, reptil, criatura, extinto, cretáceo",Pixabay,cesar_munguia,2934ed5b3ffc8d730ca81e621f2d3291feadc0bf
cesar_munguia_img_0182,pixabay_46259_happy_flying_wings_dinosaur_tongue_fly_dinosaur_di.png,dinosaurios_y_prehistoria,ilustracion_plana_color,1280,706,"feliz, volador, alas, dinosaurio, lengua, mosca",Pixabay,cesar_munguia,52096e53e922fa83207223f95f45d02b3310cb9d
cesar_munguia_img_0183,pixabay_151703_dragon_dino_dinosaur_fun_pterodactyl_cartoon_creat.png,dinosaurios_y_prehistoria,ilustracion_plana_color,1280,843,"continuar, dino, dinosaurio, divertido, pterodáctilo, dibujos animados, criatura",Pixabay,cesar_munguia,983c5b897a7cba92ee4e2ceedf9f6eadb40673da
cesar_munguia_img_0184,pixabay_44859_bird_flying_wings_dinosaur_ancient_pterodactyl_nat.png,dinosaurios_y_prehistoria,ilustracion_plana_color,1280,640,"pájaro, volador, alas, dinosaurio, antigua, pterodáctilo, naturaleza",Pixabay,cesar_munguia,735f82c6e33b159dd923ca5905af6a6feccac6bb
cesar_munguia_img_0185,pixabay_44866_yellow_bird_wings_dinosaur_nature_ancient_soaring.png,dinosaurios_y_prehistoria,ilustracion_plana_color,1280,640,"amarillo, pájaro, alas, dinosaurio, naturaleza, antigua, altísimo",Pixabay,cesar_munguia,0fc02a8ad090b7396f2c5abdd49ef7438dfe2c98
cesar_munguia_img_0186,pixabay_45892_brown_nature_bird_flying_wings_dinosaur_ancient_pt.png,dinosaurios_y_prehistoria,ilustracion_plana_color,775,1280,"marrón, naturaleza, pájaro, volador, alas, dinosaurio, antigua",Pixabay,cesar_munguia,19b363514396ba05e5fcce0efc6f9a121a31d528
cesar_munguia_img_0187,pixabay_312692_pterodactyl_dinosaur_flying_bird_prehistoric_anima.png,dinosaurios_y_prehistoria,ilustracion_plana_color,1190,1280,"pterodáctilo, dinosaurio, volador, pájaro, prehistórico, animal, jurásico",Pixabay,cesar_munguia,9cf2b1793219720614f2e84deff092108d0ddb53
cesar_munguia_img_0188,pixabay_44864_bird_nature_silver_wings_dinosaur_ancient_pterodac.png,dinosaurios_y_prehistoria,ilustracion_plana_color,1280,841,"pájaro, naturaleza, plata, alas, dinosaurio, antiguo, pterodáctilo",Pixabay,cesar_munguia,2ff3dd13991233136c07a2bf5f2c884bae586135
cesar_munguia_img_0189,pixabay_44862_dinosaur_nature_bird_wings_fangs_ancient_pterodact.png,dinosaurios_y_prehistoria,ilustracion_plana_color,1280,779,"dinosaurio, naturaleza, pájaro, alas, colmillos, antiguo, pterodáctilo",Pixabay,cesar_munguia,b292d478819dc69ee854375f6018409771dffa44
cesar_munguia_img_0190,pixabay_44863_blue_light_nature_bird_wings_dinosaur_ancient_pter.png,dinosaurios_y_prehistoria,ilustracion_plana_color,1280,1205,"azul, luz, naturaleza, pájaro, alas, dinosaurio, antigua",Pixabay,cesar_munguia,89726e20b496d97f89cc784ce644781a248c7b18
cesar_munguia_img_0191,pixabay_2027657_animal_nature_carnivore_dinosaur_pterodactyl.png,dinosaurios_y_prehistoria,ilustracion_plana_color,1280,865,"animal, naturaleza, carnívoro, dinosaurio, pterodáctilo",Pixabay,cesar_munguia,67ee5e8829bcba26021c6b632cd8e4fdc684a2be
cesar_munguia_img_0192,pixabay_4372379_dinosaur_toy_cute_extinct_dino_animal_reptile_chil.png,dinosaurios_y_prehistoria,ilustracion_plana_color,1280,904,"dinosaurio, juguete, lindo, extinto, dino, animal, reptil",Pixabay,cesar_munguia,179240874fffd6defcddb79c022a2b53831c2489
cesar_munguia_img_0193,pixabay_47904_dinosaur_extinct_prehistoric_fly_reptile_lizard_la.png,dinosaurios_y_prehistoria,ilustracion_plana_color,1179,1280,"dinosaurio, extinto, prehistórico, volar, reptil, lagarto, grande",Pixabay,cesar_munguia,426dcec99e4ada891ad178dde1cd22559732b28f
cesar_munguia_img_0194,pixabay_34430_dinosaur_triceratops_dino_prehistoric_reptile_exti.png,dinosaurios_y_prehistoria,ilustracion_plana_color,1280,1181,"dinosaurio, triceratops, dino, prehistórico, reptil, extinto, jurásico",Pixabay,cesar_munguia,5602344764d5cc151f719fb5b2b4c44d2f1086f7
cesar_munguia_img_0195,pixabay_9599924_dino_dinosaur_nature_animal_reptile_prehistoric_ju.png,dinosaurios_y_prehistoria,ilustracion_plana_color,1244,1280,"dino, dinosaurio, naturaleza, animal, reptil, prehistórico, jurásico",Pixabay,cesar_munguia,45e03f5af8df17ab3fcf57251215e908390ed74a
cesar_munguia_img_0196,pixabay_307720_dino_prehistoric_cartoon_funny_wings_fly_dino_dino.png,dinosaurios_y_prehistoria,ilustracion_plana_color,1280,783,"dino, prehistórico, dibujos animados, graciosas, alas, moscas",Pixabay,cesar_munguia,63aff28c93484b4f9962c76e7811d2de55b9d769
cesar_munguia_img_0197,pixabay_44869_bird_flying_wings_looking_nature_dinosaur_ancient.png,dinosaurios_y_prehistoria,ilustracion_plana_color,1280,640,"pájaro, volador, alas, mirando, naturaleza, dinosaurio, antigua",Pixabay,cesar_munguia,68e0d3ffeff1d6864a863849b7b0992c7cd4f6e8
cesar_munguia_img_0198,pixabay_44856_bird_flying_wings_nature_dinosaur_ancient_fly.png,dinosaurios_y_prehistoria,ilustracion_plana_color,1280,700,"pájaro, volador, alas, naturaleza, dinosaurio, antigua, volar",Pixabay,cesar_munguia,2a286cc7e5b8a08ddceb6df51b16792fd5d33a4f
cesar_munguia_img_0199,pixabay_7252577_woolly_mammoth_animal_extinct_ice_age_mammoth_elep.png,dinosaurios_y_prehistoria,ilustracion_plana_color,1280,1013,"mamut lanudo, animal, extinto, era de hielo, mamut, elefante, naturaleza",Pixabay,cesar_munguia,1d33f0e549f9e8e0e8f642a1753ff651b8c39512
cesar_munguia_img_0200,pixabay_7123218_mammoth_elephant_animal_tusk_trunk_extinct_ancient.png,dinosaurios_y_prehistoria,ilustracion_plana_color,1280,963,"mamut, elefante, animal, colmillo, el maletero, extinto, antiguo",Pixabay,cesar_munguia,61c9897d24d086944f9abda713eb5fe95e4319b2
cesar_munguia_img_0201,pixabay_5306441_tooth-of-sabre_ice_nature_cold_crystal_animal_tige.png,dinosaurios_y_prehistoria,ilustracion_plana_color,1280,1280,"diente de sable, hielo, naturaleza, frío, cristal, animal, tigre",Pixabay,cesar_munguia,a41101518fc6ae46405c3541886814581e12e1a6
cesar_munguia_img_0202,pixabay_1670434_tooth_cartoon_hygiene_cleaning_dental_drawing_heal.png,dinosaurios_y_prehistoria,ilustracion_plana_color,1280,1280,"diente, dibujos animados, higiene, limpieza, dental, dibujo, cuidado de la salud",Pixabay,cesar_munguia,5a782053675cc53b5c2f89e41a127b319d9259f5
cesar_munguia_img_0203,pixabay_2516133_dental_care_dental_mascot_tooth_caricature_tooth_b.png,dinosaurios_y_prehistoria,ilustracion_plana_color,1280,1280,"cuidado dental, dental, mascota, diente, caricatura, cepillo de dientes, limpiar",Pixabay,cesar_munguia,4bcc588fae0e1d5db4bb592d0e6396469df39d6d
cesar_munguia_img_0204,pixabay_5482440_buffalo_musk_ox_horns_fur_nature_mammal_animal_bul.png,dinosaurios_y_prehistoria,ilustracion_plana_color,1280,904,"búfalo, almizcle, buey, cuerna, pelaje, naturaleza, mamífero",Pixabay,cesar_munguia,8ed1e8a2c706bb2cb641efb28a36a5241dabf8ad
cesar_munguia_img_0205,pixabay_295337_sheep_nature_farm_lamb_animal_mammal.png,dinosaurios_y_prehistoria,ilustracion_plana_color,1196,1280,"oveja, naturaleza, granja, cordero, animal, mamífero",Pixabay,cesar_munguia,9ce2014879b6bc5e4c9e547fe30640e13d9bad96
cesar_munguia_img_0206,pixabay_2026638_elephant_mammoth_mastodon_miocene_paleontology_ple.png,dinosaurios_y_prehistoria,ilustracion_plana_color,1280,640,"elefante, mamut, mastodonte, mioceno, paleontología, pleistoceno, plioceno",Pixabay,cesar_munguia,f4a00573790a40d5d203dfbe82a3911728d3dbf6
cesar_munguia_img_0207,pixabay_2026661_animal_elephant_extinct_mammoth_mastodon_miocene_p.png,dinosaurios_y_prehistoria,ilustracion_plana_color,1280,664,"animal, elefante, extinto, mamut, mastodonte, mioceno, paleontología",Pixabay,cesar_munguia,5c22829f0875c39249ccbdc8e1db8072557df00c
cesar_munguia_img_0208,pixabay_2512585_mammoth_cool_cartoony_strongman_big_guy_nature_clo.png,dinosaurios_y_prehistoria,ilustracion_plana_color,1280,1164,"mamut, guays, dibujos animados, hombre fuerte, chico grande, naturaleza, armario",Pixabay,cesar_munguia,0019233dacdb1321f3c07b705574d55c21081680
cesar_munguia_img_0209,pixabay_7262646_baby_mammoth_extinct_prehistoric_ice_ice_age_mamma.png,dinosaurios_y_prehistoria,ilustracion_plana_color,1280,944,"bebé, mamut, extinto, prehistórico, hielo, era de hielo, mamífero",Pixabay,cesar_munguia,27987543a7bc955fd5bd0b561b6d8325fc9705dd
cesar_munguia_img_0210,pixabay_1299453_bird_dodo_nature_silhouette.png,dinosaurios_y_prehistoria,ilustracion_plana_color,1199,1280,"pájaro, dodo, naturaleza, silueta",Pixabay,cesar_munguia,4618707995851cf0a03214a4ea354ecfd9ec62be
cesar_munguia_img_0211,pixabay_2027278_animal_bird_dodo_extinct_nature_flightless_mauriti.png,dinosaurios_y_prehistoria,ilustracion_plana_color,1049,1280,"animal, pájaro, dodo, extinto, naturaleza, mauricio, no volador",Pixabay,cesar_munguia,c0d13da7e6e28cac99d4edc867564182a1576fa2
cesar_munguia_img_0212,pixabay_163619_rex_t-rex_tyrannosaurus_rex_dino_dinosaur_reptile.jpg,dinosaurios_y_prehistoria,ilustracion_plana_color,1280,1024,"rex, tirano saurio rex, tiranosaurio rex, dino, dinosaurio, reptil, jurásico",Pixabay,cesar_munguia,c937bb9e92250cc5f1e204e1c87e6b7297ad5036
cesar_munguia_img_0213,pixabay_163618_rex_t-rex_tyrannosaurus_rex_dino_dinosaur_reptile.jpg,dinosaurios_y_prehistoria,ilustracion_plana_color,1280,1024,"rex, tirano saurio rex, tiranosaurio rex, dino, dinosaurio, reptil, jurásico",Pixabay,cesar_munguia,bcb9de8f1aa820cc2cef151c6f98ef3384554fb7
cesar_munguia_img_0214,pixabay_37795_dinosaur_tyrannosaurus_fat_dino_prehistoric_reptil.png,dinosaurios_y_prehistoria,ilustracion_plana_color,1084,1280,"dinosaurio, tiranosaurio, grasa, dino, prehistórico, reptil, depredador",Pixabay,cesar_munguia,71c2bb82c4a0fc3394b5ea8e957b1756eb5114d9
cesar_munguia_img_0215,pixabay_305349_tyrannosaurus_rex_comic_stickman_stick_figure_matc.png,dinosaurios_y_prehistoria,ilustracion_plana_color,1280,1219,"tiranosaurio, rex, cómics, hombre palo, figura de palo, hombre cerilla, dino",Pixabay,cesar_munguia,d6d99c9ec0e0e15f2566589a4e958bff2dd76703
cesar_munguia_img_0216,pixabay_10004781_dinosaur_cartoon_design_sticker_prehistoric_extinc.png,dinosaurios_y_prehistoria,ilustracion_plana_color,1280,1280,"dinosaurio, dibujos animados, diseño, pegatina, prehistórico, extinto, verde",Pixabay,cesar_munguia,3ce871d52846dfaf7dc6107e52907f3b4339d36f
cesar_munguia_img_0217,pixabay_308503_dinosaur_t-rex_tyrannosaurus_rex_dino_reptile_jura.png,dinosaurios_y_prehistoria,ilustracion_plana_color,1280,1224,"dinosaurio, tirano saurio rex, tiranosaurio rex, dino, reptil, jurásico, dibujos animados",Pixabay,cesar_munguia,8b7ce2030f80b23bad0a71e6a4f46247a4f66282
cesar_munguia_img_0218,pixabay_30680_dinosaur_prehistoric_jurassic_reptile_lizard_monst.png,dinosaurios_y_prehistoria,ilustracion_plana_color,1280,973,"dinosaurio, prehistórico, jurásico, reptil, lagartija, monstruo, paleontología",Pixabay,cesar_munguia,1d18cf57cf2efcb0b763ac1ada9552e6d17eac9c
cesar_munguia_img_0219,pixabay_5995332_dinosaur_tyrannosaurus_beast_spikes_reptile_monste.png,dinosaurios_y_prehistoria,ilustracion_plana_color,1280,925,"dinosaurio, tiranosaurio, bestia, zapatillas con clavos, reptil, monstruo, animal",Pixabay,cesar_munguia,3e445789dbef412b13feea3aa46348a16e81650a
cesar_munguia_img_0220,pixabay_8731672_dinosaur_reptile_carnivore_animal_tyrannosaurus_di.jpg,dinosaurios_y_prehistoria,ilustracion_plana_color,1265,1280,"dinosaurio, reptil, carnívoro, animal, tiranosaurio, bestia",Pixabay,cesar_munguia,007cc87685341d5f40105b18eca04293c63914e4
cesar_munguia_img_0221,pixabay_5995334_dinosaur_tyrannosaurus_reptile_monster_beast_anima.png,dinosaurios_y_prehistoria,ilustracion_plana_color,1280,925,"dinosaurio, tiranosaurio, reptil, monstruo, bestia, animal, vida silvestre",Pixabay,cesar_munguia,20058a5d24f0ba9b739b80faf5f25d044827c0c8
cesar_munguia_img_0222,pixabay_9278977_trex_dinosaur_dino_t-rex_tyrannosaurus_reptile_nat.png,dinosaurios_y_prehistoria,ilustracion_plana_color,1280,1274,"tirano saurio rex, dinosaurio, dino, tiranosaurio, reptil, naturaleza",Pixabay,cesar_munguia,2df06da9f413bb3bbfa8a0987a658d1cad3e1a85
cesar_munguia_img_0223,pixabay_309918_dinosaur_tyrannosaurus_rex_dino_jurassic_prehistor.png,dinosaurios_y_prehistoria,ilustracion_plana_color,1280,1221,"dinosaurio, tiranosaurio rex, dino, jurásico, prehistórico, carnívoro, tirano saurio rex",Pixabay,cesar_munguia,be91dd33c19955650e034726b3a92844815e70d8
cesar_munguia_img_0224,pixabay_312094_dinosaur_cartoon_purple_cute_little_character_lila.png,dinosaurios_y_prehistoria,ilustracion_plana_color,1170,1280,"dinosaurio, dibujos animados, moradas, lindas, pequeñas, personajes, dibujos animados lila",Pixabay,cesar_munguia,692ea7daa1e648d277b07e9386a1cdbb7c8d6307
cesar_munguia_img_0225,pixabay_1295637_animal_cartoon_comic_dinosaur_dinosaurs_extinct_fu.png,dinosaurios_y_prehistoria,ilustracion_plana_color,1183,1280,"animal, dibujos animados, cómic, dinosaurio, dinosaurios, extinto, gracioso",Pixabay,cesar_munguia,c26ac079e00c4bfd0cc516c4dd0bc0a5f8fd9432
cesar_munguia_img_0226,pixabay_306331_dino_dinosaur_triceratops_green_cartoon_portrait_f.png,dinosaurios_y_prehistoria,ilustracion_plana_color,1189,1280,"dino, dinosaurio, triceratops, verdes, dibujos animados, retrato, frente",Pixabay,cesar_munguia,8d3d512e225caec3062d13d709f9d8ee519c5f94
cesar_munguia_img_0227,pixabay_10075244_frame_dinosaurs_cartoon_children_cute_nature_art_c.png,dinosaurios_y_prehistoria,ilustracion_plana_color,1280,1280,"marco, dinosaurios, dibujos animados, niños, lindo, naturaleza, arte",Pixabay,cesar_munguia,930b3e2dc4eaf4b6835c00e9921222c3a053cadc
cesar_munguia_img_0228,pixabay_4237677_dinosaur_toy_cute_girl_boy_extinct_dino_animal_rep.png,dinosaurios_y_prehistoria,ilustracion_plana_color,1280,695,"dinosaurio, juguete, linda, niña, niño, extinto, dino",Pixabay,cesar_munguia,cc99ae704602fac934981aedc5d580e5b303bc52
cesar_munguia_img_0229,pixabay_1295365_cretaceous_dinosaur_dinosaurs_reptile_reptiles_thr.png,dinosaurios_y_prehistoria,ilustracion_plana_color,1280,714,"cretáceo, dinosaurio, dinosaurios, reptil, reptiles, dinosaurio de tres cuernos, triceratops",Pixabay,cesar_munguia,73353d022b7468f854799d2108715836e8dfeffa
cesar_munguia_img_0230,pixabay_2825507_triceratops_dinosaur_herbivore_silhouette_tricerat.png,dinosaurios_y_prehistoria,ilustracion_plana_color,1280,640,"triceratops, dinosaurio, herbívoro, silueta",Pixabay,cesar_munguia,33b6fb02f0932f69e7973fcdd4eec61efc93e564
cesar_munguia_img_0231,pixabay_310459_triceratops_dinosaur_silhouette_green_prehistoric.png,dinosaurios_y_prehistoria,ilustracion_plana_color,1280,746,"triceratops, dinosaurio, silueta, verde, prehistórico, dinosaurio verde",Pixabay,cesar_munguia,56c8eaf1271efeb617f71c4e5795d231d9b47fea
cesar_munguia_img_0232,pixabay_3791535_velociraptor_dinosaur_feathers_cretaceous_dino_tri.png,dinosaurios_y_prehistoria,ilustracion_plana_color,1280,576,"velociraptor, dinosaurio, plumas, cretáceo, dino, triásico, extinto",Pixabay,cesar_munguia,75532dab756c4bb2bb1627021dba26badda6827c
cesar_munguia_img_0233,pixabay_5471799_bird_dinosaur_prehistoric_animal_creature_raptor_v.png,dinosaurios_y_prehistoria,ilustracion_plana_color,1280,487,"pájaro, dinosaurio, prehistórico, animal, criatura, rapaz, velociraptor",Pixabay,cesar_munguia,f155d9801001769fb2ea7a3b306479d5633500db
cesar_munguia_img_0234,pixabay_5106075_heart_love_kawaii_face_expression_romantic_emotion.png,dinosaurios_y_prehistoria,ilustracion_plana_color,1280,905,"corazones, amor, kawaii, caras, expresión, románticas, emociones",Pixabay,cesar_munguia,d9b94061312e19c8f666bfbd8799aad28aefdbc0
cesar_munguia_img_0235,pixabay_44830_sleeping_dinosaur_stegosaurus_ancient_spikes_resti.png,dinosaurios_y_prehistoria,ilustracion_plana_color,1280,640,"dormido, dinosaurio, estegosaurio, antiguo, zapatillas con clavos, descansando, descanso",Pixabay,cesar_munguia,abd40a52cbbe3906351bcbb4121e836e1d54d703
cesar_munguia_img_0236,pixabay_44831_back_view_looking_dinosaur_stegosaurus_tail_ancien.png,dinosaurios_y_prehistoria,ilustracion_plana_color,1280,816,"espalda, ver, mirando, dinosaurio, estegosaurio, cola, antiguo",Pixabay,cesar_munguia,9206f0be24e98b98b956c263201b23d3a04d6944
cesar_munguia_img_0237,pixabay_304011_stegosaurus_dinosaur_dino_animal_extinct_spikes_pr.png,dinosaurios_y_prehistoria,ilustracion_plana_color,1280,796,"estegosaurio, dinosaurio, dino, animal, extinto, zapatillas con clavos, prehistórico",Pixabay,cesar_munguia,570330c0241477124ce9bc0b6b3cb0dd65300b16
cesar_munguia_img_0238,pixabay_312691_stegosaurus_dinosaur_prehistoric_nature_animal_jur.png,dinosaurios_y_prehistoria,ilustracion_plana_color,1280,793,"estegosaurio, dinosaurio, prehistórico, naturaleza, animal, jurásico, reptil",Pixabay,cesar_munguia,a7b9138ebaaac3fc0c0efb2c563c15d2798e4bc4
cesar_munguia_img_0239,pixabay_312690_stegosaurus_dinosaur_prehistoric_animal_nature_jur.png,dinosaurios_y_prehistoria,ilustracion_plana_color,1280,780,"estegosaurio, dinosaurio, prehistórico, animal, naturaleza, jurásico, reptil",Pixabay,cesar_munguia,ad2482c89dc73df8bd1e556c27ea8196478318f6
cesar_munguia_img_0240,pixabay_4722413_dinosaur_dragon_reptile_animal_mammal_wild_life_wi.png,dinosaurios_y_prehistoria,ilustracion_plana_color,1280,1097,"dinosaurio, dragón, reptil, animal, mamífero, salvaje, vida",Pixabay,cesar_munguia,eeed222d98041209ca94be611a6015c098ddcbef
cesar_munguia_img_0241,pixabay_4372382_dinosaur_toy_cute_extinct_nature_dino_animal_repti.png,dinosaurios_y_prehistoria,ilustracion_plana_color,1280,904,"dinosaurio, juguete, lindo, extinto, naturaleza, dino, animal",Pixabay,cesar_munguia,2385503b9830558af58870e17c36693bf462ab6e
cesar_munguia_img_0242,pixabay_3431187_stegosaurus_dinosaur_digital_illustration_prehisto.png,dinosaurios_y_prehistoria,ilustracion_plana_color,1087,1280,"estegosaurio, dinosaurio, ilustración digital, prehistórico, extinto, dibujos animados, dino",Pixabay,cesar_munguia,b114530eded8fc8f92a1f1c610f55b877be60540
cesar_munguia_img_0243,pixabay_5627822_dinosaurs_stegosaurus_kentrosaurus_ankylosaurus_re.png,dinosaurios_y_prehistoria,ilustracion_plana_color,723,1280,"dinosaurios, estegosaurio, kentrosaurus, ankylosaurus, reptiles, prehistórico, gigante",Pixabay,cesar_munguia,fc07f83b78a77bf5e105dc0008a708ff803c7109
cesar_munguia_img_0244,pixabay_4726279_stegosaurus_dinosaur_animal_jurassic_extinct_natur.png,dinosaurios_y_prehistoria,ilustracion_plana_color,1280,853,"estegosaurio, dinosaurio, animal, jurásico, extinto, naturaleza, dino",Pixabay,cesar_munguia,b4a7cd81be7649460f4d698d6042f9180c91131b
cesar_munguia_img_0245,pixabay_3503097_dinosaur_stegosaurus_dino_animal_silhouette_nature.png,dinosaurios_y_prehistoria,ilustracion_plana_color,1280,1107,"dinosaurio, estegosaurio, dino, animal, silueta, naturaleza, contorno",Pixabay,cesar_munguia,2bb76851905e02c29b23b839d89711eb5f1a94d5
cesar_munguia_img_0246,pixabay_44834_green_view_dinosaur_stegosaurus_tail_ancient_rear.png,dinosaurios_y_prehistoria,ilustracion_plana_color,1280,648,"verde, ver, dinosaurio, estegosaurio, cola, antigua, posterior",Pixabay,cesar_munguia,42055850cd1cf92dac1c6cc124dbba797087fee9
cesar_munguia_img_0247,pixabay_44850_dinosaur_stegosaurus_ancient_spikes_prehistoric_ju.png,dinosaurios_y_prehistoria,ilustracion_plana_color,1280,780,"dinosaurio, estegosaurio, antiguo, zapatillas con clavos, prehistórico, jurásico, monstruo",Pixabay,cesar_munguia,7585f51e27e93a768234b46a1f24b9e2282552d1
cesar_munguia_img_0248,pixabay_44842_gray_dinosaur_stegosaurus_ancient_spikes_prehistor.png,dinosaurios_y_prehistoria,ilustracion_plana_color,1280,794,"gris, dinosaurio, estegosaurio, antiguo, zapatillas con clavos, prehistórico, lagarto",Pixabay,cesar_munguia,00246a4a7391d140afb9754577eff3c48843eeb8
cesar_munguia_img_0249,pixabay_46299_dinosaur_reptile_ancient_prehistoric_lizard_dino_j.png,dinosaurios_y_prehistoria,ilustracion_plana_color,1165,1280,"dinosaurio, reptil, antiguo, prehistórico, lagartija, dino, jurásico",Pixabay,cesar_munguia,ff965678757816e80f937458204b9a4f5750a652
cesar_munguia_img_0250,pixabay_7437418_brachiosaurus_dinosaur_reptile_prehistoric_dino_mo.png,dinosaurios_y_prehistoria,ilustracion_plana_color,1277,1280,"braquiosaurio, dinosaurio, reptil, prehistórico, dino, monstruo, extinto",Pixabay,cesar_munguia,8ebb413dadedfc7edad7694990fa8d51c44fc50b
cesar_munguia_img_0251,pixabay_2204917_reindeer_christmas_holiday_xmas_season_cute_cartoo.png,dinosaurios_y_prehistoria,ilustracion_plana_color,1280,905,"reno, navidad, vacaciones, temporada, lindas, dibujos animados",Pixabay,cesar_munguia,8a124f41c99d99bf98f96943490a325a75ff8d6e
cesar_munguia_img_0252,pixabay_44847_brown_running_dinosaur_walking_ancient_dinosaur_di.png,dinosaurios_y_prehistoria,ilustracion_plana_color,1280,699,"marrón, corriendo, dinosaurio, para caminar, antiguo",Pixabay,cesar_munguia,01f4804ad6c9c70a09cb635a753312f09fd5304e
cesar_munguia_img_0253,pixabay_1680376_dinosaur_primeval_times_spinosaurus_carnivorous_di.png,dinosaurios_y_prehistoria,ilustracion_plana_color,1280,1280,"dinosaurio, tiempos primitivos, espinosaurio, dinosaurio carnívoro, carnívoros, depredador, dino",Pixabay,cesar_munguia,224dd2621767e0833e1398e353be6ba9f1fa2897
cesar_munguia_img_0254,pixabay_46249_dinosaur_walking_creature_reptile_ancient_dinosaur.png,dinosaurios_y_prehistoria,ilustracion_plana_color,1280,640,"dinosaurio, para caminar, criatura, reptil, antigua",Pixabay,cesar_munguia,21e2b147af0f915a2716f39dbeec91d8d983d533
cesar_munguia_img_0255,pixabay_41059_stamp_dino_dinosaur_mount_55_postcard_green_dinosa.png,dinosaurios_y_prehistoria,ilustracion_plana_color,1280,1246,"sello, dino, dinosaurio, montar, 55, tarjeta postal, dinosaurio verde",Pixabay,cesar_munguia,3551b0cd11a9fb9285dde8705ecf4520a1009ac6
cesar_munguia_img_0256,pixabay_311065_dinosaur_diplodocus_silhouette_orange_cute_dinosau.png,dinosaurios_y_prehistoria,ilustracion_plana_color,893,1280,"dinosaurio, diplodocus, silueta, naranja, linda",Pixabay,cesar_munguia,cb3a3f6d3d906fd4f63eb4559b4f23aca493e279
cesar_munguia_img_0257,pixabay_2833643_dinosaur_dino_the_silhouette_without_background_ga.png,dinosaurios_y_prehistoria,ilustracion_plana_color,1280,1146,"dinosaurio, dino, la silueta, sin fondo, gad, naturaleza, vectores",Pixabay,cesar_munguia,9352240ee53abe665fc42fe7f95ee8ede5ff9c68
cesar_munguia_img_0258,pixabay_6629866_dinosaur_allosaurus_prehistoric_extinct_predator_d.jpg,dinosaurios_y_prehistoria,ilustracion_plana_color,1280,905,"dinosaurio, alosaurio, prehistórico, extinto, depredador, dibujo, bosquejo",Pixabay,cesar_munguia,0467c380338002fd9d8298c96847aa1ed37ccc16
cesar_munguia_img_0259,pixabay_186454_dinosaur_green_reptile_male_dinocerata_children_di.png,dinosaurios_y_prehistoria,ilustracion_plana_color,997,1280,"dinosaurio, verde, reptil, masculino, dinocerata, niños, dino",Pixabay,cesar_munguia,2bbec3717eeb14d20a0abc0c2949b503b3def3cb
cesar_munguia_img_0260,pixabay_2722274_dinosaur_dino_the_silhouette_without_background_ga.png,dinosaurios_y_prehistoria,ilustracion_plana_color,1280,1146,"dinosaurio, dino, la silueta, sin fondo, gad, vectores, negras",Pixabay,cesar_munguia,d287fc3335f493d535281c06b4f98dc4d5b68b73
cesar_munguia_img_0261,pixabay_304820_elephant_cartoon_cute_pink_pink_cartoon_elephant_e.png,dinosaurios_y_prehistoria,ilustracion_plana_color,1280,1077,"elefante, dibujos animados, linda, rosa, dibujos animados rosa",Pixabay,cesar_munguia,bfd4bac36a4e25336df9f3376686ee99572523f2
cesar_munguia_img_0262,pixabay_575031_gallimimus_dinosaur_reptile_giant_lizard_lizard_or.png,dinosaurios_y_prehistoria,ilustracion_plana_color,1280,882,"gallimimus, dinosaurio, reptil, lagarto gigante, lagartija, dinosaurio terópodo ornitomimido, jurásico",Pixabay,cesar_munguia,9f8c4e4363bd4d627bc517481d7510bf59b9c2b0
cesar_munguia_img_0263,pixabay_2204244_good_girls_cloud_star_ladder_cute_wallpaper_good_g.png,dinosaurios_y_prehistoria,ilustracion_plana_color,960,1280,"fondo de pantalla bueno, chicas, nube, estrella, escalera, lindo",Pixabay,cesar_munguia,fa7fefd774cfead4d2f06a537f20cd21e33e212d
cesar_munguia_img_0264,pixabay_4237675_dinosaur_toy_cute_girl_boy_extinct_dino_animal_rep.png,dinosaurios_y_prehistoria,ilustracion_plana_color,1280,1024,"dinosaurio, juguete, linda, niña, niño, extinto, dino",Pixabay,cesar_munguia,1b5c1593a3e8d8412c2a7fb8a34064bec7b21468
cesar_munguia_img_0265,pixabay_6351289_dinosaur_animal_cartoon_brontosaurus_dino_wildlife.png,dinosaurios_y_prehistoria,ilustracion_plana_color,1280,965,"dinosaurio, animal, dibujos animados, brontosaurio, dino, fauna silvestre, prehistórico",Pixabay,cesar_munguia,172d9c84983e652426139ec9e9fcd96b954261a3
cesar_munguia_img_0266,pixabay_1299670_bones_brontosaurus_dino_dinosaur_evolution_history.png,dinosaurios_y_prehistoria,ilustracion_plana_color,1280,640,"huesos, brontosaurio, dino, dinosaurio, evolución, historia, colegio",Pixabay,cesar_munguia,00f73d0846ef287810a51a940a2801a8a13a6aff
cesar_munguia_img_0267,pixabay_1295363_brontosaurus_dinosaur_dinosaurs_jurassic_reptile_r.png,dinosaurios_y_prehistoria,ilustracion_plana_color,1280,736,"brontosaurio, dinosaurio, dinosaurios, jurásico, reptil, reptiles, saurópodo",Pixabay,cesar_munguia,39f6632220f4e758ed42100c4653625ffc72f3fb
cesar_munguia_img_0268,pixabay_47905_dinosaur_brontosaurus_monster_ancient_extinct_preh.png,dinosaurios_y_prehistoria,ilustracion_plana_color,1161,1280,"dinosaurio, brontosaurio, monstruo, antiguo, extinto, prehistórico, lagartija",Pixabay,cesar_munguia,8d94f97031ebbe35a1f0e11618976619145eb8d7
cesar_munguia_img_0269,pixabay_297004_brontosaurus_dinosaur_dino_prehistoric_green_natur.png,dinosaurios_y_prehistoria,ilustracion_plana_color,1280,1083,"brontosaurio, dinosaurio, dino, prehistórico, verde, naturaleza, animal",Pixabay,cesar_munguia,41559b09dad79320c3153463676608f3828b4074
cesar_munguia_img_0270,pixabay_48209_dinosaur_long_tail_reptiles_predator_extinct_anima.png,dinosaurios_y_prehistoria,ilustracion_plana_color,1280,727,"dinosaurio, largo, cola, reptiles, depredador, extinto, animales",Pixabay,cesar_munguia,be12a90a5cd2cc360b49af4f44e4e64ac0a65199
cesar_munguia_img_0271,pixabay_297003_brontosaurus_dinosaur_dino_prehistoric_green_anima.png,dinosaurios_y_prehistoria,ilustracion_plana_color,1280,787,"brontosaurio, dinosaurio, dino, prehistórico, verde, animal, extinto",Pixabay,cesar_munguia,85e21f31287fdad41d6d35661c0d25516060b254
cesar_munguia_img_0272,pixabay_308905_brontosaurus_extinct_prehistoric_jurassic_creature.png,dinosaurios_y_prehistoria,ilustracion_plana_color,1280,965,"brontosaurio, extinto, prehistórico, jurásico, criatura, antiguo, rapaz",Pixabay,cesar_munguia,b614b2615c7d95ceedff9a8aebf83652466a2437
cesar_munguia_img_0273,pixabay_47906_brontosaurus_dinosaur_animal_ancient_extinct_prehi.png,dinosaurios_y_prehistoria,ilustracion_plana_color,1280,640,"brontosaurio, dinosaurio, animal, antiguo, extinto, prehistórico, jurásico",Pixabay,cesar_munguia,a11f8cb33bb2f943eae9c4dca330822a93b51c70
cesar_munguia_img_0274,pixabay_46294_dinosaur_ancient_reptile_brontosaurus_prehistoric.png,dinosaurios_y_prehistoria,ilustracion_plana_color,1280,797,"dinosaurio, antiguo, reptil, brontosaurio, prehistórico, jurásico, paleontología",Pixabay,cesar_munguia,64f6fc885f919fa11c3c6455afd2464e1e2232fa
cesar_munguia_img_0275,pixabay_30675_brontosaurus_dinosaur_silhouette_extinct_animals_l.png,dinosaurios_y_prehistoria,ilustracion_plana_color,1280,1223,"brontosaurio, dinosaurio, silueta, extinto, animales, cuello largo, cola",Pixabay,cesar_munguia,11b578792391339e6672e640ca9737b32a9ce187
cesar_munguia_img_0276,pixabay_47902_dinosaur_prehistoric_ancient_animal_reptile_jurass.png,dinosaurios_y_prehistoria,ilustracion_plana_color,1280,957,"dinosaurio, prehistórico, antiguo, animal, reptil, jurásico, lagarto",Pixabay,cesar_munguia,e173c3da5fcc5a8fd9233097c47c9b04e0277290
cesar_munguia_img_0277,pixabay_47908_prehistoric_dinosaur_animal_tail_nature_ancient_ex.png,dinosaurios_y_prehistoria,ilustracion_plana_color,1131,1280,"prehistórico, dinosaurio, animal, cola, naturaleza, antigua, extinto",Pixabay,cesar_munguia,3e8db7bc6d483050fbc986887c7040545ca96f97
cesar_munguia_img_0278,pixabay_2263376_cartoon_art_cartoon_art_cartoon_vector_cartoon_car.png,dinosaurios_y_prehistoria,ilustracion_plana_color,904,1280,"arte de dibujos animados, dibujos animados, arte, vector de dibujos animados",Pixabay,cesar_munguia,eeb77628ad95968ddcbe76e029aa941e85dc1bb0
cesar_munguia_img_0279,pixabay_2187345_egg_duck_place_brood_chick_easter_easter_festival.png,dinosaurios_y_prehistoria,ilustracion_plana_color,1280,880,"huevo, pato, lugar, cría, polluelo, pascua, festival de pascua",Pixabay,cesar_munguia,def38b68df84a7278965045b959de9c9c93c5fad
cesar_munguia_img_0280,pixabay_9990569_dinosaur_hearts_love_romantic_valentine_couple_cli.png,dinosaurios_y_prehistoria,ilustracion_plana_color,1280,1280,"dinosaurio, copas, amor, romántico, enamorado, pareja, clipart",Pixabay,cesar_munguia,4da3be24d04d07d9b10c9de9ce89573652aed4f3
cesar_munguia_img_0281,pixabay_9990568_dinosaur_cartoon_valentine_love_nature_romantic_wi.png,dinosaurios_y_prehistoria,ilustracion_plana_color,1280,1280,"dinosaurio, dibujos animados, san valentín, amor, naturaleza, romántico, alas",Pixabay,cesar_munguia,286ab586a3f101a34d095418e3ca801e8254fa39
cesar_munguia_img_0282,pixabay_7144031_dinosaur_creature_reptile_species_extinct_cutout_d.png,dinosaurios_y_prehistoria,ilustracion_plana_color,983,1280,"dinosaurio, criatura, reptil, especies, extinto, recorte, dibujo",Pixabay,cesar_munguia,17d3f75cc9e31796064acf4aade9cca6d4deef05
cesar_munguia_img_0283,pixabay_307219_dinosaur_triceratops_prehistoric_extinct_neck_tail.png,dinosaurios_y_prehistoria,ilustracion_plana_color,1280,746,"dinosaurio, triceratops, prehistórico, extinto, cuello, cola, cabeza",Pixabay,cesar_munguia,328f4315448df0d1ed9b731e9fe0bf3e9170bbbb
cesar_munguia_img_0284,pixabay_1417124_lioness_lion_nature_animals_drawing_zoo_clipart.png,dinosaurios_y_prehistoria,ilustracion_plana_color,1187,1280,"leona, león, naturaleza, animales, dibujo, zoo, clipart",Pixabay,cesar_munguia,7ec135a92fc79a660491949100342927b011b285
cesar_munguia_img_0285,pinterest_0001.jpg,dinosaurios_y_prehistoria,ilustracion_plana_color,736,736,"Dinosaurio saurópodo posando, con aspecto juguetón y alegre; mostrado de cuerpo completo, con estilo de ilustración colorida de cuento infantil, en una selva prehistórica y predominio de tonos amarillos.",Pinterest,cesar_munguia,46f292f97b8288ffa2b288addac46089438829f8
cesar_munguia_img_0286,pinterest_0002.jpg,dinosaurios_y_prehistoria,ilustracion_plana_color,736,736,"Dilofosaurio posando, con aspecto juguetón y alegre; mostrado de cuerpo completo, con estilo de caricatura tierna, sobre fondo blanco o transparente y predominio de tonos amarillos.",Pinterest,cesar_munguia,98e9b04f662434c7a29dead48f3c2af1e275804e
cesar_munguia_img_0287,pinterest_0003.jpg,dinosaurios_y_prehistoria,ilustracion_plana_color,736,736,"Anquilosaurio posando, con aspecto juguetón y alegre; mostrado de cuerpo completo, con estilo de caricatura tierna, sobre fondo blanco o transparente y predominio de tonos naranjas.",Pinterest,cesar_munguia,220a70615ce943009d3bce333af320582b371eb3
cesar_munguia_img_0288,pinterest_0004.jpg,dinosaurios_y_prehistoria,ilustracion_plana_color,736,736,"Parasaurolophus posando, con aspecto juguetón y alegre; mostrado de cuerpo completo, con estilo de caricatura tierna, sobre fondo blanco o transparente y predominio de tonos claros.",Pinterest,cesar_munguia,e670171935289e65c00305a23a3e880916badd68
cesar_munguia_img_0289,pinterest_0005.jpg,dinosaurios_y_prehistoria,ilustracion_plana_color,736,736,"Espinosaurio posando, con aspecto juguetón y alegre; mostrado de cuerpo completo, con estilo de caricatura tierna, sobre fondo blanco o transparente y predominio de tonos claros.",Pinterest,cesar_munguia,32df430845f092efbfe6fa4b861eeccade656af8
cesar_munguia_img_0290,pinterest_0006.jpg,dinosaurios_y_prehistoria,ilustracion_plana_color,437,450,"Fósil de dinosaurio expuesto; mostrado de cuerpo completo, con estilo de icono vectorial plano, en un museo o excavación de fósiles y predominio de tonos naranjas.",Pinterest,cesar_munguia,411b2690be9075083f3f6c72a594a90f20df76ba
cesar_munguia_img_0291,pinterest_0007.jpg,dinosaurios_y_prehistoria,ilustracion_plana_color,736,736,"Velociraptor posando, con aspecto juguetón y alegre; mostrado de cuerpo completo, con estilo de caricatura tierna, sobre fondo blanco o transparente y predominio de tonos claros.",Pinterest,cesar_munguia,498681dfd5f1fecd16d56e912bf7d7da676e9272
cesar_munguia_img_0292,pinterest_0008.jpg,dinosaurios_y_prehistoria,ilustracion_plana_color,418,470,"Fósil de dinosaurio expuesto; mostrado de cuerpo completo, con estilo de icono vectorial plano, sobre fondo blanco o transparente y predominio de tonos marrones.",Pinterest,cesar_munguia,3d62fd0fbd4406b4cf1f8ffd3ec2fe3bcda8c8e4
cesar_munguia_img_0293,pinterest_0009.jpg,dinosaurios_y_prehistoria,ilustracion_plana_color,736,736,"Estegosaurio posando, con aspecto juguetón y alegre; integrado en una escena detallada, con estilo de caricatura tierna, en una selva prehistórica y predominio de tonos turquesa.",Pinterest,cesar_munguia,d9b9e9d81ec41746c3983a478ab3a5411d6c1b57
cesar_munguia_img_0294,pinterest_0010.jpg,dinosaurios_y_prehistoria,ilustracion_plana_color,736,736,"Anquilosaurio jugando alegremente, con aspecto juguetón y alegre; integrado en una escena detallada, con estilo de caricatura tierna, en una selva prehistórica y predominio de tonos azules.",Pinterest,cesar_munguia,2820c9e3870b5bc41130092ccb785b490eddc0b2
cesar_munguia_img_0295,pinterest_0011.jpg,dinosaurios_y_prehistoria,ilustracion_plana_color,728,900,"Pterosaurio volando, con aspecto amistoso y sonriente; mostrado de cuerpo completo, con estilo de caricatura tierna, sobre fondo blanco o transparente y predominio de tonos morados.",Pinterest,cesar_munguia,0df5f8b013b2b5d606077206d0e0724f9c892eeb
cesar_munguia_img_0296,pinterest_0012.jpg,dinosaurios_y_prehistoria,ilustracion_plana_color,429,400,"Parasaurolophus posando, con aspecto amistoso y sonriente; mostrado de cuerpo completo, con estilo de caricatura tierna, sobre fondo blanco o transparente y predominio de tonos amarillos.",Pinterest,cesar_munguia,bf648c42129cc48560c04833cd0045727eff9cac
cesar_munguia_img_0297,pinterest_0013.jpg,dinosaurios_y_prehistoria,ilustracion_plana_color,736,686,"Parasaurolophus posando, con aspecto amistoso y sonriente; mostrado de cuerpo completo, con estilo de caricatura tierna, sobre fondo blanco o transparente y predominio de tonos amarillos.",Pinterest,cesar_munguia,a2b751dba791d934ed9f44ee7684d13ec21072bf
cesar_munguia_img_0298,pinterest_0014.jpg,dinosaurios_y_prehistoria,ilustracion_plana_color,736,736,"Grupo de mosasaurios nadando, con aspecto juguetón y alegre; mostrado de cuerpo completo, con estilo de caricatura tierna, sobre un fondo de color sencillo y predominio de tonos azules.",Pinterest,cesar_munguia,4d7560daef662c24d58217d2bb497110e90cf99e
cesar_munguia_img_0299,pinterest_0015.jpg,dinosaurios_y_prehistoria,ilustracion_plana_color,736,817,"Tiranosaurio rex de pie y posando, con aspecto amistoso y sonriente; mostrado de cuerpo completo, con estilo de icono vectorial plano, sobre un fondo de color sencillo y predominio de tonos azules.",Pinterest,cesar_munguia,8446e66cd69b0936be515aae7c523acc62236825
cesar_munguia_img_0300,pinterest_0016.jpg,dinosaurios_y_prehistoria,ilustracion_plana_color,1280,1280,"Tiranosaurio rex posando, con aspecto juguetón y alegre; mostrado de cuerpo completo, con estilo de caricatura tierna, sobre un fondo de color sencillo y predominio de tonos rosas.",Pinterest,cesar_munguia,b590170c0113d1cc45d5d85bede07332a7c48192
cesar_munguia_img_0301,pinterest_0017.jpg,dinosaurios_y_prehistoria,ilustracion_plana_color,1280,1280,"Tiranosaurio rex posando, con aspecto amistoso y sonriente; mostrado de cuerpo completo, con estilo de caricatura tierna, sobre fondo blanco o transparente y predominio de tonos rosas.",Pinterest,cesar_munguia,efe934fbef0ac57c72be039bfb044a74d47138e8
cesar_munguia_img_0302,pinterest_0018.jpg,dinosaurios_y_prehistoria,ilustracion_plana_color,1280,1280,"Tiranosaurio rex posando, con aspecto juguetón y alegre; mostrado de cuerpo completo, con estilo de caricatura tierna, sobre fondo blanco o transparente y predominio de tonos rosas.",Pinterest,cesar_munguia,f68c11b73c3a3d7a4214e777b74472bdbd87bc71
cesar_munguia_img_0303,pinterest_0019.png,dinosaurios_y_prehistoria,ilustracion_plana_color,1216,1280,"Tiranosaurio rex posando, con aspecto amistoso y sonriente; mostrado de cuerpo completo, con estilo de caricatura tierna, sobre fondo blanco o transparente y predominio de tonos claros.",Pinterest,cesar_munguia,ea20e8b4c36d05225ba5f95c354118d8f40d0d7a
cesar_munguia_img_0304,pinterest_0020.jpg,dinosaurios_y_prehistoria,ilustracion_plana_color,1280,1280,"Tiranosaurio rex posando, con aspecto juguetón y alegre; mostrado de cuerpo completo, con estilo de caricatura tierna, sobre un fondo de color sencillo y predominio de tonos rojos.",Pinterest,cesar_munguia,5fc9cb87052ff0e5bec7b44b8d750e39bc2ffdf8
cesar_munguia_img_0305,pinterest_0021.jpg,dinosaurios_y_prehistoria,ilustracion_plana_color,626,623,"Dinosaurio saurópodo rugiendo con la boca abierta, con aspecto juguetón y alegre; mostrado de cuerpo completo, con estilo de icono vectorial plano, sobre un fondo de color sencillo y predominio de tonos azules.",Pinterest,cesar_munguia,fb76c306be5dcdfa1a385cf919abf9b794e0263e
cesar_munguia_img_0306,pinterest_0022.jpg,dinosaurios_y_prehistoria,ilustracion_plana_color,640,640,"Dinosaurio posando, con aspecto juguetón y alegre; mostrado de cuerpo completo, con estilo de icono vectorial plano, sobre fondo blanco o transparente y predominio de tonos claros.",Pinterest,cesar_munguia,251084cfad386f3c0bb335be70f0e3e26a092135
cesar_munguia_img_0307,pinterest_0023.png,dinosaurios_y_prehistoria,ilustracion_plana_color,1280,1280,"Tiranosaurio rex posando, con aspecto juguetón y alegre; mostrado de cuerpo completo, con estilo de caricatura tierna, sobre un fondo de color sencillo y predominio de tonos amarillos.",Pinterest,cesar_munguia,22c995b84548b4bb5d2e36c81ffd325aa623362a
cesar_munguia_img_0308,pinterest_0024.jpg,dinosaurios_y_prehistoria,ilustracion_plana_color,736,1009,"Parasaurolophus posando, con aspecto amistoso y sonriente; mostrado de cuerpo completo, con estilo de caricatura tierna, sobre fondo blanco o transparente y predominio de tonos verdes.",Pinterest,cesar_munguia,bead319f884e91f28aa9f75638719ca01e8429f1
cesar_munguia_img_0309,pinterest_0025.jpg,dinosaurios_y_prehistoria,ilustracion_plana_color,684,1280,"Triceratops posando, con aspecto juguetón y alegre; mostrado de cuerpo completo, con estilo de caricatura tierna, sobre un fondo de color sencillo y predominio de tonos azules.",Pinterest,cesar_munguia,60c998b26f774594f9ef901744395d95d4cf3599
cesar_munguia_img_0310,pinterest_0026.jpg,dinosaurios_y_prehistoria,ilustracion_plana_color,736,736,"Velociraptor posando, con aspecto juguetón y alegre; mostrado de cuerpo completo, con estilo de caricatura tierna, sobre un fondo de color sencillo y predominio de tonos azules.",Pinterest,cesar_munguia,b8f85d6a02a6ecfac976b88d9878bbee30508041
cesar_munguia_img_0311,pinterest_0027.jpg,dinosaurios_y_prehistoria,ilustracion_plana_color,736,736,"Tiranosaurio rex rugiendo con la boca abierta, con aspecto amistoso y sonriente; mostrado de cuerpo completo, con estilo de caricatura tierna, sobre un fondo de color sencillo y predominio de tonos amarillos.",Pinterest,cesar_munguia,79208b2d88b8cae08be52354364f71c8095d1f28
cesar_munguia_img_0312,pinterest_0028.jpg,dinosaurios_y_prehistoria,ilustracion_plana_color,664,1000,"Estegosaurio sentado, con aspecto juguetón y alegre; integrado en una escena detallada, con estilo de ilustración colorida de cuento infantil, en una selva prehistórica y predominio de tonos claros.",Pinterest,cesar_munguia,40cf18c3edf5da0da73313b13c54e6c43c1f766e
cesar_munguia_img_0313,pinterest_0029.jpg,dinosaurios_y_prehistoria,ilustracion_plana_color,626,423,"Tiranosaurio rex de pie y posando, con aspecto juguetón y alegre; mostrado de cuerpo completo, con estilo de icono vectorial plano, sobre fondo blanco o transparente y predominio de tonos naranjas.",Pinterest,cesar_munguia,e54a687d30dabd53a76ca70d9a0ccce9da2f8274
cesar_munguia_img_0314,pinterest_0030.jpg,dinosaurios_y_prehistoria,ilustracion_plana_color,736,748,"Triceratops rugiendo con la boca abierta, con aspecto amistoso y sonriente; mostrado de cuerpo completo, con estilo de caricatura tierna, sobre fondo blanco o transparente y predominio de tonos verdes.",Pinterest,cesar_munguia,7be2746283346d4b9d92d884b45e02fbdcab8958
cesar_munguia_img_0316,pinterest_0032.png,dinosaurios_y_prehistoria,ilustracion_plana_color,1280,964,"Triceratops rugiendo con la boca abierta, con aspecto amistoso y sonriente; mostrado de cuerpo completo, con estilo de icono vectorial plano, sobre fondo blanco o transparente y predominio de tonos verdes.",Pinterest,cesar_munguia,7a5824790e2787d2e9d152a8877eab644535c2e8
cesar_munguia_img_0317,pinterest_0033.png,dinosaurios_y_prehistoria,ilustracion_plana_color,1280,789,"Estegosaurio rugiendo con la boca abierta, con aspecto feroz o enfadado; mostrado de cuerpo completo, con estilo de render tridimensional, sobre un fondo de color sencillo y predominio de tonos verdes.",Pinterest,cesar_munguia,92cacc9a361d7d4cd3626545612cb1fb06afecdf
cesar_munguia_img_0318,pinterest_0034.png,dinosaurios_y_prehistoria,ilustracion_plana_color,1280,1224,"Tiranosaurio rex rugiendo con la boca abierta, con aspecto amistoso y sonriente; mostrado de cuerpo completo, con estilo de icono vectorial plano, sobre un fondo de color sencillo y predominio de tonos rosas.",Pinterest,cesar_munguia,4645bb75a6707db278fa47e4890fabc4af315309
cesar_munguia_img_0319,pinterest_0035.png,dinosaurios_y_prehistoria,ilustracion_plana_color,1280,948,"Estegosaurio rugiendo con la boca abierta, con aspecto feroz o enfadado; mostrado de cuerpo completo, con estilo de icono vectorial plano, sobre un fondo de color sencillo y predominio de tonos marrones.",Pinterest,cesar_munguia,0785df46db51cd1c1dbf6b5fe16b63151d18e87f
cesar_munguia_img_0320,pinterest_0036.png,dinosaurios_y_prehistoria,ilustracion_plana_color,1280,738,"Grupo de estegosaurios posando, con aspecto amistoso y sonriente; mostrado de cuerpo completo, con estilo de icono vectorial plano, sobre fondo blanco o transparente y predominio de tonos rojos.",Pinterest,cesar_munguia,6bed511f293108951afdd29ace2f958b6d9e7bbd
cesar_munguia_img_0321,pinterest_0037.jpg,dinosaurios_y_prehistoria,ilustracion_plana_color,905,1280,"Grupo de velociraptors rugiendo con la boca abierta, con aspecto juguetón y alegre; integrado en una escena detallada, con estilo de dibujo hecho a mano, en una selva prehistórica y predominio de tonos grises.",Pinterest,cesar_munguia,dad06348e1e3d2b14d26108b9e1d91186301c6ea
cesar_munguia_img_0322,pinterest_0038.jpg,dinosaurios_y_prehistoria,ilustracion_plana_color,1280,905,"Alosaurio rugiendo con la boca abierta, con aspecto amistoso y sonriente; mostrado de cuerpo completo, con estilo de dibujo hecho a mano, sobre un fondo de color sencillo y predominio de tonos claros.",Pinterest,cesar_munguia,cf4d53d913feb658bf2a984e6b04271548c3890c
cesar_munguia_img_0323,pinterest_0039.png,dinosaurios_y_prehistoria,ilustracion_plana_color,1280,1280,"Tiranosaurio rex sentado, con aspecto amistoso y sonriente; mostrado de cuerpo completo, con estilo de icono vectorial plano, sobre fondo blanco o transparente y predominio de tonos verdes.",Pinterest,cesar_munguia,dc6e6ccfa1ac01bcefb15f73bfd5833221bd1737
cesar_munguia_img_0324,pinterest_0040.png,dinosaurios_y_prehistoria,ilustracion_plana_color,1280,1280,"Velociraptor de pie y posando, con aspecto juguetón y alegre; mostrado de cuerpo completo, con estilo de arte pixelado, sobre un fondo de color sencillo y predominio de tonos claros.",Pinterest,cesar_munguia,6c1bc73dc5c953494e1c340bd21be2e7fa000ef2
cesar_munguia_img_0325,pinterest_0041.png,dinosaurios_y_prehistoria,ilustracion_plana_color,1280,889,"Tiranosaurio rex rugiendo con la boca abierta, con aspecto amistoso y sonriente; mostrado de cuerpo completo, con estilo de render tridimensional, sobre un fondo de color sencillo y predominio de tonos verdes.",Pinterest,cesar_munguia,73a50e6e995337fc0d5bd08ecffdf2888de96042
cesar_munguia_img_0326,pinterest_0042.jpg,dinosaurios_y_prehistoria,ilustracion_plana_color,931,1280,"Tiranosaurio rex sentado, con aspecto amistoso y sonriente; integrado en una escena detallada, con estilo de dibujo hecho a mano, en una selva prehistórica y predominio de tonos claros.",Pinterest,cesar_munguia,89017e1cb24116d1510ebb52424ea715083eb673
cesar_munguia_img_0327,pinterest_0043.png,dinosaurios_y_prehistoria,ilustracion_plana_color,1280,759,"Fósil de dinosaurio expuesto; representado como una silueta sencilla, con estilo de icono vectorial plano, sobre fondo blanco o transparente y predominio de tonos claros.",Pinterest,cesar_munguia,1a304e4ad5b8a7baad288b9522985d61362f51d0
cesar_munguia_img_0328,pinterest_0044.jpg,dinosaurios_y_prehistoria,ilustracion_plana_color,630,630,"Tiranosaurio rex comiendo, con aspecto amistoso y sonriente; mostrado de cuerpo completo, con estilo de caricatura tierna, sobre un fondo de color sencillo y predominio de tonos rojos.",Pinterest,cesar_munguia,c706549d6688a2471884c7c837afcde138b90e80
cesar_munguia_img_0329,pinterest_0045.png,dinosaurios_y_prehistoria,ilustracion_plana_color,1280,863,"Fósil de dinosaurio expuesto; mostrado de cuerpo completo, con estilo de ilustración colorida de cuento infantil, sobre un fondo de color sencillo y predominio de tonos amarillos.",Pinterest,cesar_munguia,b5c004e958cae31257bb70ccff00aff8df229d6d
cesar_munguia_img_0330,pinterest_0046.png,dinosaurios_y_prehistoria,ilustracion_plana_color,653,1280,"Tiranosaurio rex comiendo, con aspecto feroz o enfadado; mostrado de cuerpo completo, con estilo de caricatura tierna, sobre fondo blanco o transparente y predominio de tonos verdes.",Pinterest,cesar_munguia,a35a93ca889f0f7bdb6814af566b3705eac2d08a
cesar_munguia_img_0331,pinterest_0047.png,dinosaurios_y_prehistoria,ilustracion_plana_color,1280,640,"Tiranosaurio rex de pie y posando, con aspecto amistoso y sonriente; mostrado de cuerpo completo, con estilo de render tridimensional, sobre un fondo de color sencillo y predominio de tonos azules.",Pinterest,cesar_munguia,c6014552452624c0c13c089fcbeea64b2ee7d5e8
cesar_munguia_img_0332,pinterest_0048.png,dinosaurios_y_prehistoria,ilustracion_plana_color,794,1280,"Tiranosaurio rex rugiendo con la boca abierta, con aspecto feroz o enfadado; mostrado de cuerpo completo, con estilo de render tridimensional, sobre fondo blanco o transparente y predominio de tonos azules.",Pinterest,cesar_munguia,806aca3779c4a9c1d2bb8b38377fcffbf5ef02e1
cesar_munguia_img_0333,pinterest_0049.png,dinosaurios_y_prehistoria,ilustracion_plana_color,1185,1280,"Tiranosaurio rex rugiendo con la boca abierta, con aspecto juguetón y alegre; mostrado de cuerpo completo, con estilo de render tridimensional, sobre fondo blanco o transparente y predominio de tonos verdes.",Pinterest,cesar_munguia,b3659b60e866e25101f00f7606835ac441785716
cesar_munguia_img_0334,pinterest_0050.png,dinosaurios_y_prehistoria,ilustracion_plana_color,1253,1280,"Tiranosaurio rex posando, con aspecto juguetón y alegre; representado como una silueta sencilla, con estilo de arte pixelado, sobre un fondo de color sencillo y predominio de tonos azules.",Pinterest,cesar_munguia,efddb158ba75089d3e1d8dfff410f520cb8a638b
cesar_munguia_img_0335,pinterest_0051.jpg,dinosaurios_y_prehistoria,ilustracion_plana_color,735,294,"Triceratops posando, con aspecto feroz o enfadado; mostrado de cuerpo completo, con estilo de icono vectorial plano, sobre fondo blanco o transparente y predominio de tonos marrones.",Pinterest,cesar_munguia,c6b0250827320d36a6e5ec78a3d53ba3dd0c7904
cesar_munguia_img_0336,pinterest_0052.jpg,dinosaurios_y_prehistoria,ilustracion_plana_color,626,612,"Pareja de triceratops posando, con aspecto juguetón y alegre; mostrado de cuerpo completo, con estilo de icono vectorial plano, sobre fondo blanco o transparente y predominio de tonos verdes.",Pinterest,cesar_munguia,8bf69cec44b0e3134bb3977b56a693d5ce66f513
cesar_munguia_img_0337,pinterest_0053.jpg,dinosaurios_y_prehistoria,ilustracion_plana_color,626,552,"Tiranosaurio rex posando, con aspecto amistoso y sonriente; mostrado de cuerpo completo, con estilo de icono vectorial plano, sobre un fondo de color sencillo y predominio de tonos naranjas.",Pinterest,cesar_munguia,776a326c36cc77a4dcab267d57b02cd15f536f3d
cesar_munguia_img_0338,pinterest_0054.jpg,dinosaurios_y_prehistoria,ilustracion_plana_color,720,695,"Pareja de dilofosaurios posando, con aspecto feroz o enfadado; mostrado de cuerpo completo, con estilo de ilustración colorida de cuento infantil, sobre un fondo de color sencillo y predominio de tonos naranjas.",Pinterest,cesar_munguia,249d76a50f3c355aad319436524cb75020493433
cesar_munguia_img_0339,pinterest_0055.jpg,dinosaurios_y_prehistoria,ilustracion_plana_color,736,1104,"Tiranosaurio rex rugiendo con la boca abierta, con aspecto amistoso y sonriente; mostrado de cuerpo completo, con estilo de caricatura tierna, sobre fondo blanco o transparente y predominio de tonos claros.",Pinterest,cesar_munguia,f5602b1168c34c8f2a8ff26084b324733f7aaca5
cesar_munguia_img_0340,pinterest_0056.jpg,dinosaurios_y_prehistoria,ilustracion_plana_color,736,799,"Carnotauro posando, con aspecto amistoso y sonriente; mostrado de cuerpo completo, con estilo de caricatura tierna, sobre fondo blanco o transparente y predominio de tonos claros.",Pinterest,cesar_munguia,5c357a594269200622947d31bf81a9edc0f95563
cesar_munguia_img_0341,pinterest_0057.jpg,dinosaurios_y_prehistoria,ilustracion_plana_color,736,1288,"Triceratops posando, con aspecto feroz o enfadado; mostrado de cuerpo completo, con estilo de icono vectorial plano, sobre fondo blanco o transparente y predominio de tonos verdes.",Pinterest,cesar_munguia,a5b229631b3cdc3f278491e5d9f5aea12467fdf1
cesar_munguia_img_0342,pinterest_0058.jpg,dinosaurios_y_prehistoria,ilustracion_plana_color,736,736,"Pareja de tiranosaurios rex posando, con aspecto juguetón y alegre; mostrado de cuerpo completo, con estilo de ilustración colorida de cuento infantil, sobre un fondo de color sencillo y predominio de tonos azules.",Pinterest,cesar_munguia,700b03aa6916465b8d8bf48d444d02b9ffe57bbd
cesar_munguia_img_0343,pinterest_0059.jpg,dinosaurios_y_prehistoria,ilustracion_plana_color,235,248,"Velociraptor rugiendo con la boca abierta, con aspecto amistoso y sonriente; mostrado de cuerpo completo, con estilo de icono vectorial plano, sobre fondo blanco o transparente y predominio de tonos naranjas.",Pinterest,cesar_munguia,056bf6e636e3d7cb10d9b1bfc669e93babeac657
cesar_munguia_img_0344,pinterest_0060.jpg,dinosaurios_y_prehistoria,ilustracion_plana_color,736,1288,"Anquilosaurio peleando, con aspecto amistoso y sonriente; mostrado de cuerpo completo, con estilo de icono vectorial plano, sobre fondo blanco o transparente y predominio de tonos verdes.",Pinterest,cesar_munguia,2482296d989d92b1658e1f3c455f591653d9f500
cesar_munguia_img_0345,pinterest_0061.jpg,dinosaurios_y_prehistoria,ilustracion_plana_color,400,400,"Ser humano prehistórico peleando, con aspecto tranquilo y de expresión neutra; mostrado de cuerpo completo, con estilo de icono vectorial plano, sobre un fondo de color sencillo y predominio de tonos claros.",Pinterest,cesar_munguia,5aaf3f8d8816fe3ced188fc4a6333a54eeb63281
cesar_munguia_img_0346,pinterest_0062.jpg,dinosaurios_y_prehistoria,ilustracion_plana_color,612,612,"Huella de dinosaurio marcada sobre el terreno; mostrado de cuerpo completo, con estilo de icono vectorial plano, sobre un fondo de color sencillo y predominio de tonos naranjas.",Pinterest,cesar_munguia,b07b94aa60df4ebcd84caf0ce0b09d1372953267
cesar_munguia_img_0347,pinterest_0063.jpg,dinosaurios_y_prehistoria,ilustracion_plana_color,735,937,"Tiranosaurio rex posando, con aspecto amistoso y sonriente; mostrado de cuerpo completo, con estilo de caricatura tierna, sobre un fondo de color sencillo y predominio de tonos claros.",Pinterest,cesar_munguia,5e931c2c3325d8d9590c5eb6bb429b95316b7c56
cesar_munguia_img_0348,pinterest_0064.jpg,dinosaurios_y_prehistoria,ilustracion_plana_color,722,1024,"Parasaurolophus posando, con aspecto juguetón y alegre; mostrado de cuerpo completo, con estilo de caricatura tierna, en una selva prehistórica y predominio de tonos naranjas.",Pinterest,cesar_munguia,61aa3d3dac9bf1cd8e40a867b213b29e8616aa97
cesar_munguia_img_0349,pinterest_0065.jpg,dinosaurios_y_prehistoria,ilustracion_plana_color,728,545,"Tiranosaurio rex rugiendo con la boca abierta, con aspecto juguetón y alegre; mostrado de cuerpo completo, con estilo de caricatura tierna, sobre un fondo de color sencillo y predominio de tonos claros.",Pinterest,cesar_munguia,dcd4f16556543e15276287713339bc53bd0f6206
cesar_munguia_img_0350,pinterest_0066.jpg,dinosaurios_y_prehistoria,ilustracion_plana_color,736,736,"Dinosaurio saurópodo posando, con aspecto juguetón y alegre; mostrado de cuerpo completo, con estilo de ilustración colorida de cuento infantil, sobre fondo blanco o transparente y predominio de tonos azules.",Pinterest,cesar_munguia,32ac855c7dd46f4ce68380f1927a40a700c4e9d7
cesar_munguia_img_0351,pinterest_0067.jpg,dinosaurios_y_prehistoria,ilustracion_plana_color,735,1040,"Triceratops posando, con aspecto feroz o enfadado; mostrado de cuerpo completo, con estilo de dibujo hecho a mano, sobre fondo blanco o transparente y predominio de tonos claros.",Pinterest,cesar_munguia,1f457c94c229f71a4b474cee043363ad94957a85
cesar_munguia_img_0352,pinterest_0068.jpg,dinosaurios_y_prehistoria,ilustracion_plana_color,736,1288,"Tiranosaurio rex rugiendo con la boca abierta, con aspecto amistoso y sonriente; mostrado de cuerpo completo, con estilo de icono vectorial plano, sobre fondo blanco o transparente y predominio de tonos verdes.",Pinterest,cesar_munguia,c9c3ec5a078be962657a95fa844fb22a3ae60304
cesar_munguia_img_0353,pinterest_0069.jpg,dinosaurios_y_prehistoria,ilustracion_plana_color,736,1288,"Velociraptor rugiendo con la boca abierta, con aspecto amistoso y sonriente; mostrado de cuerpo completo, con estilo de icono vectorial plano, sobre fondo blanco o transparente y predominio de tonos naranjas.",Pinterest,cesar_munguia,563b50afafe6cf62fd501817ec35520859bac83a
cesar_munguia_img_0354,pinterest_0070.jpg,dinosaurios_y_prehistoria,ilustracion_plana_color,722,1024,"Dilofosaurio rugiendo con la boca abierta, con aspecto juguetón y alegre; mostrado de cuerpo completo, con estilo de caricatura tierna, sobre un fondo de color sencillo y predominio de tonos naranjas.",Pinterest,cesar_munguia,6750d19b51fabc073b832b42c9f3ca7e458ee3cf
cesar_munguia_img_0355,pinterest_0071.jpg,dinosaurios_y_prehistoria,ilustracion_plana_color,736,1051,"Pareja de estegosaurios comiendo, con aspecto juguetón y alegre; integrado en una escena detallada, con estilo de caricatura tierna, en una selva prehistórica y predominio de tonos claros.",Pinterest,cesar_munguia,32b458d269a6330ee62b359096cee81dd4ca8c01
cesar_munguia_img_0356,pinterest_0072.jpg,dinosaurios_y_prehistoria,ilustracion_plana_color,720,702,"Dinosaurio saurópodo sentado, con aspecto juguetón y alegre; mostrado de cuerpo completo, con estilo de icono vectorial plano, en una selva prehistórica y predominio de tonos amarillos.",Pinterest,cesar_munguia,c05b7bf2cf8a25d1289084d3ae94a429dfd9ae7a
cesar_munguia_img_0357,pinterest_0073.jpg,dinosaurios_y_prehistoria,ilustracion_plana_color,705,1000,"Velociraptor posando, con aspecto juguetón y alegre; mostrado de cuerpo completo, con estilo de icono vectorial plano, sobre fondo blanco o transparente y predominio de tonos azules.",Pinterest,cesar_munguia,cad7e54b5cf3eb3625f811804b1814a1d4bb0333
cesar_munguia_img_0358,pinterest_0074.jpg,dinosaurios_y_prehistoria,ilustracion_plana_color,626,497,"Espinosaurio posando, con aspecto juguetón y alegre; mostrado de cuerpo completo, con estilo de icono vectorial plano, sobre un fondo de color sencillo y predominio de tonos naranjas.",Pinterest,cesar_munguia,6f823171bbafb579d3b774eb278d5bf7b0db2da9
cesar_munguia_img_0359,pinterest_0075.jpg,dinosaurios_y_prehistoria,ilustracion_plana_color,736,981,"Tiranosaurio rex rugiendo con la boca abierta, con aspecto amistoso y sonriente; integrado en una escena detallada, con estilo de ilustración colorida de cuento infantil, en una selva prehistórica y predominio de tonos claros.",Pinterest,cesar_munguia,6269dc87465b19b110989bfb2370067988b330da
cesar_munguia_img_0360,pinterest_0076.jpg,dinosaurios_y_prehistoria,ilustracion_plana_color,256,256,"Espinosaurio posando, con aspecto juguetón y alegre; mostrado de cuerpo completo, con estilo de icono vectorial plano, sobre un fondo de color sencillo y predominio de tonos verdes.",Pinterest,cesar_munguia,63490f4149541f45fe60fb802a53ca7d6afa9029
cesar_munguia_img_0361,pinterest_0077.jpg,dinosaurios_y_prehistoria,ilustracion_plana_color,736,1288,"Triceratops peleando, con aspecto juguetón y alegre; mostrado de cuerpo completo, con estilo de icono vectorial plano, sobre fondo blanco o transparente y predominio de tonos verdes.",Pinterest,cesar_munguia,b7d6b2c8cf1c5a1dc7d1aa9cd363fbd13fe4a917
cesar_munguia_img_0362,pinterest_0078.jpg,dinosaurios_y_prehistoria,ilustracion_plana_color,480,339,"Huevo de dinosaurio saliendo del cascarón; mostrado de cuerpo completo, con estilo de ilustración colorida de cuento infantil, sobre un fondo de color sencillo y predominio de tonos azules.",Pinterest,cesar_munguia,626d02d3c264b59410c5a575b160ae7ee55ad431
cesar_munguia_img_0363,pinterest_0079.jpg,dinosaurios_y_prehistoria,ilustracion_plana_color,680,680,"Mamut prehistórico rugiendo con la boca abierta, con aspecto feroz o enfadado; mostrado de cuerpo completo, con estilo de caricatura tierna, sobre fondo blanco o transparente y predominio de tonos naranjas.",Pinterest,cesar_munguia,9e65e02cd87a5a28438999b0bf2921c77bfaa343
cesar_munguia_img_0364,pinterest_0080.jpg,dinosaurios_y_prehistoria,ilustracion_plana_color,736,1288,"Triceratops posando, con aspecto amistoso y sonriente; mostrado de cuerpo completo, con estilo de icono vectorial plano, sobre fondo blanco o transparente y predominio de tonos verdes.",Pinterest,cesar_munguia,49cb86e32ce0a5a6b534ab1a3704fe6754ecc6ba
cesar_munguia_img_0365,pinterest_0081.jpg,dinosaurios_y_prehistoria,ilustracion_plana_color,736,1288,"Triceratops posando, con aspecto juguetón y alegre; mostrado de cuerpo completo, con estilo de icono vectorial plano, sobre fondo blanco o transparente y predominio de tonos verdes.",Pinterest,cesar_munguia,8c16b5a3617aa8e6a1cc2af160e68b321a8ff452
cesar_munguia_img_0366,pinterest_0082.jpg,dinosaurios_y_prehistoria,ilustracion_plana_color,473,612,"Huella de dinosaurio marcada sobre el terreno; mostrado de cuerpo completo, con estilo de icono vectorial plano, sobre fondo blanco o transparente y predominio de tonos amarillos.",Pinterest,cesar_munguia,5bb7d0831ef0e3109e50145ef8563aaa872ae709
cesar_munguia_img_0367,pinterest_0083.jpg,dinosaurios_y_prehistoria,ilustracion_plana_color,720,682,"Mosasaurio nadando, con aspecto amistoso y sonriente; mostrado de cuerpo completo, con estilo de arte pixelado, sobre un fondo de color sencillo y predominio de tonos azules.",Pinterest,cesar_munguia,8f712f3b5f4e3bfcccafe64acff5f13f27a54aaf
cesar_munguia_img_0368,pinterest_0084.jpg,dinosaurios_y_prehistoria,ilustracion_plana_color,736,981,"Triceratops posando, con aspecto juguetón y alegre; mostrado de cuerpo completo, con estilo de dibujo hecho a mano, sobre fondo blanco o transparente y predominio de tonos claros.",Pinterest,cesar_munguia,0bb9b8a7cd2a6d39468aeceb3d2d02437ae3f06f
cesar_munguia_img_0369,pinterest_0085.jpg,dinosaurios_y_prehistoria,ilustracion_plana_color,736,1288,"Velociraptor peleando, con aspecto juguetón y alegre; mostrado de cuerpo completo, con estilo de icono vectorial plano, sobre fondo blanco o transparente y predominio de tonos grises.",Pinterest,cesar_munguia,34c6efb43625a4db28449f78950fc6cead0fdf69
cesar_munguia_img_0370,pinterest_0086.jpg,dinosaurios_y_prehistoria,ilustracion_plana_color,736,736,"Velociraptor rugiendo con la boca abierta, con aspecto amistoso y sonriente; mostrado de cuerpo completo, con estilo de caricatura tierna, sobre fondo blanco o transparente y predominio de tonos amarillos.",Pinterest,cesar_munguia,cb61cba0088dafd48e9f7cd95330ec8331a5d3e2
cesar_munguia_img_0371,pinterest_0087.jpg,dinosaurios_y_prehistoria,ilustracion_plana_color,670,820,"Grupo de triceratops comiendo, con aspecto amistoso y sonriente; mostrado de cuerpo completo, con estilo de dibujo hecho a mano, sobre fondo blanco o transparente y predominio de tonos claros.",Pinterest,cesar_munguia,8eec56623088e00541af9e614bf92aa2b96010de
cesar_munguia_img_0372,pinterest_0088.jpg,dinosaurios_y_prehistoria,ilustracion_plana_color,736,736,"Triceratops rugiendo con la boca abierta, con aspecto feroz o enfadado; mostrado de cuerpo completo, con estilo de caricatura tierna, en una selva prehistórica y predominio de tonos claros.",Pinterest,cesar_munguia,b2a53d1eb105d73c0c153fe3832100ed945ca784
cesar_munguia_img_0373,pinterest_0089.jpg,dinosaurios_y_prehistoria,ilustracion_plana_color,720,697,"Alosaurio posando, con aspecto amistoso y sonriente; mostrado de cuerpo completo, con estilo de caricatura tierna, sobre un fondo de color sencillo y predominio de tonos amarillos.",Pinterest,cesar_munguia,0a9f89f52d6341edad9ba4312d6b571a3515fd21
cesar_munguia_img_0374,pinterest_0090.jpg,dinosaurios_y_prehistoria,ilustracion_plana_color,360,360,"Pterosaurio volando, con aspecto tranquilo y de expresión neutra; mostrado de cuerpo completo, con estilo de caricatura tierna, sobre fondo blanco o transparente y predominio de tonos claros.",Pinterest,cesar_munguia,3aa4220ed29d745238c8339e5338b6659da25f45
cesar_munguia_img_0375,pinterest_0091.jpg,dinosaurios_y_prehistoria,ilustracion_plana_color,364,255,"Mosasaurio rugiendo con la boca abierta, con aspecto feroz o enfadado; mostrado de cuerpo completo, con estilo de icono vectorial plano, sobre un fondo de color sencillo y predominio de tonos amarillos.",Pinterest,cesar_munguia,e2bbd71dc6ab5db0e78e8b86217df2930715061f
cesar_munguia_img_0376,pinterest_0092.jpg,dinosaurios_y_prehistoria,ilustracion_plana_color,728,596,"Dinosaurio saurópodo posando, con aspecto juguetón y alegre; mostrado de cuerpo completo, con estilo de render tridimensional, sobre un fondo de color sencillo y predominio de tonos claros.",Pinterest,cesar_munguia,16653405bd88485c4f92c6b6ecb0f2785ae60242
cesar_munguia_img_0377,pinterest_0093.jpg,dinosaurios_y_prehistoria,ilustracion_plana_color,736,981,"Dilofosaurio rugiendo con la boca abierta, con aspecto feroz o enfadado; mostrado de cuerpo completo, con estilo de ilustración colorida de cuento infantil, sobre fondo blanco o transparente y predominio de tonos amarillos.",Pinterest,cesar_munguia,528a313016eeeaecfd05ad215a0d19f962fb6881
cesar_munguia_img_0378,pinterest_0094.jpg,dinosaurios_y_prehistoria,ilustracion_plana_color,735,752,"Dinosaurio posando, con aspecto juguetón y alegre; mostrado de cuerpo completo, con estilo de render tridimensional, sobre un fondo de color sencillo y predominio de tonos claros.",Pinterest,cesar_munguia,cf6e664b5db0fabec069bd0d1e22297f33096a00
cesar_munguia_img_0379,pinterest_0095.jpg,dinosaurios_y_prehistoria,ilustracion_plana_color,300,300,"Estegosaurio posando, con aspecto juguetón y alegre; mostrado de cuerpo completo, con estilo de caricatura tierna, sobre fondo blanco o transparente y predominio de tonos rosas.",Pinterest,cesar_munguia,2c170af63fe37f67830332721d620e2407da0e3d
cesar_munguia_img_0380,pinterest_0096.jpg,dinosaurios_y_prehistoria,ilustracion_plana_color,630,630,"Carnotauro posando, con aspecto juguetón y alegre; mostrado de cuerpo completo, con estilo de caricatura tierna, sobre fondo blanco o transparente y predominio de tonos claros.",Pinterest,cesar_munguia,1d692a16ce5d561f46539d4dcc1b69fffb0dacc2
cesar_munguia_img_0381,pinterest_0097.jpg,dinosaurios_y_prehistoria,ilustracion_plana_color,512,512,"Triceratops posando, con aspecto juguetón y alegre; mostrado de cuerpo completo, con estilo de icono vectorial plano, sobre un fondo de color sencillo y predominio de tonos azules.",Pinterest,cesar_munguia,f3858e26dd4fa6d7dbf0806986cf30b261994b75
cesar_munguia_img_0382,pinterest_0098.jpg,dinosaurios_y_prehistoria,ilustracion_plana_color,512,512,"Huella de dinosaurio marcada sobre el terreno; representado como una silueta sencilla, con estilo de icono vectorial plano, sobre un fondo de color sencillo y predominio de tonos naranjas.",Pinterest,cesar_munguia,f6d68cb3ed5fb488c17fe1127da880be41f8893f
cesar_munguia_img_0383,pinterest_0099.jpg,dinosaurios_y_prehistoria,ilustracion_plana_color,201,160,"Tiranosaurio rex posando, con aspecto juguetón y alegre; mostrado de cuerpo completo, con estilo de caricatura tierna, sobre un fondo de color sencillo y predominio de tonos naranjas.",Pinterest,cesar_munguia,e09a926b6817d97a687526c4cab01fbe94cc7a28
cesar_munguia_img_0384,pinterest_0100.jpg,dinosaurios_y_prehistoria,ilustracion_plana_color,736,736,"Estegosaurio peleando, con aspecto juguetón y alegre; mostrado de cuerpo completo, con estilo de caricatura tierna, sobre fondo blanco o transparente y predominio de tonos claros.",Pinterest,cesar_munguia,7ba6822b8830b3322917712307c08d393ed53236
cesar_munguia_img_0385,pinterest_0101.jpg,dinosaurios_y_prehistoria,ilustracion_plana_color,200,160,"Tiranosaurio rex posando, con aspecto juguetón y alegre; mostrado de cuerpo completo, con estilo de ilustración colorida de cuento infantil, sobre un fondo de color sencillo y predominio de tonos naranjas.",Pinterest,cesar_munguia,4ff305a08a3b20f55348b7d0e75c17e7639f2844
cesar_munguia_img_0386,pinterest_0102.jpg,dinosaurios_y_prehistoria,ilustracion_plana_color,736,736,"Pterosaurio volando, con aspecto juguetón y alegre; mostrado de cuerpo completo, con estilo de caricatura tierna, sobre fondo blanco o transparente y predominio de tonos claros.",Pinterest,cesar_munguia,497c47e15bf6c6e1c791261d78a567db55a78b0f
cesar_munguia_img_0387,pinterest_0103.jpg,dinosaurios_y_prehistoria,ilustracion_plana_color,500,281,"Dinosaurio posando, con aspecto juguetón y alegre; mostrado de cuerpo completo, con estilo de icono vectorial plano, sobre fondo blanco o transparente y predominio de tonos verdes.",Pinterest,cesar_munguia,67fdc5b7140b41dfcac452bc3c20903d37d476bf
cesar_munguia_img_0388,pinterest_0104.jpg,dinosaurios_y_prehistoria,ilustracion_plana_color,621,980,"Cría de dinosaurio saliendo del cascarón, con aspecto juguetón y alegre; mostrado de cuerpo completo, con estilo de caricatura tierna, sobre fondo blanco o transparente y predominio de tonos claros.",Pinterest,cesar_munguia,92bdda41bcbe0997ec60b14d5924a2e9971768fe
cesar_munguia_img_0389,pinterest_0105.jpg,dinosaurios_y_prehistoria,ilustracion_plana_color,736,842,"Dinosaurio posando, con aspecto juguetón y alegre; mostrado de cuerpo completo, con estilo de icono vectorial plano, sobre fondo blanco o transparente y predominio de tonos azules.",Pinterest,cesar_munguia,99fd40eb12cd7549c51b74a2305fc604fe193597
cesar_munguia_img_0390,pinterest_0106.jpg,dinosaurios_y_prehistoria,ilustracion_plana_color,736,780,"Dinosaurio de pie y posando, con aspecto juguetón y alegre; mostrado de cuerpo completo, con estilo de caricatura tierna, sobre un fondo de color sencillo y predominio de tonos naranjas.",Pinterest,cesar_munguia,84c138a74656b3084c7c560416d6ce4ced3a2b5f
cesar_munguia_img_0391,pinterest_0107.jpg,dinosaurios_y_prehistoria,ilustracion_plana_color,735,598,"Espinosaurio posando, con aspecto juguetón y alegre; mostrado de cuerpo completo, con estilo de icono vectorial plano, sobre fondo blanco o transparente y predominio de tonos verdes.",Pinterest,cesar_munguia,f4b116e4885b227eb795c204b79f43a4e8e338e4
cesar_munguia_img_0392,pinterest_0108.jpg,dinosaurios_y_prehistoria,ilustracion_plana_color,736,808,"Dinosaurio posando, con aspecto juguetón y alegre; mostrado de cuerpo completo, con estilo de icono vectorial plano, sobre fondo blanco o transparente y predominio de tonos amarillos.",Pinterest,cesar_munguia,febf4a582d2a9f372be2ac750f10f28e3d823f82
cesar_munguia_img_0393,pinterest_0109.jpg,dinosaurios_y_prehistoria,ilustracion_plana_color,626,626,"Plesiosaurio nadando, con aspecto juguetón y alegre; mostrado de cuerpo completo, con estilo de icono vectorial plano, sobre un fondo de color sencillo y predominio de tonos turquesa.",Pinterest,cesar_munguia,0347303c6c21f804ee6215b2b0b44be5e37d5b93
cesar_munguia_img_0394,pinterest_0110.jpg,dinosaurios_y_prehistoria,ilustracion_plana_color,225,225,"Pterosaurio volando, con aspecto juguetón y alegre; mostrado de cuerpo completo, con estilo de caricatura tierna, sobre un fondo de color sencillo y predominio de tonos turquesa.",Pinterest,cesar_munguia,e82c46ddf4b1bc03f66a369fdf5bdce7e668d6b8
cesar_munguia_img_0395,pinterest_0111.jpg,dinosaurios_y_prehistoria,ilustracion_plana_color,736,736,"Tiranosaurio rex posando, con aspecto juguetón y alegre; mostrado de cuerpo completo, con estilo de caricatura tierna, sobre un fondo de color sencillo y predominio de tonos naranjas.",Pinterest,cesar_munguia,1a573974213aa754ccf477eb2fbef5ca122a2443
cesar_munguia_img_0396,pinterest_0112.jpg,dinosaurios_y_prehistoria,ilustracion_plana_color,626,498,"Pterosaurio volando, con aspecto juguetón y alegre; mostrado de cuerpo completo, con estilo de caricatura tierna, sobre fondo blanco o transparente y predominio de tonos rojos.",Pinterest,cesar_munguia,71b2a94c520d93831d1354e35da8335563b84995
cesar_munguia_img_0397,pinterest_0113.jpg,dinosaurios_y_prehistoria,ilustracion_plana_color,736,736,"Grupo de estegosaurios posando, con aspecto amistoso y sonriente; mostrado de cuerpo completo, con estilo de caricatura tierna, en una selva prehistórica y predominio de tonos turquesa.",Pinterest,cesar_munguia,77db9af1e522a3a78de062ae678b01d970c9f926
cesar_munguia_img_0398,pinterest_0114.jpg,dinosaurios_y_prehistoria,ilustracion_plana_color,736,554,"Dinosaurio posando, con aspecto juguetón y alegre; mostrado de cuerpo completo, con estilo de caricatura tierna, sobre fondo blanco o transparente y predominio de tonos verdes.",Pinterest,cesar_munguia,7ef72aef4320315ca4cf092b276823adab98f1d6
cesar_munguia_img_0399,pinterest_0115.jpg,dinosaurios_y_prehistoria,ilustracion_plana_color,360,360,"Tiranosaurio rex posando, con aspecto juguetón y alegre; mostrado de cuerpo completo, con estilo de icono vectorial plano, sobre fondo blanco o transparente y predominio de tonos claros.",Pinterest,cesar_munguia,2f23dc16ec46bc8041748d3fe8fb278c696a36b7
cesar_munguia_img_0400,pinterest_0116.jpg,dinosaurios_y_prehistoria,ilustracion_plana_color,736,667,"Tiranosaurio rex posando, con aspecto juguetón y alegre; mostrado de cuerpo completo, con estilo de caricatura tierna, sobre fondo blanco o transparente y predominio de tonos turquesa.",Pinterest,cesar_munguia,9328eb4cb10a3267e327b8f094fb1759ea31bb08
cesar_munguia_img_0401,pinterest_0117.jpg,dinosaurios_y_prehistoria,ilustracion_plana_color,215,160,"Tiranosaurio rex posando, con aspecto juguetón y alegre; integrado en una escena detallada, con estilo de caricatura tierna, en una selva prehistórica y predominio de tonos marrones.",Pinterest,cesar_munguia,00625411c09b6295f3144f2f1580e860fbc471ae
cesar_munguia_img_0402,pinterest_0118.jpg,dinosaurios_y_prehistoria,ilustracion_plana_color,1280,1280,"Dinosaurio posando, con aspecto juguetón y alegre; mostrado de cuerpo completo, con estilo de caricatura tierna, sobre un fondo de color sencillo y predominio de tonos verdes.",Pinterest,cesar_munguia,4cc980f9767bc7afa0a7a55894a5735cb88e4ece
cesar_munguia_img_0403,pinterest_0119.jpg,dinosaurios_y_prehistoria,ilustracion_plana_color,1280,985,"Tiranosaurio rex rugiendo con la boca abierta, con aspecto amistoso y sonriente; mostrado de cuerpo completo, con estilo de caricatura tierna, sobre fondo blanco o transparente y predominio de tonos claros.",Pinterest,cesar_munguia,cb18d2bf93a7d551bc3b5eb82a3a46d2fcc8db5d
cesar_munguia_img_0404,pinterest_0120.png,dinosaurios_y_prehistoria,ilustracion_plana_color,1280,1280,"Dinosaurio rugiendo con la boca abierta, con aspecto juguetón y alegre; mostrado de cuerpo completo, con estilo de caricatura tierna, sobre fondo blanco o transparente y predominio de tonos rojos.",Pinterest,cesar_munguia,eed6a4157e492b73d4b5eb78ee4749bdae27c4c2
cesar_munguia_img_0406,pinterest_0122.png,dinosaurios_y_prehistoria,ilustracion_plana_color,1280,1280,"Pareja de dilofosaurios nadando, con aspecto amistoso y sonriente; mostrado de cuerpo completo, con estilo de caricatura tierna, sobre un fondo de color sencillo y predominio de tonos naranjas.",Pinterest,cesar_munguia,3c678f12d4b9cf58166a72e7245a6c2ec6820498
cesar_munguia_img_0407,pinterest_0123.png,dinosaurios_y_prehistoria,ilustracion_plana_color,1280,1072,"Dinosaurio rugiendo con la boca abierta, con aspecto amistoso y sonriente; mostrado de cuerpo completo, con estilo de caricatura tierna, sobre fondo blanco o transparente y predominio de tonos claros.",Pinterest,cesar_munguia,2de2797cf8037f69a47470da0d739d4ba2539382
cesar_munguia_img_0408,pinterest_0124.png,dinosaurios_y_prehistoria,ilustracion_plana_color,1280,1280,"Dinosaurio posando, con aspecto juguetón y alegre; representado como una silueta sencilla, con estilo de icono vectorial plano, sobre un fondo de color sencillo y predominio de tonos morados.",Pinterest,cesar_munguia,376422d5a258618ffc9cf8883987baca23b32206
cesar_munguia_img_0409,pinterest_0125.png,dinosaurios_y_prehistoria,ilustracion_plana_color,1280,1280,"Tiranosaurio rex corriendo, con aspecto juguetón y alegre; mostrado de cuerpo completo, con estilo de caricatura tierna, sobre fondo blanco o transparente y predominio de tonos azules.",Pinterest,cesar_munguia,4818cd6e6a65e7581936882f5b7b11f2380c23db
cesar_munguia_img_0410,pinterest_0126.jpg,dinosaurios_y_prehistoria,ilustracion_plana_color,1280,1280,"Dinosaurio peleando, con aspecto amistoso y sonriente; mostrado de cuerpo completo, con estilo de caricatura tierna, sobre un fondo de color sencillo y predominio de tonos turquesa.",Pinterest,cesar_munguia,1a68ad38de343ff43bc87039ac31cfe9a2468b5d
cesar_munguia_img_0411,pinterest_0127.jpg,dinosaurios_y_prehistoria,ilustracion_plana_color,626,672,"Dinosaurio posando, con aspecto juguetón y alegre; mostrado de cuerpo completo, con estilo de icono vectorial plano, sobre fondo blanco o transparente y predominio de tonos verdes.",Pinterest,cesar_munguia,977c4e853674c5c8a468fa05ad40ca2b165a2e54
cesar_munguia_img_0412,pinterest_0128.jpg,dinosaurios_y_prehistoria,ilustracion_plana_color,172,193,"Dinosaurio rugiendo con la boca abierta, con aspecto amistoso y sonriente; mostrado de cuerpo completo, con estilo de caricatura tierna, sobre un fondo de color sencillo y predominio de tonos verdes.",Pinterest,cesar_munguia,68f94ae5ac1107fc79f6492776cd4833a43d6520
cesar_munguia_img_0413,pinterest_0129.png,dinosaurios_y_prehistoria,ilustracion_plana_color,1280,1280,"Grupo de plesiosaurios nadando, con aspecto amistoso y sonriente; representado como una silueta sencilla, con estilo de caricatura tierna, sobre fondo blanco o transparente y predominio de tonos claros.",Pinterest,cesar_munguia,f350ec374ddfde47d2f22a660c60de04573a0cb5
cesar_munguia_img_0414,pinterest_0130.png,dinosaurios_y_prehistoria,ilustracion_plana_color,1280,1280,"Grupo de plesiosaurios nadando, con aspecto amistoso y sonriente; representado como una silueta sencilla, con estilo de caricatura tierna, sobre fondo blanco o transparente y predominio de tonos claros.",Pinterest,cesar_munguia,12b6b3ed50a1f4e4402f0f2c7bd9bd85dbe53b7e
cesar_munguia_img_0415,pinterest_0131.png,dinosaurios_y_prehistoria,ilustracion_plana_color,1280,1280,"Dinosaurio de pie y posando, con aspecto amistoso y sonriente; mostrado de cuerpo completo, con estilo de caricatura tierna, sobre fondo blanco o transparente y predominio de tonos claros.",Pinterest,cesar_munguia,54113f16d7874cf9b9d721e53ef661afb8214511
cesar_munguia_img_0416,pinterest_0132.jpg,dinosaurios_y_prehistoria,ilustracion_plana_color,1280,1280,"Dinosaurio posando, con aspecto juguetón y alegre; mostrado de cuerpo completo, con estilo de caricatura tierna, sobre un fondo de color sencillo y predominio de tonos turquesa.",Pinterest,cesar_munguia,c51420da53f7aa4a2cd143897bb82ae56ca7e27a
cesar_munguia_img_0417,pinterest_0133.jpg,dinosaurios_y_prehistoria,ilustracion_plana_color,1280,1280,"Dinosaurio de pie y posando, con aspecto juguetón y alegre; mostrado de cuerpo completo, con estilo de caricatura tierna, sobre un fondo de color sencillo y predominio de tonos turquesa.",Pinterest,cesar_munguia,59a26e1a7301336f632bca2c95be711cf77bc354
cesar_munguia_img_0418,pinterest_0134.jpg,dinosaurios_y_prehistoria,ilustracion_plana_color,1280,1280,"Dinosaurio de pie y posando, con aspecto juguetón y alegre; mostrado de cuerpo completo, con estilo de caricatura tierna, sobre un fondo de color sencillo y predominio de tonos turquesa.",Pinterest,cesar_munguia,0518b008971d017ec317923a6cae6fa685b42598
cesar_munguia_img_0419,pinterest_0135.jpg,dinosaurios_y_prehistoria,ilustracion_plana_color,1280,1280,"Dinosaurio posando, con aspecto juguetón y alegre; mostrado de cuerpo completo, con estilo de caricatura tierna, sobre un fondo de color sencillo y predominio de tonos turquesa.",Pinterest,cesar_munguia,fec35484ddae08983b31d7ddb3c2da2838bfefec
cesar_munguia_img_0420,pinterest_0136.png,dinosaurios_y_prehistoria,ilustracion_plana_color,1280,1265,"Anquilosaurio posando, con aspecto juguetón y alegre; mostrado de cuerpo completo, con estilo de icono vectorial plano, sobre un fondo de color sencillo y predominio de tonos rosas.",Pinterest,cesar_munguia,1dd9cc170f16f1b54b129196fd94c46a9d51c712
cesar_munguia_img_0421,pinterest_0137.png,dinosaurios_y_prehistoria,ilustracion_plana_color,1280,1280,"Parasaurolophus posando, con aspecto juguetón y alegre; mostrado de cuerpo completo, con estilo de caricatura tierna, sobre un fondo de color sencillo y predominio de tonos grises.",Pinterest,cesar_munguia,91ee17cc3303a8c21ae7e2ceaafc39af6958fcf5
cesar_munguia_img_0422,pinterest_0138.png,dinosaurios_y_prehistoria,ilustracion_plana_color,1280,1280,"Triceratops posando, con aspecto juguetón y alegre; mostrado de cuerpo completo, con estilo de caricatura tierna, sobre fondo blanco o transparente y predominio de tonos grises.",Pinterest,cesar_munguia,dad085b1adc3c5b0ad1044e766199a2e4d52858c
cesar_munguia_img_0423,pinterest_0139.png,dinosaurios_y_prehistoria,ilustracion_plana_color,1280,1280,"Tiranosaurio rex rugiendo con la boca abierta, con aspecto feroz o enfadado; mostrado de cuerpo completo, con estilo de caricatura tierna, sobre un fondo de color sencillo y predominio de tonos rojos.",Pinterest,cesar_munguia,fd076d41d9130441a52a7c499d5d387934f9c629
cesar_munguia_img_0424,pinterest_0140.png,dinosaurios_y_prehistoria,ilustracion_plana_color,1273,1280,"Dinosaurio sentado, con aspecto juguetón y alegre; mostrado de cuerpo completo, con estilo de caricatura tierna, sobre un fondo de color sencillo y predominio de tonos turquesa.",Pinterest,cesar_munguia,20abb38d824039916dfef942aebe0b5256218086
cesar_munguia_img_0425,pinterest_0141.png,dinosaurios_y_prehistoria,ilustracion_plana_color,989,1280,"Dinosaurio sentado, con aspecto amistoso y sonriente; mostrado de cuerpo completo, con estilo de caricatura tierna, sobre fondo blanco o transparente y predominio de tonos claros.",Pinterest,cesar_munguia,13ed09421b2faf4cd9fa14cf07be043748c96fa3
cesar_munguia_img_0426,pinterest_0142.png,dinosaurios_y_prehistoria,ilustracion_plana_color,1280,1058,"Pareja de dinosaurios posando, con aspecto juguetón y alegre; mostrado de cuerpo completo, con estilo de dibujo hecho a mano, sobre un fondo de color sencillo y predominio de tonos azules.",Pinterest,cesar_munguia,1b806d6f6d36c5a288a1a5ef78f63f0ad6f92f15
cesar_munguia_img_0427,pinterest_0143.png,dinosaurios_y_prehistoria,ilustracion_plana_color,1138,1280,"Dinosaurio de pie y posando, con aspecto amistoso y sonriente; mostrado de cuerpo completo, con estilo de caricatura tierna, sobre fondo blanco o transparente y predominio de tonos naranjas.",Pinterest,cesar_munguia,5f9ced0db81042c7db93dfd215a9a715ce2944ee
cesar_munguia_img_0428,pinterest_0144.jpg,dinosaurios_y_prehistoria,ilustracion_plana_color,351,280,"Pterosaurio rugiendo con la boca abierta, con aspecto juguetón y alegre; mostrado de cuerpo completo, con estilo de caricatura tierna, sobre fondo blanco o transparente y predominio de tonos naranjas.",Pinterest,cesar_munguia,fbd16c9217d6925c5669cc75c9a3bb69026c41ec
cesar_munguia_img_0429,pinterest_0145.jpg,dinosaurios_y_prehistoria,ilustracion_plana_color,336,280,"Dinosaurio posando, con aspecto juguetón y alegre; mostrado de cuerpo completo, con estilo de caricatura tierna, sobre fondo blanco o transparente y predominio de tonos azules.",Pinterest,cesar_munguia,e829b6a965fe92c03a55dcf9e83f5f7c4df7723c
cesar_munguia_img_0430,pinterest_0146.jpg,dinosaurios_y_prehistoria,ilustracion_plana_color,272,280,"Dinosaurio posando, con aspecto amistoso y sonriente; mostrado de cuerpo completo, con estilo de caricatura tierna, sobre fondo blanco o transparente y predominio de tonos rojos.",Pinterest,cesar_munguia,10e0e858e133c317206ae8b8634f74888fb6023e
cesar_munguia_img_0431,pinterest_0147.jpg,dinosaurios_y_prehistoria,ilustracion_plana_color,736,546,"Dinosaurio posando, con aspecto juguetón y alegre; mostrado de cuerpo completo, con estilo de ilustración colorida de cuento infantil, sobre un fondo de color sencillo y predominio de tonos verdes.",Pinterest,cesar_munguia,97a77c350c518ba4bee1aa909c674658b721e0e4
cesar_munguia_img_0432,pinterest_0148.jpg,dinosaurios_y_prehistoria,ilustracion_plana_color,736,785,"Ser humano prehistórico comiendo, con aspecto juguetón y alegre; mostrado de cuerpo completo, con estilo de icono vectorial plano, sobre un fondo de color sencillo y predominio de tonos azules.",Pinterest,cesar_munguia,5145a98b6aa30b502927e486bcd6ce034b8455e6
cesar_munguia_img_0433,pinterest_0149.jpg,dinosaurios_y_prehistoria,ilustracion_plana_color,612,597,"Dinosaurio posando, con aspecto amistoso y sonriente; mostrado de cuerpo completo, con estilo de icono vectorial plano, sobre fondo blanco o transparente y predominio de tonos verdes.",Pinterest,cesar_munguia,622b3f30212d8b6e59a77e0d068d020e3ec16070
cesar_munguia_img_0434,pinterest_0150.jpg,dinosaurios_y_prehistoria,ilustracion_plana_color,612,612,"Dinosaurio posando, con aspecto juguetón y alegre; mostrado de cuerpo completo, con estilo de icono vectorial plano, sobre fondo blanco o transparente y predominio de tonos verdes.",Pinterest,cesar_munguia,9432c2eba1f6392106b6fde66bdf42f9eb6f1372
cesar_munguia_img_0435,pinterest_0151.jpg,dinosaurios_y_prehistoria,ilustracion_plana_color,736,1040,"Grupo de dinosaurios jugando alegremente, con aspecto juguetón y alegre; integrado en una escena detallada, con estilo de caricatura tierna, en una selva prehistórica y predominio de tonos grises.",Pinterest,cesar_munguia,7075bcce323a9421d509fad897d6a5d9f7578610
cesar_munguia_img_0436,pinterest_0152.jpg,dinosaurios_y_prehistoria,ilustracion_plana_color,358,280,"Estegosaurio rugiendo con la boca abierta, con aspecto amistoso y sonriente; mostrado de cuerpo completo, con estilo de caricatura tierna, sobre fondo blanco o transparente y predominio de tonos naranjas.",Pinterest,cesar_munguia,944561e3ce90de1df89da7b86cb961ce1c12e58f
cesar_munguia_img_0437,pinterest_0153.jpg,dinosaurios_y_prehistoria,ilustracion_plana_color,736,952,"Dinosaurio posando, con aspecto juguetón y alegre; mostrado de cuerpo completo, con estilo de caricatura tierna, sobre fondo blanco o transparente y predominio de tonos grises.",Pinterest,cesar_munguia,0b43364d99af8a35545ffabbec0a89044efc5ea4
cesar_munguia_img_0438,pinterest_0154.jpg,dinosaurios_y_prehistoria,ilustracion_plana_color,736,736,"Dinosaurio volando, con aspecto juguetón y alegre; mostrado de cuerpo completo, con estilo de caricatura tierna, sobre fondo blanco o transparente y predominio de tonos rosas.",Pinterest,cesar_munguia,7715919073cc5ba443fec8a793cfcd78e762224e
cesar_munguia_img_0439,pinterest_0155.jpg,dinosaurios_y_prehistoria,ilustracion_plana_color,626,610,"Pterosaurio rugiendo con la boca abierta, con aspecto juguetón y alegre; mostrado de cuerpo completo, con estilo de icono vectorial plano, sobre fondo blanco o transparente y predominio de tonos amarillos.",Pinterest,cesar_munguia,4d30207c321dd171f58e92abb0084aa59d83de38
cesar_munguia_img_0440,pinterest_0156.jpg,dinosaurios_y_prehistoria,ilustracion_plana_color,735,519,"Dinosaurio posando, con aspecto juguetón y alegre; mostrado de cuerpo completo, con estilo de caricatura tierna, sobre un fondo de color sencillo y predominio de tonos claros.",Pinterest,cesar_munguia,64b13a38597aac722106ca008d9d86c22e0bfe0d
cesar_munguia_img_0441,pinterest_0157.jpg,dinosaurios_y_prehistoria,ilustracion_plana_color,500,600,"Pareja de dinosaurios comiendo, con aspecto amistoso y sonriente; mostrado de cuerpo completo, con estilo de caricatura tierna, sobre un fondo de color sencillo y predominio de tonos verdes.",Pinterest,cesar_munguia,bb10e73b7f1ebf4992ce4d87ffd51165fe5117c8
cesar_munguia_img_0442,pinterest_0158.jpg,dinosaurios_y_prehistoria,ilustracion_plana_color,736,736,"Dinosaurio saurópodo de cuello largo posando, con aspecto juguetón y alegre; mostrado de cuerpo completo, con estilo de caricatura tierna, sobre un fondo de color sencillo y predominio de tonos azules.",Pinterest,cesar_munguia,d72fa292e5490fe4edbe3a1c49b04c426c28aa4b
cesar_munguia_img_0443,pinterest_0159.jpg,dinosaurios_y_prehistoria,ilustracion_plana_color,735,582,"Dinosaurio sentado, con aspecto amistoso y sonriente; mostrado de cuerpo completo, con estilo de caricatura tierna, en una selva prehistórica y predominio de tonos rojos.",Pinterest,cesar_munguia,ebe8b5ba54a0e8d76a6647abf02fe69e0bc4ea1d
cesar_munguia_img_0444,pinterest_0160.png,dinosaurios_y_prehistoria,ilustracion_plana_color,1280,825,"Dilofosaurio corriendo, con aspecto amistoso y sonriente; mostrado de cuerpo completo, con estilo de icono vectorial plano, sobre fondo blanco o transparente y predominio de tonos naranjas.",Pinterest,cesar_munguia,1242b8a2853b99145713cdbf4cf09c4f20fe4914
cesar_munguia_img_0445,pinterest_0161.jpg,dinosaurios_y_prehistoria,ilustracion_plana_color,1280,1230,"Espinosaurio comiendo, con aspecto amistoso y sonriente; integrado en una escena detallada, con estilo de ilustración digital realista, en una selva prehistórica y predominio de tonos amarillos.",Pinterest,cesar_munguia,47013c29aa7af57199e0f7e36e12e18a584dffd9
cesar_munguia_img_0446,pinterest_0162.png,dinosaurios_y_prehistoria,ilustracion_plana_color,1280,1280,"Triceratops posando, con aspecto feroz o enfadado; mostrado de cuerpo completo, con estilo de ilustración digital realista, sobre fondo blanco o transparente y predominio de tonos rojos.",Pinterest,cesar_munguia,ee9f7a4cc9b8868462f59eecd0b5b98d4f70c291
cesar_munguia_img_0447,pinterest_0163.jpg,dinosaurios_y_prehistoria,ilustracion_plana_color,1134,1280,"Dinosaurio posando, con aspecto amistoso y sonriente; mostrado de cuerpo completo, con estilo de caricatura tierna, sobre fondo blanco o transparente y predominio de tonos verdes.",Pinterest,cesar_munguia,164fbce3c364e31b144a670175804dd36e5b99a5
cesar_munguia_img_0448,pinterest_0164.png,dinosaurios_y_prehistoria,ilustracion_plana_color,886,1280,"Ser humano prehistórico corriendo, con aspecto juguetón y alegre; mostrado de cuerpo completo, con estilo de caricatura tierna, sobre fondo blanco o transparente y predominio de tonos rojos.",Pinterest,cesar_munguia,bbf1011c0001f56e5aea64f72c8a39d4e8b2912c
cesar_munguia_img_0449,pinterest_0165.png,dinosaurios_y_prehistoria,ilustracion_plana_color,961,1280,"Ser humano prehistórico posando, con aspecto juguetón y alegre; mostrado de cuerpo completo, con estilo de caricatura tierna, sobre fondo blanco o transparente y predominio de tonos naranjas.",Pinterest,cesar_munguia,3611b01e06eaeed268f7147ce8e8c01072186b39
cesar_munguia_img_0450,pinterest_0166.png,dinosaurios_y_prehistoria,ilustracion_plana_color,485,1280,"Dinosaurio de pie y posando, con aspecto juguetón y alegre; representado como una silueta sencilla, con estilo de caricatura tierna, sobre un fondo de color sencillo y predominio de tonos rojos.",Pinterest,cesar_munguia,1a52c9de2f780ba69a8d7189e079338f7826bd24
cesar_munguia_img_0451,pinterest_0167.png,dinosaurios_y_prehistoria,ilustracion_plana_color,1280,1067,"Grupo de plesiosaurios nadando, con aspecto tranquilo y de expresión neutra; mostrado de cuerpo completo, con estilo de icono vectorial plano, sobre fondo blanco o transparente y predominio de tonos turquesa.",Pinterest,cesar_munguia,020e117b770c68a9599625113e21b8b2c188fa8c
cesar_munguia_img_0452,pinterest_0168.png,dinosaurios_y_prehistoria,ilustracion_plana_color,1131,1280,"Dinosaurio saurópodo de cuello largo comiendo, con aspecto tranquilo y de expresión neutra; mostrado de cuerpo completo, con estilo de icono vectorial plano, sobre un fondo de color sencillo y predominio de tonos grises.",Pinterest,cesar_munguia,8b7236a478daedfdc1479d004383ec811a0960a5
cesar_munguia_img_0453,pinterest_0169.png,dinosaurios_y_prehistoria,ilustracion_plana_color,1179,1280,"Pterosaurio volando, con aspecto feroz o enfadado; representado como una silueta sencilla, con estilo de icono vectorial plano, sobre fondo blanco o transparente y predominio de tonos naranjas.",Pinterest,cesar_munguia,c38898b0776731579ce9673e6da3bb6f4ff4db59
cesar_munguia_img_0454,pinterest_0170.png,dinosaurios_y_prehistoria,ilustracion_plana_color,1280,640,"Tiranosaurio rex posando, con aspecto feroz o enfadado; mostrado de cuerpo completo, con estilo de caricatura tierna, sobre fondo blanco o transparente y predominio de tonos naranjas.",Pinterest,cesar_munguia,58aef8208449af733b31c16ade2d69cf3ec61ac6
cesar_munguia_img_0455,pinterest_0171.png,dinosaurios_y_prehistoria,ilustracion_plana_color,703,1280,"Parasaurolophus posando, con aspecto tranquilo y de expresión neutra; mostrado de cuerpo completo, con estilo de ilustración colorida de cuento infantil, sobre fondo blanco o transparente y predominio de tonos naranjas.",Pinterest,cesar_munguia,610372ed0ddb697977309fcb460432ea55bdb24f
cesar_munguia_img_0456,pinterest_0172.png,dinosaurios_y_prehistoria,ilustracion_plana_color,936,1280,"Parasaurolophus de pie y posando, con aspecto juguetón y alegre; mostrado de cuerpo completo, con estilo de render tridimensional, sobre fondo blanco o transparente y predominio de tonos amarillos.",Pinterest,cesar_munguia,adac543b35c0bbd878ca222a9d568063bbcb0387
cesar_munguia_img_0457,pinterest_0173.jpg,dinosaurios_y_prehistoria,ilustracion_plana_color,1280,898,"Grupo de anquilosaurios jugando alegremente, con aspecto juguetón y alegre; integrado en una escena detallada, con estilo de caricatura tierna, en una selva prehistórica y predominio de tonos claros.",Pinterest,cesar_munguia,0382b778b738d08bc490fc8789aa84857516e93d
cesar_munguia_img_0458,pinterest_0174.png,dinosaurios_y_prehistoria,ilustracion_plana_color,989,1280,"Mamut prehistórico comiendo, con aspecto juguetón y alegre; integrado en una escena detallada, con estilo de caricatura tierna, en una selva prehistórica y predominio de tonos grises.",Pinterest,cesar_munguia,b7ba496f71f19a3bb0883fc392a6bd7e453cd711
cesar_munguia_img_0459,pinterest_0175.png,dinosaurios_y_prehistoria,ilustracion_plana_color,1257,1280,"Dinosaurio rugiendo con la boca abierta, con aspecto feroz o enfadado; representado como una silueta sencilla, con estilo de icono vectorial plano, sobre un fondo de color sencillo y predominio de tonos amarillos.",Pinterest,cesar_munguia,6eb23c3f700be9d5e09cc53dcad1a3fcba140ff1
cesar_munguia_img_0460,pinterest_0176.jpg,dinosaurios_y_prehistoria,ilustracion_plana_color,1280,768,"Grupo de dilofosaurios volando, con aspecto tranquilo y de expresión neutra; integrado en una escena detallada, con estilo de ilustración colorida de cuento infantil, en una selva prehistórica y predominio de tonos grises.",Pinterest,cesar_munguia,9904d5c9f194c0eb541f29116321b5c2aa815e39
cesar_munguia_img_0461,pinterest_0177.jpg,dinosaurios_y_prehistoria,ilustracion_plana_color,1280,1280,"Dinosaurio posando, con aspecto juguetón y alegre; representado como una silueta sencilla, con estilo de icono vectorial plano, sobre un fondo de color sencillo y predominio de tonos turquesa.",Pinterest,cesar_munguia,8c8a6e74a96970b09617a731f3afaafc79522d11
cesar_munguia_img_0462,pinterest_0178.jpg,dinosaurios_y_prehistoria,ilustracion_plana_color,1280,1280,"Dinosaurio jugando alegremente, con aspecto juguetón y alegre; mostrado de cuerpo completo, con estilo de caricatura tierna, sobre un fondo de color sencillo y predominio de tonos amarillos.",Pinterest,cesar_munguia,6dde332546edf15424829722646ccfd0f95011cb
cesar_munguia_img_0463,pinterest_0179.png,dinosaurios_y_prehistoria,ilustracion_plana_color,1280,1280,"Dinosaurio posando, con aspecto amistoso y sonriente; mostrado de cuerpo completo, con estilo de ilustración en acuarela, sobre un fondo de color sencillo y predominio de tonos verdes.",Pinterest,cesar_munguia,106af08b7e6549fa3deb24419a657c232f209a0b
cesar_munguia_img_0464,pinterest_0180.png,dinosaurios_y_prehistoria,ilustracion_plana_color,919,1280,"Tiranosaurio rex rugiendo con la boca abierta, con aspecto amistoso y sonriente; mostrado de cuerpo completo, con estilo de arte pixelado, sobre fondo blanco o transparente y predominio de tonos grises.",Pinterest,cesar_munguia,3bd4156bba7543a26dc44c56a3e5bd92d4dbc412
cesar_munguia_img_0465,pinterest_0181.png,dinosaurios_y_prehistoria,ilustracion_plana_color,1280,1280,"Tiranosaurio rex rugiendo con la boca abierta, con aspecto amistoso y sonriente; presentado en primer plano, con estilo de arte pixelado, sobre un fondo de color sencillo y predominio de tonos grises.",Pinterest,cesar_munguia,46acf73b4adcee5353a6f7f2945f6f808da0b6f8
cesar_munguia_img_0466,pinterest_0182.png,dinosaurios_y_prehistoria,ilustracion_plana_color,1280,853,"Dilofosaurio posando, con aspecto juguetón y alegre; mostrado de cuerpo completo, con estilo de ilustración colorida de cuento infantil, sobre fondo blanco o transparente y predominio de tonos naranjas.",Pinterest,cesar_munguia,57355b6c141b2ae7eb39528bb7d837da3c4e6bd2
cesar_munguia_img_0467,pinterest_0183.jpg,dinosaurios_y_prehistoria,ilustracion_plana_color,1280,960,"Grupo de dilofosaurios jugando alegremente, con aspecto amistoso y sonriente; mostrado de cuerpo completo, con estilo de caricatura tierna, sobre un fondo de color sencillo y predominio de tonos claros.",Pinterest,cesar_munguia,17fa8d9911890a17de9bcf31382ca7a3eab0c69f
cesar_munguia_img_0468,pinterest_0184.png,dinosaurios_y_prehistoria,ilustracion_plana_color,1280,702,"Mamut prehistórico durmiendo, con aspecto amistoso y sonriente; mostrado de cuerpo completo, con estilo de icono vectorial plano, sobre fondo blanco o transparente y predominio de tonos grises.",Pinterest,cesar_munguia,c738bf5dfb0c28319541a7ac739b3f7313b80889
cesar_munguia_img_0469,pinterest_0185.jpg,dinosaurios_y_prehistoria,ilustracion_plana_color,736,550,"Grupo de dinosaurios comiendo, con aspecto amistoso y sonriente; mostrado de cuerpo completo, con estilo de caricatura tierna, sobre un fondo de color sencillo y predominio de tonos verdes.",Pinterest,cesar_munguia,f45ccd1cff025c1cb3887f58f31d8852bf713154
cesar_munguia_img_0470,pinterest_0186.png,dinosaurios_y_prehistoria,ilustracion_plana_color,1280,743,"Parasaurolophus posando, con aspecto juguetón y alegre; mostrado de cuerpo completo, con estilo de render tridimensional, sobre fondo blanco o transparente y predominio de tonos grises.",Pinterest,cesar_munguia,7b97c5d5c9f1a41f192afa08d4369982445feeb6
cesar_munguia_img_0471,pinterest_0187.png,dinosaurios_y_prehistoria,ilustracion_plana_color,1280,950,"Dinosaurio saurópodo de cuello largo posando, con aspecto feroz o enfadado; mostrado de cuerpo completo, con estilo de render tridimensional, sobre fondo blanco o transparente y predominio de tonos grises.",Pinterest,cesar_munguia,e04d09f6137ac5b70e0f8af282930be703d83e3a
cesar_munguia_img_0472,pinterest_0188.png,dinosaurios_y_prehistoria,ilustracion_plana_color,1280,989,"Dinosaurio sentado, con aspecto amistoso y sonriente; mostrado de cuerpo completo, con estilo de caricatura tierna, sobre fondo blanco o transparente y predominio de tonos azules.",Pinterest,cesar_munguia,39e2c2cc47d3f020e81dbedaff41a94f198446f3
cesar_munguia_img_0473,pinterest_0189.png,dinosaurios_y_prehistoria,ilustracion_plana_color,960,1280,"Dinosaurio posando, con aspecto amistoso y sonriente; mostrado de cuerpo completo, con estilo de dibujo hecho a mano, sobre un fondo de color sencillo y predominio de tonos verdes.",Pinterest,cesar_munguia,9522283198e509d8d610db45efad502cbfc25187
cesar_munguia_img_0474,pinterest_0190.png,dinosaurios_y_prehistoria,ilustracion_plana_color,1280,771,"Grupo de plesiosaurios nadando, con aspecto amistoso y sonriente; representado como una silueta sencilla, con estilo de icono vectorial plano, sobre fondo blanco o transparente y predominio de tonos claros.",Pinterest,cesar_munguia,2cc5c3e4054ed221fd40b37a8fa34c06118d58a1
cesar_munguia_img_0475,pinterest_0191.png,dinosaurios_y_prehistoria,ilustracion_plana_color,957,1280,"Tiranosaurio rex rugiendo con la boca abierta, con aspecto amistoso y sonriente; presentado en primer plano, con estilo de arte pixelado, sobre un fondo de color sencillo y predominio de tonos grises.",Pinterest,cesar_munguia,bced85499052dc339fb5efd642700d0677e11534
cesar_munguia_img_0476,pinterest_0192.png,dinosaurios_y_prehistoria,ilustracion_plana_color,1000,1280,"Dilofosaurio rugiendo con la boca abierta, con aspecto amistoso y sonriente; presentado en primer plano, con estilo de arte pixelado, sobre un fondo de color sencillo y predominio de tonos grises.",Pinterest,cesar_munguia,f0500e156c87d6b7487308ce1250150907594012
cesar_munguia_img_0477,pinterest_0193.png,dinosaurios_y_prehistoria,ilustracion_plana_color,947,1280,"Dilofosaurio rugiendo con la boca abierta, con aspecto amistoso y sonriente; presentado en primer plano, con estilo de arte pixelado, sobre un fondo de color sencillo y predominio de tonos amarillos.",Pinterest,cesar_munguia,1286db4c3387b281c87be71f9c9d5523d762a2ac
cesar_munguia_img_0478,pinterest_0194.png,dinosaurios_y_prehistoria,ilustracion_plana_color,1157,1280,"Tiranosaurio rex posando, con aspecto juguetón y alegre; mostrado de cuerpo completo, con estilo de arte pixelado, sobre un fondo de color sencillo y predominio de tonos amarillos.",Pinterest,cesar_munguia,c18af1ed182b52e7c0e19e6b6f2abda54bcfc80a
cesar_munguia_img_0479,pinterest_0195.jpg,dinosaurios_y_prehistoria,ilustracion_plana_color,1280,1280,"Dinosaurio de pie y posando, con aspecto amistoso y sonriente; mostrado de cuerpo completo, con estilo de ilustración colorida de cuento infantil, sobre un fondo de color sencillo y predominio de tonos turquesa.",Pinterest,cesar_munguia,bee07df49f998d36869627c69f6fcb13cb2ced78
cesar_munguia_img_0480,pinterest_0196.jpg,dinosaurios_y_prehistoria,ilustracion_plana_color,401,407,"Cría de dinosaurio saliendo del cascarón, con aspecto juguetón y alegre; integrado en una escena detallada, con estilo de caricatura tierna, en un nido con huevos y predominio de tonos claros.",Pinterest,cesar_munguia,110f7ea0513824f6407423eb1960d7cc2939700c
cesar_munguia_img_0481,pinterest_0197.jpg,dinosaurios_y_prehistoria,ilustracion_plana_color,736,736,"Pareja de pterosaurios volando, con aspecto juguetón y alegre; mostrado de cuerpo completo, con estilo de arte pixelado, sobre un fondo de color sencillo y predominio de tonos naranjas.",Pinterest,cesar_munguia,e655e8fbc24daa2633a9ff99e33935f41dee1aa7
cesar_munguia_img_0482,pinterest_0198.jpg,dinosaurios_y_prehistoria,ilustracion_plana_color,736,736,"Dinosaurio posando, con aspecto tranquilo y de expresión neutra; mostrado de cuerpo completo, con estilo de ilustración digital realista, sobre un fondo de color sencillo y predominio de tonos grises.",Pinterest,cesar_munguia,1fa142ba550bb85c09a76e8ec4c30493f1c201e9
cesar_munguia_img_0483,pinterest_0199.jpg,dinosaurios_y_prehistoria,ilustracion_plana_color,736,736,"Velociraptor posando, con aspecto juguetón y alegre; mostrado de cuerpo completo, con estilo de arte pixelado, sobre un fondo de color sencillo y predominio de tonos azules.",Pinterest,cesar_munguia,7c46516b2cd3eeb8422ce7dfd7f72a5450020653
cesar_munguia_img_0484,pinterest_0200.jpg,dinosaurios_y_prehistoria,ilustracion_plana_color,626,659,"Dinosaurio posando, con aspecto juguetón y alegre; mostrado de cuerpo completo, con estilo de icono vectorial plano, sobre un fondo de color sencillo y predominio de tonos amarillos.",Pinterest,cesar_munguia,c4024d576253c48689def67a9c50d4b6c873d0a2
cesar_munguia_img_0485,pinterest_0201.png,dinosaurios_y_prehistoria,ilustracion_plana_color,853,1280,"Pterosaurio volando, con aspecto juguetón y alegre; mostrado de cuerpo completo, con estilo de render tridimensional, sobre un fondo de color sencillo y predominio de tonos grises.",Pinterest,cesar_munguia,2a0a10980f181b5ea21080507997b30bccf7541b
cesar_munguia_img_0486,pinterest_0202.jpg,dinosaurios_y_prehistoria,ilustracion_plana_color,626,626,"Dinosaurio peleando, con aspecto juguetón y alegre; mostrado de cuerpo completo, con estilo de icono vectorial plano, sobre fondo blanco o transparente y predominio de tonos rojos.",Pinterest,cesar_munguia,3897231ffbc92f90094ceb0593ce16105a0f334e
cesar_munguia_img_0487,pinterest_0203.jpg,dinosaurios_y_prehistoria,ilustracion_plana_color,626,447,"Tiranosaurio rex posando, con aspecto juguetón y alegre; mostrado de cuerpo completo, con estilo de icono vectorial plano, sobre fondo blanco o transparente y predominio de tonos verdes.",Pinterest,cesar_munguia,8faa01623c04ad42fab939a54ab8e8411dfc3d51
cesar_munguia_img_0488,pinterest_0204.png,dinosaurios_y_prehistoria,ilustracion_plana_color,1208,1280,"Pterosaurio volando, con aspecto juguetón y alegre; mostrado de cuerpo completo, con estilo de render tridimensional, sobre fondo blanco o transparente y predominio de tonos rojos.",Pinterest,cesar_munguia,c6cb8e14d1c31a817b7480e4eb9e94f0526f9caf
cesar_munguia_img_0489,pinterest_0205.jpg,dinosaurios_y_prehistoria,ilustracion_plana_color,501,626,"Dinosaurio nadando, con aspecto juguetón y alegre; mostrado de cuerpo completo, con estilo de caricatura tierna, sobre fondo blanco o transparente y predominio de tonos claros.",Pinterest,cesar_munguia,0c6e5bd678cd4965d0886d34eb29a1ac2903c7af
cesar_munguia_img_0490,pinterest_0206.jpg,dinosaurios_y_prehistoria,ilustracion_plana_color,626,448,"Dinosaurio posando, con aspecto juguetón y alegre; mostrado de cuerpo completo, con estilo de icono vectorial plano, sobre un fondo de color sencillo y predominio de tonos turquesa.",Pinterest,cesar_munguia,ada0cfa97c565d08567a44e22f9ee36810428caf
cesar_munguia_img_0491,pinterest_0207.jpg,dinosaurios_y_prehistoria,ilustracion_plana_color,626,634,"Dinosaurio posando, con aspecto amistoso y sonriente; mostrado de cuerpo completo, con estilo de icono vectorial plano, sobre fondo blanco o transparente y predominio de tonos verdes.",Pinterest,cesar_munguia,5ad538f5161c1f483cedd226184c99c3917b84bf
cesar_munguia_img_0492,pinterest_0208.jpg,dinosaurios_y_prehistoria,ilustracion_plana_color,626,659,"Dinosaurio posando, con aspecto amistoso y sonriente; mostrado de cuerpo completo, con estilo de icono vectorial plano, sobre un fondo de color sencillo y predominio de tonos turquesa.",Pinterest,cesar_munguia,a66107858de0ad3578e5101e27d427e15e493b12
cesar_munguia_img_0493,pinterest_0209.jpg,dinosaurios_y_prehistoria,ilustracion_plana_color,626,611,"Tiranosaurio rex posando, con aspecto juguetón y alegre; mostrado de cuerpo completo, con estilo de icono vectorial plano, sobre fondo blanco o transparente y predominio de tonos naranjas.",Pinterest,cesar_munguia,cefd20917e4811f4c972f3cdd30bb68674bf3202
cesar_munguia_img_0494,pinterest_0210.jpg,dinosaurios_y_prehistoria,ilustracion_plana_color,736,736,"Grupo de dinosaurios jugando alegremente, con aspecto amistoso y sonriente; representado como una silueta sencilla, con estilo de caricatura tierna, sobre fondo blanco o transparente y predominio de tonos grises.",Pinterest,cesar_munguia,19c9c76df43a0bcdd3cf3747ace7d7a5ba9858b7
cesar_munguia_img_0495,pinterest_0211.png,dinosaurios_y_prehistoria,ilustracion_plana_color,673,1280,"Parasaurolophus posando, con aspecto amistoso y sonriente; mostrado de cuerpo completo, con estilo de render tridimensional, sobre fondo blanco o transparente y predominio de tonos naranjas.",Pinterest,cesar_munguia,0bde4a2baba8cf53b322baefc7516ea007b82e1a
cesar_munguia_img_0496,pinterest_0212.jpg,dinosaurios_y_prehistoria,ilustracion_plana_color,735,568,"Dinosaurio nadando, con aspecto juguetón y alegre; mostrado de cuerpo completo, con estilo de caricatura tierna, sobre fondo blanco o transparente y predominio de tonos azules.",Pinterest,cesar_munguia,7e1753e9ab35fb28bce56aef151748ecce78e2f2
cesar_munguia_img_0497,pinterest_0213.jpg,dinosaurios_y_prehistoria,ilustracion_plana_color,736,736,"Velociraptor de pie y posando, con aspecto amistoso y sonriente; mostrado de cuerpo completo, con estilo de dibujo hecho a mano, sobre un fondo de color sencillo y predominio de tonos claros.",Pinterest,cesar_munguia,998ca96f708c5d3c0779030a003206f826c14198
cesar_munguia_img_0498,pinterest_0214.jpg,dinosaurios_y_prehistoria,ilustracion_plana_color,735,952,"Triceratops peleando, con aspecto amistoso y sonriente; mostrado de cuerpo completo, con estilo de caricatura tierna, sobre fondo blanco o transparente y predominio de tonos claros.",Pinterest,cesar_munguia,7eb85a59ade461ea30ff9754a5e2abc2e7fd3f24
cesar_munguia_img_0499,pinterest_0215.jpg,dinosaurios_y_prehistoria,ilustracion_plana_color,736,1288,"Dinosaurio sentado, con aspecto amistoso y sonriente; mostrado de cuerpo completo, con estilo de icono vectorial plano, sobre fondo blanco o transparente y predominio de tonos naranjas.",Pinterest,cesar_munguia,a32e7196c5da77b381a1a96f568a81730a9a21fb
cesar_munguia_img_0500,pinterest_0216.jpg,dinosaurios_y_prehistoria,ilustracion_plana_color,736,747,"Anquilosaurio comiendo, con aspecto juguetón y alegre; integrado en una escena detallada, con estilo de caricatura tierna, en una selva prehistórica y predominio de tonos claros.",Pinterest,cesar_munguia,bbbc765a0e2262d2220cc396845c8cdf0dafa004
cesar_munguia_img_0501,pinterest_0217.jpg,dinosaurios_y_prehistoria,ilustracion_plana_color,360,360,"Pterosaurio volando, con aspecto tranquilo y de expresión neutra; mostrado de cuerpo completo, con estilo de icono vectorial plano, sobre fondo blanco o transparente y predominio de tonos amarillos.",Pinterest,cesar_munguia,4ccf11d22f0897de8c890269d5aa56a429b966c6
cesar_munguia_img_0502,pinterest_0218.jpg,dinosaurios_y_prehistoria,ilustracion_plana_color,400,400,"Ser humano prehistórico peleando, con aspecto juguetón y alegre; representado como una silueta sencilla, con estilo de caricatura tierna, sobre un fondo de color sencillo y predominio de tonos marrones.",Pinterest,cesar_munguia,51d36ef604331c502b1c7a62acdacf5278827b3f
cesar_munguia_img_0503,pinterest_0219.jpg,dinosaurios_y_prehistoria,ilustracion_plana_color,736,611,"Estegosaurio posando, con aspecto juguetón y alegre; mostrado de cuerpo completo, con estilo de icono vectorial plano, sobre un fondo de color sencillo y predominio de tonos azules.",Pinterest,cesar_munguia,c5a29115c1b360f5d696e1fab1e8b70a5e6d291a
cesar_munguia_img_0504,pinterest_0220.jpg,dinosaurios_y_prehistoria,ilustracion_plana_color,736,795,"Dinosaurio de pie y posando, con aspecto juguetón y alegre; mostrado de cuerpo completo, con estilo de icono vectorial plano, sobre un fondo de color sencillo y predominio de tonos turquesa.",Pinterest,cesar_munguia,3b2fa710e514b83043b98baef265300fd69a1828
cesar_munguia_img_0505,pinterest_0221.jpg,dinosaurios_y_prehistoria,ilustracion_plana_color,470,400,"Ser humano prehistórico durmiendo, con aspecto tranquilo y de expresión neutra; representado como una silueta sencilla, con estilo de caricatura tierna, sobre un fondo de color sencillo y predominio de tonos naranjas.",Pinterest,cesar_munguia,10c3c425186fa08e28c94573137eb60f5a4e770a
cesar_munguia_img_0506,pinterest_0222.jpg,dinosaurios_y_prehistoria,ilustracion_plana_color,736,1288,"Dinosaurio peleando, con aspecto amistoso y sonriente; mostrado de cuerpo completo, con estilo de icono vectorial plano, sobre fondo blanco o transparente y predominio de tonos verdes.",Pinterest,cesar_munguia,62f50d3c9faa99b8494f856b0c7b70fe2231fa8d
cesar_munguia_img_0507,pinterest_0223.jpg,dinosaurios_y_prehistoria,ilustracion_plana_color,736,763,"Tiranosaurio rex posando, con aspecto amistoso y sonriente; mostrado de cuerpo completo, con estilo de dibujo hecho a mano, sobre fondo blanco o transparente y predominio de tonos claros.",Pinterest,cesar_munguia,4a0ad868c212164701de98cd1c2167a1d507606a
cesar_munguia_img_0508,pinterest_0224.jpg,dinosaurios_y_prehistoria,ilustracion_plana_color,736,736,"Pterosaurio volando, con aspecto juguetón y alegre; mostrado de cuerpo completo, con estilo de icono vectorial plano, sobre fondo blanco o transparente y predominio de tonos claros.",Pinterest,cesar_munguia,0c4048b29bdcf3c2a38f3fb0d9bdf76b64addc1f
cesar_munguia_img_0509,pinterest_0225.jpg,dinosaurios_y_prehistoria,ilustracion_plana_color,680,680,"Mamut prehistórico rugiendo con la boca abierta, con aspecto feroz o enfadado; mostrado de cuerpo completo, con estilo de caricatura tierna, sobre fondo blanco o transparente y predominio de tonos naranjas.",Pinterest,cesar_munguia,630ce52f573447e383aa8632162c0b4b13dcd0a8
cesar_munguia_img_0510,pinterest_0226.jpg,dinosaurios_y_prehistoria,ilustracion_plana_color,736,1104,"Dinosaurio posando, con aspecto juguetón y alegre; mostrado de cuerpo completo, con estilo de caricatura tierna, sobre fondo blanco o transparente y predominio de tonos grises.",Pinterest,cesar_munguia,63009571f3a1ca34020dd20502753932610b9c24
cesar_munguia_img_0511,pinterest_0227.jpg,dinosaurios_y_prehistoria,ilustracion_plana_color,735,517,"Mamut prehistórico posando, con aspecto tranquilo y de expresión neutra; mostrado de cuerpo completo, con estilo de ilustración colorida de cuento infantil, sobre un fondo de color sencillo y predominio de tonos azules.",Pinterest,cesar_munguia,78fa7d83a3204ff1f66cabf748f1094de46cb749
cesar_munguia_img_0512,pinterest_0228.jpg,dinosaurios_y_prehistoria,ilustracion_plana_color,735,518,"Velociraptor rugiendo con la boca abierta, con aspecto amistoso y sonriente; mostrado de cuerpo completo, con estilo de caricatura tierna, sobre un fondo de color sencillo y predominio de tonos naranjas.",Pinterest,cesar_munguia,ea74b730d29402ebddba4b194761ddc9dac7af1d
cesar_munguia_img_0513,pinterest_0229.jpg,dinosaurios_y_prehistoria,ilustracion_plana_color,736,736,"Triceratops sentado, con aspecto juguetón y alegre; mostrado de cuerpo completo, con estilo de caricatura tierna, sobre un fondo de color sencillo y predominio de tonos grises.",Pinterest,cesar_munguia,168a2e02501135718e52dd971726472ee1609f43
cesar_munguia_img_0514,pinterest_0230.jpg,dinosaurios_y_prehistoria,ilustracion_plana_color,512,512,"Mamut prehistórico posando, con aspecto juguetón y alegre; mostrado de cuerpo completo, con estilo de icono vectorial plano, sobre un fondo de color sencillo y predominio de tonos naranjas.",Pinterest,cesar_munguia,12680dd9ddba068d42e6fcb23ecdb98523078fe5
cesar_munguia_img_0515,pinterest_0231.jpg,dinosaurios_y_prehistoria,ilustracion_plana_color,736,977,"Triceratops posando, con aspecto juguetón y alegre; mostrado de cuerpo completo, con estilo de caricatura tierna, sobre un fondo de color sencillo y predominio de tonos claros.",Pinterest,cesar_munguia,ead5ed8014e168e6e372fc032fe1c2a2f9f2a8fc
cesar_munguia_img_0516,pinterest_0232.jpg,dinosaurios_y_prehistoria,ilustracion_plana_color,626,626,"Pterosaurio volando, con aspecto juguetón y alegre; mostrado de cuerpo completo, con estilo de ilustración colorida de cuento infantil, sobre un fondo de color sencillo y predominio de tonos turquesa.",Pinterest,cesar_munguia,6a3338bae418210c1b17e5ee25626a1854509cca
cesar_munguia_img_0517,pinterest_0233.jpg,dinosaurios_y_prehistoria,ilustracion_plana_color,489,400,"Dinosaurio posando, con aspecto amistoso y sonriente; mostrado de cuerpo completo, con estilo de caricatura tierna, sobre un fondo de color sencillo y predominio de tonos rojos.",Pinterest,cesar_munguia,64f65c912fafef1393b6ec474cd092ef484c74ea
cesar_munguia_img_0518,pinterest_0234.jpg,dinosaurios_y_prehistoria,ilustracion_plana_color,736,1051,"Dilofosaurio posando, con aspecto amistoso y sonriente; mostrado de cuerpo completo, con estilo de dibujo hecho a mano, sobre fondo blanco o transparente y predominio de tonos claros.",Pinterest,cesar_munguia,7ac48a3a1863e28a5c9dd04284c7dbe82ca5faea
cesar_munguia_img_0519,pinterest_0235.jpg,dinosaurios_y_prehistoria,ilustracion_plana_color,700,490,"Mamut prehistórico peleando, con aspecto feroz o enfadado; mostrado de cuerpo completo, con estilo de icono vectorial plano, sobre un fondo de color sencillo y predominio de tonos claros.",Pinterest,cesar_munguia,e4965bc58155010213d49cc5d8bdc18724676170
cesar_munguia_img_0520,pinterest_0236.jpg,dinosaurios_y_prehistoria,ilustracion_plana_color,735,766,"Pareja de dinosaurios jugando alegremente, con aspecto amistoso y sonriente; mostrado de cuerpo completo, con estilo de caricatura tierna, sobre un fondo de color sencillo y predominio de tonos claros.",Pinterest,cesar_munguia,c6d25701bb4525ec7ffec66dab2fb7b9a889ec1a
cesar_munguia_img_0521,pinterest_0237.jpg,dinosaurios_y_prehistoria,ilustracion_plana_color,338,338,"Dinosaurio saurópodo de cuello largo caminando, con aspecto juguetón y alegre; mostrado de cuerpo completo, con estilo de ilustración colorida de cuento infantil, sobre un fondo de color sencillo y predominio de tonos naranjas.",Pinterest,cesar_munguia,17201307aadaba45a12d33a923ed18d05cfe0653
cesar_munguia_img_0522,pinterest_0238.png,dinosaurios_y_prehistoria,ilustracion_plana_color,1271,1280,"Estegosaurio sentado, con aspecto tranquilo y de expresión neutra; representado como una silueta sencilla, con estilo de icono vectorial plano, sobre un fondo de color sencillo y predominio de tonos azules.",Pinterest,cesar_munguia,c0715fc3df9c00334469b69a4eff0f115bbc7cfe
cesar_munguia_img_0523,pinterest_0239.jpg,dinosaurios_y_prehistoria,ilustracion_plana_color,561,556,"Cría de dinosaurio saliendo del cascarón, con aspecto tranquilo y de expresión neutra; mostrado de cuerpo completo, con estilo de caricatura tierna, sobre fondo blanco o transparente y predominio de tonos rojos.",Pinterest,cesar_munguia,e963e92823595cb1d9c4cd1d9f1c50cbb9c09f41
cesar_munguia_img_0524,pinterest_0240.jpg,dinosaurios_y_prehistoria,ilustracion_plana_color,736,1040,"Triceratops posando, con aspecto juguetón y alegre; integrado en una escena detallada, con estilo de caricatura tierna, en una selva prehistórica y predominio de tonos claros.",Pinterest,cesar_munguia,75e35bec3f7313820a9c2aff3deee5bbc1ee31b2
cesar_munguia_img_0525,pinterest_0241.jpg,dinosaurios_y_prehistoria,ilustracion_plana_color,325,280,"Pareja de tiranosaurios rex jugando alegremente, con aspecto juguetón y alegre; mostrado de cuerpo completo, con estilo de caricatura tierna, sobre fondo blanco o transparente y predominio de tonos claros.",Pinterest,cesar_munguia,bfdc741f851a26c883e93c187699a35f4c79d65f
cesar_munguia_img_0526,pinterest_0242.jpg,dinosaurios_y_prehistoria,ilustracion_plana_color,496,550,"Dinosaurio posando, con aspecto juguetón y alegre; mostrado de cuerpo completo, con estilo de caricatura tierna, sobre fondo blanco o transparente y predominio de tonos claros.",Pinterest,cesar_munguia,3e56dee35dfeaa11489bd42c549f20dccf248f21
cesar_munguia_img_0527,pinterest_0243.jpg,dinosaurios_y_prehistoria,ilustracion_plana_color,736,952,"Dinosaurio posando, con aspecto amistoso y sonriente; mostrado de cuerpo completo, con estilo de dibujo hecho a mano, sobre fondo blanco o transparente y predominio de tonos claros.",Pinterest,cesar_munguia,0b6617d51b1bec315a9eba0d12a9d706fcfbfb50
cesar_munguia_img_0528,pinterest_0244.jpg,dinosaurios_y_prehistoria,ilustracion_plana_color,736,736,"Ser humano prehistórico peleando, con aspecto feroz o enfadado; mostrado de cuerpo completo, con estilo de caricatura tierna, sobre un fondo de color sencillo y predominio de tonos marrones.",Pinterest,cesar_munguia,398d30297faff0ab50d7b65e9b938249090e9913
cesar_munguia_img_0529,pinterest_0245.png,dinosaurios_y_prehistoria,ilustracion_plana_color,1259,1280,"Dinosaurio saurópodo de cuello largo posando, con aspecto amistoso y sonriente; mostrado de cuerpo completo, con estilo de icono vectorial plano, sobre un fondo de color sencillo y predominio de tonos verdes.",Pinterest,cesar_munguia,85de7238d4bff9fdf0c821ba31bcb5b136b3ee96
cesar_munguia_img_0530,pinterest_0246.jpg,dinosaurios_y_prehistoria,ilustracion_plana_color,300,300,"Dinosaurio comiendo, con aspecto juguetón y alegre; mostrado de cuerpo completo, con estilo de caricatura tierna, sobre un fondo de color sencillo y predominio de tonos grises.",Pinterest,cesar_munguia,2abafee6773da8aee45ed7d8dae551cc2974744a
cesar_munguia_img_0531,pinterest_0247.jpg,dinosaurios_y_prehistoria,ilustracion_plana_color,736,952,"Dinosaurio posando, con aspecto tranquilo y de expresión neutra; representado como una silueta sencilla, con estilo de icono vectorial plano, sobre fondo blanco o transparente y predominio de tonos claros.",Pinterest,cesar_munguia,87f9dba304455ba4781907b4eb677cacc40ebeb0
cesar_munguia_img_0532,pinterest_0248.jpg,dinosaurios_y_prehistoria,ilustracion_plana_color,736,981,"Dinosaurio posando, con aspecto juguetón y alegre; mostrado de cuerpo completo, con estilo de caricatura tierna, sobre un fondo de color sencillo y predominio de tonos claros.",Pinterest,cesar_munguia,300ef48922e301cd86745e33f41c408905c3531d
cesar_munguia_img_0533,pinterest_0249.jpg,dinosaurios_y_prehistoria,ilustracion_plana_color,297,300,"Grupo de parasaurolophus posando, con aspecto amistoso y sonriente; mostrado de cuerpo completo, con estilo de caricatura tierna, sobre un fondo de color sencillo y predominio de tonos claros.",Pinterest,cesar_munguia,f07d198726a42b4dfbdc5cefd3b42d058aec7cff
cesar_munguia_img_0534,pinterest_0250.jpg,dinosaurios_y_prehistoria,ilustracion_plana_color,624,885,"Dinosaurio posando, con aspecto amistoso y sonriente; mostrado de cuerpo completo, con estilo de caricatura tierna, sobre fondo blanco o transparente y predominio de tonos grises.",Pinterest,cesar_munguia,e30b859600feecbbcd3089c2cbe1492ac6a62924
cesar_munguia_img_0535,pinterest_0251.jpg,dinosaurios_y_prehistoria,ilustracion_plana_color,736,519,"Dinosaurio posando, con aspecto juguetón y alegre; mostrado de cuerpo completo, con estilo de caricatura tierna, sobre un fondo de color sencillo y predominio de tonos turquesa.",Pinterest,cesar_munguia,eb01bc6c9e176c7a3b5f60d6a2294ccd8a15fef1
cesar_munguia_img_0536,pinterest_0252.jpg,dinosaurios_y_prehistoria,ilustracion_plana_color,736,711,"Dinosaurio posando, con aspecto amistoso y sonriente; mostrado de cuerpo completo, con estilo de caricatura tierna, sobre un fondo de color sencillo y predominio de tonos grises.",Pinterest,cesar_munguia,fd8175ca711d4c79bdd862532c03c8472a45a816
cesar_munguia_img_0537,pinterest_0253.jpg,dinosaurios_y_prehistoria,ilustracion_plana_color,736,736,"Dinosaurio posando, con aspecto amistoso y sonriente; mostrado de cuerpo completo, con estilo de icono vectorial plano, sobre fondo blanco o transparente y predominio de tonos claros.",Pinterest,cesar_munguia,bf94eff3c5d29cfd7edc7cb43fba112aedebc140
cesar_munguia_img_0538,pinterest_0254.jpg,dinosaurios_y_prehistoria,ilustracion_plana_color,736,736,"Dinosaurio rugiendo con la boca abierta, con aspecto feroz o enfadado; mostrado de cuerpo completo, con estilo de icono vectorial plano, sobre un fondo de color sencillo y predominio de tonos claros.",Pinterest,cesar_munguia,dd321f678e3ba6751b17e0c087ec35563ea9140b
cesar_munguia_img_0539,pinterest_0255.jpg,dinosaurios_y_prehistoria,ilustracion_plana_color,289,332,"Grupo de dinosaurios saurópodos de cuello largo posando, con aspecto tranquilo y de expresión neutra; mostrado de cuerpo completo, con estilo de dibujo hecho a mano, sobre fondo blanco o transparente y predominio de tonos claros.",Pinterest,cesar_munguia,e65ae938b0f5cbf7407626e0300e638646ae53a6
cesar_munguia_img_0540,pinterest_0256.png,dinosaurios_y_prehistoria,ilustracion_plana_color,1280,1211,"Dinosaurio rugiendo con la boca abierta, con aspecto amistoso y sonriente; representado como una silueta sencilla, con estilo de icono vectorial plano, sobre un fondo de color sencillo y predominio de tonos rojos.",Pinterest,cesar_munguia,7a0cee50b8baea26b569ae53e8ae42f87e814fe0
cesar_munguia_img_0541,pinterest_0257.jpg,dinosaurios_y_prehistoria,ilustracion_plana_color,735,386,"Ser humano prehistórico peleando, con aspecto juguetón y alegre; mostrado de cuerpo completo, con estilo de caricatura tierna, sobre un fondo de color sencillo y predominio de tonos naranjas.",Pinterest,cesar_munguia,76430e5d1c7eaf967f5efa8c443790a749346893
cesar_munguia_img_0542,pinterest_0258.jpg,dinosaurios_y_prehistoria,ilustracion_plana_color,735,490,"Dinosaurio rugiendo con la boca abierta, con aspecto juguetón y alegre; mostrado de cuerpo completo, con estilo de caricatura tierna, sobre un fondo de color sencillo y predominio de tonos naranjas.",Pinterest,cesar_munguia,5d3ed682f723436e35b1b034a77e2aef2ab5a8df
cesar_munguia_img_0543,pinterest_0259.jpg,dinosaurios_y_prehistoria,ilustracion_plana_color,320,268,"Estegosaurio posando, con aspecto juguetón y alegre; mostrado de cuerpo completo, con estilo de caricatura tierna, sobre un fondo de color sencillo y predominio de tonos verdes.",Pinterest,cesar_munguia,24fdb24eaa2b21b1fbdddcaa0c284f505b830e20
cesar_munguia_img_0544,pinterest_0260.jpg,dinosaurios_y_prehistoria,ilustracion_plana_color,450,409,"Tiranosaurio rex rugiendo con la boca abierta, con aspecto juguetón y alegre; mostrado de cuerpo completo, con estilo de ilustración colorida de cuento infantil, sobre un fondo de color sencillo y predominio de tonos naranjas.",Pinterest,cesar_munguia,3b3f55f90e89f221315e7a237157ad4c0a5eeb2e
cesar_munguia_img_0545,pinterest_0261.jpg,dinosaurios_y_prehistoria,ilustracion_plana_color,450,397,"Dinosaurio posando, con aspecto amistoso y sonriente; mostrado de cuerpo completo, con estilo de caricatura tierna, sobre fondo blanco o transparente y predominio de tonos naranjas.",Pinterest,cesar_munguia,59b3b27d5f8037a6b8368765aaf395cb85262c0d
cesar_munguia_img_0546,pinterest_0262.jpg,dinosaurios_y_prehistoria,ilustracion_plana_color,736,1017,"Anquilosaurio posando, con aspecto juguetón y alegre; integrado en una escena detallada, con estilo de ilustración colorida de cuento infantil, en una selva prehistórica y predominio de tonos claros.",Pinterest,cesar_munguia,e73bb2c7e6974ce77b8dddb445ed40554b8549e6
cesar_munguia_img_0547,pinterest_0263.jpg,dinosaurios_y_prehistoria,ilustracion_plana_color,736,1030,"Cría de dinosaurio saliendo del cascarón, con aspecto tranquilo y de expresión neutra; mostrado de cuerpo completo, con estilo de caricatura tierna, en un nido con huevos y predominio de tonos claros.",Pinterest,cesar_munguia,ab3241da3df64e0a465678a306132f8498d5a322
cesar_munguia_img_0548,pinterest_0264.jpg,dinosaurios_y_prehistoria,ilustracion_plana_color,500,600,"Pterosaurio volando, con aspecto tranquilo y de expresión neutra; mostrado de cuerpo completo, con estilo de dibujo hecho a mano, sobre un fondo de color sencillo y predominio de tonos claros.",Pinterest,cesar_munguia,0fbacc8108c2eb79fd4d3cf6e7e2c0a16cfae583
cesar_munguia_img_0549,pinterest_0265.jpg,dinosaurios_y_prehistoria,ilustracion_plana_color,736,736,"Triceratops rugiendo con la boca abierta, con aspecto juguetón y alegre; mostrado de cuerpo completo, con estilo de render tridimensional, sobre un fondo de color sencillo y predominio de tonos naranjas.",Pinterest,cesar_munguia,d4d37ac4a9248429b998d7aa5242bbb2e94b46d4
cesar_munguia_img_0550,pinterest_0266.jpg,dinosaurios_y_prehistoria,ilustracion_plana_color,736,520,"Grupo de dinosaurios posando, con aspecto amistoso y sonriente; integrado en una escena detallada, con estilo de dibujo hecho a mano, en una selva prehistórica y predominio de tonos claros.",Pinterest,cesar_munguia,16a10aefbcee2593f774abc80c7fd37d1c1f15b9
cesar_munguia_img_0551,pinterest_0267.png,dinosaurios_y_prehistoria,ilustracion_plana_color,1280,1067,"Dinosaurio posando, con aspecto juguetón y alegre; mostrado de cuerpo completo, con estilo de caricatura tierna, sobre un fondo de color sencillo y predominio de tonos naranjas.",Pinterest,cesar_munguia,f3162151736f49695c19e7d65eb6b40b5f50c2d9
cesar_munguia_img_0552,pinterest_0268.jpg,dinosaurios_y_prehistoria,ilustracion_plana_color,300,300,"Pterosaurio volando, con aspecto juguetón y alegre; mostrado de cuerpo completo, con estilo de caricatura tierna, sobre un fondo de color sencillo y predominio de tonos rosas.",Pinterest,cesar_munguia,9461023fdc985832a30d2b26c6c2817015048a10
cesar_munguia_img_0553,pinterest_0269.jpg,dinosaurios_y_prehistoria,ilustracion_plana_color,736,1288,"Dinosaurio peleando, con aspecto juguetón y alegre; mostrado de cuerpo completo, con estilo de icono vectorial plano, sobre fondo blanco o transparente y predominio de tonos verdes.",Pinterest,cesar_munguia,e4c5a6a0907bd312add4e3236d63400802cded2f
cesar_munguia_img_0554,pinterest_0270.jpg,dinosaurios_y_prehistoria,ilustracion_plana_color,736,1050,"Cría de dinosaurio saliendo del cascarón, con aspecto tranquilo y de expresión neutra; mostrado de cuerpo completo, con estilo de dibujo hecho a mano, sobre un fondo de color sencillo y predominio de tonos claros.",Pinterest,cesar_munguia,82bae34526ddf1e9d49bd816ba5c53bdb2104399
cesar_munguia_img_0555,pinterest_0271.jpg,dinosaurios_y_prehistoria,ilustracion_plana_color,626,417,"Ser humano prehistórico posando, con aspecto feroz o enfadado; mostrado de cuerpo completo, con estilo de caricatura tierna, sobre un fondo de color sencillo y predominio de tonos grises.",Pinterest,cesar_munguia,389380692bbdd23ea96f846af528db17bd1ff28d
cesar_munguia_img_0556,pinterest_0272.jpg,dinosaurios_y_prehistoria,ilustracion_plana_color,736,736,"Pterosaurio volando, con aspecto juguetón y alegre; mostrado de cuerpo completo, con estilo de caricatura tierna, sobre fondo blanco o transparente y predominio de tonos amarillos.",Pinterest,cesar_munguia,a6269da975d16b9050c5ce290f7e191e108469f5
cesar_munguia_img_0557,pinterest_0273.jpg,dinosaurios_y_prehistoria,ilustracion_plana_color,400,400,"Ser humano prehistórico de pie y posando, con aspecto tranquilo y de expresión neutra; representado como una silueta sencilla, con estilo de arte pixelado, sobre un fondo de color sencillo y predominio de tonos marrones.",Pinterest,cesar_munguia,5ed7a9bf7daabb2cb394b4a856e4d368e8f9e5e4
cesar_munguia_img_0558,pinterest_0274.jpg,dinosaurios_y_prehistoria,ilustracion_plana_color,736,736,"Anquilosaurio sentado, con aspecto juguetón y alegre; mostrado de cuerpo completo, con estilo de caricatura tierna, sobre fondo blanco o transparente y predominio de tonos claros.",Pinterest,cesar_munguia,4062ebf0f2a2872a6e97c38bbb34ed0004bd9798
cesar_munguia_img_0559,pinterest_0275.jpg,dinosaurios_y_prehistoria,ilustracion_plana_color,700,700,"Ser humano prehistórico peleando, con aspecto juguetón y alegre; representado como una silueta sencilla, con estilo de caricatura tierna, sobre un fondo de color sencillo y predominio de tonos grises.",Pinterest,cesar_munguia,48c336675af4436051769803129c1b4966d496ae
cesar_munguia_img_0560,pinterest_0276.jpg,dinosaurios_y_prehistoria,ilustracion_plana_color,600,345,"Pterosaurio volando, con aspecto juguetón y alegre; mostrado de cuerpo completo, con estilo de caricatura tierna, sobre fondo blanco o transparente y predominio de tonos amarillos.",Pinterest,cesar_munguia,4dbfe4e6283c029c6435c53e46d9040f12d5f75c
cesar_munguia_img_0561,pinterest_0277.jpg,dinosaurios_y_prehistoria,ilustracion_plana_color,736,736,"Estegosaurio posando, con aspecto juguetón y alegre; integrado en una escena detallada, con estilo de caricatura tierna, en una selva prehistórica y predominio de tonos claros.",Pinterest,cesar_munguia,143d583b4178c6c4afaff61ac972642bf965e084
cesar_munguia_img_0562,pinterest_0278.jpg,dinosaurios_y_prehistoria,ilustracion_plana_color,735,754,"Velociraptor comiendo, con aspecto juguetón y alegre; mostrado de cuerpo completo, con estilo de ilustración digital realista, sobre un fondo de color sencillo y predominio de tonos amarillos.",Pinterest,cesar_munguia,99e357f0faa17873375a4d65b342a8384443a79a
cesar_munguia_img_0563,pinterest_0279.jpg,dinosaurios_y_prehistoria,ilustracion_plana_color,415,400,"Ser humano prehistórico comiendo, con aspecto tranquilo y de expresión neutra; representado como una silueta sencilla, con estilo de caricatura tierna, sobre un fondo de color sencillo y predominio de tonos naranjas.",Pinterest,cesar_munguia,fff2dfa069677a2891e713d73aa9c4711bfa780e
cesar_munguia_img_0564,pinterest_0280.jpg,dinosaurios_y_prehistoria,ilustracion_plana_color,312,240,"Dinosaurio posando, con aspecto juguetón y alegre; mostrado de cuerpo completo, con estilo de ilustración colorida de cuento infantil, en una selva prehistórica y predominio de tonos verdes.",Pinterest,cesar_munguia,27bbbfabee61871ba40b694958f3adc631f7bdb5
cesar_munguia_img_0565,pinterest_0281.jpg,dinosaurios_y_prehistoria,ilustracion_plana_color,306,240,"Anquilosaurio posando, con aspecto juguetón y alegre; mostrado de cuerpo completo, con estilo de caricatura tierna, en una selva prehistórica y predominio de tonos naranjas.",Pinterest,cesar_munguia,2e91f3fffc45ecf20186d9586b71798d3c2e6944
cesar_munguia_img_0566,pinterest_0282.jpg,dinosaurios_y_prehistoria,ilustracion_plana_color,260,240,"Parasaurolophus peleando, con aspecto juguetón y alegre; mostrado de cuerpo completo, con estilo de icono vectorial plano, sobre fondo blanco o transparente y predominio de tonos naranjas.",Pinterest,cesar_munguia,68881839a556ada2f49d1f179ffbf35cbbda9e63
cesar_munguia_img_0567,pinterest_0283.jpg,dinosaurios_y_prehistoria,ilustracion_plana_color,305,240,"Dinosaurio comiendo, con aspecto juguetón y alegre; mostrado de cuerpo completo, con estilo de ilustración colorida de cuento infantil, sobre un fondo de color sencillo y predominio de tonos verdes.",Pinterest,cesar_munguia,4315d3bfc49ab97ce3c99a388d7c5e1c5b56a8d4
cesar_munguia_img_0568,pinterest_0284.jpg,dinosaurios_y_prehistoria,ilustracion_plana_color,175,240,"Dinosaurio posando, con aspecto amistoso y sonriente; mostrado de cuerpo completo, con estilo de caricatura tierna, en una selva prehistórica y predominio de tonos amarillos.",Pinterest,cesar_munguia,ef55608d4f4256b3645001e822937b08d46da590
cesar_munguia_img_0569,pinterest_0285.jpg,dinosaurios_y_prehistoria,ilustracion_plana_color,369,360,"Dinosaurio posando, con aspecto amistoso y sonriente; mostrado de cuerpo completo, con estilo de caricatura tierna, sobre un fondo de color sencillo y predominio de tonos naranjas.",Pinterest,cesar_munguia,a2eab1f3fc8b77f290549880071743f588247859
cesar_munguia_img_0570,pinterest_0286.jpg,dinosaurios_y_prehistoria,ilustracion_plana_color,736,736,"Ser humano prehistórico jugando alegremente, con aspecto juguetón y alegre; integrado en una escena detallada, con estilo de caricatura tierna, en una selva prehistórica y predominio de tonos claros.",Pinterest,cesar_munguia,75015c5205d16643eee9e666a411f972d319f40b
cesar_munguia_img_0571,pinterest_0287.jpg,dinosaurios_y_prehistoria,ilustracion_plana_color,225,225,"Pterosaurio peleando, con aspecto feroz o enfadado; representado como una silueta sencilla, con estilo de icono vectorial plano, sobre fondo blanco o transparente y predominio de tonos grises.",Pinterest,cesar_munguia,e492fe7549150e82842fddbb10769aaf0dde89d4
cesar_munguia_img_0572,pinterest_0288.jpg,dinosaurios_y_prehistoria,ilustracion_plana_color,576,604,"Ser humano prehistórico corriendo, con aspecto amistoso y sonriente; mostrado de cuerpo completo, con estilo de dibujo hecho a mano, sobre un fondo de color sencillo y predominio de tonos naranjas.",Pinterest,cesar_munguia,9b3cd8b441f8e0d3a24b69d3b3e2bd8c5372cfe4
cesar_munguia_img_0573,pinterest_0289.jpg,dinosaurios_y_prehistoria,ilustracion_plana_color,720,673,"Anquilosaurio posando, con aspecto tranquilo y de expresión neutra; mostrado de cuerpo completo, con estilo de caricatura tierna, sobre un fondo de color sencillo y predominio de tonos claros.",Pinterest,cesar_munguia,76e83c738f85ffcb5f5f5a29a9a8f603c4fe9744
cesar_munguia_img_0574,pinterest_0290.jpg,dinosaurios_y_prehistoria,ilustracion_plana_color,450,273,"Pterosaurio volando, con aspecto juguetón y alegre; mostrado de cuerpo completo, con estilo de ilustración colorida de cuento infantil, sobre un fondo de color sencillo y predominio de tonos naranjas.",Pinterest,cesar_munguia,bc8ab815ddef45d35333e450188f708d59e70bff
cesar_munguia_img_0575,pinterest_0291.jpg,dinosaurios_y_prehistoria,ilustracion_plana_color,735,620,"Pterosaurio volando, con aspecto juguetón y alegre; mostrado de cuerpo completo, con estilo de caricatura tierna, sobre fondo blanco o transparente y predominio de tonos naranjas.",Pinterest,cesar_munguia,f3fee0b6e8e6a2dff9d91721ab7174b51313b58d
cesar_munguia_img_0576,pinterest_0292.jpg,dinosaurios_y_prehistoria,ilustracion_plana_color,450,239,"Pterosaurio volando, con aspecto feroz o enfadado; representado como una silueta sencilla, con estilo de icono vectorial plano, sobre un fondo de color sencillo y predominio de tonos naranjas.",Pinterest,cesar_munguia,6d79f19019f28f5b8a2ac1ad9b65fb56e65a87ec
cesar_munguia_img_0577,pinterest_0293.jpg,dinosaurios_y_prehistoria,ilustracion_plana_color,736,1288,"Dinosaurio posando, con aspecto juguetón y alegre; mostrado de cuerpo completo, con estilo de caricatura tierna, sobre un fondo de color sencillo y predominio de tonos verdes.",Pinterest,cesar_munguia,924602c58af1f0c3226383c93161b31f2817deba
cesar_munguia_img_0578,pinterest_0294.png,dinosaurios_y_prehistoria,ilustracion_plana_color,1280,1280,"Grupo de parasaurolophus posando, con aspecto tranquilo y de expresión neutra; mostrado de cuerpo completo, con estilo de icono vectorial plano, sobre un fondo de color sencillo y predominio de tonos rojos.",Pinterest,cesar_munguia,7caa5d5629a134194884808dd566399213ccfaee
cesar_munguia_img_0579,pinterest_0295.jpg,dinosaurios_y_prehistoria,ilustracion_plana_color,435,600,"Dinosaurio peleando, con aspecto juguetón y alegre; mostrado de cuerpo completo, con estilo de caricatura tierna, sobre fondo blanco o transparente y predominio de tonos turquesa.",Pinterest,cesar_munguia,aa990af1be9475b85035536fafce7d223966a58b
cesar_munguia_img_0580,pinterest_0296.jpg,dinosaurios_y_prehistoria,ilustracion_plana_color,574,640,"Dinosaurio peleando, con aspecto juguetón y alegre; mostrado de cuerpo completo, con estilo de caricatura tierna, sobre fondo blanco o transparente y predominio de tonos verdes.",Pinterest,cesar_munguia,6f79df6085d1d228253cda8d79a7fa31ebeec7e6
cesar_munguia_img_0581,pinterest_0297.jpg,dinosaurios_y_prehistoria,ilustracion_plana_color,735,427,"Dilofosaurio rugiendo con la boca abierta, con aspecto feroz o enfadado; mostrado de cuerpo completo, con estilo de ilustración digital realista, sobre fondo blanco o transparente y predominio de tonos naranjas.",Pinterest,cesar_munguia,dbff188eef65d27a8b59a9050dde8af5d914a20f
cesar_munguia_img_0582,pinterest_0298.jpg,dinosaurios_y_prehistoria,ilustracion_plana_color,450,287,"Triceratops peleando, con aspecto juguetón y alegre; mostrado de cuerpo completo, con estilo de caricatura tierna, sobre un fondo de color sencillo y predominio de tonos rosas.",Pinterest,cesar_munguia,63d946714c1c0b8c4875f71362f65d2d0492214a
cesar_munguia_img_0583,pinterest_0299.jpg,dinosaurios_y_prehistoria,ilustracion_plana_color,469,456,"Pterosaurio volando, con aspecto juguetón y alegre; mostrado de cuerpo completo, con estilo de caricatura tierna, sobre un fondo de color sencillo y predominio de tonos naranjas.",Pinterest,cesar_munguia,0de01838c730a5faf6087519f7bd38c9e0ebebf7
cesar_munguia_img_0584,pinterest_0300.jpg,dinosaurios_y_prehistoria,ilustracion_plana_color,736,981,"Dinosaurio posando, con aspecto amistoso y sonriente; integrado en una escena detallada, con estilo de ilustración colorida de cuento infantil, en una selva prehistórica y predominio de tonos claros.",Pinterest,cesar_munguia,11007f28dd353c9a2a5e8dcfac28b320836d4b59
cesar_munguia_img_0585,pinterest_0301.jpg,dinosaurios_y_prehistoria,ilustracion_plana_color,661,568,"Dinosaurio de pie y posando, con aspecto juguetón y alegre; mostrado de cuerpo completo, con estilo de caricatura tierna, sobre un fondo de color sencillo y predominio de tonos verdes.",Pinterest,cesar_munguia,63588f8fcc2a39e235d8ea2953c595a5b1facf5d
cesar_munguia_img_0586,pinterest_0302.jpg,dinosaurios_y_prehistoria,ilustracion_plana_color,477,512,"Dinosaurio posando, con aspecto feroz o enfadado; mostrado de cuerpo completo, con estilo de caricatura tierna, sobre un fondo de color sencillo y predominio de tonos verdes.",Pinterest,cesar_munguia,5a41a3771f5beff400c47011f2612f21dab35daf
cesar_munguia_img_0587,pinterest_0303.jpg,dinosaurios_y_prehistoria,ilustracion_plana_color,416,366,"Dinosaurio rugiendo con la boca abierta, con aspecto juguetón y alegre; mostrado de cuerpo completo, con estilo de caricatura tierna, sobre fondo blanco o transparente y predominio de tonos rojos.",Pinterest,cesar_munguia,d4e75ba7c44bc047df2803759b42e70ad0cbe6a3
cesar_munguia_img_0588,pinterest_0304.jpg,dinosaurios_y_prehistoria,ilustracion_plana_color,533,800,"Ser humano prehistórico caminando, con aspecto tranquilo y de expresión neutra; representado como una silueta sencilla, con estilo de arte pixelado, sobre un fondo de color sencillo y predominio de tonos naranjas.",Pinterest,cesar_munguia,d71f4691ac0a65f2e52f5871ec154c8fb734ecd0
cesar_munguia_img_0589,pinterest_0305.jpg,dinosaurios_y_prehistoria,ilustracion_plana_color,725,800,"Ser humano prehistórico peleando, con aspecto feroz o enfadado; mostrado de cuerpo completo, con estilo de arte pixelado, sobre un fondo de color sencillo y predominio de tonos naranjas.",Pinterest,cesar_munguia,21f46182dc62473c3900d411a4eb2cf79c06fcb6
cesar_munguia_img_0590,pinterest_0306.jpg,dinosaurios_y_prehistoria,ilustracion_plana_color,600,559,"Estegosaurio posando, con aspecto juguetón y alegre; mostrado de cuerpo completo, con estilo de caricatura tierna, sobre fondo blanco o transparente y predominio de tonos amarillos.",Pinterest,cesar_munguia,9ae9aa8bb8f82b1be9da9a960ba2806ea9c3c5c6
cesar_munguia_img_0591,pinterest_0307.jpg,dinosaurios_y_prehistoria,ilustracion_plana_color,626,626,"Dinosaurio peleando, con aspecto juguetón y alegre; mostrado de cuerpo completo, con estilo de caricatura tierna, sobre un fondo de color sencillo y predominio de tonos azules.",Pinterest,cesar_munguia,ba1104ab5e88447738a17e0e79fb7c477f9f91f5
cesar_munguia_img_0592,pinterest_0308.jpg,dinosaurios_y_prehistoria,ilustracion_plana_color,362,300,"Tiranosaurio rex posando, con aspecto amistoso y sonriente; mostrado de cuerpo completo, con estilo de caricatura tierna, en una selva prehistórica y predominio de tonos rojos.",Pinterest,cesar_munguia,d25a3e317e3abbb22965cbc493db930d464ccfb3
cesar_munguia_img_0593,pinterest_0309.jpg,dinosaurios_y_prehistoria,ilustracion_plana_color,300,295,"Pareja de dinosaurios jugando alegremente, con aspecto juguetón y alegre; mostrado de cuerpo completo, con estilo de ilustración colorida de cuento infantil, sobre un fondo de color sencillo y predominio de tonos amarillos.",Pinterest,cesar_munguia,7bcce864bdb102ca393ade6d13375d5f09879293
cesar_munguia_img_0594,pinterest_0310.jpg,dinosaurios_y_prehistoria,ilustracion_plana_color,512,512,"Mamut prehistórico posando, con aspecto tranquilo y de expresión neutra; integrado en una escena detallada, con estilo de icono vectorial plano, cerca de un volcán y predominio de tonos claros.",Pinterest,cesar_munguia,f8f4bd4f1c97b51c94bf97ddab2145a6c86c9a5f
cesar_munguia_img_0595,pinterest_0311.jpg,dinosaurios_y_prehistoria,ilustracion_plana_color,736,736,"Dinosaurio sentado, con aspecto amistoso y sonriente; mostrado de cuerpo completo, con estilo de caricatura tierna, sobre fondo blanco o transparente y predominio de tonos claros.",Pinterest,cesar_munguia,638adda51fd0cd110fa8e4ad38f478a44ef118c6
cesar_munguia_img_0596,pinterest_0312.jpg,dinosaurios_y_prehistoria,ilustracion_plana_color,236,359,"Ser humano prehistórico rugiendo con la boca abierta, con aspecto juguetón y alegre; integrado en una escena detallada, con estilo de caricatura tierna, en una selva prehistórica y predominio de tonos naranjas.",Pinterest,cesar_munguia,63fcb513ff6c45b006fe23d098e2b73cd7004410
cesar_munguia_img_0597,pinterest_0313.jpg,dinosaurios_y_prehistoria,ilustracion_plana_color,320,325,"Ser humano prehistórico peleando, con aspecto juguetón y alegre; mostrado de cuerpo completo, con estilo de caricatura tierna, sobre un fondo de color sencillo y predominio de tonos rojos.",Pinterest,cesar_munguia,e6d7a378b3322dda4af9defd66f70a7ae3b7081f
cesar_munguia_img_0598,pinterest_0314.jpg,dinosaurios_y_prehistoria,ilustracion_plana_color,736,736,"Tiranosaurio rex rugiendo con la boca abierta, con aspecto amistoso y sonriente; mostrado de cuerpo completo, con estilo de arte pixelado, sobre fondo blanco o transparente y predominio de tonos claros.",Pinterest,cesar_munguia,10530e56a26c9ec000aaa69fe210c8cd9a78b8a1
cesar_munguia_img_0599,pinterest_0315.jpg,dinosaurios_y_prehistoria,ilustracion_plana_color,600,600,"Estegosaurio posando, con aspecto juguetón y alegre; mostrado de cuerpo completo, con estilo de caricatura tierna, sobre fondo blanco o transparente y predominio de tonos naranjas.",Pinterest,cesar_munguia,0dd7508d3c92366bf0e5145cff12a62cd246e7c4
cesar_munguia_img_0600,pinterest_0316.jpg,dinosaurios_y_prehistoria,ilustracion_plana_color,528,581,"Dinosaurio posando, con aspecto amistoso y sonriente; mostrado de cuerpo completo, con estilo de caricatura tierna, sobre un fondo de color sencillo y predominio de tonos claros.",Pinterest,cesar_munguia,47c247a1466b18c49f8792c097be67fbe4461e41
cesar_munguia_img_0601,pinterest_0317.jpg,dinosaurios_y_prehistoria,ilustracion_plana_color,736,736,"Cría de dinosaurio saliendo del cascarón, con aspecto feroz o enfadado; mostrado de cuerpo completo, con estilo de caricatura tierna, en un nido con huevos y predominio de tonos rojos.",Pinterest,cesar_munguia,479f4f6dad977a267a5ffc7362d88b441b12fdca
cesar_munguia_img_0602,pinterest_0318.jpg,dinosaurios_y_prehistoria,ilustracion_plana_color,735,563,"Triceratops rugiendo con la boca abierta, con aspecto feroz o enfadado; mostrado de cuerpo completo, con estilo de arte pixelado, sobre un fondo de color sencillo y predominio de tonos rojos.",Pinterest,cesar_munguia,e3b8d163456221fd8815fa70d136ed50b4f7c790
cesar_munguia_img_0603,pinterest_0319.jpg,dinosaurios_y_prehistoria,ilustracion_plana_color,736,815,"Tiranosaurio rex posando, con aspecto amistoso y sonriente; mostrado de cuerpo completo, con estilo de ilustración digital realista, sobre un fondo de color sencillo y predominio de tonos grises.",Pinterest,cesar_munguia,b26eba0bc5744d2b0fa19fce05bac07b952e97e2
cesar_munguia_img_0604,pinterest_0320.jpg,dinosaurios_y_prehistoria,ilustracion_plana_color,736,929,"Mosasaurio rugiendo con la boca abierta, con aspecto amistoso y sonriente; mostrado de cuerpo completo, con estilo de ilustración en acuarela, en el agua o el océano y predominio de tonos claros.",Pinterest,cesar_munguia,ee8b209145f5bf8e40629a90f2ba04046e546b70
cesar_munguia_img_0605,pinterest_0321.jpg,dinosaurios_y_prehistoria,ilustracion_plana_color,626,547,"Tiranosaurio rex rugiendo con la boca abierta, con aspecto juguetón y alegre; mostrado de cuerpo completo, con estilo de caricatura tierna, sobre fondo blanco o transparente y predominio de tonos naranjas.",Pinterest,cesar_munguia,b066c7c8ad1ce017b79bb160ea8cb9123da5ff34
cesar_munguia_img_0606,pinterest_0322.jpg,dinosaurios_y_prehistoria,ilustracion_plana_color,585,548,"Velociraptor posando, con aspecto amistoso y sonriente; mostrado de cuerpo completo, con estilo de icono vectorial plano, sobre un fondo de color sencillo y predominio de tonos grises.",Pinterest,cesar_munguia,85eadd738515b1987d6aa83b1842d84767494865
cesar_munguia_img_0607,pinterest_0323.jpg,dinosaurios_y_prehistoria,ilustracion_plana_color,736,656,"Triceratops rugiendo con la boca abierta, con aspecto feroz o enfadado; mostrado de cuerpo completo, con estilo de caricatura tierna, sobre un fondo de color sencillo y predominio de tonos claros.",Pinterest,cesar_munguia,643ea17f4a31e149256069996a98e78aad7611ec
cesar_munguia_img_0608,pinterest_0324.jpg,dinosaurios_y_prehistoria,ilustracion_plana_color,574,639,"Dilofosaurio rugiendo con la boca abierta, con aspecto feroz o enfadado; mostrado de cuerpo completo, con estilo de arte pixelado, sobre fondo blanco o transparente y predominio de tonos amarillos.",Pinterest,cesar_munguia,cb49be262495264b6499753543edca32ea5858f2
cesar_munguia_img_0609,pinterest_0325.jpg,dinosaurios_y_prehistoria,ilustracion_plana_color,736,781,"Anquilosaurio rugiendo con la boca abierta, con aspecto feroz o enfadado; mostrado de cuerpo completo, con estilo de arte pixelado, sobre un fondo de color sencillo y predominio de tonos amarillos.",Pinterest,cesar_munguia,ab6461e722e03a6e89725d48e32fde561cb66769
cesar_munguia_img_0610,pinterest_0326.jpg,dinosaurios_y_prehistoria,ilustracion_plana_color,712,721,"Pterosaurio volando, con aspecto tranquilo y de expresión neutra; mostrado de cuerpo completo, con estilo de icono vectorial plano, sobre un fondo de color sencillo y predominio de tonos turquesa.",Pinterest,cesar_munguia,aee04a82f42e4e298a174dd0bef3c3d377a44614
cesar_munguia_img_0611,pinterest_0327.jpg,dinosaurios_y_prehistoria,ilustracion_plana_color,736,736,"Espinosaurio posando, con aspecto amistoso y sonriente; mostrado de cuerpo completo, con estilo de arte pixelado, sobre un fondo de color sencillo y predominio de tonos amarillos.",Pinterest,cesar_munguia,b8d5e5e8376f42acc4fe142fc9f6c129bf1f8a4b
cesar_munguia_img_0612,pinterest_0328.jpg,dinosaurios_y_prehistoria,ilustracion_plana_color,736,736,"Carnotauro sentado, con aspecto feroz o enfadado; mostrado de cuerpo completo, con estilo de arte pixelado, sobre fondo blanco o transparente y predominio de tonos naranjas.",Pinterest,cesar_munguia,75b8ac9ba978001013538a49ec1835191b82867b
cesar_munguia_img_0613,pinterest_0329.jpg,dinosaurios_y_prehistoria,ilustracion_plana_color,736,736,"Parasaurolophus posando, con aspecto juguetón y alegre; mostrado de cuerpo completo, con estilo de icono vectorial plano, sobre un fondo de color sencillo y predominio de tonos rojos.",Pinterest,cesar_munguia,62b54be65179b4c9ecb783717b4ef612e9872075
cesar_munguia_img_0614,pinterest_0330.jpg,dinosaurios_y_prehistoria,ilustracion_plana_color,720,708,"Pterosaurio volando, con aspecto feroz o enfadado; mostrado de cuerpo completo, con estilo de ilustración digital realista, sobre un fondo de color sencillo y predominio de tonos azules.",Pinterest,cesar_munguia,82f6ea00adf9d7177b533f13bd7947cc5d387942
cesar_munguia_img_0615,pinterest_0331.jpg,dinosaurios_y_prehistoria,ilustracion_plana_color,736,736,"Carnotauro sentado, con aspecto feroz o enfadado; mostrado de cuerpo completo, con estilo de caricatura tierna, sobre un fondo de color sencillo y predominio de tonos rojos.",Pinterest,cesar_munguia,e20ac381b17d0d8473b9569678773dd7504cc698
cesar_munguia_img_0616,pinterest_0332.jpg,dinosaurios_y_prehistoria,ilustracion_plana_color,582,636,"Pterosaurio volando, con aspecto amistoso y sonriente; mostrado de cuerpo completo, con estilo de render tridimensional, sobre fondo blanco o transparente y predominio de tonos amarillos.",Pinterest,cesar_munguia,4df18b3406fdaad167262f15cb7d770081e045b8
cesar_munguia_img_0617,pinterest_0333.jpg,dinosaurios_y_prehistoria,ilustracion_plana_color,651,555,"Velociraptor posando, con aspecto juguetón y alegre; mostrado de cuerpo completo, con estilo de arte pixelado, sobre fondo blanco o transparente y predominio de tonos grises.",Pinterest,cesar_munguia,e465a78ccc3fe93021c2c70209e8e84dcc61fb0d
cesar_munguia_img_0618,pinterest_0334.jpg,dinosaurios_y_prehistoria,ilustracion_plana_color,735,500,"Dinosaurio volando, con aspecto juguetón y alegre; mostrado de cuerpo completo, con estilo de caricatura tierna, sobre un fondo de color sencillo y predominio de tonos amarillos.",Pinterest,cesar_munguia,e79861b09d8bfda77463fc43c46a809df52e957b
cesar_munguia_img_0619,pinterest_0335.jpg,dinosaurios_y_prehistoria,ilustracion_plana_color,643,486,"Dinosaurio de pie y posando, con aspecto amistoso y sonriente; mostrado de cuerpo completo, con estilo de ilustración colorida de cuento infantil, en una selva prehistórica y predominio de tonos grises.",Pinterest,cesar_munguia,47b55a6a5f4f2a9f55b7416d1c754f99ba8ed5f2
cesar_munguia_img_0620,pinterest_0336.jpg,dinosaurios_y_prehistoria,ilustracion_plana_color,720,721,"Velociraptor posando, con aspecto juguetón y alegre; mostrado de cuerpo completo, con estilo de arte pixelado, sobre un fondo de color sencillo y predominio de tonos grises.",Pinterest,cesar_munguia,f41ab7175d9f97a88795d76b7363bbe75a2c2496
cesar_munguia_img_0621,pinterest_0337.jpg,dinosaurios_y_prehistoria,ilustracion_plana_color,554,554,"Tiranosaurio rex rugiendo con la boca abierta, con aspecto feroz o enfadado; mostrado de cuerpo completo, con estilo de icono vectorial plano, sobre fondo blanco o transparente y predominio de tonos rojos.",Pinterest,cesar_munguia,be74e4c028a58b0b6575c5552b7df255e329562e
cesar_munguia_img_0622,pinterest_0338.jpg,dinosaurios_y_prehistoria,ilustracion_plana_color,720,715,"Dinosaurio sentado, con aspecto tranquilo y de expresión neutra; mostrado de cuerpo completo, con estilo de caricatura tierna, sobre un fondo de color sencillo y predominio de tonos amarillos.",Pinterest,cesar_munguia,7c80e0d0d33314cb69b74c87790bc4087b740dbd
cesar_munguia_img_0623,pinterest_0339.jpg,dinosaurios_y_prehistoria,ilustracion_plana_color,735,552,"Dinosaurio rugiendo con la boca abierta, con aspecto amistoso y sonriente; mostrado de cuerpo completo, con estilo de icono vectorial plano, sobre un fondo de color sencillo y predominio de tonos grises.",Pinterest,cesar_munguia,67dd9d4fc80168202d54fa9d82080aed4bd24055
cesar_munguia_img_0624,pinterest_0340.jpg,dinosaurios_y_prehistoria,ilustracion_plana_color,736,736,"Dinosaurio saurópodo de cuello largo sentado, con aspecto juguetón y alegre; integrado en una escena detallada, con estilo de caricatura tierna, en una selva prehistórica y predominio de tonos grises.",Pinterest,cesar_munguia,5cfbe5831be4d683602d498f2a0954af10565506
cesar_munguia_img_0625,pinterest_0341.jpg,dinosaurios_y_prehistoria,ilustracion_plana_color,736,736,"Triceratops posando, con aspecto juguetón y alegre; integrado en una escena detallada, con estilo de caricatura tierna, en una selva prehistórica y predominio de tonos verdes.",Pinterest,cesar_munguia,fa063365bd5f16caa71a9d7c341e4bbce44c376d
cesar_munguia_img_0626,pinterest_0342.jpg,dinosaurios_y_prehistoria,ilustracion_plana_color,527,626,"Dinosaurio volando, con aspecto juguetón y alegre; mostrado de cuerpo completo, con estilo de icono vectorial plano, sobre fondo blanco o transparente y predominio de tonos naranjas.",Pinterest,cesar_munguia,44b0c37a04aa65e7df56433065675b0337412f7b
cesar_munguia_img_0627,pinterest_0343.jpg,dinosaurios_y_prehistoria,ilustracion_plana_color,640,960,"Dinosaurio posando, con aspecto juguetón y alegre; mostrado de cuerpo completo, con estilo de caricatura tierna, sobre un fondo de color sencillo y predominio de tonos naranjas.",Pinterest,cesar_munguia,1e61c809b94bdd7118fb034f57bb7c21fd79d6e3
cesar_munguia_img_0628,pinterest_0344.jpg,dinosaurios_y_prehistoria,ilustracion_plana_color,700,700,"Dinosaurio posando, con aspecto amistoso y sonriente; mostrado de cuerpo completo, con estilo de icono vectorial plano, sobre un fondo de color sencillo y predominio de tonos turquesa.",Pinterest,cesar_munguia,913667462154ce0cdc65cc26519efa00cdbb7ac9
cesar_munguia_img_0629,pinterest_0345.jpg,dinosaurios_y_prehistoria,ilustracion_plana_color,720,708,"Dinosaurio posando, con aspecto amistoso y sonriente; mostrado de cuerpo completo, con estilo de caricatura tierna, sobre un fondo de color sencillo y predominio de tonos turquesa.",Pinterest,cesar_munguia,d87e87c3e15edc9f173ed86d09d3b4535aa34ccb
cesar_munguia_img_0630,pinterest_0346.jpg,dinosaurios_y_prehistoria,ilustracion_plana_color,705,1000,"Mosasaurio rugiendo con la boca abierta, con aspecto amistoso y sonriente; mostrado de cuerpo completo, con estilo de icono vectorial plano, sobre un fondo de color sencillo y predominio de tonos turquesa.",Pinterest,cesar_munguia,9edbfc9316f8510b146132ae3fe232b5967e6a2a
cesar_munguia_img_0631,pinterest_0347.jpg,dinosaurios_y_prehistoria,ilustracion_plana_color,599,569,"Dinosaurio rugiendo con la boca abierta, con aspecto amistoso y sonriente; presentado en primer plano, con estilo de ilustración digital realista, sobre un fondo de color sencillo y predominio de tonos grises.",Pinterest,cesar_munguia,5b638dde5f405f65b76007aeaf9660e0a384438f
cesar_munguia_img_0632,pinterest_0348.jpg,dinosaurios_y_prehistoria,ilustracion_plana_color,736,650,"Velociraptor posando, con aspecto juguetón y alegre; mostrado de cuerpo completo, con estilo de caricatura tierna, sobre un fondo de color sencillo y predominio de tonos turquesa.",Pinterest,cesar_munguia,0dfe2a7f93a321f5c30aa52cc853482cbb8b39a4
cesar_munguia_img_0633,pinterest_0349.jpg,dinosaurios_y_prehistoria,ilustracion_plana_color,736,736,"Dilofosaurio posando, con aspecto feroz o enfadado; mostrado de cuerpo completo, con estilo de ilustración colorida de cuento infantil, sobre un fondo de color sencillo y predominio de tonos rojos.",Pinterest,cesar_munguia,f0022e49628c497571a38321f6d470941fc6e0ec
cesar_munguia_img_0634,pinterest_0350.jpg,dinosaurios_y_prehistoria,ilustracion_plana_color,720,720,"Velociraptor rugiendo con la boca abierta, con aspecto feroz o enfadado; mostrado de cuerpo completo, con estilo de arte pixelado, sobre un fondo de color sencillo y predominio de tonos grises.",Pinterest,cesar_munguia,ad292213bc8aa2098cbb1e31d012f7968c498c7a
cesar_munguia_img_0635,pinterest_0351.jpg,dinosaurios_y_prehistoria,ilustracion_plana_color,600,600,"Triceratops posando, con aspecto juguetón y alegre; mostrado de cuerpo completo, con estilo de caricatura tierna, sobre fondo blanco o transparente y predominio de tonos turquesa.",Pinterest,cesar_munguia,db50ce6ea7b174bd56c24a9d06498098672d740e
cesar_munguia_img_0636,pinterest_0352.jpg,dinosaurios_y_prehistoria,ilustracion_plana_color,736,986,"Anquilosaurio posando, con aspecto juguetón y alegre; mostrado de cuerpo completo, con estilo de caricatura tierna, sobre fondo blanco o transparente y predominio de tonos grises.",Pinterest,cesar_munguia,a752db3a99533a83ca8f6f372707d07d5e5c41ce
cesar_munguia_img_0637,pinterest_0353.jpg,dinosaurios_y_prehistoria,ilustracion_plana_color,512,512,"Dinosaurio peleando, con aspecto feroz o enfadado; mostrado de cuerpo completo, con estilo de caricatura tierna, sobre un fondo de color sencillo y predominio de tonos rojos.",Pinterest,cesar_munguia,6220fd32eb7c2350966acce604f231e5e6bfcbfe
cesar_munguia_img_0638,pinterest_0354.jpg,dinosaurios_y_prehistoria,ilustracion_plana_color,480,480,"Dinosaurio comiendo, con aspecto amistoso y sonriente; mostrado de cuerpo completo, con estilo de caricatura tierna, sobre fondo blanco o transparente y predominio de tonos verdes.",Pinterest,cesar_munguia,628bbdf801237b22a19b833719bf92786f3ea33a
cesar_munguia_img_0639,pinterest_0355.jpg,dinosaurios_y_prehistoria,ilustracion_plana_color,736,736,"Dinosaurio posando, con aspecto juguetón y alegre; mostrado de cuerpo completo, con estilo de caricatura tierna, sobre fondo blanco o transparente y predominio de tonos grises.",Pinterest,cesar_munguia,eb91794618363cf0d7000b635f997897fca6a724
cesar_munguia_img_0640,pinterest_0356.jpg,dinosaurios_y_prehistoria,ilustracion_plana_color,736,736,"Dinosaurio posando, con aspecto juguetón y alegre; mostrado de cuerpo completo, con estilo de caricatura tierna, sobre fondo blanco o transparente y predominio de tonos azules.",Pinterest,cesar_munguia,e5c606e3750f3996b2120164fd71a985c4b06576
cesar_munguia_img_0641,pinterest_0357.jpg,dinosaurios_y_prehistoria,ilustracion_plana_color,735,602,"Dinosaurio posando, con aspecto amistoso y sonriente; mostrado de cuerpo completo, con estilo de icono vectorial plano, sobre fondo blanco o transparente y predominio de tonos claros.",Pinterest,cesar_munguia,5d64106b216733d136e706d998ed34f529c4e560
cesar_munguia_img_0642,pinterest_0358.jpg,dinosaurios_y_prehistoria,ilustracion_plana_color,736,736,"Dinosaurio sentado, con aspecto juguetón y alegre; mostrado de cuerpo completo, con estilo de caricatura tierna, sobre un fondo de color sencillo y predominio de tonos amarillos.",Pinterest,cesar_munguia,5dd3a519bb62431420f1232a5feaf6e014254b9d
cesar_munguia_img_0643,pinterest_0359.jpg,dinosaurios_y_prehistoria,ilustracion_plana_color,572,472,"Dinosaurio posando, con aspecto juguetón y alegre; mostrado de cuerpo completo, con estilo de caricatura tierna, en una selva prehistórica y predominio de tonos naranjas.",Pinterest,cesar_munguia,4aa376e87338ae170e66f5404ccd3285a9783d2c
cesar_munguia_img_0644,pinterest_0360.jpg,dinosaurios_y_prehistoria,ilustracion_plana_color,736,736,"Dinosaurio saurópodo de cuello largo posando, con aspecto juguetón y alegre; mostrado de cuerpo completo, con estilo de caricatura tierna, sobre un fondo de color sencillo y predominio de tonos grises.",Pinterest,cesar_munguia,15d87c14e1c2a7cd1b6e17b0fdb0e5b2adc87b31
cesar_munguia_img_0645,pinterest_0361.jpg,dinosaurios_y_prehistoria,ilustracion_plana_color,514,422,"Dinosaurio volando, con aspecto juguetón y alegre; mostrado de cuerpo completo, con estilo de caricatura tierna, sobre un fondo de color sencillo y predominio de tonos rojos.",Pinterest,cesar_munguia,e731bfc6d093e3c45e36196b77e086c16543af80
cesar_munguia_img_0646,pinterest_0362.jpg,dinosaurios_y_prehistoria,ilustracion_plana_color,640,774,"Tiranosaurio rex posando, con aspecto amistoso y sonriente; mostrado de cuerpo completo, con estilo de caricatura tierna, sobre fondo blanco o transparente y predominio de tonos claros.",Pinterest,cesar_munguia,e6d7bebf8988a85091a1411b06ef07332a6627f8
cesar_munguia_img_0647,pinterest_0363.jpg,dinosaurios_y_prehistoria,ilustracion_plana_color,389,223,"Estegosaurio durmiendo, con aspecto tranquilo y de expresión neutra; representado como una silueta sencilla, con estilo de icono vectorial plano, sobre un fondo de color sencillo y predominio de tonos amarillos.",Pinterest,cesar_munguia,53216f9476d0dcd426eb2c381d308a10bafbb92f
cesar_munguia_img_0648,pinterest_0364.jpg,dinosaurios_y_prehistoria,ilustracion_plana_color,602,768,"Dinosaurio peleando, con aspecto amistoso y sonriente; mostrado de cuerpo completo, con estilo de caricatura tierna, sobre un fondo de color sencillo y predominio de tonos verdes.",Pinterest,cesar_munguia,f52d8a86efbfd8b0b5cf45ceb69e8bf5e2f16aaa
cesar_munguia_img_0649,pinterest_0365.jpg,dinosaurios_y_prehistoria,ilustracion_plana_color,735,590,"Dinosaurio peleando, con aspecto juguetón y alegre; integrado en una escena detallada, con estilo de caricatura tierna, cerca de un volcán y predominio de tonos turquesa.",Pinterest,cesar_munguia,3c34d7d01e77d7d35f3230c005226124bc737b56
cesar_munguia_img_0650,pinterest_0366.jpg,dinosaurios_y_prehistoria,ilustracion_plana_color,614,541,"Pareja de dilofosaurios comiendo, con aspecto amistoso y sonriente; mostrado de cuerpo completo, con estilo de caricatura tierna, sobre un fondo de color sencillo y predominio de tonos claros.",Pinterest,cesar_munguia,d504408ebe69cca92b0ef2005598ce0f7e17995d
cesar_munguia_img_0651,pinterest_0367.jpg,dinosaurios_y_prehistoria,ilustracion_plana_color,736,1308,"Dinosaurio posando, con aspecto juguetón y alegre; mostrado de cuerpo completo, con estilo de caricatura tierna, sobre un fondo de color sencillo y predominio de tonos amarillos.",Pinterest,cesar_munguia,066761d2c71ba9f5e508fd3f5a58a8eace7cbcdd
cesar_munguia_img_0652,pinterest_0368.jpg,dinosaurios_y_prehistoria,ilustracion_plana_color,495,488,"Pareja de estegosaurios nadando, con aspecto amistoso y sonriente; mostrado de cuerpo completo, con estilo de caricatura tierna, en el agua o el océano y predominio de tonos verdes.",Pinterest,cesar_munguia,42da5a15449ebecedec5c2c0ca64fdeaf9be6d0b
cesar_munguia_img_0653,pinterest_0369.jpg,dinosaurios_y_prehistoria,ilustracion_plana_color,612,605,"Velociraptor rugiendo con la boca abierta, con aspecto juguetón y alegre; mostrado de cuerpo completo, con estilo de ilustración colorida de cuento infantil, sobre un fondo de color sencillo y predominio de tonos naranjas.",Pinterest,cesar_munguia,d5ed6c798fc12c49988b03422ad6c62aac228fc2
cesar_munguia_img_0654,pinterest_0370.jpg,dinosaurios_y_prehistoria,ilustracion_plana_color,736,736,"Ser humano prehistórico nadando, con aspecto tranquilo y de expresión neutra; mostrado de cuerpo completo, con estilo de caricatura tierna, sobre un fondo de color sencillo y predominio de tonos naranjas.",Pinterest,cesar_munguia,32eae17ce59b5064fd3c537821698a5c479965ee
cesar_munguia_img_0655,pinterest_0371.jpg,dinosaurios_y_prehistoria,ilustracion_plana_color,500,500,"Dinosaurio posando, con aspecto juguetón y alegre; mostrado de cuerpo completo, con estilo de icono vectorial plano, sobre un fondo de color sencillo y predominio de tonos verdes.",Pinterest,cesar_munguia,de80f031080164ec76cbcd8536cf1273e9e6291b
cesar_munguia_img_0656,pinterest_0372.jpg,dinosaurios_y_prehistoria,ilustracion_plana_color,736,1308,"Mamut prehistórico jugando alegremente, con aspecto juguetón y alegre; mostrado de cuerpo completo, con estilo de caricatura tierna, sobre un fondo de color sencillo y predominio de tonos claros.",Pinterest,cesar_munguia,ea8b341ee503d051b9432ffd74bea353cff7570d
cesar_munguia_img_0657,pinterest_0373.jpg,dinosaurios_y_prehistoria,ilustracion_plana_color,626,626,"Dinosaurio posando, con aspecto juguetón y alegre; mostrado de cuerpo completo, con estilo de caricatura tierna, sobre fondo blanco o transparente y predominio de tonos amarillos.",Pinterest,cesar_munguia,43758b2c5197b6d40e5cb1c3fa8e93a13479ba34
cesar_munguia_img_0658,pinterest_0374.jpg,dinosaurios_y_prehistoria,ilustracion_plana_color,736,809,"Dinosaurio posando, con aspecto amistoso y sonriente; mostrado de cuerpo completo, con estilo de caricatura tierna, sobre fondo blanco o transparente y predominio de tonos verdes.",Pinterest,cesar_munguia,2c62f470e64c59ee525e2f66d6c7bbeee3b426fc
cesar_munguia_img_0659,pinterest_0375.jpg,dinosaurios_y_prehistoria,ilustracion_plana_color,736,1013,"Dinosaurio posando, con aspecto juguetón y alegre; mostrado de cuerpo completo, con estilo de caricatura tierna, sobre fondo blanco o transparente y predominio de tonos verdes.",Pinterest,cesar_munguia,a022bf874fcb48ab194fbbb4ed024f2f09c29887
cesar_munguia_img_0660,pinterest_0376.jpg,dinosaurios_y_prehistoria,ilustracion_plana_color,736,736,"Triceratops posando, con aspecto juguetón y alegre; mostrado de cuerpo completo, con estilo de caricatura tierna, sobre un fondo de color sencillo y predominio de tonos azules.",Pinterest,cesar_munguia,702489e96ed53db2ac2ced03ea5f072f54163467
cesar_munguia_img_0661,pinterest_0377.jpg,dinosaurios_y_prehistoria,ilustracion_plana_color,626,482,"Dinosaurio de pie y posando, con aspecto juguetón y alegre; mostrado de cuerpo completo, con estilo de ilustración colorida de cuento infantil, en una selva prehistórica y predominio de tonos naranjas.",Pinterest,cesar_munguia,ffbd495d4bec66eb37ad2e07795c1a520044215d
cesar_munguia_img_0662,pinterest_0378.jpg,dinosaurios_y_prehistoria,ilustracion_plana_color,626,417,"Ser humano prehistórico peleando, con aspecto feroz o enfadado; mostrado de cuerpo completo, con estilo de ilustración colorida de cuento infantil, sobre un fondo de color sencillo y predominio de tonos naranjas.",Pinterest,cesar_munguia,e75e53e50923a4233bee681277345cbc4a11bd15
cesar_munguia_img_0663,pinterest_0379.jpg,dinosaurios_y_prehistoria,ilustracion_plana_color,736,736,"Parasaurolophus posando, con aspecto juguetón y alegre; mostrado de cuerpo completo, con estilo de dibujo hecho a mano, sobre fondo blanco o transparente y predominio de tonos claros.",Pinterest,cesar_munguia,ed3267108aa793d2b8f9e3583e8702cb49d8a6c1
cesar_munguia_img_0664,pinterest_0380.jpg,dinosaurios_y_prehistoria,ilustracion_plana_color,735,676,"Dinosaurio posando, con aspecto juguetón y alegre; mostrado de cuerpo completo, con estilo de caricatura tierna, sobre fondo blanco o transparente y predominio de tonos grises.",Pinterest,cesar_munguia,d70d8c9ebb255d9f474387fbe7cdc0ec1aa7b110
cesar_munguia_img_0665,pinterest_0381.jpg,dinosaurios_y_prehistoria,ilustracion_plana_color,600,600,"Velociraptor sentado, con aspecto amistoso y sonriente; mostrado de cuerpo completo, con estilo de caricatura tierna, sobre fondo blanco o transparente y predominio de tonos rojos.",Pinterest,cesar_munguia,151319f6d7db1ea496da659fc89658cb1835106e
cesar_munguia_img_0666,pinterest_0382.jpg,dinosaurios_y_prehistoria,ilustracion_plana_color,512,512,"Huella de dinosaurio marcada sobre el terreno; mostrado de cuerpo completo, con estilo de icono vectorial plano, sobre fondo blanco o transparente y predominio de tonos claros.",Pinterest,cesar_munguia,30e7aeb070d0fa946339dad714e309a35c0677f7
cesar_munguia_img_0667,pinterest_0383.jpg,dinosaurios_y_prehistoria,ilustracion_plana_color,736,736,"Dinosaurio volando, con aspecto juguetón y alegre; mostrado de cuerpo completo, con estilo de caricatura tierna, sobre fondo blanco o transparente y predominio de tonos naranjas.",Pinterest,cesar_munguia,1993cf27bef39a295d482aeb1e0fc1c06030a7e7
cesar_munguia_img_0668,pinterest_0384.jpg,dinosaurios_y_prehistoria,ilustracion_plana_color,320,320,"Dinosaurio posando, con aspecto juguetón y alegre; mostrado de cuerpo completo, con estilo de caricatura tierna, sobre fondo blanco o transparente y predominio de tonos verdes.",Pinterest,cesar_munguia,fcd1db356a27acd6838e49560da3758766739a13
cesar_munguia_img_0669,pinterest_0385.jpg,dinosaurios_y_prehistoria,ilustracion_plana_color,626,624,"Dinosaurio posando, con aspecto juguetón y alegre; mostrado de cuerpo completo, con estilo de ilustración colorida de cuento infantil, sobre un fondo de color sencillo y predominio de tonos morados.",Pinterest,cesar_munguia,7494c357c8157989a823f329f8d2ecb34c538068
cesar_munguia_img_0670,pinterest_0386.jpg,dinosaurios_y_prehistoria,ilustracion_plana_color,247,226,"Ser humano prehistórico posando, con aspecto tranquilo y de expresión neutra; integrado en una escena detallada, con estilo de caricatura tierna, dentro de una cueva y predominio de tonos amarillos.",Pinterest,cesar_munguia,d9ef7a37e518e0f8ef192e455da0d39441d68415
cesar_munguia_img_0671,pinterest_0387.jpg,dinosaurios_y_prehistoria,ilustracion_plana_color,736,736,"Dinosaurio comiendo, con aspecto amistoso y sonriente; mostrado de cuerpo completo, con estilo de caricatura tierna, sobre un fondo de color sencillo y predominio de tonos rojos.",Pinterest,cesar_munguia,53ea41b4d46f6de0f21a5dcfa545d014cc3d23e6
cesar_munguia_img_0672,pinterest_0388.jpg,dinosaurios_y_prehistoria,ilustracion_plana_color,736,856,"Ser humano prehistórico posando, con aspecto juguetón y alegre; mostrado de cuerpo completo, con estilo de caricatura tierna, sobre fondo blanco o transparente y predominio de tonos verdes.",Pinterest,cesar_munguia,7a20e92351674b1b7c4e4f26bd0a87573386e93f
cesar_munguia_img_0673,pinterest_0389.jpg,dinosaurios_y_prehistoria,ilustracion_plana_color,736,736,"Dinosaurio posando, con aspecto amistoso y sonriente; mostrado de cuerpo completo, con estilo de icono vectorial plano, sobre un fondo de color sencillo y predominio de tonos turquesa.",Pinterest,cesar_munguia,8f545538d008cb28840a0f7fcbed33502790852c
cesar_munguia_img_0674,pinterest_0390.jpg,dinosaurios_y_prehistoria,ilustracion_plana_color,724,1024,"Dinosaurio posando, con aspecto juguetón y alegre; mostrado de cuerpo completo, con estilo de caricatura tierna, sobre fondo blanco o transparente y predominio de tonos claros.",Pinterest,cesar_munguia,d0ebc91133b5b726e2ee6c067c15194ac3e9ef05
cesar_munguia_img_0675,pinterest_0391.jpg,dinosaurios_y_prehistoria,ilustracion_plana_color,736,952,"Estegosaurio nadando, con aspecto juguetón y alegre; mostrado de cuerpo completo, con estilo de caricatura tierna, sobre un fondo de color sencillo y predominio de tonos claros.",Pinterest,cesar_munguia,ab526c84cd6740d80d5da176ffb0407eae05e0bf
cesar_munguia_img_0676,pinterest_0392.jpg,dinosaurios_y_prehistoria,ilustracion_plana_color,736,736,"Dinosaurio rugiendo con la boca abierta, con aspecto amistoso y sonriente; mostrado de cuerpo completo, con estilo de caricatura tierna, en una selva prehistórica y predominio de tonos amarillos.",Pinterest,cesar_munguia,415a97a1196f01d1b264b77a6f44239d1edbbf21
cesar_munguia_img_0677,pinterest_0393.jpg,dinosaurios_y_prehistoria,ilustracion_plana_color,736,799,"Dilofosaurio posando, con aspecto amistoso y sonriente; mostrado de cuerpo completo, con estilo de dibujo hecho a mano, sobre un fondo de color sencillo y predominio de tonos claros.",Pinterest,cesar_munguia,47fe9f40fdef2f0a0de4fd263ad3f553336a45ae
cesar_munguia_img_0678,pinterest_0394.jpg,dinosaurios_y_prehistoria,ilustracion_plana_color,568,758,"Carnotauro posando, con aspecto feroz o enfadado; mostrado de cuerpo completo, con estilo de dibujo hecho a mano, en una selva prehistórica y predominio de tonos claros.",Pinterest,cesar_munguia,9eef9beab60873bd87a094b1731dc7635eebe8df
cesar_munguia_img_0679,pinterest_0395.jpg,dinosaurios_y_prehistoria,ilustracion_plana_color,600,480,"Dilofosaurio posando, con aspecto feroz o enfadado; mostrado de cuerpo completo, con estilo de dibujo hecho a mano, sobre fondo blanco o transparente y predominio de tonos claros.",Pinterest,cesar_munguia,f98bb6b004acabb8c3170e3817b78bae261488ef
cesar_munguia_img_0680,pinterest_0396.jpg,dinosaurios_y_prehistoria,ilustracion_plana_color,735,761,"Dinosaurio posando, con aspecto amistoso y sonriente; mostrado de cuerpo completo, con estilo de render tridimensional, sobre fondo blanco o transparente y predominio de tonos marrones.",Pinterest,cesar_munguia,14d10adbd287a1250e30225fd2fae2d92b1fd58e
cesar_munguia_img_0681,pinterest_0397.jpg,dinosaurios_y_prehistoria,ilustracion_plana_color,736,736,"Pareja de dinosaurios peleando, con aspecto juguetón y alegre; mostrado de cuerpo completo, con estilo de caricatura tierna, sobre un fondo de color sencillo y predominio de tonos claros.",Pinterest,cesar_munguia,96b21cd1da41b980d691f6e10526b7792be0486e
cesar_munguia_img_0682,pinterest_0398.jpg,dinosaurios_y_prehistoria,ilustracion_plana_color,736,736,"Tiranosaurio rex rugiendo con la boca abierta, con aspecto amistoso y sonriente; mostrado de cuerpo completo, con estilo de icono vectorial plano, sobre fondo blanco o transparente y predominio de tonos amarillos.",Pinterest,cesar_munguia,25af37788977f65bb59397c490f4d07b7e48c605
cesar_munguia_img_0683,pinterest_0399.jpg,dinosaurios_y_prehistoria,ilustracion_plana_color,728,579,"Dinosaurio posando, con aspecto amistoso y sonriente; mostrado de cuerpo completo, con estilo de caricatura tierna, sobre fondo blanco o transparente y predominio de tonos claros.",Pinterest,cesar_munguia,c955a48f0c7cfab45246eb05047b0995d13c3c6c
cesar_munguia_img_0684,pinterest_0400.jpg,dinosaurios_y_prehistoria,ilustracion_plana_color,736,422,"Pterosaurio volando, con aspecto juguetón y alegre; mostrado de cuerpo completo, con estilo de icono vectorial plano, sobre fondo blanco o transparente y predominio de tonos rojos.",Pinterest,cesar_munguia,1c08c77d791d4be6c58579792a7ef98eea2adb57
cesar_munguia_img_0685,pinterest_0401.jpg,dinosaurios_y_prehistoria,ilustracion_plana_color,736,635,"Dinosaurio de pie y posando, con aspecto juguetón y alegre; mostrado de cuerpo completo, con estilo de ilustración colorida de cuento infantil, sobre un fondo de color sencillo y predominio de tonos turquesa.",Pinterest,cesar_munguia,d309ab3906c2f765ab788474a288dc29a0c4dc8b
cesar_munguia_img_0686,pinterest_0402.jpg,dinosaurios_y_prehistoria,ilustracion_plana_color,736,598,"Dinosaurio posando, con aspecto feroz o enfadado; mostrado de cuerpo completo, con estilo de caricatura tierna, sobre fondo blanco o transparente y predominio de tonos claros.",Pinterest,cesar_munguia,3c1af2fa8a30caca220b1591bfa091d529216d38
cesar_munguia_img_0687,pinterest_0403.jpg,dinosaurios_y_prehistoria,ilustracion_plana_color,626,626,"Dinosaurio posando, con aspecto juguetón y alegre; mostrado de cuerpo completo, con estilo de ilustración colorida de cuento infantil, sobre un fondo de color sencillo y predominio de tonos azules.",Pinterest,cesar_munguia,742f160f9be826b46e8add3e772c49651015fa82
cesar_munguia_img_0688,pinterest_0404.jpg,dinosaurios_y_prehistoria,ilustracion_plana_color,640,640,"Triceratops posando, con aspecto juguetón y alegre; mostrado de cuerpo completo, con estilo de caricatura tierna, sobre un fondo de color sencillo y predominio de tonos naranjas.",Pinterest,cesar_munguia,ba2a8f95e293d5340590228389b05466bc0f9a78
cesar_munguia_img_0689,pinterest_0405.jpg,dinosaurios_y_prehistoria,ilustracion_plana_color,736,687,"Dinosaurio rugiendo con la boca abierta, con aspecto juguetón y alegre; mostrado de cuerpo completo, con estilo de ilustración colorida de cuento infantil, sobre fondo blanco o transparente y predominio de tonos verdes.",Pinterest,cesar_munguia,9ccd8d2caa7f6395e452f17896a8949aad2c8a75
cesar_munguia_img_0690,pinterest_0406.jpg,dinosaurios_y_prehistoria,ilustracion_plana_color,720,688,"Mamut prehistórico rugiendo con la boca abierta, con aspecto tranquilo y de expresión neutra; mostrado de cuerpo completo, con estilo de dibujo hecho a mano, en una selva prehistórica y predominio de tonos grises.",Pinterest,cesar_munguia,511a3047c16dd12ee28a4cbb15f8650c1550480f
cesar_munguia_img_0691,pinterest_0407.jpg,dinosaurios_y_prehistoria,ilustracion_plana_color,736,554,"Triceratops rugiendo con la boca abierta, con aspecto juguetón y alegre; mostrado de cuerpo completo, con estilo de caricatura tierna, sobre fondo blanco o transparente y predominio de tonos verdes.",Pinterest,cesar_munguia,e433f9ec71fc3cc0f3eb40c37617944035c73bd0
cesar_munguia_img_0692,pinterest_0408.jpg,dinosaurios_y_prehistoria,ilustracion_plana_color,736,736,"Tiranosaurio rex posando, con aspecto juguetón y alegre; mostrado de cuerpo completo, con estilo de icono vectorial plano, sobre un fondo de color sencillo y predominio de tonos amarillos.",Pinterest,cesar_munguia,1b41d03f02ec73807be41e6db6919bda5eef5a43
cesar_munguia_img_0693,pinterest_0409.jpg,dinosaurios_y_prehistoria,ilustracion_plana_color,626,626,"Dinosaurio posando, con aspecto juguetón y alegre; mostrado de cuerpo completo, con estilo de caricatura tierna, sobre un fondo de color sencillo y predominio de tonos turquesa.",Pinterest,cesar_munguia,44d34b8afe544de12755562251656a77418f45df
cesar_munguia_img_0694,pinterest_0410.jpg,dinosaurios_y_prehistoria,ilustracion_plana_color,735,512,"Ser humano prehistórico peleando, con aspecto juguetón y alegre; integrado en una escena detallada, con estilo de caricatura tierna, en una selva prehistórica y predominio de tonos azules.",Pinterest,cesar_munguia,2b4b7e16920fd9f7658d5ed967dad754d00be50c
cesar_munguia_img_0695,pinterest_0411.jpg,dinosaurios_y_prehistoria,ilustracion_plana_color,736,1104,"Dinosaurio posando, con aspecto juguetón y alegre; mostrado de cuerpo completo, con estilo de caricatura tierna, sobre un fondo de color sencillo y predominio de tonos claros.",Pinterest,cesar_munguia,37acd5a3afe1b647ff456cbdaabb2454adf80111
cesar_munguia_img_0696,pinterest_0412.jpg,dinosaurios_y_prehistoria,ilustracion_plana_color,626,626,"Fósil o esqueleto de dinosaurio expuesto; mostrado de cuerpo completo, con estilo de icono vectorial plano, en un museo o excavación de fósiles y predominio de tonos naranjas.",Pinterest,cesar_munguia,410ec9c865d4de2a9f5a286567531fc6efe33102
cesar_munguia_img_0697,pinterest_0413.jpg,dinosaurios_y_prehistoria,ilustracion_plana_color,736,1104,"Estegosaurio posando, con aspecto juguetón y alegre; mostrado de cuerpo completo, con estilo de caricatura tierna, sobre fondo blanco o transparente y predominio de tonos claros.",Pinterest,cesar_munguia,105457af4a3ddf693030c077aef133e40acb8891
cesar_munguia_img_0698,pinterest_0414.jpg,dinosaurios_y_prehistoria,ilustracion_plana_color,736,736,"Grupo de pterosaurios volando, con aspecto tranquilo y de expresión neutra; mostrado de cuerpo completo, con estilo de dibujo hecho a mano, sobre un fondo de color sencillo y predominio de tonos rojos.",Pinterest,cesar_munguia,c48b382ab9f22ffb2bf3dc4df573ffce16a42c39
cesar_munguia_img_0699,pinterest_0415.jpg,dinosaurios_y_prehistoria,ilustracion_plana_color,460,434,"Anquilosaurio posando, con aspecto juguetón y alegre; mostrado de cuerpo completo, con estilo de dibujo hecho a mano, sobre un fondo de color sencillo y predominio de tonos claros.",Pinterest,cesar_munguia,5c30e7efc953d47c65ddbc7afa25a25231bfab7a
cesar_munguia_img_0700,pinterest_0416.jpg,dinosaurios_y_prehistoria,ilustracion_plana_color,736,644,"Ser humano prehistórico peleando, con aspecto feroz o enfadado; integrado en una escena detallada, con estilo de caricatura tierna, dentro de una cueva y predominio de tonos rojos.",Pinterest,cesar_munguia,c0af32a960f87582b4df785fc1baab7894e51318
cesar_munguia_img_0701,pinterest_0417.jpg,dinosaurios_y_prehistoria,ilustracion_plana_color,626,402,"Ser humano prehistórico durmiendo, con aspecto tranquilo y de expresión neutra; integrado en una escena detallada, con estilo de render tridimensional, dentro de una cueva y predominio de tonos rojos.",Pinterest,cesar_munguia,6245af6688f36923eeffea43a5868d701d4e6abc
cesar_munguia_img_0702,pinterest_0418.jpg,dinosaurios_y_prehistoria,ilustracion_plana_color,736,981,"Pareja de dinosaurios jugando alegremente, con aspecto amistoso y sonriente; representado como una silueta sencilla, con estilo de caricatura tierna, sobre un fondo de color sencillo y predominio de tonos claros.",Pinterest,cesar_munguia,77e638202774582b1f80586338a0db67540b5ead
cesar_munguia_img_0703,pinterest_0419.jpg,dinosaurios_y_prehistoria,ilustracion_plana_color,736,784,"Cría de dinosaurio saliendo del cascarón, con aspecto juguetón y alegre; mostrado de cuerpo completo, con estilo de icono vectorial plano, sobre fondo blanco o transparente y predominio de tonos grises.",Pinterest,cesar_munguia,88af75acf3dcdc5d84673964097f8c2840a0012b
cesar_munguia_img_0704,pinterest_0420.jpg,dinosaurios_y_prehistoria,ilustracion_plana_color,246,205,"Grupo de pterosaurios volando, con aspecto juguetón y alegre; mostrado de cuerpo completo, con estilo de caricatura tierna, sobre un fondo de color sencillo y predominio de tonos claros.",Pinterest,cesar_munguia,98115ea2db3ea5bce431a32664ac79050f123dac
cesar_munguia_img_0705,pinterest_0421.jpg,dinosaurios_y_prehistoria,ilustracion_plana_color,736,1040,"Dinosaurio comiendo, con aspecto tranquilo y de expresión neutra; mostrado de cuerpo completo, con estilo de caricatura tierna, sobre un fondo de color sencillo y predominio de tonos azules.",Pinterest,cesar_munguia,7257a8ef755de1c557b5f8eb60231206d51a814c
cesar_munguia_img_0706,pinterest_0422.jpg,dinosaurios_y_prehistoria,ilustracion_plana_color,640,640,"Ser humano prehistórico comiendo, con aspecto juguetón y alegre; mostrado de cuerpo completo, con estilo de caricatura tierna, sobre un fondo de color sencillo y predominio de tonos claros.",Pinterest,cesar_munguia,56b58f610732830008465f851b97fc0cfd55d723
cesar_munguia_img_0707,pinterest_0423.jpg,dinosaurios_y_prehistoria,ilustracion_plana_color,736,1025,"Grupo de dinosaurios jugando alegremente, con aspecto juguetón y alegre; mostrado de cuerpo completo, con estilo de ilustración colorida de cuento infantil, sobre un fondo de color sencillo y predominio de tonos verdes.",Pinterest,cesar_munguia,ff5c927e4637854b5cc763e149f383ba8d0bfb21
cesar_munguia_img_0708,pinterest_0424.jpg,dinosaurios_y_prehistoria,ilustracion_plana_color,736,419,"Estegosaurio durmiendo, con aspecto juguetón y alegre; mostrado de cuerpo completo, con estilo de caricatura tierna, sobre fondo blanco o transparente y predominio de tonos amarillos.",Pinterest,cesar_munguia,ee6a77bc705f766de34636ab9878ee75508f6db1
cesar_munguia_img_0709,pinterest_0425.jpg,dinosaurios_y_prehistoria,ilustracion_plana_color,489,533,"Dinosaurio posando, con aspecto amistoso y sonriente; mostrado de cuerpo completo, con estilo de caricatura tierna, sobre un fondo de color sencillo y predominio de tonos verdes.",Pinterest,cesar_munguia,95a714c2d92b4337ac4940d41372f6e743aa5f07
cesar_munguia_img_0710,pinterest_0426.jpg,dinosaurios_y_prehistoria,ilustracion_plana_color,736,614,"Dinosaurio posando, con aspecto juguetón y alegre; mostrado de cuerpo completo, con estilo de ilustración colorida de cuento infantil, sobre fondo blanco o transparente y predominio de tonos verdes.",Pinterest,cesar_munguia,bff263c20cee9e23d12d42f42bdb2bfa225e5e01
cesar_munguia_img_0711,pinterest_0427.jpg,dinosaurios_y_prehistoria,ilustracion_plana_color,736,525,"Anquilosaurio posando, con aspecto juguetón y alegre; mostrado de cuerpo completo, con estilo de caricatura tierna, sobre un fondo de color sencillo y predominio de tonos morados.",Pinterest,cesar_munguia,31b896d1f11955931e251a31b08062a6b3e748ef
cesar_munguia_img_0712,pinterest_0428.jpg,dinosaurios_y_prehistoria,ilustracion_plana_color,512,512,"Pareja de dinosaurios posando, con aspecto feroz o enfadado; integrado en una escena detallada, con estilo de icono vectorial plano, cerca de un volcán y predominio de tonos verdes.",Pinterest,cesar_munguia,7de042cefaeb613e7af0a7e694e0575085b1398c
cesar_munguia_img_0713,pinterest_0429.jpg,dinosaurios_y_prehistoria,ilustracion_plana_color,600,600,"Dinosaurio de pie y posando, con aspecto juguetón y alegre; mostrado de cuerpo completo, con estilo de caricatura tierna, sobre un fondo de color sencillo y predominio de tonos azules.",Pinterest,cesar_munguia,2f51a8f33f2cfe6b97e351f9f4c33de90a7b2272
cesar_munguia_img_0714,pinterest_0430.jpg,dinosaurios_y_prehistoria,ilustracion_plana_color,736,736,"Anquilosaurio rugiendo con la boca abierta, con aspecto amistoso y sonriente; mostrado de cuerpo completo, con estilo de caricatura tierna, sobre fondo blanco o transparente y predominio de tonos claros.",Pinterest,cesar_munguia,475c56c4d2f6c0d3c9c6e59f1373e4d300f12d81
cesar_munguia_img_0715,pinterest_0431.jpg,dinosaurios_y_prehistoria,ilustracion_plana_color,736,770,"Ser humano prehistórico peleando, con aspecto juguetón y alegre; integrado en una escena detallada, con estilo de caricatura tierna, en una selva prehistórica y predominio de tonos grises.",Pinterest,cesar_munguia,ae1ef95ea4e1dd71555f9e120754c1a0e8273442
cesar_munguia_img_0716,pinterest_0432.jpg,dinosaurios_y_prehistoria,ilustracion_plana_color,519,692,"Triceratops posando, con aspecto amistoso y sonriente; mostrado de cuerpo completo, con estilo de caricatura tierna, sobre fondo blanco o transparente y predominio de tonos azules.",Pinterest,cesar_munguia,c627ea32917f097fbad87ca095b4abe260302d00
cesar_munguia_img_0717,pinterest_0433.jpg,dinosaurios_y_prehistoria,ilustracion_plana_color,487,626,"Ser humano prehistórico peleando, con aspecto juguetón y alegre; mostrado de cuerpo completo, con estilo de caricatura tierna, sobre un fondo de color sencillo y predominio de tonos naranjas.",Pinterest,cesar_munguia,caf4a863f564f07908e50a88529b9f9a92a588e1
cesar_munguia_img_0718,pinterest_0434.jpg,dinosaurios_y_prehistoria,ilustracion_plana_color,736,740,"Pterosaurio volando, con aspecto tranquilo y de expresión neutra; mostrado de cuerpo completo, con estilo de ilustración colorida de cuento infantil, sobre fondo blanco o transparente y predominio de tonos claros.",Pinterest,cesar_munguia,053daa6e0bb298b58954a84ed2445d75103265ec
cesar_munguia_img_0719,pinterest_0435.jpg,dinosaurios_y_prehistoria,ilustracion_plana_color,736,736,"Dinosaurio posando, con aspecto amistoso y sonriente; mostrado de cuerpo completo, con estilo de caricatura tierna, sobre fondo blanco o transparente y predominio de tonos grises.",Pinterest,cesar_munguia,f9cc34975a63b476d6584e162830c99b0922387f
cesar_munguia_img_0720,pinterest_0436.jpg,dinosaurios_y_prehistoria,ilustracion_plana_color,450,399,"Ser humano prehistórico comiendo, con aspecto feroz o enfadado; integrado en una escena detallada, con estilo de caricatura tierna, en una selva prehistórica y predominio de tonos grises.",Pinterest,cesar_munguia,baa2c0002a1401779f0e1f6b0ee4cbe4c38a5e50
cesar_munguia_img_0721,pinterest_0437.jpg,dinosaurios_y_prehistoria,ilustracion_plana_color,626,464,"Ser humano prehistórico posando, con aspecto tranquilo y de expresión neutra; integrado en una escena detallada, con estilo de arte pixelado, dentro de una cueva y predominio de tonos grises.",Pinterest,cesar_munguia,9dd7730a838dc5f725ac54bf97948bea0464cdab
cesar_munguia_img_0722,pinterest_0438.jpg,dinosaurios_y_prehistoria,ilustracion_plana_color,736,736,"Anquilosaurio posando, con aspecto feroz o enfadado; mostrado de cuerpo completo, con estilo de caricatura tierna, sobre fondo blanco o transparente y predominio de tonos claros.",Pinterest,cesar_munguia,9b98a4278350c1f6a6e1cbdc4685f45e0f4e8d91
cesar_munguia_img_0723,pinterest_0439.jpg,dinosaurios_y_prehistoria,ilustracion_plana_color,340,307,"Dinosaurio posando, con aspecto juguetón y alegre; mostrado de cuerpo completo, con estilo de caricatura tierna, sobre fondo blanco o transparente y predominio de tonos rojos.",Pinterest,cesar_munguia,3d61616660bdaf811944957901816c86fd104e9c
cesar_munguia_img_0724,pinterest_0440.jpg,dinosaurios_y_prehistoria,ilustracion_plana_color,626,768,"Mamut prehistórico posando, con aspecto juguetón y alegre; mostrado de cuerpo completo, con estilo de caricatura tierna, sobre un fondo de color sencillo y predominio de tonos marrones.",Pinterest,cesar_munguia,902c9fdd89e5f5d4b801a5688413481100828363
cesar_munguia_img_0725,pinterest_0441.jpg,dinosaurios_y_prehistoria,ilustracion_plana_color,735,585,"Dinosaurio de pie y posando, con aspecto juguetón y alegre; mostrado de cuerpo completo, con estilo de caricatura tierna, sobre fondo blanco o transparente y predominio de tonos azules.",Pinterest,cesar_munguia,9f5707ca8502a138eef44ce3a6e8dec544c67fa5
cesar_munguia_img_0726,pinterest_0442.jpg,dinosaurios_y_prehistoria,ilustracion_plana_color,304,314,"Dinosaurio posando, con aspecto amistoso y sonriente; mostrado de cuerpo completo, con estilo de icono vectorial plano, sobre fondo blanco o transparente y predominio de tonos amarillos.",Pinterest,cesar_munguia,c1dfb46dc1f244c75e62dc0eb34b9c0b61a5c5c9
cesar_munguia_img_0727,pinterest_0443.jpg,dinosaurios_y_prehistoria,ilustracion_plana_color,314,312,"Ser humano prehistórico posando, con aspecto tranquilo y de expresión neutra; representado como una silueta sencilla, con estilo de dibujo hecho a mano, sobre un fondo de color sencillo y predominio de tonos rojos.",Pinterest,cesar_munguia,1e1d8732ecd25250cdc88e8434127c1a27790da7
cesar_munguia_img_0728,pinterest_0444.jpg,dinosaurios_y_prehistoria,ilustracion_plana_color,736,610,"Dinosaurio comiendo, con aspecto juguetón y alegre; mostrado de cuerpo completo, con estilo de ilustración colorida de cuento infantil, sobre un fondo de color sencillo y predominio de tonos naranjas.",Pinterest,cesar_munguia,858cbb64e0146b05e5684a3ebec1782a497b5cdf
cesar_munguia_img_0729,pinterest_0445.jpg,dinosaurios_y_prehistoria,ilustracion_plana_color,626,522,"Cría de dinosaurio saliendo del cascarón, con aspecto tranquilo y de expresión neutra; integrado en una escena detallada, con estilo de render tridimensional, dentro de una cueva y predominio de tonos rojos.",Pinterest,cesar_munguia,421b5f5ffe5fe44de4bc1f8452a2a88ac207e189
cesar_munguia_img_0730,pinterest_0446.jpg,dinosaurios_y_prehistoria,ilustracion_plana_color,736,471,"Ser humano prehistórico posando, con aspecto juguetón y alegre; mostrado de cuerpo completo, con estilo de caricatura tierna, sobre un fondo de color sencillo y predominio de tonos naranjas.",Pinterest,cesar_munguia,f9f5750f94e8423c7ce9e5f484b854f1f00e9a59
cesar_munguia_img_0731,pinterest_0447.jpg,dinosaurios_y_prehistoria,ilustracion_plana_color,736,736,"Ser humano prehistórico peleando, con aspecto feroz o enfadado; mostrado de cuerpo completo, con estilo de caricatura tierna, en una selva prehistórica y predominio de tonos marrones.",Pinterest,cesar_munguia,562e2b009394d147d140c4e67edcd4b35d6c17b6
cesar_munguia_img_0732,pinterest_0448.jpg,dinosaurios_y_prehistoria,ilustracion_plana_color,720,640,"Velociraptor posando, con aspecto juguetón y alegre; mostrado de cuerpo completo, con estilo de caricatura tierna, en una selva prehistórica y predominio de tonos verdes.",Pinterest,cesar_munguia,5c47b0552547030c7a68bef6d396e06179e31bc7
cesar_munguia_img_0733,pinterest_0449.jpg,dinosaurios_y_prehistoria,ilustracion_plana_color,736,1104,"Dinosaurio rugiendo con la boca abierta, con aspecto amistoso y sonriente; mostrado de cuerpo completo, con estilo de caricatura tierna, sobre fondo blanco o transparente y predominio de tonos claros.",Pinterest,cesar_munguia,8c2538172708964dae0a40ff41eae6c320609b3e
cesar_munguia_img_0734,pinterest_0450.jpg,dinosaurios_y_prehistoria,ilustracion_plana_color,734,720,"Mosasaurio nadando, con aspecto amistoso y sonriente; mostrado de cuerpo completo, con estilo de dibujo hecho a mano, sobre fondo blanco o transparente y predominio de tonos claros.",Pinterest,cesar_munguia,2b812682f4e47ee42fb1516a56af5117cbedb0c4
cesar_munguia_img_0735,pinterest_0451.jpg,dinosaurios_y_prehistoria,ilustracion_plana_color,626,626,"Ser humano prehistórico peleando, con aspecto juguetón y alegre; mostrado de cuerpo completo, con estilo de caricatura tierna, sobre un fondo de color sencillo y predominio de tonos naranjas.",Pinterest,cesar_munguia,91cd5c0b1ba00e1361130bdd39d059bef80bfaa5
cesar_munguia_img_0736,pinterest_0452.jpg,dinosaurios_y_prehistoria,ilustracion_plana_color,736,736,"Ser humano prehistórico peleando, con aspecto amistoso y sonriente; representado como una silueta sencilla, con estilo de caricatura tierna, sobre un fondo de color sencillo y predominio de tonos marrones.",Pinterest,cesar_munguia,c3fd02a15ae83f5a72782f668646c55811c395f3
cesar_munguia_img_0737,pinterest_0453.jpg,dinosaurios_y_prehistoria,ilustracion_plana_color,735,543,"Dinosaurio rugiendo con la boca abierta, con aspecto juguetón y alegre; mostrado de cuerpo completo, con estilo de caricatura tierna, sobre fondo blanco o transparente y predominio de tonos naranjas.",Pinterest,cesar_munguia,10c70a9017e7e98b826f67380c482850d481cde4
cesar_munguia_img_0738,pinterest_0454.jpg,dinosaurios_y_prehistoria,ilustracion_plana_color,704,704,"Triceratops posando, con aspecto juguetón y alegre; mostrado de cuerpo completo, con estilo de icono vectorial plano, en una selva prehistórica y predominio de tonos claros.",Pinterest,cesar_munguia,6aae1285280312ccfe1e7e7aef2e4241b036b819
cesar_munguia_img_0739,pinterest_0455.jpg,dinosaurios_y_prehistoria,ilustracion_plana_color,736,736,"Dinosaurio peleando, con aspecto juguetón y alegre; mostrado de cuerpo completo, con estilo de ilustración colorida de cuento infantil, sobre un fondo de color sencillo y predominio de tonos azules.",Pinterest,cesar_munguia,90c9d7257de7f828cebbba2898715e71f469f438
cesar_munguia_img_0740,pinterest_0456.jpg,dinosaurios_y_prehistoria,ilustracion_plana_color,626,518,"Dinosaurio posando, con aspecto juguetón y alegre; mostrado de cuerpo completo, con estilo de ilustración colorida de cuento infantil, sobre un fondo de color sencillo y predominio de tonos naranjas.",Pinterest,cesar_munguia,10f49fdf01cf83296b28a5e392c224f73ccbe159
cesar_munguia_img_0741,pinterest_0457.jpg,dinosaurios_y_prehistoria,ilustracion_plana_color,710,840,"Anquilosaurio posando, con aspecto juguetón y alegre; mostrado de cuerpo completo, con estilo de caricatura tierna, sobre fondo blanco o transparente y predominio de tonos claros.",Pinterest,cesar_munguia,fd961e47372898a7e50101a61883ba60e99c22c2
cesar_munguia_img_0742,pinterest_0458.jpg,dinosaurios_y_prehistoria,ilustracion_plana_color,736,567,"Dinosaurio comiendo, con aspecto juguetón y alegre; mostrado de cuerpo completo, con estilo de ilustración colorida de cuento infantil, sobre fondo blanco o transparente y predominio de tonos verdes.",Pinterest,cesar_munguia,b8227b3adad6c47c014532bd04c9e3cee029828a
cesar_munguia_img_0743,pinterest_0459.jpg,dinosaurios_y_prehistoria,ilustracion_plana_color,640,640,"Dinosaurio posando, con aspecto amistoso y sonriente; mostrado de cuerpo completo, con estilo de caricatura tierna, sobre un fondo de color sencillo y predominio de tonos claros.",Pinterest,cesar_munguia,1cf2f0500413b785af8b3d6909adf63b65131cc9
cesar_munguia_img_0744,pinterest_0460.jpg,dinosaurios_y_prehistoria,ilustracion_plana_color,325,280,"Carnotauro posando, con aspecto amistoso y sonriente; mostrado de cuerpo completo, con estilo de render tridimensional, sobre fondo blanco o transparente y predominio de tonos claros.",Pinterest,cesar_munguia,7f624eb9a894c7aabcab90530858a5cfb1f9c3a6
cesar_munguia_img_0745,pinterest_0461.jpg,dinosaurios_y_prehistoria,ilustracion_plana_color,736,736,"Dinosaurio posando, con aspecto amistoso y sonriente; mostrado de cuerpo completo, con estilo de caricatura tierna, sobre un fondo de color sencillo y predominio de tonos verdes.",Pinterest,cesar_munguia,c823e47a95836fe07d806da104e9ec6f96cc6247
cesar_munguia_img_0746,pinterest_0462.jpg,dinosaurios_y_prehistoria,ilustracion_plana_color,735,952,"Grupo de dinosaurios jugando alegremente, con aspecto juguetón y alegre; mostrado de cuerpo completo, con estilo de caricatura tierna, sobre fondo blanco o transparente y predominio de tonos claros.",Pinterest,cesar_munguia,6f8a5c865ecbd1e965bc4895e2255f51a5a23839
cesar_munguia_img_0747,pinterest_0463.jpg,dinosaurios_y_prehistoria,ilustracion_plana_color,626,626,"Dinosaurio posando, con aspecto amistoso y sonriente; mostrado de cuerpo completo, con estilo de icono vectorial plano, sobre fondo blanco o transparente y predominio de tonos claros.",Pinterest,cesar_munguia,f0be3fffc044c1b8b6aae65dc9dadcd38502477a
cesar_munguia_img_0748,pinterest_0464.jpg,dinosaurios_y_prehistoria,ilustracion_plana_color,626,626,"Dinosaurio sentado, con aspecto juguetón y alegre; mostrado de cuerpo completo, con estilo de caricatura tierna, sobre fondo blanco o transparente y predominio de tonos claros.",Pinterest,cesar_munguia,bca7432cf00a5b6bcdc9cd30a0c0ffc0b4893868
cesar_munguia_img_0749,pinterest_0465.jpg,dinosaurios_y_prehistoria,ilustracion_plana_color,736,990,"Ser humano prehistórico de pie y posando, con aspecto juguetón y alegre; mostrado de cuerpo completo, con estilo de caricatura tierna, sobre un fondo de color sencillo y predominio de tonos verdes.",Pinterest,cesar_munguia,0619d1e07d48e561fad0b291b5fec0423a12de19
cesar_munguia_img_0750,pinterest_0466.jpg,dinosaurios_y_prehistoria,ilustracion_plana_color,736,1104,"Grupo de dinosaurios jugando alegremente, con aspecto juguetón y alegre; integrado en una escena detallada, con estilo de caricatura tierna, en una selva prehistórica y predominio de tonos claros.",Pinterest,cesar_munguia,fd4e4422ba7072dd4e0963f40896470662abcecc
cesar_munguia_img_0751,pinterest_0467.jpg,dinosaurios_y_prehistoria,ilustracion_plana_color,736,1041,"Cría de dinosaurio saliendo del cascarón, con aspecto juguetón y alegre; mostrado de cuerpo completo, con estilo de caricatura tierna, en un nido con huevos y predominio de tonos claros.",Pinterest,cesar_munguia,a3aacecb9b417272c35212e8d2e8ef7e14a819b8
cesar_munguia_img_0752,pinterest_0468.jpg,dinosaurios_y_prehistoria,ilustracion_plana_color,236,337,"Parasaurolophus rugiendo con la boca abierta, con aspecto feroz o enfadado; mostrado de cuerpo completo, con estilo de caricatura tierna, sobre un fondo de color sencillo y predominio de tonos claros.",Pinterest,cesar_munguia,fec36aec3f92bfed73c3389ce62b8dc780636979
cesar_munguia_img_0753,pinterest_0469.jpg,dinosaurios_y_prehistoria,ilustracion_plana_color,736,952,"Dinosaurio volando, con aspecto juguetón y alegre; mostrado de cuerpo completo, con estilo de caricatura tierna, sobre fondo blanco o transparente y predominio de tonos claros.",Pinterest,cesar_munguia,c74060e47f5bf1429deeb1f551f5d8441d8e234f
cesar_munguia_img_0754,pinterest_0470.jpg,dinosaurios_y_prehistoria,ilustracion_plana_color,239,240,"Dinosaurio rugiendo con la boca abierta, con aspecto juguetón y alegre; mostrado de cuerpo completo, con estilo de caricatura tierna, en una selva prehistórica y predominio de tonos naranjas.",Pinterest,cesar_munguia,689b6183ea9be1cf7143d24815aacc86cc40674e
cesar_munguia_img_0755,pinterest_0471.jpg,dinosaurios_y_prehistoria,ilustracion_plana_color,645,559,"Triceratops rugiendo con la boca abierta, con aspecto juguetón y alegre; mostrado de cuerpo completo, con estilo de caricatura tierna, sobre fondo blanco o transparente y predominio de tonos claros.",Pinterest,cesar_munguia,c2f5f87d0d37dd75503144fe1b1d624862511eb6
cesar_munguia_img_0756,pinterest_0472.jpg,dinosaurios_y_prehistoria,ilustracion_plana_color,432,324,"Mamut prehistórico rugiendo con la boca abierta, con aspecto feroz o enfadado; mostrado de cuerpo completo, con estilo de caricatura tierna, sobre un fondo de color sencillo y predominio de tonos naranjas.",Pinterest,cesar_munguia,e2e425e1ad0761b2254f86bb48adfda3d5ff77f5
cesar_munguia_img_0757,pinterest_0473.jpg,dinosaurios_y_prehistoria,ilustracion_plana_color,547,380,"Pterosaurio volando, con aspecto juguetón y alegre; mostrado de cuerpo completo, con estilo de caricatura tierna, sobre un fondo de color sencillo y predominio de tonos naranjas.",Pinterest,cesar_munguia,a1d8ea2080740e486a9f0322f275f220c1f7ef2f
cesar_munguia_img_0758,pinterest_0474.jpg,dinosaurios_y_prehistoria,ilustracion_plana_color,728,910,"Dinosaurio posando, con aspecto amistoso y sonriente; mostrado de cuerpo completo, con estilo de caricatura tierna, sobre un fondo de color sencillo y predominio de tonos claros.",Pinterest,cesar_munguia,cc080db8cf81f96b674dc45258274ed8dd8e3a0a
cesar_munguia_img_0759,pinterest_0475.jpg,dinosaurios_y_prehistoria,ilustracion_plana_color,637,523,"Dinosaurio sentado, con aspecto amistoso y sonriente; mostrado de cuerpo completo, con estilo de caricatura tierna, sobre un fondo de color sencillo y predominio de tonos amarillos.",Pinterest,cesar_munguia,dbddbb1c9db0ec6130315940f798546be5fb83c0
cesar_munguia_img_0760,pinterest_0476.jpg,dinosaurios_y_prehistoria,ilustracion_plana_color,728,680,"Dinosaurio peleando, con aspecto amistoso y sonriente; mostrado de cuerpo completo, con estilo de caricatura tierna, sobre un fondo de color sencillo y predominio de tonos claros.",Pinterest,cesar_munguia,91725badb88681a922e4a2ba461fdcae43281459
cesar_munguia_img_0761,pinterest_0477.jpg,dinosaurios_y_prehistoria,ilustracion_plana_color,640,480,"Dinosaurio posando, con aspecto amistoso y sonriente; integrado en una escena detallada, con estilo de caricatura tierna, en una selva prehistórica y predominio de tonos amarillos.",Pinterest,cesar_munguia,e324c68fc8c0705863cc6513da69385a2951b5a4
cesar_munguia_img_0762,pinterest_0478.jpg,dinosaurios_y_prehistoria,ilustracion_plana_color,435,350,"Dinosaurio posando, con aspecto juguetón y alegre; mostrado de cuerpo completo, con estilo de caricatura tierna, sobre un fondo de color sencillo y predominio de tonos naranjas.",Pinterest,cesar_munguia,0616da6979cbec5be607abd6f661699656a4fa35
cesar_munguia_img_0763,pinterest_0479.jpg,dinosaurios_y_prehistoria,ilustracion_plana_color,653,801,"Dinosaurio rugiendo con la boca abierta, con aspecto amistoso y sonriente; mostrado de cuerpo completo, con estilo de caricatura tierna, sobre fondo blanco o transparente y predominio de tonos azules.",Pinterest,cesar_munguia,72bee8c530c8fa5e85c9b8918455eec502acde29
cesar_munguia_img_0764,pinterest_0480.jpg,dinosaurios_y_prehistoria,ilustracion_plana_color,728,468,"Dinosaurio posando, con aspecto juguetón y alegre; mostrado de cuerpo completo, con estilo de caricatura tierna, en una selva prehistórica y predominio de tonos claros.",Pinterest,cesar_munguia,dc40b490f558b6fc156db53dae75201ef4e244c5
cesar_munguia_img_0765,pinterest_0481.jpg,dinosaurios_y_prehistoria,ilustracion_plana_color,571,491,"Dinosaurio rugiendo con la boca abierta, con aspecto juguetón y alegre; mostrado de cuerpo completo, con estilo de caricatura tierna, sobre fondo blanco o transparente y predominio de tonos naranjas.",Pinterest,cesar_munguia,c5d871d8ccdeb9d63e830339129073c0fb9fdf06
cesar_munguia_img_0766,pinterest_0482.jpg,dinosaurios_y_prehistoria,ilustracion_plana_color,545,624,"Dinosaurio rugiendo con la boca abierta, con aspecto amistoso y sonriente; presentado en primer plano, con estilo de dibujo hecho a mano, sobre un fondo de color sencillo y predominio de tonos claros.",Pinterest,cesar_munguia,bab39b5dc0e8a1a2e0cf772a29b3891384e4d9f6
cesar_munguia_img_0767,pinterest_0483.jpg,dinosaurios_y_prehistoria,ilustracion_plana_color,720,672,"Dinosaurio sentado, con aspecto amistoso y sonriente; mostrado de cuerpo completo, con estilo de caricatura tierna, sobre un fondo de color sencillo y predominio de tonos naranjas.",Pinterest,cesar_munguia,dcd10a895d6a305462fc733edff98105774693a3
cesar_munguia_img_0768,pinterest_0484.jpg,dinosaurios_y_prehistoria,ilustracion_plana_color,300,300,"Dinosaurio posando, con aspecto juguetón y alegre; mostrado de cuerpo completo, con estilo de caricatura tierna, sobre un fondo de color sencillo y predominio de tonos azules.",Pinterest,cesar_munguia,2ab9ccf2e502f0567546c1004088006415206dd0
cesar_munguia_img_0769,pinterest_0485.jpg,dinosaurios_y_prehistoria,ilustracion_plana_color,735,520,"Dinosaurio posando, con aspecto juguetón y alegre; mostrado de cuerpo completo, con estilo de ilustración colorida de cuento infantil, sobre un fondo de color sencillo y predominio de tonos verdes.",Pinterest,cesar_munguia,ddb1dca40f934b60c6eaf48251270d878763390b
cesar_munguia_img_0770,pinterest_0486.jpg,dinosaurios_y_prehistoria,ilustracion_plana_color,511,630,"Tiranosaurio rex rugiendo con la boca abierta, con aspecto feroz o enfadado; mostrado de cuerpo completo, con estilo de ilustración colorida de cuento infantil, sobre un fondo de color sencillo y predominio de tonos rojos.",Pinterest,cesar_munguia,d7a7722e46abf8161a63715b78896351e059980a
cesar_munguia_img_0771,pinterest_0487.jpg,dinosaurios_y_prehistoria,ilustracion_plana_color,619,899,"Ser humano prehistórico corriendo, con aspecto juguetón y alegre; mostrado de cuerpo completo, con estilo de caricatura tierna, sobre un fondo de color sencillo y predominio de tonos grises.",Pinterest,cesar_munguia,209f0875e73b527b546f40dca0727a0a5ce61e01
cesar_munguia_img_0772,pinterest_0488.jpg,dinosaurios_y_prehistoria,ilustracion_plana_color,736,488,"Estegosaurio posando, con aspecto juguetón y alegre; mostrado de cuerpo completo, con estilo de dibujo hecho a mano, sobre fondo blanco o transparente y predominio de tonos grises.",Pinterest,cesar_munguia,f91cdb71aaa8f35544f99f66ab214bbe2a307827
cesar_munguia_img_0773,pinterest_0489.jpg,dinosaurios_y_prehistoria,ilustracion_plana_color,735,721,"Mamut prehistórico comiendo, con aspecto tranquilo y de expresión neutra; mostrado de cuerpo completo, con estilo de ilustración colorida de cuento infantil, sobre fondo blanco o transparente y predominio de tonos marrones.",Pinterest,cesar_munguia,6d17df4443d8c27ea8b5ce6553ea72e6afa0b8cf
cesar_munguia_img_0774,pinterest_0490.jpg,dinosaurios_y_prehistoria,ilustracion_plana_color,450,626,"Dinosaurio rugiendo con la boca abierta, con aspecto amistoso y sonriente; mostrado de cuerpo completo, con estilo de caricatura tierna, sobre un fondo de color sencillo y predominio de tonos naranjas.",Pinterest,cesar_munguia,13d3cbde554894403173f927283d8603fffef84a
cesar_munguia_img_0775,pinterest_0491.jpg,dinosaurios_y_prehistoria,ilustracion_plana_color,736,743,"Tiranosaurio rex rugiendo con la boca abierta, con aspecto amistoso y sonriente; mostrado de cuerpo completo, con estilo de icono vectorial plano, sobre fondo blanco o transparente y predominio de tonos claros.",Pinterest,cesar_munguia,5c31e2f402b36990505a1bc0255ba3cf6fca147d
cesar_munguia_img_0776,pinterest_0492.jpg,dinosaurios_y_prehistoria,ilustracion_plana_color,736,736,"Ser humano prehistórico jugando alegremente, con aspecto juguetón y alegre; mostrado de cuerpo completo, con estilo de arte pixelado, sobre un fondo de color sencillo y predominio de tonos grises.",Pinterest,cesar_munguia,c8841de61e6d2b528e4c892338fd48ca6b645a7c
cesar_munguia_img_0777,pinterest_0493.jpg,dinosaurios_y_prehistoria,ilustracion_plana_color,256,256,"Mamut prehistórico peleando, con aspecto juguetón y alegre; representado como una silueta sencilla, con estilo de caricatura tierna, sobre un fondo de color sencillo y predominio de tonos rojos.",Pinterest,cesar_munguia,fec5fa0f7174a685fd28a527d60d2c82050342dc
cesar_munguia_img_0778,pinterest_0494.jpg,dinosaurios_y_prehistoria,ilustracion_plana_color,673,700,"Velociraptor rugiendo con la boca abierta, con aspecto amistoso y sonriente; mostrado de cuerpo completo, con estilo de dibujo hecho a mano, sobre fondo blanco o transparente y predominio de tonos claros.",Pinterest,cesar_munguia,84bce89527990c094e60f256d221272e876340a6
cesar_munguia_img_0779,pinterest_0495.jpg,dinosaurios_y_prehistoria,ilustracion_plana_color,736,981,"Parasaurolophus nadando, con aspecto tranquilo y de expresión neutra; mostrado de cuerpo completo, con estilo de caricatura tierna, en una selva prehistórica y predominio de tonos claros.",Pinterest,cesar_munguia,340f8a38382680d033a8f010aca9c27805b7cb4f
cesar_munguia_img_0780,pinterest_0496.jpg,dinosaurios_y_prehistoria,ilustracion_plana_color,456,626,"Dinosaurio posando, con aspecto amistoso y sonriente; mostrado de cuerpo completo, con estilo de ilustración colorida de cuento infantil, sobre un fondo de color sencillo y predominio de tonos verdes.",Pinterest,cesar_munguia,f8f26cb206e1fc24eebb0dbfa6384bc709844ba6
cesar_munguia_img_0781,pinterest_0497.jpg,dinosaurios_y_prehistoria,ilustracion_plana_color,736,1059,"Dinosaurio posando, con aspecto amistoso y sonriente; mostrado de cuerpo completo, con estilo de caricatura tierna, sobre fondo blanco o transparente y predominio de tonos claros.",Pinterest,cesar_munguia,804e96ff08d3d6cfc61b97f8d438500c02902bc2
cesar_munguia_img_0782,pinterest_0498.jpg,dinosaurios_y_prehistoria,ilustracion_plana_color,736,845,"Triceratops posando, con aspecto juguetón y alegre; mostrado de cuerpo completo, con estilo de caricatura tierna, sobre un fondo de color sencillo y predominio de tonos amarillos.",Pinterest,cesar_munguia,3fd4f415f9075a3280f33633b6c47c4ea45c1943
cesar_munguia_img_0783,pinterest_0499.jpg,dinosaurios_y_prehistoria,ilustracion_plana_color,736,1349,"Plesiosaurio nadando, con aspecto tranquilo y de expresión neutra; mostrado de cuerpo completo, con estilo de dibujo hecho a mano, sobre un fondo de color sencillo y predominio de tonos claros.",Pinterest,cesar_munguia,12743ce0507f291d8ba35306f9e752a691341c84
cesar_munguia_img_0784,pinterest_0500.jpg,dinosaurios_y_prehistoria,ilustracion_plana_color,630,662,"Ser humano prehistórico posando, con aspecto juguetón y alegre; mostrado de cuerpo completo, con estilo de caricatura tierna, sobre un fondo de color sencillo y predominio de tonos naranjas.",Pinterest,cesar_munguia,8925717f7fe090b920718071022c1f4b7c5a0721
cesar_munguia_img_0785,pinterest_0501.jpg,dinosaurios_y_prehistoria,ilustracion_plana_color,736,952,"Fósil o esqueleto de dinosaurio expuesto; mostrado de cuerpo completo, con estilo de icono vectorial plano, sobre fondo blanco o transparente y predominio de tonos grises.",Pinterest,cesar_munguia,0555657e1fbd5a926c4c9e13be64af3b27c6b32a
cesar_munguia_img_0786,pinterest_0502.jpg,dinosaurios_y_prehistoria,ilustracion_plana_color,735,490,"Dinosaurio rugiendo con la boca abierta, con aspecto feroz o enfadado; mostrado de cuerpo completo, con estilo de caricatura tierna, sobre un fondo de color sencillo y predominio de tonos amarillos.",Pinterest,cesar_munguia,2f483bc546f964b9220fb7cb342be1b64d30dc58
cesar_munguia_img_0787,pinterest_0503.jpg,dinosaurios_y_prehistoria,ilustracion_plana_color,736,568,"Dinosaurio rugiendo con la boca abierta, con aspecto amistoso y sonriente; mostrado de cuerpo completo, con estilo de dibujo hecho a mano, sobre un fondo de color sencillo y predominio de tonos claros.",Pinterest,cesar_munguia,2d2774aa008b5512c267e9ff4bde85ad89616380
cesar_munguia_img_0788,pinterest_0504.jpg,dinosaurios_y_prehistoria,ilustracion_plana_color,736,974,"Pterosaurio volando, con aspecto juguetón y alegre; mostrado de cuerpo completo, con estilo de dibujo hecho a mano, sobre un fondo de color sencillo y predominio de tonos amarillos.",Pinterest,cesar_munguia,475dc641eec0bfe8bc17d3f3a07e302aa6593c13
cesar_munguia_img_0789,pinterest_0505.jpg,dinosaurios_y_prehistoria,ilustracion_plana_color,626,626,"Dilofosaurio posando, con aspecto juguetón y alegre; mostrado de cuerpo completo, con estilo de dibujo hecho a mano, sobre fondo blanco o transparente y predominio de tonos claros.",Pinterest,cesar_munguia,28b6912d7370d731d12d0bd3c0a5a9360c8327ba
cesar_munguia_img_0790,pinterest_0506.jpg,dinosaurios_y_prehistoria,ilustracion_plana_color,736,543,"Triceratops rugiendo con la boca abierta, con aspecto tranquilo y de expresión neutra; presentado en primer plano, con estilo de ilustración en acuarela, sobre fondo blanco o transparente y predominio de tonos naranjas.",Pinterest,cesar_munguia,f1d01345eb0892c92044c49eac4661a677817bd4
cesar_munguia_img_0791,pinterest_0507.jpg,dinosaurios_y_prehistoria,ilustracion_plana_color,735,919,"Anquilosaurio posando, con aspecto juguetón y alegre; mostrado de cuerpo completo, con estilo de icono vectorial plano, sobre fondo blanco o transparente y predominio de tonos claros.",Pinterest,cesar_munguia,f2af9616a0ae5c6a3376773cfda8d3e59be91e2c
cesar_munguia_img_0792,pinterest_0508.jpg,dinosaurios_y_prehistoria,ilustracion_plana_color,736,736,"Ser humano prehistórico peleando, con aspecto amistoso y sonriente; integrado en una escena detallada, con estilo de caricatura tierna, dentro de una cueva y predominio de tonos amarillos.",Pinterest,cesar_munguia,80ca1e0576b1e58646d6efb9016c1fcf25132500
cesar_munguia_img_0793,pinterest_0509.jpg,dinosaurios_y_prehistoria,ilustracion_plana_color,512,512,"Tiranosaurio rex comiendo, con aspecto feroz o enfadado; mostrado de cuerpo completo, con estilo de caricatura tierna, sobre un fondo de color sencillo y predominio de tonos rojos.",Pinterest,cesar_munguia,773e42c7b964fa5d90a3177bfcb58262cd9b787f
cesar_munguia_img_0794,pinterest_0510.jpg,dinosaurios_y_prehistoria,ilustracion_plana_color,512,512,"Cría de dinosaurio saliendo del cascarón, con aspecto juguetón y alegre; mostrado de cuerpo completo, con estilo de caricatura tierna, en un nido con huevos y predominio de tonos rojos.",Pinterest,cesar_munguia,c409afebbecbd8028f5b30f904b9ab6515f9b328
cesar_munguia_img_0795,pinterest_0511.jpg,dinosaurios_y_prehistoria,ilustracion_plana_color,512,512,"Cría de dinosaurio saliendo del cascarón, con aspecto juguetón y alegre; mostrado de cuerpo completo, con estilo de caricatura tierna, en un nido con huevos y predominio de tonos rojos.",Pinterest,cesar_munguia,1ab58d660891ffc9dd39acf32aaa4f252c154b6d
cesar_munguia_img_0796,pinterest_0512.jpg,dinosaurios_y_prehistoria,ilustracion_plana_color,512,512,"Triceratops rugiendo con la boca abierta, con aspecto feroz o enfadado; presentado en primer plano, con estilo de icono vectorial plano, sobre un fondo de color sencillo y predominio de tonos turquesa.",Pinterest,cesar_munguia,1a1e6e14d86934a8695103ea5ae0e1e261ffff8b
cesar_munguia_img_0797,pinterest_0513.jpg,dinosaurios_y_prehistoria,ilustracion_plana_color,735,551,"Mamut prehistórico peleando, con aspecto tranquilo y de expresión neutra; mostrado de cuerpo completo, con estilo de dibujo hecho a mano, sobre un fondo de color sencillo y predominio de tonos claros.",Pinterest,cesar_munguia,22626ec1eec6cf7f67dfc6f7effee1d85ba8757c
cesar_munguia_img_0798,pinterest_0514.jpg,dinosaurios_y_prehistoria,ilustracion_plana_color,360,360,"Cría de dinosaurio saliendo del cascarón, con aspecto tranquilo y de expresión neutra; integrado en una escena detallada, con estilo de arte pixelado, dentro de una cueva y predominio de tonos grises.",Pinterest,cesar_munguia,25a503b8eb7a87acc23eb9ba1dcd6d83a822d431
cesar_munguia_img_0799,pinterest_0515.jpg,dinosaurios_y_prehistoria,ilustracion_plana_color,700,1080,"Dinosaurio posando, con aspecto juguetón y alegre; mostrado de cuerpo completo, con estilo de caricatura tierna, sobre fondo blanco o transparente y predominio de tonos azules.",Pinterest,cesar_munguia,c0ae4ffd11c02abb1e7b95c80d43858405c8790f
cesar_munguia_img_0800,pinterest_0516.jpg,dinosaurios_y_prehistoria,ilustracion_plana_color,512,512,"Ser humano prehistórico peleando, con aspecto feroz o enfadado; mostrado de cuerpo completo, con estilo de icono vectorial plano, sobre un fondo de color sencillo y predominio de tonos naranjas.",Pinterest,cesar_munguia,c99113d2a92bdf98dc5721267812ca53f5db1a05
cesar_munguia_img_0801,pinterest_0517.jpg,dinosaurios_y_prehistoria,ilustracion_plana_color,626,626,"Ser humano prehistórico posando, con aspecto juguetón y alegre; mostrado de cuerpo completo, con estilo de caricatura tierna, sobre un fondo de color sencillo y predominio de tonos naranjas.",Pinterest,cesar_munguia,2ddb50afd7b78a12ad1875b46e82976bcbc47ae8
cesar_munguia_img_0802,pinterest_0518.jpg,dinosaurios_y_prehistoria,ilustracion_plana_color,394,402,"Pareja de dinosaurios comiendo, con aspecto amistoso y sonriente; mostrado de cuerpo completo, con estilo de caricatura tierna, en una selva prehistórica y predominio de tonos verdes.",Pinterest,cesar_munguia,fc4acf21d5149a2e531bdbae5a1e8a7b23e7fdf6
cesar_munguia_img_0803,pinterest_0519.jpg,dinosaurios_y_prehistoria,ilustracion_plana_color,236,236,"Dinosaurio posando, con aspecto amistoso y sonriente; representado como una silueta sencilla, con estilo de caricatura tierna, sobre un fondo de color sencillo y predominio de tonos verdes.",Pinterest,cesar_munguia,275cfce23de323640be90cd98f2ecad05259defe
cesar_munguia_img_0804,pinterest_0520.jpg,dinosaurios_y_prehistoria,ilustracion_plana_color,314,332,"Dinosaurio posando, con aspecto juguetón y alegre; mostrado de cuerpo completo, con estilo de caricatura tierna, sobre un fondo de color sencillo y predominio de tonos amarillos.",Pinterest,cesar_munguia,e05ecdb1189b59155f3415f03ecd25aa7fbb8ee2
cesar_munguia_img_0805,pinterest_0521.jpg,dinosaurios_y_prehistoria,ilustracion_plana_color,736,414,"Mamut prehistórico rugiendo con la boca abierta, con aspecto feroz o enfadado; mostrado de cuerpo completo, con estilo de caricatura tierna, sobre fondo blanco o transparente y predominio de tonos amarillos.",Pinterest,cesar_munguia,7a8cc56c0b6d3538964554bb8c0d31b1a7da4b3b
cesar_munguia_img_0806,pinterest_0522.jpg,dinosaurios_y_prehistoria,ilustracion_plana_color,450,336,"Dinosaurio volando, con aspecto juguetón y alegre; mostrado de cuerpo completo, con estilo de ilustración colorida de cuento infantil, sobre un fondo de color sencillo y predominio de tonos rosas.",Pinterest,cesar_munguia,eff2c45f2d42102755372364bc1bec89d2aff4cf
cesar_munguia_img_0807,pinterest_0523.jpg,dinosaurios_y_prehistoria,ilustracion_plana_color,500,486,"Grupo de dinosaurios posando, con aspecto amistoso y sonriente; mostrado de cuerpo completo, con estilo de caricatura tierna, sobre fondo blanco o transparente y predominio de tonos claros.",Pinterest,cesar_munguia,ac701b1fadc18f31aeaad469ce2029b61676baed
cesar_munguia_img_0808,pinterest_0524.jpg,dinosaurios_y_prehistoria,ilustracion_plana_color,238,250,"Pterosaurio volando, con aspecto amistoso y sonriente; mostrado de cuerpo completo, con estilo de caricatura tierna, sobre fondo blanco o transparente y predominio de tonos naranjas.",Pinterest,cesar_munguia,563e3e55330f7d1dbefbabab7d638d25735bbf37
cesar_munguia_img_0809,pinterest_0525.jpg,dinosaurios_y_prehistoria,ilustracion_plana_color,736,736,"Dinosaurio posando, con aspecto juguetón y alegre; mostrado de cuerpo completo, con estilo de icono vectorial plano, sobre fondo blanco o transparente y predominio de tonos verdes.",Pinterest,cesar_munguia,2c6fc267718a9f78ca8a88978b235d974cb34dcf
cesar_munguia_img_0810,pinterest_0526.jpg,dinosaurios_y_prehistoria,ilustracion_plana_color,735,952,"Dinosaurio posando, con aspecto amistoso y sonriente; mostrado de cuerpo completo, con estilo de caricatura tierna, sobre fondo blanco o transparente y predominio de tonos grises.",Pinterest,cesar_munguia,82e62bddf6e9136d1b9aa3554d0065911f07519d
cesar_munguia_img_0811,pinterest_0527.jpg,dinosaurios_y_prehistoria,ilustracion_plana_color,389,466,"Ser humano prehistórico posando, con aspecto juguetón y alegre; mostrado de cuerpo completo, con estilo de caricatura tierna, en una selva prehistórica y predominio de tonos rojos.",Pinterest,cesar_munguia,38576b472cb14ef8fcd2d450b4a9e327f6686640
cesar_munguia_img_0812,pinterest_0528.jpg,dinosaurios_y_prehistoria,ilustracion_plana_color,735,667,"Ser humano prehistórico peleando, con aspecto tranquilo y de expresión neutra; representado como una silueta sencilla, con estilo de caricatura tierna, sobre un fondo de color sencillo y predominio de tonos claros.",Pinterest,cesar_munguia,15bc6d683acf2c0c01d4c0ee425a8436ae43777b
cesar_munguia_img_0813,pinterest_0529.jpg,dinosaurios_y_prehistoria,ilustracion_plana_color,512,512,"Ser humano prehistórico caminando, con aspecto juguetón y alegre; mostrado de cuerpo completo, con estilo de icono vectorial plano, sobre un fondo de color sencillo y predominio de tonos claros.",Pinterest,cesar_munguia,38f3335067d6646aa7cb99c79d2f8b8af7644d6a
cesar_munguia_img_0814,pinterest_0530.jpg,dinosaurios_y_prehistoria,ilustracion_plana_color,600,451,"Dinosaurio posando, con aspecto juguetón y alegre; mostrado de cuerpo completo, con estilo de ilustración colorida de cuento infantil, sobre fondo blanco o transparente y predominio de tonos verdes.",Pinterest,cesar_munguia,34ae5e7feb747c3576950a381800d02f12da7af6
cesar_munguia_img_0815,pinterest_0531.jpg,dinosaurios_y_prehistoria,ilustracion_plana_color,735,588,"Ser humano prehistórico peleando, con aspecto feroz o enfadado; representado como una silueta sencilla, con estilo de caricatura tierna, sobre fondo blanco o transparente y predominio de tonos marrones.",Pinterest,cesar_munguia,659c6477624fad57a4fe96ce0a128ceef31d13e2
cesar_munguia_img_0816,pinterest_0532.jpg,dinosaurios_y_prehistoria,ilustracion_plana_color,736,551,"Mosasaurio nadando, con aspecto amistoso y sonriente; mostrado de cuerpo completo, con estilo de ilustración colorida de cuento infantil, sobre un fondo de color sencillo y predominio de tonos grises.",Pinterest,cesar_munguia,6bf386f364ab15c37e3678ca555a1499159f35f0
cesar_munguia_img_0817,pinterest_0533.jpg,dinosaurios_y_prehistoria,ilustracion_plana_color,736,630,"Triceratops rugiendo con la boca abierta, con aspecto juguetón y alegre; mostrado de cuerpo completo, con estilo de caricatura tierna, sobre un fondo de color sencillo y predominio de tonos amarillos.",Pinterest,cesar_munguia,3d9325f473d6dc88dc2737396a6606b9126f19a5
cesar_munguia_img_0818,pinterest_0534.jpg,dinosaurios_y_prehistoria,ilustracion_plana_color,491,481,"Dinosaurio posando, con aspecto amistoso y sonriente; mostrado de cuerpo completo, con estilo de caricatura tierna, sobre un fondo de color sencillo y predominio de tonos verdes.",Pinterest,cesar_munguia,dee3999c765d1497b3a293ad878b0104a70e0c4a
cesar_munguia_img_0819,pinterest_0535.jpg,dinosaurios_y_prehistoria,ilustracion_plana_color,626,626,"Dinosaurio de pie y posando, con aspecto amistoso y sonriente; mostrado de cuerpo completo, con estilo de render tridimensional, sobre fondo blanco o transparente y predominio de tonos verdes.",Pinterest,cesar_munguia,6a47b5db706880622cc7e3f858824325d0dddf4d
cesar_munguia_img_0820,pinterest_0536.jpg,dinosaurios_y_prehistoria,ilustracion_plana_color,735,866,"Dinosaurio posando, con aspecto amistoso y sonriente; mostrado de cuerpo completo, con estilo de render tridimensional, sobre fondo blanco o transparente y predominio de tonos rosas.",Pinterest,cesar_munguia,dd76fdf2b7640f44d8be6f1f79a5ce457b5791c0
cesar_munguia_img_0821,pinterest_0537.jpg,dinosaurios_y_prehistoria,ilustracion_plana_color,736,485,"Estegosaurio posando, con aspecto juguetón y alegre; mostrado de cuerpo completo, con estilo de ilustración colorida de cuento infantil, sobre un fondo de color sencillo y predominio de tonos verdes.",Pinterest,cesar_munguia,ccc6187c84ed02ab6c12a48ec023cf39c5f4bea7
cesar_munguia_img_0822,pinterest_0538.jpg,dinosaurios_y_prehistoria,ilustracion_plana_color,450,373,"Dinosaurio posando, con aspecto juguetón y alegre; mostrado de cuerpo completo, con estilo de caricatura tierna, sobre fondo blanco o transparente y predominio de tonos turquesa.",Pinterest,cesar_munguia,0078f4e1076a9899433f76fa155daffed405209a
cesar_munguia_img_0823,pinterest_0539.jpg,dinosaurios_y_prehistoria,ilustracion_plana_color,736,574,"Dinosaurio posando, con aspecto amistoso y sonriente; mostrado de cuerpo completo, con estilo de ilustración colorida de cuento infantil, sobre fondo blanco o transparente y predominio de tonos verdes.",Pinterest,cesar_munguia,2d1e40ad2bfcdcbf5a0ec2c3e8739c7f6636c762
cesar_munguia_img_0824,pinterest_0540.jpg,dinosaurios_y_prehistoria,ilustracion_plana_color,736,668,"Dinosaurio rugiendo con la boca abierta, con aspecto juguetón y alegre; mostrado de cuerpo completo, con estilo de caricatura tierna, sobre fondo blanco o transparente y predominio de tonos naranjas.",Pinterest,cesar_munguia,00f617ddfe6112c2e218678f2081388ca13aa565
cesar_munguia_img_0825,pinterest_0541.jpg,dinosaurios_y_prehistoria,ilustracion_plana_color,650,721,"Ser humano prehistórico peleando, con aspecto feroz o enfadado; mostrado de cuerpo completo, con estilo de icono vectorial plano, cerca de un volcán y predominio de tonos marrones.",Pinterest,cesar_munguia,f42fdd3e2b8ba8372d9291344a252d7236de10d2
cesar_munguia_img_0826,pinterest_0542.jpg,dinosaurios_y_prehistoria,ilustracion_plana_color,736,609,"Grupo de tiranosaurios rex posando, con aspecto amistoso y sonriente; mostrado de cuerpo completo, con estilo de ilustración colorida de cuento infantil, sobre fondo blanco o transparente y predominio de tonos verdes.",Pinterest,cesar_munguia,9dd5f542c9bad3146a087a402d414ec8c9f16b01
cesar_munguia_img_0827,pinterest_0543.jpg,dinosaurios_y_prehistoria,ilustracion_plana_color,736,867,"Dinosaurio posando, con aspecto amistoso y sonriente; mostrado de cuerpo completo, con estilo de render tridimensional, sobre fondo blanco o transparente y predominio de tonos rosas.",Pinterest,cesar_munguia,3704867ee9eaaa8e9f55ea51d3af8967856d5926
cesar_munguia_img_0828,pinterest_0544.jpg,dinosaurios_y_prehistoria,ilustracion_plana_color,736,884,"Dinosaurio posando, con aspecto juguetón y alegre; mostrado de cuerpo completo, con estilo de caricatura tierna, sobre fondo blanco o transparente y predominio de tonos azules.",Pinterest,cesar_munguia,0685528fa83a8baf9c755c569853f5591bbc1c2d
cesar_munguia_img_0829,pinterest_0545.jpg,dinosaurios_y_prehistoria,ilustracion_plana_color,704,1080,"Dinosaurio posando, con aspecto juguetón y alegre; mostrado de cuerpo completo, con estilo de caricatura tierna, sobre fondo blanco o transparente y predominio de tonos amarillos.",Pinterest,cesar_munguia,9d7a8d8b6ae6ccf0c3231e7f07c37d2938d8e324
cesar_munguia_img_0830,pinterest_0546.jpg,dinosaurios_y_prehistoria,ilustracion_plana_color,626,628,"Tiranosaurio rex posando, con aspecto juguetón y alegre; mostrado de cuerpo completo, con estilo de caricatura tierna, sobre fondo blanco o transparente y predominio de tonos naranjas.",Pinterest,cesar_munguia,d77b5f517b97684953aa610a39b090a6141d0b5f
cesar_munguia_img_0831,pinterest_0547.jpg,dinosaurios_y_prehistoria,ilustracion_plana_color,626,566,"Dinosaurio posando, con aspecto juguetón y alegre; mostrado de cuerpo completo, con estilo de render tridimensional, sobre fondo blanco o transparente y predominio de tonos rojos.",Pinterest,cesar_munguia,6e601a426187b4984752acb66b25ce69af51482b
cesar_munguia_img_0832,pinterest_0548.jpg,dinosaurios_y_prehistoria,ilustracion_plana_color,626,733,"Dinosaurio posando, con aspecto juguetón y alegre; mostrado de cuerpo completo, con estilo de ilustración colorida de cuento infantil, sobre fondo blanco o transparente y predominio de tonos verdes.",Pinterest,cesar_munguia,db8008322046202b19c09a676f020b2633c2481c
cesar_munguia_img_0833,pinterest_0549.jpg,dinosaurios_y_prehistoria,ilustracion_plana_color,736,851,"Dinosaurio posando, con aspecto juguetón y alegre; mostrado de cuerpo completo, con estilo de icono vectorial plano, sobre un fondo de color sencillo y predominio de tonos turquesa.",Pinterest,cesar_munguia,554f3b2dd8857ce3ad12592841089da81165d978
cesar_munguia_img_0834,pinterest_0550.jpg,dinosaurios_y_prehistoria,ilustracion_plana_color,736,610,"Anquilosaurio nadando, con aspecto amistoso y sonriente; mostrado de cuerpo completo, con estilo de caricatura tierna, sobre un fondo de color sencillo y predominio de tonos naranjas.",Pinterest,cesar_munguia,3b75417ac8a64512d69629be1630edc91ec90fca
cesar_munguia_img_0835,pinterest_0551.jpg,dinosaurios_y_prehistoria,ilustracion_plana_color,736,574,"Dinosaurio rugiendo con la boca abierta, con aspecto juguetón y alegre; mostrado de cuerpo completo, con estilo de ilustración colorida de cuento infantil, sobre fondo blanco o transparente y predominio de tonos naranjas.",Pinterest,cesar_munguia,9025c7a2631fd7f10809ee057faf1db8174cd39f
cesar_munguia_img_0836,pinterest_0552.jpg,dinosaurios_y_prehistoria,ilustracion_plana_color,736,729,"Dinosaurio posando, con aspecto amistoso y sonriente; mostrado de cuerpo completo, con estilo de icono vectorial plano, sobre fondo blanco o transparente y predominio de tonos verdes.",Pinterest,cesar_munguia,37ff71a9a9ad37f2dbce16b740751f62a406b807
cesar_munguia_img_0837,pinterest_0553.jpg,dinosaurios_y_prehistoria,ilustracion_plana_color,736,762,"Dinosaurio rugiendo con la boca abierta, con aspecto amistoso y sonriente; mostrado de cuerpo completo, con estilo de icono vectorial plano, sobre fondo blanco o transparente y predominio de tonos rojos.",Pinterest,cesar_munguia,1dab018935dade997fcaad4643be24caa87b5a3e
cesar_munguia_img_0838,pinterest_0554.jpg,dinosaurios_y_prehistoria,ilustracion_plana_color,736,574,"Estegosaurio sentado, con aspecto juguetón y alegre; mostrado de cuerpo completo, con estilo de ilustración colorida de cuento infantil, sobre un fondo de color sencillo y predominio de tonos naranjas.",Pinterest,cesar_munguia,b907e09dc57a96cf609d4e9ccdb60a0defb8ef2d
cesar_munguia_img_0839,pinterest_0555.jpg,dinosaurios_y_prehistoria,ilustracion_plana_color,736,574,"Pareja de dinosaurios posando, con aspecto amistoso y sonriente; mostrado de cuerpo completo, con estilo de caricatura tierna, sobre un fondo de color sencillo y predominio de tonos verdes.",Pinterest,cesar_munguia,a6ad68c75de640fa9a315c88322c4ebd1842b4c9
cesar_munguia_img_0840,pinterest_0556.jpg,dinosaurios_y_prehistoria,ilustracion_plana_color,736,823,"Dinosaurio rugiendo con la boca abierta, con aspecto amistoso y sonriente; mostrado de cuerpo completo, con estilo de render tridimensional, sobre un fondo de color sencillo y predominio de tonos morados.",Pinterest,cesar_munguia,d4b4351825f3e56fedecc5d21257318a55549a41
cesar_munguia_img_0841,pinterest_0557.jpg,dinosaurios_y_prehistoria,ilustracion_plana_color,512,600,"Dinosaurio posando, con aspecto juguetón y alegre; mostrado de cuerpo completo, con estilo de ilustración colorida de cuento infantil, sobre fondo blanco o transparente y predominio de tonos turquesa.",Pinterest,cesar_munguia,7092795feec94e0e077ca2aff99908715d19e995
cesar_munguia_img_0842,pinterest_0558.jpg,dinosaurios_y_prehistoria,ilustracion_plana_color,736,574,"Dinosaurio rugiendo con la boca abierta, con aspecto juguetón y alegre; mostrado de cuerpo completo, con estilo de caricatura tierna, sobre un fondo de color sencillo y predominio de tonos rosas.",Pinterest,cesar_munguia,9448d1cb800367bc8e9025421ab26538aac58d1c
cesar_munguia_img_0843,pinterest_0559.jpg,dinosaurios_y_prehistoria,ilustracion_plana_color,736,716,"Dinosaurio comiendo, con aspecto amistoso y sonriente; mostrado de cuerpo completo, con estilo de icono vectorial plano, sobre un fondo de color sencillo y predominio de tonos verdes.",Pinterest,cesar_munguia,3c68e9ecab2ea972697fee5b194c6a88110c44b6
cesar_munguia_img_0844,pinterest_0560.jpg,dinosaurios_y_prehistoria,ilustracion_plana_color,736,763,"Fósil o esqueleto de dinosaurio expuesto; mostrado de cuerpo completo, con estilo de icono vectorial plano, sobre fondo blanco o transparente y predominio de tonos grises.",Pinterest,cesar_munguia,4cb2e20e6e17f403c2052235535c936aa9b0e441
cesar_munguia_img_0845,pinterest_0561.jpg,dinosaurios_y_prehistoria,ilustracion_plana_color,736,896,"Dinosaurio comiendo, con aspecto juguetón y alegre; mostrado de cuerpo completo, con estilo de caricatura tierna, sobre fondo blanco o transparente y predominio de tonos claros.",Pinterest,cesar_munguia,fa6f0d9a8e5a00508fa6175a4a85a869be6062a0
cesar_munguia_img_0846,pinterest_0562.jpg,dinosaurios_y_prehistoria,ilustracion_plana_color,736,918,"Anquilosaurio posando, con aspecto juguetón y alegre; mostrado de cuerpo completo, con estilo de icono vectorial plano, sobre fondo blanco o transparente y predominio de tonos claros.",Pinterest,cesar_munguia,be86b8d9bff28c92fe2e4d1fe6b5600fffc26673
cesar_munguia_img_0847,pinterest_0563.jpg,dinosaurios_y_prehistoria,ilustracion_plana_color,512,512,"Mamut prehistórico durmiendo, con aspecto tranquilo y de expresión neutra; mostrado de cuerpo completo, con estilo de icono vectorial plano, sobre fondo blanco o transparente y predominio de tonos rojos.",Pinterest,cesar_munguia,f288a2c6fed34f0dca2e50476f553dc5d1a44a22
cesar_munguia_img_0848,pinterest_0564.jpg,dinosaurios_y_prehistoria,ilustracion_plana_color,736,736,"Mamut prehistórico posando, con aspecto amistoso y sonriente; integrado en una escena detallada, con estilo de arte pixelado, dentro de una cueva y predominio de tonos azules.",Pinterest,cesar_munguia,4db4793c8368a4eae0c2cb81506a290e74b737c2
cesar_munguia_img_0849,pinterest_0565.jpg,dinosaurios_y_prehistoria,ilustracion_plana_color,626,756,"Dinosaurio posando, con aspecto juguetón y alegre; mostrado de cuerpo completo, con estilo de caricatura tierna, sobre un fondo de color sencillo y predominio de tonos verdes.",Pinterest,cesar_munguia,ee3678b5c01b794269d3e20eca19de2e0eadcff6
cesar_munguia_img_0850,pinterest_0566.jpg,dinosaurios_y_prehistoria,ilustracion_plana_color,600,418,"Ser humano prehistórico peleando, con aspecto tranquilo y de expresión neutra; mostrado de cuerpo completo, con estilo de caricatura tierna, sobre un fondo de color sencillo y predominio de tonos grises.",Pinterest,cesar_munguia,3602e828648d4110b23e26e2b0c9a0abd3826e2e
cesar_munguia_img_0851,pinterest_0567.jpg,dinosaurios_y_prehistoria,ilustracion_plana_color,736,888,"Pterosaurio volando, con aspecto tranquilo y de expresión neutra; presentado en primer plano, con estilo de dibujo hecho a mano, sobre un fondo de color sencillo y predominio de tonos grises.",Pinterest,cesar_munguia,9ea314f09e711fb889fcebeecc61f06a0f8a284c
cesar_munguia_img_0852,pinterest_0568.jpg,dinosaurios_y_prehistoria,ilustracion_plana_color,735,736,"Ser humano prehistórico de pie y posando, con aspecto feroz o enfadado; mostrado de cuerpo completo, con estilo de arte pixelado, sobre un fondo de color sencillo y predominio de tonos naranjas.",Pinterest,cesar_munguia,caca734ef4d34aa7439af01e7207e585ec2e4fdb
cesar_munguia_img_0853,pinterest_0569.jpg,dinosaurios_y_prehistoria,ilustracion_plana_color,498,500,"Dinosaurio rugiendo con la boca abierta, con aspecto amistoso y sonriente; mostrado de cuerpo completo, con estilo de caricatura tierna, sobre un fondo de color sencillo y predominio de tonos rojos.",Pinterest,cesar_munguia,ac3ebb5c451ccd4f887c125665241efeddb1abc3
cesar_munguia_img_0854,pinterest_0570.jpg,dinosaurios_y_prehistoria,ilustracion_plana_color,736,414,"Mamut prehistórico posando, con aspecto tranquilo y de expresión neutra; mostrado de cuerpo completo, con estilo de caricatura tierna, sobre fondo blanco o transparente y predominio de tonos naranjas.",Pinterest,cesar_munguia,b7d848dcd2998a1ef31879a351b5e8987c07469a
cesar_munguia_img_0855,pinterest_0571.jpg,dinosaurios_y_prehistoria,ilustracion_plana_color,736,736,"Pareja de dinosaurios rugiendo con la boca abierta, con aspecto amistoso y sonriente; integrado en una escena detallada, con estilo de caricatura tierna, en el agua o el océano y predominio de tonos grises.",Pinterest,cesar_munguia,00161f105eadddd0e6027371095304f7fa5796d9
cesar_munguia_img_0856,pinterest_0572.jpg,dinosaurios_y_prehistoria,ilustracion_plana_color,735,438,"Dilofosaurio rugiendo con la boca abierta, con aspecto feroz o enfadado; mostrado de cuerpo completo, con estilo de dibujo hecho a mano, sobre fondo blanco o transparente y predominio de tonos grises.",Pinterest,cesar_munguia,f9bfc7a5c8c9d44464f7d26b7139af9b8c8c0c9e
cesar_munguia_img_0857,pinterest_0573.jpg,dinosaurios_y_prehistoria,ilustracion_plana_color,736,735,"Ser humano prehistórico jugando alegremente, con aspecto juguetón y alegre; mostrado de cuerpo completo, con estilo de caricatura tierna, sobre un fondo de color sencillo y predominio de tonos naranjas.",Pinterest,cesar_munguia,52533997c09f1d070b58dab07de30f8922f51ddd
cesar_munguia_img_0858,pinterest_0574.jpg,dinosaurios_y_prehistoria,ilustracion_plana_color,286,242,"Dinosaurio posando, con aspecto juguetón y alegre; mostrado de cuerpo completo, con estilo de caricatura tierna, sobre un fondo de color sencillo y predominio de tonos naranjas.",Pinterest,cesar_munguia,c389d35bb73272bb25a221bfa5d09ee00622bba3
cesar_munguia_img_0859,pinterest_0575.jpg,dinosaurios_y_prehistoria,ilustracion_plana_color,735,736,"Dinosaurio posando, con aspecto amistoso y sonriente; mostrado de cuerpo completo, con estilo de caricatura tierna, sobre fondo blanco o transparente y predominio de tonos amarillos.",Pinterest,cesar_munguia,dcc905e26486e78fd98cbc37d1e0d9b206fc24ce
cesar_munguia_img_0860,pinterest_0576.jpg,dinosaurios_y_prehistoria,ilustracion_plana_color,735,821,"Velociraptor posando, con aspecto amistoso y sonriente; mostrado de cuerpo completo, con estilo de dibujo hecho a mano, sobre fondo blanco o transparente y predominio de tonos claros.",Pinterest,cesar_munguia,3cb50345cf27f93f10af4c471cf34ac1989bb9cf
cesar_munguia_img_0861,pinterest_0577.jpg,dinosaurios_y_prehistoria,ilustracion_plana_color,640,640,"Ser humano prehistórico nadando, con aspecto tranquilo y de expresión neutra; mostrado de cuerpo completo, con estilo de caricatura tierna, sobre fondo blanco o transparente y predominio de tonos claros.",Pinterest,cesar_munguia,180d93a43e58ebf8dcf64b85114dea1da1c2db6d
cesar_munguia_img_0862,pinterest_0578.jpg,dinosaurios_y_prehistoria,ilustracion_plana_color,626,493,"Dinosaurio comiendo, con aspecto juguetón y alegre; mostrado de cuerpo completo, con estilo de ilustración colorida de cuento infantil, sobre un fondo de color sencillo y predominio de tonos verdes.",Pinterest,cesar_munguia,9bb2eff95fcab61711a60ae4668921d550718949
cesar_munguia_img_0863,pinterest_0579.jpg,dinosaurios_y_prehistoria,ilustracion_plana_color,626,626,"Ser humano prehistórico peleando, con aspecto juguetón y alegre; mostrado de cuerpo completo, con estilo de caricatura tierna, sobre un fondo de color sencillo y predominio de tonos naranjas.",Pinterest,cesar_munguia,29768c211e5d3d3c4d6b6ca7c882fa48e412dffb
cesar_munguia_img_0864,pinterest_0580.jpg,dinosaurios_y_prehistoria,ilustracion_plana_color,735,500,"Estegosaurio posando, con aspecto amistoso y sonriente; mostrado de cuerpo completo, con estilo de caricatura tierna, sobre un fondo de color sencillo y predominio de tonos naranjas.",Pinterest,cesar_munguia,a152afb72556e6c4bfb5607ad90ce463604fa5db
cesar_munguia_img_0865,pinterest_0581.jpg,dinosaurios_y_prehistoria,ilustracion_plana_color,736,798,"Dinosaurio posando, con aspecto amistoso y sonriente; mostrado de cuerpo completo, con estilo de caricatura tierna, sobre un fondo de color sencillo y predominio de tonos rojos.",Pinterest,cesar_munguia,0920b6bc9c9b866abf30c9111a9f39a3b200f0dd
cesar_munguia_img_0866,pinterest_0582.jpg,dinosaurios_y_prehistoria,ilustracion_plana_color,736,593,"Dinosaurio posando, con aspecto juguetón y alegre; mostrado de cuerpo completo, con estilo de caricatura tierna, sobre un fondo de color sencillo y predominio de tonos naranjas.",Pinterest,cesar_munguia,6546792507547243c9e80bd67d814690de0fcd74
cesar_munguia_img_0867,pinterest_0583.jpg,dinosaurios_y_prehistoria,ilustracion_plana_color,386,492,"Dinosaurio peleando, con aspecto amistoso y sonriente; presentado en primer plano, con estilo de caricatura tierna, sobre un fondo de color sencillo y predominio de tonos verdes.",Pinterest,cesar_munguia,48e32292f4b0282de89b809f02c003b16094ee6c
cesar_munguia_img_0868,pinterest_0584.jpg,dinosaurios_y_prehistoria,ilustracion_plana_color,735,740,"Ser humano prehistórico peleando, con aspecto tranquilo y de expresión neutra; mostrado de cuerpo completo, con estilo de caricatura tierna, sobre fondo blanco o transparente y predominio de tonos amarillos.",Pinterest,cesar_munguia,819d2d0993fa4efa6cee7a07e40e7c63e111bad3
cesar_munguia_img_0869,pinterest_0585.jpg,dinosaurios_y_prehistoria,ilustracion_plana_color,700,700,"Velociraptor sentado, con aspecto juguetón y alegre; mostrado de cuerpo completo, con estilo de caricatura tierna, sobre un fondo de color sencillo y predominio de tonos verdes.",Pinterest,cesar_munguia,0a73745f66f9aac625641f0b13b68369338d645a
cesar_munguia_img_0870,pinterest_0586.jpg,dinosaurios_y_prehistoria,ilustracion_plana_color,720,789,"Triceratops posando, con aspecto juguetón y alegre; mostrado de cuerpo completo, con estilo de caricatura tierna, sobre un fondo de color sencillo y predominio de tonos turquesa.",Pinterest,cesar_munguia,f42c222a2fa05f5e4b0a62763de97c1a893fdaa5
cesar_munguia_img_0871,pinterest_0587.jpg,dinosaurios_y_prehistoria,ilustracion_plana_color,675,1200,"Anquilosaurio sentado, con aspecto amistoso y sonriente; mostrado de cuerpo completo, con estilo de caricatura tierna, sobre fondo blanco o transparente y predominio de tonos claros.",Pinterest,cesar_munguia,2016ccb484cf2c4a910c779b77aa110157f2adc5
cesar_munguia_img_0872,pinterest_0588.jpg,dinosaurios_y_prehistoria,ilustracion_plana_color,640,640,"Dinosaurio nadando, con aspecto juguetón y alegre; representado como una silueta sencilla, con estilo de icono vectorial plano, en el agua o el océano y predominio de tonos azules.",Pinterest,cesar_munguia,7eee4611284c1f5c692bdd75886290f0131e420b
cesar_munguia_img_0873,pinterest_0589.jpg,dinosaurios_y_prehistoria,ilustracion_plana_color,640,640,"Dinosaurio posando, con aspecto juguetón y alegre; mostrado de cuerpo completo, con estilo de caricatura tierna, sobre un fondo de color sencillo y predominio de tonos claros.",Pinterest,cesar_munguia,a83f8c537a0b4a526ea366ee1d67d1932aedb27b
cesar_munguia_img_0874,pinterest_0590.jpg,dinosaurios_y_prehistoria,ilustracion_plana_color,350,350,"Ser humano prehistórico peleando, con aspecto juguetón y alegre; mostrado de cuerpo completo, con estilo de caricatura tierna, sobre un fondo de color sencillo y predominio de tonos grises.",Pinterest,cesar_munguia,786c32939a9b62531c96033b3370ebdf2f64c945
cesar_munguia_img_0875,pinterest_0591.jpg,dinosaurios_y_prehistoria,ilustracion_plana_color,652,682,"Dinosaurio posando, con aspecto amistoso y sonriente; mostrado de cuerpo completo, con estilo de caricatura tierna, sobre fondo blanco o transparente y predominio de tonos claros.",Pinterest,cesar_munguia,7bfd8f348d1205b389715e5e10249e4bf19de491
cesar_munguia_img_0876,pinterest_0592.jpg,dinosaurios_y_prehistoria,ilustracion_plana_color,736,861,"Dinosaurio posando, con aspecto juguetón y alegre; mostrado de cuerpo completo, con estilo de caricatura tierna, sobre un fondo de color sencillo y predominio de tonos naranjas.",Pinterest,cesar_munguia,28f62a563c28eaede7bdaa4f79671b5593fa2aed
cesar_munguia_img_0877,pinterest_0593.jpg,dinosaurios_y_prehistoria,ilustracion_plana_color,735,794,"Dinosaurio posando, con aspecto amistoso y sonriente; mostrado de cuerpo completo, con estilo de caricatura tierna, sobre un fondo de color sencillo y predominio de tonos naranjas.",Pinterest,cesar_munguia,ac776074845011bcd417c3e053b7a489d547dc22
cesar_munguia_img_0878,pinterest_0594.jpg,dinosaurios_y_prehistoria,ilustracion_plana_color,736,981,"Ser humano prehistórico posando, con aspecto juguetón y alegre; mostrado de cuerpo completo, con estilo de caricatura tierna, sobre un fondo de color sencillo y predominio de tonos amarillos.",Pinterest,cesar_munguia,cf159c48ee88740bf2efd42f0d84fb7e6a68a332
cesar_munguia_img_0879,pinterest_0595.jpg,dinosaurios_y_prehistoria,ilustracion_plana_color,736,624,"Dinosaurio posando, con aspecto amistoso y sonriente; mostrado de cuerpo completo, con estilo de caricatura tierna, sobre un fondo de color sencillo y predominio de tonos morados.",Pinterest,cesar_munguia,681e086fb5614fed89b54de12bc3794b96ef55b7
cesar_munguia_img_0880,pinterest_0596.jpg,dinosaurios_y_prehistoria,ilustracion_plana_color,735,655,"Dinosaurio rugiendo con la boca abierta, con aspecto juguetón y alegre; mostrado de cuerpo completo, con estilo de caricatura tierna, sobre un fondo de color sencillo y predominio de tonos naranjas.",Pinterest,cesar_munguia,cd971aa462548d0faa5cfcc423bd8478ab581087
cesar_munguia_img_0881,pinterest_0597.jpg,dinosaurios_y_prehistoria,ilustracion_plana_color,400,331,"Mamut prehistórico posando, con aspecto tranquilo y de expresión neutra; mostrado de cuerpo completo, con estilo de dibujo hecho a mano, sobre fondo blanco o transparente y predominio de tonos claros.",Pinterest,cesar_munguia,8c9a84aeb130cbb62c508cf0890a23b6b94aae7f
cesar_munguia_img_0882,pinterest_0598.jpg,dinosaurios_y_prehistoria,ilustracion_plana_color,735,490,"Mamut prehistórico caminando, con aspecto tranquilo y de expresión neutra; integrado en una escena detallada, con estilo de caricatura tierna, en una selva prehistórica y predominio de tonos claros.",Pinterest,cesar_munguia,0dc2a4adf13bbeacdfbba8bf15fd1a1fcee7b210
cesar_munguia_img_0883,pinterest_0599.jpg,dinosaurios_y_prehistoria,ilustracion_plana_color,736,833,"Dinosaurio peleando, con aspecto juguetón y alegre; mostrado de cuerpo completo, con estilo de caricatura tierna, sobre un fondo de color sencillo y predominio de tonos amarillos.",Pinterest,cesar_munguia,b0c5b8ecdb4ce05d5a1fd462c47478334b46671c
cesar_munguia_img_0884,pinterest_0600.jpg,dinosaurios_y_prehistoria,ilustracion_plana_color,368,450,"Dinosaurio posando, con aspecto amistoso y sonriente; mostrado de cuerpo completo, con estilo de caricatura tierna, sobre un fondo de color sencillo y predominio de tonos naranjas.",Pinterest,cesar_munguia,ae015400d700c81a4f98d0bae7a02506293deeb6
cesar_munguia_img_0885,pinterest_0601.jpg,dinosaurios_y_prehistoria,ilustracion_plana_color,666,657,"Dinosaurio peleando, con aspecto juguetón y alegre; mostrado de cuerpo completo, con estilo de dibujo hecho a mano, sobre un fondo de color sencillo y predominio de tonos claros.",Pinterest,cesar_munguia,33b37c3d04d85d21568fa35f281e4b77e7d6531d
cesar_munguia_img_0886,pinterest_0602.jpg,dinosaurios_y_prehistoria,ilustracion_plana_color,675,1200,"Dinosaurio rugiendo con la boca abierta, con aspecto feroz o enfadado; mostrado de cuerpo completo, con estilo de caricatura tierna, sobre fondo blanco o transparente y predominio de tonos grises.",Pinterest,cesar_munguia,9ecedbd1c28346cefad8db1128a0288c303c7e1b
cesar_munguia_img_0887,pinterest_0603.jpg,dinosaurios_y_prehistoria,ilustracion_plana_color,250,252,"Dinosaurio rugiendo con la boca abierta, con aspecto amistoso y sonriente; mostrado de cuerpo completo, con estilo de caricatura tierna, sobre fondo blanco o transparente y predominio de tonos verdes.",Pinterest,cesar_munguia,c3c305639b6f0156ca0810f07b92c743f9360d02
cesar_munguia_img_0888,pinterest_0604.jpg,dinosaurios_y_prehistoria,ilustracion_plana_color,736,368,"Ser humano prehistórico rugiendo con la boca abierta, con aspecto juguetón y alegre; mostrado de cuerpo completo, con estilo de caricatura tierna, sobre fondo blanco o transparente y predominio de tonos naranjas.",Pinterest,cesar_munguia,3a4bb6f833b35ea999b1e4241ac2b226c5055bce
cesar_munguia_img_0889,pinterest_0605.jpg,dinosaurios_y_prehistoria,ilustracion_plana_color,618,558,"Dinosaurio posando, con aspecto juguetón y alegre; mostrado de cuerpo completo, con estilo de caricatura tierna, sobre un fondo de color sencillo y predominio de tonos azules.",Pinterest,cesar_munguia,8edcec5e2da04464fdbf5d5c9c2d632911aa8cd4
cesar_munguia_img_0890,pinterest_0606.jpg,dinosaurios_y_prehistoria,ilustracion_plana_color,736,1115,"Pareja de triceratops jugando alegremente, con aspecto juguetón y alegre; integrado en una escena detallada, con estilo de caricatura tierna, en una selva prehistórica y predominio de tonos claros.",Pinterest,cesar_munguia,b77e55b6d1841f76dea7e3af42917c6fdc7196b7
cesar_munguia_img_0891,pinterest_0607.jpg,dinosaurios_y_prehistoria,ilustracion_plana_color,736,795,"Ser humano prehistórico rugiendo con la boca abierta, con aspecto feroz o enfadado; mostrado de cuerpo completo, con estilo de arte pixelado, sobre un fondo de color sencillo y predominio de tonos amarillos.",Pinterest,cesar_munguia,588957360e6e1b5ec564c8a492ac7a38f5da7232
cesar_munguia_img_0892,pinterest_0608.jpg,dinosaurios_y_prehistoria,ilustracion_plana_color,735,736,"Dinosaurio rugiendo con la boca abierta, con aspecto amistoso y sonriente; mostrado de cuerpo completo, con estilo de render tridimensional, sobre un fondo de color sencillo y predominio de tonos turquesa.",Pinterest,cesar_munguia,8daaf16f5860573ec04009d8ebfb4cb78827106c
cesar_munguia_img_0893,pinterest_0609.jpg,dinosaurios_y_prehistoria,ilustracion_plana_color,686,853,"Huella de dinosaurio marcada sobre el terreno; mostrado de cuerpo completo, con estilo de dibujo hecho a mano, sobre un fondo de color sencillo y predominio de tonos rojos.",Pinterest,cesar_munguia,c10b29beea9fea9086eac69166c5817619e7c2b4
cesar_munguia_img_0894,pinterest_0610.jpg,dinosaurios_y_prehistoria,ilustracion_plana_color,736,736,"Dinosaurio posando, con aspecto amistoso y sonriente; mostrado de cuerpo completo, con estilo de caricatura tierna, sobre un fondo de color sencillo y predominio de tonos rojos.",Pinterest,cesar_munguia,d8d206b492692d11909373ed4aa11a0e16b29370
cesar_munguia_img_0895,pinterest_0611.jpg,dinosaurios_y_prehistoria,ilustracion_plana_color,736,736,"Dinosaurio posando, con aspecto amistoso y sonriente; mostrado de cuerpo completo, con estilo de icono vectorial plano, sobre un fondo de color sencillo y predominio de tonos verdes.",Pinterest,cesar_munguia,39d6b4146fea608796ec0007d89ba05db3bb0d77
cesar_munguia_img_0896,pinterest_0612.jpg,dinosaurios_y_prehistoria,ilustracion_plana_color,256,256,"Mamut prehistórico peleando, con aspecto juguetón y alegre; mostrado de cuerpo completo, con estilo de caricatura tierna, sobre un fondo de color sencillo y predominio de tonos naranjas.",Pinterest,cesar_munguia,a1893a67dd64b23ea155c698aaa2fb3693179d1c
cesar_munguia_img_0897,pinterest_0613.jpg,dinosaurios_y_prehistoria,ilustracion_plana_color,338,338,"Ser humano prehistórico peleando, con aspecto juguetón y alegre; representado como una silueta sencilla, con estilo de caricatura tierna, sobre un fondo de color sencillo y predominio de tonos marrones.",Pinterest,cesar_munguia,89e96cd3eb2a9d5f060c2b492c3a14a1409b3da0
cesar_munguia_img_0898,pinterest_0614.jpg,dinosaurios_y_prehistoria,ilustracion_plana_color,640,572,"Huella de dinosaurio marcada sobre el terreno; mostrado de cuerpo completo, con estilo de dibujo hecho a mano, sobre un fondo de color sencillo y predominio de tonos naranjas.",Pinterest,cesar_munguia,9894b0b373127630faf52e7dd8553c5457ff15d5
cesar_munguia_img_0899,pinterest_0615.jpg,dinosaurios_y_prehistoria,ilustracion_plana_color,736,488,"Mosasaurio nadando, con aspecto juguetón y alegre; mostrado de cuerpo completo, con estilo de render tridimensional, sobre un fondo de color sencillo y predominio de tonos turquesa.",Pinterest,cesar_munguia,bfd2d7e98586d65b1df5d5ea7e875e9dcafcf238
cesar_munguia_img_0900,pinterest_0616.jpg,dinosaurios_y_prehistoria,ilustracion_plana_color,736,405,"Dinosaurio de pie y posando, con aspecto amistoso y sonriente; mostrado de cuerpo completo, con estilo de render tridimensional, en una selva prehistórica y predominio de tonos amarillos.",Pinterest,cesar_munguia,3fbfcf4b631cc8f1bd59d4c66004e3270eb1bdc8
cesar_munguia_img_0901,pinterest_0617.jpg,dinosaurios_y_prehistoria,ilustracion_plana_color,736,665,"Pareja de dilofosaurios posando, con aspecto feroz o enfadado; mostrado de cuerpo completo, con estilo de render tridimensional, sobre un fondo de color sencillo y predominio de tonos rojos.",Pinterest,cesar_munguia,3930c88c16d3eebf06afc7b45d6acfc7189fc409
cesar_munguia_img_0902,pinterest_0618.jpg,dinosaurios_y_prehistoria,ilustracion_plana_color,736,650,"Cría de dinosaurio saliendo del cascarón, con aspecto feroz o enfadado; mostrado de cuerpo completo, con estilo de caricatura tierna, en un nido con huevos y predominio de tonos rojos.",Pinterest,cesar_munguia,7c3c670c7d77a55e298b6b8e720a21ac7cacc64e
cesar_munguia_img_0903,pinterest_0619.jpg,dinosaurios_y_prehistoria,ilustracion_plana_color,736,650,"Grupo de dilofosaurios posando, con aspecto juguetón y alegre; mostrado de cuerpo completo, con estilo de ilustración colorida de cuento infantil, sobre un fondo de color sencillo y predominio de tonos turquesa.",Pinterest,cesar_munguia,046a9dbf527c6b2b6bf28bfdbbb11e097a6e0b59
cesar_munguia_img_0904,pinterest_0620.jpg,dinosaurios_y_prehistoria,ilustracion_plana_color,736,581,"Grupo de pterosaurios volando, con aspecto juguetón y alegre; mostrado de cuerpo completo, con estilo de icono vectorial plano, sobre fondo blanco o transparente y predominio de tonos naranjas.",Pinterest,cesar_munguia,7ad3589db46f5a5a0163224c2c9a31d331d5dab3
cesar_munguia_img_0905,pinterest_0621.jpg,dinosaurios_y_prehistoria,ilustracion_plana_color,736,694,"Parasaurolophus posando, con aspecto juguetón y alegre; mostrado de cuerpo completo, con estilo de render tridimensional, sobre fondo blanco o transparente y predominio de tonos azules.",Pinterest,cesar_munguia,e953c85486315a8750f77fd6e50285a507dc9812
cesar_munguia_img_0906,pinterest_0622.jpg,dinosaurios_y_prehistoria,ilustracion_plana_color,450,388,"Dinosaurio posando, con aspecto juguetón y alegre; mostrado de cuerpo completo, con estilo de caricatura tierna, sobre fondo blanco o transparente y predominio de tonos naranjas.",Pinterest,cesar_munguia,69518657cb18dfa263a5564e7c3578ca98a8eed9
cesar_munguia_img_0907,pinterest_0623.jpg,dinosaurios_y_prehistoria,ilustracion_plana_color,564,564,"Dinosaurio posando, con aspecto juguetón y alegre; mostrado de cuerpo completo, con estilo de ilustración colorida de cuento infantil, sobre un fondo de color sencillo y predominio de tonos azules.",Pinterest,cesar_munguia,a434c3863352434d4fa2027b718782b69580cd89
cesar_munguia_img_0908,pinterest_0624.jpg,dinosaurios_y_prehistoria,ilustracion_plana_color,400,400,"Pareja de anquilosaurios peleando, con aspecto feroz o enfadado; mostrado de cuerpo completo, con estilo de caricatura tierna, sobre fondo blanco o transparente y predominio de tonos claros.",Pinterest,cesar_munguia,0fc8075727bc2e1cacb331203bddacfae0f6b5f6
cesar_munguia_img_0909,pinterest_0625.jpg,dinosaurios_y_prehistoria,ilustracion_plana_color,500,500,"Dinosaurio nadando, con aspecto juguetón y alegre; mostrado de cuerpo completo, con estilo de icono vectorial plano, sobre un fondo de color sencillo y predominio de tonos azules.",Pinterest,cesar_munguia,f47393ea7fd31104b5d7029fc7705c1352211eb9
cesar_munguia_img_0910,pinterest_0626.jpg,dinosaurios_y_prehistoria,ilustracion_plana_color,500,500,"Pterosaurio volando, con aspecto juguetón y alegre; mostrado de cuerpo completo, con estilo de icono vectorial plano, sobre un fondo de color sencillo y predominio de tonos naranjas.",Pinterest,cesar_munguia,1cdf0a7fd7d37fb714d5cb121d4a21d7869d7722
cesar_munguia_img_0911,pinterest_0627.jpg,dinosaurios_y_prehistoria,ilustracion_plana_color,500,500,"Estegosaurio peleando, con aspecto juguetón y alegre; mostrado de cuerpo completo, con estilo de caricatura tierna, sobre un fondo de color sencillo y predominio de tonos verdes.",Pinterest,cesar_munguia,f9fcca2715184f4ce41706611331e953313084dd
cesar_munguia_img_0912,pinterest_0628.jpg,dinosaurios_y_prehistoria,ilustracion_plana_color,500,500,"Triceratops comiendo, con aspecto amistoso y sonriente; mostrado de cuerpo completo, con estilo de caricatura tierna, sobre un fondo de color sencillo y predominio de tonos turquesa.",Pinterest,cesar_munguia,19391562811ce4c77043a50d6b1d42924d4d2a1c
cesar_munguia_img_0913,pinterest_0629.jpg,dinosaurios_y_prehistoria,ilustracion_plana_color,677,536,"Tiranosaurio rex rugiendo con la boca abierta, con aspecto amistoso y sonriente; mostrado de cuerpo completo, con estilo de render tridimensional, sobre un fondo de color sencillo y predominio de tonos grises.",Pinterest,cesar_munguia,aa50ddf000fb38e85df69ee8d967533644684519
