id,archivo,tematica,estilo,ancho,alto,descripcion,fuente,recolector,hash_imagen
ingrid_salceda_img_0001,01.png,fantasmas_y_misterio,ilustracion_plana_color,353,640,imagen de fantasma,pixabay,ingrid_salceda,7f1a5c114c7652bc31284f24bd516b339846e3ae
ingrid_salceda_img_0002,010.png,fantasmas_y_misterio,ilustracion_plana_color,640,503,imagen de fantasma,pixabay,ingrid_salceda,3171c03c118dd9b4493ad40ccd2dab998a97f267
ingrid_salceda_img_0003,011.png,fantasmas_y_misterio,ilustracion_plana_color,640,573,imagen de fantasma,pixabay,ingrid_salceda,3cee5434168539f55f3a051684821a439e1b52bf
ingrid_salceda_img_0004,012.png,fantasmas_y_misterio,ilustracion_plana_color,462,640,imagen de fantasma,pixabay,ingrid_salceda,9ae459a799ee42edd49c173d1a33a085b25edaf5
ingrid_salceda_img_0005,013.png,fantasmas_y_misterio,ilustracion_plana_color,584,640,imagen de fantasma,pixabay,ingrid_salceda,b697d55194cc3b66e0ede7a6ec1e2c29289a3230
ingrid_salceda_img_0006,014.png,fantasmas_y_misterio,ilustracion_plana_color,640,445,imagen de fantasma,pixabay,ingrid_salceda,33d738c44de9a60ba646108a0bea83aeb201b721
ingrid_salceda_img_0007,015.png,fantasmas_y_misterio,ilustracion_plana_color,640,592,imagen de fantasma,pixabay,ingrid_salceda,c65f3a77bc57bfa5acb3eb0018e2240b6de87eec
ingrid_salceda_img_0008,016.png,fantasmas_y_misterio,ilustracion_plana_color,572,640,imagen de fantasma,pixabay,ingrid_salceda,e9b96f6e181a86416639bae580cd0e36ba397c5b
ingrid_salceda_img_0009,017.png,fantasmas_y_misterio,ilustracion_plana_color,640,640,imagen de fantasma,pixabay,ingrid_salceda,5706e2777da4ffaaacf5b1c46690ea1d1409b241
ingrid_salceda_img_0010,018.png,fantasmas_y_misterio,ilustracion_plana_color,365,640,imagen de fantasma,pixabay,ingrid_salceda,9bca8da5e156a61b7bb4e112917f0ecaf6b5b349
ingrid_salceda_img_0011,019.png,fantasmas_y_misterio,ilustracion_plana_color,640,558,imagen de fantasma,pixabay,ingrid_salceda,52586bc40c1202040c3f769b7734cd75b14640d9
ingrid_salceda_img_0012,02.png,fantasmas_y_misterio,ilustracion_plana_color,580,640,imagen de fantasma,pixabay,ingrid_salceda,a0f7c71a2150bdf83be7e5c957fd3d0b672a0ca7
ingrid_salceda_img_0013,020.png,fantasmas_y_misterio,ilustracion_plana_color,486,640,imagen de fantasma,pixabay,ingrid_salceda,e9935d1bdc34587ab377069482d8345d9cfd1319
ingrid_salceda_img_0014,021.png,fantasmas_y_misterio,ilustracion_plana_color,523,640,imagen de fantasma,pixabay,ingrid_salceda,79a36b65401316b01f5f89c54cd20870147f93d1
ingrid_salceda_img_0015,022.png,fantasmas_y_misterio,ilustracion_plana_color,640,501,imagen de fantasma,pixabay,ingrid_salceda,bf4bd16111a844fe84962fd7aef067b2f9d7832a
ingrid_salceda_img_0016,023.png,fantasmas_y_misterio,ilustracion_plana_color,327,640,imagen de fantasma,pixabay,ingrid_salceda,567cd2b029f1e92903a54156bca20a6574c9fcfb
ingrid_salceda_img_0017,024.png,fantasmas_y_misterio,ilustracion_plana_color,591,640,imagen de fantasma,pixabay,ingrid_salceda,e3786a782ea50be170780d00754a079d2fb27961
ingrid_salceda_img_0018,025.png,fantasmas_y_misterio,ilustracion_plana_color,640,640,imagen de fantasma,pixabay,ingrid_salceda,c22031695d78405beb028d1edde399045fbd561a
ingrid_salceda_img_0019,026.png,fantasmas_y_misterio,ilustracion_plana_color,630,640,imagen de fantasma,pixabay,ingrid_salceda,ff8a71827fa5c4c1b48173bcf02f6dc1f7a73e22
ingrid_salceda_img_0020,027.png,fantasmas_y_misterio,ilustracion_plana_color,640,509,imagen de fantasma,pixabay,ingrid_salceda,96c8b1d6bd3e8cf34496dd7e7585878eb6034710
ingrid_salceda_img_0021,028.png,fantasmas_y_misterio,ilustracion_plana_color,640,594,imagen de fantasma,pixabay,ingrid_salceda,11fe9d1a9f18fc7aff1abba88f2ead70ab4642a7
ingrid_salceda_img_0022,029.jpg,fantasmas_y_misterio,ilustracion_plana_color,640,640,imagen de fantasma,pixabay,ingrid_salceda,00f9da12fe51dab0e17705ede7f1e07ee328068e
ingrid_salceda_img_0023,03.png,fantasmas_y_misterio,ilustracion_plana_color,583,640,imagen de fantasma,pixabay,ingrid_salceda,481cd391cf1c676249ef45c140fed06c31b39733
ingrid_salceda_img_0024,030.png,fantasmas_y_misterio,ilustracion_plana_color,640,338,imagen de fantasma,pixabay,ingrid_salceda,056732aae176029123de32621e8643106aaa876c
ingrid_salceda_img_0025,031.png,fantasmas_y_misterio,ilustracion_plana_color,589,640,imagen de fantasma,pixabay,ingrid_salceda,1a5bcfbced8851ca44bb2e270d13307e512aaca5
ingrid_salceda_img_0026,032.jpg,fantasmas_y_misterio,ilustracion_plana_color,640,640,imagen de fantasma,pixabay,ingrid_salceda,87f7593170cfceb503cb52623fc7f1901e34232f
ingrid_salceda_img_0027,033.jpg,fantasmas_y_misterio,ilustracion_plana_color,640,640,imagen de fantasma,pixabay,ingrid_salceda,a7d3d1206a1251384a9e243caf0e4ab38413508d
ingrid_salceda_img_0028,034.png,fantasmas_y_misterio,ilustracion_plana_color,640,640,imagen de fantasma,pixabay,ingrid_salceda,0edd9fbee030f45768587c1c34f0cc534faedc21
ingrid_salceda_img_0029,035.png,fantasmas_y_misterio,ilustracion_plana_color,640,640,imagen de fantasma,pixabay,ingrid_salceda,8bdd4d54210d9313df546cf3576c479552ffa159
ingrid_salceda_img_0030,036.png,fantasmas_y_misterio,ilustracion_plana_color,429,640,imagen de fantasma,pixabay,ingrid_salceda,a7f5c9b73d2e4ad97c3e1dd409bf55ba77b3f3ad
ingrid_salceda_img_0031,037.png,fantasmas_y_misterio,ilustracion_plana_color,483,640,imagen de fantasma,pixabay,ingrid_salceda,e6ee60e79672bad1dde5287a75cecd7d5686b604
ingrid_salceda_img_0032,038.png,fantasmas_y_misterio,ilustracion_plana_color,548,640,imagen de fantasma,pixabay,ingrid_salceda,e4414f29e256e9c8623afbbdf7d01e6afc8bef18
ingrid_salceda_img_0033,039.png,fantasmas_y_misterio,ilustracion_plana_color,640,640,imagen de fantasma,pixabay,ingrid_salceda,f1db87bf2f8c0d5432f0606d562f1405fa2915ec
ingrid_salceda_img_0034,04.png,fantasmas_y_misterio,ilustracion_plana_color,640,426,imagen de fantasma,pixabay,ingrid_salceda,2a58b09f1c21ce68c2065d5c1b034d80c130b8d4
ingrid_salceda_img_0035,040.jpg,fantasmas_y_misterio,ilustracion_plana_color,512,640,imagen de fantasma,pixabay,ingrid_salceda,2441b233e89619d5d9f63346263e716d7fa096e6
ingrid_salceda_img_0036,041.png,fantasmas_y_misterio,ilustracion_plana_color,584,640,imagen de fantasma,pixabay,ingrid_salceda,0de602f29f3f0e661b76c794154b03dd15f7537c
ingrid_salceda_img_0037,042.png,fantasmas_y_misterio,ilustracion_plana_color,640,640,imagen de fantasma,pixabay,ingrid_salceda,ecb1188a95af7a5010290c444a760352331751ee
ingrid_salceda_img_0038,043.png,fantasmas_y_misterio,ilustracion_plana_color,584,640,imagen de fantasma,pixabay,ingrid_salceda,4bbf424f2658ffe0b95732100ad93b49753b2bc3
ingrid_salceda_img_0039,044.png,fantasmas_y_misterio,ilustracion_plana_color,640,640,imagen de fantasma,pixabay,ingrid_salceda,9dac4c2ec32d660d7e7cdf69ff6b0c1aade8a52f
ingrid_salceda_img_0040,045.png,fantasmas_y_misterio,ilustracion_plana_color,640,640,imagen de fantasma,pixabay,ingrid_salceda,ddb3d348e1b24d9befffe18e7ba8797e18660c45
ingrid_salceda_img_0041,046.png,fantasmas_y_misterio,ilustracion_plana_color,566,640,imagen de fantasma,pixabay,ingrid_salceda,dd7bbd36e0ec2bcab478d531e861f8503855a078
ingrid_salceda_img_0042,047.png,fantasmas_y_misterio,ilustracion_plana_color,567,640,imagen de fantasma,pixabay,ingrid_salceda,16bbb26f5296ae3de346969acda3f9f8dd0a7874
ingrid_salceda_img_0043,048.png,fantasmas_y_misterio,ilustracion_plana_color,640,640,imagen de fantasma,pixabay,ingrid_salceda,52160da78bdcc59b5994c284d2911e957c2c2bce
ingrid_salceda_img_0044,049.png,fantasmas_y_misterio,ilustracion_plana_color,640,640,imagen de fantasma,pixabay,ingrid_salceda,9e045fc1631f311b8f066e7563bbfd84d201b7e7
ingrid_salceda_img_0045,05.png,fantasmas_y_misterio,ilustracion_plana_color,640,584,imagen de fantasma,pixabay,ingrid_salceda,d19e9c36c7559ee1f7d8f65cd8a1ffe3814a670b
ingrid_salceda_img_0046,050.png,fantasmas_y_misterio,ilustracion_plana_color,640,533,imagen de fantasma,pixabay,ingrid_salceda,3da194864a01524851916ff85c40022f82d07d2b
ingrid_salceda_img_0047,051.png,fantasmas_y_misterio,ilustracion_plana_color,517,640,imagen de fantasma,pixabay,ingrid_salceda,e4c94fe5641f31c526e6814920cb43b13deb1fbc
ingrid_salceda_img_0048,052.png,fantasmas_y_misterio,ilustracion_plana_color,640,427,imagen de fantasma,pixabay,ingrid_salceda,b7385b453893c9b0ce25393da68e6b37d5a53ab4
ingrid_salceda_img_0049,053.png,fantasmas_y_misterio,ilustracion_plana_color,567,640,imagen de fantasma,pixabay,ingrid_salceda,e4031bb4bb4704499d361c4bf8913dc9af515114
ingrid_salceda_img_0050,054.jpg,fantasmas_y_misterio,ilustracion_plana_color,640,640,imagen de fantasma,pixabay,ingrid_salceda,5ead164b1fafa308c2ea9cbea25e17e4a9656393
ingrid_salceda_img_0051,055.png,fantasmas_y_misterio,ilustracion_plana_color,568,640,imagen de fantasma,pixabay,ingrid_salceda,bfbd7a016a7862cb57777eafa1b70942c291b0c7
ingrid_salceda_img_0052,056.png,fantasmas_y_misterio,ilustracion_plana_color,452,640,imagen de fantasma,pixabay,ingrid_salceda,5348b456cfa6dfb25d3fe0defe2b2b7dc71cd551
ingrid_salceda_img_0053,057.jpg,fantasmas_y_misterio,ilustracion_plana_color,427,640,imagen de fantasma,pixabay,ingrid_salceda,8f133eeeaa9b081e1f70069b3033ad15b98fcd2c
ingrid_salceda_img_0054,058.png,fantasmas_y_misterio,ilustracion_plana_color,393,640,imagen de fantasma,pixabay,ingrid_salceda,1f77b0e63b9a8d0220ab769045c89b9c8b94ed40
ingrid_salceda_img_0055,059.png,fantasmas_y_misterio,ilustracion_plana_color,580,640,imagen de fantasma,pixabay,ingrid_salceda,6076060690298efd8fb086054d9273955b8549ea
ingrid_salceda_img_0056,06.jpg,fantasmas_y_misterio,ilustracion_plana_color,640,576,imagen de fantasma,pixabay,ingrid_salceda,0c13a56bde44099d0a1e25a8c9d3d28e9b76723a
ingrid_salceda_img_0057,060.jpg,fantasmas_y_misterio,ilustracion_plana_color,512,640,imagen de fantasma,pixabay,ingrid_salceda,b9aab360f765baad5674dad55079792897ac4ee3
ingrid_salceda_img_0058,061.jpg,fantasmas_y_misterio,ilustracion_plana_color,512,640,imagen de fantasma,pixabay,ingrid_salceda,f683a7a25b084373ec828acdc236e3e0ebe94b35
ingrid_salceda_img_0059,062.jpg,fantasmas_y_misterio,ilustracion_plana_color,512,640,imagen de fantasma,pixabay,ingrid_salceda,afd6e955f4d53671de87d19e6f096ba59dcd2976
ingrid_salceda_img_0060,063.png,fantasmas_y_misterio,ilustracion_plana_color,614,640,imagen de fantasma,pixabay,ingrid_salceda,0886a528ff628bc2b75b0b1da4d091e5f81db65a
ingrid_salceda_img_0061,064.jpg,fantasmas_y_misterio,ilustracion_plana_color,640,452,imagen de fantasma,pixabay,ingrid_salceda,31e59c0c416e3f9aae66a6b6fa7dee8201fbdec1
ingrid_salceda_img_0062,065.png,fantasmas_y_misterio,ilustracion_plana_color,633,640,imagen de fantasma,pixabay,ingrid_salceda,ae5e9098b4f08609e3203fab6d650afb9f8b7368
ingrid_salceda_img_0063,066.png,fantasmas_y_misterio,ilustracion_plana_color,512,640,imagen de fantasma,pixabay,ingrid_salceda,c2d2f5586c567ecc78d34b3d5354170948ad83a3
ingrid_salceda_img_0064,067.jpg,fantasmas_y_misterio,ilustracion_plana_color,640,452,imagen de fantasma,pixabay,ingrid_salceda,e8c8cf41ab40ef879515ae37ea41de7554762b00
ingrid_salceda_img_0065,068.png,fantasmas_y_misterio,ilustracion_plana_color,471,640,imagen de fantasma,pixabay,ingrid_salceda,3fbccbef1dfebdc4cbb6d65a54a7238c99e60f98
ingrid_salceda_img_0066,069.png,fantasmas_y_misterio,ilustracion_plana_color,492,640,imagen de fantasma,pixabay,ingrid_salceda,79a5ab1ecab1f6f3b1356085a9f627595a372885
ingrid_salceda_img_0067,07.png,fantasmas_y_misterio,ilustracion_plana_color,572,640,imagen de fantasma,pixabay,ingrid_salceda,74d8830d35030cf70d96b00cb3aded8438dbc96c
ingrid_salceda_img_0068,070.png,fantasmas_y_misterio,ilustracion_plana_color,640,478,imagen de fantasma,pixabay,ingrid_salceda,b8b0a5308d9d46b6b4e0adc0d20c264b124884fa
ingrid_salceda_img_0069,071.jpg,fantasmas_y_misterio,ilustracion_plana_color,640,450,imagen de fantasma,pixabay,ingrid_salceda,9cb603e7652a39c53f73d0ff1ea725df9eead96a
ingrid_salceda_img_0070,072.jpg,fantasmas_y_misterio,ilustracion_plana_color,640,427,imagen de fantasma,pixabay,ingrid_salceda,841e429badd3a446951b5271a2ae77fc6c898b9d
ingrid_salceda_img_0071,073.png,fantasmas_y_misterio,ilustracion_plana_color,640,640,imagen de fantasma,pixabay,ingrid_salceda,fc35d9d6b53d1d6b1c1c12c83092af27613fef7a
ingrid_salceda_img_0072,074.png,fantasmas_y_misterio,ilustracion_plana_color,640,640,imagen de fantasma,pixabay,ingrid_salceda,fe72145488f9daacfe1c5b46b981d11564804100
ingrid_salceda_img_0073,075.png,fantasmas_y_misterio,ilustracion_plana_color,640,640,imagen de fantasma,pixabay,ingrid_salceda,a748177bd9b076c3c07b61457bcdf228c417819d
ingrid_salceda_img_0074,076.png,fantasmas_y_misterio,ilustracion_plana_color,529,640,imagen de fantasma,pixabay,ingrid_salceda,07ff558d2210b456e7e4e9523674655fcf74e94e
ingrid_salceda_img_0075,077.png,fantasmas_y_misterio,ilustracion_plana_color,470,640,imagen de fantasma,pixabay,ingrid_salceda,594dad0d24a592b39ce82f153a900d34accac602
ingrid_salceda_img_0076,078.jpg,fantasmas_y_misterio,ilustracion_plana_color,640,498,imagen de fantasma,pixabay,ingrid_salceda,975da356fc3bb3c06439f118e2d49ffd1a634065
ingrid_salceda_img_0077,079.png,fantasmas_y_misterio,ilustracion_plana_color,640,640,imagen de fantasma,pixabay,ingrid_salceda,a893a1b6943a853f8c2b2aa0e249c07273510d14
ingrid_salceda_img_0078,08.png,fantasmas_y_misterio,ilustracion_plana_color,640,326,imagen de fantasma,pixabay,ingrid_salceda,9402aac71f6c1ad2fca41e4bf7e1d5ac1e97dac7
ingrid_salceda_img_0079,080.png,fantasmas_y_misterio,ilustracion_plana_color,640,360,imagen de fantasma,pixabay,ingrid_salceda,ef7c1e9ecb25e0f3a9240640dc0ee70bd4c96831
ingrid_salceda_img_0080,081.jpg,fantasmas_y_misterio,ilustracion_plana_color,640,640,imagen de fantasma,pixabay,ingrid_salceda,39dbad6bc104e4e4a2eca1e64fc5d43b12820c5f
ingrid_salceda_img_0081,082.png,fantasmas_y_misterio,ilustracion_plana_color,519,640,imagen de fantasma,pixabay,ingrid_salceda,4b605d4e4fcd976ee92ae18b07c0cfa472d91301
ingrid_salceda_img_0082,083.png,fantasmas_y_misterio,ilustracion_plana_color,640,640,imagen de fantasma,pixabay,ingrid_salceda,f951c4b81f46ab89edb591be26e7fc6ff88b1b20
ingrid_salceda_img_0083,084.jpg,fantasmas_y_misterio,ilustracion_plana_color,640,384,imagen de fantasma,pixabay,ingrid_salceda,83e5a6ba31dd758e409616b4eb56d0fc13f4a069
ingrid_salceda_img_0084,085.png,fantasmas_y_misterio,ilustracion_plana_color,640,640,imagen de fantasma,pixabay,ingrid_salceda,26cd9029b7634448d9ff16e50c128d6910ffdb93
ingrid_salceda_img_0085,086.jpg,fantasmas_y_misterio,ilustracion_plana_color,640,448,imagen de fantasma,pixabay,ingrid_salceda,bc71e8c42563a079fb2fabd681fea649c264114f
ingrid_salceda_img_0086,087.png,fantasmas_y_misterio,ilustracion_plana_color,640,640,imagen de fantasma,pixabay,ingrid_salceda,76d37449d70406b902934de6b061641186fcefeb
ingrid_salceda_img_0087,088.png,fantasmas_y_misterio,ilustracion_plana_color,549,640,imagen de fantasma,pixabay,ingrid_salceda,6c1f916e04b9f336d5a75c27db33b9a7cda6d890
ingrid_salceda_img_0089,09.png,fantasmas_y_misterio,ilustracion_plana_color,528,640,imagen de fantasma,pixabay,ingrid_salceda,7e608d5d47020f212e5e0f2518d4668bdf765a24
ingrid_salceda_img_0090,090.png,fantasmas_y_misterio,ilustracion_plana_color,558,640,imagen de fantasma,pixabay,ingrid_salceda,f1f144ea81916fca304a5925cbfdb902a75ed203
ingrid_salceda_img_0091,091.jpg,fantasmas_y_misterio,ilustracion_plana_color,640,427,imagen de fantasma,pixabay,ingrid_salceda,6cc8ef97f963fb31b036e39994d4dc631c007311
ingrid_salceda_img_0092,092.png,fantasmas_y_misterio,ilustracion_plana_color,640,640,imagen de fantasma,pixabay,ingrid_salceda,9bdb96c3eb278eae809c525d59ad9edbe66a7d71
ingrid_salceda_img_0093,093.png,fantasmas_y_misterio,ilustracion_plana_color,640,640,imagen de fantasma,pixabay,ingrid_salceda,f1cf0798798ca7e9a966bf5fef8695ed36f7e07c
ingrid_salceda_img_0094,094.jpg,fantasmas_y_misterio,ilustracion_plana_color,640,640,imagen de fantasma,pixabay,ingrid_salceda,a65e6cd6f12a9db58736a5d9cd9de06aefedef7d
ingrid_salceda_img_0095,095.png,fantasmas_y_misterio,ilustracion_plana_color,454,640,imagen de fantasma,pixabay,ingrid_salceda,82f50d65df22e1fd0e5c81bc526ea3b4dcbec9e4
ingrid_salceda_img_0096,096.png,fantasmas_y_misterio,ilustracion_plana_color,640,640,imagen de fantasma,pixabay,ingrid_salceda,cfc8d91ebe8b00e0aa463befe59afc572799c89e
ingrid_salceda_img_0097,097.png,fantasmas_y_misterio,ilustracion_plana_color,640,452,imagen de fantasma,pixabay,ingrid_salceda,1b3d1aadf7c900ceb5cd94b2ee1f754f7a9a80a0
ingrid_salceda_img_0098,098.jpg,fantasmas_y_misterio,ilustracion_plana_color,640,640,imagen de fantasma,pixabay,ingrid_salceda,fc7f1c3b741d826253ffd05cc0646d500d537fd8
ingrid_salceda_img_0099,099.png,fantasmas_y_misterio,ilustracion_plana_color,640,640,imagen de fantasma,pixabay,ingrid_salceda,5e2a75bec3e1dea5bc5adcbf5403938250dd5336
ingrid_salceda_img_0100,100.png,fantasmas_y_misterio,ilustracion_plana_color,640,640,imagen de fantasma,pixabay,ingrid_salceda,7d4384a8daff4296be35ede8ee534728b6551b76
ingrid_salceda_img_0101,1000.jfif,fantasmas_y_misterio,ilustracion_plana_color,225,225,imagen de fantasma,pixabay,ingrid_salceda,50a2349f705a36127994b979dd7ada0aa6ed1be9
ingrid_salceda_img_0102,101.jfif,fantasmas_y_misterio,ilustracion_plana_color,736,736,imagen de fantasma,pixabay,ingrid_salceda,4cded9747aebdd277ae119ab7184c3d40336f956
ingrid_salceda_img_0103,102.jfif,fantasmas_y_misterio,ilustracion_plana_color,736,841,imagen de fantasma,pixabay,ingrid_salceda,7c316c4250104053a45722f92a89abcf6a0a46ab
ingrid_salceda_img_0104,103.jfif,fantasmas_y_misterio,ilustracion_plana_color,554,554,imagen de fantasma,pixabay,ingrid_salceda,039330b5829b5d803a09480595bca27fcaf69351
ingrid_salceda_img_0105,104.jfif,fantasmas_y_misterio,ilustracion_plana_color,735,789,imagen de fantasma,pixabay,ingrid_salceda,e8952e3f5634f95e13fd8ec0fa5afd99c7c29d8d
ingrid_salceda_img_0106,105.jfif,fantasmas_y_misterio,ilustracion_plana_color,736,1104,imagen de fantasma,pixabay,ingrid_salceda,5daca6a39c8316c153f1d04c4dd181e69a3405d8
ingrid_salceda_img_0107,106.jfif,fantasmas_y_misterio,ilustracion_plana_color,736,1104,imagen de fantasma,pixabay,ingrid_salceda,685f8409fe8dd2d5a51e5e9f0cf4c625895e5857
ingrid_salceda_img_0108,107.jfif,fantasmas_y_misterio,ilustracion_plana_color,736,736,imagen de fantasma,pixabay,ingrid_salceda,c639cfb72dd5cf7d7741353d35bf2c6a4a97aba1
ingrid_salceda_img_0109,108.jfif,fantasmas_y_misterio,ilustracion_plana_color,735,803,imagen de fantasma,pixabay,ingrid_salceda,22560444e18cb573f303cba6cb75ee6d310952a3
ingrid_salceda_img_0110,109.jfif,fantasmas_y_misterio,ilustracion_plana_color,736,736,imagen de fantasma,pixabay,ingrid_salceda,e2da2a112578cf4ce89d6b123819d5184154c0c3
ingrid_salceda_img_0111,110.jfif,fantasmas_y_misterio,ilustracion_plana_color,736,736,imagen de fantasma,pixabay,ingrid_salceda,4bea2be8205a2d134837ab7b395dffb2f6f0f294
ingrid_salceda_img_0112,111.jfif,fantasmas_y_misterio,ilustracion_plana_color,736,679,imagen de fantasma,pixabay,ingrid_salceda,574fb7f7e401947bccd1b98edfeab5fc78acaede
ingrid_salceda_img_0113,112.jfif,fantasmas_y_misterio,ilustracion_plana_color,346,444,imagen de fantasma,pixabay,ingrid_salceda,aba69d4514a53c59918d8c71c7963a6a9ea33619
ingrid_salceda_img_0114,113.jfif,fantasmas_y_misterio,ilustracion_plana_color,735,755,imagen de fantasma,pixabay,ingrid_salceda,37615384b65024ae8b78c1b4b673a3e68e6ec182
ingrid_salceda_img_0115,114.jfif,fantasmas_y_misterio,ilustracion_plana_color,200,236,imagen de fantasma,pixabay,ingrid_salceda,02bfb6d9c5bfcb5caf2d8752feb8e25410ab39a2
ingrid_salceda_img_0116,115.jfif,fantasmas_y_misterio,ilustracion_plana_color,736,982,imagen de fantasma,pixabay,ingrid_salceda,c3fe808565aba054105e6ea149c5d42cd4bd6180
ingrid_salceda_img_0117,116.jfif,fantasmas_y_misterio,ilustracion_plana_color,360,360,imagen de fantasma,pixabay,ingrid_salceda,cd613001ac4569ce9a89e10e54b35f6ecb95d48c
ingrid_salceda_img_0118,117.jfif,fantasmas_y_misterio,ilustracion_plana_color,364,364,imagen de fantasma,pixabay,ingrid_salceda,530bc71fe7617a6aff25d263f69732fe63509349
ingrid_salceda_img_0119,118.jfif,fantasmas_y_misterio,ilustracion_plana_color,736,770,imagen de fantasma,pixabay,ingrid_salceda,a569a11c2b227b6135ddd7b080aee1e553657c29
ingrid_salceda_img_0120,119.jfif,fantasmas_y_misterio,ilustracion_plana_color,736,736,imagen de fantasma,pixabay,ingrid_salceda,c6556ba6b4ab53ab14a70482c4547862df71fb29
ingrid_salceda_img_0121,120.jfif,fantasmas_y_misterio,ilustracion_plana_color,463,600,imagen de fantasma,pixabay,ingrid_salceda,e6bfce7f9a33e5aef0bc9974f4448e98b606dd57
ingrid_salceda_img_0122,121.jfif,fantasmas_y_misterio,ilustracion_plana_color,696,696,imagen de fantasma,pixabay,ingrid_salceda,044d67e55a0c19cfb95ad264cb791656f3df17c1
ingrid_salceda_img_0123,122.jfif,fantasmas_y_misterio,ilustracion_plana_color,735,973,imagen de fantasma,pixabay,ingrid_salceda,7fb626a01124c71d057c071419fb18c2a48831d2
ingrid_salceda_img_0124,123.jfif,fantasmas_y_misterio,ilustracion_plana_color,626,626,imagen de fantasma,pixabay,ingrid_salceda,2448c0ece55e241692bf3b0f027ef5829697bf05
ingrid_salceda_img_0125,124.jfif,fantasmas_y_misterio,ilustracion_plana_color,640,640,imagen de fantasma,pixabay,ingrid_salceda,1c95a0ed1de0d5fe0818751c5793672af7c3572a
ingrid_salceda_img_0126,125.jfif,fantasmas_y_misterio,ilustracion_plana_color,600,598,imagen de fantasma,pixabay,ingrid_salceda,8ec804e8b4f512199229b9cace24525d2f62fa01
ingrid_salceda_img_0127,126.jfif,fantasmas_y_misterio,ilustracion_plana_color,256,256,imagen de fantasma,pixabay,ingrid_salceda,49d2e624c1cde74d589dc34f4531b4c0342d18db
ingrid_salceda_img_0128,127.jfif,fantasmas_y_misterio,ilustracion_plana_color,374,498,imagen de fantasma,pixabay,ingrid_salceda,fd430d808b7d5a4cdcb1b5c4773e35b1af932a9c
ingrid_salceda_img_0129,128.jfif,fantasmas_y_misterio,ilustracion_plana_color,600,574,imagen de fantasma,pixabay,ingrid_salceda,195192515f0457f35fd6379c92221a8f6247a385
ingrid_salceda_img_0130,129.jfif,fantasmas_y_misterio,ilustracion_plana_color,735,797,imagen de fantasma,pixabay,ingrid_salceda,619a3634ead705b4a5e6a7182feb229860289060
ingrid_salceda_img_0131,130.jfif,fantasmas_y_misterio,ilustracion_plana_color,360,360,imagen de fantasma,pixabay,ingrid_salceda,cd30de19abd9a687c0e2c5ca8cfc44bdd474416d
ingrid_salceda_img_0132,131.jfif,fantasmas_y_misterio,ilustracion_plana_color,736,736,imagen de fantasma,pixabay,ingrid_salceda,25a5a6013058055b254bfeb42f6ade51085be7af
ingrid_salceda_img_0133,132.jfif,fantasmas_y_misterio,ilustracion_plana_color,735,854,imagen de fantasma,pixabay,ingrid_salceda,03194182bab354fe435685ab9dc7f4010f8c52e7
ingrid_salceda_img_0134,133.jfif,fantasmas_y_misterio,ilustracion_plana_color,736,920,imagen de fantasma,pixabay,ingrid_salceda,95204ca8bbcfa530dcb86c38acec640759d3809b
ingrid_salceda_img_0135,134.jfif,fantasmas_y_misterio,ilustracion_plana_color,600,849,imagen de fantasma,pixabay,ingrid_salceda,7a1871dc135a06302bb7d06a603a1297eb93a6d3
ingrid_salceda_img_0136,135.jfif,fantasmas_y_misterio,ilustracion_plana_color,300,300,imagen de fantasma,pixabay,ingrid_salceda,a745b069c276153741515cb6f4e6ab0ac6e351ce
ingrid_salceda_img_0137,136.jfif,fantasmas_y_misterio,ilustracion_plana_color,600,599,imagen de fantasma,pixabay,ingrid_salceda,5ca3b24d7a112c26fd271258c75f527c0700671f
ingrid_salceda_img_0138,137.jfif,fantasmas_y_misterio,ilustracion_plana_color,626,626,imagen de fantasma,pixabay,ingrid_salceda,58a22a7e3253f10a31b71aebda65ec149b92a0cd
ingrid_salceda_img_0139,138.jfif,fantasmas_y_misterio,ilustracion_plana_color,736,736,imagen de fantasma,pixabay,ingrid_salceda,eab2373cf5bdff699d434e68efe1c87039424cbb
ingrid_salceda_img_0140,139.jfif,fantasmas_y_misterio,ilustracion_plana_color,728,567,imagen de fantasma,pixabay,ingrid_salceda,79684e4dc9bb0195f6cf5a0ae43d27f148b96f31
ingrid_salceda_img_0141,141.jfif,fantasmas_y_misterio,ilustracion_plana_color,360,360,imagen de fantasma,pixabay,ingrid_salceda,f21d932e11e8d8e69c49b8762f43132c3d6deb60
ingrid_salceda_img_0142,142.jfif,fantasmas_y_misterio,ilustracion_plana_color,626,626,imagen de fantasma,pixabay,ingrid_salceda,30fbc4a0f69161b53ab560ed5d343fc71ba939da
ingrid_salceda_img_0143,143.jfif,fantasmas_y_misterio,ilustracion_plana_color,736,736,imagen de fantasma,pixabay,ingrid_salceda,794e2bfb150a7c677e62dd79eb4532f10fdb797b
ingrid_salceda_img_0144,144.jfif,fantasmas_y_misterio,ilustracion_plana_color,736,736,imagen de fantasma,pixabay,ingrid_salceda,ac717552736a00b5813957d03fb484059c15004e
ingrid_salceda_img_0145,145.jfif,fantasmas_y_misterio,ilustracion_plana_color,736,736,imagen de fantasma,pixabay,ingrid_salceda,2a59778f6b239e16b36088ea9613cb94ef2bd638
ingrid_salceda_img_0146,146.jfif,fantasmas_y_misterio,ilustracion_plana_color,736,736,imagen de fantasma,pixabay,ingrid_salceda,0799086ddd24fc1e33b79d780604682b23a73bcb
ingrid_salceda_img_0147,147.jfif,fantasmas_y_misterio,ilustracion_plana_color,736,920,imagen de fantasma,pixabay,ingrid_salceda,f4c8e8138131e00a01610390fdd27dd9f4a2c93e
ingrid_salceda_img_0148,148.jfif,fantasmas_y_misterio,ilustracion_plana_color,600,600,imagen de fantasma,pixabay,ingrid_salceda,9e3e1c5c10cfdf7c1cc51b74e58dfc088df6e561
ingrid_salceda_img_0149,149.jfif,fantasmas_y_misterio,ilustracion_plana_color,736,946,imagen de fantasma,pixabay,ingrid_salceda,40d3563ce3839414624ba64adf8a4305a3593b73
ingrid_salceda_img_0150,150.jfif,fantasmas_y_misterio,ilustracion_plana_color,640,640,imagen de fantasma,pixabay,ingrid_salceda,2b0096a73f010969f82e40fee99b2471bcda3547
ingrid_salceda_img_0151,151.jfif,fantasmas_y_misterio,ilustracion_plana_color,736,736,imagen de fantasma,pixabay,ingrid_salceda,3c126360090b7f42f6a4151561edf47dd17b4cf3
ingrid_salceda_img_0152,152.jfif,fantasmas_y_misterio,ilustracion_plana_color,736,920,imagen de fantasma,pixabay,ingrid_salceda,2b3f560a8f936e5d77f0306c6f8eaf97b003ffc6
ingrid_salceda_img_0153,153.jfif,fantasmas_y_misterio,ilustracion_plana_color,522,957,imagen de fantasma,pixabay,ingrid_salceda,21c283c5570657604ea0b63e1c9c173afb4c7444
ingrid_salceda_img_0154,154.jfif,fantasmas_y_misterio,ilustracion_plana_color,445,430,imagen de fantasma,pixabay,ingrid_salceda,bdc34fa99b458deca4171265fd7b5d3630409c6e
ingrid_salceda_img_0155,155.jfif,fantasmas_y_misterio,ilustracion_plana_color,626,626,imagen de fantasma,pixabay,ingrid_salceda,ba45a5ebe31972fbf15092fa639d1c53eb148586
ingrid_salceda_img_0156,156.jfif,fantasmas_y_misterio,ilustracion_plana_color,236,274,imagen de fantasma,pixabay,ingrid_salceda,155fe98aec0f01221c10cee48f1dc2a48337ce0d
ingrid_salceda_img_0157,157.jfif,fantasmas_y_misterio,ilustracion_plana_color,736,736,imagen de fantasma,pixabay,ingrid_salceda,eb6db0e05c0a977a646e0dbd769471c69b0ffeba
ingrid_salceda_img_0158,158.jfif,fantasmas_y_misterio,ilustracion_plana_color,640,640,imagen de fantasma,pixabay,ingrid_salceda,6d066a09625666164364ff7b416effa1968cbca1
ingrid_salceda_img_0159,159.jfif,fantasmas_y_misterio,ilustracion_plana_color,736,736,imagen de fantasma,pixabay,ingrid_salceda,17e241270e5a012fd16b6494b09351ef21a38189
ingrid_salceda_img_0160,160.jfif,fantasmas_y_misterio,ilustracion_plana_color,474,900,imagen de fantasma,pixabay,ingrid_salceda,fd9a6f721ef9b3db7ec4d4e595143b943c08e82b
ingrid_salceda_img_0161,161.jfif,fantasmas_y_misterio,ilustracion_plana_color,736,736,imagen de fantasma,pixabay,ingrid_salceda,1394e7a0b303052c89433688fe84730f4451300a
ingrid_salceda_img_0162,162.jfif,fantasmas_y_misterio,ilustracion_plana_color,621,794,imagen de fantasma,pixabay,ingrid_salceda,c53c60f91c3371804b5e1461bd7920ce46f77d4b
ingrid_salceda_img_0163,163.png,fantasmas_y_misterio,ilustracion_plana_color,360,360,imagen de fantasma,pixabay,ingrid_salceda,bc36aeb30dc6892c6c2b87767201203c5d17a08e
ingrid_salceda_img_0164,164.jfif,fantasmas_y_misterio,ilustracion_plana_color,736,1312,imagen de fantasma,pixabay,ingrid_salceda,e27a8ce259dd92e11eaf151722a08bc47fe7b264
ingrid_salceda_img_0165,165.jfif,fantasmas_y_misterio,ilustracion_plana_color,736,981,imagen de fantasma,pixabay,ingrid_salceda,cd0082ee28ac8d0742589d80a9a41f253a83c4d5
ingrid_salceda_img_0166,166.jfif,fantasmas_y_misterio,ilustracion_plana_color,736,736,imagen de fantasma,pixabay,ingrid_salceda,6300caa12de024ff53fc65dd9d34745fd69fdc16
ingrid_salceda_img_0167,167.jfif,fantasmas_y_misterio,ilustracion_plana_color,600,800,imagen de fantasma,pixabay,ingrid_salceda,ffc99a3beb6db42039da63fead5305e82ba55908
ingrid_salceda_img_0168,168.jfif,fantasmas_y_misterio,ilustracion_plana_color,736,1104,imagen de fantasma,pixabay,ingrid_salceda,c38440d7c24d75c7b4426ad59366d8ad951b3e9c
ingrid_salceda_img_0169,169.jfif,fantasmas_y_misterio,ilustracion_plana_color,736,736,imagen de fantasma,pixabay,ingrid_salceda,55ac8af8f70ad41c72a3980b04a88153e6590e37
ingrid_salceda_img_0170,170.jfif,fantasmas_y_misterio,ilustracion_plana_color,736,1041,imagen de fantasma,pixabay,ingrid_salceda,8085efe5193f0dca112b9b4ac7810536a722b09f
ingrid_salceda_img_0171,171.jfif,fantasmas_y_misterio,ilustracion_plana_color,735,490,imagen de fantasma,pixabay,ingrid_salceda,a53d13c82e619e230b584d39db18d98b108e8cd3
ingrid_salceda_img_0172,172.jfif,fantasmas_y_misterio,ilustracion_plana_color,736,1308,imagen de fantasma,pixabay,ingrid_salceda,1fff5bb051dd30ae9ebc74fcd3bdb2756c70071e
ingrid_salceda_img_0173,173.jfif,fantasmas_y_misterio,ilustracion_plana_color,640,640,imagen de fantasma,pixabay,ingrid_salceda,b44a5c07f792ed332311ed8645cf729db0b7775c
ingrid_salceda_img_0174,174.jfif,fantasmas_y_misterio,ilustracion_plana_color,736,981,imagen de fantasma,pixabay,ingrid_salceda,643c8ad0c79b41b92ed7dbe7eeac42b16a701b7a
ingrid_salceda_img_0175,175.jfif,fantasmas_y_misterio,ilustracion_plana_color,735,655,imagen de fantasma,pixabay,ingrid_salceda,a0aa8d27880150945764b574ea2ed3d15f5ce98e
ingrid_salceda_img_0176,176.jfif,fantasmas_y_misterio,ilustracion_plana_color,736,736,imagen de fantasma,pixabay,ingrid_salceda,026718d600fd01fcea20193f80e33796ab0fc5f9
ingrid_salceda_img_0177,177.jfif,fantasmas_y_misterio,ilustracion_plana_color,736,1311,imagen de fantasma,pixabay,ingrid_salceda,ce1b7dc71f078d7e86f48861a07fa24e31f47ca9
ingrid_salceda_img_0178,178.jfif,fantasmas_y_misterio,ilustracion_plana_color,736,806,imagen de fantasma,pixabay,ingrid_salceda,931513025ae7aedcfcdb5a51f606f916d56b7470
ingrid_salceda_img_0179,179.jfif,fantasmas_y_misterio,ilustracion_plana_color,417,476,imagen de fantasma,pixabay,ingrid_salceda,13d8982ca6fbe18f9c06f62cfb2a28af0c40f610
ingrid_salceda_img_0180,180.jfif,fantasmas_y_misterio,ilustracion_plana_color,736,736,imagen de fantasma,pixabay,ingrid_salceda,a991dad41561c10d0635887abdf400d0dbbf9201
ingrid_salceda_img_0181,181.jfif,fantasmas_y_misterio,ilustracion_plana_color,736,736,imagen de fantasma,pixabay,ingrid_salceda,0d4358d9e5001e89bdd2943e7d8efd6e6822e3f3
ingrid_salceda_img_0182,182.jfif,fantasmas_y_misterio,ilustracion_plana_color,736,1104,imagen de fantasma,pixabay,ingrid_salceda,183b1dfec48c99d0b5cfcee7cfd36725dd50a347
ingrid_salceda_img_0183,183.jfif,fantasmas_y_misterio,ilustracion_plana_color,564,564,imagen de fantasma,pixabay,ingrid_salceda,b48e2fe22a62426af6babbd8b20ef3eda7dec5d8
ingrid_salceda_img_0184,184.jfif,fantasmas_y_misterio,ilustracion_plana_color,736,736,imagen de fantasma,pixabay,ingrid_salceda,03564df0d323f16e89ae4299108e8bba2502899b
ingrid_salceda_img_0185,185.jfif,fantasmas_y_misterio,ilustracion_plana_color,736,981,imagen de fantasma,pixabay,ingrid_salceda,ea5c145c85c677bb2c1facef4592274cd2a4ea33
ingrid_salceda_img_0186,186.jfif,fantasmas_y_misterio,ilustracion_plana_color,660,960,imagen de fantasma,pixabay,ingrid_salceda,6ee57a1daf24a0e414a65bf842eff9dd92b9c526
ingrid_salceda_img_0187,187.jfif,fantasmas_y_misterio,ilustracion_plana_color,736,736,imagen de fantasma,pixabay,ingrid_salceda,0ae7781f8d1939b4c7795d4ac2c112e1052dfc3e
ingrid_salceda_img_0188,188.jfif,fantasmas_y_misterio,ilustracion_plana_color,303,430,imagen de fantasma,pixabay,ingrid_salceda,cb1d04350410e7435b593242e1eb053538e03963
ingrid_salceda_img_0189,189.jfif,fantasmas_y_misterio,ilustracion_plana_color,338,429,imagen de fantasma,pixabay,ingrid_salceda,d20aa8cea9ce012d04c7132767453ea62841e1b9
ingrid_salceda_img_0190,190.jfif,fantasmas_y_misterio,ilustracion_plana_color,736,736,imagen de fantasma,pixabay,ingrid_salceda,e51499a6508f71102e65cbe2f1b95cc2e0792ea3
ingrid_salceda_img_0191,191.jfif,fantasmas_y_misterio,ilustracion_plana_color,376,430,imagen de fantasma,pixabay,ingrid_salceda,e9cf3b3b6aa9a322f0eb4237411bcb51080fa0db
ingrid_salceda_img_0192,192.jfif,fantasmas_y_misterio,ilustracion_plana_color,322,373,imagen de fantasma,pixabay,ingrid_salceda,4f5fc86136f2419ba336f0f68c8152c6cd330f00
ingrid_salceda_img_0193,193.jfif,fantasmas_y_misterio,ilustracion_plana_color,735,952,imagen de fantasma,pixabay,ingrid_salceda,16a1576e11b6549118cd8e5523d9eea0f14726eb
ingrid_salceda_img_0194,194.jfif,fantasmas_y_misterio,ilustracion_plana_color,736,1312,imagen de fantasma,pixabay,ingrid_salceda,d2a218a4e2a9580bb33cf268d77e318617c611fd
ingrid_salceda_img_0195,195.jfif,fantasmas_y_misterio,ilustracion_plana_color,640,640,imagen de fantasma,pixabay,ingrid_salceda,38108ec1b87790de8b244145083c06f62e51eebe
ingrid_salceda_img_0196,196.jfif,fantasmas_y_misterio,ilustracion_plana_color,736,656,imagen de fantasma,pixabay,ingrid_salceda,2c4bec8a19a60789733e1dc6eed71acbf54e5cca
ingrid_salceda_img_0197,197.jfif,fantasmas_y_misterio,ilustracion_plana_color,736,736,imagen de fantasma,pixabay,ingrid_salceda,4261bbc786defb880f29c19da4983f94fa1a4633
ingrid_salceda_img_0198,198.jfif,fantasmas_y_misterio,ilustracion_plana_color,736,736,imagen de fantasma,pixabay,ingrid_salceda,0c48b8df6cd15914ccba705800f45edd1056244c
ingrid_salceda_img_0199,199.jfif,fantasmas_y_misterio,ilustracion_plana_color,600,417,imagen de fantasma,pixabay,ingrid_salceda,7488b914ab8902e313223ba03049eb12a1262319
ingrid_salceda_img_0200,200.jfif,fantasmas_y_misterio,ilustracion_plana_color,735,699,imagen de fantasma,pixabay,ingrid_salceda,4698a8e5924e40dcad97bc8974144fa1068fcb22
ingrid_salceda_img_0201,201.jfif,fantasmas_y_misterio,ilustracion_plana_color,736,953,imagen de fantasma,pixabay,ingrid_salceda,e49c240e310e7113229039800a439f6fa5a47ccf
ingrid_salceda_img_0202,202.jfif,fantasmas_y_misterio,ilustracion_plana_color,736,672,imagen de fantasma,pixabay,ingrid_salceda,18171cdc7c26e8d61bba95ce484652c4ee03a72c
ingrid_salceda_img_0203,203.jfif,fantasmas_y_misterio,ilustracion_plana_color,735,654,imagen de fantasma,pixabay,ingrid_salceda,0203dba45f7119ca68c56b4ed4ce5f6cb75ac229
ingrid_salceda_img_0204,204.jfif,fantasmas_y_misterio,ilustracion_plana_color,736,736,imagen de fantasma,pixabay,ingrid_salceda,f48e3e85886c7aeb78e90b37ad7bab18f53998c5
ingrid_salceda_img_0205,205.jfif,fantasmas_y_misterio,ilustracion_plana_color,400,400,imagen de fantasma,pixabay,ingrid_salceda,5c4bbd790df33f510f7c9583a49c44e7331992d7
ingrid_salceda_img_0206,206.jfif,fantasmas_y_misterio,ilustracion_plana_color,300,333,imagen de fantasma,pixabay,ingrid_salceda,a48adf91bf2317cc691288c4555506b730827b48
ingrid_salceda_img_0207,207.jfif,fantasmas_y_misterio,ilustracion_plana_color,736,1053,imagen de fantasma,pixabay,ingrid_salceda,c15f66baeafc8d755d32529ed16b4f4e5586894a
ingrid_salceda_img_0208,208.jfif,fantasmas_y_misterio,ilustracion_plana_color,640,640,imagen de fantasma,pixabay,ingrid_salceda,085434d20ae8561a513366a7534735afffeaab1d
ingrid_salceda_img_0209,209.jfif,fantasmas_y_misterio,ilustracion_plana_color,650,420,imagen de fantasma,pixabay,ingrid_salceda,73bd3bd30d30ab9a908ff1282e296922eabb03fd
ingrid_salceda_img_0210,210.jfif,fantasmas_y_misterio,ilustracion_plana_color,524,702,imagen de fantasma,pixabay,ingrid_salceda,79c37fda28cf0bdbfcf680a62e3d27a1270d9a2c
ingrid_salceda_img_0211,211.jfif,fantasmas_y_misterio,ilustracion_plana_color,301,397,imagen de fantasma,pixabay,ingrid_salceda,bbf3e05a88cd78f0c7961435b4b480420677c50f
ingrid_salceda_img_0212,212.jfif,fantasmas_y_misterio,ilustracion_plana_color,736,736,imagen de fantasma,pixabay,ingrid_salceda,8e7239069f223486d26dbe02079d0a5caad06a0f
ingrid_salceda_img_0213,213.jfif,fantasmas_y_misterio,ilustracion_plana_color,735,593,imagen de fantasma,pixabay,ingrid_salceda,ef2782bbc1a644204614a58cedc01f514abab7a8
ingrid_salceda_img_0214,214.jfif,fantasmas_y_misterio,ilustracion_plana_color,736,576,imagen de fantasma,pixabay,ingrid_salceda,dbddfdce77f4dd807a08a943236d6753ca5cd1e0
ingrid_salceda_img_0215,215.jfif,fantasmas_y_misterio,ilustracion_plana_color,736,1308,imagen de fantasma,pixabay,ingrid_salceda,e9acdba033dbd23dea3239f008f2194aef791f89
ingrid_salceda_img_0216,216.jfif,fantasmas_y_misterio,ilustracion_plana_color,230,220,imagen de fantasma,pixabay,ingrid_salceda,fccf3190a28806fd9ade3a7792222dd0fbb208b8
ingrid_salceda_img_0217,217.jfif,fantasmas_y_misterio,ilustracion_plana_color,735,771,imagen de fantasma,pixabay,ingrid_salceda,99476e6095c4f8aa871d57ac9b970ffd8e79d1a5
ingrid_salceda_img_0218,218.jfif,fantasmas_y_misterio,ilustracion_plana_color,736,552,imagen de fantasma,pixabay,ingrid_salceda,409fa5b22cd705d0ecf1bb5945d6ee810f2a5174
ingrid_salceda_img_0219,219.jfif,fantasmas_y_misterio,ilustracion_plana_color,626,626,imagen de fantasma,pixabay,ingrid_salceda,11216fc1c4c4ea00ab04b6891695baa1fbea6c86
ingrid_salceda_img_0220,220.jfif,fantasmas_y_misterio,ilustracion_plana_color,350,467,imagen de fantasma,pixabay,ingrid_salceda,1bb9f757c29980eb772a961c14c340e8ad2b1e58
ingrid_salceda_img_0221,221.jfif,fantasmas_y_misterio,ilustracion_plana_color,656,720,imagen de fantasma,pixabay,ingrid_salceda,303b68bfb7f75834b5579bd8dae9f4dcab69198f
ingrid_salceda_img_0222,222.jfif,fantasmas_y_misterio,ilustracion_plana_color,736,736,imagen de fantasma,pixabay,ingrid_salceda,e7f663fd5b09cfc3e70b441882024a62119df431
ingrid_salceda_img_0223,223.jfif,fantasmas_y_misterio,ilustracion_plana_color,222,300,imagen de fantasma,pixabay,ingrid_salceda,fd169cedf08f55742838d335b7279977ddac282c
ingrid_salceda_img_0224,224.jfif,fantasmas_y_misterio,ilustracion_plana_color,539,492,imagen de fantasma,pixabay,ingrid_salceda,587bd41d853a7014a65e7c61d7ddcdef5289deb9
ingrid_salceda_img_0225,225.jfif,fantasmas_y_misterio,ilustracion_plana_color,736,874,imagen de fantasma,pixabay,ingrid_salceda,918a17d3078dadd410400665f9bccc80fac9dd18
ingrid_salceda_img_0226,226.jfif,fantasmas_y_misterio,ilustracion_plana_color,736,736,imagen de fantasma,pixabay,ingrid_salceda,334c4ea5a7f973482fcbe305bb2bb972ce12b725
ingrid_salceda_img_0227,227.jfif,fantasmas_y_misterio,ilustracion_plana_color,735,683,imagen de fantasma,pixabay,ingrid_salceda,1215692ca965869114e62d5386c6f7bac823d1ac
ingrid_salceda_img_0228,228.jfif,fantasmas_y_misterio,ilustracion_plana_color,474,504,imagen de fantasma,pixabay,ingrid_salceda,d20b7bcf39ce5771dfbb7e1385f7f54cbbb47620
ingrid_salceda_img_0229,229.jfif,fantasmas_y_misterio,ilustracion_plana_color,736,736,imagen de fantasma,pixabay,ingrid_salceda,683897090865f012193b6a9fd00caa80f51272b2
ingrid_salceda_img_0230,230.jfif,fantasmas_y_misterio,ilustracion_plana_color,208,202,imagen de fantasma,pixabay,ingrid_salceda,0ab42c3937a40f0af67d71bd8dd3d99e085dacfb
ingrid_salceda_img_0231,231.jfif,fantasmas_y_misterio,ilustracion_plana_color,490,371,imagen de fantasma,pixabay,ingrid_salceda,d3ea3b939f5304983c6b9e4076c5099f7aec76a1
ingrid_salceda_img_0232,232.jfif,fantasmas_y_misterio,ilustracion_plana_color,550,789,imagen de fantasma,pixabay,ingrid_salceda,8fe715675782ba708968ea061a19df026819efe8
ingrid_salceda_img_0233,233.jfif,fantasmas_y_misterio,ilustracion_plana_color,736,736,imagen de fantasma,pixabay,ingrid_salceda,b02f1b6b64bce28bf5ea79165790135ad26c8074
ingrid_salceda_img_0234,234.jfif,fantasmas_y_misterio,ilustracion_plana_color,303,308,imagen de fantasma,pixabay,ingrid_salceda,8b6f954c45c82b66879588f0efe206f3d9b7e670
ingrid_salceda_img_0235,235.jfif,fantasmas_y_misterio,ilustracion_plana_color,736,736,imagen de fantasma,pixabay,ingrid_salceda,14f8d3b1be81c66fc8f75d5f5fc4483d1621b60b
ingrid_salceda_img_0236,236.jfif,fantasmas_y_misterio,ilustracion_plana_color,273,326,imagen de fantasma,pixabay,ingrid_salceda,c3aeca32fc03e5c4e59f37d2cceec3a9440ffeca
ingrid_salceda_img_0237,237.jfif,fantasmas_y_misterio,ilustracion_plana_color,297,528,imagen de fantasma,pixabay,ingrid_salceda,5e89d3b487be0f2113ec6b122b9b82e9476ae7d7
ingrid_salceda_img_0238,238.jfif,fantasmas_y_misterio,ilustracion_plana_color,736,1308,imagen de fantasma,pixabay,ingrid_salceda,c1c9fccd3683f5b7bebcb824d81dd9bfa0c53f81
ingrid_salceda_img_0239,239.jfif,fantasmas_y_misterio,ilustracion_plana_color,626,268,imagen de fantasma,pixabay,ingrid_salceda,08410b65bf2289ab8e269e20a5a2dbc55562c1db
ingrid_salceda_img_0240,240.jfif,fantasmas_y_misterio,ilustracion_plana_color,736,736,imagen de fantasma,pixabay,ingrid_salceda,1bd595c2166626bba1d9eea1a93817b2ae3bfcdb
ingrid_salceda_img_0241,241.jfif,fantasmas_y_misterio,ilustracion_plana_color,326,340,imagen de fantasma,pixabay,ingrid_salceda,532c941158160b4ebcfd46946cf0307390af9373
ingrid_salceda_img_0242,242.jfif,fantasmas_y_misterio,ilustracion_plana_color,640,640,imagen de fantasma,pixabay,ingrid_salceda,a501a1e2028a2e53900287259fba99852286618e
ingrid_salceda_img_0243,243.jfif,fantasmas_y_misterio,ilustracion_plana_color,475,558,imagen de fantasma,pixabay,ingrid_salceda,91277f6fd3447f720122e31c9225a238b1ed66b9
ingrid_salceda_img_0244,244.jfif,fantasmas_y_misterio,ilustracion_plana_color,736,736,imagen de fantasma,pixabay,ingrid_salceda,10f10fc6b10407bc3b2cf8e328c531a7374be7b0
ingrid_salceda_img_0247,247.jfif,fantasmas_y_misterio,ilustracion_plana_color,736,736,imagen de fantasma,pixabay,ingrid_salceda,ff89270c004f89648f165155f9f3e79e3ff833a6
ingrid_salceda_img_0248,248.jfif,fantasmas_y_misterio,ilustracion_plana_color,735,679,imagen de fantasma,pixabay,ingrid_salceda,fea5a7b3bbad0832585866dafaf1da4bc93a2691
ingrid_salceda_img_0249,249.jfif,fantasmas_y_misterio,ilustracion_plana_color,735,994,imagen de fantasma,pixabay,ingrid_salceda,fdbef602a7331a39b33fdbe9571e72e879f55ff4
ingrid_salceda_img_0250,250.jfif,fantasmas_y_misterio,ilustracion_plana_color,626,626,imagen de fantasma,pixabay,ingrid_salceda,f9705116b6ed8a5d12e85b185d3d5129c40a50ff
ingrid_salceda_img_0251,251.jfif,fantasmas_y_misterio,ilustracion_plana_color,736,736,imagen de fantasma,pixabay,ingrid_salceda,76f87cf24f79ffff67341921fe6c241a4a3c8819
ingrid_salceda_img_0252,252.jfif,fantasmas_y_misterio,ilustracion_plana_color,640,326,imagen de fantasma,pixabay,ingrid_salceda,60e83f5d6e6d1ef30cf951c334c5b433e858c865
ingrid_salceda_img_0253,253.jfif,fantasmas_y_misterio,ilustracion_plana_color,650,755,imagen de fantasma,pixabay,ingrid_salceda,63363ffc5accb0131aab3c7e40ccb21a34ebc8ee
ingrid_salceda_img_0254,254.jfif,fantasmas_y_misterio,ilustracion_plana_color,735,818,imagen de fantasma,pixabay,ingrid_salceda,5a4ffd0983723a8096a3be0294fbcd62f006640f
ingrid_salceda_img_0255,255.jfif,fantasmas_y_misterio,ilustracion_plana_color,636,773,imagen de fantasma,pixabay,ingrid_salceda,18aa131635341511c023b664088f864c85c39b0a
ingrid_salceda_img_0256,256.jfif,fantasmas_y_misterio,ilustracion_plana_color,736,736,imagen de fantasma,pixabay,ingrid_salceda,d9dc6a0334328e8c73a774ae3921059cb9aae63b
ingrid_salceda_img_0257,257.jfif,fantasmas_y_misterio,ilustracion_plana_color,562,517,imagen de fantasma,pixabay,ingrid_salceda,73fc8e26ee96563716551fff73c08e9bee985217
ingrid_salceda_img_0258,258.jfif,fantasmas_y_misterio,ilustracion_plana_color,363,500,imagen de fantasma,pixabay,ingrid_salceda,38ac9cd565e7508bada6d62715e72023869626f5
ingrid_salceda_img_0259,259.jfif,fantasmas_y_misterio,ilustracion_plana_color,736,736,imagen de fantasma,pixabay,ingrid_salceda,623aab98004592d5aa3ef67384d4e12c7fa1ff68
ingrid_salceda_img_0260,260.jfif,fantasmas_y_misterio,ilustracion_plana_color,302,300,imagen de fantasma,pixabay,ingrid_salceda,e6e4c7dd131cc7cc60090b886d4eb95bdbd7e945
ingrid_salceda_img_0261,261.jfif,fantasmas_y_misterio,ilustracion_plana_color,736,676,imagen de fantasma,pixabay,ingrid_salceda,f4530b96fceabd0af1bcd1380c28e1c428823a93
ingrid_salceda_img_0262,262.jfif,fantasmas_y_misterio,ilustracion_plana_color,736,1103,imagen de fantasma,pixabay,ingrid_salceda,c30b3b64d200776c081e18ab17e1c6f15349cdd8
ingrid_salceda_img_0263,263.jfif,fantasmas_y_misterio,ilustracion_plana_color,640,494,imagen de fantasma,pixabay,ingrid_salceda,192b235913a8424067aff3407f2ccf7cc49e3ce3
ingrid_salceda_img_0264,264.jfif,fantasmas_y_misterio,ilustracion_plana_color,595,842,imagen de fantasma,pixabay,ingrid_salceda,f85638ac73989ae2c36d5ae0308bbdeb87f7c261
ingrid_salceda_img_0265,265.jfif,fantasmas_y_misterio,ilustracion_plana_color,736,736,imagen de fantasma,pixabay,ingrid_salceda,7f94ae8b189be2103fccd48b59d3693f4c5ddd4c
ingrid_salceda_img_0266,266.jfif,fantasmas_y_misterio,ilustracion_plana_color,660,660,imagen de fantasma,pixabay,ingrid_salceda,4c32dcb2de40edc22f258f13848ec9742eddf82a
ingrid_salceda_img_0267,267.jfif,fantasmas_y_misterio,ilustracion_plana_color,500,576,imagen de fantasma,pixabay,ingrid_salceda,c399a473aafe6b7f52fa1fc2caf2e5a60904c8ce
ingrid_salceda_img_0268,268.jfif,fantasmas_y_misterio,ilustracion_plana_color,735,658,imagen de fantasma,pixabay,ingrid_salceda,c3d2386dbb6d70d65212b8a603bdf0e227406f5d
ingrid_salceda_img_0269,269.jfif,fantasmas_y_misterio,ilustracion_plana_color,565,794,imagen de fantasma,pixabay,ingrid_salceda,47da06a52e45ead70b6bdea01c7a2cf6d67ce8fb
ingrid_salceda_img_0270,270.jfif,fantasmas_y_misterio,ilustracion_plana_color,223,226,imagen de fantasma,pixabay,ingrid_salceda,d6e3708d7745acbbd7bb6387841a2edc63c3d07c
ingrid_salceda_img_0271,271.jfif,fantasmas_y_misterio,ilustracion_plana_color,240,240,imagen de fantasma,pixabay,ingrid_salceda,4429867e592fed751ccd5e298b4e791c9c7b5cb3
ingrid_salceda_img_0272,272.jfif,fantasmas_y_misterio,ilustracion_plana_color,301,378,imagen de fantasma,pixabay,ingrid_salceda,d3a7c5bdbd2dc4ea6334e6c9ec406e2553bdc2e5
ingrid_salceda_img_0273,273.jfif,fantasmas_y_misterio,ilustracion_plana_color,675,705,imagen de fantasma,pixabay,ingrid_salceda,95b0d565e97b733a1904ee5506644c88785862e0
ingrid_salceda_img_0274,274.jfif,fantasmas_y_misterio,ilustracion_plana_color,735,520,imagen de fantasma,pixabay,ingrid_salceda,59020938d49d5fa04aa5fef7effa1919bdd90a4a
ingrid_salceda_img_0275,275.jfif,fantasmas_y_misterio,ilustracion_plana_color,736,520,imagen de fantasma,pixabay,ingrid_salceda,8379ea596644726ac097f7c097df6e41a5e59da7
ingrid_salceda_img_0276,276.jfif,fantasmas_y_misterio,ilustracion_plana_color,736,1104,imagen de fantasma,pixabay,ingrid_salceda,a275257e31bf5eea70cebcfcf38a2468800c47f7
ingrid_salceda_img_0277,277.jfif,fantasmas_y_misterio,ilustracion_plana_color,298,421,imagen de fantasma,pixabay,ingrid_salceda,c6f06a307c9ac27b95907366a4d6ef08c4ca0354
ingrid_salceda_img_0278,278.jfif,fantasmas_y_misterio,ilustracion_plana_color,411,515,imagen de fantasma,pixabay,ingrid_salceda,84e5ac8eaf8847e6c2a62fc13b531fdd72881671
ingrid_salceda_img_0279,279.jfif,fantasmas_y_misterio,ilustracion_plana_color,736,952,imagen de fantasma,pixabay,ingrid_salceda,000314570bb39e4ea08fc922d3cd8d77ece250e8
ingrid_salceda_img_0280,280.jfif,fantasmas_y_misterio,ilustracion_plana_color,280,280,imagen de fantasma,pixabay,ingrid_salceda,1c34ecf7d86de8d84104219da84812043d5ff963
ingrid_salceda_img_0281,281.jfif,fantasmas_y_misterio,ilustracion_plana_color,495,460,imagen de fantasma,pixabay,ingrid_salceda,a5cded514918b46c806916f473a642d2bebaa646
ingrid_salceda_img_0282,282.jfif,fantasmas_y_misterio,ilustracion_plana_color,570,770,imagen de fantasma,pixabay,ingrid_salceda,53d22bf6cbb0eeaa60bdd11adc27273989308fdb
ingrid_salceda_img_0283,283.jfif,fantasmas_y_misterio,ilustracion_plana_color,372,500,imagen de fantasma,pixabay,ingrid_salceda,96f47e1223abeaea2252482fc8d5b3a2d004f640
ingrid_salceda_img_0284,284.jfif,fantasmas_y_misterio,ilustracion_plana_color,675,1200,imagen de fantasma,pixabay,ingrid_salceda,828b912d8a15636a5a5aa8c4678fc649b9fe1aa7
ingrid_salceda_img_0285,285.jfif,fantasmas_y_misterio,ilustracion_plana_color,735,952,imagen de fantasma,pixabay,ingrid_salceda,594250bcd02fb5754a5a7415f815f612a6df0b87
ingrid_salceda_img_0286,286.jfif,fantasmas_y_misterio,ilustracion_plana_color,735,952,imagen de fantasma,pixabay,ingrid_salceda,4d8136be34dda393d13b5e738be58dd8e193d454
ingrid_salceda_img_0287,287.jfif,fantasmas_y_misterio,ilustracion_plana_color,735,863,imagen de fantasma,pixabay,ingrid_salceda,49db92f3751e308bf8dfac8309263433ac0fce66
ingrid_salceda_img_0288,288.jfif,fantasmas_y_misterio,ilustracion_plana_color,736,736,imagen de fantasma,pixabay,ingrid_salceda,cb4768c737432546ac47bf7b8ea138146f4340f5
ingrid_salceda_img_0289,289.jfif,fantasmas_y_misterio,ilustracion_plana_color,736,736,imagen de fantasma,pixabay,ingrid_salceda,145c96b25d9ba14ce1a3a8d4b1da6f430f4fdd44
ingrid_salceda_img_0290,290.jfif,fantasmas_y_misterio,ilustracion_plana_color,736,1051,imagen de fantasma,pixabay,ingrid_salceda,c0f1da3a890853a186e22c97f13fc600a6968e4b
ingrid_salceda_img_0291,291.jfif,fantasmas_y_misterio,ilustracion_plana_color,220,220,imagen de fantasma,pixabay,ingrid_salceda,d105bf318800b7f66da5693d4fc0e065aba99fea
ingrid_salceda_img_0292,292.jfif,fantasmas_y_misterio,ilustracion_plana_color,736,736,imagen de fantasma,pixabay,ingrid_salceda,c0f35540a3ca271f1b768560901a228da01ef5f7
ingrid_salceda_img_0293,293.jfif,fantasmas_y_misterio,ilustracion_plana_color,736,736,imagen de fantasma,pixabay,ingrid_salceda,146bec6cce6ac37ab93b6f1a310b6c3aaf17ea26
ingrid_salceda_img_0294,294.jfif,fantasmas_y_misterio,ilustracion_plana_color,736,803,imagen de fantasma,pixabay,ingrid_salceda,364269be6b50e03b3e5c8d25215ee5a97fe6797d
ingrid_salceda_img_0295,295.jfif,fantasmas_y_misterio,ilustracion_plana_color,550,550,imagen de fantasma,pixabay,ingrid_salceda,17bfa9b438bbee9dc403b4e3e911d615b0e0c528
ingrid_salceda_img_0297,297.jfif,fantasmas_y_misterio,ilustracion_plana_color,736,1041,imagen de fantasma,pixabay,ingrid_salceda,da780179348ff24944b2adc71eeda7cba105626d
ingrid_salceda_img_0298,298.jfif,fantasmas_y_misterio,ilustracion_plana_color,735,766,imagen de fantasma,pixabay,ingrid_salceda,41ddfd83f8f40551c58a44ea6277beb6e571b70f
ingrid_salceda_img_0299,299.jfif,fantasmas_y_misterio,ilustracion_plana_color,735,1103,imagen de fantasma,pixabay,ingrid_salceda,fe7318fdb8876430a0d992006afb9a73e9a2d7e8
ingrid_salceda_img_0300,300.jfif,fantasmas_y_misterio,ilustracion_plana_color,300,284,imagen de fantasma,pixabay,ingrid_salceda,2b74c161a067a4cffbacb9cbe0f93441af5a3ec2
ingrid_salceda_img_0301,301.jfif,fantasmas_y_misterio,ilustracion_plana_color,736,981,imagen de fantasma,pixabay,ingrid_salceda,9a112f63b2887864fb4d5c78dea7d407a287e4f8
ingrid_salceda_img_0302,302.jfif,fantasmas_y_misterio,ilustracion_plana_color,736,981,imagen de fantasma,pixabay,ingrid_salceda,8fffeb1fa11bdaddff7f751efcfa76d77f2bc083
ingrid_salceda_img_0303,303.jfif,fantasmas_y_misterio,ilustracion_plana_color,736,736,imagen de fantasma,pixabay,ingrid_salceda,89e311e2cbf0ce26a6cc2427f6106f9c3d122389
ingrid_salceda_img_0304,304.jfif,fantasmas_y_misterio,ilustracion_plana_color,536,534,imagen de fantasma,pixabay,ingrid_salceda,718154f94f6f52f47824204bf4a84ce13461831b
ingrid_salceda_img_0306,306.jfif,fantasmas_y_misterio,ilustracion_plana_color,736,736,imagen de fantasma,pixabay,ingrid_salceda,8355ffd50be7583d6045ad7603ba16794032408e
ingrid_salceda_img_0308,308.jfif,fantasmas_y_misterio,ilustracion_plana_color,736,736,imagen de fantasma,pixabay,ingrid_salceda,aed54e716208aec6e9b58ecfd7054bc65579673e
ingrid_salceda_img_0309,309.jfif,fantasmas_y_misterio,ilustracion_plana_color,736,736,imagen de fantasma,pixabay,ingrid_salceda,7d0db09482438259cd45ce55b2fd05783345e3c2
ingrid_salceda_img_0310,310.jfif,fantasmas_y_misterio,ilustracion_plana_color,735,952,imagen de fantasma,pixabay,ingrid_salceda,58e87b5049598a1eedc82a1a6be90b84fa00d21c
ingrid_salceda_img_0311,311.jfif,fantasmas_y_misterio,ilustracion_plana_color,708,1069,imagen de fantasma,pixabay,ingrid_salceda,c1480f4c239eb45b8c9d6cc918892d439f83b588
ingrid_salceda_img_0312,312.jfif,fantasmas_y_misterio,ilustracion_plana_color,575,1022,imagen de fantasma,pixabay,ingrid_salceda,d9a12160fa1aeacc4800c9c782c4d3c6c8283042
ingrid_salceda_img_0313,313.jfif,fantasmas_y_misterio,ilustracion_plana_color,736,736,imagen de fantasma,pixabay,ingrid_salceda,896e8067103547e8174979d02fb647a452f1a7ab
ingrid_salceda_img_0315,315.jfif,fantasmas_y_misterio,ilustracion_plana_color,736,1226,imagen de fantasma,pixabay,ingrid_salceda,386c8c8f5bcacfb72a65a14436174ca332420228
ingrid_salceda_img_0316,316.jfif,fantasmas_y_misterio,ilustracion_plana_color,736,736,imagen de fantasma,pixabay,ingrid_salceda,bc9bb3328f793085fbb80404054f3eabc0f08214
ingrid_salceda_img_0317,317.jfif,fantasmas_y_misterio,ilustracion_plana_color,735,490,imagen de fantasma,pixabay,ingrid_salceda,3c5669d068d4d5718969d7ff580c1d8f9ddc4df5
ingrid_salceda_img_0318,318.jfif,fantasmas_y_misterio,ilustracion_plana_color,736,736,imagen de fantasma,pixabay,ingrid_salceda,2363f02bc9edc2a489b75ff140fd922af6e93f70
ingrid_salceda_img_0319,319.jfif,fantasmas_y_misterio,ilustracion_plana_color,736,736,imagen de fantasma,pixabay,ingrid_salceda,280f2f275fa0f911a30f6369cd1dfde34d65f475
ingrid_salceda_img_0320,320.jfif,fantasmas_y_misterio,ilustracion_plana_color,736,736,imagen de fantasma,pixabay,ingrid_salceda,54159903474536a5a7e136b0e011b2d82f1d9eee
ingrid_salceda_img_0321,321.jfif,fantasmas_y_misterio,ilustracion_plana_color,736,761,imagen de fantasma,pixabay,ingrid_salceda,7c27e0f4e71ea6c74787e24b54f1d84f4724898f
ingrid_salceda_img_0322,322.jfif,fantasmas_y_misterio,ilustracion_plana_color,736,736,imagen de fantasma,pixabay,ingrid_salceda,55de03ce0b198cc16f780bdc4af1857f0d921d59
ingrid_salceda_img_0323,323.jfif,fantasmas_y_misterio,ilustracion_plana_color,573,726,imagen de fantasma,pixabay,ingrid_salceda,a90f885568eca0527a1a4c7d29d9f6ff783d514a
ingrid_salceda_img_0325,325.jfif,fantasmas_y_misterio,ilustracion_plana_color,652,792,imagen de fantasma,pixabay,ingrid_salceda,0ff16e90f1fb70510feed9041026a1efb1537766
ingrid_salceda_img_0326,326.jfif,fantasmas_y_misterio,ilustracion_plana_color,675,1200,imagen de fantasma,pixabay,ingrid_salceda,eab26093e684ceca69d7d1ba880af79e0c648540
ingrid_salceda_img_0327,327.jfif,fantasmas_y_misterio,ilustracion_plana_color,736,776,imagen de fantasma,pixabay,ingrid_salceda,a96ccddf4e1270c75d097f37dfaeff79ac42b466
ingrid_salceda_img_0328,328.jfif,fantasmas_y_misterio,ilustracion_plana_color,735,1057,imagen de fantasma,pixabay,ingrid_salceda,3b4520c66e1345cf4e9db15de735a3f0c5602ded
ingrid_salceda_img_0329,329.jfif,fantasmas_y_misterio,ilustracion_plana_color,735,1040,imagen de fantasma,pixabay,ingrid_salceda,de2c4d3025ec718c67e8df43232d3f6f9d8b2c50
ingrid_salceda_img_0330,330.jfif,fantasmas_y_misterio,ilustracion_plana_color,736,1041,imagen de fantasma,pixabay,ingrid_salceda,c7b66185af2b2b85258cfb3643fd34fc4fff7d7d
ingrid_salceda_img_0331,331.jfif,fantasmas_y_misterio,ilustracion_plana_color,736,736,imagen de fantasma,pixabay,ingrid_salceda,93d781053c571ee3e40f96cc6ac91c0d5e05c820
ingrid_salceda_img_0332,332.jfif,fantasmas_y_misterio,ilustracion_plana_color,439,417,imagen de fantasma,pixabay,ingrid_salceda,8dbb63d93342928f24009d20637d3cb634d40f38
ingrid_salceda_img_0333,333.jfif,fantasmas_y_misterio,ilustracion_plana_color,736,939,imagen de fantasma,pixabay,ingrid_salceda,56d1f61e45cd0d428be3eff9e68cbf18ee3116e7
ingrid_salceda_img_0334,334.jfif,fantasmas_y_misterio,ilustracion_plana_color,405,376,imagen de fantasma,pixabay,ingrid_salceda,25ce9cc91d21861a2015a47bd946101958f6df5e
ingrid_salceda_img_0335,335.jfif,fantasmas_y_misterio,ilustracion_plana_color,735,490,imagen de fantasma,pixabay,ingrid_salceda,b64b0a47f9361af25b8383cdcc7841d0eab56f11
ingrid_salceda_img_0336,336.jfif,fantasmas_y_misterio,ilustracion_plana_color,390,457,imagen de fantasma,pixabay,ingrid_salceda,7439a7ea3fc935f1c2f86a8c6c841b3644bec707
ingrid_salceda_img_0337,337.jfif,fantasmas_y_misterio,ilustracion_plana_color,214,232,imagen de fantasma,pixabay,ingrid_salceda,2d426a069bdcbcd9c150483ce1d5b21a424d4ee9
ingrid_salceda_img_0338,338.jfif,fantasmas_y_misterio,ilustracion_plana_color,400,400,imagen de fantasma,pixabay,ingrid_salceda,f504d7e0097ec45bdfe59ff5f30a86c012708b91
ingrid_salceda_img_0339,339.jfif,fantasmas_y_misterio,ilustracion_plana_color,417,491,imagen de fantasma,pixabay,ingrid_salceda,a39c1f239e33508153fcfd181a50bfad2a827a09
ingrid_salceda_img_0340,340.jfif,fantasmas_y_misterio,ilustracion_plana_color,736,736,imagen de fantasma,pixabay,ingrid_salceda,163cbda6b2756a56ade2b760c245e8c0e905e3d5
ingrid_salceda_img_0341,341.jfif,fantasmas_y_misterio,ilustracion_plana_color,736,883,imagen de fantasma,pixabay,ingrid_salceda,10781cc89f533322797d4b3cafd6f19415ba70d7
ingrid_salceda_img_0343,343.jfif,fantasmas_y_misterio,ilustracion_plana_color,512,785,imagen de fantasma,pixabay,ingrid_salceda,41e3a51b8b1912ff124077b1475e9d9abb57a5b2
ingrid_salceda_img_0344,344.jfif,fantasmas_y_misterio,ilustracion_plana_color,519,794,imagen de fantasma,pixabay,ingrid_salceda,497a23916efd15e132552fcd2db5c05434953b92
ingrid_salceda_img_0345,345.jfif,fantasmas_y_misterio,ilustracion_plana_color,578,794,imagen de fantasma,pixabay,ingrid_salceda,956325bd1e8ec743ee9276e4d8247442a2aadf31
ingrid_salceda_img_0346,346.jfif,fantasmas_y_misterio,ilustracion_plana_color,458,794,imagen de fantasma,pixabay,ingrid_salceda,bc5fdaf45106eab4f70f48be38f356cae466d31d
ingrid_salceda_img_0347,347.jfif,fantasmas_y_misterio,ilustracion_plana_color,682,638,imagen de fantasma,pixabay,ingrid_salceda,bc63779b2a02129047288600f30bddf272f142d0
ingrid_salceda_img_0348,348.jfif,fantasmas_y_misterio,ilustracion_plana_color,230,300,imagen de fantasma,pixabay,ingrid_salceda,748d778ee559ab3399e266cc8b96e6bba4846c3d
ingrid_salceda_img_0349,349.jfif,fantasmas_y_misterio,ilustracion_plana_color,313,313,imagen de fantasma,pixabay,ingrid_salceda,42e688369fbae114c47bdee54ee3e1d1e6722994
ingrid_salceda_img_0350,350.jfif,fantasmas_y_misterio,ilustracion_plana_color,736,736,imagen de fantasma,pixabay,ingrid_salceda,92eeaa0211794c88c46a910c957a9be362458606
ingrid_salceda_img_0351,351.jfif,fantasmas_y_misterio,ilustracion_plana_color,450,470,imagen de fantasma,pixabay,ingrid_salceda,440f0f84949395b8f67348757852bea0cebe95b1
ingrid_salceda_img_0352,352.jfif,fantasmas_y_misterio,ilustracion_plana_color,518,480,imagen de fantasma,pixabay,ingrid_salceda,b44fb3ddafc8f4a2ffcac1cdf119f533017741ba
ingrid_salceda_img_0353,353.jfif,fantasmas_y_misterio,ilustracion_plana_color,225,225,imagen de fantasma,pixabay,ingrid_salceda,2d9ffe48d878ac4971b6c99eb4eff77b1d3fca1b
ingrid_salceda_img_0354,354.jfif,fantasmas_y_misterio,ilustracion_plana_color,736,981,imagen de fantasma,pixabay,ingrid_salceda,5643fee8689e2c075404678d868b74a9a700d735
ingrid_salceda_img_0355,355.jfif,fantasmas_y_misterio,ilustracion_plana_color,736,899,imagen de fantasma,pixabay,ingrid_salceda,106010795cd7dfc151c408106376a8f4ed3a523c
ingrid_salceda_img_0356,356.jfif,fantasmas_y_misterio,ilustracion_plana_color,480,480,imagen de fantasma,pixabay,ingrid_salceda,7e10476e88adb87b60e00c57789f07feaa202cb5
ingrid_salceda_img_0357,357.jfif,fantasmas_y_misterio,ilustracion_plana_color,350,282,imagen de fantasma,pixabay,ingrid_salceda,933371f0e1aed5255bc6a9c32f99923646fd0b8a
ingrid_salceda_img_0359,359.jfif,fantasmas_y_misterio,ilustracion_plana_color,735,622,imagen de fantasma,pixabay,ingrid_salceda,66f8335ca9cc6f7e4b9ac0cd79e1c9fe5de7a054
ingrid_salceda_img_0360,360.jfif,fantasmas_y_misterio,ilustracion_plana_color,736,736,imagen de fantasma,pixabay,ingrid_salceda,1136260e7d8d1f0b367f4431be7d56cd5efcf752
ingrid_salceda_img_0361,361.jfif,fantasmas_y_misterio,ilustracion_plana_color,675,1200,imagen de fantasma,pixabay,ingrid_salceda,a011ce70ae59de59f7bf533b1f636c94b8217693
ingrid_salceda_img_0362,362.jfif,fantasmas_y_misterio,ilustracion_plana_color,232,217,imagen de fantasma,pixabay,ingrid_salceda,80a0f724da03ae4cf4f7ff91957ec5ee8c0efb93
ingrid_salceda_img_0363,363.jfif,fantasmas_y_misterio,ilustracion_plana_color,243,299,imagen de fantasma,pixabay,ingrid_salceda,b04f77efb464e8bd84e3fd3d3c6b8e1f779b641b
ingrid_salceda_img_0364,364.jfif,fantasmas_y_misterio,ilustracion_plana_color,736,1041,imagen de fantasma,pixabay,ingrid_salceda,5f0439455bf3f76a19e16bb61d8a398f4b2b08d9
ingrid_salceda_img_0365,365.jfif,fantasmas_y_misterio,ilustracion_plana_color,600,709,imagen de fantasma,pixabay,ingrid_salceda,8fa4e0ed7df0b67e7677df9f7aa13d06e4c0a789
ingrid_salceda_img_0366,366.jfif,fantasmas_y_misterio,ilustracion_plana_color,400,364,imagen de fantasma,pixabay,ingrid_salceda,aec45167d13bafba8763600e962cc914dc1895ef
ingrid_salceda_img_0367,367.jfif,fantasmas_y_misterio,ilustracion_plana_color,512,512,imagen de fantasma,pixabay,ingrid_salceda,3394de93fe28d1fe687e4fe6febea42127392ec7
ingrid_salceda_img_0368,368.jfif,fantasmas_y_misterio,ilustracion_plana_color,422,809,imagen de fantasma,pixabay,ingrid_salceda,6e9518498e5c61e2279146eda7e9dd0dc5320b66
ingrid_salceda_img_0370,370.jfif,fantasmas_y_misterio,ilustracion_plana_color,736,1103,imagen de fantasma,pixabay,ingrid_salceda,9dab2046808924922fc3234344822539b0b2af9b
ingrid_salceda_img_0371,371.jfif,fantasmas_y_misterio,ilustracion_plana_color,450,768,imagen de fantasma,pixabay,ingrid_salceda,02c466caa48f184fcc168fa67f92fcd013d8ac12
ingrid_salceda_img_0372,372.jfif,fantasmas_y_misterio,ilustracion_plana_color,736,492,imagen de fantasma,pixabay,ingrid_salceda,59e62ce0f824f331ea7b90d7178ed502086c663b
ingrid_salceda_img_0373,373.jfif,fantasmas_y_misterio,ilustracion_plana_color,736,736,imagen de fantasma,pixabay,ingrid_salceda,3277ff5dcfa036793a340ab943e953f191312ddf
ingrid_salceda_img_0374,374.jfif,fantasmas_y_misterio,ilustracion_plana_color,736,1404,imagen de fantasma,pixabay,ingrid_salceda,ff78088e4a8241f95d9c19f1f1c8862ab1f0cd58
ingrid_salceda_img_0375,375.jfif,fantasmas_y_misterio,ilustracion_plana_color,736,736,imagen de fantasma,pixabay,ingrid_salceda,2d8b8d4ee57db64e52b998e58394aea901bfeeab
ingrid_salceda_img_0376,376.jfif,fantasmas_y_misterio,ilustracion_plana_color,286,314,imagen de fantasma,pixabay,ingrid_salceda,bf6afae13c07134210e352ec30d35e82625f3d23
ingrid_salceda_img_0377,377.jfif,fantasmas_y_misterio,ilustracion_plana_color,736,736,imagen de fantasma,pixabay,ingrid_salceda,944d0fe0d0a7d03622d322f26a4d5946af5cadde
ingrid_salceda_img_0378,378.jfif,fantasmas_y_misterio,ilustracion_plana_color,494,620,imagen de fantasma,pixabay,ingrid_salceda,9eef9f647612c22d03cb05686c4b10b9a37b473f
ingrid_salceda_img_0379,379.jfif,fantasmas_y_misterio,ilustracion_plana_color,560,596,imagen de fantasma,pixabay,ingrid_salceda,78135091ba55c1f0ad918dd66e7be687637baf61
ingrid_salceda_img_0380,380.jfif,fantasmas_y_misterio,ilustracion_plana_color,626,626,imagen de fantasma,pixabay,ingrid_salceda,cf49003bc827081d8ed4b4dd9fde4698b7e5e279
ingrid_salceda_img_0381,381.jfif,fantasmas_y_misterio,ilustracion_plana_color,512,512,imagen de fantasma,pixabay,ingrid_salceda,c42db369d0f561b5aa20da2dcc4216fded4996a8
ingrid_salceda_img_0382,382.jfif,fantasmas_y_misterio,ilustracion_plana_color,736,951,imagen de fantasma,pixabay,ingrid_salceda,62970f97e6a03ba7a584b8e4d00b73ceae0088d9
ingrid_salceda_img_0383,383.jfif,fantasmas_y_misterio,ilustracion_plana_color,736,911,imagen de fantasma,pixabay,ingrid_salceda,a0d3ed0bab16d1b18f154e57ef61769bc92387c0
ingrid_salceda_img_0384,384.jfif,fantasmas_y_misterio,ilustracion_plana_color,700,1080,imagen de fantasma,pixabay,ingrid_salceda,d5d847d912e542322b3fc862e418b7072feed0eb
ingrid_salceda_img_0385,385.jfif,fantasmas_y_misterio,ilustracion_plana_color,581,600,imagen de fantasma,pixabay,ingrid_salceda,4c1bfe11f89367fd10431c8439f3d76597f2cd78
ingrid_salceda_img_0386,386.jfif,fantasmas_y_misterio,ilustracion_plana_color,735,686,imagen de fantasma,pixabay,ingrid_salceda,ed25a7ec1dba5e18a277659656fdf63c8a07d43b
ingrid_salceda_img_0387,387.jfif,fantasmas_y_misterio,ilustracion_plana_color,735,737,imagen de fantasma,pixabay,ingrid_salceda,ed5e30a057f70995f63ee9cc089fdc5ab2282b96
ingrid_salceda_img_0388,388.jfif,fantasmas_y_misterio,ilustracion_plana_color,432,450,imagen de fantasma,pixabay,ingrid_salceda,0b8e05b7765266ec0a3704af8542de0ca7bda0a3
ingrid_salceda_img_0389,389.jfif,fantasmas_y_misterio,ilustracion_plana_color,736,981,imagen de fantasma,pixabay,ingrid_salceda,1ab161b2244077d3c9394ad8c49b2eab43eb561c
ingrid_salceda_img_0390,390.jfif,fantasmas_y_misterio,ilustracion_plana_color,736,710,imagen de fantasma,pixabay,ingrid_salceda,63be94f91527aa0469f576cf5a8f03b31333bc12
ingrid_salceda_img_0391,391.jfif,fantasmas_y_misterio,ilustracion_plana_color,260,280,imagen de fantasma,pixabay,ingrid_salceda,0b19cabf3f32bd6851372ded71ba35987c11fb3c
ingrid_salceda_img_0393,393.jfif,fantasmas_y_misterio,ilustracion_plana_color,735,905,imagen de fantasma,pixabay,ingrid_salceda,40cf146e1a9c1b44513e6ec5b6ea84428bd9ffb9
ingrid_salceda_img_0394,394.jfif,fantasmas_y_misterio,ilustracion_plana_color,736,820,imagen de fantasma,pixabay,ingrid_salceda,c20706e1bf6dce53e6ada8a965937259b0d8ef2e
ingrid_salceda_img_0395,395.jfif,fantasmas_y_misterio,ilustracion_plana_color,736,787,imagen de fantasma,pixabay,ingrid_salceda,3ef0f8db979112bddbbc822c87cfda1573d64968
ingrid_salceda_img_0396,396.jfif,fantasmas_y_misterio,ilustracion_plana_color,736,736,imagen de fantasma,pixabay,ingrid_salceda,bb4e47a116c3d89793e8236b6c6c5b7f205060f5
ingrid_salceda_img_0397,397.jfif,fantasmas_y_misterio,ilustracion_plana_color,735,401,imagen de fantasma,pixabay,ingrid_salceda,50173cdd72f0fbb1159a6797ac2c64ed0c110ba7
ingrid_salceda_img_0398,398.jfif,fantasmas_y_misterio,ilustracion_plana_color,736,1059,imagen de fantasma,pixabay,ingrid_salceda,5d89270515d3853c7b48a37d3f964f73ce392cb2
ingrid_salceda_img_0400,400.jfif,fantasmas_y_misterio,ilustracion_plana_color,736,1175,imagen de fantasma,pixabay,ingrid_salceda,8138f76edfe46e19df37bf52ffa172a622e7d7de
ingrid_salceda_img_0401,401.jfif,fantasmas_y_misterio,ilustracion_plana_color,736,981,imagen de fantasma,pixabay,ingrid_salceda,a3b911a7f6e0776588963c759bcd07d9485191e1
ingrid_salceda_img_0402,402.jfif,fantasmas_y_misterio,ilustracion_plana_color,736,1104,imagen de fantasma,pixabay,ingrid_salceda,dc2cd468cee96d5d38767f7c71c4844f4a0acfb3
ingrid_salceda_img_0403,403.jfif,fantasmas_y_misterio,ilustracion_plana_color,700,700,imagen de fantasma,pixabay,ingrid_salceda,2da5e97ca3784d6d6c40329bb959cd2e2b7e13d0
ingrid_salceda_img_0404,404.jfif,fantasmas_y_misterio,ilustracion_plana_color,736,736,imagen de fantasma,pixabay,ingrid_salceda,15d3b31300ac1ef4f637cdfb3d432144cf0728e9
ingrid_salceda_img_0406,406.jfif,fantasmas_y_misterio,ilustracion_plana_color,435,626,imagen de fantasma,pixabay,ingrid_salceda,50409b3e495902a1c5285b65debc4beabef80bfb
ingrid_salceda_img_0407,407.jfif,fantasmas_y_misterio,ilustracion_plana_color,736,977,imagen de fantasma,pixabay,ingrid_salceda,96271bd90b259c446032693bdf2bede0d6fa1aca
ingrid_salceda_img_0408,408.jfif,fantasmas_y_misterio,ilustracion_plana_color,736,736,imagen de fantasma,pixabay,ingrid_salceda,e5085b86fc2a4608bba173436790185827362c1c
ingrid_salceda_img_0409,409.jfif,fantasmas_y_misterio,ilustracion_plana_color,735,683,imagen de fantasma,pixabay,ingrid_salceda,766a6ba39848c06a2408568215a576210105e119
ingrid_salceda_img_0410,410.jfif,fantasmas_y_misterio,ilustracion_plana_color,736,736,imagen de fantasma,pixabay,ingrid_salceda,90bc4352b1ad5983b6a9735aafb354515aa08af6
ingrid_salceda_img_0412,412.jfif,fantasmas_y_misterio,ilustracion_plana_color,735,568,imagen de fantasma,pixabay,ingrid_salceda,8add9f0cd2eaae411f91bee903316ff4f67065cc
ingrid_salceda_img_0413,413.jfif,fantasmas_y_misterio,ilustracion_plana_color,736,1021,imagen de fantasma,pixabay,ingrid_salceda,78bb3df67e13b2f9633cf39178302046fb8d96eb
ingrid_salceda_img_0414,414.jfif,fantasmas_y_misterio,ilustracion_plana_color,736,1104,imagen de fantasma,pixabay,ingrid_salceda,c52d3f5ecee7f5fdd4e7b2601d86324eda817def
ingrid_salceda_img_0415,415.jfif,fantasmas_y_misterio,ilustracion_plana_color,328,375,imagen de fantasma,pixabay,ingrid_salceda,774e4db6606ddb47a325c99def2d79f3ef55557d
ingrid_salceda_img_0416,416.jfif,fantasmas_y_misterio,ilustracion_plana_color,447,430,imagen de fantasma,pixabay,ingrid_salceda,a98abccf37f83dbe35746e06fdba217fec0cd37a
ingrid_salceda_img_0417,417.jfif,fantasmas_y_misterio,ilustracion_plana_color,220,220,imagen de fantasma,pixabay,ingrid_salceda,9a0995c6b5ad8e7e9095c1a4a1da2a86d9f71485
ingrid_salceda_img_0418,418.jfif,fantasmas_y_misterio,ilustracion_plana_color,736,736,imagen de fantasma,pixabay,ingrid_salceda,d9fcb256ae8e766439642e75a0affcbdaea1897d
ingrid_salceda_img_0419,419.jfif,fantasmas_y_misterio,ilustracion_plana_color,736,981,imagen de fantasma,pixabay,ingrid_salceda,9beaedb50f673a98b210f911236d51c91870337e
ingrid_salceda_img_0420,420.jfif,fantasmas_y_misterio,ilustracion_plana_color,736,1308,imagen de fantasma,pixabay,ingrid_salceda,2f4c8e8a0f49e672ff90909597cc36b0be413523
ingrid_salceda_img_0421,421.jfif,fantasmas_y_misterio,ilustracion_plana_color,736,736,imagen de fantasma,pixabay,ingrid_salceda,744bfdaed2206b3a0b818466950dc65a37325148
ingrid_salceda_img_0422,422.jfif,fantasmas_y_misterio,ilustracion_plana_color,736,1075,imagen de fantasma,pixabay,ingrid_salceda,da1f8480e789109761b31f33cc6e60549f9dd3b4
ingrid_salceda_img_0423,423.jfif,fantasmas_y_misterio,ilustracion_plana_color,736,1104,imagen de fantasma,pixabay,ingrid_salceda,53bc02c3559b7a64462b7d7987899c8a49cd7b81
ingrid_salceda_img_0424,424.jfif,fantasmas_y_misterio,ilustracion_plana_color,735,767,imagen de fantasma,pixabay,ingrid_salceda,afaea5f70133f06019e49dcc6ae2407f5bc4321d
ingrid_salceda_img_0425,425.jfif,fantasmas_y_misterio,ilustracion_plana_color,512,512,imagen de fantasma,pixabay,ingrid_salceda,95da8ee93203e27b8406b3fddec7102281189932
ingrid_salceda_img_0426,426.jfif,fantasmas_y_misterio,ilustracion_plana_color,416,650,imagen de fantasma,pixabay,ingrid_salceda,caa7b3565a4d50e514aa052940c6bd7097ccc223
ingrid_salceda_img_0427,427.jfif,fantasmas_y_misterio,ilustracion_plana_color,203,287,imagen de fantasma,pixabay,ingrid_salceda,555c4bdbe5c8dd08276ce0ebff05f7a9f8d9fff2
ingrid_salceda_img_0429,429.jfif,fantasmas_y_misterio,ilustracion_plana_color,736,736,imagen de fantasma,pixabay,ingrid_salceda,89f5db5c51a402ef00a237dc4d6720eba65f6352
ingrid_salceda_img_0431,431.jfif,fantasmas_y_misterio,ilustracion_plana_color,478,456,imagen de fantasma,pixabay,ingrid_salceda,fceb8ffa20ca80ff605431d8dbf82fa5fcaee7fb
ingrid_salceda_img_0432,432.jfif,fantasmas_y_misterio,ilustracion_plana_color,736,736,imagen de fantasma,pixabay,ingrid_salceda,6bc74cd7af21dbde7978e8c0d950e17e4ca2bbf8
ingrid_salceda_img_0433,433.jfif,fantasmas_y_misterio,ilustracion_plana_color,736,736,imagen de fantasma,pixabay,ingrid_salceda,f81919f81fea7b474c5ee4e53588111197a29c2a
ingrid_salceda_img_0434,434.jfif,fantasmas_y_misterio,ilustracion_plana_color,736,919,imagen de fantasma,pixabay,ingrid_salceda,28b8017ea9ab51e46f0a861ee1094e3e3b7f932d
ingrid_salceda_img_0435,435.jfif,fantasmas_y_misterio,ilustracion_plana_color,736,736,imagen de fantasma,pixabay,ingrid_salceda,00d7dd956197b25e95426df2ed0379a706a16baf
ingrid_salceda_img_0437,437.jfif,fantasmas_y_misterio,ilustracion_plana_color,305,474,imagen de fantasma,pixabay,ingrid_salceda,35f8f4b8338e9174bd99d5fc293fda0dbb391376
ingrid_salceda_img_0438,438.jfif,fantasmas_y_misterio,ilustracion_plana_color,640,640,imagen de fantasma,pixabay,ingrid_salceda,c20896d8e7efef63fe59dadf95d4c1cccbf64281
ingrid_salceda_img_0439,439.jfif,fantasmas_y_misterio,ilustracion_plana_color,310,291,imagen de fantasma,pixabay,ingrid_salceda,65176b0cb65b1f4c42893a8f9b35134994aa754a
ingrid_salceda_img_0440,440.jfif,fantasmas_y_misterio,ilustracion_plana_color,578,900,imagen de fantasma,pixabay,ingrid_salceda,24aa91e1cfc7c0c8b0ff11e1b911d027c793667e
ingrid_salceda_img_0441,441.jfif,fantasmas_y_misterio,ilustracion_plana_color,736,803,imagen de fantasma,pixabay,ingrid_salceda,2fef9e989fb07675454c68e753410c1fd0630ba7
ingrid_salceda_img_0442,442.jfif,fantasmas_y_misterio,ilustracion_plana_color,564,564,imagen de fantasma,pixabay,ingrid_salceda,618d9906db840d2938c389f00e21f5d1fbcdc731
ingrid_salceda_img_0443,443.jfif,fantasmas_y_misterio,ilustracion_plana_color,350,350,imagen de fantasma,pixabay,ingrid_salceda,dd36637b5433d91df2e1302cedf804ce37f17636
ingrid_salceda_img_0444,444.jfif,fantasmas_y_misterio,ilustracion_plana_color,545,1080,imagen de fantasma,pixabay,ingrid_salceda,3166305c2d567e8d538615f4f4ddff544c2926eb
ingrid_salceda_img_0445,445.jfif,fantasmas_y_misterio,ilustracion_plana_color,736,736,imagen de fantasma,pixabay,ingrid_salceda,e4bd1640eec2b23b1161a723a8dce55b20aeeaee
ingrid_salceda_img_0446,446.jfif,fantasmas_y_misterio,ilustracion_plana_color,736,736,imagen de fantasma,pixabay,ingrid_salceda,778987c556ce39b169452e82c4f2e37d00a807c2
ingrid_salceda_img_0447,447.jfif,fantasmas_y_misterio,ilustracion_plana_color,362,403,imagen de fantasma,pixabay,ingrid_salceda,0df7aff21a89b628248483dfc1337dc69de2a353
ingrid_salceda_img_0449,449.jfif,fantasmas_y_misterio,ilustracion_plana_color,728,670,imagen de fantasma,pixabay,ingrid_salceda,ea589c4ac48d1bab2309726271d1942222e426c8
ingrid_salceda_img_0450,450.jfif,fantasmas_y_misterio,ilustracion_plana_color,736,1308,imagen de fantasma,pixabay,ingrid_salceda,518185c947fff97506f9faaa5ce269c925791bda
ingrid_salceda_img_0451,451.jfif,fantasmas_y_misterio,ilustracion_plana_color,736,736,imagen de fantasma,pixabay,ingrid_salceda,493200c60411d5fa9275fc8f64e5ccaae39a7f01
ingrid_salceda_img_0452,452.jfif,fantasmas_y_misterio,ilustracion_plana_color,736,1308,imagen de fantasma,pixabay,ingrid_salceda,1ce830bdf50c7baa626ae0721be7c69fa83a1998
ingrid_salceda_img_0453,453.jfif,fantasmas_y_misterio,ilustracion_plana_color,736,726,imagen de fantasma,pixabay,ingrid_salceda,faa1ba7cd0519c64525d77e9cb61cccb6ad43939
ingrid_salceda_img_0454,454.jfif,fantasmas_y_misterio,ilustracion_plana_color,736,981,imagen de fantasma,pixabay,ingrid_salceda,2b38fd83fea1d375a3cb44309e727f8fb6071b4f
ingrid_salceda_img_0456,456.jfif,fantasmas_y_misterio,ilustracion_plana_color,348,420,imagen de fantasma,pixabay,ingrid_salceda,0f4176c580dc0bc5c18bc02f25a9ebc6fd69669e
ingrid_salceda_img_0457,457.jfif,fantasmas_y_misterio,ilustracion_plana_color,521,857,imagen de fantasma,pixabay,ingrid_salceda,026f465c2a72ea9858d40c390af55c38a286c38b
ingrid_salceda_img_0458,458.jfif,fantasmas_y_misterio,ilustracion_plana_color,736,880,imagen de fantasma,pixabay,ingrid_salceda,df0e9b855419755641840a29f37a0ae5d7cc7035
ingrid_salceda_img_0459,459.jfif,fantasmas_y_misterio,ilustracion_plana_color,512,512,imagen de fantasma,pixabay,ingrid_salceda,ff40fa57a567204fc7f8a451e63532a5ddb805d0
ingrid_salceda_img_0460,460.jfif,fantasmas_y_misterio,ilustracion_plana_color,736,736,imagen de fantasma,pixabay,ingrid_salceda,c173643f26cd28ab7073e85ca9065b3973506248
ingrid_salceda_img_0463,463.jfif,fantasmas_y_misterio,ilustracion_plana_color,580,386,imagen de fantasma,pixabay,ingrid_salceda,727b36713c90df8a3f949f1ead1b9e1a2120b54d
ingrid_salceda_img_0464,464.jfif,fantasmas_y_misterio,ilustracion_plana_color,700,700,imagen de fantasma,pixabay,ingrid_salceda,4ff0fd452ce7411d5cbd8d3754d17c97424682da
ingrid_salceda_img_0465,465.jfif,fantasmas_y_misterio,ilustracion_plana_color,587,600,imagen de fantasma,pixabay,ingrid_salceda,d872431826b3d27e2f8bd9a75565b0373f9378a1
ingrid_salceda_img_0467,467.jfif,fantasmas_y_misterio,ilustracion_plana_color,459,769,imagen de fantasma,pixabay,ingrid_salceda,40050a31a832218c6c295b12a417e9cb79be0679
ingrid_salceda_img_0468,468.gif,fantasmas_y_misterio,ilustracion_plana_color,483,675,imagen de fantasma,pixabay,ingrid_salceda,6dd31baf49da1a477cbeee54b4f1782deee49346
ingrid_salceda_img_0469,469.jfif,fantasmas_y_misterio,ilustracion_plana_color,452,411,imagen de fantasma,pixabay,ingrid_salceda,8315abb3c06ac9681b4cd65edd97d7d9088a2e7f
ingrid_salceda_img_0470,470.jfif,fantasmas_y_misterio,ilustracion_plana_color,735,461,imagen de fantasma,pixabay,ingrid_salceda,5069ce22a9e34b0da794de5c903a8f55e32bd3d2
ingrid_salceda_img_0471,471.jfif,fantasmas_y_misterio,ilustracion_plana_color,736,736,imagen de fantasma,pixabay,ingrid_salceda,f3432976a45d957b0a6be7b8c1c3b4b186bb8700
ingrid_salceda_img_0472,472.jfif,fantasmas_y_misterio,ilustracion_plana_color,736,736,imagen de fantasma,pixabay,ingrid_salceda,2934d868fb04c953bda4329c53a231dc9c281b92
ingrid_salceda_img_0473,473.jfif,fantasmas_y_misterio,ilustracion_plana_color,736,1349,imagen de fantasma,pixabay,ingrid_salceda,d7ed23b4771242c89f2bf6b32444908db438e522
ingrid_salceda_img_0474,474.jfif,fantasmas_y_misterio,ilustracion_plana_color,736,1308,imagen de fantasma,pixabay,ingrid_salceda,a50cbb2b4deea32899b2fa8b0d1eb2178e3facdd
ingrid_salceda_img_0475,475.jfif,fantasmas_y_misterio,ilustracion_plana_color,720,1280,imagen de fantasma,pixabay,ingrid_salceda,cad8b51cdfe21290506817f87dcb86ff1ebd9112
ingrid_salceda_img_0476,476.jfif,fantasmas_y_misterio,ilustracion_plana_color,640,1024,imagen de fantasma,pixabay,ingrid_salceda,d2d92084f571e83c2cba7fbdd091bc50cd3fa4f4
ingrid_salceda_img_0477,477.jfif,fantasmas_y_misterio,ilustracion_plana_color,270,432,imagen de fantasma,pixabay,ingrid_salceda,0903ac94ae4cebc7ba43ac94f3f4d017eca44ecf
ingrid_salceda_img_0478,478.jfif,fantasmas_y_misterio,ilustracion_plana_color,736,736,imagen de fantasma,pixabay,ingrid_salceda,af8e17af9a16e583a0e8a9352f3d3eb972d9f4de
ingrid_salceda_img_0479,479.jfif,fantasmas_y_misterio,ilustracion_plana_color,297,473,imagen de fantasma,pixabay,ingrid_salceda,1e8ba5e3f7ebc95777255d2102cebb0f9a4f2c98
ingrid_salceda_img_0480,480.jfif,fantasmas_y_misterio,ilustracion_plana_color,527,581,imagen de fantasma,pixabay,ingrid_salceda,41ac87d8bdf5774698ee91228ed6ae5d213802e0
ingrid_salceda_img_0481,481.jfif,fantasmas_y_misterio,ilustracion_plana_color,735,911,imagen de fantasma,pixabay,ingrid_salceda,66afa7fe3d4e3b82b0b7ff83463619b32830510c
ingrid_salceda_img_0482,482.jfif,fantasmas_y_misterio,ilustracion_plana_color,736,736,imagen de fantasma,pixabay,ingrid_salceda,49a8dc257bcf78ee6533812fe1b227f1d3d2d6e5
ingrid_salceda_img_0483,483.jfif,fantasmas_y_misterio,ilustracion_plana_color,512,512,imagen de fantasma,pixabay,ingrid_salceda,0996e4e0463ab9b34a82f48055824f589fd4b31f
ingrid_salceda_img_0484,484.jfif,fantasmas_y_misterio,ilustracion_plana_color,736,736,imagen de fantasma,pixabay,ingrid_salceda,0c230ea6343a9ac2b0020d9174c7abbe47a92724
ingrid_salceda_img_0485,485.jfif,fantasmas_y_misterio,ilustracion_plana_color,735,741,imagen de fantasma,pixabay,ingrid_salceda,9ed05ce67f88193770051d8c80002d13b3f68bde
ingrid_salceda_img_0486,486.jfif,fantasmas_y_misterio,ilustracion_plana_color,736,736,imagen de fantasma,pixabay,ingrid_salceda,c9b838ad114b2d4bf77381e979a43227e721dbd6
ingrid_salceda_img_0487,487.jfif,fantasmas_y_misterio,ilustracion_plana_color,736,736,imagen de fantasma,pixabay,ingrid_salceda,5a49fecf9edb98de90bfd39a4804a40b415c587c
ingrid_salceda_img_0488,488.jfif,fantasmas_y_misterio,ilustracion_plana_color,736,736,imagen de fantasma,pixabay,ingrid_salceda,8c1ecc1f52d2fb9f0088cdd581e4218ac4a8aa65
ingrid_salceda_img_0489,489.jfif,fantasmas_y_misterio,ilustracion_plana_color,736,736,imagen de fantasma,pixabay,ingrid_salceda,984e0c0eb9ca9b52b5e62634ac5bd704ddd4f380
ingrid_salceda_img_0490,490.jfif,fantasmas_y_misterio,ilustracion_plana_color,736,736,imagen de fantasma,pixabay,ingrid_salceda,66373ecc383d6de1c9b639b78bfecb72a4a043d9
ingrid_salceda_img_0491,491.jfif,fantasmas_y_misterio,ilustracion_plana_color,736,736,imagen de fantasma,pixabay,ingrid_salceda,1f79e744112d773c0dedb1071d5830c3a5ecddc3
ingrid_salceda_img_0492,492.jfif,fantasmas_y_misterio,ilustracion_plana_color,736,736,imagen de fantasma,pixabay,ingrid_salceda,b16a5a959a2090a614f39b8ce1204e7aeda63c3a
ingrid_salceda_img_0493,493.jfif,fantasmas_y_misterio,ilustracion_plana_color,736,736,imagen de fantasma,pixabay,ingrid_salceda,8cdd20bfbeb982e8f73ccaa44a20ae8117f1ca2b
ingrid_salceda_img_0494,494.jfif,fantasmas_y_misterio,ilustracion_plana_color,736,736,imagen de fantasma,pixabay,ingrid_salceda,15473defd976875b30030b5628ed294b600a9fe9
ingrid_salceda_img_0495,495.jfif,fantasmas_y_misterio,ilustracion_plana_color,736,736,imagen de fantasma,pixabay,ingrid_salceda,186236b42369436086be86cf21eba61fa66b41ec
ingrid_salceda_img_0496,496.jfif,fantasmas_y_misterio,ilustracion_plana_color,736,1314,imagen de fantasma,pixabay,ingrid_salceda,f8f6fd2132dfc107f841c55b239e07945bb10457
ingrid_salceda_img_0497,497.jfif,fantasmas_y_misterio,ilustracion_plana_color,736,1314,imagen de fantasma,pixabay,ingrid_salceda,802d377cc1c40fbe938ff5b9d8c849a68182d47a
ingrid_salceda_img_0498,498.jfif,fantasmas_y_misterio,ilustracion_plana_color,736,1314,imagen de fantasma,pixabay,ingrid_salceda,12ff527d5a3e89ee5baf205c71cdb036215b7f8d
ingrid_salceda_img_0499,499.jfif,fantasmas_y_misterio,ilustracion_plana_color,400,400,imagen de fantasma,pixabay,ingrid_salceda,7c0f60410330e598893df55f08e8879041aadaa5
ingrid_salceda_img_0500,500.jfif,fantasmas_y_misterio,ilustracion_plana_color,639,703,imagen de fantasma,pixabay,ingrid_salceda,038e8f06a8cc7749b3c54ccefb59d2f771b114d8
ingrid_salceda_img_0501,501.jfif,fantasmas_y_misterio,ilustracion_plana_color,736,788,imagen de fantasma,pixabay,ingrid_salceda,1f0fceb07391c8ee2a812ea3c9d4c4d44bf24663
ingrid_salceda_img_0502,502.jfif,fantasmas_y_misterio,ilustracion_plana_color,736,787,imagen de fantasma,pixabay,ingrid_salceda,1b577a959b9b4f3ccc5bb08549edba8c84279574
ingrid_salceda_img_0503,503.jfif,fantasmas_y_misterio,ilustracion_plana_color,736,1308,imagen de fantasma,pixabay,ingrid_salceda,afa06bf8e30007cf5c01b0d1e9aa77deecb7f8e5
ingrid_salceda_img_0504,504.jfif,fantasmas_y_misterio,ilustracion_plana_color,316,450,imagen de fantasma,pixabay,ingrid_salceda,00104a823e9f03fb9c4100b018408e4054329037
ingrid_salceda_img_0505,505.jfif,fantasmas_y_misterio,ilustracion_plana_color,675,1200,imagen de fantasma,pixabay,ingrid_salceda,44d934382e025672163c518b788376cf7aa5365e
ingrid_salceda_img_0506,506.jfif,fantasmas_y_misterio,ilustracion_plana_color,297,528,imagen de fantasma,pixabay,ingrid_salceda,9624680da22a4eebd93cb3bc18950f7fa603c38c
ingrid_salceda_img_0507,507.jfif,fantasmas_y_misterio,ilustracion_plana_color,255,360,imagen de fantasma,pixabay,ingrid_salceda,965d1549a6694bcccb59e5f9f3232699b37d7a01
ingrid_salceda_img_0508,508.jfif,fantasmas_y_misterio,ilustracion_plana_color,324,400,imagen de fantasma,pixabay,ingrid_salceda,4e451d3c7d59e65a04d28cc6adc646c42968730b
ingrid_salceda_img_0509,509.jfif,fantasmas_y_misterio,ilustracion_plana_color,736,1136,imagen de fantasma,pixabay,ingrid_salceda,3b472cb8b23ef8398597036058fe192630b61987
ingrid_salceda_img_0510,510.jfif,fantasmas_y_misterio,ilustracion_plana_color,289,405,imagen de fantasma,pixabay,ingrid_salceda,09ed661d01fbf8a5334134980148775f952b5702
ingrid_salceda_img_0511,511.jfif,fantasmas_y_misterio,ilustracion_plana_color,736,736,imagen de fantasma,pixabay,ingrid_salceda,eafd3c1597b997bf00e2ddb90dd2c34ab63ba832
ingrid_salceda_img_0512,512.jfif,fantasmas_y_misterio,ilustracion_plana_color,398,608,imagen de fantasma,pixabay,ingrid_salceda,ece1c535f0cf25ebc7b25edbff78232a77381654
ingrid_salceda_img_0513,513.jfif,fantasmas_y_misterio,ilustracion_plana_color,720,675,imagen de fantasma,pixabay,ingrid_salceda,8074caa078edf7466aff4ad1de534bd41d3f5f8f
ingrid_salceda_img_0514,514.jfif,fantasmas_y_misterio,ilustracion_plana_color,736,736,imagen de fantasma,pixabay,ingrid_salceda,1c582d924325d5fb027d53f60e81a680d9979b57
ingrid_salceda_img_0515,515.jfif,fantasmas_y_misterio,ilustracion_plana_color,736,981,imagen de fantasma,pixabay,ingrid_salceda,39bdbb1885a7c8000c172e8cbd7a479e3dc1add1
ingrid_salceda_img_0516,516.jfif,fantasmas_y_misterio,ilustracion_plana_color,383,575,imagen de fantasma,pixabay,ingrid_salceda,152a64be7211eda48c1b8a5ccda294befcb212bb
ingrid_salceda_img_0517,517.jfif,fantasmas_y_misterio,ilustracion_plana_color,487,517,imagen de fantasma,pixabay,ingrid_salceda,b0eb63f941164cc3f5ebe3a5bac24445739705e1
ingrid_salceda_img_0518,518.jfif,fantasmas_y_misterio,ilustracion_plana_color,500,500,imagen de fantasma,pixabay,ingrid_salceda,f6a74312d1dad385eed0b1d91e18b248904158c4
ingrid_salceda_img_0519,519.jfif,fantasmas_y_misterio,ilustracion_plana_color,500,703,imagen de fantasma,pixabay,ingrid_salceda,a5cda79b148c16cb2fc0ff57a1af2386609f344f
ingrid_salceda_img_0520,520.jfif,fantasmas_y_misterio,ilustracion_plana_color,736,920,imagen de fantasma,pixabay,ingrid_salceda,d1da97245b9046a90893c0999b4a9e49c688680a
ingrid_salceda_img_0521,521.jfif,fantasmas_y_misterio,ilustracion_plana_color,736,1202,imagen de fantasma,pixabay,ingrid_salceda,2274b0607b48f42c783eca0828e8c801e61c5ab1
ingrid_salceda_img_0522,522.jfif,fantasmas_y_misterio,ilustracion_plana_color,600,599,imagen de fantasma,pixabay,ingrid_salceda,59c58644ecfee16f5d9aff6f4d171ccc58a4ec02
ingrid_salceda_img_0523,523.jfif,fantasmas_y_misterio,ilustracion_plana_color,256,400,imagen de fantasma,pixabay,ingrid_salceda,84f1b0968f5f73a9985dc3e1c5cd1fd1d280a4d6
ingrid_salceda_img_0524,524.jfif,fantasmas_y_misterio,ilustracion_plana_color,736,490,imagen de fantasma,pixabay,ingrid_salceda,e3b8084e1f3082412b0b3d14fdfbc3862b98b23a
ingrid_salceda_img_0525,525.jfif,fantasmas_y_misterio,ilustracion_plana_color,735,857,imagen de fantasma,pixabay,ingrid_salceda,02c13f013e3793603f504697f27580a7ad1377ed
ingrid_salceda_img_0526,526.jfif,fantasmas_y_misterio,ilustracion_plana_color,736,736,imagen de fantasma,pixabay,ingrid_salceda,787c80b21eb465b83908f7f5433c0166d8ced9b2
ingrid_salceda_img_0527,527.jfif,fantasmas_y_misterio,ilustracion_plana_color,736,736,imagen de fantasma,pixabay,ingrid_salceda,4ef5771ef04ac2b0e31e8e345d2eef0b48cfd48b
ingrid_salceda_img_0529,529.jfif,fantasmas_y_misterio,ilustracion_plana_color,570,531,imagen de fantasma,pixabay,ingrid_salceda,62d5d3d08fffa2e94184c1242db80bc8ad481cb3
ingrid_salceda_img_0530,530.jfif,fantasmas_y_misterio,ilustracion_plana_color,736,736,imagen de fantasma,pixabay,ingrid_salceda,c187f68305dee60f650508e017f37e9ad3f53e4a
ingrid_salceda_img_0531,531.jfif,fantasmas_y_misterio,ilustracion_plana_color,736,1302,imagen de fantasma,pixabay,ingrid_salceda,673def7d7f4ef8b72f0802eb330f23deecb85438
ingrid_salceda_img_0532,532.jfif,fantasmas_y_misterio,ilustracion_plana_color,736,946,imagen de fantasma,pixabay,ingrid_salceda,273cb209296ec65f6f62791309c7557b5cc5424c
ingrid_salceda_img_0533,533.jfif,fantasmas_y_misterio,ilustracion_plana_color,735,616,imagen de fantasma,pixabay,ingrid_salceda,3c8c4c93571683b281c03c4bc205121e8ac14c18
ingrid_salceda_img_0534,534.jfif,fantasmas_y_misterio,ilustracion_plana_color,473,729,imagen de fantasma,pixabay,ingrid_salceda,f826bd6168ce67479a82498b43ff663a21d5d5a4
ingrid_salceda_img_0535,535.jfif,fantasmas_y_misterio,ilustracion_plana_color,736,736,imagen de fantasma,pixabay,ingrid_salceda,e35c4b0a5ebba2aab2480de25b018327efbb0744
ingrid_salceda_img_0536,536.jfif,fantasmas_y_misterio,ilustracion_plana_color,299,870,imagen de fantasma,pixabay,ingrid_salceda,c914b12b2d2fd464da1a6c6c814f34b4d2676d57
ingrid_salceda_img_0537,537.jfif,fantasmas_y_misterio,ilustracion_plana_color,736,736,imagen de fantasma,pixabay,ingrid_salceda,b065179ff01270f5cc3a5c442931ff9f1de27c91
ingrid_salceda_img_0538,538.jfif,fantasmas_y_misterio,ilustracion_plana_color,735,458,imagen de fantasma,pixabay,ingrid_salceda,58e35d8c09312049e06b3674add9567de78f5fb8
ingrid_salceda_img_0539,539.jfif,fantasmas_y_misterio,ilustracion_plana_color,736,736,imagen de fantasma,pixabay,ingrid_salceda,736811ca040be885d46da9b486e02d0672f812af
ingrid_salceda_img_0540,540.jfif,fantasmas_y_misterio,ilustracion_plana_color,480,360,imagen de fantasma,pixabay,ingrid_salceda,6fe9a4834d572c0a191eb10a49cfaddf03071b19
ingrid_salceda_img_0541,541.jfif,fantasmas_y_misterio,ilustracion_plana_color,736,1308,imagen de fantasma,pixabay,ingrid_salceda,d963d32b3ecaecd794decca05bccee92471a9f29
ingrid_salceda_img_0542,542.jfif,fantasmas_y_misterio,ilustracion_plana_color,736,736,imagen de fantasma,pixabay,ingrid_salceda,5adfac9bd713684de74fa38c05bce66975602bb4
ingrid_salceda_img_0543,543.jfif,fantasmas_y_misterio,ilustracion_plana_color,626,626,imagen de fantasma,pixabay,ingrid_salceda,bef7d24ef1ac7f050efdc33a9d6f0bbb59024aad
ingrid_salceda_img_0544,544.jfif,fantasmas_y_misterio,ilustracion_plana_color,736,736,imagen de fantasma,pixabay,ingrid_salceda,5b412ce3d1cef5a4e36be2e1b2042e4ba5461d4d
ingrid_salceda_img_0545,545.jfif,fantasmas_y_misterio,ilustracion_plana_color,736,1041,imagen de fantasma,pixabay,ingrid_salceda,b003c87225bb5373bcb4b8037b1df717935235b5
ingrid_salceda_img_0546,546.jfif,fantasmas_y_misterio,ilustracion_plana_color,650,852,imagen de fantasma,pixabay,ingrid_salceda,300950f7cfa68fbc540f34343763afa3581c2aa9
ingrid_salceda_img_0547,547.jfif,fantasmas_y_misterio,ilustracion_plana_color,256,256,imagen de fantasma,pixabay,ingrid_salceda,e49eabc58440f611c172f7abb53ac2668368eaf6
ingrid_salceda_img_0548,548.jfif,fantasmas_y_misterio,ilustracion_plana_color,736,736,imagen de fantasma,pixabay,ingrid_salceda,258546b8f2ad9e50cc012c9e180a8d33dcce06dc
ingrid_salceda_img_0549,549.jfif,fantasmas_y_misterio,ilustracion_plana_color,736,872,imagen de fantasma,pixabay,ingrid_salceda,36b7cabb027934fc5c61c09a69aa0ffc62c18e3b
ingrid_salceda_img_0550,550.jfif,fantasmas_y_misterio,ilustracion_plana_color,612,612,imagen de fantasma,pixabay,ingrid_salceda,631ae919680a9f2b3bb08db58d69887a6b81c1eb
ingrid_salceda_img_0551,551.jfif,fantasmas_y_misterio,ilustracion_plana_color,736,981,imagen de fantasma,pixabay,ingrid_salceda,e1e349cd462918d97a67d37edcb1a717279bb915
ingrid_salceda_img_0552,552.jfif,fantasmas_y_misterio,ilustracion_plana_color,500,750,imagen de fantasma,pixabay,ingrid_salceda,1cbdebe725beb4843dac886f7284ac1f5d7d083c
ingrid_salceda_img_0553,553.jfif,fantasmas_y_misterio,ilustracion_plana_color,736,736,imagen de fantasma,pixabay,ingrid_salceda,98184cdd745e023dae547ce243c39ba9fef6b476
ingrid_salceda_img_0554,554.jfif,fantasmas_y_misterio,ilustracion_plana_color,532,612,imagen de fantasma,pixabay,ingrid_salceda,c1ff7ee3814cf16096dfc09dc90a6f0887495fbc
ingrid_salceda_img_0555,555.jfif,fantasmas_y_misterio,ilustracion_plana_color,600,527,imagen de fantasma,pixabay,ingrid_salceda,3cc98cc2ec732d2f940e2117bb2b4c38641a4b2e
ingrid_salceda_img_0556,556.jfif,fantasmas_y_misterio,ilustracion_plana_color,398,688,imagen de fantasma,pixabay,ingrid_salceda,1e40e27887e1887bb318ad522eeaf820580622cd
ingrid_salceda_img_0557,557.jfif,fantasmas_y_misterio,ilustracion_plana_color,512,512,imagen de fantasma,pixabay,ingrid_salceda,48e408bd992206596ba5699d4d9ff6d8a200a776
ingrid_salceda_img_0558,558.jfif,fantasmas_y_misterio,ilustracion_plana_color,735,740,imagen de fantasma,pixabay,ingrid_salceda,a29fb7b038736047d2e9e3940436f897f8bc4136
ingrid_salceda_img_0559,559.jfif,fantasmas_y_misterio,ilustracion_plana_color,288,582,imagen de fantasma,pixabay,ingrid_salceda,8f6d434a59b59c2984f0fc14637b1b57a5bfdf65
ingrid_salceda_img_0560,560.jfif,fantasmas_y_misterio,ilustracion_plana_color,490,612,imagen de fantasma,pixabay,ingrid_salceda,8ae59cdd2ef52a64c28f11ab131640ebf58e185b
ingrid_salceda_img_0561,561.jfif,fantasmas_y_misterio,ilustracion_plana_color,256,256,imagen de fantasma,pixabay,ingrid_salceda,9e3dc47068a5db62eabe9b5900f2c15a67b1b8a8
ingrid_salceda_img_0562,562.jfif,fantasmas_y_misterio,ilustracion_plana_color,450,450,imagen de fantasma,pixabay,ingrid_salceda,b6d81d6b63c2f048b63a3517f3ae5b1c081b4c2d
ingrid_salceda_img_0563,563.jfif,fantasmas_y_misterio,ilustracion_plana_color,256,256,imagen de fantasma,pixabay,ingrid_salceda,a9281a9b4cc751b2bcb763406b44951cf2695798
ingrid_salceda_img_0564,564.jfif,fantasmas_y_misterio,ilustracion_plana_color,650,900,imagen de fantasma,pixabay,ingrid_salceda,6fb6073da8363a21985f0313ba271e546e7be279
ingrid_salceda_img_0565,565.jfif,fantasmas_y_misterio,ilustracion_plana_color,720,949,imagen de fantasma,pixabay,ingrid_salceda,cccac7368564f27d5aacbaa0c03aa1014a35f8cf
ingrid_salceda_img_0566,566.jfif,fantasmas_y_misterio,ilustracion_plana_color,707,1000,imagen de fantasma,pixabay,ingrid_salceda,3e85d10077346d41fc0e31493827cf2f13d95fc4
ingrid_salceda_img_0567,567.jfif,fantasmas_y_misterio,ilustracion_plana_color,641,639,imagen de fantasma,pixabay,ingrid_salceda,955f5c67563d27e337c1a9142f237d8ce666acf5
ingrid_salceda_img_0568,568.jfif,fantasmas_y_misterio,ilustracion_plana_color,640,427,imagen de fantasma,pixabay,ingrid_salceda,a4117969b3c0ff0edc51d0b30a5d812dd888dc97
ingrid_salceda_img_0569,569.jfif,fantasmas_y_misterio,ilustracion_plana_color,720,1164,imagen de fantasma,pixabay,ingrid_salceda,894caad98fa71e824ffacd8ae0042e2dc5bb7196
ingrid_salceda_img_0570,570.jfif,fantasmas_y_misterio,ilustracion_plana_color,717,603,imagen de fantasma,pixabay,ingrid_salceda,d495674f8f1b1673f6e1f994a614e7851436b685
ingrid_salceda_img_0571,571.jfif,fantasmas_y_misterio,ilustracion_plana_color,735,749,imagen de fantasma,pixabay,ingrid_salceda,262d237ee100fe75b6c7eb38ee1ac79b1ada7d22
ingrid_salceda_img_0573,573.jfif,fantasmas_y_misterio,ilustracion_plana_color,600,600,imagen de fantasma,pixabay,ingrid_salceda,71618132278eb847118910142342867e7f20b717
ingrid_salceda_img_0574,574.jfif,fantasmas_y_misterio,ilustracion_plana_color,736,1041,imagen de fantasma,pixabay,ingrid_salceda,544eac4938c7f89a7b39757f3a23c4cc6ceb0ece
ingrid_salceda_img_0575,575.jfif,fantasmas_y_misterio,ilustracion_plana_color,338,338,imagen de fantasma,pixabay,ingrid_salceda,a5a4bef1a5681606e24473579ac4e698479512e6
ingrid_salceda_img_0576,576.jfif,fantasmas_y_misterio,ilustracion_plana_color,512,768,imagen de fantasma,pixabay,ingrid_salceda,6bbb9a03e973e877e75bb2ae2b84db3e1716e1ad
ingrid_salceda_img_0577,577.jfif,fantasmas_y_misterio,ilustracion_plana_color,720,720,imagen de fantasma,pixabay,ingrid_salceda,2a80ec55e9bd0c4301967a016548e9668165de58
ingrid_salceda_img_0578,578.gif,fantasmas_y_misterio,ilustracion_plana_color,400,400,imagen de fantasma,pixabay,ingrid_salceda,8c639ac8e77a41ab71cffb16985994400a2732c2
ingrid_salceda_img_0579,579.jfif,fantasmas_y_misterio,ilustracion_plana_color,290,545,imagen de fantasma,pixabay,ingrid_salceda,0518be2170352b031ffbbbaa802a0e3009583ee1
ingrid_salceda_img_0580,580.jfif,fantasmas_y_misterio,ilustracion_plana_color,735,1034,imagen de fantasma,pixabay,ingrid_salceda,8ea4a717e6443f2a8cde107d87602e754ce6b261
ingrid_salceda_img_0581,581.jfif,fantasmas_y_misterio,ilustracion_plana_color,736,549,imagen de fantasma,pixabay,ingrid_salceda,655f6001f8f3b4a2298bdebe4ac889c5409e5cc4
ingrid_salceda_img_0582,582.jfif,fantasmas_y_misterio,ilustracion_plana_color,736,1006,imagen de fantasma,pixabay,ingrid_salceda,88ba0d9271e128d981a7f4170861f1685092a24d
ingrid_salceda_img_0583,583.jfif,fantasmas_y_misterio,ilustracion_plana_color,718,752,imagen de fantasma,pixabay,ingrid_salceda,bbb11d7dcbc496435159cfee2f87708b69493e1f
ingrid_salceda_img_0584,584.jfif,fantasmas_y_misterio,ilustracion_plana_color,736,842,imagen de fantasma,pixabay,ingrid_salceda,06b3bc219643f34fbba2b30862abfd9ce8beac03
ingrid_salceda_img_0585,585.jfif,fantasmas_y_misterio,ilustracion_plana_color,512,512,imagen de fantasma,pixabay,ingrid_salceda,d5bff0a855640f11439fa8cbf14597fce7e1145f
ingrid_salceda_img_0586,586.jfif,fantasmas_y_misterio,ilustracion_plana_color,736,1041,imagen de fantasma,pixabay,ingrid_salceda,6c4d0e223a2280e577954815f563ad05094c2933
ingrid_salceda_img_0587,587.jfif,fantasmas_y_misterio,ilustracion_plana_color,736,1308,imagen de fantasma,pixabay,ingrid_salceda,b24e5d4c173ba0a635ac76f7f7829352bb003ddb
ingrid_salceda_img_0588,588.jfif,fantasmas_y_misterio,ilustracion_plana_color,736,901,imagen de fantasma,pixabay,ingrid_salceda,52a5d8c809d5b186f6365df8c946a0c660cef92c
ingrid_salceda_img_0589,589.jfif,fantasmas_y_misterio,ilustracion_plana_color,256,400,imagen de fantasma,pixabay,ingrid_salceda,3606bb0470ee100f911e3d378830826e99b470c1
ingrid_salceda_img_0590,590.jfif,fantasmas_y_misterio,ilustracion_plana_color,736,736,imagen de fantasma,pixabay,ingrid_salceda,39969fb461c4d68861267d6a5acdb511f9426362
ingrid_salceda_img_0591,591.jfif,fantasmas_y_misterio,ilustracion_plana_color,499,655,imagen de fantasma,pixabay,ingrid_salceda,7ae6ff58154c9fc6fdb0cf7d1a0a1b72d59762ac
ingrid_salceda_img_0592,592.jfif,fantasmas_y_misterio,ilustracion_plana_color,736,1308,imagen de fantasma,pixabay,ingrid_salceda,54e156d2f044fc34bb2dab0b2a29334021fd3abd
ingrid_salceda_img_0593,593.jfif,fantasmas_y_misterio,ilustracion_plana_color,736,1076,imagen de fantasma,pixabay,ingrid_salceda,8ef59bcac276ff6ca2b687aa94a30a41df0f49fb
ingrid_salceda_img_0595,595.jfif,fantasmas_y_misterio,ilustracion_plana_color,736,1248,imagen de fantasma,pixabay,ingrid_salceda,53b301e12d4496cdade5c821de69740cca795e69
ingrid_salceda_img_0596,596.jfif,fantasmas_y_misterio,ilustracion_plana_color,735,727,imagen de fantasma,pixabay,ingrid_salceda,ccae012e9bcb9f27da070ff56aabf5329e69fa8f
ingrid_salceda_img_0597,597.jfif,fantasmas_y_misterio,ilustracion_plana_color,736,1308,imagen de fantasma,pixabay,ingrid_salceda,06a11d92017933a67a4ca617d32d6676082fc01b
ingrid_salceda_img_0598,598.jfif,fantasmas_y_misterio,ilustracion_plana_color,736,992,imagen de fantasma,pixabay,ingrid_salceda,5cd812e609577cde7bfd2f20b1f197eb3b508fb0
ingrid_salceda_img_0599,599.jfif,fantasmas_y_misterio,ilustracion_plana_color,337,498,imagen de fantasma,pixabay,ingrid_salceda,2de6b8d2f4102f7fc33bce9b99c38de1cfffe066
ingrid_salceda_img_0600,600.jfif,fantasmas_y_misterio,ilustracion_plana_color,736,1308,imagen de fantasma,pixabay,ingrid_salceda,49fe89e711ddab78a58207c0c7cf99e005e843d4
ingrid_salceda_img_0601,601.jfif,fantasmas_y_misterio,ilustracion_plana_color,612,607,imagen de fantasma,pixabay,ingrid_salceda,7f0636135a3efce21d3222a1c62a1080997bdb51
ingrid_salceda_img_0602,602.jfif,fantasmas_y_misterio,ilustracion_plana_color,736,736,imagen de fantasma,pixabay,ingrid_salceda,20a37cddf008fc8c087d27035ab73d4558cfa8b9
ingrid_salceda_img_0603,603.jfif,fantasmas_y_misterio,ilustracion_plana_color,735,801,imagen de fantasma,pixabay,ingrid_salceda,a378e20bbc7205fe37d86cdc3fc8cb0967d132a6
ingrid_salceda_img_0604,604.jfif,fantasmas_y_misterio,ilustracion_plana_color,600,568,imagen de fantasma,pixabay,ingrid_salceda,a22bc5dd32c1384507d6a49670dfbdc0c8a9f3ab
ingrid_salceda_img_0605,605.jfif,fantasmas_y_misterio,ilustracion_plana_color,650,776,imagen de fantasma,pixabay,ingrid_salceda,5e50f0d4ce3dac3f175108885a2ea1dcd5f45e9d
ingrid_salceda_img_0607,607.jfif,fantasmas_y_misterio,ilustracion_plana_color,736,736,imagen de fantasma,pixabay,ingrid_salceda,e9e4b25bf0730d87cce6cea4b57a42613a666eb6
ingrid_salceda_img_0608,608.jfif,fantasmas_y_misterio,ilustracion_plana_color,736,1308,imagen de fantasma,pixabay,ingrid_salceda,415fe0653f18112ad2dd134889553e70e85f3682
ingrid_salceda_img_0609,609.jfif,fantasmas_y_misterio,ilustracion_plana_color,735,794,imagen de fantasma,pixabay,ingrid_salceda,cca663e656f2878c666ca94693b2e367f257dcc2
ingrid_salceda_img_0610,610.jfif,fantasmas_y_misterio,ilustracion_plana_color,340,408,imagen de fantasma,pixabay,ingrid_salceda,342857f7c0b8b214e67d0da73b7b4064745fb599
ingrid_salceda_img_0611,611.jfif,fantasmas_y_misterio,ilustracion_plana_color,458,719,imagen de fantasma,pixabay,ingrid_salceda,1de5ca16dfb2c66b1a1fbe7ac4ba64914e7a5de0
ingrid_salceda_img_0612,612.jfif,fantasmas_y_misterio,ilustracion_plana_color,531,501,imagen de fantasma,pixabay,ingrid_salceda,7c785e1c7fbde618c4b70650f0e3dc7bbd9a69c9
ingrid_salceda_img_0613,613.jfif,fantasmas_y_misterio,ilustracion_plana_color,736,1308,imagen de fantasma,pixabay,ingrid_salceda,70667259dda40c15ee47db22275654c7c452d8a2
ingrid_salceda_img_0614,614.jfif,fantasmas_y_misterio,ilustracion_plana_color,736,1308,imagen de fantasma,pixabay,ingrid_salceda,93b136de5b93767d981653dee59172f3e08aad93
ingrid_salceda_img_0615,615.jfif,fantasmas_y_misterio,ilustracion_plana_color,699,980,imagen de fantasma,pixabay,ingrid_salceda,bc04c944c1c328257ab4e920ecf739f35a688d61
ingrid_salceda_img_0618,618.jfif,fantasmas_y_misterio,ilustracion_plana_color,340,408,imagen de fantasma,pixabay,ingrid_salceda,edb382fd7547c2375f83f016945a9c398850ea3c
ingrid_salceda_img_0620,620.jfif,fantasmas_y_misterio,ilustracion_plana_color,736,1308,imagen de fantasma,pixabay,ingrid_salceda,5bb705e7243a04d7113005eda113766812d2becc
ingrid_salceda_img_0621,621.jfif,fantasmas_y_misterio,ilustracion_plana_color,256,280,imagen de fantasma,pixabay,ingrid_salceda,54e3ada1fef236a05ceca1303281c5599039e445
ingrid_salceda_img_0624,624.jfif,fantasmas_y_misterio,ilustracion_plana_color,421,612,imagen de fantasma,pixabay,ingrid_salceda,78a7af303f613b5b4285184e792f638ef298f0ac
ingrid_salceda_img_0625,625.jfif,fantasmas_y_misterio,ilustracion_plana_color,736,736,imagen de fantasma,pixabay,ingrid_salceda,3088056419a7bf686cf200bc8f5feae48d393a91
ingrid_salceda_img_0626,626.jfif,fantasmas_y_misterio,ilustracion_plana_color,720,853,imagen de fantasma,pixabay,ingrid_salceda,1534aa4e04d1fa84f3394eded88a67d6bc887f23
ingrid_salceda_img_0627,627.jfif,fantasmas_y_misterio,ilustracion_plana_color,736,775,imagen de fantasma,pixabay,ingrid_salceda,cbfb652a657621a53b28243f011fe37d717608c2
ingrid_salceda_img_0628,628.jfif,fantasmas_y_misterio,ilustracion_plana_color,693,980,imagen de fantasma,pixabay,ingrid_salceda,c27e2c7511e950e9d97c89910db6a003c5eecdd0
ingrid_salceda_img_0629,629.jfif,fantasmas_y_misterio,ilustracion_plana_color,204,305,imagen de fantasma,pixabay,ingrid_salceda,95d6d809e2e06b0e1893d71b8f36c2d257b24ca6
ingrid_salceda_img_0630,630.jfif,fantasmas_y_misterio,ilustracion_plana_color,650,620,imagen de fantasma,pixabay,ingrid_salceda,1d6b81d8b1580646254c94a682b1971935093b20
ingrid_salceda_img_0631,631.jfif,fantasmas_y_misterio,ilustracion_plana_color,360,360,imagen de fantasma,pixabay,ingrid_salceda,9d9db1a987d6e85857d0fe647c02991318be0cb0
ingrid_salceda_img_0632,632.jfif,fantasmas_y_misterio,ilustracion_plana_color,560,786,imagen de fantasma,pixabay,ingrid_salceda,3069c6f40b6bdf87d2d29f5d42f890f7b0120b5b
ingrid_salceda_img_0633,633.jfif,fantasmas_y_misterio,ilustracion_plana_color,640,640,imagen de fantasma,pixabay,ingrid_salceda,0cc82a9023ad7bbdb9b46038ed10b1738da31935
ingrid_salceda_img_0634,634.jfif,fantasmas_y_misterio,ilustracion_plana_color,736,978,imagen de fantasma,pixabay,ingrid_salceda,cd8f8358e682d21757a55a69b1df724897187c4f
ingrid_salceda_img_0635,635.jfif,fantasmas_y_misterio,ilustracion_plana_color,736,1102,imagen de fantasma,pixabay,ingrid_salceda,54338c3c4f46d9591fccadbdd5d7992da48de899
ingrid_salceda_img_0636,636.jfif,fantasmas_y_misterio,ilustracion_plana_color,736,1104,imagen de fantasma,pixabay,ingrid_salceda,2033949a43ee8825c05a5caa234e97944f01ed1b
ingrid_salceda_img_0637,637.jfif,fantasmas_y_misterio,ilustracion_plana_color,736,1313,imagen de fantasma,pixabay,ingrid_salceda,0a2153cd1ca1818d7eb1b4da31c792a8675c7ac5
ingrid_salceda_img_0638,638.jfif,fantasmas_y_misterio,ilustracion_plana_color,617,984,imagen de fantasma,pixabay,ingrid_salceda,60bebe53f38526cf12116f277a1d6943de8c8ab2
ingrid_salceda_img_0639,639.jfif,fantasmas_y_misterio,ilustracion_plana_color,736,920,imagen de fantasma,pixabay,ingrid_salceda,fa499511da65047a569f249b51056dc0e4f3e13c
ingrid_salceda_img_0640,640.jfif,fantasmas_y_misterio,ilustracion_plana_color,300,300,imagen de fantasma,pixabay,ingrid_salceda,49c79709663740a8614349f8d7b519c9ad7415da
ingrid_salceda_img_0641,641.jfif,fantasmas_y_misterio,ilustracion_plana_color,720,631,imagen de fantasma,pixabay,ingrid_salceda,cee4f95d78aac4e0fc527dd32b83cb45c1edccdf
ingrid_salceda_img_0643,643.jfif,fantasmas_y_misterio,ilustracion_plana_color,512,512,imagen de fantasma,pixabay,ingrid_salceda,2ce6827247f67a05b7b0e6dbaad1cc5f698a1913
ingrid_salceda_img_0644,644.jfif,fantasmas_y_misterio,ilustracion_plana_color,720,720,imagen de fantasma,pixabay,ingrid_salceda,e9e95ae57709305baef12715cf19ac6342abad1a
ingrid_salceda_img_0645,645.jfif,fantasmas_y_misterio,ilustracion_plana_color,736,1308,imagen de fantasma,pixabay,ingrid_salceda,521242b9684641a123688f5cba6e812d46f76a62
ingrid_salceda_img_0646,646.jfif,fantasmas_y_misterio,ilustracion_plana_color,736,977,imagen de fantasma,pixabay,ingrid_salceda,d7848ef030257a2511faca00f3263968b5579dad
ingrid_salceda_img_0647,647.jfif,fantasmas_y_misterio,ilustracion_plana_color,736,736,imagen de fantasma,pixabay,ingrid_salceda,a9836ea960d2ded96ebc8059df4ad4476bd0f1d8
ingrid_salceda_img_0648,648.jfif,fantasmas_y_misterio,ilustracion_plana_color,736,736,imagen de fantasma,pixabay,ingrid_salceda,68cd4a28e9330a134dd281165998af4d242c0b97
ingrid_salceda_img_0649,649.jfif,fantasmas_y_misterio,ilustracion_plana_color,373,476,imagen de fantasma,pixabay,ingrid_salceda,1701836bf114c3fbdfc284f343ad8816e2843e98
ingrid_salceda_img_0650,650.jfif,fantasmas_y_misterio,ilustracion_plana_color,260,200,imagen de fantasma,pixabay,ingrid_salceda,3f9cbaf88b0c1510dcdcfc178520ee83b435a05a
ingrid_salceda_img_0651,651.jfif,fantasmas_y_misterio,ilustracion_plana_color,736,1127,imagen de fantasma,pixabay,ingrid_salceda,255d9cf4dad3b7857fad7039431e4d98db0006f1
ingrid_salceda_img_0652,652.jfif,fantasmas_y_misterio,ilustracion_plana_color,736,981,imagen de fantasma,pixabay,ingrid_salceda,ac265664489313638da0de392fc611394ae6d649
ingrid_salceda_img_0653,653.jfif,fantasmas_y_misterio,ilustracion_plana_color,420,420,imagen de fantasma,pixabay,ingrid_salceda,be6893945fe3aabc2309e3f45c0d885107d5c874
ingrid_salceda_img_0654,654.jfif,fantasmas_y_misterio,ilustracion_plana_color,736,920,imagen de fantasma,pixabay,ingrid_salceda,eaeb7f58c4ac63b4c7a572adec5b5da0f0fd0439
ingrid_salceda_img_0655,655.jfif,fantasmas_y_misterio,ilustracion_plana_color,500,500,imagen de fantasma,pixabay,ingrid_salceda,f007c52382f01f276f6c39e6a688b7a7f16a5b4b
ingrid_salceda_img_0656,656.jfif,fantasmas_y_misterio,ilustracion_plana_color,259,230,imagen de fantasma,pixabay,ingrid_salceda,c29ebfb06102f89dd5700cb7784d04eb72b34e28
ingrid_salceda_img_0657,657.jfif,fantasmas_y_misterio,ilustracion_plana_color,736,1040,imagen de fantasma,pixabay,ingrid_salceda,9ca2b4ce197050bc8234c3279c840a1b3b318b35
ingrid_salceda_img_0658,658.jfif,fantasmas_y_misterio,ilustracion_plana_color,410,380,imagen de fantasma,pixabay,ingrid_salceda,55766450ce7417a923b6fe9e9bcc50b736870029
ingrid_salceda_img_0659,659.jfif,fantasmas_y_misterio,ilustracion_plana_color,736,920,imagen de fantasma,pixabay,ingrid_salceda,3e54cf7e6047d6da74f05792db754dfa20102270
ingrid_salceda_img_0660,660.jfif,fantasmas_y_misterio,ilustracion_plana_color,226,320,imagen de fantasma,pixabay,ingrid_salceda,f62b9676911960d74767b88e8265a441f8be89ca
ingrid_salceda_img_0661,661.jfif,fantasmas_y_misterio,ilustracion_plana_color,500,500,imagen de fantasma,pixabay,ingrid_salceda,363936a2e785d47b5e51ab1b438269cc19f92304
ingrid_salceda_img_0662,662.jfif,fantasmas_y_misterio,ilustracion_plana_color,360,450,imagen de fantasma,pixabay,ingrid_salceda,b88067c995300b4ce4dbcc3becbcfa5e8d851924
ingrid_salceda_img_0663,663.jfif,fantasmas_y_misterio,ilustracion_plana_color,735,400,imagen de fantasma,pixabay,ingrid_salceda,5f19e9a29f9b84e202f3e03daec496c7ee3b948a
ingrid_salceda_img_0664,664.jfif,fantasmas_y_misterio,ilustracion_plana_color,736,1310,imagen de fantasma,pixabay,ingrid_salceda,5f38c85c482e576b685c3c0481855fec2d01c7a3
ingrid_salceda_img_0665,665.jfif,fantasmas_y_misterio,ilustracion_plana_color,607,640,imagen de fantasma,pixabay,ingrid_salceda,0f0bf318bae26e5884fab9565c13055a9aa1991e
ingrid_salceda_img_0666,666.jfif,fantasmas_y_misterio,ilustracion_plana_color,736,920,imagen de fantasma,pixabay,ingrid_salceda,d455b25fbd4d88cb4a1b6949d6bbc9708d55715e
ingrid_salceda_img_0667,667.jfif,fantasmas_y_misterio,ilustracion_plana_color,736,981,imagen de fantasma,pixabay,ingrid_salceda,2ba11031aa3e361143e8a4bbf0c6a09fe0be1e09
ingrid_salceda_img_0668,668.jfif,fantasmas_y_misterio,ilustracion_plana_color,461,600,imagen de fantasma,pixabay,ingrid_salceda,ddda08461d5313a85f7673f6c97ea4217f5a90af
ingrid_salceda_img_0669,669.jfif,fantasmas_y_misterio,ilustracion_plana_color,735,490,imagen de fantasma,pixabay,ingrid_salceda,57527422825e2483d7c0190885daedf3c6d2b5aa
ingrid_salceda_img_0671,671.jfif,fantasmas_y_misterio,ilustracion_plana_color,736,920,imagen de fantasma,pixabay,ingrid_salceda,c65b9b4c895b5459b43c4ae3901039c014b05786
ingrid_salceda_img_0672,672.jfif,fantasmas_y_misterio,ilustracion_plana_color,736,736,imagen de fantasma,pixabay,ingrid_salceda,e6bc0824d78760e4547bd04a6baf38ab73f8dcd2
ingrid_salceda_img_0673,673.jfif,fantasmas_y_misterio,ilustracion_plana_color,277,300,imagen de fantasma,pixabay,ingrid_salceda,ead86bb49447c465d2f965579ff1199b9c7e05f1
ingrid_salceda_img_0674,674.jfif,fantasmas_y_misterio,ilustracion_plana_color,735,799,imagen de fantasma,pixabay,ingrid_salceda,942a52c239d68d0eda0fc4fe6de3db984364da58
ingrid_salceda_img_0675,675.jfif,fantasmas_y_misterio,ilustracion_plana_color,736,1104,imagen de fantasma,pixabay,ingrid_salceda,d3d000c7288bc91c5784b522513e033a64cf10a2
ingrid_salceda_img_0676,676.jfif,fantasmas_y_misterio,ilustracion_plana_color,720,1018,imagen de fantasma,pixabay,ingrid_salceda,a8632431e3301d67c05e156fa39062314911c7f8
ingrid_salceda_img_0677,677.jfif,fantasmas_y_misterio,ilustracion_plana_color,735,315,imagen de fantasma,pixabay,ingrid_salceda,40ff84167137521c5e086604b69b2f3dfe7e4f87
ingrid_salceda_img_0678,678.jfif,fantasmas_y_misterio,ilustracion_plana_color,736,736,imagen de fantasma,pixabay,ingrid_salceda,12a82bf410b0adaa68f210d5d1dd4e298fc197d8
ingrid_salceda_img_0679,679.jfif,fantasmas_y_misterio,ilustracion_plana_color,309,279,imagen de fantasma,pixabay,ingrid_salceda,18e3116dacb17290bf793a276d4433201bb7ad5b
ingrid_salceda_img_0680,680.jfif,fantasmas_y_misterio,ilustracion_plana_color,736,736,imagen de fantasma,pixabay,ingrid_salceda,67bf86d9d3634b66b12f404f130d5bad49a4ac18
ingrid_salceda_img_0681,681.jfif,fantasmas_y_misterio,ilustracion_plana_color,675,1200,imagen de fantasma,pixabay,ingrid_salceda,6f6e69c3b56644deb07844ec7d6f4f85d36242cc
ingrid_salceda_img_0682,682.jfif,fantasmas_y_misterio,ilustracion_plana_color,675,1200,imagen de fantasma,pixabay,ingrid_salceda,399750d1d013d0847a77435e69eb724bd0d6c888
ingrid_salceda_img_0683,683.jfif,fantasmas_y_misterio,ilustracion_plana_color,250,250,imagen de fantasma,pixabay,ingrid_salceda,dbd9f0eff49a2f13b3ee07e8b4ba6f485618be5a
ingrid_salceda_img_0685,685.jfif,fantasmas_y_misterio,ilustracion_plana_color,496,489,imagen de fantasma,pixabay,ingrid_salceda,77350cb6dcc62b60af493a2e6804f7d6cd620bbe
ingrid_salceda_img_0686,686.jfif,fantasmas_y_misterio,ilustracion_plana_color,720,960,imagen de fantasma,pixabay,ingrid_salceda,fdcbac2df62b6ec5093b0cd7413f139134bff2da
ingrid_salceda_img_0687,687.jfif,fantasmas_y_misterio,ilustracion_plana_color,736,946,imagen de fantasma,pixabay,ingrid_salceda,e50183d154172b4ebaacbb595305049389a7c049
ingrid_salceda_img_0688,688.jfif,fantasmas_y_misterio,ilustracion_plana_color,735,405,imagen de fantasma,pixabay,ingrid_salceda,66e1315c9545f74f4bbc2419480778b3a063c9e6
ingrid_salceda_img_0689,689.jfif,fantasmas_y_misterio,ilustracion_plana_color,736,981,imagen de fantasma,pixabay,ingrid_salceda,127369c445cc89c303c8b27bccfae326707d1a73
ingrid_salceda_img_0690,690.jfif,fantasmas_y_misterio,ilustracion_plana_color,735,490,imagen de fantasma,pixabay,ingrid_salceda,f3766e297c8a655d9aa1b7203beed1e6fa71236a
ingrid_salceda_img_0691,691.jfif,fantasmas_y_misterio,ilustracion_plana_color,398,398,imagen de fantasma,pixabay,ingrid_salceda,cb56fa22341f6ce8e112eaa3a8deddda3900b81b
ingrid_salceda_img_0692,692.jfif,fantasmas_y_misterio,ilustracion_plana_color,736,736,imagen de fantasma,pixabay,ingrid_salceda,973dbe4b4079540888f13394aaf5a28642dec136
ingrid_salceda_img_0693,693.jfif,fantasmas_y_misterio,ilustracion_plana_color,736,1104,imagen de fantasma,pixabay,ingrid_salceda,98efb73cdfc97440b425dc88a49b7ff4bac62faa
ingrid_salceda_img_0694,694.jfif,fantasmas_y_misterio,ilustracion_plana_color,628,980,imagen de fantasma,pixabay,ingrid_salceda,dd05a29963e152c72e9a3ca0a5e41b54a2dafd4f
ingrid_salceda_img_0695,695.jfif,fantasmas_y_misterio,ilustracion_plana_color,564,1051,imagen de fantasma,pixabay,ingrid_salceda,4eea1885dacc6521d8e94248303324e337bb67c9
ingrid_salceda_img_0696,696.jfif,fantasmas_y_misterio,ilustracion_plana_color,736,1308,imagen de fantasma,pixabay,ingrid_salceda,c0073d11232cef49ab5537f061e292186c40918d
ingrid_salceda_img_0697,697.jfif,fantasmas_y_misterio,ilustracion_plana_color,512,768,imagen de fantasma,pixabay,ingrid_salceda,0de8572ced666b508a209233b7423294d1ec8f41
ingrid_salceda_img_0698,698.jfif,fantasmas_y_misterio,ilustracion_plana_color,640,800,imagen de fantasma,pixabay,ingrid_salceda,ab9698c64e0a1541f982608059e00a19a0c25d29
ingrid_salceda_img_0699,699.jfif,fantasmas_y_misterio,ilustracion_plana_color,490,490,imagen de fantasma,pixabay,ingrid_salceda,5b1f58fdf0bb2413ff4f40ff716977ec0be97816
ingrid_salceda_img_0700,700.jfif,fantasmas_y_misterio,ilustracion_plana_color,397,647,imagen de fantasma,pixabay,ingrid_salceda,4eba845a44739fa2fa9609448f1665a0d83c7aaf
ingrid_salceda_img_0701,701.jfif,fantasmas_y_misterio,ilustracion_plana_color,736,1308,imagen de fantasma,pixabay,ingrid_salceda,899682cad3e100d852075d09428c6d5726b47646
ingrid_salceda_img_0702,702.jfif,fantasmas_y_misterio,ilustracion_plana_color,736,471,imagen de fantasma,pixabay,ingrid_salceda,fa8ca0b92d01512639ed622f4ce54e3ba7835749
ingrid_salceda_img_0703,703.jfif,fantasmas_y_misterio,ilustracion_plana_color,375,542,imagen de fantasma,pixabay,ingrid_salceda,93be9f16a4e8ca4bd7e387ebf6a78309a694e9b1
ingrid_salceda_img_0704,704.jfif,fantasmas_y_misterio,ilustracion_plana_color,534,534,imagen de fantasma,pixabay,ingrid_salceda,f8e675dfa18542823d3215cf8c02b6ff9e0bbc03
ingrid_salceda_img_0705,705.jfif,fantasmas_y_misterio,ilustracion_plana_color,736,1307,imagen de fantasma,pixabay,ingrid_salceda,bbe4c564b0a52148bff9fc83d980478488048ea2
ingrid_salceda_img_0706,706.jfif,fantasmas_y_misterio,ilustracion_plana_color,736,1308,imagen de fantasma,pixabay,ingrid_salceda,e79411e00658d56d03f78e4a9b9b50050eb22a30
ingrid_salceda_img_0708,708.jfif,fantasmas_y_misterio,ilustracion_plana_color,736,920,imagen de fantasma,pixabay,ingrid_salceda,72cbab79e3ec66cbf4b792404078e6cefb47f5c1
ingrid_salceda_img_0709,709.jfif,fantasmas_y_misterio,ilustracion_plana_color,736,1102,imagen de fantasma,pixabay,ingrid_salceda,7a0b7fea76a8db649a5f468ac72e8aad40ac1fcc
ingrid_salceda_img_0710,710.jfif,fantasmas_y_misterio,ilustracion_plana_color,720,892,imagen de fantasma,pixabay,ingrid_salceda,09fe8858abfc57f2fdd35f05b5720e14aed40803
ingrid_salceda_img_0712,712.jfif,fantasmas_y_misterio,ilustracion_plana_color,640,1120,imagen de fantasma,pixabay,ingrid_salceda,c5f31c55e16848b37c3c6e8a25bceb1780bcf32e
ingrid_salceda_img_0713,713.jfif,fantasmas_y_misterio,ilustracion_plana_color,736,720,imagen de fantasma,pixabay,ingrid_salceda,51e453d0fe74c191897e7f8a7282cda13362852e
ingrid_salceda_img_0714,714.jfif,fantasmas_y_misterio,ilustracion_plana_color,736,736,imagen de fantasma,pixabay,ingrid_salceda,549fdba3c31a2f323c47e8fa538b2b5b226cb091
ingrid_salceda_img_0715,715.jfif,fantasmas_y_misterio,ilustracion_plana_color,670,867,imagen de fantasma,pixabay,ingrid_salceda,1b2e8d93fc477642b67c7262504d97089cf67aaf
ingrid_salceda_img_0718,718.jfif,fantasmas_y_misterio,ilustracion_plana_color,565,850,imagen de fantasma,pixabay,ingrid_salceda,14f9ac3b39255e8a33c3fe0905548ffd0e76b1ea
ingrid_salceda_img_0719,720.jfif,fantasmas_y_misterio,ilustracion_plana_color,675,1200,imagen de fantasma,pixabay,ingrid_salceda,20a8e87b4c3dc9b038fb9ee89b0a98513974d5af
ingrid_salceda_img_0720,721.jfif,fantasmas_y_misterio,ilustracion_plana_color,563,651,imagen de fantasma,pixabay,ingrid_salceda,0851ad645a85ffcebb294e70091a3d7c45177b88
ingrid_salceda_img_0721,722.jfif,fantasmas_y_misterio,ilustracion_plana_color,460,621,imagen de fantasma,pixabay,ingrid_salceda,1766c1e66b760dd9fbc980735d07dca986b4e79b
ingrid_salceda_img_0722,723.jfif,fantasmas_y_misterio,ilustracion_plana_color,736,415,imagen de fantasma,pixabay,ingrid_salceda,76a6722220360154fba5d749748bdbed65859460
ingrid_salceda_img_0723,724.jfif,fantasmas_y_misterio,ilustracion_plana_color,479,750,imagen de fantasma,pixabay,ingrid_salceda,2022703f15a0469be1446a18d30c256042e655df
ingrid_salceda_img_0724,725.jfif,fantasmas_y_misterio,ilustracion_plana_color,350,652,imagen de fantasma,pixabay,ingrid_salceda,1ba644ebbdd3d4267d8ee31b88e65540e2f50d4d
ingrid_salceda_img_0725,726.jfif,fantasmas_y_misterio,ilustracion_plana_color,561,800,imagen de fantasma,pixabay,ingrid_salceda,7247cddb5cf1b7fb848f073c5e2e967c64cfa03b
ingrid_salceda_img_0726,727.jfif,fantasmas_y_misterio,ilustracion_plana_color,736,1036,imagen de fantasma,pixabay,ingrid_salceda,b1cd374aba517b7b20160abdca5e8abe757efce9
ingrid_salceda_img_0727,728.jfif,fantasmas_y_misterio,ilustracion_plana_color,260,280,imagen de fantasma,pixabay,ingrid_salceda,3631b603044fed4bda57d7f26a676887ee9ed4b1
ingrid_salceda_img_0728,729.jfif,fantasmas_y_misterio,ilustracion_plana_color,554,432,imagen de fantasma,pixabay,ingrid_salceda,edc8198f19fc04dcff6c1854c6f16925c53a3157
ingrid_salceda_img_0729,730.jfif,fantasmas_y_misterio,ilustracion_plana_color,461,640,imagen de fantasma,pixabay,ingrid_salceda,a0e60a38db36c0726c3d75ac9471724778a65ef9
ingrid_salceda_img_0730,731.jfif,fantasmas_y_misterio,ilustracion_plana_color,453,750,imagen de fantasma,pixabay,ingrid_salceda,49c23e67f7921c103ed40f37effd04af959f430f
ingrid_salceda_img_0731,732.jfif,fantasmas_y_misterio,ilustracion_plana_color,736,736,imagen de fantasma,pixabay,ingrid_salceda,ec26640250066813c11b510dc0ef6fc5c89c973b
ingrid_salceda_img_0732,733.jfif,fantasmas_y_misterio,ilustracion_plana_color,489,653,imagen de fantasma,pixabay,ingrid_salceda,b729b095cda4057ca8deaf598365d863eb8a6151
ingrid_salceda_img_0733,734.jfif,fantasmas_y_misterio,ilustracion_plana_color,518,800,imagen de fantasma,pixabay,ingrid_salceda,a51ea11326ffc64e1100c9632c1ef026e614527f
ingrid_salceda_img_0734,735.jfif,fantasmas_y_misterio,ilustracion_plana_color,736,736,imagen de fantasma,pixabay,ingrid_salceda,03156baad1c65c9b1188966b56c80e153c0ee692
ingrid_salceda_img_0735,736.jfif,fantasmas_y_misterio,ilustracion_plana_color,736,619,imagen de fantasma,pixabay,ingrid_salceda,a33a4f6a708c76b8d0fe61adce31cd801fb05ebf
ingrid_salceda_img_0736,737.jfif,fantasmas_y_misterio,ilustracion_plana_color,571,543,imagen de fantasma,pixabay,ingrid_salceda,8c308288c43a9ba71e7eb86bd41f63607574ec82
ingrid_salceda_img_0737,738.jfif,fantasmas_y_misterio,ilustracion_plana_color,300,300,imagen de fantasma,pixabay,ingrid_salceda,0c6edd3858b9b0a061aa1efb3cfe8786da981e94
ingrid_salceda_img_0738,739.jfif,fantasmas_y_misterio,ilustracion_plana_color,657,1168,imagen de fantasma,pixabay,ingrid_salceda,fddc8a0a5afa95c29d9f4c8719454d5e196a122c
ingrid_salceda_img_0740,741.jfif,fantasmas_y_misterio,ilustracion_plana_color,736,865,imagen de fantasma,pixabay,ingrid_salceda,6c217a55ef043f83251e8e2b3045a4bbdda1aedf
ingrid_salceda_img_0741,742.jfif,fantasmas_y_misterio,ilustracion_plana_color,398,280,imagen de fantasma,pixabay,ingrid_salceda,aaaad2ee7ace1ead8211959353c65cf487a3e3d2
ingrid_salceda_img_0742,743.jfif,fantasmas_y_misterio,ilustracion_plana_color,736,1313,imagen de fantasma,pixabay,ingrid_salceda,5490c438aed34302f0c934830c17afc4f0d7a8e7
ingrid_salceda_img_0743,744.jfif,fantasmas_y_misterio,ilustracion_plana_color,735,1054,imagen de fantasma,pixabay,ingrid_salceda,24b3ff2448481acc67c8919f798cef646c436395
ingrid_salceda_img_0744,745.jfif,fantasmas_y_misterio,ilustracion_plana_color,481,640,imagen de fantasma,pixabay,ingrid_salceda,ab15d8546bc191e1b24553daa54a76b49a908151
ingrid_salceda_img_0745,746.jfif,fantasmas_y_misterio,ilustracion_plana_color,700,1200,imagen de fantasma,pixabay,ingrid_salceda,7dfefd1ce8698c6265d7c330ebfc8ce0d112c49f
ingrid_salceda_img_0746,747.jfif,fantasmas_y_misterio,ilustracion_plana_color,487,674,imagen de fantasma,pixabay,ingrid_salceda,6f6a16c0d25312dcde900ca69d489cdcfd8d094a
ingrid_salceda_img_0747,748.jfif,fantasmas_y_misterio,ilustracion_plana_color,736,922,imagen de fantasma,pixabay,ingrid_salceda,28e02b642ea6b5b36b249f8f03841ea1e297053a
ingrid_salceda_img_0748,749.jfif,fantasmas_y_misterio,ilustracion_plana_color,736,893,imagen de fantasma,pixabay,ingrid_salceda,ab7a8fc006780f5572b2bbee97fe5abd29354585
ingrid_salceda_img_0749,750.jfif,fantasmas_y_misterio,ilustracion_plana_color,736,920,imagen de fantasma,pixabay,ingrid_salceda,8ca59b2eef97111e630ad5060efd2e8396ce227e
ingrid_salceda_img_0750,751.jfif,fantasmas_y_misterio,ilustracion_plana_color,720,788,imagen de fantasma,pixabay,ingrid_salceda,b531bab25bac0ab27d067c8d3b2000daffedf3ec
ingrid_salceda_img_0751,752.jfif,fantasmas_y_misterio,ilustracion_plana_color,736,729,imagen de fantasma,pixabay,ingrid_salceda,e87ff154f1f1524ddc43c34ea9fbb874201ba4df
ingrid_salceda_img_0752,753.jfif,fantasmas_y_misterio,ilustracion_plana_color,736,736,imagen de fantasma,pixabay,ingrid_salceda,0e93013949776223ea4e9ee00332fcf77a65c4a6
ingrid_salceda_img_0753,754.jfif,fantasmas_y_misterio,ilustracion_plana_color,736,736,imagen de fantasma,pixabay,ingrid_salceda,bd9f4b43aff1e34b3e94487e72a9db32ff52fbbb
ingrid_salceda_img_0754,755.jfif,fantasmas_y_misterio,ilustracion_plana_color,736,736,imagen de fantasma,pixabay,ingrid_salceda,4118fbb69294eaa86e7bbd1b8b88b8059e1a99e6
ingrid_salceda_img_0755,756.jfif,fantasmas_y_misterio,ilustracion_plana_color,217,306,imagen de fantasma,pixabay,ingrid_salceda,f41097fb19fc4b88397abb8a62e516e9f5dbd51e
ingrid_salceda_img_0756,757.jfif,fantasmas_y_misterio,ilustracion_plana_color,700,1200,imagen de fantasma,pixabay,ingrid_salceda,8fe0b1ade903cdab83a71e618def9d136861e895
ingrid_salceda_img_0757,758.jfif,fantasmas_y_misterio,ilustracion_plana_color,736,920,imagen de fantasma,pixabay,ingrid_salceda,1ecd47656a952e60a6b9ee2a8831ae316146fedd
ingrid_salceda_img_0758,759.jfif,fantasmas_y_misterio,ilustracion_plana_color,364,329,imagen de fantasma,pixabay,ingrid_salceda,66f54b3f7e3a78e6dac86a5d2a49120233069980
ingrid_salceda_img_0759,760.jfif,fantasmas_y_misterio,ilustracion_plana_color,736,414,imagen de fantasma,pixabay,ingrid_salceda,247082ded9f844393d10679c000ed293a83be61a
ingrid_salceda_img_0760,761.jfif,fantasmas_y_misterio,ilustracion_plana_color,735,1103,imagen de fantasma,pixabay,ingrid_salceda,7470804ffcf06fbba97957c0559283fae65bc4c2
ingrid_salceda_img_0761,762.jfif,fantasmas_y_misterio,ilustracion_plana_color,736,502,imagen de fantasma,pixabay,ingrid_salceda,9cd1a24690c265ca3d78dd96d00796472b42be44
ingrid_salceda_img_0762,763.jfif,fantasmas_y_misterio,ilustracion_plana_color,735,494,imagen de fantasma,pixabay,ingrid_salceda,2260f6a29e7378a06c1458b67942fe8232c925e6
ingrid_salceda_img_0763,764.jfif,fantasmas_y_misterio,ilustracion_plana_color,736,897,imagen de fantasma,pixabay,ingrid_salceda,52545ba2c4438938566ee18f320020f754318727
ingrid_salceda_img_0764,765.jfif,fantasmas_y_misterio,ilustracion_plana_color,736,736,imagen de fantasma,pixabay,ingrid_salceda,05466dc7f5ab229022e747a4325c7d3254773453
ingrid_salceda_img_0765,766.jfif,fantasmas_y_misterio,ilustracion_plana_color,736,918,imagen de fantasma,pixabay,ingrid_salceda,b00dab85b61d84dda860758e2f52d14f4b190e75
ingrid_salceda_img_0766,767.jfif,fantasmas_y_misterio,ilustracion_plana_color,736,736,imagen de fantasma,pixabay,ingrid_salceda,589164882ceff5645dc5bcbf076d2789632db6c1
ingrid_salceda_img_0767,768.jfif,fantasmas_y_misterio,ilustracion_plana_color,736,1104,imagen de fantasma,pixabay,ingrid_salceda,59405453ba2191bbebbce288cd1f8c04924e1c13
ingrid_salceda_img_0768,769.jfif,fantasmas_y_misterio,ilustracion_plana_color,736,1143,imagen de fantasma,pixabay,ingrid_salceda,0e26da39029b11cea52bce6d8245a3794a5448d7
ingrid_salceda_img_0769,770.jfif,fantasmas_y_misterio,ilustracion_plana_color,736,1313,imagen de fantasma,pixabay,ingrid_salceda,1dc772f89fc09c4ab6f206c6b384d6d8b4c2ff65
ingrid_salceda_img_0770,771.jfif,fantasmas_y_misterio,ilustracion_plana_color,564,864,imagen de fantasma,pixabay,ingrid_salceda,9f45b393bec842c8ef5f7a954d51535f667d5ae1
ingrid_salceda_img_0771,772.jfif,fantasmas_y_misterio,ilustracion_plana_color,736,736,imagen de fantasma,pixabay,ingrid_salceda,3599c79ca011fda7a44da524487a8fc402468505
ingrid_salceda_img_0772,773.jfif,fantasmas_y_misterio,ilustracion_plana_color,736,1308,imagen de fantasma,pixabay,ingrid_salceda,b57f3169034006875a3de995889fdebdb1bd750b
ingrid_salceda_img_0773,774.jfif,fantasmas_y_misterio,ilustracion_plana_color,735,817,imagen de fantasma,pixabay,ingrid_salceda,f76836276a3ef72208341a6b470188521ec92dea
ingrid_salceda_img_0774,775.jfif,fantasmas_y_misterio,ilustracion_plana_color,720,1280,imagen de fantasma,pixabay,ingrid_salceda,f8c38baa44b40019e1d2b9b7b3ea5c4b4162b88e
ingrid_salceda_img_0775,776.jfif,fantasmas_y_misterio,ilustracion_plana_color,700,700,imagen de fantasma,pixabay,ingrid_salceda,2e92cef27d46d925c6675587ceb4d5779d38f795
ingrid_salceda_img_0776,777.jfif,fantasmas_y_misterio,ilustracion_plana_color,675,1200,imagen de fantasma,pixabay,ingrid_salceda,fafb40bb277d840608452ee6e57255c98cfa34f0
ingrid_salceda_img_0777,778.jfif,fantasmas_y_misterio,ilustracion_plana_color,476,470,imagen de fantasma,pixabay,ingrid_salceda,f6abfcb6f6e6c9f88118b1a2808103437a70db2d
ingrid_salceda_img_0778,779.jfif,fantasmas_y_misterio,ilustracion_plana_color,735,490,imagen de fantasma,pixabay,ingrid_salceda,57566cc824824f4ec38b1979c0ddcebbf1c56387
ingrid_salceda_img_0779,780.jfif,fantasmas_y_misterio,ilustracion_plana_color,736,982,imagen de fantasma,pixabay,ingrid_salceda,bc243f14ca0ffb1c87480d04d31c32451ac45fd2
ingrid_salceda_img_0780,781.jfif,fantasmas_y_misterio,ilustracion_plana_color,736,920,imagen de fantasma,pixabay,ingrid_salceda,868bb454df968f063724863df6142ebb72cf7273
ingrid_salceda_img_0781,782.jfif,fantasmas_y_misterio,ilustracion_plana_color,735,1033,imagen de fantasma,pixabay,ingrid_salceda,bbc4026e9ee29456725c31033c720be008e81ebd
ingrid_salceda_img_0782,783.jfif,fantasmas_y_misterio,ilustracion_plana_color,735,802,imagen de fantasma,pixabay,ingrid_salceda,3ac980f3f6b9b83ade5a1c097672a951604f7d4d
ingrid_salceda_img_0783,784.jfif,fantasmas_y_misterio,ilustracion_plana_color,736,736,imagen de fantasma,pixabay,ingrid_salceda,a687e1352e9ba1e655b4ebc73b8e67463fd8efa1
ingrid_salceda_img_0784,785.jfif,fantasmas_y_misterio,ilustracion_plana_color,736,981,imagen de fantasma,pixabay,ingrid_salceda,bb46835116a91dafd79b9ded6b249cf6df5d94f0
ingrid_salceda_img_0785,786.jfif,fantasmas_y_misterio,ilustracion_plana_color,736,1308,imagen de fantasma,pixabay,ingrid_salceda,0effcf8fd4c6b65b46a63ebd62fd8b17c1ddf7a9
ingrid_salceda_img_0786,787.jfif,fantasmas_y_misterio,ilustracion_plana_color,736,920,imagen de fantasma,pixabay,ingrid_salceda,491c587d37bd2d99d350b76dad866ff47612ee62
ingrid_salceda_img_0787,788.jfif,fantasmas_y_misterio,ilustracion_plana_color,640,792,imagen de fantasma,pixabay,ingrid_salceda,28e3571393876339510da9cd6d77a1ece633be45
ingrid_salceda_img_0788,789.jfif,fantasmas_y_misterio,ilustracion_plana_color,736,1030,imagen de fantasma,pixabay,ingrid_salceda,15cbaa6af9d727d6b2f9234edf081add8b324342
ingrid_salceda_img_0789,790.jfif,fantasmas_y_misterio,ilustracion_plana_color,736,1308,imagen de fantasma,pixabay,ingrid_salceda,347428a91f03dc54f315b5f7c589d28fd06e5092
ingrid_salceda_img_0790,791.jfif,fantasmas_y_misterio,ilustracion_plana_color,675,1200,imagen de fantasma,pixabay,ingrid_salceda,b70ac2bc80dc8d8940eb87f300e85df48d013096
ingrid_salceda_img_0791,792.jfif,fantasmas_y_misterio,ilustracion_plana_color,736,412,imagen de fantasma,pixabay,ingrid_salceda,f3d2f9044f569285ee2b69b010ff88fe080d84b6
ingrid_salceda_img_0792,793.jfif,fantasmas_y_misterio,ilustracion_plana_color,736,1303,imagen de fantasma,pixabay,ingrid_salceda,19c0579cee5080f9f1efc013f07366a997dc6131
ingrid_salceda_img_0793,794.jfif,fantasmas_y_misterio,ilustracion_plana_color,564,752,imagen de fantasma,pixabay,ingrid_salceda,84a8c36a05bd4cd7cbac853fbaea04025fa15d86
ingrid_salceda_img_0794,795.jfif,fantasmas_y_misterio,ilustracion_plana_color,736,1061,imagen de fantasma,pixabay,ingrid_salceda,3c09a162f2997388a5307c9dd968ab84cd8846e2
ingrid_salceda_img_0795,796.jfif,fantasmas_y_misterio,ilustracion_plana_color,666,375,imagen de fantasma,pixabay,ingrid_salceda,9235f82e7f2e56ffef23a9b145dcc51785b66968
ingrid_salceda_img_0796,797.jfif,fantasmas_y_misterio,ilustracion_plana_color,563,839,imagen de fantasma,pixabay,ingrid_salceda,499677c7dd22d6a7090ed6de2c01f073e2fef279
ingrid_salceda_img_0797,798.jfif,fantasmas_y_misterio,ilustracion_plana_color,736,1308,imagen de fantasma,pixabay,ingrid_salceda,416922241eaf89133e9f8c23493ff049b00454ac
ingrid_salceda_img_0798,799.jfif,fantasmas_y_misterio,ilustracion_plana_color,736,1308,imagen de fantasma,pixabay,ingrid_salceda,7312ba16b9d0d01eec4369b21f55153a83f26b3b
ingrid_salceda_img_0799,800.jfif,fantasmas_y_misterio,ilustracion_plana_color,736,736,imagen de fantasma,pixabay,ingrid_salceda,1b2bb53a0b7a5f780fb41c459648a4363a80f9e4
ingrid_salceda_img_0800,801.jfif,fantasmas_y_misterio,ilustracion_plana_color,734,710,imagen de fantasma,pixabay,ingrid_salceda,9c96202973ee81814a811b9845539aacbd69c951
ingrid_salceda_img_0801,802.jfif,fantasmas_y_misterio,ilustracion_plana_color,600,871,imagen de fantasma,pixabay,ingrid_salceda,ab258ef0745044363aa55a0553ac142be71e3448
ingrid_salceda_img_0802,803.jfif,fantasmas_y_misterio,ilustracion_plana_color,736,736,imagen de fantasma,pixabay,ingrid_salceda,7a5b7885320aea257b8e84b52745dd901bd4b7a6
ingrid_salceda_img_0803,804.jfif,fantasmas_y_misterio,ilustracion_plana_color,564,798,imagen de fantasma,pixabay,ingrid_salceda,e05c4e5d26abb3fb53b5971b321570ddf9381b55
ingrid_salceda_img_0804,805.jfif,fantasmas_y_misterio,ilustracion_plana_color,736,1308,imagen de fantasma,pixabay,ingrid_salceda,d6b56e78c76046fec1a24db41308c66cf8015585
ingrid_salceda_img_0805,806.jfif,fantasmas_y_misterio,ilustracion_plana_color,736,805,imagen de fantasma,pixabay,ingrid_salceda,f8891154c0db437942393008cee07c14dc38fe98
ingrid_salceda_img_0806,807.jfif,fantasmas_y_misterio,ilustracion_plana_color,736,1308,imagen de fantasma,pixabay,ingrid_salceda,f4707a6132485650b51796ace2678f84d5b2bfb7
ingrid_salceda_img_0808,809.jfif,fantasmas_y_misterio,ilustracion_plana_color,736,1104,imagen de fantasma,pixabay,ingrid_salceda,3e75aca3d607f360d7b5d2e267e7ad6b5264c677
ingrid_salceda_img_0809,810.jfif,fantasmas_y_misterio,ilustracion_plana_color,736,485,imagen de fantasma,pixabay,ingrid_salceda,e6ce33adbeec428fe4443ad7b551e6f6dc9a718a
ingrid_salceda_img_0810,811.jfif,fantasmas_y_misterio,ilustracion_plana_color,328,369,imagen de fantasma,pixabay,ingrid_salceda,374190f38e098c2f10836ad18e00087ba5739819
ingrid_salceda_img_0812,813.jfif,fantasmas_y_misterio,ilustracion_plana_color,736,838,imagen de fantasma,pixabay,ingrid_salceda,486aa577f4bc4802dfff12e307052c8eb21d8347
ingrid_salceda_img_0813,814.jfif,fantasmas_y_misterio,ilustracion_plana_color,675,1200,imagen de fantasma,pixabay,ingrid_salceda,6ba7e8dff9ecdad8ce1a7dd74fe2fd4605323282
ingrid_salceda_img_0814,815.jfif,fantasmas_y_misterio,ilustracion_plana_color,512,512,imagen de fantasma,pixabay,ingrid_salceda,724b04cf8be9bc874a4e75bc665fb07e0bbc352a
ingrid_salceda_img_0815,816.jfif,fantasmas_y_misterio,ilustracion_plana_color,657,1218,imagen de fantasma,pixabay,ingrid_salceda,7c15f1d32592ecbd38dfdfac66b0d0483ce2c32a
ingrid_salceda_img_0816,817.jfif,fantasmas_y_misterio,ilustracion_plana_color,480,538,imagen de fantasma,pixabay,ingrid_salceda,aac26cf8605595967dc556c5845ae67c98ce4e67
ingrid_salceda_img_0817,818.jfif,fantasmas_y_misterio,ilustracion_plana_color,720,873,imagen de fantasma,pixabay,ingrid_salceda,6c23c0b11f8e4497fe2877c34e5fecf2e50c6c0d
ingrid_salceda_img_0818,819.jfif,fantasmas_y_misterio,ilustracion_plana_color,700,980,imagen de fantasma,pixabay,ingrid_salceda,718b2bad67d8a9a5c3df00f99100d7cdce169ceb
ingrid_salceda_img_0819,820.jfif,fantasmas_y_misterio,ilustracion_plana_color,675,1200,imagen de fantasma,pixabay,ingrid_salceda,8a63d8ae07452ccae9e9e9f4d76dcac1a5819e54
ingrid_salceda_img_0820,821.jfif,fantasmas_y_misterio,ilustracion_plana_color,736,1308,imagen de fantasma,pixabay,ingrid_salceda,e289fbd1d66183d71ac5fd95adc11da147ba99d8
ingrid_salceda_img_0821,822.jfif,fantasmas_y_misterio,ilustracion_plana_color,735,764,imagen de fantasma,pixabay,ingrid_salceda,378d8510bf6260e28192915d58a29f5c5984cdae
ingrid_salceda_img_0822,823.jfif,fantasmas_y_misterio,ilustracion_plana_color,736,920,imagen de fantasma,pixabay,ingrid_salceda,061ce2e20a6419d1ad25435c4350ad746ee94174
ingrid_salceda_img_0823,824.jfif,fantasmas_y_misterio,ilustracion_plana_color,360,360,imagen de fantasma,pixabay,ingrid_salceda,16d7d50f69266ca8660e1fd0a3f9f58493716ebf
ingrid_salceda_img_0824,825.jfif,fantasmas_y_misterio,ilustracion_plana_color,736,978,imagen de fantasma,pixabay,ingrid_salceda,4ba3af8e8aabcae2cbbb3d5ce19127575b78ebb6
ingrid_salceda_img_0825,826.jfif,fantasmas_y_misterio,ilustracion_plana_color,720,720,imagen de fantasma,pixabay,ingrid_salceda,dd15f94e8d4e5d6c2d650bd7f18560b86a2dfe8e
ingrid_salceda_img_0826,827.jfif,fantasmas_y_misterio,ilustracion_plana_color,736,736,imagen de fantasma,pixabay,ingrid_salceda,8a9e8c97ad5644ed0afb991b907fb3e1b1d04023
ingrid_salceda_img_0827,828.jfif,fantasmas_y_misterio,ilustracion_plana_color,736,736,imagen de fantasma,pixabay,ingrid_salceda,f61bd73756a01084b21bdc941698177c92fdeb36
ingrid_salceda_img_0828,829.jfif,fantasmas_y_misterio,ilustracion_plana_color,576,1024,imagen de fantasma,pixabay,ingrid_salceda,49021b4ffdec90be207b90b5e8083c0d6a1f1775
ingrid_salceda_img_0830,831.jfif,fantasmas_y_misterio,ilustracion_plana_color,736,736,imagen de fantasma,pixabay,ingrid_salceda,2665da1518ff1516566b1cde0a3cc8f699d08d01
ingrid_salceda_img_0831,832.jfif,fantasmas_y_misterio,ilustracion_plana_color,736,981,imagen de fantasma,pixabay,ingrid_salceda,7eebddad14538096d984f110d364357304455549
ingrid_salceda_img_0832,833.jfif,fantasmas_y_misterio,ilustracion_plana_color,736,920,imagen de fantasma,pixabay,ingrid_salceda,3983e78875851d23e4361b741469603a73014ac8
ingrid_salceda_img_0833,834.jfif,fantasmas_y_misterio,ilustracion_plana_color,736,490,imagen de fantasma,pixabay,ingrid_salceda,9ffd4e01a64a703f78c6246c472f4c3006c050ef
ingrid_salceda_img_0834,835.jfif,fantasmas_y_misterio,ilustracion_plana_color,484,700,imagen de fantasma,pixabay,ingrid_salceda,8199036c6ef2a7441b8ca1610b9e7a9072746b8e
ingrid_salceda_img_0835,836.jfif,fantasmas_y_misterio,ilustracion_plana_color,736,414,imagen de fantasma,pixabay,ingrid_salceda,528ef65040c87aa638a71a337f9e136a5e648662
ingrid_salceda_img_0836,837.jfif,fantasmas_y_misterio,ilustracion_plana_color,736,736,imagen de fantasma,pixabay,ingrid_salceda,e82ea75bc7fdbc1938f990a81b2fcc6afe56cfbc
ingrid_salceda_img_0837,838.jfif,fantasmas_y_misterio,ilustracion_plana_color,720,960,imagen de fantasma,pixabay,ingrid_salceda,1fb2a6c98cf85611121ebfc635a0dab3a2abc5dd
ingrid_salceda_img_0839,840.jfif,fantasmas_y_misterio,ilustracion_plana_color,736,1308,imagen de fantasma,pixabay,ingrid_salceda,3a9a5ef89f9185ef8bf958510f1216e7b8e01908
ingrid_salceda_img_0840,841.jfif,fantasmas_y_misterio,ilustracion_plana_color,735,968,imagen de fantasma,pixabay,ingrid_salceda,35cf5bfeecc218814d3396f51b943835b18828fc
ingrid_salceda_img_0841,842.jfif,fantasmas_y_misterio,ilustracion_plana_color,600,600,imagen de fantasma,pixabay,ingrid_salceda,b3d950188d85260a608bc3136806f4e68d568ba6
ingrid_salceda_img_0842,843.jfif,fantasmas_y_misterio,ilustracion_plana_color,564,752,imagen de fantasma,pixabay,ingrid_salceda,ac380001a9af0aa3d4886dca6554c74514172ef2
ingrid_salceda_img_0843,844.jfif,fantasmas_y_misterio,ilustracion_plana_color,736,920,imagen de fantasma,pixabay,ingrid_salceda,4cf763535ffb8bdf1c109a3e709403feffdbdc30
ingrid_salceda_img_0844,845.jfif,fantasmas_y_misterio,ilustracion_plana_color,564,752,imagen de fantasma,pixabay,ingrid_salceda,3098f1e7ff23033fbe04c119c9955b3a53c9188f
ingrid_salceda_img_0845,846.jfif,fantasmas_y_misterio,ilustracion_plana_color,736,1190,imagen de fantasma,pixabay,ingrid_salceda,7762388dfa40521227cac567c8499023b97b7937
ingrid_salceda_img_0846,847.jfif,fantasmas_y_misterio,ilustracion_plana_color,675,1200,imagen de fantasma,pixabay,ingrid_salceda,99d09e5140608e7b4cd51c15e9ce4f8e089824d7
ingrid_salceda_img_0847,848.jfif,fantasmas_y_misterio,ilustracion_plana_color,626,626,imagen de fantasma,pixabay,ingrid_salceda,723786df1aef440cf1d7d00aa3e3c3f6825d8a49
ingrid_salceda_img_0848,849.jfif,fantasmas_y_misterio,ilustracion_plana_color,735,519,imagen de fantasma,pixabay,ingrid_salceda,ba3f42b3759b9d1713581adae2d33d9cddff18a1
ingrid_salceda_img_0849,850.jfif,fantasmas_y_misterio,ilustracion_plana_color,736,736,imagen de fantasma,pixabay,ingrid_salceda,fd58075bd4925ae3964efd56a5160d9696ee703f
ingrid_salceda_img_0850,851.jfif,fantasmas_y_misterio,ilustracion_plana_color,736,1023,imagen de fantasma,pixabay,ingrid_salceda,f75afdb443966ded03eb6a1c04283ac61b3e8f40
ingrid_salceda_img_0851,852.jfif,fantasmas_y_misterio,ilustracion_plana_color,400,400,imagen de fantasma,pixabay,ingrid_salceda,0c6c2426ee63ff47f52e63a16cdd47133a7c0d25
ingrid_salceda_img_0852,853.jfif,fantasmas_y_misterio,ilustracion_plana_color,736,1308,imagen de fantasma,pixabay,ingrid_salceda,022d7a40643bf10962be21f59fe894a9abdae4e3
ingrid_salceda_img_0853,854.jfif,fantasmas_y_misterio,ilustracion_plana_color,585,633,imagen de fantasma,pixabay,ingrid_salceda,d2ccbd46235908b2d36c2698cb3aaefdb3ca79ea
ingrid_salceda_img_0854,855.jfif,fantasmas_y_misterio,ilustracion_plana_color,736,1026,imagen de fantasma,pixabay,ingrid_salceda,53073aa664b0393090a6c5d4b668b4ec1a6709fc
ingrid_salceda_img_0855,856.jfif,fantasmas_y_misterio,ilustracion_plana_color,592,586,imagen de fantasma,pixabay,ingrid_salceda,8fd8aad5477a52e8a97ecbff270c68b9dbba16b8
ingrid_salceda_img_0856,857.jfif,fantasmas_y_misterio,ilustracion_plana_color,736,981,imagen de fantasma,pixabay,ingrid_salceda,e0ec071df87b89e0603ede621877712f505a650f
ingrid_salceda_img_0858,859.jfif,fantasmas_y_misterio,ilustracion_plana_color,736,736,imagen de fantasma,pixabay,ingrid_salceda,50a6e800160f8feb55d13058f858f51dcbb54fc4
ingrid_salceda_img_0859,860.jfif,fantasmas_y_misterio,ilustracion_plana_color,736,1104,imagen de fantasma,pixabay,ingrid_salceda,336e3bd4bface485cd78a5349092e59b8342a0e3
ingrid_salceda_img_0860,861.jfif,fantasmas_y_misterio,ilustracion_plana_color,640,640,imagen de fantasma,pixabay,ingrid_salceda,ac0774e6f5fc924835ea398f40277c3591a63bf8
ingrid_salceda_img_0861,862.jfif,fantasmas_y_misterio,ilustracion_plana_color,736,1104,imagen de fantasma,pixabay,ingrid_salceda,350cb1db944354b7d9cccae11bd3f6ce5b2f5272
ingrid_salceda_img_0863,864.jfif,fantasmas_y_misterio,ilustracion_plana_color,735,588,imagen de fantasma,pixabay,ingrid_salceda,9813295f21f3b48cc80a2b70b0cfd78acac447b0
ingrid_salceda_img_0864,865.jfif,fantasmas_y_misterio,ilustracion_plana_color,736,736,imagen de fantasma,pixabay,ingrid_salceda,4a8f49f69b5853a23494f7a14121e0c071088727
ingrid_salceda_img_0865,866.jfif,fantasmas_y_misterio,ilustracion_plana_color,560,800,imagen de fantasma,pixabay,ingrid_salceda,52efa027edae9afdee56dfb2ecfeb5ed44aa775e
ingrid_salceda_img_0866,867.jfif,fantasmas_y_misterio,ilustracion_plana_color,735,598,imagen de fantasma,pixabay,ingrid_salceda,010c1aa0c1286377782a244f774bda7fe151aa70
ingrid_salceda_img_0868,869.jfif,fantasmas_y_misterio,ilustracion_plana_color,735,1006,imagen de fantasma,pixabay,ingrid_salceda,a3675874ca93b930ec32625324812bc1d27c4e09
ingrid_salceda_img_0869,870.jfif,fantasmas_y_misterio,ilustracion_plana_color,735,741,imagen de fantasma,pixabay,ingrid_salceda,e577f49379547925e25d7cbc02b07b948d0fe564
ingrid_salceda_img_0870,871.jfif,fantasmas_y_misterio,ilustracion_plana_color,720,720,imagen de fantasma,pixabay,ingrid_salceda,82c171e740bddf0b620218133f9dcc2bcfda457e
ingrid_salceda_img_0871,872.jfif,fantasmas_y_misterio,ilustracion_plana_color,640,532,imagen de fantasma,pixabay,ingrid_salceda,43a90b6e0921b7df546cca2929af75a066e2b764
ingrid_salceda_img_0872,873.jfif,fantasmas_y_misterio,ilustracion_plana_color,736,990,imagen de fantasma,pixabay,ingrid_salceda,e516622bcc3668fc07fabd9d916756e3c2fba657
ingrid_salceda_img_0873,874.jfif,fantasmas_y_misterio,ilustracion_plana_color,736,1308,imagen de fantasma,pixabay,ingrid_salceda,f4ae70a38a68ef75392c67f67ed3f7ece10827aa
ingrid_salceda_img_0874,875.jfif,fantasmas_y_misterio,ilustracion_plana_color,700,955,imagen de fantasma,pixabay,ingrid_salceda,55476a43ab4473713b23e3a4f5ef90f9c77ae4d1
ingrid_salceda_img_0875,876.jfif,fantasmas_y_misterio,ilustracion_plana_color,500,625,imagen de fantasma,pixabay,ingrid_salceda,c1c6cf587cdfa936a253ebdeb31095db6899b393
ingrid_salceda_img_0876,877.jfif,fantasmas_y_misterio,ilustracion_plana_color,735,490,imagen de fantasma,pixabay,ingrid_salceda,dc0606d41e9159bac8018e511ff62ea31b807bdb
ingrid_salceda_img_0878,879.jfif,fantasmas_y_misterio,ilustracion_plana_color,735,412,imagen de fantasma,pixabay,ingrid_salceda,4d2d1e73dedc3434f075aa68442f54c27c9ded00
ingrid_salceda_img_0879,880.jfif,fantasmas_y_misterio,ilustracion_plana_color,500,707,imagen de fantasma,pixabay,ingrid_salceda,1c6c09659abc631e5156d34cb2f77bd243f14c08
ingrid_salceda_img_0881,882.jfif,fantasmas_y_misterio,ilustracion_plana_color,736,828,imagen de fantasma,pixabay,ingrid_salceda,ae380273582a631e145c7362c1f261b14d461dfe
ingrid_salceda_img_0882,883.jfif,fantasmas_y_misterio,ilustracion_plana_color,736,552,imagen de fantasma,pixabay,ingrid_salceda,4c6e3b20cbcba486253d8d049313e6ed24a90a74
ingrid_salceda_img_0883,884.jfif,fantasmas_y_misterio,ilustracion_plana_color,736,736,imagen de fantasma,pixabay,ingrid_salceda,39591df5779e72c73a7f080b2517f5c3e09fef35
ingrid_salceda_img_0884,885.jfif,fantasmas_y_misterio,ilustracion_plana_color,736,817,imagen de fantasma,pixabay,ingrid_salceda,0833ebe2be147d4093db3ef8e7246ccfdb92c4c3
ingrid_salceda_img_0885,886.jfif,fantasmas_y_misterio,ilustracion_plana_color,736,736,imagen de fantasma,pixabay,ingrid_salceda,e8943f166d480b1331c31c93ba2c907734072d1f
ingrid_salceda_img_0886,887.jfif,fantasmas_y_misterio,ilustracion_plana_color,321,471,imagen de fantasma,pixabay,ingrid_salceda,602cedf10bf5da8c5dc59320c6cb5ee6a611a16c
ingrid_salceda_img_0887,888.jfif,fantasmas_y_misterio,ilustracion_plana_color,736,736,imagen de fantasma,pixabay,ingrid_salceda,3b4abe401da04938829918457ed9a87945eb4cdb
ingrid_salceda_img_0889,890.jfif,fantasmas_y_misterio,ilustracion_plana_color,512,512,imagen de fantasma,pixabay,ingrid_salceda,c7a75e21c8f6d97c0108b2fa68cbf031537bff02
ingrid_salceda_img_0890,891.jfif,fantasmas_y_misterio,ilustracion_plana_color,732,980,imagen de fantasma,pixabay,ingrid_salceda,8aa27e3d7b6fe9dd8b1c862b39888207199d10b2
ingrid_salceda_img_0891,892.jfif,fantasmas_y_misterio,ilustracion_plana_color,500,500,imagen de fantasma,pixabay,ingrid_salceda,d3cf82d39ebc7a0ce16fe157c07a579e967909a9
ingrid_salceda_img_0892,893.jfif,fantasmas_y_misterio,ilustracion_plana_color,735,736,imagen de fantasma,pixabay,ingrid_salceda,532296d75125a1d786f805a39cc9ae2d4f7434f2
ingrid_salceda_img_0893,894.jfif,fantasmas_y_misterio,ilustracion_plana_color,329,521,imagen de fantasma,pixabay,ingrid_salceda,109fee69105ceec6e6c9aa0e783d8e7954554598
ingrid_salceda_img_0894,895.jfif,fantasmas_y_misterio,ilustracion_plana_color,736,736,imagen de fantasma,pixabay,ingrid_salceda,14ba633b662d036e67ec3cea442131bb9d8a3b7c
ingrid_salceda_img_0895,896.jfif,fantasmas_y_misterio,ilustracion_plana_color,735,897,imagen de fantasma,pixabay,ingrid_salceda,0de7ab4f013fc29ad88c0c34460ea750559476ae
ingrid_salceda_img_0896,897.jfif,fantasmas_y_misterio,ilustracion_plana_color,736,736,imagen de fantasma,pixabay,ingrid_salceda,1df51c6794dcb732c3d485aa54bb98dbb5b3e30c
ingrid_salceda_img_0897,898.jfif,fantasmas_y_misterio,ilustracion_plana_color,736,490,imagen de fantasma,pixabay,ingrid_salceda,abca535e4f910b73a55e2fee94f2103f3a8eeb19
ingrid_salceda_img_0898,899.jfif,fantasmas_y_misterio,ilustracion_plana_color,736,736,imagen de fantasma,pixabay,ingrid_salceda,e6fa9c7d7661d0deb3600a7700a9b39254e8224b
ingrid_salceda_img_0899,900.jfif,fantasmas_y_misterio,ilustracion_plana_color,736,414,imagen de fantasma,pixabay,ingrid_salceda,ee9d8be12a7cfd159a35d1553565d4d5e2c3b6ab
ingrid_salceda_img_0900,901.jfif,fantasmas_y_misterio,ilustracion_plana_color,626,911,imagen de fantasma,pixabay,ingrid_salceda,e657a4b97ff376c5d31cdcc8633a8c0cffe71862
ingrid_salceda_img_0901,902.jfif,fantasmas_y_misterio,ilustracion_plana_color,736,1104,imagen de fantasma,pixabay,ingrid_salceda,b45ae6812b3a8d56f3b1b9b4693245f5f9a11b77
ingrid_salceda_img_0902,903.jfif,fantasmas_y_misterio,ilustracion_plana_color,736,1135,imagen de fantasma,pixabay,ingrid_salceda,9dc09a7d0a1871d2c461afbc494f00fa902b4c93
ingrid_salceda_img_0903,904.jfif,fantasmas_y_misterio,ilustracion_plana_color,736,736,imagen de fantasma,pixabay,ingrid_salceda,918cf428603a55cc2d43036adb4107b4a88a9cf4
ingrid_salceda_img_0904,905.jfif,fantasmas_y_misterio,ilustracion_plana_color,554,554,imagen de fantasma,pixabay,ingrid_salceda,1208ee282ccde6ec433036386860d443b4493158
ingrid_salceda_img_0905,906.jfif,fantasmas_y_misterio,ilustracion_plana_color,736,733,imagen de fantasma,pixabay,ingrid_salceda,febe01ee78c5d2cb80067b36fd995a95bac76c39
ingrid_salceda_img_0906,907.jfif,fantasmas_y_misterio,ilustracion_plana_color,735,678,imagen de fantasma,pixabay,ingrid_salceda,1f365df55569f630b286059d29130c7d9eda752b
ingrid_salceda_img_0907,908.jfif,fantasmas_y_misterio,ilustracion_plana_color,640,790,imagen de fantasma,pixabay,ingrid_salceda,fb1e3465aa93e2faa614b13c52767aa89e538806
ingrid_salceda_img_0908,909.jfif,fantasmas_y_misterio,ilustracion_plana_color,735,877,imagen de fantasma,pixabay,ingrid_salceda,949062ff1a8b2ee0472df5e293b3abea051562af
ingrid_salceda_img_0909,910.jfif,fantasmas_y_misterio,ilustracion_plana_color,736,450,imagen de fantasma,pixabay,ingrid_salceda,f117e8d14410298a8b3da9159a6c1de1cd35b0ad
ingrid_salceda_img_0910,911.jfif,fantasmas_y_misterio,ilustracion_plana_color,500,500,imagen de fantasma,pixabay,ingrid_salceda,f9d4c45f8f91c7e96669367b543c417739db75e0
ingrid_salceda_img_0911,912.jfif,fantasmas_y_misterio,ilustracion_plana_color,481,612,imagen de fantasma,pixabay,ingrid_salceda,411c76d7797ff75703f405b73328f00e1476b2c0
ingrid_salceda_img_0912,913.jfif,fantasmas_y_misterio,ilustracion_plana_color,540,517,imagen de fantasma,pixabay,ingrid_salceda,1fc196d4e4fd65f3fc2ef98e921dfdebbb2e4ae9
ingrid_salceda_img_0913,914.jfif,fantasmas_y_misterio,ilustracion_plana_color,360,360,imagen de fantasma,pixabay,ingrid_salceda,200a58403c3ea2028f59a4033a17a543db942811
ingrid_salceda_img_0914,915.jfif,fantasmas_y_misterio,ilustracion_plana_color,736,736,imagen de fantasma,pixabay,ingrid_salceda,7256fdba3ef09da8e391cace22423405ae68cb0d
ingrid_salceda_img_0915,916.jfif,fantasmas_y_misterio,ilustracion_plana_color,238,250,imagen de fantasma,pixabay,ingrid_salceda,15ed5d4a55f149f432bd5d7a59a4112679b18d66
ingrid_salceda_img_0916,917.jfif,fantasmas_y_misterio,ilustracion_plana_color,500,454,imagen de fantasma,pixabay,ingrid_salceda,61c6bbc607274153084f33c3fe06825b7bbe6772
ingrid_salceda_img_0917,918.jfif,fantasmas_y_misterio,ilustracion_plana_color,736,880,imagen de fantasma,pixabay,ingrid_salceda,2d4eb5e8c051e755ffc54e3f99ddb0352d9a45f8
ingrid_salceda_img_0918,919.jfif,fantasmas_y_misterio,ilustracion_plana_color,736,736,imagen de fantasma,pixabay,ingrid_salceda,c5f44584eca7a3950e68a64f10c0c1cbb5876e0e
ingrid_salceda_img_0919,920.jfif,fantasmas_y_misterio,ilustracion_plana_color,675,1200,imagen de fantasma,pixabay,ingrid_salceda,6b0339aadfc77df99f60ab914dce8e4efcada74d
ingrid_salceda_img_0920,921.jfif,fantasmas_y_misterio,ilustracion_plana_color,563,748,imagen de fantasma,pixabay,ingrid_salceda,53617177c64396f563d5f8d7b1651aab376f4d3e
ingrid_salceda_img_0921,922.jfif,fantasmas_y_misterio,ilustracion_plana_color,736,846,imagen de fantasma,pixabay,ingrid_salceda,40eb6f86b5593172c3193421318259bbd7591111
ingrid_salceda_img_0922,923.jfif,fantasmas_y_misterio,ilustracion_plana_color,736,717,imagen de fantasma,pixabay,ingrid_salceda,bddc6f33879c7fe8977f8d7f80c9f22146372059
ingrid_salceda_img_0923,924.jfif,fantasmas_y_misterio,ilustracion_plana_color,360,555,imagen de fantasma,pixabay,ingrid_salceda,7e3154035a20be91d97215f11a3948430338d52a
ingrid_salceda_img_0924,925.jfif,fantasmas_y_misterio,ilustracion_plana_color,675,1200,imagen de fantasma,pixabay,ingrid_salceda,8f5f823c485da7d41010165cc909f7c58e112b4b
ingrid_salceda_img_0925,926.jfif,fantasmas_y_misterio,ilustracion_plana_color,735,421,imagen de fantasma,pixabay,ingrid_salceda,4d8b45fdeafd88aaa4dd0603fd2df8f35d0f841b
ingrid_salceda_img_0926,927.jfif,fantasmas_y_misterio,ilustracion_plana_color,256,256,imagen de fantasma,pixabay,ingrid_salceda,73da1c9494eec1ae56d4d10922e6bf28f9a94dea
ingrid_salceda_img_0927,928.jfif,fantasmas_y_misterio,ilustracion_plana_color,700,700,imagen de fantasma,pixabay,ingrid_salceda,b755c7c44715fd606f1affb2ef59978efa2d5af8
ingrid_salceda_img_0928,929.jfif,fantasmas_y_misterio,ilustracion_plana_color,675,1200,imagen de fantasma,pixabay,ingrid_salceda,c4aa3250666f362ca2dce5cc2156e19cafed4b73
ingrid_salceda_img_0929,930.jfif,fantasmas_y_misterio,ilustracion_plana_color,645,504,imagen de fantasma,pixabay,ingrid_salceda,f760d87d83ba46eaaa9c5467a03289805032a3f9
ingrid_salceda_img_0930,931.jfif,fantasmas_y_misterio,ilustracion_plana_color,647,980,imagen de fantasma,pixabay,ingrid_salceda,8437772ae91063babc4779b2f67113cb9c3bf4ce
ingrid_salceda_img_0931,932.jfif,fantasmas_y_misterio,ilustracion_plana_color,480,480,imagen de fantasma,pixabay,ingrid_salceda,7e8b2ca044e8d6347be65cb5490af416605ad75c
ingrid_salceda_img_0932,933.jfif,fantasmas_y_misterio,ilustracion_plana_color,735,741,imagen de fantasma,pixabay,ingrid_salceda,c3b8655fd7424268c436f0cfc808f834435b4bfa
ingrid_salceda_img_0933,934.jfif,fantasmas_y_misterio,ilustracion_plana_color,736,736,imagen de fantasma,pixabay,ingrid_salceda,aeee98e9999d8c5526db47a84b172425204a6aa0
ingrid_salceda_img_0934,935.jfif,fantasmas_y_misterio,ilustracion_plana_color,736,736,imagen de fantasma,pixabay,ingrid_salceda,46a5035cedf6d0343f0def55c9020061c37266bb
ingrid_salceda_img_0935,936.jfif,fantasmas_y_misterio,ilustracion_plana_color,512,512,imagen de fantasma,pixabay,ingrid_salceda,30b928f16b4e71c531a9939de1f1a541294baac2
ingrid_salceda_img_0936,937.jfif,fantasmas_y_misterio,ilustracion_plana_color,736,981,imagen de fantasma,pixabay,ingrid_salceda,5e666a7e1b046bd58733c45773505253c14f3a26
ingrid_salceda_img_0937,938.jfif,fantasmas_y_misterio,ilustracion_plana_color,736,981,imagen de fantasma,pixabay,ingrid_salceda,6e2552f6aff5db74665267bb1780bc0c4a72bd75
ingrid_salceda_img_0938,939.jfif,fantasmas_y_misterio,ilustracion_plana_color,736,1030,imagen de fantasma,pixabay,ingrid_salceda,c9c425fe29e5afd1b362f3f11d8809f2b3e39bca
ingrid_salceda_img_0939,940.jfif,fantasmas_y_misterio,ilustracion_plana_color,574,612,imagen de fantasma,pixabay,ingrid_salceda,0486ba1912641fe3a04993130ffe4fc263ea7ebe
ingrid_salceda_img_0940,941.jfif,fantasmas_y_misterio,ilustracion_plana_color,736,736,imagen de fantasma,pixabay,ingrid_salceda,1c4d2d715ae895575ba1e315ce4b708917f12cfe
ingrid_salceda_img_0941,942.jfif,fantasmas_y_misterio,ilustracion_plana_color,736,1104,imagen de fantasma,pixabay,ingrid_salceda,38edb637f84af5f3c3b73ab5074ed5e1043a76ae
ingrid_salceda_img_0942,943.jfif,fantasmas_y_misterio,ilustracion_plana_color,736,981,imagen de fantasma,pixabay,ingrid_salceda,96e0a7e199b0a3e47d0946fdbe2c8cc8f3cd5758
ingrid_salceda_img_0943,944.gif,fantasmas_y_misterio,ilustracion_plana_color,500,700,imagen de fantasma,pixabay,ingrid_salceda,26e19e226e0bfb8afbfe807eec446c07caa5e6a1
ingrid_salceda_img_0944,945.jfif,fantasmas_y_misterio,ilustracion_plana_color,480,579,imagen de fantasma,pixabay,ingrid_salceda,6bcb3fd6f4552e81d6dc81d844dfef0330473a70
ingrid_salceda_img_0945,946.jfif,fantasmas_y_misterio,ilustracion_plana_color,736,772,imagen de fantasma,pixabay,ingrid_salceda,48f110ad64559436411a6f9a3adead391ff044c5
ingrid_salceda_img_0946,947.jfif,fantasmas_y_misterio,ilustracion_plana_color,450,800,imagen de fantasma,pixabay,ingrid_salceda,151fbf476b94a89f8ea35395bf23be86d7d9421e
ingrid_salceda_img_0948,949.jfif,fantasmas_y_misterio,ilustracion_plana_color,340,351,imagen de fantasma,pixabay,ingrid_salceda,f3d606318a88335c1551a58f9d6a95c11bdc14f5
ingrid_salceda_img_0949,950.jfif,fantasmas_y_misterio,ilustracion_plana_color,248,240,imagen de fantasma,pixabay,ingrid_salceda,8462d52d3b6396845ddd0a216558dd9d71698e16
ingrid_salceda_img_0950,951.jfif,fantasmas_y_misterio,ilustracion_plana_color,736,1102,imagen de fantasma,pixabay,ingrid_salceda,178b1b8e2b7cfbf462c504b4aa77a3ccd0842071
ingrid_salceda_img_0951,952.jfif,fantasmas_y_misterio,ilustracion_plana_color,736,736,imagen de fantasma,pixabay,ingrid_salceda,40a6a3e09f76731ffcd02cbc77837e61daa0ce1f
ingrid_salceda_img_0953,954.jfif,fantasmas_y_misterio,ilustracion_plana_color,736,736,imagen de fantasma,pixabay,ingrid_salceda,7895d5d203956e22c550035371205b9bdb119aa5
ingrid_salceda_img_0954,955.jfif,fantasmas_y_misterio,ilustracion_plana_color,450,800,imagen de fantasma,pixabay,ingrid_salceda,2107b294c8fc7a6f784a198d70d542c27d5bbc30
ingrid_salceda_img_0956,957.jfif,fantasmas_y_misterio,ilustracion_plana_color,450,800,imagen de fantasma,pixabay,ingrid_salceda,b291ba37b04a29984aaa0210d1bd2f3ed3d42aae
ingrid_salceda_img_0958,959.jfif,fantasmas_y_misterio,ilustracion_plana_color,736,736,imagen de fantasma,pixabay,ingrid_salceda,8911f4034371d06219481a8e51fe13d0ddfa5562
ingrid_salceda_img_0959,960.jfif,fantasmas_y_misterio,ilustracion_plana_color,626,626,imagen de fantasma,pixabay,ingrid_salceda,5fa6f178e093692d2af3a9360b9000415400e41f
ingrid_salceda_img_0960,961.jfif,fantasmas_y_misterio,ilustracion_plana_color,728,687,imagen de fantasma,pixabay,ingrid_salceda,68e794c1023ff5059e85638c143215d44fb8c6bf
ingrid_salceda_img_0961,962.jfif,fantasmas_y_misterio,ilustracion_plana_color,736,736,imagen de fantasma,pixabay,ingrid_salceda,cc7ffda7b22d014c740cdc1aad7af3378e1e4faf
ingrid_salceda_img_0962,963.jfif,fantasmas_y_misterio,ilustracion_plana_color,570,612,imagen de fantasma,pixabay,ingrid_salceda,d2d92d200c6247f7aad9fee59d4f59683c70d1fe
ingrid_salceda_img_0963,964.jfif,fantasmas_y_misterio,ilustracion_plana_color,450,450,imagen de fantasma,pixabay,ingrid_salceda,daee3c55f620caedc05f17cf858ee3a1fa0a5981
ingrid_salceda_img_0964,965.jfif,fantasmas_y_misterio,ilustracion_plana_color,736,736,imagen de fantasma,pixabay,ingrid_salceda,d955408c309ebd1eafe852403d82bedaa44366e0
ingrid_salceda_img_0965,966.jfif,fantasmas_y_misterio,ilustracion_plana_color,736,736,imagen de fantasma,pixabay,ingrid_salceda,f209679fbefba959a46efd389b293f4d817d0dde
ingrid_salceda_img_0966,967.jfif,fantasmas_y_misterio,ilustracion_plana_color,320,320,imagen de fantasma,pixabay,ingrid_salceda,532f60bb8b9706629d15afe29b1fe785f20535c2
ingrid_salceda_img_0967,968.jfif,fantasmas_y_misterio,ilustracion_plana_color,736,552,imagen de fantasma,pixabay,ingrid_salceda,499b7d3954cd3d35bdad0b876155353f538090eb
ingrid_salceda_img_0968,969.jfif,fantasmas_y_misterio,ilustracion_plana_color,588,888,imagen de fantasma,pixabay,ingrid_salceda,e5b9598f6b6cb98bb3c2f2206a188d638595d4bc
ingrid_salceda_img_0969,970.jfif,fantasmas_y_misterio,ilustracion_plana_color,320,203,imagen de fantasma,pixabay,ingrid_salceda,00ace807f2d23bd413336b3960b972bd2dd1ad17
ingrid_salceda_img_0971,972.jfif,fantasmas_y_misterio,ilustracion_plana_color,345,624,imagen de fantasma,pixabay,ingrid_salceda,60c1a475937c5ac63184aa5c0b1e3b2b647f165e
ingrid_salceda_img_0972,973.jfif,fantasmas_y_misterio,ilustracion_plana_color,736,490,imagen de fantasma,pixabay,ingrid_salceda,54729607e0bf64bb0f99641e869d5e13ab04b042
ingrid_salceda_img_0973,974.jfif,fantasmas_y_misterio,ilustracion_plana_color,736,736,imagen de fantasma,pixabay,ingrid_salceda,99dbfc7946c68e611f4e158a6019e49b5d1d8830
ingrid_salceda_img_0974,975.jfif,fantasmas_y_misterio,ilustracion_plana_color,736,736,imagen de fantasma,pixabay,ingrid_salceda,ae286c5c7d51c0754d77089370410887364598db
ingrid_salceda_img_0976,977.jfif,fantasmas_y_misterio,ilustracion_plana_color,736,773,imagen de fantasma,pixabay,ingrid_salceda,d1ca1d1f730e6255122dd588e00ef54477ea74ec
ingrid_salceda_img_0977,978.jfif,fantasmas_y_misterio,ilustracion_plana_color,736,736,imagen de fantasma,pixabay,ingrid_salceda,d5f77121c8b8e9233518ccd9f58077f7c8c9c1f1
ingrid_salceda_img_0978,979.jfif,fantasmas_y_misterio,ilustracion_plana_color,612,612,imagen de fantasma,pixabay,ingrid_salceda,f127adf76035f0a408dcf69aa0f039391ad9aae9
ingrid_salceda_img_0979,980.jfif,fantasmas_y_misterio,ilustracion_plana_color,736,736,imagen de fantasma,pixabay,ingrid_salceda,3cc921d5ead44074d986c9895f1901619143f759
ingrid_salceda_img_0980,981.jfif,fantasmas_y_misterio,ilustracion_plana_color,736,736,imagen de fantasma,pixabay,ingrid_salceda,146f6e9cd7cb99318c774b98083ab328f3227ae4
ingrid_salceda_img_0981,982.jfif,fantasmas_y_misterio,ilustracion_plana_color,736,1309,imagen de fantasma,pixabay,ingrid_salceda,d1faa57a3f60ba7c6475aaf4ae561afb604f4954
ingrid_salceda_img_0982,983.jfif,fantasmas_y_misterio,ilustracion_plana_color,600,849,imagen de fantasma,pixabay,ingrid_salceda,9c481e164d4764ea464c70aab348f075db9d721e
ingrid_salceda_img_0983,984.jfif,fantasmas_y_misterio,ilustracion_plana_color,736,736,imagen de fantasma,pixabay,ingrid_salceda,43b90d927a780f2e2144d49e05a34f8fbebb77c1
ingrid_salceda_img_0984,985.jfif,fantasmas_y_misterio,ilustracion_plana_color,500,336,imagen de fantasma,pixabay,ingrid_salceda,9e2cc2ba5ebbe0b376b2faa3324c43e56a69953f
ingrid_salceda_img_0985,986.jfif,fantasmas_y_misterio,ilustracion_plana_color,736,1086,imagen de fantasma,pixabay,ingrid_salceda,f1839467c5fe711812a20191b8cc54b456140e39
ingrid_salceda_img_0986,987.jfif,fantasmas_y_misterio,ilustracion_plana_color,450,800,imagen de fantasma,pixabay,ingrid_salceda,3ece9a05352147a3781cbe5b025fae2c799e4395
ingrid_salceda_img_0987,988.jfif,fantasmas_y_misterio,ilustracion_plana_color,735,883,imagen de fantasma,pixabay,ingrid_salceda,595bfc321fbc57fe3aef8924c08cd302e905c747
ingrid_salceda_img_0988,989.jfif,fantasmas_y_misterio,ilustracion_plana_color,427,470,imagen de fantasma,pixabay,ingrid_salceda,8a959f3a3964486f56733e740080224028e75996
ingrid_salceda_img_0989,990.jfif,fantasmas_y_misterio,ilustracion_plana_color,736,736,imagen de fantasma,pixabay,ingrid_salceda,77e0b68c8825150c21caeae17d8acb5ab66f99d2
ingrid_salceda_img_0990,991.jfif,fantasmas_y_misterio,ilustracion_plana_color,736,620,imagen de fantasma,pixabay,ingrid_salceda,cfa3f988b84b7fd0b8b7eac64ecabbba6c9fb7e6
ingrid_salceda_img_0991,992.jfif,fantasmas_y_misterio,ilustracion_plana_color,595,842,imagen de fantasma,pixabay,ingrid_salceda,e42286e3a74e4a84c88bf190beef6292f0536a0a
ingrid_salceda_img_0992,993.jfif,fantasmas_y_misterio,ilustracion_plana_color,736,736,imagen de fantasma,pixabay,ingrid_salceda,6e5b08d45d6d2349329df50492358e05e1b8c902
ingrid_salceda_img_0993,994.jfif,fantasmas_y_misterio,ilustracion_plana_color,501,720,imagen de fantasma,pixabay,ingrid_salceda,72b375bf30ad877cfd81d35bf692e2078998f443
ingrid_salceda_img_0994,995.jfif,fantasmas_y_misterio,ilustracion_plana_color,236,318,imagen de fantasma,pixabay,ingrid_salceda,2066ad9df1f37230ecc32686102b974e1da59828
ingrid_salceda_img_0995,996.jfif,fantasmas_y_misterio,ilustracion_plana_color,735,503,imagen de fantasma,pixabay,ingrid_salceda,e75d952200072d209c8170880323c628ae14d122
ingrid_salceda_img_0996,997.jfif,fantasmas_y_misterio,ilustracion_plana_color,300,300,imagen de fantasma,pixabay,ingrid_salceda,77187af366af282b6cd73c34bff119414bbd903b
ingrid_salceda_img_0997,998.jfif,fantasmas_y_misterio,ilustracion_plana_color,704,1030,imagen de fantasma,pixabay,ingrid_salceda,6b0be64bd9c0ab05066879c2673d38ab1722535c
ingrid_salceda_img_0998,999.jfif,fantasmas_y_misterio,ilustracion_plana_color,600,600,imagen de fantasma,pixabay,ingrid_salceda,8e58ad4d49267db993a19ca685ad04830cd653e3
