id,archivo,tematica,estilo,ancho,alto,descripcion,fuente,recolector,hash_imagen
Karen_img_0001,img_001.png,magia_y_brujas,ilustracion_plana_color,512,512,icono bruja,Flaticon,Karen,67516058ded0bdfcd786c10c800a09fd8d80e880
Karen_img_0002,img_002.jpg,magia_y_brujas,ilustracion_plana_color,736,920,bruja estilo animacion,Pinterest,Karen,e11ed240380eadcc0a6f06caf76d317fb9995b89
Karen_img_0003,img_003.png,magia_y_brujas,ilustracion_plana_color,512,512,caldero,Flaticon,Karen,fc02d1361b9ef0e2d6ed2a2d22bafb30920fa3b8
Karen_img_0004,img_004.jpg,magia_y_brujas,ilustracion_plana_color,720,892,bruja estilo animacion,Pinterest,Karen,ebd208fc8d61fb7b9bd46288dd490794ee0ca3cd
Karen_img_0005,img_005.png,magia_y_brujas,ilustracion_plana_color,512,512,sombrero bruja,Pinterest,Karen,b5f6ff25558220dab6b7bb09c1fb8ad7f2d7e58d
Karen_img_0006,img_006.jpg,magia_y_brujas,ilustracion_plana_color,736,952,bruja,Pinterest,Karen,c2d0c093d185f2483334034567da954a1ed8cf91
Karen_img_0007,img_007.png,magia_y_brujas,ilustracion_plana_color,512,512,sombrero bruja,Flaticon,Karen,ff55085603359f79585fd96505351657894e750e
Karen_img_0008,img_008.jpg,magia_y_brujas,ilustracion_plana_color,736,1203,bruja,Pinterest,Karen,945ba873b77145796909c01612fd78bc73ae23a8
Karen_img_0009,img_009.png,magia_y_brujas,ilustracion_plana_color,512,512,sombrero bruja,Flaticon,Karen,9d958d6669c5ec17f34a1be2bdca3708114cb7bf
Karen_img_0010,img_010.jpg,magia_y_brujas,ilustracion_plana_color,736,736,bruja,Pinterest,Karen,d2cdf04fb005001ebd03c24a018d71e461c3b387
Karen_img_0011,img_011.png,magia_y_brujas,ilustracion_plana_color,512,512,sombrero bruja,Flaticon,Karen,a3261163a95f8364aca01db6ebef3e8e177c3fb9
Karen_img_0012,img_012.jpg,magia_y_brujas,ilustracion_plana_color,300,300,bruja,Pinterest,Karen,12d5005509da02e1d628dbfb13793626cac22de5
Karen_img_0013,img_013.png,magia_y_brujas,ilustracion_plana_color,512,512,sombrero bruja,Flaticon,Karen,1d51402387d8e3c6b86bd9d82e9ad0e79ed4bbde
Karen_img_0014,img_014.jpg,magia_y_brujas,ilustracion_plana_color,200,302,bruja,Pinterest,Karen,83b9f6d8e286994b0d057d6bccd2f496c3dc225f
Karen_img_0015,img_015.png,magia_y_brujas,ilustracion_plana_color,512,512,sombrero bruja,Flaticon,Karen,0d506685a36d78358a1ea18e80cebd9ab4efff90
Karen_img_0016,img_016.jpg,magia_y_brujas,ilustracion_plana_color,720,960,bruja,Pinterest,Karen,de23dfd21ed5687800e0ee1e1cfef81213cc15b4
Karen_img_0017,img_017.png,magia_y_brujas,ilustracion_plana_color,512,512,sombrero bruja,Flaticon,Karen,c2fa01d333487b69f51247103cfb18c8cad94d23
Karen_img_0018,img_018.jpg,magia_y_brujas,ilustracion_plana_color,552,901,bruja,Pinterest,Karen,7f6bbf27ebf4ef45c4f66b67040019cc20d32d13
Karen_img_0019,img_019.png,magia_y_brujas,ilustracion_plana_color,512,512,sombrero bruja,Flaticon,Karen,9993731c312ba0f6444d719400639439f612cff1
Karen_img_0020,img_020.jpg,magia_y_brujas,ilustracion_plana_color,736,1069,bruja,Pinterest,Karen,8069603247181487ae0c149c2bfeebe6a7932921
Karen_img_0021,img_021.png,magia_y_brujas,ilustracion_plana_color,512,512,sombrero bruja,Flaticon,Karen,cd279c75b99bb7cebaafdf250f22c5106b47508e
Karen_img_0022,img_022.jpg,magia_y_brujas,ilustracion_plana_color,736,846,mago con varita,Pinterest,Karen,5a7079aaf8a9dbf8de0c2e0fc7c09f22e8a25b6c
Karen_img_0023,img_023.png,magia_y_brujas,ilustracion_plana_color,512,512,sombrero bruja,Flaticon,Karen,ac84c51b540329008019f2f7ac823bd59bc056d5
Karen_img_0024,img_024.jpg,magia_y_brujas,ilustracion_plana_color,645,1200,brujo con varita,Pinterest,Karen,d0c3d21d7f0450cd1be027ab2166883d3d115d17
Karen_img_0025,img_025.png,magia_y_brujas,ilustracion_plana_color,512,512,sombrero bruja,Flaticon,Karen,01c9b564601b070ed5003d718bb15a0068792b09
Karen_img_0026,img_026.jpg,magia_y_brujas,ilustracion_plana_color,640,600,bruja,Pinterest,Karen,5bf7a033e093463e47c3db2984d2273cc731de90
Karen_img_0027,img_027.png,magia_y_brujas,ilustracion_plana_color,512,512,sombrero bruja,Flaticon,Karen,ea10774dba8b2d0c306c1e9d746151ce27f49ff8
Karen_img_0028,img_028.jpg,magia_y_brujas,ilustracion_plana_color,736,736,bruja,Pinterest,Karen,afb2cefb1808bfd25ec92c8f8c7be60ae5fbaf05
Karen_img_0029,img_029.png,magia_y_brujas,ilustracion_plana_color,512,512,sombrero bruja,Flaticon,Karen,6b1ac1ec406f9e16905b6c19eef64a99620178a5
Karen_img_0030,img_030.jpg,magia_y_brujas,ilustracion_plana_color,736,736,bruja,Pinterest,Karen,6f30644ef09a3280ccc0dc7cf5c989c4ef3f867c
Karen_img_0031,img_031.png,magia_y_brujas,ilustracion_plana_color,512,512,sombrero bruja,Flaticon,Karen,221ec6bbae643387d4d3686f93d00860e5aed973
Karen_img_0032,img_032.jpg,magia_y_brujas,ilustracion_plana_color,626,626,bruja,Pinterest,Karen,08fefc9d08fa04f64f0b75186639eebc86a3325d
Karen_img_0033,img_033.png,magia_y_brujas,ilustracion_plana_color,512,512,sombrero bruja,Flaticon,Karen,a0f33ad89cca8a43051b5dcba927f2bbf9e30321
Karen_img_0034,img_034.jpg,magia_y_brujas,ilustracion_plana_color,736,749,bruja,Pinterest,Karen,f3a99fbc19eb44932394f76ce5062707a646e017
Karen_img_0035,img_035.png,magia_y_brujas,ilustracion_plana_color,512,512,sombrero bruja,Flaticon,Karen,0196d11059cc2cc2c75091fe08a27002b27874a6
Karen_img_0036,img_036.jpg,magia_y_brujas,ilustracion_plana_color,539,532,bruja,Pinterest,Karen,b9efc8b41bed7333d424d44538510cec955d9be4
Karen_img_0037,img_037.png,magia_y_brujas,ilustracion_plana_color,512,512,sombrero bruja,Flaticon,Karen,dc1ea0da12cdf5f644997547945872e533ddecc0
Karen_img_0038,img_038.jpg,magia_y_brujas,ilustracion_plana_color,736,1040,bruja,Pinterest,Karen,8470780a7668c4a5191c879a6baf05c2cc99c5ee
Karen_img_0039,img_039.png,magia_y_brujas,ilustracion_plana_color,512,512,sombrero bruja,Flaticon,Karen,da61dafe0228130af162c7d639d8b90b9963d42c
Karen_img_0040,img_040.jpg,magia_y_brujas,ilustracion_plana_color,675,1038,bruja,Pinterest,Karen,f940225ec04c4ca1fc8e98a91e535321c3c26e00
Karen_img_0041,img_041.png,magia_y_brujas,ilustracion_plana_color,512,512,sombrero bruja,Flaticon,Karen,8b58e19aecd2442097093e49463948eab2afcdc7
Karen_img_0042,img_042.jpg,magia_y_brujas,ilustracion_plana_color,548,626,bruja,Pinterest,Karen,090a092be5d1261c58af9b95a275bd3d56f8b6d5
Karen_img_0043,img_043.png,magia_y_brujas,ilustracion_plana_color,512,512,sombrero bruja,Flaticon,Karen,332864bb6fb50ccd447716fd3afcb92d4b75e45f
Karen_img_0044,img_044.jpg,magia_y_brujas,ilustracion_plana_color,736,736,bruja,Pinterest,Karen,6e97de1c1fcb4c23bdc2e4f980268fd17a178792
Karen_img_0045,img_045.png,magia_y_brujas,ilustracion_plana_color,512,512,icono bruja,Flaticon,Karen,b61cdae3ed9d7f71880405deb5040cd8995973ff
Karen_img_0046,img_046.jpg,magia_y_brujas,ilustracion_plana_color,397,397,bruja,Pinterest,Karen,5aacaa53e90b14fa14b0486159581ede7dd72e56
Karen_img_0047,img_047.png,magia_y_brujas,ilustracion_plana_color,512,512,escoba bruja,Flaticon,Karen,e25a54d124fbb962d71695ace445d3bb4797e10f
Karen_img_0048,img_048.jpg,magia_y_brujas,ilustracion_plana_color,735,950,bruja,Pinterest,Karen,4cf12a695bc6cc731435645ab606ee0d182a7ed1
Karen_img_0049,img_049.png,magia_y_brujas,ilustracion_plana_color,512,512,sombrero bruja,Flaticon,Karen,3648f62d5218dd628c56bade4cc1ac770f0ac842
Karen_img_0050,img_050.jpg,magia_y_brujas,ilustracion_plana_color,736,787,bruja,Pinterest,Karen,d7cce90c9fc77d514e10cea8c81f148cd4e356f9
Karen_img_0051,img_051.png,magia_y_brujas,ilustracion_plana_color,512,512,sombrero bruja,Flaticon,Karen,899f21b17ae460601cd73780711df659516a46be
Karen_img_0052,img_052.jpg,magia_y_brujas,ilustracion_plana_color,736,736,bruja,Pinterest,Karen,c0ca7f7b7aaa0a701e08d84748d105025a90fe3d
Karen_img_0053,img_053.png,magia_y_brujas,ilustracion_plana_color,512,512,icono bruja,Flaticon,Karen,8b41839984b21fe85ec6a654d60fd4fe7da2e1fb
Karen_img_0054,img_054.jpg,magia_y_brujas,ilustracion_plana_color,736,736,bruja,Pinterest,Karen,d56e3f67b0d59b87529d80f3f7ebaedfdefdea78
Karen_img_0055,img_055.png,magia_y_brujas,ilustracion_plana_color,512,512,sombrero bruja,Flaticon,Karen,ae574eb5288a7cee4715e85c14d12abfedb66f5a
Karen_img_0056,img_056.jpg,magia_y_brujas,ilustracion_plana_color,736,736,bruja con gato,Pinterest,Karen,13025d9696170aab62ecd8b7c3acf1051893c0e8
Karen_img_0057,img_057.png,magia_y_brujas,ilustracion_plana_color,512,512,sombrero bruja,Flaticon,Karen,2437f8a196f8662413eb3b5b626b097214564f80
Karen_img_0058,img_058.jpg,magia_y_brujas,ilustracion_plana_color,736,1104,bruja,Pinterest,Karen,892bf6b9d1ae14b6503769ba979e060cc13f685d
Karen_img_0059,img_059.png,magia_y_brujas,ilustracion_plana_color,512,512,sombrero bruja,Flaticon,Karen,e8593e4917bdca2263991cd2a156d31d97f90542
Karen_img_0060,img_060.jpg,magia_y_brujas,ilustracion_plana_color,736,736,bruja,Pinterest,Karen,a8d3ec49c93f9b6af2c1c6bea36a2060f6a81b29
Karen_img_0061,img_061.png,magia_y_brujas,ilustracion_plana_color,512,512,sombrero bruja,Flaticon,Karen,f11e2750abbfc96eb63a06ba5b0a1cde71fb7f05
Karen_img_0062,img_062.jpg,magia_y_brujas,ilustracion_plana_color,736,1116,bruja,Pinterest,Karen,17c00841e244ad55b6f4ecfb9220f610bc48e02f
Karen_img_0063,img_063.png,magia_y_brujas,ilustracion_plana_color,512,512,sombrero bruja,Flaticon,Karen,c2e7360613eef5b9b8db1aef2a80a994ca598078
Karen_img_0064,img_064.jpg,magia_y_brujas,ilustracion_plana_color,736,1177,bruja,Pinterest,Karen,878fa0957bfbcc7fdf8dd26f80521bf82fbd8625
Karen_img_0065,img_065.png,magia_y_brujas,ilustracion_plana_color,512,512,sombrero bruja,Flaticon,Karen,3e7cbc253a294d1a021e8269c91ff8a1bcc8e4a5
Karen_img_0066,img_066.jpg,magia_y_brujas,ilustracion_plana_color,736,1177,bruja,Pinterest,Karen,58136558b51a0fed77e3dad4d31ce8143406b396
Karen_img_0067,img_067.png,magia_y_brujas,ilustracion_plana_color,512,512,sombrero bruja,Flaticon,Karen,092b305ddc4a4385b8374c23e902792787859733
Karen_img_0068,img_068.jpg,magia_y_brujas,ilustracion_plana_color,736,1177,bruja,Pinterest,Karen,6c17052db52b24384b3fedbb614993c4fcc78e54
Karen_img_0069,img_069.png,magia_y_brujas,ilustracion_plana_color,512,512,icono bruja,Flaticon,Karen,4211586a928b80c64dd480ca7695d8f77f309e98
Karen_img_0070,img_070.jpg,magia_y_brujas,ilustracion_plana_color,736,736,bruja,Pinterest,Karen,8a67b203fac9be2a77947d240600cf0120220d07
Karen_img_0071,img_071.png,magia_y_brujas,ilustracion_plana_color,512,512,sombrero bruja,Flaticon,Karen,0d15507eef70e8e0ae6edf4ac00d8eb18ebc36ad
Karen_img_0072,img_072.jpg,magia_y_brujas,ilustracion_plana_color,735,1040,bruja,Pinterest,Karen,ac90eb1aca58ab609520a6de3b2e82de015ed57d
Karen_img_0073,img_073.png,magia_y_brujas,ilustracion_plana_color,512,512,lupa observa sombrero,Flaticon,Karen,fb2c800473aa99810fd21c768cdf6aacdd090221
Karen_img_0074,img_074.jpg,magia_y_brujas,ilustracion_plana_color,735,1008,bruja,Pinterest,Karen,5980f24f457e0e8793426bf41099d7eb33552bbe
Karen_img_0075,img_075.png,magia_y_brujas,ilustracion_plana_color,512,512,sombrero bruja,Flaticon,Karen,842926bdc194b7bc29f14bdafdb5a6d3efdda175
Karen_img_0076,img_076.jpg,magia_y_brujas,ilustracion_plana_color,735,918,bruja,Pinterest,Karen,27c675f972d0cb1758b25d30c15eb6d2b2b150a2
Karen_img_0077,img_077.png,magia_y_brujas,ilustracion_plana_color,512,512,cartas,Flaticon,Karen,a3f7706fdbbe9301912a4afbe4ba28a20d7e28fc
Karen_img_0078,img_078.jpg,magia_y_brujas,ilustracion_plana_color,555,980,bruja,Pinterest,Karen,10de1b1f3fe6dcd841a0c30cac701795fc51b916
Karen_img_0079,img_079.png,magia_y_brujas,ilustracion_plana_color,512,512,cartas,Flaticon,Karen,95ffca627f08a8ca204737c5d4252e85175738ba
Karen_img_0080,img_080.jpg,magia_y_brujas,ilustracion_plana_color,735,910,bruja,Pinterest,Karen,fcf1b05129452509f77a4d1492f90e3a8020bd02
Karen_img_0081,img_081.png,magia_y_brujas,ilustracion_plana_color,512,512,mano con varita,Flaticon,Karen,70ecd45eaeacfa46f8221170786f56277a66ddde
Karen_img_0082,img_082.jpg,magia_y_brujas,ilustracion_plana_color,735,882,bruja,Pinterest,Karen,f81510da624f02b1c9dd316e2843eefbd2bbb800
Karen_img_0083,img_083.png,magia_y_brujas,ilustracion_plana_color,512,512,icono bruja,Flaticon,Karen,9deb15565af1baf324f0bd6bcee0ea1599a6001f
Karen_img_0084,img_084.jpg,magia_y_brujas,ilustracion_plana_color,626,626,bruja,Pinterest,Karen,7bf824cc9a3ab28c6cf9bc72982a19599992a5b9
Karen_img_0085,img_085.png,magia_y_brujas,ilustracion_plana_color,512,512,escoba bruja,Flaticon,Karen,d75c5dfe6638b2172f1a3ae0a46c5d708994a942
Karen_img_0086,img_086.jpg,magia_y_brujas,ilustracion_plana_color,318,501,bruja,Pinterest,Karen,3e31d0d15cc1ccd98b462358c7d30ed4b788c8d4
Karen_img_0087,img_087.png,magia_y_brujas,ilustracion_plana_color,512,512,escoba bruja,Flaticon,Karen,c93154af1d948ca77b4be7667ddb621e38290a89
Karen_img_0088,img_088.jpg,magia_y_brujas,ilustracion_plana_color,603,900,bruja,Pinterest,Karen,8134bbd53bf85ae0e462ac9b4d05e89c3b06b700
Karen_img_0089,img_089.png,magia_y_brujas,ilustracion_plana_color,512,512,escoba bruja,Flaticon,Karen,b5edb6a862665fb148a1e28f49a1a149d2d596b4
Karen_img_0090,img_090.jpg,magia_y_brujas,ilustracion_plana_color,736,1144,bruja,Pinterest,Karen,d29af47ae0d82bbb3bf9f17080cffc562a29a8f9
Karen_img_0091,img_091.png,magia_y_brujas,ilustracion_plana_color,512,512,escoba bruja,Flaticon,Karen,ba81421fc4ee7169e05d04a198b52bd3a854e1a9
Karen_img_0092,img_092.jpg,magia_y_brujas,ilustracion_plana_color,736,693,bruja,Pinterest,Karen,9d217d50363625b095d023a32769f08b16f89db8
Karen_img_0093,img_093.png,magia_y_brujas,ilustracion_plana_color,512,512,sombrero bruja,Flaticon,Karen,f86855b4c55724a65b155b67e897b66b47738f1e
Karen_img_0094,img_094.jpg,magia_y_brujas,ilustracion_plana_color,291,412,bruja,Pinterest,Karen,14babaa0731c7c53ae6938241663d8ee5ee781e9
Karen_img_0095,img_095.png,magia_y_brujas,ilustracion_plana_color,512,512,escoba bruja,Flaticon,Karen,abb2ef0a85b8ca9f0d12635fafa5d47dbcf42e50
Karen_img_0096,img_096.jpg,magia_y_brujas,ilustracion_plana_color,736,1129,bruj0,Pinterest,Karen,5c19c9750f1d106f6b3910b4039f3f4e827492a6
Karen_img_0097,img_097.png,magia_y_brujas,ilustracion_plana_color,512,512,varita magica,Flaticon,Karen,8e3edafbcf52016f1383988865b121966ad62beb
Karen_img_0098,img_098.jpg,magia_y_brujas,ilustracion_plana_color,501,626,brujo con varita,Pinterest,Karen,ae54f9d1c312ea56fd9b9b57b6a95aad5a3f9183
Karen_img_0099,img_099.png,magia_y_brujas,ilustracion_plana_color,512,512,dedos bruja,Flaticon,Karen,8a9eec7eb755f505682e175d7a6c1283adeb8e40
Karen_img_0100,img_100.jpg,magia_y_brujas,ilustracion_plana_color,736,736,bruja,Pinterest,Karen,e67d802bd9d7697490ad69a967b33440d1bc03cb
Karen_img_0101,img_1000.png,magia_y_brujas,ilustracion_plana_color,512,512,bruja,Pinterest,Karen,b47020681b245524adddb48ec16491174701b6e3
Karen_img_0102,img_101.png,magia_y_brujas,ilustracion_plana_color,512,512,varita magica,Flaticon,Karen,e1154a606fbd2c3a4e51a8124a8c81b3ea1bade6
Karen_img_0103,img_102.jpg,magia_y_brujas,ilustracion_plana_color,736,736,brujo con varita,Pinterest,Karen,565f9014ed10e92f5bd0e022b4de1b3f5c7c85a1
Karen_img_0104,img_103.png,magia_y_brujas,ilustracion_plana_color,512,512,silueta bruja,Flaticon,Karen,0b7219ced67e10abfd12ea6af7347916674c4abf
Karen_img_0105,img_104.jpg,magia_y_brujas,ilustracion_plana_color,736,736,brujo con varita,Pinterest,Karen,1628c1dc72e3e11c9b3523c0bcced1b9f19e53c3
Karen_img_0106,img_105.png,magia_y_brujas,ilustracion_plana_color,512,512,escoba bruja,Flaticon,Karen,5d66a4271350b8753ddb5a9d2ad1cf5ef8e2fe30
Karen_img_0107,img_106.jpg,magia_y_brujas,ilustracion_plana_color,736,736,brujo,Pinterest,Karen,453c1c2497b287a11759a8b8181dd63918d114d4
Karen_img_0108,img_107.png,magia_y_brujas,ilustracion_plana_color,512,512,escoba bruja,Flaticon,Karen,209f33afccd0264ab6d103f8bac5709f0fd9b2e9
Karen_img_0109,img_108.jpg,magia_y_brujas,ilustracion_plana_color,736,977,brujo,Pinterest,Karen,47555298c9361723ef129875c9dbabb033935464
Karen_img_0110,img_109.png,magia_y_brujas,ilustracion_plana_color,512,512,bruja,Flaticon,Karen,d4059f3c0cedb824041e872067048918f56b0e2d
Karen_img_0111,img_110.jpg,magia_y_brujas,ilustracion_plana_color,736,736,bruja,Pinterest,Karen,f8a5da7696c5b5f0b5e849e26c95a98cde073e79
Karen_img_0112,img_111.png,magia_y_brujas,ilustracion_plana_color,512,512,escoba bruja,Flaticon,Karen,ad4dc66b980bbc76f2cb7893c03050994021b298
Karen_img_0113,img_112.jpg,magia_y_brujas,ilustracion_plana_color,736,757,brujo,Pinterest,Karen,b208410559853be7801a049eff72f7f94fd84e89
Karen_img_0114,img_113.png,magia_y_brujas,ilustracion_plana_color,512,512,bruja,Flaticon,Karen,20fa33209398f6edd312b5a79703b385fb7c41df
Karen_img_0115,img_114.jpg,magia_y_brujas,ilustracion_plana_color,736,736,bruja,Pinterest,Karen,0242ce9ce1439a7f51afc5584cc2da79a031ab74
Karen_img_0116,img_115.png,magia_y_brujas,ilustracion_plana_color,512,512,sombrero bruja,Flaticon,Karen,52b2330ed0a1a7d61ac61d2b9336445798f4bd49
Karen_img_0117,img_116.jpg,magia_y_brujas,ilustracion_plana_color,338,338,brujo,Pinterest,Karen,79d5f587ef4cf24c0ea01fbc3ac355aa72d85751
Karen_img_0118,img_117.png,magia_y_brujas,ilustracion_plana_color,512,512,escoba bruja,Flaticon,Karen,5355b14a0158e8e134fe8da9d795e18c592e7c92
Karen_img_0119,img_118.jpg,magia_y_brujas,ilustracion_plana_color,338,338,bruja,Pinterest,Karen,b9b87b8a4844649005224b395881e10476313b98
Karen_img_0120,img_119.png,magia_y_brujas,ilustracion_plana_color,512,512,icono bruja,Flaticon,Karen,81146ee6ae573aaf6db0f36bf8d028d9a7a3bb88
Karen_img_0121,img_120.jpg,magia_y_brujas,ilustracion_plana_color,626,626,bruja,Pinterest,Karen,f01b30cf4b06919e239a660d73f93fafd755acc8
Karen_img_0122,img_121.png,magia_y_brujas,ilustracion_plana_color,512,512,sombrero bruja,Flaticon,Karen,d735156d171cceb410b58ce110a980483dfe55e9
Karen_img_0123,img_122.jpg,magia_y_brujas,ilustracion_plana_color,626,626,bruja volando,Pinterest,Karen,1102bb0f9fa49d62ff92e9960aae85a4ee84c56d
Karen_img_0124,img_123.png,magia_y_brujas,ilustracion_plana_color,512,512,escoba bruja,Flaticon,Karen,9bf4646331c03ad75ad0a822acdd362534e5f89f
Karen_img_0125,img_124.jpg,magia_y_brujas,ilustracion_plana_color,736,753,bruja,Pinterest,Karen,edf8d0641af8762434e0567bcd2d7ecde562ea0b
Karen_img_0126,img_125.png,magia_y_brujas,ilustracion_plana_color,512,512,gato negro,Flaticon,Karen,58acc685d44596166d4f25d6f3275b9668945e47
Karen_img_0127,img_126.jpg,magia_y_brujas,ilustracion_plana_color,736,1178,bruja,Pinterest,Karen,c5d5a0674eeb0e07f909f2a1cb6cf52807755fbc
Karen_img_0128,img_127.png,magia_y_brujas,ilustracion_plana_color,512,512,caldero,Flaticon,Karen,16a6b00e1e97a71bf747452cde110b9331a1612a
Karen_img_0129,img_128.jpg,magia_y_brujas,ilustracion_plana_color,736,1308,bruja,Pinterest,Karen,9bf06ca5c625448c839deff0402bbafe19f3451d
Karen_img_0130,img_129.png,magia_y_brujas,ilustracion_plana_color,512,512,escoba bruja,Flaticon,Karen,7a1efbb9cd0548a27b64f7232297af92fd8858d9
Karen_img_0131,img_130.jpg,magia_y_brujas,ilustracion_plana_color,735,846,bruja,Pinterest,Karen,cb15b78988b98f4857031f4db878b40bb9d242ab
Karen_img_0132,img_131.png,magia_y_brujas,ilustracion_plana_color,512,512,sombrero bruja,Flaticon,Karen,81a77839a2890d77ee2b3a75566440995c1e70cd
Karen_img_0133,img_132.jpg,magia_y_brujas,ilustracion_plana_color,278,512,bruja,Pinterest,Karen,2325e569ee6d80f8d94c221e231fce974abc3224
Karen_img_0134,img_133.png,magia_y_brujas,ilustracion_plana_color,512,512,bruja,Flaticon,Karen,208b114a7726220b33238708ec77cb5c7372e6fc
Karen_img_0135,img_134.jpg,magia_y_brujas,ilustracion_plana_color,340,502,bruja,Pinterest,Karen,efd455a3d9a409f75279f779fa3da9a9003fc9e6
Karen_img_0136,img_135.png,magia_y_brujas,ilustracion_plana_color,512,512,sombrero bruja,Flaticon,Karen,87a646d2a8fb220bfe11dafb0e59e002ba9cb579
Karen_img_0137,img_136.jpg,magia_y_brujas,ilustracion_plana_color,736,736,bruja,Pinterest,Karen,710efbf750c205d7ca1abee822dba2efd229eff9
Karen_img_0138,img_137.png,magia_y_brujas,ilustracion_plana_color,512,512,sombrero bruja,Flaticon,Karen,cf6f00b6feb85e2792de43920c43bdf66af10628
Karen_img_0139,img_138.jpg,magia_y_brujas,ilustracion_plana_color,668,960,bruja,Pinterest,Karen,2c00095acb346ac5d19909a1b94f78561a8ee6f9
Karen_img_0140,img_139.png,magia_y_brujas,ilustracion_plana_color,512,512,sombrero bruja,Flaticon,Karen,d9a861811379b0dc74572b635354f0d3dc055edf
Karen_img_0141,img_140.jpg,magia_y_brujas,ilustracion_plana_color,736,736,bruja,Pinterest,Karen,81f2335c8fd2dfb73b4ff277d8a928bd4b61375e
Karen_img_0142,img_141.png,magia_y_brujas,ilustracion_plana_color,512,512,bruja,Flaticon,Karen,2460cad0ff0eaaf3dcab3f11c66809d61005b28d
Karen_img_0143,img_142.jpg,magia_y_brujas,ilustracion_plana_color,736,736,bruja,Pinterest,Karen,dec00a79ef9285c3d37a975d8f0cde4a8ed8f591
Karen_img_0144,img_143.png,magia_y_brujas,ilustracion_plana_color,512,512,bruja,Flaticon,Karen,d67aae46e7b3b98f4ba0fce4ecd402672e023239
Karen_img_0145,img_144.jpg,magia_y_brujas,ilustracion_plana_color,735,503,bruja,Pinterest,Karen,b40b03a1353c97b6acdf1bc134429f0ec64a44fa
Karen_img_0146,img_145.png,magia_y_brujas,ilustracion_plana_color,512,512,bruja,Flaticon,Karen,18d6766edf38c9e0fd0df1c1744e1ef2b44f75a5
Karen_img_0147,img_146.jpg,magia_y_brujas,ilustracion_plana_color,735,503,bruja,Pinterest,Karen,97ecca373697abc5ed98b0d2c2b32709c648b5df
Karen_img_0148,img_147.png,magia_y_brujas,ilustracion_plana_color,512,512,bruja,Flaticon,Karen,200ca6d62a0d2133afabd0966a704b4c6b52f685
Karen_img_0149,img_148.jpg,magia_y_brujas,ilustracion_plana_color,736,736,bruja,Pinterest,Karen,660f528caf2dcf86fbce67aabde0b778b6ce5c1a
Karen_img_0150,img_149.png,magia_y_brujas,ilustracion_plana_color,512,512,escoba bruja,Flaticon,Karen,186e0352677c71714916d1b2f4a6ed834a84406c
Karen_img_0151,img_150.jpg,magia_y_brujas,ilustracion_plana_color,736,736,bruja,Pinterest,Karen,6975596d257edbe5bc3508a04f4cd9d96d245ea5
Karen_img_0152,img_151.png,magia_y_brujas,ilustracion_plana_color,512,512,escoba bruja,Flaticon,Karen,a13d37b040c33196b1d2e01f90318b6ae023545a
Karen_img_0153,img_152.jpg,magia_y_brujas,ilustracion_plana_color,736,981,bruja,Pinterest,Karen,be19a35aacc8841ba42e8ccaa85a5397858b73b5
Karen_img_0154,img_153.png,magia_y_brujas,ilustracion_plana_color,512,512,sombrero bruja,Flaticon,Karen,7a167ae9b958e4ba8ded98a504c77ab637e89e9a
Karen_img_0155,img_154.jpg,magia_y_brujas,ilustracion_plana_color,736,736,bruja,Pinterest,Karen,f6c5f296c91a43f78cfc519cd5a25e10bda3f447
Karen_img_0156,img_155.png,magia_y_brujas,ilustracion_plana_color,512,512,posion,Flaticon,Karen,431099de75952fdc2958c8c40e64d36592f87776
Karen_img_0157,img_156.jpg,magia_y_brujas,ilustracion_plana_color,736,736,bruja,Pinterest,Karen,c81d3066eea2cac0ad1b9c16b9fbfa990126d7bd
Karen_img_0158,img_157.png,magia_y_brujas,ilustracion_plana_color,512,512,brujo,Flaticon,Karen,db08bb25e2169d9a89a5de329b32d221f4415db9
Karen_img_0159,img_158.jpg,magia_y_brujas,ilustracion_plana_color,736,736,bruja,Pinterest,Karen,555b716cab1ba74f1f37fa8838827afe1e2676ec
Karen_img_0160,img_159.png,magia_y_brujas,ilustracion_plana_color,512,512,bruja en escoba,Flaticon,Karen,d87b44dde34a985a29e84ba574c6f6ec62e4f59c
Karen_img_0161,img_160.jpg,magia_y_brujas,ilustracion_plana_color,736,736,bruja,Pinterest,Karen,2a9134f5d3b49ca43482fd5b7160408b5146819a
Karen_img_0162,img_161.png,magia_y_brujas,ilustracion_plana_color,512,512,sombrero bruja,Flaticon,Karen,b8a17221fcc743952422ec51026c7d26f51526cb
Karen_img_0163,img_162.jpg,magia_y_brujas,ilustracion_plana_color,736,736,bruja,Pinterest,Karen,562d1ee467283575d8fa061c0a0b1473da863031
Karen_img_0164,img_163.png,magia_y_brujas,ilustracion_plana_color,512,512,sombrero bruja,Flaticon,Karen,0880a1afce3d0b7b0b602f936a51b943175b8773
Karen_img_0165,img_164.jpg,magia_y_brujas,ilustracion_plana_color,736,981,bruja,Pinterest,Karen,2b943e15facba4910a42273ee29e5ac94916fc15
Karen_img_0166,img_165.png,magia_y_brujas,ilustracion_plana_color,512,512,bruja rana,Flaticon,Karen,8567c04dbc6e0f45626d8ca356d47718c06bade9
Karen_img_0167,img_166.jpg,magia_y_brujas,ilustracion_plana_color,736,1104,bruja,Pinterest,Karen,a832d9216fe7c653063b914cb588b0b92e19258a
Karen_img_0168,img_167.png,magia_y_brujas,ilustracion_plana_color,512,512,escoba bruja,Flaticon,Karen,e06d4a29ec2ae005834530869635e23dae8f2408
Karen_img_0169,img_168.jpg,magia_y_brujas,ilustracion_plana_color,736,736,bruja de espaldas,Pinterest,Karen,49b14d8f629f5afab28560b0eb13d0dfd74dd855
Karen_img_0170,img_169.png,magia_y_brujas,ilustracion_plana_color,512,512,escoba bruja,Flaticon,Karen,a2cf397117505074aca7e85d2f6f23d56c8285f7
Karen_img_0171,img_170.jpg,magia_y_brujas,ilustracion_plana_color,736,736,bruja,Pinterest,Karen,bd624c6a3cc781ed75c5dd9899d08b3fc2cc743f
Karen_img_0172,img_171.png,magia_y_brujas,ilustracion_plana_color,512,512,escoba bruja,Flaticon,Karen,fd7dd2306cb9e75ac509a6acf1fedb345abaa0bb
Karen_img_0173,img_172.jpg,magia_y_brujas,ilustracion_plana_color,736,736,bruja volando,Pinterest,Karen,4c0bbc9cdb2983dd57454b9305179ace349b2adc
Karen_img_0174,img_173.png,magia_y_brujas,ilustracion_plana_color,512,512,escoba bruja,Flaticon,Karen,fffe875a104047d3826b854e79f5d1d092ae64a1
Karen_img_0175,img_174.jpg,magia_y_brujas,ilustracion_plana_color,736,736,bruja volando,Pinterest,Karen,32a5def31e91df5176d75beceda9b5948c583575
Karen_img_0176,img_175.png,magia_y_brujas,ilustracion_plana_color,512,512,bruja,Flaticon,Karen,1efacd2810d1a033fed00f20ad807ffc3f475505
Karen_img_0177,img_176.jpg,magia_y_brujas,ilustracion_plana_color,736,1104,bruja,Pinterest,Karen,0eba9fa585ae365253282bd5ff30efe3c0c9269b
Karen_img_0178,img_177.png,magia_y_brujas,ilustracion_plana_color,512,512,bruja,Flaticon,Karen,46450dcb59630f673225c40f950cd6ae82592d3e
Karen_img_0179,img_178.jpg,magia_y_brujas,ilustracion_plana_color,640,640,bruja,Pinterest,Karen,61c65ca06f671c37c418a32f44687613d662c27a
Karen_img_0180,img_179.png,magia_y_brujas,ilustracion_plana_color,512,512,silueta bruja,Flaticon,Karen,33733d21a17a488d059aa6746519457d5daf6748
Karen_img_0181,img_180.jpg,magia_y_brujas,ilustracion_plana_color,400,449,bruja,Pinterest,Karen,f2dc0f8544fc09ca87aa3d6fa515c631d93c5ae9
Karen_img_0182,img_181.png,magia_y_brujas,ilustracion_plana_color,512,512,sombrero bruja,Flaticon,Karen,632a8970a877bdfded63c583d8b773f059bfed9e
Karen_img_0183,img_182.jpg,magia_y_brujas,ilustracion_plana_color,736,736,bruja volando,Pinterest,Karen,7818c03d1b58cbb1b56039b6b189cd4b69668a60
Karen_img_0184,img_183.jpg,magia_y_brujas,ilustracion_plana_color,724,960,bruja,Pinterest,Karen,97df56f67f325dd06730d65cd7ec3c717e23499d
Karen_img_0185,img_184.jpg,magia_y_brujas,ilustracion_plana_color,649,718,bruja,Pinterest,Karen,81402a39330c4edf46934ccd6a4ac1f00a9298e9
Karen_img_0186,img_185.jpg,magia_y_brujas,ilustracion_plana_color,736,897,bruja,Pinterest,Karen,fecf2f54b419075b8dcafd1dbaf691a952f86cb3
Karen_img_0187,img_186.jpg,magia_y_brujas,ilustracion_plana_color,736,587,bruja volando,Pinterest,Karen,573a6f7fe9b430a59289e70f2062f1c39da63612
Karen_img_0188,img_187.jpg,magia_y_brujas,ilustracion_plana_color,612,516,bruja,Pinterest,Karen,d071cd80210926a2c62296da7d9ad8bd765d95c0
Karen_img_0189,img_188.jpg,magia_y_brujas,ilustracion_plana_color,389,470,bruja,Pinterest,Karen,aa4e3374d4fada7e6ddf53938b9cca80e2b9689d
Karen_img_0190,img_189.jpg,magia_y_brujas,ilustracion_plana_color,512,512,bruja volando,Pinterest,Karen,bdc49a1df99de97e0f7c8cad841fc24c5cd45971
Karen_img_0191,img_190.jpg,magia_y_brujas,ilustracion_plana_color,450,450,bruja volando,Pinterest,Karen,cb3b657b90587caec384221342e3335ca9cd6bc3
Karen_img_0192,img_191.jpg,magia_y_brujas,ilustracion_plana_color,450,450,bruja volando,Pinterest,Karen,cf970b0e6ad823536d2bd1feb9676dfd11cd39be
Karen_img_0193,img_192.jpg,magia_y_brujas,ilustracion_plana_color,540,492,bruja volando,Pinterest,Karen,e3825fdd0807013bbb3e79f349c283b17ff26305
Karen_img_0194,img_193.png,magia_y_brujas,ilustracion_plana_color,512,512,sombrero bruja,Flaticon,Karen,47eca859ec7d63bd4f319dd70dc96b2f0d44e2f8
Karen_img_0195,img_194.jpg,magia_y_brujas,ilustracion_plana_color,600,414,bruja volando,Pinterest,Karen,6918c4933ccb43a7bb244c86e9cf3f5b35a7eb56
Karen_img_0196,img_195.jpg,magia_y_brujas,ilustracion_plana_color,735,554,bruja,Pinterest,Karen,e1be5dfcd2689940a97332143bba5b8d4606cf24
Karen_img_0197,img_196.jpg,magia_y_brujas,ilustracion_plana_color,736,1104,bruja con caldero,Pinterest,Karen,160f81493105a6edcffe61b568330383b337b758
Karen_img_0198,img_197.jpg,magia_y_brujas,ilustracion_plana_color,736,736,sombrero bruja,Pinterest,Karen,9a4a437b923ff666307a29e857b2214cf1a1f8a6
Karen_img_0199,img_198.jpg,magia_y_brujas,ilustracion_plana_color,736,736,sombrero bruja,Pinterest,Karen,38cdce8045b1b9ccace8ed5a4238a5018e2a9a19
Karen_img_0200,img_199.jpg,magia_y_brujas,ilustracion_plana_color,736,736,bruja,Pinterest,Karen,22a0d5c9ad597fd28b2e355aac835d29bc58a12c
Karen_img_0201,img_200.jpg,magia_y_brujas,ilustracion_plana_color,512,436,bruja,Pinterest,Karen,31dc89432beb4e71d0e874379a1caac5a959508b
Karen_img_0202,img_201.jpg,magia_y_brujas,ilustracion_plana_color,450,450,bruja,Pinterest,Karen,e03bb7bcb32f1b77138bb3bfce1fed859ee0bebe
Karen_img_0203,img_202.jpg,magia_y_brujas,ilustracion_plana_color,450,411,bruja volando,Pinterest,Karen,eafdecee309cc641424b62001c22fb629559b220
Karen_img_0204,img_203.jpg,magia_y_brujas,ilustracion_plana_color,736,544,bruja volando,Pinterest,Karen,edc7b8902f5c113f4539ebf4e5e1a8cb7c2eda08
Karen_img_0205,img_204.jpg,magia_y_brujas,ilustracion_plana_color,735,632,bruja,Pinterest,Karen,b7498c3fe4aff016ab09fdd0b461425729847555
Karen_img_0206,img_205.png,magia_y_brujas,ilustracion_plana_color,512,512,caldero,Flaticon,Karen,d3d1de3f099fad9ba4eee2cab1267d80a951ef28
Karen_img_0207,img_206.jpg,magia_y_brujas,ilustracion_plana_color,736,979,bruja,Pinterest,Karen,96a7562c1e951e3dec4833766e128bf78e6baccd
Karen_img_0208,img_207.png,magia_y_brujas,ilustracion_plana_color,512,512,sombrero bruja,Flaticon,Karen,26aad781d73effa3b8fda526e40210f9488a6832
Karen_img_0209,img_208.jpg,magia_y_brujas,ilustracion_plana_color,735,700,bruja volando,Pinterest,Karen,1abc5121786a88733b02953c2214a6cab7ae3bb5
Karen_img_0210,img_209.jpg,magia_y_brujas,ilustracion_plana_color,736,657,bruja volando,Pinterest,Karen,405c4e325a40075e5ad067a7a517ea28ae419ba4
Karen_img_0211,img_210.jpg,magia_y_brujas,ilustracion_plana_color,630,630,bruja volando,Pinterest,Karen,c04646cd472538244246773625a75a869a5b8c0b
Karen_img_0212,img_211.jpg,magia_y_brujas,ilustracion_plana_color,720,900,bruja,Pinterest,Karen,206ae2bfbf2127c9fb12dce8b65ddfe506f2b911
Karen_img_0213,img_212.jpg,magia_y_brujas,ilustracion_plana_color,460,640,bruja con gato,Pinterest,Karen,53bde86efaed71c950b5d226cefdd9b91e508b29
Karen_img_0214,img_213.jpg,magia_y_brujas,ilustracion_plana_color,736,736,bruja volando,Pinterest,Karen,e7e0a2398f8ae9f543e1f1d16a4bf6999238d0b0
Karen_img_0215,img_214.jpg,magia_y_brujas,ilustracion_plana_color,387,271,bruja,Pinterest,Karen,16ece18cd291dfb389f6d9b371cc7cbd11c5b00c
Karen_img_0216,img_215.jpg,magia_y_brujas,ilustracion_plana_color,736,1137,bruja volando,Pinterest,Karen,e0ff06b8ea03b12ff831bdd7c19597505476c2b8
Karen_img_0217,img_216.jpg,magia_y_brujas,ilustracion_plana_color,280,350,bruja,Pinterest,Karen,eb039bd3644f8be144f632ec0277b66d1f3483f3
Karen_img_0218,img_217.jpg,magia_y_brujas,ilustracion_plana_color,640,640,bruja volando,Pinterest,Karen,a63e7f72675738f77b03d4c80390e82321e52861
Karen_img_0219,img_218.jpg,magia_y_brujas,ilustracion_plana_color,609,883,bruja,Pinterest,Karen,c66e35c7c34668ed30aa8b4e2ac2cb172e9e4bc0
Karen_img_0220,img_219.png,magia_y_brujas,ilustracion_plana_color,512,512,escoba bruja,Flaticon,Karen,e825f00f6d0f6996f89c37ea544a739a64ef633c
Karen_img_0221,img_220.jpg,magia_y_brujas,ilustracion_plana_color,600,569,bruja,Pinterest,Karen,b20ab4abb511620c85d4044c91983ba6eef253d7
Karen_img_0222,img_221.jpg,magia_y_brujas,ilustracion_plana_color,736,734,bruja volando,Pinterest,Karen,6471f43d27c494674e197d976cf4a38c3046e42d
Karen_img_0223,img_222.jpg,magia_y_brujas,ilustracion_plana_color,624,448,bruja volando,Pinterest,Karen,66068e93071b47dafc984643bbfc97139d2f12b5
Karen_img_0224,img_223.jpg,magia_y_brujas,ilustracion_plana_color,261,360,bruja con escoba,Pinterest,Karen,af9b8188f606f051df551ad9d63693c5b010b46b
Karen_img_0225,img_224.jpg,magia_y_brujas,ilustracion_plana_color,626,626,bruja volando,Pinterest,Karen,44706d539aeebe9763c02e2750eb50a22c728327
Karen_img_0226,img_225.jpg,magia_y_brujas,ilustracion_plana_color,571,612,bruja volando,Pinterest,Karen,5f6943134729604b692268bd4c800f9196d3c7ba
Karen_img_0227,img_226.jpg,magia_y_brujas,ilustracion_plana_color,529,626,bruja volando,Pinterest,Karen,51b9752e9d5cfbe563d6ec797e02b32dd77f3cfb
Karen_img_0228,img_227.jpg,magia_y_brujas,ilustracion_plana_color,235,250,bruja volando,Pinterest,Karen,e9bac0dd32c3cec46550ba63877b9cec5b4267aa
Karen_img_0229,img_228.jpg,magia_y_brujas,ilustracion_plana_color,640,640,bruja,Pinterest,Karen,abd18a6f9a4a212d460de5f0dd7b00a9ad3b34b4
Karen_img_0230,img_229.jpg,magia_y_brujas,ilustracion_plana_color,320,320,bruja volando,Pinterest,Karen,685d4a5eeedd85e4e0800b4fac7008ecf7cd94bb
Karen_img_0231,img_230.jpg,magia_y_brujas,ilustracion_plana_color,600,850,bruja,Pinterest,Karen,0e004496547900f7b2db3733727d7f7654b5f0fc
Karen_img_0232,img_231.png,magia_y_brujas,ilustracion_plana_color,512,512,sombrero bruja,Flaticon,Karen,eef61c39d2d6aad9e924650628652a62725cfe5b
Karen_img_0233,img_232.jpg,magia_y_brujas,ilustracion_plana_color,519,519,bruja,Pinterest,Karen,227fb8d1587fb3d3ee4a2ff4d7895d8f0d92284f
Karen_img_0234,img_233.jpg,magia_y_brujas,ilustracion_plana_color,448,450,bruja volando,Pinterest,Karen,ed8a4dc0809e6361141ca9574806660084340f9c
Karen_img_0235,img_234.jpg,magia_y_brujas,ilustracion_plana_color,600,680,bruja,Pinterest,Karen,9e000adcb36c7525fe98fabf04cc3aa090e0f102
Karen_img_0236,img_235.jpg,magia_y_brujas,ilustracion_plana_color,736,1104,bruja,Pinterest,Karen,2dd74abfcf89be6453f6e085282633104826f224
Karen_img_0237,img_236.jpg,magia_y_brujas,ilustracion_plana_color,736,736,silueta bruja,Pinterest,Karen,e1f7be4f75b43835bec9af3785b2d9f64bf46a2e
Karen_img_0238,img_237.jpg,magia_y_brujas,ilustracion_plana_color,736,736,bruja volando,Pinterest,Karen,ea7912470de3719cd3cdd145eaccb0ddfdb37bee
Karen_img_0239,img_238.jpg,magia_y_brujas,ilustracion_plana_color,416,499,bruja volando,Pinterest,Karen,25c0c1163f943dfef7436a3db42092efb28ec3e8
Karen_img_0240,img_239.jpg,magia_y_brujas,ilustracion_plana_color,610,785,bruja,Pinterest,Karen,4c1576e90023839b27c2846f19d44b34b14da0d6
Karen_img_0241,img_240.jpg,magia_y_brujas,ilustracion_plana_color,381,626,caldero,Pinterest,Karen,33f8766313aa78cbce3555e8762f8e6b84e5e306
Karen_img_0242,img_241.jpg,magia_y_brujas,ilustracion_plana_color,276,500,escoba bruja,Pinterest,Karen,c414e3c6d607ccc09457d6de58033174183e8386
Karen_img_0243,img_242.jpg,magia_y_brujas,ilustracion_plana_color,700,786,bruja,Pinterest,Karen,e1e77dfd65784d5bb2d4a83733fd36ae44504323
Karen_img_0244,img_243.png,magia_y_brujas,ilustracion_plana_color,512,512,sombrero bruja,Flaticon,Karen,5f97e77414ecaae190afd41839e824a58f5af18a
Karen_img_0245,img_244.jpg,magia_y_brujas,ilustracion_plana_color,510,512,bruja volando,Pinterest,Karen,4327f8289b4eb95c6bd54a387af65742555d6792
Karen_img_0246,img_245.jpg,magia_y_brujas,ilustracion_plana_color,736,968,bruja volando,Pinterest,Karen,29a884ed608d7faefd13632454ccc822718c2ad4
Karen_img_0247,img_246.jpg,magia_y_brujas,ilustracion_plana_color,736,1011,alfombra magica,Pinterest,Karen,8fd0ae074a14d6e0a086a11db60de914f12bd7b4
Karen_img_0248,img_247.jpg,magia_y_brujas,ilustracion_plana_color,736,477,lampara magica,Pinterest,Karen,d96bf07f62f37183118aa04cf1108ef68f083976
Karen_img_0249,img_248.jpg,magia_y_brujas,ilustracion_plana_color,512,512,lampara magica,Pinterest,Karen,80fbfbb42f4f8f2527aa4b72b8c40d9b48a41c55
Karen_img_0250,img_249.jpg,magia_y_brujas,ilustracion_plana_color,736,736,varita magica,Pinterest,Karen,b28d2c548833aee958064ea35d5b9670d8d5700c
Karen_img_0251,img_250.jpg,magia_y_brujas,ilustracion_plana_color,500,441,sombrero bruja,Pinterest,Karen,9527446843f1eecad1ad70f928cc5aa79a7c41c0
Karen_img_0252,img_251.jpg,magia_y_brujas,ilustracion_plana_color,285,300,sombrero bruja,Pinterest,Karen,400bdc152a5ee27e798e41a1f903bd847a19e513
Karen_img_0253,img_252.jpg,magia_y_brujas,ilustracion_plana_color,735,1057,sombrero bruja,Pinterest,Karen,1e09b3e3471ca1a6dc3e02d48bb6a9b1ecbb7865
Karen_img_0254,img_253.jpg,magia_y_brujas,ilustracion_plana_color,736,736,varita magica,Pinterest,Karen,2acd9e7aa1efeacd7658e87929c17dcc31b5d29b
Karen_img_0255,img_254.jpg,magia_y_brujas,ilustracion_plana_color,736,736,bruja,Pinterest,Karen,9d9178fbdb32f5e2d86d72a6fc01282ee8a60ba0
Karen_img_0256,img_255.png,magia_y_brujas,ilustracion_plana_color,512,512,sombrero bruja,Flaticon,Karen,ac4dc46044f2d111fb21c22765f3d4c3ce0593e5
Karen_img_0257,img_256.jpg,magia_y_brujas,ilustracion_plana_color,736,1349,varita magica,Pinterest,Karen,c51f12c5b09883feb69d00e4cd222931857b8b2e
Karen_img_0258,img_257.jpg,magia_y_brujas,ilustracion_plana_color,236,223,varita magica,Pinterest,Karen,0730149cd2bf8e3a0cef54d61ad956ecdc74c967
Karen_img_0259,img_258.jpg,magia_y_brujas,ilustracion_plana_color,736,1206,varita magica,Pinterest,Karen,49dc3cb2ebbdd8dbb9f0eada47dae0b32a4f4917
Karen_img_0260,img_259.jpg,magia_y_brujas,ilustracion_plana_color,700,700,varita magica,Pinterest,Karen,73d2d7a3c7aa022ed2a3c8b7a05d5fe1a91d88e4
Karen_img_0261,img_260.jpg,magia_y_brujas,ilustracion_plana_color,386,512,varita magica,Pinterest,Karen,a846d34b6ae21c6c4007d62bce65b692a68c8c87
Karen_img_0262,img_261.jpg,magia_y_brujas,ilustracion_plana_color,235,293,brujo con varita,Pinterest,Karen,3a42265d87d7113c20aef7a16c135a792342b076
Karen_img_0263,img_262.jpg,magia_y_brujas,ilustracion_plana_color,736,1002,brujo con varita,Pinterest,Karen,e9f208e76447bc628c0d84d8cade4286dfc03747
Karen_img_0264,img_263.jpg,magia_y_brujas,ilustracion_plana_color,736,736,brujo,Pinterest,Karen,ca116cea71cdf196cef84cfde49ad7cc5bcf214b
Karen_img_0265,img_264.jpg,magia_y_brujas,ilustracion_plana_color,736,786,brujo,Pinterest,Karen,94fbde2f40ed4e6a78adc2f219b76fdc3f765557
Karen_img_0266,img_265.jpg,magia_y_brujas,ilustracion_plana_color,626,626,brujo con varita,Pinterest,Karen,8ee61131053bd38b04d95bce39124d0137e89d4e
Karen_img_0267,img_266.jpg,magia_y_brujas,ilustracion_plana_color,736,917,bruja,Pinterest,Karen,3d7ec594ce7216f3b5b229489d893f68209f8c27
Karen_img_0268,img_267.png,magia_y_brujas,ilustracion_plana_color,512,512,sombrero bruja,Flaticon,Karen,cfd8ec4695bcd27e16f11c4bef6b7f18e32ebb15
Karen_img_0269,img_268.jpg,magia_y_brujas,ilustracion_plana_color,736,1104,mago,Pinterest,Karen,222e967d7d7d0d6850088f03417abe8b3c5a86ba
Karen_img_0270,img_269.jpg,magia_y_brujas,ilustracion_plana_color,736,1308,mago,Pinterest,Karen,daac4b92309c991b2709ae49a794fdc4f1061d06
Karen_img_0271,img_270.jpg,magia_y_brujas,ilustracion_plana_color,736,1288,mago,Pinterest,Karen,6c278945c0392eba10103fdec0fb430fa69fadc2
Karen_img_0272,img_271.jpg,magia_y_brujas,ilustracion_plana_color,736,1288,mago,Pinterest,Karen,6e08bef1d66e4faf2eaa03554f6a7af8465cf835
Karen_img_0273,img_272.jpg,magia_y_brujas,ilustracion_plana_color,735,725,mago,Pinterest,Karen,e0197daa708e1d31372f3924222f6e3e5a048ea6
Karen_img_0274,img_273.jpg,magia_y_brujas,ilustracion_plana_color,640,640,mago,Pinterest,Karen,236f03939b687d524ff9f75512ca1b443b866a77
Karen_img_0275,img_274.jpg,magia_y_brujas,ilustracion_plana_color,640,640,mago,Pinterest,Karen,a1a1a5e28bbcc2c6fd6b5a4ab41b907a81aefa20
Karen_img_0276,img_275.jpg,magia_y_brujas,ilustracion_plana_color,736,1104,mago,Pinterest,Karen,a7f5c8965c9f007b07d82afb02100a8fbdb68b70
Karen_img_0277,img_276.jpg,magia_y_brujas,ilustracion_plana_color,640,640,mago,Pinterest,Karen,e92c1bb52844baffc54320148aaaca3df5bc8db0
Karen_img_0278,img_277.jpg,magia_y_brujas,ilustracion_plana_color,640,640,brujo,Pinterest,Karen,5c1127e831cdb0f426a26b76aaa8448d31f30952
Karen_img_0279,img_278.jpg,magia_y_brujas,ilustracion_plana_color,736,848,bruja,Pinterest,Karen,7b9c5d5f8d68c2cbf39387fbfdd01e11d4b54076
Karen_img_0280,img_279.png,magia_y_brujas,ilustracion_plana_color,512,512,sombrero bruja,Flaticon,Karen,d79f63d32fd3835458cce15ddc7d1c4eee384fb7
Karen_img_0281,img_280.jpg,magia_y_brujas,ilustracion_plana_color,736,736,bruja,Pinterest,Karen,0624cde8826937830a61a240ca985c997c55be85
Karen_img_0282,img_281.jpg,magia_y_brujas,ilustracion_plana_color,640,640,bruja,Pinterest,Karen,abba8a641016575741daccb2523163cf87739171
Karen_img_0283,img_282.jpg,magia_y_brujas,ilustracion_plana_color,735,848,brujo,Pinterest,Karen,2fcfebcb39e403345bd7886c0a6408fb77964631
Karen_img_0284,img_283.jpg,magia_y_brujas,ilustracion_plana_color,600,866,mago,Pinterest,Karen,18c055e0cfb3f4dd87bed065622b5e3bf5b3edf5
Karen_img_0285,img_284.jpg,magia_y_brujas,ilustracion_plana_color,626,626,mago,Pinterest,Karen,86c20e971737c4ac0c05fd6f33527ac928a6ac62
Karen_img_0286,img_285.jpg,magia_y_brujas,ilustracion_plana_color,733,980,mago,Pinterest,Karen,202e4b9df92c558635c14d421792131db52f1050
Karen_img_0287,img_286.jpg,magia_y_brujas,ilustracion_plana_color,735,858,brujo,Pinterest,Karen,545808014d96c3533b591684099e84032588ac75
Karen_img_0288,img_287.jpg,magia_y_brujas,ilustracion_plana_color,735,778,brujo,Pinterest,Karen,c0f690deb8a95e24d00fafb0169c4c4c453c6572
Karen_img_0289,img_288.jpg,magia_y_brujas,ilustracion_plana_color,720,717,brujo,Pinterest,Karen,f77d5a84042efd85144af0d3f1a49d7356b5e0c5
Karen_img_0290,img_289.jpg,magia_y_brujas,ilustracion_plana_color,720,720,brujo,Pinterest,Karen,f5d544b3076bf9982c006b8748aa433472599be6
Karen_img_0291,img_290.jpg,magia_y_brujas,ilustracion_plana_color,720,720,bruja,Pinterest,Karen,ea6796e97d05693f367921eeb4839cc8a211e197
Karen_img_0292,img_291.png,magia_y_brujas,ilustracion_plana_color,512,512,bruja,Flaticon,Karen,004f3c679a4084dd08e8cd20a1b3daaf05c3febe
Karen_img_0293,img_292.jpg,magia_y_brujas,ilustracion_plana_color,736,1032,mago,Pinterest,Karen,4ac46cb434b6acc6214ddb7f991da46a3c8f6371
Karen_img_0294,img_293.jpg,magia_y_brujas,ilustracion_plana_color,500,449,mago,Pinterest,Karen,c316c8a3a40d41182680c1c0b602555a606dc876
Karen_img_0295,img_294.jpg,magia_y_brujas,ilustracion_plana_color,500,500,mago,Pinterest,Karen,4d49a0ecc13817b2485703437847c54be20d9876
Karen_img_0296,img_295.jpg,magia_y_brujas,ilustracion_plana_color,735,863,mago,Pinterest,Karen,35ccbd303dc210eed647f54ce3f9b2ca480955c8
Karen_img_0297,img_296.jpg,magia_y_brujas,ilustracion_plana_color,736,736,mago,Pinterest,Karen,3b40bb8791c7753f24d1d725452d6e1cd920e679
Karen_img_0298,img_297.jpg,magia_y_brujas,ilustracion_plana_color,736,506,mago,Pinterest,Karen,12ca0f3b6c5e1040cc2efd37f4ecec3eaad7faca
Karen_img_0299,img_298.jpg,magia_y_brujas,ilustracion_plana_color,600,470,mago,Pinterest,Karen,93e40f97e34e04dbbdfba0a0c3e213ba38a37e35
Karen_img_0300,img_299.jpg,magia_y_brujas,ilustracion_plana_color,736,613,mago,Pinterest,Karen,9decf2d2d929e93db05b67ce69e0876152677b88
Karen_img_0301,img_300.jpg,magia_y_brujas,ilustracion_plana_color,736,665,mago,Pinterest,Karen,14e2c8b717323cb5f38007e0d0aaca29385cf536
Karen_img_0302,img_301.jpg,magia_y_brujas,ilustracion_plana_color,247,320,mago,Pinterest,Karen,cced221ba890b28fa28b193acaad8c34ba118e96
Karen_img_0303,img_302.jpg,magia_y_brujas,ilustracion_plana_color,736,736,bruja,Pinterest,Karen,f10f84df75cbd84893caaee481b4d419fe8f5fc1
Karen_img_0304,img_303.png,magia_y_brujas,ilustracion_plana_color,512,512,bruja,Flaticon,Karen,5a952de18d2063fb75b706b914e23607e0f19d91
Karen_img_0305,img_304.jpg,magia_y_brujas,ilustracion_plana_color,378,612,brujo,Pinterest,Karen,35b2bbf817f0bb749fe3fbf08cc0106fbf975f02
Karen_img_0306,img_305.jpg,magia_y_brujas,ilustracion_plana_color,736,736,bruja,Pinterest,Karen,88b259abb685dba05d74482eb073007bffac7af9
Karen_img_0307,img_306.jpg,magia_y_brujas,ilustracion_plana_color,433,612,bruja,Pinterest,Karen,ef3c6ca95a480e240c07b7d4f8a9787c1211459a
Karen_img_0308,img_307.jpg,magia_y_brujas,ilustracion_plana_color,310,612,bruja,Pinterest,Karen,80b62975313afd10bec599f7d3b310d4ab983355
Karen_img_0309,img_308.jpg,magia_y_brujas,ilustracion_plana_color,358,453,bruja con escoba,Pinterest,Karen,b02009bc2f5469e91cb6e916b19f468e9eda4d53
Karen_img_0310,img_309.jpg,magia_y_brujas,ilustracion_plana_color,736,1312,bruja con escoba,Pinterest,Karen,8718aa861a38432432c93c4b713296157202824e
Karen_img_0311,img_310.jpg,magia_y_brujas,ilustracion_plana_color,626,839,bruja con escoba,Pinterest,Karen,109ea073fa46c47989ae8ef409c807e6054e6b67
Karen_img_0312,img_311.jpg,magia_y_brujas,ilustracion_plana_color,276,450,bruja con escoba,Pinterest,Karen,e576802810619ac9b863301a0df085fa80c1db22
Karen_img_0313,img_312.jpg,magia_y_brujas,ilustracion_plana_color,543,800,bruja con escoba,Pinterest,Karen,7557d7008e15efa5bf2e59bba5098f19b8548e41
Karen_img_0314,img_313.jpg,magia_y_brujas,ilustracion_plana_color,736,833,bruja con escoba,Pinterest,Karen,8ef741dbd8f3b57ff131a4be8a1c7be49820e2f3
Karen_img_0315,img_314.jpg,magia_y_brujas,ilustracion_plana_color,640,722,bruja de espaldas,Pinterest,Karen,8b6abfa10e1b18eff8cc30016aa2d2a1c2f0d6e5
Karen_img_0316,img_315.png,magia_y_brujas,ilustracion_plana_color,512,512,sombrero bruja,Flaticon,Karen,a50403f97d7afac7640ef787ca5d1fa9a719df4d
Karen_img_0317,img_316.jpg,magia_y_brujas,ilustracion_plana_color,735,1298,bruja,Pinterest,Karen,114c4ed28e7fad92c4f650c0fde88edc5902b380
Karen_img_0318,img_317.jpg,magia_y_brujas,ilustracion_plana_color,736,1311,bruja,Pinterest,Karen,dd4c7954da0650c96f48f2bd15244d221e05582e
Karen_img_0319,img_318.jpg,magia_y_brujas,ilustracion_plana_color,395,626,bruja,Pinterest,Karen,83ef0705a6d6a033b8c287d76522b2941e444ab8
Karen_img_0320,img_319.jpg,magia_y_brujas,ilustracion_plana_color,636,1200,bruja,Pinterest,Karen,c10d7642bea5cff82e375fd56140296560ee6950
Karen_img_0321,img_320.jpg,magia_y_brujas,ilustracion_plana_color,635,1200,bruja,Pinterest,Karen,f0e1214a0b54267ab92f486e33832ebbc4ac447c
Karen_img_0322,img_321.jpg,magia_y_brujas,ilustracion_plana_color,626,819,bruja,Pinterest,Karen,297866dece76aec0e4eac985dc7c400db8a54641
Karen_img_0323,img_322.jpg,magia_y_brujas,ilustracion_plana_color,736,1041,mago,Pinterest,Karen,00f93d6472003c20c0b45baf6cfeefb839cc3b77
Karen_img_0324,img_323.jpg,magia_y_brujas,ilustracion_plana_color,736,1040,mago,Pinterest,Karen,e882a90aff81cb10202e11489cac9108444ad8e7
Karen_img_0325,img_324.jpg,magia_y_brujas,ilustracion_plana_color,736,736,mago,Pinterest,Karen,2ae735f4e1f7835b36e66b4762d25f4fba490b74
Karen_img_0326,img_325.jpg,magia_y_brujas,ilustracion_plana_color,735,861,mago,Pinterest,Karen,a7521bbad3a03cd44d33e464c750373aea52a487
Karen_img_0327,img_326.jpg,magia_y_brujas,ilustracion_plana_color,736,711,bruja,Pinterest,Karen,0188f0598082efc603c908d8f243feef1ae19aef
Karen_img_0328,img_327.png,magia_y_brujas,ilustracion_plana_color,512,512,sombrero bruja,Flaticon,Karen,7ba604c6f14fc052b55a0ad5eab01c846756b33d
Karen_img_0329,img_328.jpg,magia_y_brujas,ilustracion_plana_color,640,640,bruja,Pinterest,Karen,8e9ae1de0371c0725fa2895270334ffc4d3ec789
Karen_img_0330,img_329.png,magia_y_brujas,ilustracion_plana_color,512,512,sombrero bruja,Flaticon,Karen,b1478041610d318601d99e447fc631d547345c35
Karen_img_0331,img_330.jpg,magia_y_brujas,ilustracion_plana_color,358,562,bruja,Pinterest,Karen,23b45b5fe76ee78736b4238e1d808b071ca5ad9f
Karen_img_0332,img_331.jpg,magia_y_brujas,ilustracion_plana_color,550,775,bruja,Pinterest,Karen,aa5c9faafcc6e8523a975217f0887a6f3db5dab8
Karen_img_0333,img_332.jpg,magia_y_brujas,ilustracion_plana_color,736,944,bruja,Pinterest,Karen,2d3178e76bbe26f95f2dcb9ff5ff42ab69de5aea
Karen_img_0334,img_333.jpg,magia_y_brujas,ilustracion_plana_color,640,1074,bruja,Pinterest,Karen,93146ba411430a83d1a814ad48d5f277daefc924
Karen_img_0335,img_334.jpg,magia_y_brujas,ilustracion_plana_color,640,640,bruja,Pinterest,Karen,da7c85575ec97d1c347d96b84dcb8a88001ce577
Karen_img_0336,img_335.jpg,magia_y_brujas,ilustracion_plana_color,735,653,bruja,Pinterest,Karen,fb6358e1762c27908a9deb262bd7fa8666aae961
Karen_img_0337,img_336.jpg,magia_y_brujas,ilustracion_plana_color,480,733,bruja,Pinterest,Karen,4323b8c085404daf1a3096c1f551f2d564df1074
Karen_img_0338,img_337.jpg,magia_y_brujas,ilustracion_plana_color,736,1308,bruja,Pinterest,Karen,4bdcea88ec95c2b8a428e276ecea06ef376825f0
Karen_img_0339,img_338.jpg,magia_y_brujas,ilustracion_plana_color,736,1308,silueta bruja,Pinterest,Karen,45f8731a7e3d7547af45bd954d3d04c6b6851ef2
Karen_img_0340,img_339.jpg,magia_y_brujas,ilustracion_plana_color,564,871,silueta bruja,Pinterest,Karen,480cbb25e6cccc2b46000d1bb3bba44e0984457a
Karen_img_0341,img_340.jpg,magia_y_brujas,ilustracion_plana_color,736,1189,bruja,Pinterest,Karen,47eff641bcd44cffeea04fb50711831276d7dcf1
Karen_img_0342,img_341.png,magia_y_brujas,ilustracion_plana_color,512,512,sombrero bruja,Flaticon,Karen,2be5021fc3c4e70212f030c7501d08a5726273d3
Karen_img_0343,img_342.jpg,magia_y_brujas,ilustracion_plana_color,736,736,bruja,Pinterest,Karen,75dbac548a42b270aa6f850fc32cca0ea7768434
Karen_img_0344,img_343.jpg,magia_y_brujas,ilustracion_plana_color,728,699,bruja,Pinterest,Karen,0fa366cb3dc9292bb600621087864081cb48911c
Karen_img_0345,img_344.jpg,magia_y_brujas,ilustracion_plana_color,736,920,bruja,Pinterest,Karen,79958b1469a17e44ed7002eef54d48256d1551bf
Karen_img_0346,img_345.jpg,magia_y_brujas,ilustracion_plana_color,736,736,bruja,Pinterest,Karen,52c7557e42e5861f956636a6f2554f3f55529c12
Karen_img_0347,img_346.jpg,magia_y_brujas,ilustracion_plana_color,735,848,bruja,Pinterest,Karen,db92f69341cf4b6bcda3b7d794272e1d11ecd7a3
Karen_img_0348,img_347.jpg,magia_y_brujas,ilustracion_plana_color,600,637,bruja,Pinterest,Karen,e6bdcfa4e4ae7ad0be2bab308f02fb61c77bbee2
Karen_img_0349,img_348.jpg,magia_y_brujas,ilustracion_plana_color,714,1119,bruja,Pinterest,Karen,df92a5858cabb7d44eb44a4c60c10bc2bd40c826
Karen_img_0350,img_349.jpg,magia_y_brujas,ilustracion_plana_color,735,855,bruja,Pinterest,Karen,5f824eda86b76cb67696eddc5d5e780d87789deb
Karen_img_0351,img_350.jpg,magia_y_brujas,ilustracion_plana_color,736,780,bruja,Pinterest,Karen,bdc5e5609ea07f3907fd332c3831337f34e9550c
Karen_img_0352,img_351.jpg,magia_y_brujas,ilustracion_plana_color,636,636,bruja,Pinterest,Karen,3eea477503fc311a11f00abfa225358f0c9c0875
Karen_img_0353,img_352.jpg,magia_y_brujas,ilustracion_plana_color,735,741,bruja,Pinterest,Karen,2875d645a4d65da0c88f3cf54fc8e657ae96b157
Karen_img_0354,img_353.png,magia_y_brujas,ilustracion_plana_color,512,512,sombrero bruja,Flaticon,Karen,f7cd0fb2e1ca65e59487213693af5d74f800e878
Karen_img_0355,img_354.jpg,magia_y_brujas,ilustracion_plana_color,735,755,bruja,Pinterest,Karen,95e89cc7bae54760a42d7941302f7cfb1a463f08
Karen_img_0356,img_355.jpg,magia_y_brujas,ilustracion_plana_color,736,998,bruja,Pinterest,Karen,be38bd0ea53f2eb6a436137048f3476492f0d5fe
Karen_img_0357,img_356.jpg,magia_y_brujas,ilustracion_plana_color,733,1090,bruja,Pinterest,Karen,c5e251c332dc95379e4de7380d6b1f420cb00410
Karen_img_0358,img_357.jpg,magia_y_brujas,ilustracion_plana_color,520,927,bruja,Pinterest,Karen,f26f7b34067741ff2c34dd592c71871c01e31d86
Karen_img_0359,img_358.jpg,magia_y_brujas,ilustracion_plana_color,736,1426,bruja,Pinterest,Karen,4de94039bb454b8ad29628bf541b4e72a557848f
Karen_img_0360,img_359.jpg,magia_y_brujas,ilustracion_plana_color,736,794,bruja,Pinterest,Karen,a256060b1ef146e14fdc8b76dbb16752d8871fe1
Karen_img_0361,img_360.jpg,magia_y_brujas,ilustracion_plana_color,736,1120,bruja,Pinterest,Karen,e365c05663b7f55f8a8e1c1059ac293e56628ac5
Karen_img_0362,img_361.jpg,magia_y_brujas,ilustracion_plana_color,393,768,bruja,Pinterest,Karen,dd8bdab8350ebb02b5260d4157eefca62fb821e2
Karen_img_0363,img_362.jpg,magia_y_brujas,ilustracion_plana_color,736,1218,bruja,Pinterest,Karen,8c4cfad47cf53d8f05665f741c6a3ef67c7c1096
Karen_img_0364,img_363.jpg,magia_y_brujas,ilustracion_plana_color,475,720,bruja,Pinterest,Karen,b70a9e62322fef1d9314c8c0df2c5c912978b41a
Karen_img_0365,img_364.jpg,magia_y_brujas,ilustracion_plana_color,720,720,bruja,Pinterest,Karen,2d3bf5f64dd899f90b3c03d74692581d63706dea
Karen_img_0366,img_365.png,magia_y_brujas,ilustracion_plana_color,512,512,bruja,Flaticon,Karen,a86750946c985def6343a06634bd036394ce0fee
Karen_img_0367,img_366.jpg,magia_y_brujas,ilustracion_plana_color,626,593,bruja volando,Pinterest,Karen,af85154e1c37f58f331d3667fe7815bbcf1bd213
Karen_img_0368,img_367.jpg,magia_y_brujas,ilustracion_plana_color,371,600,bruja,Pinterest,Karen,8cd01a34c816e0a1258dacf5cfb7a7eae5f7b7b7
Karen_img_0369,img_368.jpg,magia_y_brujas,ilustracion_plana_color,600,589,bruja,Pinterest,Karen,30524a9e1eace7a84b6396208efe935e532b3d4b
Karen_img_0370,img_369.jpg,magia_y_brujas,ilustracion_plana_color,358,600,bruja,Pinterest,Karen,a6f1b9e13907fa570171cb5866a9540a9cd2dc67
Karen_img_0371,img_370.jpg,magia_y_brujas,ilustracion_plana_color,600,511,bruja volando,Pinterest,Karen,22562af74c2f63a86ad25b57192daae8c3907e65
Karen_img_0372,img_371.jpg,magia_y_brujas,ilustracion_plana_color,736,388,bruja volando,Pinterest,Karen,1cced2ac58c45f43075d88492a1aeac48c1d11ae
Karen_img_0373,img_372.jpg,magia_y_brujas,ilustracion_plana_color,639,440,bruja volando,Pinterest,Karen,b27a4a868d994bc6cd04db5315c4d1606e205982
Karen_img_0374,img_373.jpg,magia_y_brujas,ilustracion_plana_color,600,600,bruja,Pinterest,Karen,dd18e24ca5dbc910da42f4fb95aa7a5c4f281717
Karen_img_0375,img_374.jpg,magia_y_brujas,ilustracion_plana_color,450,354,bruja,Pinterest,Karen,20c344e91073f98c767439fbacf6bc17f50831db
Karen_img_0376,img_375.jpg,magia_y_brujas,ilustracion_plana_color,442,450,bruja,Pinterest,Karen,28b971bf2834aefc164ce6101b440dbf560e66dd
Karen_img_0377,img_376.jpg,magia_y_brujas,ilustracion_plana_color,719,720,bruja,Pinterest,Karen,e42600f9a7aedbcce8f446d286c8790a0fc2027a
Karen_img_0378,img_377.png,magia_y_brujas,ilustracion_plana_color,512,512,sombrero bruja,Flaticon,Karen,e8c30bd810c2cb6f8ce3c1d7fac28331ecc4cf28
Karen_img_0379,img_378.jpg,magia_y_brujas,ilustracion_plana_color,619,641,bruja,Pinterest,Karen,d7aea50ff9d87b62c1849282bbfca1a3674d69f5
Karen_img_0380,img_379.jpg,magia_y_brujas,ilustracion_plana_color,273,480,bruja,Pinterest,Karen,f4b0f124670fe0f2b22a93a010f06c721f810f73
Karen_img_0381,img_380.jpg,magia_y_brujas,ilustracion_plana_color,400,640,bruja,Pinterest,Karen,e70d62aa6c29ba5ea5ed35163bcfc054bb1cd622
Karen_img_0382,img_381.jpg,magia_y_brujas,ilustracion_plana_color,372,640,bruja,Pinterest,Karen,a31af9d478875ff648a884dcf2018eb134ceee5b
Karen_img_0383,img_382.jpg,magia_y_brujas,ilustracion_plana_color,450,468,bruja,Pinterest,Karen,8296a0e07c61b8981b520e1091aba2f150da3467
Karen_img_0384,img_383.jpg,magia_y_brujas,ilustracion_plana_color,450,637,bruja,Pinterest,Karen,15abf6e5f85f3e889fcf270e96c8b91d0940b573
Karen_img_0385,img_384.jpg,magia_y_brujas,ilustracion_plana_color,736,736,bruja,Pinterest,Karen,df5994fc69b4b992bf473bf1c4cdf0bc3b29d23d
Karen_img_0386,img_385.jpg,magia_y_brujas,ilustracion_plana_color,500,500,bruja,Pinterest,Karen,4dc0026b13cda6742a7a26c26d1c490af90c7873
Karen_img_0387,img_386.jpg,magia_y_brujas,ilustracion_plana_color,736,736,brujo,Pinterest,Karen,fb46bae39d9952a8bd50930140d8de271246f934
Karen_img_0388,img_387.jpg,magia_y_brujas,ilustracion_plana_color,600,556,brujo,Pinterest,Karen,5b88d6d44ebc0de2c4b5137822c9d14fe13f30f8
Karen_img_0389,img_388.jpg,magia_y_brujas,ilustracion_plana_color,735,845,bruja,Pinterest,Karen,4ef2f2817100d02a39d50b080a812b86294e0954
Karen_img_0390,img_389.png,magia_y_brujas,ilustracion_plana_color,512,512,sombrero bruja,Flaticon,Karen,a4043c3e421d414ae2f75b9b2b2659aab7675da7
Karen_img_0391,img_390.jpg,magia_y_brujas,ilustracion_plana_color,736,1049,caldero,Pinterest,Karen,6f2d00312e91d6fabb77de1c83c0008ba8bcc622
Karen_img_0392,img_391.jpg,magia_y_brujas,ilustracion_plana_color,736,887,caldero,Pinterest,Karen,3c3937dd37f776815f162025744af75422dd5788
Karen_img_0393,img_392.jpg,magia_y_brujas,ilustracion_plana_color,736,736,bruja con caldero,Pinterest,Karen,58ab97feea125aa767730e3e812cd875c825ccbe
Karen_img_0394,img_393.jpg,magia_y_brujas,ilustracion_plana_color,735,729,bruja con caldero,Pinterest,Karen,11341cd3c196a16de74c091ed5237d8a1013fa22
Karen_img_0395,img_394.jpg,magia_y_brujas,ilustracion_plana_color,736,853,bruja con caldero,Pinterest,Karen,f6445b904712ef8720f884420e2a54f97f80c8b1
Karen_img_0396,img_395.jpg,magia_y_brujas,ilustracion_plana_color,300,300,bruja,Pinterest,Karen,81c0359175646da5a5ac56339c728b4c0bd24815
Karen_img_0397,img_396.jpg,magia_y_brujas,ilustracion_plana_color,612,429,bruja volando,Pinterest,Karen,594b393b23cd31973f9c4197ac31dd0931240f77
Karen_img_0398,img_397.jpg,magia_y_brujas,ilustracion_plana_color,609,339,bruja volando,Pinterest,Karen,3e9f075f9dc5d2e05d73c57f1567e7a42cb596cc
Karen_img_0399,img_398.jpg,magia_y_brujas,ilustracion_plana_color,394,450,bruja con caldero,Pinterest,Karen,4f92ce8ab501f9353d25653afaeb24b68925dd02
Karen_img_0400,img_399.jpg,magia_y_brujas,ilustracion_plana_color,736,736,bruja con caldero,Pinterest,Karen,7461ea973055a39e1a6794cb16005d3e58b25c2f
Karen_img_0401,img_400.jpg,magia_y_brujas,ilustracion_plana_color,600,600,bruja,Pinterest,Karen,40ca176dedadb2854e1cab117614bb1b39b17c99
Karen_img_0402,img_401.png,magia_y_brujas,ilustracion_plana_color,512,512,sombrero bruja,Flaticon,Karen,2fe2ddfef0720eaea7dc237635ee14f59380fabb
Karen_img_0403,img_402.jpg,magia_y_brujas,ilustracion_plana_color,547,626,bruja con caldero,Pinterest,Karen,9de072e8380fdb291e7375b517a626e045c601b5
Karen_img_0404,img_403.jpg,magia_y_brujas,ilustracion_plana_color,736,736,bruja con caldero,Pinterest,Karen,751ac11dc5980eb49a28faef96f91780ebd3330a
Karen_img_0405,img_404.jpg,magia_y_brujas,ilustracion_plana_color,469,612,bruja con escoba,Pinterest,Karen,141391a9efa98a95c27532a0c1cd73da1fd7460f
Karen_img_0406,img_405.jpg,magia_y_brujas,ilustracion_plana_color,736,736,bruja,Pinterest,Karen,804755c856594fc81fc92f5008f64227838993ff
Karen_img_0407,img_406.jpg,magia_y_brujas,ilustracion_plana_color,490,612,bruja,Pinterest,Karen,e86c3a1bb47e6fc2dace35a42a3f57b2c6b9b365
Karen_img_0408,img_407.jpg,magia_y_brujas,ilustracion_plana_color,485,612,bruja volando,Pinterest,Karen,5d41049e8911589c6b48f664aba929ccf1fd7ccc
Karen_img_0409,img_408.jpg,magia_y_brujas,ilustracion_plana_color,735,490,bruja,Pinterest,Karen,1e395583f18c48511ccf972afd4c08879dbaa7b7
Karen_img_0410,img_409.jpg,magia_y_brujas,ilustracion_plana_color,736,672,bruja,Pinterest,Karen,c95f16b592088c29723b86d155c7e5aa841ba436
Karen_img_0411,img_410.jpg,magia_y_brujas,ilustracion_plana_color,360,514,bruja,Pinterest,Karen,0de69495171e3ffde284d21ad146c7e1a19bb33d
Karen_img_0412,img_411.jpg,magia_y_brujas,ilustracion_plana_color,736,736,bruja,Pinterest,Karen,f179029ea3f495aa707f964f7913518ea2af0b57
Karen_img_0413,img_412.jpg,magia_y_brujas,ilustracion_plana_color,736,736,bruja,Pinterest,Karen,6bdeb65dda0c2d84505ab941dc6455bca6fbc0d0
Karen_img_0414,img_413.png,magia_y_brujas,ilustracion_plana_color,512,512,sombrero bruja,Flaticon,Karen,eaa656b209a6ea4432a77a8792115b38b0bd0656
Karen_img_0415,img_414.jpg,magia_y_brujas,ilustracion_plana_color,487,431,bruja volando,Pinterest,Karen,d3f45949f9ac6691a749d262171f850de77b0631
Karen_img_0416,img_415.jpg,magia_y_brujas,ilustracion_plana_color,600,605,bruja,Pinterest,Karen,d47bab3fc0478103e3e8627a343544eccd0f9565
Karen_img_0417,img_416.jpg,magia_y_brujas,ilustracion_plana_color,736,414,bruja volando,Pinterest,Karen,6afe72087a7dcbdfd4692977caf83af5a77f1cf3
Karen_img_0418,img_417.jpg,magia_y_brujas,ilustracion_plana_color,735,1246,bruja volando,Pinterest,Karen,37c01f5a3c668b9851973a7d59937b64234d3ff2
Karen_img_0419,img_418.jpg,magia_y_brujas,ilustracion_plana_color,736,736,bruja volando,Pinterest,Karen,7f129edbbbe8fb9f859aab35bb5ef563be23ac6c
Karen_img_0420,img_419.jpg,magia_y_brujas,ilustracion_plana_color,736,753,bruja volando,Pinterest,Karen,51a425cddc9cc0a58e68d541c3412c5f6aa48b33
Karen_img_0421,img_420.jpg,magia_y_brujas,ilustracion_plana_color,736,736,bruja,Pinterest,Karen,2d604d63a37fad874c42f985fc306e0d7fa4558d
Karen_img_0422,img_421.jpg,magia_y_brujas,ilustracion_plana_color,701,759,bruja,Pinterest,Karen,f9485b4fb528f1ebe5092b3a571fa13ddf0c817d
Karen_img_0423,img_422.jpg,magia_y_brujas,ilustracion_plana_color,736,1092,bruja,Pinterest,Karen,5cf35293c2ca2c1fb65867ef8c94ac2de4d02856
Karen_img_0424,img_423.jpg,magia_y_brujas,ilustracion_plana_color,648,990,bruja,Pinterest,Karen,54ab4adb6c30ba1b5e4e2ced2e4fcd1f47369c28
Karen_img_0425,img_424.jpg,magia_y_brujas,ilustracion_plana_color,735,722,bruja,Pinterest,Karen,500ab7d485c48dcdec9d2e5f3113e0b8bf129a2e
Karen_img_0426,img_425.png,magia_y_brujas,ilustracion_plana_color,512,512,sombrero bruja,Flaticon,Karen,63ecef77fd45d5b06d28d7f4b1d9cd07102752ff
Karen_img_0427,img_426.jpg,magia_y_brujas,ilustracion_plana_color,735,969,bruja,Pinteres,Karen,56e37ff6c1faaadce1cea9cfbeb3344d1040a42c
Karen_img_0428,img_427.jpg,magia_y_brujas,ilustracion_plana_color,736,1308,bruja,Pinteres,Karen,77f5bfd9bebf14db710b476c13e16a6038a59b5e
Karen_img_0429,img_428.jpg,magia_y_brujas,ilustracion_plana_color,450,406,bruja volando,Pinteres,Karen,32790b276c1435109142059f617280a6dc688d1a
Karen_img_0430,img_429.jpg,magia_y_brujas,ilustracion_plana_color,679,545,bruja volando,Pinteres,Karen,39a3d8a59e3ff26b5b8cf5217f5ae574fd355882
Karen_img_0431,img_430.jpg,magia_y_brujas,ilustracion_plana_color,612,568,bruja volando,Pinteres,Karen,b25b287c8d0e75adea007ce3d08940a3c13ee5b8
Karen_img_0432,img_431.jpg,magia_y_brujas,ilustracion_plana_color,564,841,bruja,Pinteres,Karen,67b54fe5496811f7e51c77fd5bedcf3584154587
Karen_img_0433,img_432.jpg,magia_y_brujas,ilustracion_plana_color,709,709,bruja volando,Pinteres,Karen,24d6f44e8935d2518f1b55e6588d15eadf7b8c41
Karen_img_0434,img_433.jpg,magia_y_brujas,ilustracion_plana_color,736,736,bruja volando,Pinteres,Karen,b9a7f2deb9810671bb6ca8cb1639660d136e57a0
Karen_img_0435,img_434.jpg,magia_y_brujas,ilustracion_plana_color,735,707,bruja,Pinteres,Karen,c0fdf960d10241d0a806a824d42b3a70664f6bc4
Karen_img_0436,img_435.jpg,magia_y_brujas,ilustracion_plana_color,626,880,bruja,Pinteres,Karen,d248454142041165803857e986bf129e69b2ac89
Karen_img_0437,img_436.jpg,magia_y_brujas,ilustracion_plana_color,736,1308,bruja,Pinteres,Karen,cdede2e6687000de7e7914dc07105adcc20d4237
Karen_img_0438,img_437.png,magia_y_brujas,ilustracion_plana_color,512,512,sombrero bruja,Flaticon,Karen,fe5af06df64b3be46498723f37f86d901aa5216d
Karen_img_0439,img_438.jpg,magia_y_brujas,ilustracion_plana_color,735,854,bruja volando,Pinterest,Karen,0049d8ff99825d365cce2a5a5ee30a0ca1db8756
Karen_img_0440,img_439.jpg,magia_y_brujas,ilustracion_plana_color,736,951,bruja volando,Pinterest,Karen,e0d9845c3b338cf12ba795e75f5f266f6409d21a
Karen_img_0441,img_440.jpg,magia_y_brujas,ilustracion_plana_color,736,847,bruja volando,Pinterest,Karen,d9f814576e899c0015c963d3f9f6281f6210bb27
Karen_img_0442,img_441.jpg,magia_y_brujas,ilustracion_plana_color,735,639,bruja volando,Pinterest,Karen,4536f833cbae60debad2f237d53f5ba030ba9718
Karen_img_0443,img_442.jpg,magia_y_brujas,ilustracion_plana_color,432,432,bruja volando,Pinterest,Karen,83d5ff92e061e20ca11faebba10a6206c993591c
Karen_img_0444,img_443.jpg,magia_y_brujas,ilustracion_plana_color,735,833,bruja volando,Pinterest,Karen,cd1f353c2e01e472b20e09f481c36d8a1f26d6dc
Karen_img_0445,img_444.jpg,magia_y_brujas,ilustracion_plana_color,418,414,bruja volando,Pinterest,Karen,770eee4a6807cca4ae83dc9538e780fb556fed9a
Karen_img_0446,img_445.jpg,magia_y_brujas,ilustracion_plana_color,736,736,bruja volando,Pinterest,Karen,b3300b1a949ec7d764be0927cc818f0ec82b1b6a
Karen_img_0447,img_446.jpg,magia_y_brujas,ilustracion_plana_color,720,1021,bruja,Pinterest,Karen,1910f4a5093931930fefdfa634bc9a0fdce21ed2
Karen_img_0448,img_447.jpg,magia_y_brujas,ilustracion_plana_color,736,1087,bruja,Pinterest,Karen,617d3d82089ea138c1bd6ff5d96b339c0b0eed91
Karen_img_0449,img_448.jpg,magia_y_brujas,ilustracion_plana_color,736,886,bruja,Pinterest,Karen,511e00ef5e582e76c4fdee84c537a62894ec108e
Karen_img_0450,img_449.png,magia_y_brujas,ilustracion_plana_color,512,512,escoba,Flaticon,Karen,0e0421edacbd9bcded561a5bf5e599cd2bab7350
Karen_img_0451,img_450.jpg,magia_y_brujas,ilustracion_plana_color,736,981,bruja,Pinterest,Karen,99119ab593ccf500362174a87248b7b8eb25d7fd
Karen_img_0452,img_451.png,magia_y_brujas,ilustracion_plana_color,512,512,sombrero bruja,Flaticon,Karen,12e0601744686b343cd399136ceb80aa771e96d6
Karen_img_0453,img_452.jpg,magia_y_brujas,ilustracion_plana_color,736,1464,bruja,Pinterest,Karen,02f5f73027e26bab00f992464f7f0a9b3b1e62d0
Karen_img_0454,img_453.jpg,magia_y_brujas,ilustracion_plana_color,551,900,bruja,Pinterest,Karen,36fc2858bbeaa65c8c88aca42ed9694ac1fb75f6
Karen_img_0455,img_454.jpg,magia_y_brujas,ilustracion_plana_color,736,1022,bruja,Pinterest,Karen,c86886273ac0b46b9feeba413056505007ee4fbd
Karen_img_0456,img_455.jpg,magia_y_brujas,ilustracion_plana_color,736,1229,bruja,Pinterest,Karen,df767e85fb9525292174963590e35c9e074fd99b
Karen_img_0457,img_456.jpg,magia_y_brujas,ilustracion_plana_color,736,1232,bruja,Pinterest,Karen,cbe1283600745c7b6cedb6f286adc07087efe7d6
Karen_img_0458,img_457.jpg,magia_y_brujas,ilustracion_plana_color,736,1112,brujo,Pinterest,Karen,dbc5ab65ec999a2b5a4609a08ded86414ff2b873
Karen_img_0459,img_458.jpg,magia_y_brujas,ilustracion_plana_color,736,1405,brujo,Pinterest,Karen,13d64a889037b8f990eb6652ff49d55d8f5877a7
Karen_img_0460,img_459.jpg,magia_y_brujas,ilustracion_plana_color,736,736,brujo,Pinterest,Karen,a2a4c05c8bb9d407421416ec99d79dfd70c0aab9
Karen_img_0461,img_460.jpg,magia_y_brujas,ilustracion_plana_color,736,888,brujo,Pinterest,Karen,ff77bf0224f9fc737aa1689d5fae9edacd0ebabe
Karen_img_0462,img_461.jpg,magia_y_brujas,ilustracion_plana_color,736,736,brujo,Pinterest,Karen,30b8a053f257212ec14ade7c95640b50a5b127c9
Karen_img_0463,img_462.jpg,magia_y_brujas,ilustracion_plana_color,720,720,bruja,Pinterest,Karen,f3294a3f438c1769778b190e278be82afd4ec874
Karen_img_0464,img_463.png,magia_y_brujas,ilustracion_plana_color,512,512,sombrero bruja,Flaticon,Karen,490754f0b45124e104f623edbf5806378804a26e
Karen_img_0465,img_464.jpg,magia_y_brujas,ilustracion_plana_color,626,811,mago,Pinterest,Karen,cb51d90cbf2bac2794deb4ac40285b791319564c
Karen_img_0466,img_465.jpg,magia_y_brujas,ilustracion_plana_color,450,612,mago,Pinterest,Karen,3f29e33109d228594ec1ad6dd6e3e29f377f28a7
Karen_img_0467,img_466.jpg,magia_y_brujas,ilustracion_plana_color,527,626,mago,Pinterest,Karen,a9ce50616b272181cf880a77c8f1143c6639e112
Karen_img_0468,img_467.jpg,magia_y_brujas,ilustracion_plana_color,316,288,mago,Pinterest,Karen,95bda1154303fb4a2cb5f865e64c06b4b32c23a6
Karen_img_0469,img_468.jpg,magia_y_brujas,ilustracion_plana_color,736,726,mago,Pinterest,Karen,893171c7e6d102dc7ee5543b5dc1e6e315799407
Karen_img_0470,img_469.jpg,magia_y_brujas,ilustracion_plana_color,736,1308,mago,Pinterest,Karen,66281c56c0804381122dfa1b0faca69fc5f3fa82
Karen_img_0471,img_470.jpg,magia_y_brujas,ilustracion_plana_color,735,1104,mago,Pinterest,Karen,f16bd22ba272ccce7f643b254e6bd601dc7ea44c
Karen_img_0472,img_471.jpg,magia_y_brujas,ilustracion_plana_color,427,640,mago,Pinterest,Karen,9f6990fafd24a19e66dec2896d44f46cde848d19
Karen_img_0473,img_472.jpg,magia_y_brujas,ilustracion_plana_color,270,463,mago,Pinterest,Karen,efbc4602fcd3fe61b8a9e963bcc8505389bdce92
Karen_img_0474,img_473.jpg,magia_y_brujas,ilustracion_plana_color,736,981,bruja,Pinterest,Karen,30d6eacaf662809986f4b4adfb3877822eeb800e
Karen_img_0475,img_474.jpg,magia_y_brujas,ilustracion_plana_color,720,720,bruja,Pinterest,Karen,731e7ec9c48fe1295da3908c159bb048a2d46473
Karen_img_0476,img_475.png,magia_y_brujas,ilustracion_plana_color,512,512,sombrero bruja,Flaticon,Karen,1858ffcdb0c78f0da3b64e20010a04fe791a5b00
Karen_img_0477,img_476.jpg,magia_y_brujas,ilustracion_plana_color,336,512,bruja,Pinterest,Karen,09aee264e9a26ab32e105ab833981d5b0dd8bdf4
Karen_img_0478,img_477.jpg,magia_y_brujas,ilustracion_plana_color,400,373,bruja,Pinterest,Karen,819b26d5035095212f945e4826bcd8176482eeba
Karen_img_0479,img_478.jpg,magia_y_brujas,ilustracion_plana_color,426,781,bruja,Pinterest,Karen,4b4fa18d7f19582ecedd00c99fd59de0199c28a4
Karen_img_0480,img_479.jpg,magia_y_brujas,ilustracion_plana_color,736,1104,bruja,Pinterest,Karen,c3a0e648dfa40fe65d5b70f8a3b872f1df089389
Karen_img_0481,img_480.jpg,magia_y_brujas,ilustracion_plana_color,527,787,bruja,Pinterest,Karen,e641d59bc268c949865083780e23f77af6a67d29
Karen_img_0482,img_481.jpg,magia_y_brujas,ilustracion_plana_color,419,640,bruja,Pinterest,Karen,e4233f6c74ab01c083aeee57904d064158e9fb7f
Karen_img_0483,img_482.jpg,magia_y_brujas,ilustracion_plana_color,735,1107,bruja,Pinterest,Karen,08c59025d165239f63d87a7203db42f71d932a75
Karen_img_0484,img_483.jpg,magia_y_brujas,ilustracion_plana_color,675,1200,bruja,Pinterest,Karen,d89b63166877476af5e7427882393682462d92df
Karen_img_0485,img_484.jpg,magia_y_brujas,ilustracion_plana_color,273,544,bruja,Pinterest,Karen,203a2925d24b47aafaf81c504da5869b4b0877a3
Karen_img_0486,img_485.jpg,magia_y_brujas,ilustracion_plana_color,564,752,bruja,Pinterest,Karen,26eded83f5c396cc1934242cd3224168cdfd5383
Karen_img_0487,img_486.jpg,magia_y_brujas,ilustracion_plana_color,700,1000,bruja,Pinterest,Karen,fca3058e03927abd2972c1e29b4fdd981ac36609
Karen_img_0488,img_487.png,magia_y_brujas,ilustracion_plana_color,512,512,sombrero bruja,Flaticon,Karen,e143ccf665a3dd700e75af0770bfc65e17a8e595
Karen_img_0489,img_488.jpg,magia_y_brujas,ilustracion_plana_color,400,671,bruja,Pinterest,Karen,51d26f80ce0c2d55ea5f10469d917f955d140c22
Karen_img_0490,img_489.jpg,magia_y_brujas,ilustracion_plana_color,286,512,bruja,Pinterest,Karen,014fa148cfb37aa343007de81a5ea145f99cc590
Karen_img_0491,img_490.jpg,magia_y_brujas,ilustracion_plana_color,422,512,zapatos bruja,Pinterest,Karen,2cc6be1a79df3d8d30de2c7140aa58b233460ec7
Karen_img_0492,img_491.jpg,magia_y_brujas,ilustracion_plana_color,500,500,sombrero bruja,Pinterest,Karen,20e6f1d317489433cd3ee325ed2dfc3551737f8a
Karen_img_0493,img_492.jpg,magia_y_brujas,ilustracion_plana_color,736,736,zapatos bruja,Pinterest,Karen,db36d16fa9d129ad84088a2d03a9d8a7662a854f
Karen_img_0494,img_493.jpg,magia_y_brujas,ilustracion_plana_color,736,1313,zapatos bruja,Pinterest,Karen,70fdcf177a599a6fb630fb5edf196f65d476961c
Karen_img_0495,img_494.jpg,magia_y_brujas,ilustracion_plana_color,736,1012,bruja,Pinterest,Karen,2a5830852f4bd480d091693e53cd3522e5675f65
Karen_img_0496,img_495.jpg,magia_y_brujas,ilustracion_plana_color,736,1104,bruja,Pinterest,Karen,0c138df109d9e6276efbab85da29acf32f36ebb2
Karen_img_0497,img_496.jpg,magia_y_brujas,ilustracion_plana_color,720,875,bruja,Pinterest,Karen,0ce9d6a2782fbb33a259162b4105c1ef051df972
Karen_img_0498,img_497.jpg,magia_y_brujas,ilustracion_plana_color,736,1309,bruja,Pinterest,Karen,c20161106e0df4791efa23c82397f45223f4a30d
Karen_img_0499,img_498.jpg,magia_y_brujas,ilustracion_plana_color,735,956,bruja,Pinterest,Karen,6bb5d42feb2de0b983c2a450cc897eb5a2690245
Karen_img_0500,img_499.png,magia_y_brujas,ilustracion_plana_color,512,512,sombrero bruja,Flaticon,Karen,cbc5a9fd77a4187b9aadea8fd29f265c28115730
Karen_img_0501,img_500.jpg,magia_y_brujas,ilustracion_plana_color,474,592,bruja,Pinterest,Karen,292a7b0190af534b2ab41674c2e865fcb546573e
Karen_img_0502,img_501.jpg,magia_y_brujas,ilustracion_plana_color,736,937,bruja,Pinterest,Karen,8a1d97706a9e1b0de9acf965f269f71e37643937
Karen_img_0503,img_502.jpg,magia_y_brujas,ilustracion_plana_color,700,625,bruja,Pinterest,Karen,b78e3bba8ab0d29f93a6c93a81bac0b09dfa2350
Karen_img_0504,img_503.jpg,magia_y_brujas,ilustracion_plana_color,438,405,bruja,Pinterest,Karen,6509b3fd0cd8ef3d9f8274bbec413ef2c2b1bd79
Karen_img_0505,img_504.jpg,magia_y_brujas,ilustracion_plana_color,736,1309,bruja,Pinterest,Karen,f13b05e65c395357ae2ec93b3b90210651452142
Karen_img_0506,img_505.jpg,magia_y_brujas,ilustracion_plana_color,720,1021,brujo,Pinterest,Karen,d07f7defd60c744670359ff5672afeb772abfffa
Karen_img_0507,img_506.jpg,magia_y_brujas,ilustracion_plana_color,736,1309,bruja,Pinterest,Karen,4a49169494a830a734017df84ba8f9483697fcf6
Karen_img_0508,img_507.jpg,magia_y_brujas,ilustracion_plana_color,736,1221,bruja,Pinterest,Karen,11642de966319d9eb0ef757f24f98c75c8fd9b45
Karen_img_0509,img_508.jpg,magia_y_brujas,ilustracion_plana_color,600,956,bruja,Pinterest,Karen,100f8d11659dc3e487a0074f82cac7e45541829a
Karen_img_0510,img_509.jpg,magia_y_brujas,ilustracion_plana_color,736,736,bruja volando,Pinterest,Karen,edb3618f88852422451d4fc57be69db13f724fb0
Karen_img_0511,img_510.jpg,magia_y_brujas,ilustracion_plana_color,590,595,bruja volando,Pinterest,Karen,70eada619f6ff9ff4a0ae73b7f9ae63fea77bdb9
Karen_img_0512,img_511.png,magia_y_brujas,ilustracion_plana_color,512,512,sombrero bruja,Flaticon,Karen,f121ea53bf2a6e75c40586a49c3c855c1f8a7420
Karen_img_0513,img_512.jpg,magia_y_brujas,ilustracion_plana_color,735,496,bruja,Pinterest,Karen,b2196176b1df39147cb9ee6b2d4d5cb5a105642d
Karen_img_0514,img_513.jpg,magia_y_brujas,ilustracion_plana_color,736,761,bruja,Pinterest,Karen,89af57f18b256320de4af63778ee495b10128ea2
Karen_img_0515,img_514.jpg,magia_y_brujas,ilustracion_plana_color,600,600,bruja,Pinterest,Karen,0471a11da710232ede3d4201150bc890ab983f03
Karen_img_0516,img_515.jpg,magia_y_brujas,ilustracion_plana_color,480,472,bruja,Pinterest,Karen,ce8251f896ca209ef55773d0dfaa2d953c84717d
Karen_img_0517,img_516.jpg,magia_y_brujas,ilustracion_plana_color,586,446,bruja,Pinterest,Karen,ac785b3ee7fbb798f28dee55e1ab1a07062c288a
Karen_img_0518,img_517.jpg,magia_y_brujas,ilustracion_plana_color,540,667,bruja volando,Pinterest,Karen,0b67a6f456307f33cb29f94802a9e51cee7def29
Karen_img_0519,img_518.jpg,magia_y_brujas,ilustracion_plana_color,640,640,bruja,Pinterest,Karen,c98fe1a613ae5f64d8005aa0f856b9f21a76759b
Karen_img_0520,img_519.jpg,magia_y_brujas,ilustracion_plana_color,735,905,bruja,Pinterest,Karen,e3306bba150f58dd66f7f3c862a0af6632e5ee70
Karen_img_0521,img_520.jpg,magia_y_brujas,ilustracion_plana_color,736,1065,bruja,Pinterest,Karen,3a00a1c3c5807cb4bf3ed4f78ffe221afb0986be
Karen_img_0522,img_521.jpg,magia_y_brujas,ilustracion_plana_color,736,736,bruja,Pinterest,Karen,2f8d1f9b2524fdb61363f477df2745eb68ce07ef
Karen_img_0523,img_522.jpg,magia_y_brujas,ilustracion_plana_color,600,776,bruja,Pinterest,Karen,73834918a9436616a96ef87a77fb197fa06e9260
Karen_img_0524,img_523.png,magia_y_brujas,ilustracion_plana_color,512,512,sombrero bruja,Flaticon,Karen,3df61be2981cd6020be1c14fe74127a9b29aef86
Karen_img_0525,img_524.jpg,magia_y_brujas,ilustracion_plana_color,464,489,bruja volando,Pinterest,Karen,abd6377c16f28da1c3865009e0711f66deb7249e
Karen_img_0526,img_525.jpg,magia_y_brujas,ilustracion_plana_color,736,884,bruja,Pinterest,Karen,60fe598dd7bbdbb7b7e6798bc017fb8f2a1efd75
Karen_img_0527,img_526.jpg,magia_y_brujas,ilustracion_plana_color,736,1104,bruja,Pinterest,Karen,7478f3e0177feb1941aa279eab808a283f1dc17c
Karen_img_0528,img_527.jpg,magia_y_brujas,ilustracion_plana_color,736,952,bruja,Pinterest,Karen,a470e5ec8ba47c58b5acf59fdc25873d33771ff5
Karen_img_0529,img_528.jpg,magia_y_brujas,ilustracion_plana_color,736,1174,bruja,Pinterest,Karen,2d6d317261b40a5db8c4f9f3bccadbfad2d37b76
Karen_img_0530,img_529.jpg,magia_y_brujas,ilustracion_plana_color,736,1161,bruja,Pinterest,Karen,2ae1c6fc785c62722ee8da575cde961de65b9b74
Karen_img_0531,img_530.jpg,magia_y_brujas,ilustracion_plana_color,736,691,bruja,Pinterest,Karen,481a8f1dcf9c7a73876ded3c209c02a72b869b5b
Karen_img_0532,img_531.jpg,magia_y_brujas,ilustracion_plana_color,736,723,bruja volando,Pinterest,Karen,6ccdcea50f09e5a851eb56873073f94f59c8be93
Karen_img_0533,img_532.jpg,magia_y_brujas,ilustracion_plana_color,736,1040,bruja volando,Pinterest,Karen,29ac3d77f8e406ac8f88bef13224106e04e5b5be
Karen_img_0534,img_533.jpg,magia_y_brujas,ilustracion_plana_color,736,736,bruja,Pinterest,Karen,72ec224f30ba6695fcaf2c5bba9e8517dbbc1405
Karen_img_0535,img_534.jpg,magia_y_brujas,ilustracion_plana_color,736,718,bruja,Pinterest,Karen,3eeca8ad1df53410bce97952c1822bfffe3264e7
Karen_img_0536,img_535.png,magia_y_brujas,ilustracion_plana_color,512,512,sombrero bruja,Flaticon,Karen,f72b1a11937c9d2dbfaf952ef0f71cd2d0f9cf6e
Karen_img_0537,img_536.jpg,magia_y_brujas,ilustracion_plana_color,736,740,bruja,Pinterest,Karen,090bc79678ca9fe269806301db2cfcd01cd2b664
Karen_img_0538,img_537.jpg,magia_y_brujas,ilustracion_plana_color,640,836,bruja,Pinterest,Karen,16d1b43525c606ad0daf634067f6a8a16cbe6f09
Karen_img_0539,img_538.jpg,magia_y_brujas,ilustracion_plana_color,736,531,bruja volando,Pinterest,Karen,884d71b1418d346427736b4f11adda7a78a90006
Karen_img_0540,img_539.jpg,magia_y_brujas,ilustracion_plana_color,736,520,bruja volando,Pinterest,Karen,adfa85b3a1b803ac919d0e0f7337af9d2ba435c6
Karen_img_0541,img_540.jpg,magia_y_brujas,ilustracion_plana_color,501,810,bruja,Pinterest,Karen,bd7cb131064843e40a12887f79c6da6f4cafa270
Karen_img_0542,img_541.jpg,magia_y_brujas,ilustracion_plana_color,640,640,bruja,Pinterest,Karen,3b2e1bc362cf9672d710b4e8140d87d536763ff9
Karen_img_0543,img_542.jpg,magia_y_brujas,ilustracion_plana_color,736,625,bruja,Pinterest,Karen,a189fdcda2ef54b6588af01c549cbe37bd8777de
Karen_img_0544,img_543.jpg,magia_y_brujas,ilustracion_plana_color,736,920,bruja,Pinterest,Karen,d39815369f96cd0adbf539662b835d3a4c0fa769
Karen_img_0545,img_544.jpg,magia_y_brujas,ilustracion_plana_color,736,736,bruja,Pinterest,Karen,60833818fcb6e0e4db6444b6ca62c9551ecf1310
Karen_img_0546,img_545.jpg,magia_y_brujas,ilustracion_plana_color,736,736,bruja de espaldas,Pinterest,Karen,cd7a8a4553f9839fc6d15549296ddbc23bb1234a
Karen_img_0547,img_546.jpg,magia_y_brujas,ilustracion_plana_color,736,736,bruja,Pinterest,Karen,98b7ddd096c847d482b3dbe20ed4b6b91e34497f
Karen_img_0548,img_547.png,magia_y_brujas,ilustracion_plana_color,512,512,sombrero bruja,Flaticon,Karen,78fadef36d7b0abbec4340d58c1effb1ad761a1b
Karen_img_0549,img_548.jpg,magia_y_brujas,ilustracion_plana_color,640,640,bruja,Pinterest,Karen,2155773b9b8300aa87274cd5f911954f6624b964
Karen_img_0550,img_549.jpg,magia_y_brujas,ilustracion_plana_color,454,340,bruja volando,Pinterest,Karen,6bf84c260a3543bcef601ae4fcc88188be2804d4
Karen_img_0551,img_550.jpg,magia_y_brujas,ilustracion_plana_color,453,340,bruja volando,Pinterest,Karen,5cf0e052927551bfbe6885981edafc831a0bea10
Karen_img_0552,img_551.jpg,magia_y_brujas,ilustracion_plana_color,700,700,bruja volando,Pinterest,Karen,1818517fa8ceff7e46341d6f72431f1a8b109668
Karen_img_0553,img_552.jpg,magia_y_brujas,ilustracion_plana_color,360,360,bruja,Pinterest,Karen,a44f9f43f2cdfe37f80a2cf6921e6ebff5469f65
Karen_img_0554,img_553.jpg,magia_y_brujas,ilustracion_plana_color,736,736,bruja,Pinterest,Karen,901bc10fad3e5ad0a9bf74e07aa09f51b3a0b5a1
Karen_img_0555,img_554.jpg,magia_y_brujas,ilustracion_plana_color,736,736,mago,Pinterest,Karen,3d0257cd624c52796faa69153bbbab4d88cdff60
Karen_img_0556,img_555.jpg,magia_y_brujas,ilustracion_plana_color,736,981,mago,Pinterest,Karen,9e7d28aac4c6f708e7165fd225a278a22b75832d
Karen_img_0557,img_556.jpg,magia_y_brujas,ilustracion_plana_color,540,575,mago,Pinterest,Karen,a74a92a32c25ecebcf7847bb56c4210de2e5f2f3
Karen_img_0558,img_557.jpg,magia_y_brujas,ilustracion_plana_color,736,754,mago,Pinterest,Karen,a583a3302d2452fb2e735106aaf5e7bf6cc1988c
Karen_img_0559,img_558.jpg,magia_y_brujas,ilustracion_plana_color,735,713,bruja,Pinterest,Karen,eec5878af8623743be10b5c76bb37d0d48922199
Karen_img_0560,img_559.png,magia_y_brujas,ilustracion_plana_color,512,512,bruja,Flaticon,Karen,b6e9d89f587d7506a6dcbdc57b837b99ffae31ee
Karen_img_0561,img_560.jpg,magia_y_brujas,ilustracion_plana_color,736,736,mago,Pinterest,Karen,f124c66db766e983dbcdc7037ceb9ca1965693c9
Karen_img_0562,img_561.jpg,magia_y_brujas,ilustracion_plana_color,685,1018,bruja,Pinterest,Karen,0e5b02017d274293dc29910b3f07a72e4278839b
Karen_img_0563,img_562.jpg,magia_y_brujas,ilustracion_plana_color,736,1126,bruja,Pinterest,Karen,c394912aaf8bcf3f8c7d508e82645a7c0407c68c
Karen_img_0564,img_563.jpg,magia_y_brujas,ilustracion_plana_color,640,640,bruja,Pinterest,Karen,37af76ec028e2fc6f12f850a73b5b09b23eb869a
Karen_img_0565,img_564.jpg,magia_y_brujas,ilustracion_plana_color,736,918,bruja,Pinterest,Karen,1652b1dd05b10b2bf44a0fdf393cac64853f3051
Karen_img_0566,img_565.jpg,magia_y_brujas,ilustracion_plana_color,462,534,bruja,Pinterest,Karen,3f84d3ae9c9b9d520740a64356b1fbdd25326bff
Karen_img_0567,img_566.jpg,magia_y_brujas,ilustracion_plana_color,640,640,bruja,Pinterest,Karen,2cd871414acd88abbfe9db2edf2c34849157a179
Karen_img_0568,img_567.jpg,magia_y_brujas,ilustracion_plana_color,735,1041,bruja,Pinterest,Karen,91bae81ada5227c9b2131efddc74d867a9c08af5
Karen_img_0569,img_568.jpg,magia_y_brujas,ilustracion_plana_color,564,752,bruja,Pinterest,Karen,6f996220026d1b3a8b89fcbbfdc3139d77b118fa
Karen_img_0570,img_569.jpg,magia_y_brujas,ilustracion_plana_color,436,432,bruja,Pinterest,Karen,be753b93db0b518472045dc8eea33701612a1931
Karen_img_0571,img_570.jpg,magia_y_brujas,ilustracion_plana_color,736,736,bruja,Pinterest,Karen,46e228496448461e3dd89a7ba3a72ee9fd501c07
Karen_img_0572,img_571.png,magia_y_brujas,ilustracion_plana_color,512,512,bruja volando,Flaticon,Karen,05e7cfbd569e4ca2d935bde9473dee86c22991af
Karen_img_0573,img_572.jpg,magia_y_brujas,ilustracion_plana_color,736,1048,bruja,Pinterest,Karen,0dd587324ae6c8b3e10a46006d9e7f25676957ed
Karen_img_0574,img_573.png,magia_y_brujas,ilustracion_plana_color,512,512,bruja,Flaticon,Karen,76cca097a762a72add6c86b972cb2e499a0f458e
Karen_img_0575,img_574.jpg,magia_y_brujas,ilustracion_plana_color,736,736,bruja,Pinterest,Karen,6e24018f409283ddcaff975484efefb47fb8c773
Karen_img_0576,img_575.jpg,magia_y_brujas,ilustracion_plana_color,736,736,bruja,Pinterest,Karen,400f2b6e63a43fa08ae3e6a9337979f769c226aa
Karen_img_0577,img_576.jpg,magia_y_brujas,ilustracion_plana_color,424,604,bruja,Pinterest,Karen,fced0549ab4d05bdc7a5433ba8bd260f1a167990
Karen_img_0578,img_577.jpg,magia_y_brujas,ilustracion_plana_color,736,593,bruja,Pinterest,Karen,25a150dcc08aa6d9daab3355d2b1513d3d63a484
Karen_img_0579,img_578.jpg,magia_y_brujas,ilustracion_plana_color,735,809,bruja,Pinterest,Karen,b2964084aa90a516eda0a1ae77dbdbd45874d2db
Karen_img_0580,img_579.jpg,magia_y_brujas,ilustracion_plana_color,736,1105,bruja,Pinterest,Karen,a851602c3961f96dfac5993bca520055e2b6f442
Karen_img_0581,img_580.jpg,magia_y_brujas,ilustracion_plana_color,736,980,bruja,Pinterest,Karen,4dff5b47d0d6d4a7c5f4d42b3caa8e8867c6a622
Karen_img_0582,img_581.jpg,magia_y_brujas,ilustracion_plana_color,736,820,bruja,Pinterest,Karen,8e934b5f885feccba3f16a4bc19d85b46be8dd08
Karen_img_0583,img_582.jpg,magia_y_brujas,ilustracion_plana_color,736,981,bruja,Pinterest,Karen,23247d64c134755200c2185ab4cecc0c3a77bc4d
Karen_img_0584,img_583.jpg,magia_y_brujas,ilustracion_plana_color,736,736,bruja,Pinterest,Karen,97b82ad99c24b381fd01d0d4b3fc3ed4d1638b89
Karen_img_0585,img_584.jpg,magia_y_brujas,ilustracion_plana_color,735,731,bruja,Pinterest,Karen,657d22d4650dc7135d2e24ab09f358ac6f00f24e
Karen_img_0586,img_585.png,magia_y_brujas,ilustracion_plana_color,512,512,bruja,Pinterest,Karen,411ad17d213e201e44f8b7d748644a33afb92ac5
Karen_img_0587,img_586.jpg,magia_y_brujas,ilustracion_plana_color,480,440,bruja,Pinterest,Karen,2b9d216582c38f4fccccc4cb95a6eb614923442b
Karen_img_0588,img_587.jpg,magia_y_brujas,ilustracion_plana_color,601,601,bruja,Pinterest,Karen,bfb73512815db69e18c73850491d317c231836fb
Karen_img_0589,img_588.jpg,magia_y_brujas,ilustracion_plana_color,735,809,bruja,Pinterest,Karen,ccf82a2f2258720b7c6dd4450c88facba8d67b5a
Karen_img_0590,img_589.jpg,magia_y_brujas,ilustracion_plana_color,601,622,bruja,Pinterest,Karen,66471e5e5a15c2e50e55bd8ed9e6c122c676970b
Karen_img_0591,img_590.jpg,magia_y_brujas,ilustracion_plana_color,736,736,bruja,Pinterest,Karen,2862fdfc4132a4fa09c3e2e8c28e12bd10450ab0
Karen_img_0592,img_591.jpg,magia_y_brujas,ilustracion_plana_color,736,736,escoba,Pinterest,Karen,875ce7afeef2992edd03939e641a364e687a5840
Karen_img_0593,img_592.jpg,magia_y_brujas,ilustracion_plana_color,680,840,posion,Pinterest,Karen,4293704bd8a1ca0378dc2ead7fdd54b9b9d45f55
Karen_img_0594,img_593.jpg,magia_y_brujas,ilustracion_plana_color,736,1308,posion,Pinterest,Karen,c204e9b51aada736d820ca49355833810d6d8105
Karen_img_0595,img_594.jpg,magia_y_brujas,ilustracion_plana_color,736,736,escoba,Pinterest,Karen,afcb9817bb11c2480f8c450101a9ba85c72b0712
Karen_img_0596,img_595.jpg,magia_y_brujas,ilustracion_plana_color,735,1208,escoba,Pinterest,Karen,0c512f8a39097d677fead4c50a4fe25ed48f0502
Karen_img_0597,img_596.jpg,magia_y_brujas,ilustracion_plana_color,736,736,bruja,Pinterest,Karen,857eabe1e3b101e8a6bc46af920a9feb72d3394b
Karen_img_0598,img_597.png,magia_y_brujas,ilustracion_plana_color,512,512,bruja,Pinterest,Karen,05a3601492a19f2a042c5c8b27787a0a6edb1c57
Karen_img_0599,img_598.jpg,magia_y_brujas,ilustracion_plana_color,736,1366,bruja,Pinterest,Karen,6cb6d70037761b2bd9b7b5970f65b4196d5d4587
Karen_img_0600,img_599.jpg,magia_y_brujas,ilustracion_plana_color,736,946,bruja,Pinterest,Karen,ee6ce8c4680abb4ed003ac9cd645ca4157bfcdda
Karen_img_0601,img_600.jpg,magia_y_brujas,ilustracion_plana_color,644,967,bruja,Pinterest,Karen,1ef2bc4a4797dbdfee175380d120ce96d2b324a7
Karen_img_0602,img_601.jpg,magia_y_brujas,ilustracion_plana_color,736,736,bruja,Pinterest,Karen,6c91deee41ee1fd667e6dbc06cb2a06e57e64063
Karen_img_0603,img_602.jpg,magia_y_brujas,ilustracion_plana_color,736,736,bruja,Pinterest,Karen,026f78591f130f870b76ec99a2b4bb3c32a122be
Karen_img_0604,img_603.jpg,magia_y_brujas,ilustracion_plana_color,736,977,bruja,Pinterest,Karen,eb9216fa48d8e09fd94917400fb0703c42d577cf
Karen_img_0605,img_604.jpg,magia_y_brujas,ilustracion_plana_color,736,736,bruja,Pinterest,Karen,b3c8b9473593fa25b4ba218213c35f900a0e0919
Karen_img_0606,img_605.jpg,magia_y_brujas,ilustracion_plana_color,736,1308,bruja,Pinterest,Karen,b67fcae4d20f9ed016acf3a3207fd9f0d9b5df07
Karen_img_0607,img_606.jpg,magia_y_brujas,ilustracion_plana_color,736,977,bruja,Pinterest,Karen,e776bf7defdbd33d255d84011f384466b27160f6
Karen_img_0608,img_607.jpg,magia_y_brujas,ilustracion_plana_color,736,981,bruja,Pinterest,Karen,4e46f183ac432debd61f1e7e2845ddd79e67d2d0
Karen_img_0609,img_608.jpg,magia_y_brujas,ilustracion_plana_color,736,736,bruja,Pinterest,Karen,e72908eb720145061712986b8a166043f879fe97
Karen_img_0610,img_609.png,magia_y_brujas,ilustracion_plana_color,512,512,sombrero bruja,Flaticon,Karen,3e2ae708287fcd547fa9f3ec3850086860f1245f
Karen_img_0611,img_610.jpg,magia_y_brujas,ilustracion_plana_color,438,701,bruja,Pinterest,Karen,00736b35d4e4af198e459bc90f0c22903fe2521e
Karen_img_0612,img_611.jpg,magia_y_brujas,ilustracion_plana_color,640,905,bruja,Pinterest,Karen,7ca29d9f1a958f5608918e98a367f3d3e619fe16
Karen_img_0613,img_612.jpg,magia_y_brujas,ilustracion_plana_color,736,1177,bruja,Pinterest,Karen,28c7dfecd8fcdfe277363b766d94a01f6b8d45c7
Karen_img_0614,img_613.jpg,magia_y_brujas,ilustracion_plana_color,735,853,bruja,Pinterest,Karen,97860021bd70b8c69d486f5b382aa8582b4a190e
Karen_img_0615,img_614.jpg,magia_y_brujas,ilustracion_plana_color,726,1000,bruja,Pinterest,Karen,a6b8507f04c6ac768b93330526f550358841dc4a
Karen_img_0616,img_615.jpg,magia_y_brujas,ilustracion_plana_color,736,1099,bruja,Pinterest,Karen,2a157a92ffd013426bb9b25c56cbb47176018f09
Karen_img_0617,img_616.jpg,magia_y_brujas,ilustracion_plana_color,724,1023,bruja,Pinterest,Karen,8a104de9038ec5abcb41259e9828ee2b268886b7
Karen_img_0618,img_617.jpg,magia_y_brujas,ilustracion_plana_color,736,1104,bruja,Pinterest,Karen,86166767241985bdaac33874d4434d4d58ba2437
Karen_img_0619,img_618.jpg,magia_y_brujas,ilustracion_plana_color,736,736,bruja,Pinterest,Karen,3672385e4dcbc45aaed76a3312d6f0c985189008
Karen_img_0620,img_619.jpg,magia_y_brujas,ilustracion_plana_color,711,1024,bruja,Pinterest,Karen,8b10cee82b67fc686f0d46eed349567fffcbaf56
Karen_img_0621,img_620.jpg,magia_y_brujas,ilustracion_plana_color,507,640,bruja,Pinterest,Karen,684aaf16b8d2de860f247a8449d5a55f776f2ccb
Karen_img_0622,img_621.png,magia_y_brujas,ilustracion_plana_color,512,512,bruja,Pinterest,Karen,c3d3ab48d599b381e01b5c25b5b2389ba0e47c02
Karen_img_0623,img_622.jpg,magia_y_brujas,ilustracion_plana_color,736,977,bruja,Pinterest,Karen,15a92a077085a71fb1626582e1fd50be4077c53d
Karen_img_0624,img_623.jpg,magia_y_brujas,ilustracion_plana_color,563,775,bruja,Pinterest,Karen,b8892a3bdd9661362f38604c32ba73d04b6fc5d8
Karen_img_0625,img_624.jpg,magia_y_brujas,ilustracion_plana_color,569,1024,bruja,Pinterest,Karen,bc5f3d4ac6b81bc465d55588970935658b784699
Karen_img_0626,img_625.jpg,magia_y_brujas,ilustracion_plana_color,736,917,bruja,Pinterest,Karen,41f2ea406f73f31057290898de3ddef3d3c96301
Karen_img_0627,img_626.jpg,magia_y_brujas,ilustracion_plana_color,680,917,bruja,Pinterest,Karen,95c952a120e409da41638f5744394ce5178b04ec
Karen_img_0628,img_627.jpg,magia_y_brujas,ilustracion_plana_color,736,868,bruja,Pinterest,Karen,365a157d1ef907e073a945c7a8b3b991702ef39c
Karen_img_0629,img_628.jpg,magia_y_brujas,ilustracion_plana_color,735,588,bruja,Pinterest,Karen,834b99e6aaa5cf21821459789ab60c467f1033bf
Karen_img_0630,img_629.jpg,magia_y_brujas,ilustracion_plana_color,571,842,bruja,Pinterest,Karen,05af689b12ddab044bd38b7804e16ca0f5f76cd1
Karen_img_0631,img_630.jpg,magia_y_brujas,ilustracion_plana_color,736,1104,mago,Pinterest,Karen,df2e8c89f580651e54597c2fd86cef742c2f68be
Karen_img_0632,img_631.jpg,magia_y_brujas,ilustracion_plana_color,736,736,bruja,Pinterest,Karen,d0fdedbfabe014d6032c05d0e5b4358569f4e624
Karen_img_0633,img_632.jpg,magia_y_brujas,ilustracion_plana_color,700,990,bruja,Pinterest,Karen,d4945fada6277d8ada751648b8d8283bb0e2ae49
Karen_img_0634,img_633.png,magia_y_brujas,ilustracion_plana_color,512,512,bruja,Pinterest,Karen,67ebe1ce61f8173ca964854cbe32ab5f6b4b53df
Karen_img_0635,img_634.jpg,magia_y_brujas,ilustracion_plana_color,736,736,brujo,Pinterest,Karen,2756cd5376e284ad4a288224685ce09c1ab58367
Karen_img_0636,img_635.jpg,magia_y_brujas,ilustracion_plana_color,736,736,brujo,Pinterest,Karen,c82abf8c9096d246b913f1df61794428eba26576
Karen_img_0637,img_636.jpg,magia_y_brujas,ilustracion_plana_color,680,904,bruja,Pinterest,Karen,abce57ccfa63b049687d93bb11ed1bc4a70fb94f
Karen_img_0638,img_637.jpg,magia_y_brujas,ilustracion_plana_color,736,928,bruja,Pinterest,Karen,235ab926c2bdd28d4668d1b2050412b97e8e603d
Karen_img_0639,img_638.jpg,magia_y_brujas,ilustracion_plana_color,736,736,bruja,Pinterest,Karen,590c65cb2b258bca982a984312a0cb2e3eef2723
Karen_img_0640,img_639.jpg,magia_y_brujas,ilustracion_plana_color,395,631,capa mago,Pinterest,Karen,df40d49d5c865a30fbf704aea310c374caf03aec
Karen_img_0641,img_640.jpg,magia_y_brujas,ilustracion_plana_color,736,1104,capa mago,Pinterest,Karen,b488501cad030ff29094ce9189aadd3d55be85ca
Karen_img_0642,img_641.jpg,magia_y_brujas,ilustracion_plana_color,702,1057,capa mago,Pinterest,Karen,2dab63bdd0e3e8ab260ec54ccd6f34d12d8554bd
Karen_img_0643,img_642.jpg,magia_y_brujas,ilustracion_plana_color,736,920,capa mago,Pinterest,Karen,aeffba319bd9ff156077d4926fc9c04c1175da19
Karen_img_0644,img_643.jpg,magia_y_brujas,ilustracion_plana_color,540,675,capa bruja,Pinterest,Karen,59c2acb8d5441c1504dab46efe7d04385bc64eeb
Karen_img_0645,img_644.jpg,magia_y_brujas,ilustracion_plana_color,736,736,bruja volando,Pinterest,Karen,e7c6916f4163e576eddcded3811c90e600ad3c18
Karen_img_0646,img_645.png,magia_y_brujas,ilustracion_plana_color,512,512,bruja,Flaticon,Karen,ce719bd641f411b92a3f2ba2cf24533427ca8e09
Karen_img_0647,img_646.jpg,magia_y_brujas,ilustracion_plana_color,736,736,capa bruja,Pinterest,Karen,773847ee377a00ffe538047151f6dc63fb08bf04
Karen_img_0648,img_647.jpg,magia_y_brujas,ilustracion_plana_color,736,1036,brujo,Pinterest,Karen,835b70f9313f96e79b92a69180f2b5a5484db3f4
Karen_img_0649,img_648.jpg,magia_y_brujas,ilustracion_plana_color,736,1308,varita magica,Pinterest,Karen,ba159827913cb0e9e0190bc2f06f81f128f23c90
Karen_img_0650,img_649.jpg,magia_y_brujas,ilustracion_plana_color,736,1104,varita magica,Pinterest,Karen,8d43ea90a89c9d512b48a825482c8c27198521ea
Karen_img_0651,img_650.jpg,magia_y_brujas,ilustracion_plana_color,736,1308,varita magica,Pinterest,Karen,a5663054920d692dbedfaf77198001d42da159a2
Karen_img_0652,img_651.jpg,magia_y_brujas,ilustracion_plana_color,720,1280,reloj magico arena,Pinterest,Karen,ddbc135d8277b2fbcb349ea09b816fd5d6a1d3d4
Karen_img_0653,img_652.jpg,magia_y_brujas,ilustracion_plana_color,736,736,varita magica,Pinterest,Karen,1f837b300a603e79ce6bbab2dbb597a7a42efb36
Karen_img_0654,img_653.jpg,magia_y_brujas,ilustracion_plana_color,736,736,varita magica,Pinterest,Karen,caafefb0d4356e93de026025c242be01f9290e7b
Karen_img_0655,img_654.jpg,magia_y_brujas,ilustracion_plana_color,736,736,varita magica,Pinterest,Karen,a7cd76c1b935bc531d99fd73b8c56faa4872f26d
Karen_img_0656,img_655.jpg,magia_y_brujas,ilustracion_plana_color,736,1104,varita magica,Pinterest,Karen,42d42faa10b12db681307a4231d77f3df75aa66b
Karen_img_0657,img_656.jpg,magia_y_brujas,ilustracion_plana_color,736,736,bruja,Pinterest,Karen,5120ad41e57d22ce5bd45d12c8da259b7ac36444
Karen_img_0658,img_657.png,magia_y_brujas,ilustracion_plana_color,512,512,varita magica,Pinterest,Karen,e70687e5842e5a6f85a90da42f6b50d922b91408
Karen_img_0659,img_658.jpg,magia_y_brujas,ilustracion_plana_color,736,736,varita magica,Pinterest,Karen,a9a17c9186d6eb3ef5415305e066efbbc0968ab3
Karen_img_0660,img_659.jpg,magia_y_brujas,ilustracion_plana_color,512,512,varita magica,Pinterest,Karen,0a3f1ef3ef47d5adb7e94c683a65cd1175f4e51c
Karen_img_0661,img_660.jpg,magia_y_brujas,ilustracion_plana_color,512,512,varita magica,Pinterest,Karen,22dfec982e511fd9b00c00e45123bfd2d122c1dd
Karen_img_0662,img_661.jpg,magia_y_brujas,ilustracion_plana_color,512,951,varita magica,Pinterest,Karen,d1181db13eb50b54cf3692f18e94a0c2804cb90d
Karen_img_0663,img_662.jpg,magia_y_brujas,ilustracion_plana_color,736,1163,varita magica,Pinterest,Karen,e9ed83e7dc449efafb23983cab8238ca3f6b03ed
Karen_img_0664,img_663.jpg,magia_y_brujas,ilustracion_plana_color,248,667,varita magica,Pinterest,Karen,f1ce283e07deceefe7cf79f3d06e7d4eab3da08e
Karen_img_0665,img_664.jpg,magia_y_brujas,ilustracion_plana_color,736,1122,varita magica,Pinterest,Karen,38799bd1f923996034eb581db5a9b6812678d2a9
Karen_img_0666,img_665.jpg,magia_y_brujas,ilustracion_plana_color,736,1308,varita magica,Pinterest,Karen,18daa30751bcc767f85eb781e1007f05b34a2366
Karen_img_0667,img_666.jpg,magia_y_brujas,ilustracion_plana_color,736,736,varita magica,Pinterest,Karen,e3131bd52106e74f6f9a63b742976b5ff5df718a
Karen_img_0668,img_667.jpg,magia_y_brujas,ilustracion_plana_color,736,1104,varita magica,Pinterest,Karen,d5f068750c4676993f7f12be7a9919e188f0d1a4
Karen_img_0669,img_668.jpg,magia_y_brujas,ilustracion_plana_color,736,734,bruja,Pinterest,Karen,63ab112daa6510d61bf265d14799bad090152919
Karen_img_0670,img_669.png,magia_y_brujas,ilustracion_plana_color,512,512,bruja,Flaticon,Karen,bcb5c8d013161a45bdc004117758c8f4f72c8ba5
Karen_img_0671,img_670.jpg,magia_y_brujas,ilustracion_plana_color,735,946,varita magica,Pinterest,Karen,f1702b4c11e5218aa3001ac416ce527c1800c4e0
Karen_img_0672,img_671.jpg,magia_y_brujas,ilustracion_plana_color,600,600,varita magica,Pinterest,Karen,3f99b6c88699818272e3ae5195d313391cefd269
Karen_img_0673,img_672.jpg,magia_y_brujas,ilustracion_plana_color,736,977,mago,Pinterest,Karen,d65706c98249482876486bc60d2b2e49e1940307
Karen_img_0674,img_673.jpg,magia_y_brujas,ilustracion_plana_color,736,1030,varita magica,Pinterest,Karen,456e95c53851360c217dc5300368fedddcb9cd2d
Karen_img_0675,img_674.jpg,magia_y_brujas,ilustracion_plana_color,736,994,bruja,Pinterest,Karen,9b1adc75a865dfc42767fbb972d98583981794ba
Karen_img_0676,img_675.jpg,magia_y_brujas,ilustracion_plana_color,736,920,bruja,Pinterest,Karen,d0af7927228d7e6b5e0af49735d2e5135a5a15cc
Karen_img_0677,img_676.jpg,magia_y_brujas,ilustracion_plana_color,736,736,bruja,Pinterest,Karen,94b573df313bcd5f04988a3f453de51884e2e1a4
Karen_img_0678,img_677.jpg,magia_y_brujas,ilustracion_plana_color,736,679,bruja,Pinterest,Karen,7076c0703570fe6d54d852bde4d4009820840898
Karen_img_0679,img_678.jpg,magia_y_brujas,ilustracion_plana_color,736,1164,bruja,Pinterest,Karen,d874727112b2818f28c9abd0439d16ebe60055c1
Karen_img_0680,img_679.jpg,magia_y_brujas,ilustracion_plana_color,736,885,bruja,Pinterest,Karen,3ea03de0e0ccd921413db5fb0a762aba4303142c
Karen_img_0681,img_680.jpg,magia_y_brujas,ilustracion_plana_color,736,981,bruja,Pinterest,Karen,a8c7019c261fc66d59a8fefdc98fb9ad96d853e4
Karen_img_0682,img_681.png,magia_y_brujas,ilustracion_plana_color,512,512,bruja,Pinterest,Karen,73cb98e322b112d795f08b1b97cb6839e30357e5
Karen_img_0683,img_682.jpg,magia_y_brujas,ilustracion_plana_color,735,727,bruja,Pinterest,Karen,8b8cfa3c68b459b81551e443b46dc9450ad8974f
Karen_img_0684,img_683.jpg,magia_y_brujas,ilustracion_plana_color,512,451,bruja,Pinterest,Karen,0a72777eb7bf6d15dab0f050cd13238ea7bdbe78
Karen_img_0685,img_684.jpg,magia_y_brujas,ilustracion_plana_color,736,993,bruja,Pinterest,Karen,fa78a81c0fe6f511001f9303f7c3f0a059b32cc7
Karen_img_0686,img_685.jpg,magia_y_brujas,ilustracion_plana_color,600,1000,bruja,Pinterest,Karen,ba74f0b7426f0a99207ba8225d775e549490ae24
Karen_img_0687,img_686.jpg,magia_y_brujas,ilustracion_plana_color,735,965,bruja,Pinterest,Karen,6e504f7f0c347dfdcdce7ba0b66dfe4ae743ce95
Karen_img_0688,img_687.jpg,magia_y_brujas,ilustracion_plana_color,736,1053,bruja,Pinterest,Karen,2ca9978277db6d3fb69b1cc8f069b1ea48960797
Karen_img_0689,img_688.jpg,magia_y_brujas,ilustracion_plana_color,640,822,bruja,Pinterest,Karen,0620604788150c03c73167dd2a9575ddd446e98f
Karen_img_0690,img_689.jpg,magia_y_brujas,ilustracion_plana_color,512,652,bruja,Pinterest,Karen,2e7f1a3b6b449cbfb02fafaf081bc62e93262bd4
Karen_img_0691,img_690.jpg,magia_y_brujas,ilustracion_plana_color,736,883,bruja,Pinterest,Karen,6d2393a724bd557ff263664c621f86606a96fd4d
Karen_img_0692,img_691.jpg,magia_y_brujas,ilustracion_plana_color,736,828,bruja,Pinterest,Karen,e358c994f406f5c2ecbabbc7ae5dd13e95b9049f
Karen_img_0693,img_692.jpg,magia_y_brujas,ilustracion_plana_color,402,604,bruja,Pinterest,Karen,7a227434406db69e91282e029b4caae16fa8be83
Karen_img_0694,img_693.png,magia_y_brujas,ilustracion_plana_color,512,512,sombrero bruja,Flaticon,Karen,abbf553d5585045c255f261c2ce133ce12a0a1d3
Karen_img_0695,img_694.jpg,magia_y_brujas,ilustracion_plana_color,736,1092,bruja,Pinterest,Karen,4e767e8f773f4635819fae45d62399af0fb5dc52
Karen_img_0696,img_695.png,magia_y_brujas,ilustracion_plana_color,512,512,sombrero bruja,Flaticon,Karen,ed0cf57a4c411875c2aab51311e46c3930acec8f
Karen_img_0697,img_696.jpg,magia_y_brujas,ilustracion_plana_color,561,583,bruja,Pinterest,Karen,66fbe4eb3be5fd2869d5c26fbada1706c8d3827f
Karen_img_0698,img_697.jpg,magia_y_brujas,ilustracion_plana_color,600,600,bruja,Pinterest,Karen,fc41fcc4dd921bca150c59066dd3dfcb1d458a29
Karen_img_0699,img_698.jpg,magia_y_brujas,ilustracion_plana_color,736,914,bruja,Pinterest,Karen,58a8e5145197088ce40ae3ed82bc392da8e13482
Karen_img_0700,img_699.jpg,magia_y_brujas,ilustracion_plana_color,736,736,bruja,Pinterest,Karen,f947756d0ef49a527acbf1968edfe5c737897b12
Karen_img_0701,img_700.jpg,magia_y_brujas,ilustracion_plana_color,473,754,bruja,Pinterest,Karen,4ea699f0d6db8918e89ce84a4f7f39662ca09c8a
Karen_img_0702,img_701.jpg,magia_y_brujas,ilustracion_plana_color,600,600,bruja,Pinterest,Karen,37c628c363cec366545bcc0f10fac3435e947bb9
Karen_img_0703,img_702.jpg,magia_y_brujas,ilustracion_plana_color,735,1041,bruja,Pinterest,Karen,c21715d370899cfa0cb71d56aa3ced75a8e07f47
Karen_img_0704,img_703.jpg,magia_y_brujas,ilustracion_plana_color,600,936,bruja,Pinterest,Karen,5343a66031cd88f3759c85c2a0e6c7bcd542923b
Karen_img_0705,img_704.jpg,magia_y_brujas,ilustracion_plana_color,671,1200,bruja,Pinterest,Karen,787b5b8b82d50dbe56a220b7e5147fe4dcd04e7d
Karen_img_0706,img_705.jpg,magia_y_brujas,ilustracion_plana_color,735,1045,bruja,Pinterest,Karen,68c95b4469c5b3de96673761a1dd42eb0f066f86
Karen_img_0707,img_706.jpg,magia_y_brujas,ilustracion_plana_color,736,1177,bruja,Pinterest,Karen,4c92f0fe8af17324840aa040f226d9d470ac11be
Karen_img_0708,img_707.png,magia_y_brujas,ilustracion_plana_color,512,512,bruja,Pinterest,Karen,5985ef8b51d74941f6d4eb0eee815d6620d99d64
Karen_img_0709,img_708.jpg,magia_y_brujas,ilustracion_plana_color,735,795,bruja,Pinterest,Karen,001565e675818dde08ad554a0635d8a3f310eba3
Karen_img_0710,img_709.jpg,magia_y_brujas,ilustracion_plana_color,735,1045,bruja,Pinterest,Karen,298d6689f6ab621028a1efc3b1b985d8fca25acb
Karen_img_0711,img_710.jpg,magia_y_brujas,ilustracion_plana_color,711,960,bruja,Pinterest,Karen,c3a528631ac1ded7136d7c407f9ce077214a9fac
Karen_img_0712,img_711.jpg,magia_y_brujas,ilustracion_plana_color,736,1045,bruja,Pinterest,Karen,d791dc210626ea11203b14b65b325d735e4484a0
Karen_img_0713,img_712.jpg,magia_y_brujas,ilustracion_plana_color,736,1226,bruja,Pinterest,Karen,48a03f51765f6fd811e9cdb2705058893bc285cb
Karen_img_0714,img_713.jpg,magia_y_brujas,ilustracion_plana_color,448,640,bruja,Pinterest,Karen,f0a2371d27051117c105032f398b3bc88721d218
Karen_img_0715,img_714.jpg,magia_y_brujas,ilustracion_plana_color,736,1177,bruja,Pinterest,Karen,5f3fde34e3af8c48c0b14ae3448e3492c71d8b0c
Karen_img_0716,img_715.jpg,magia_y_brujas,ilustracion_plana_color,696,1118,bruja,Pinterest,Karen,e0ea9565e8fb332fc00d17758599251cc1007274
Karen_img_0717,img_716.jpg,magia_y_brujas,ilustracion_plana_color,736,967,bruja,Pinterest,Karen,fb6e710aaf51e0ccd0788245da2ee86a8aaeb96a
Karen_img_0718,img_717.jpg,magia_y_brujas,ilustracion_plana_color,736,925,bruja,Pinterest,Karen,c877cfd2cb07f6642b7b728ddf90f230b36dcc20
Karen_img_0719,img_718.jpg,magia_y_brujas,ilustracion_plana_color,736,715,bruja,Pinterest,Karen,376deb0cc1307e9a6ee5c34f259c60bed7a561b7
Karen_img_0720,img_719.png,magia_y_brujas,ilustracion_plana_color,512,512,sombrero bruja,Flaticon,Karen,fab4fe784e9bb32680a74dbd1dcefe4e0e758a68
Karen_img_0721,img_720.jpg,magia_y_brujas,ilustracion_plana_color,736,1052,bruja,Pinterest,Karen,e44f2adfd985f6851fbd814586faad9280f59920
Karen_img_0722,img_721.jpg,magia_y_brujas,ilustracion_plana_color,736,890,bruja,Pinterest,Karen,755fffdb060fc3b7561c634da19734709ca28f53
Karen_img_0723,img_722.jpg,magia_y_brujas,ilustracion_plana_color,736,1308,bruja,Pinterest,Karen,d450191bdd662b7ad29f5e83bdba669d71222ed9
Karen_img_0724,img_723.jpg,magia_y_brujas,ilustracion_plana_color,736,981,bruja,Pinterest,Karen,34f47c21d8e6844e1eff5442caffa305b2491074
Karen_img_0725,img_724.jpg,magia_y_brujas,ilustracion_plana_color,497,810,bruja,Pinterest,Karen,0b7d70bd1b7c92cf8d72fa75400d4aad217baf85
Karen_img_0726,img_725.jpg,magia_y_brujas,ilustracion_plana_color,521,885,bruja,Pinterest,Karen,469f2947a8fe7251b7d3c4a8b5587af9f10606a9
Karen_img_0727,img_726.jpg,magia_y_brujas,ilustracion_plana_color,736,913,bruja,Pinterest,Karen,8946cd22ff552262f4315f5f5d387a49266f260c
Karen_img_0728,img_727.jpg,magia_y_brujas,ilustracion_plana_color,736,736,bruja,Pinterest,Karen,c033ab6fe1d46e8cf5216ac4c74c5d865a6eab86
Karen_img_0729,img_728.jpg,magia_y_brujas,ilustracion_plana_color,640,640,bruja,Pinterest,Karen,0dea79cfed106220a58fc16b1a14a281a2ce1f01
Karen_img_0730,img_729.jpg,magia_y_brujas,ilustracion_plana_color,736,720,bruja,Pinterest,Karen,552a588487df29c1f62def45d3bfe9394ac026f4
Karen_img_0731,img_730.jpg,magia_y_brujas,ilustracion_plana_color,736,736,bruja,Pinterest,Karen,41e6b3dc82ce381037298fea754b72d86ded2537
Karen_img_0732,img_731.png,magia_y_brujas,ilustracion_plana_color,512,512,sombrero bruja,Flaticon,Karen,efe2bca51862a975fb0c85c0fd028bffbf1c21b4
Karen_img_0733,img_732.jpg,magia_y_brujas,ilustracion_plana_color,530,798,bruja,Pinterest,Karen,7ae13c573f4c2cc861ca4b8616afdb43cda9bd1f
Karen_img_0734,img_733.jpg,magia_y_brujas,ilustracion_plana_color,736,736,bruja,Pinterest,Karen,db100e1767379af0813268daf4ea87eba34e0dd1
Karen_img_0735,img_734.jpg,magia_y_brujas,ilustracion_plana_color,736,981,bruja,Pinterest,Karen,11bb7056e8744b6010571f8a9a3de76ac6cef090
Karen_img_0736,img_735.jpg,magia_y_brujas,ilustracion_plana_color,735,1156,bruja,Pinterest,Karen,bddefc1a197f1d737e1b6c76856758fc65191c5a
Karen_img_0737,img_736.jpg,magia_y_brujas,ilustracion_plana_color,736,736,bruja,Pinterest,Karen,c19ec4b305e838a0d69e62c4fbf882ad92445689
Karen_img_0738,img_737.jpg,magia_y_brujas,ilustracion_plana_color,736,760,bruja,Pinterest,Karen,925a8b03654498bee93f2b5dee3885e296913cfc
Karen_img_0739,img_738.jpg,magia_y_brujas,ilustracion_plana_color,250,396,bruja,Pinterest,Karen,6f3a056868186f3e6380c400c25f435a4f0bd214
Karen_img_0740,img_739.jpg,magia_y_brujas,ilustracion_plana_color,735,814,bruja,Pinterest,Karen,57faadb4df3ae3f72dd896fd29ab615e49fa767f
Karen_img_0741,img_740.jpg,magia_y_brujas,ilustracion_plana_color,736,894,bruja,Pinterest,Karen,2d6d61cf5894154c404cef95a14b6d2c3967a90f
Karen_img_0742,img_741.jpg,magia_y_brujas,ilustracion_plana_color,736,920,bruja,Pinterest,Karen,e8c07c55e7f2fcff7382f85f01923b373f43f986
Karen_img_0743,img_742.jpg,magia_y_brujas,ilustracion_plana_color,600,600,bruja,Pinterest,Karen,0cbdce7d18973ff95fdb73e573b0f21af05d5306
Karen_img_0744,img_743.png,magia_y_brujas,ilustracion_plana_color,512,512,bruja,Pinterest,Karen,34fb5be78bcf39bec9850490a68dbb94064c51e2
Karen_img_0745,img_744.jpg,magia_y_brujas,ilustracion_plana_color,736,1040,bruja,Pinterest,Karen,5637fe0d6d4bab64448f1cf218611ba42644bba0
Karen_img_0746,img_745.jpg,magia_y_brujas,ilustracion_plana_color,680,680,bruja,Pinterest,Karen,d1995aab2e627ea8b97c63bf785a0278bdced205
Karen_img_0747,img_746.jpg,magia_y_brujas,ilustracion_plana_color,670,1192,bruja,Pinterest,Karen,df41f6206e405eaefe3abf8f5651182712c57775
Karen_img_0748,img_747.jpg,magia_y_brujas,ilustracion_plana_color,736,940,bruja,Pinterest,Karen,a8de4dc7a15ae6a27c1790119129a22134440d24
Karen_img_0749,img_748.jpg,magia_y_brujas,ilustracion_plana_color,736,725,bruja,Pinterest,Karen,21324cffeb554f46b86263941d3dd66d6cc6ba23
Karen_img_0750,img_749.jpg,magia_y_brujas,ilustracion_plana_color,720,879,bruja,Pinterest,Karen,c8c878c651ff0d9b5a522a76f6a0d0f5ccf0b8fd
Karen_img_0751,img_750.jpg,magia_y_brujas,ilustracion_plana_color,720,766,bruja,Pinterest,Karen,43d033bb80c6bb3d4a162eb7606d56803bafc36a
Karen_img_0752,img_751.jpg,magia_y_brujas,ilustracion_plana_color,600,849,bruja,Pinterest,Karen,cae2a99251fd7741e949d53f67a7c7a4a0b9d619
Karen_img_0753,img_752.jpg,magia_y_brujas,ilustracion_plana_color,735,808,bruja,Pinterest,Karen,7cbcfa2c447db47bb309eec8e0feea2ad8bc9ec1
Karen_img_0754,img_753.jpg,magia_y_brujas,ilustracion_plana_color,736,736,bruja,Pinterest,Karen,73359097a550f4959a38c5ebce5bb69b0a24e8eb
Karen_img_0755,img_754.jpg,magia_y_brujas,ilustracion_plana_color,736,736,bruja,Pinterest,Karen,8e9c709f79f01ab1862d02dba050d3d7905f24e3
Karen_img_0756,img_755.png,magia_y_brujas,ilustracion_plana_color,512,512,bruja,Pinterest,Karen,5d4d61bd57aa5632f9d633095f32b3f65459d395
Karen_img_0757,img_756.jpg,magia_y_brujas,ilustracion_plana_color,736,736,bruja,Pinterest,Karen,3b9e1222bc14a4f959988dbfe6fddfa4caedfab8
Karen_img_0758,img_757.jpg,magia_y_brujas,ilustracion_plana_color,736,736,bruja,Pinterest,Karen,fdcd5df18a23bb91fa9c08eb8934bfc6cf50f96d
Karen_img_0759,img_758.jpg,magia_y_brujas,ilustracion_plana_color,736,736,bruja,Pinterest,Karen,cfa94eea21fd545ad06df4b0437b33c608055a11
Karen_img_0760,img_759.jpg,magia_y_brujas,ilustracion_plana_color,736,736,bruja,Pinterest,Karen,aaf449f329d429ff9531201332d9a4196923a4d9
Karen_img_0761,img_760.jpg,magia_y_brujas,ilustracion_plana_color,736,796,bruja,Pinterest,Karen,37eb53f38ca7014ae250fd12ae854a6550479ba3
Karen_img_0762,img_761.jpg,magia_y_brujas,ilustracion_plana_color,736,553,bruja,Pinterest,Karen,7773d6f3d59ee88eda4fb5329c017fd76e8aa041
Karen_img_0763,img_762.jpg,magia_y_brujas,ilustracion_plana_color,736,736,bruja,Pinterest,Karen,cf2d62e20a91538bb0993c37855807ed30d1017b
Karen_img_0764,img_763.jpg,magia_y_brujas,ilustracion_plana_color,736,736,bruja,Pinterest,Karen,621b725228df4d4b8f7a152bc296cc8bfd8c94a5
Karen_img_0765,img_764.jpg,magia_y_brujas,ilustracion_plana_color,736,1104,bruja,Pinterest,Karen,1e851c6b0d03382090bd24b1134f9c533c6a5e9d
Karen_img_0766,img_765.jpg,magia_y_brujas,ilustracion_plana_color,736,981,bruja,Pinterest,Karen,e3196d37d6de90fc9e5633d738003de2e95235e5
Karen_img_0767,img_766.jpg,magia_y_brujas,ilustracion_plana_color,736,872,bruja,Pinterest,Karen,af903c536260287f450fbce5c044e4ddac39769d
Karen_img_0768,img_767.png,magia_y_brujas,ilustracion_plana_color,512,512,escoba,Flaticon,Karen,d659df37763c3c28fa91c1059eee39113d8d0745
Karen_img_0769,img_768.jpg,magia_y_brujas,ilustracion_plana_color,675,1200,bruja,Pinterest,Karen,d7866c460fa9da318444c1378dbdcfdc5e362e32
Karen_img_0770,img_769.jpg,magia_y_brujas,ilustracion_plana_color,675,1200,bruja,Pinterest,Karen,b3d0cedb67200153963fd0617811a4f28ab40c50
Karen_img_0771,img_770.jpg,magia_y_brujas,ilustracion_plana_color,675,1200,bruja,Pinterest,Karen,bf51a6afd6584b48e5071c19a2f9ef8010719bca
Karen_img_0772,img_771.jpg,magia_y_brujas,ilustracion_plana_color,736,736,bruja,Pinterest,Karen,b0b49379c6cf26de7622aa2a80b50d526bb9dcc2
Karen_img_0773,img_772.jpg,magia_y_brujas,ilustracion_plana_color,283,450,bruja,Pinterest,Karen,39b9096feecb90d8113e1f730eb79444ee84535d
Karen_img_0774,img_773.jpg,magia_y_brujas,ilustracion_plana_color,736,736,bruja,Pinterest,Karen,17f546b64cdcc476032cae97b7fa93900cd56bc8
Karen_img_0775,img_774.jpg,magia_y_brujas,ilustracion_plana_color,736,736,bruja,Pinterest,Karen,ea346a14810aea14798cc5fb74291bb5a75c218e
Karen_img_0776,img_775.jpg,magia_y_brujas,ilustracion_plana_color,736,1007,bruja,Pinterest,Karen,ca754e0763f1bf8c927ca4c742645da0131c3d60
Karen_img_0777,img_776.jpg,magia_y_brujas,ilustracion_plana_color,736,736,bruja,Pinterest,Karen,c82da70f06fdb45cfcc6100b249de997f36dd303
Karen_img_0778,img_777.jpg,magia_y_brujas,ilustracion_plana_color,736,736,bruja,Pinterest,Karen,058927dad815bf444c9c431773db0bfe94b365f5
Karen_img_0779,img_778.jpg,magia_y_brujas,ilustracion_plana_color,736,736,bruja,Pinterest,Karen,6f6733cf1a663480ddd7a0b3b400f238b3fe4b0f
Karen_img_0780,img_779.png,magia_y_brujas,ilustracion_plana_color,512,512,bruja,Pinterest,Karen,b57aa958acbe55b5b31c3ece11e8c24dd011a39f
Karen_img_0781,img_780.jpg,magia_y_brujas,ilustracion_plana_color,736,736,bruja,Pinterest,Karen,c1fa265341af9fbfeb64ae7f2ce5d75c36aa46c0
Karen_img_0782,img_781.jpg,magia_y_brujas,ilustracion_plana_color,736,736,bruja,Pinterest,Karen,bec84bc12b23e272429234069614e56ec0988d20
Karen_img_0783,img_782.jpg,magia_y_brujas,ilustracion_plana_color,609,625,bruja,Pinterest,Karen,52bb1ddcad6ffbf66865b5d40706312f58760286
Karen_img_0784,img_783.jpg,magia_y_brujas,ilustracion_plana_color,736,707,bruja,Pinterest,Karen,2838274c770aca9113505e535b2d4c49776e2421
Karen_img_0785,img_784.jpg,magia_y_brujas,ilustracion_plana_color,736,1308,bruja,Pinterest,Karen,069139d795171f076b96dfdab50bf8d1a9403f05
Karen_img_0786,img_785.jpg,magia_y_brujas,ilustracion_plana_color,626,626,bruja,Pinterest,Karen,c0f2c20e4f2e7bfe163ccfa17c46ba2e96696c75
Karen_img_0787,img_786.jpg,magia_y_brujas,ilustracion_plana_color,736,736,bruja,Pinterest,Karen,800a6b6cd86869991b22fed877ae47dd85aa22d6
Karen_img_0788,img_787.jpg,magia_y_brujas,ilustracion_plana_color,736,736,bruja,Pinterest,Karen,2bcf9764711cee6f9f3afca3cb9b4907dd65d7a4
Karen_img_0789,img_788.jpg,magia_y_brujas,ilustracion_plana_color,736,736,bruja,Pinterest,Karen,78e24a9b9b1a1f3ba5bd39e76acfb0ad58a545f9
Karen_img_0790,img_789.jpg,magia_y_brujas,ilustracion_plana_color,720,720,bruja,Pinterest,Karen,3172c178af9db8068feb6dbad4081d1d32a76f37
Karen_img_0791,img_790.jpg,magia_y_brujas,ilustracion_plana_color,626,626,bruja,Pinterest,Karen,2ffe52930db4988d13907d068240bed5cbe7e705
Karen_img_0792,img_791.png,magia_y_brujas,ilustracion_plana_color,512,512,sombrero bruja,Flaticon,Karen,b7727728c374dfd222828ee59a9db255fa4038d0
Karen_img_0793,img_792.jpg,magia_y_brujas,ilustracion_plana_color,564,564,bruja,Pinterest,Karen,735cb113496093b8142593c69cb82384c4789954
Karen_img_0794,img_793.jpg,magia_y_brujas,ilustracion_plana_color,572,591,bruja,Pinterest,Karen,6ed92f3ff70d602c93225c419f80b7ecef76ade4
Karen_img_0795,img_794.jpg,magia_y_brujas,ilustracion_plana_color,736,736,bruja,Pinterest,Karen,901a556f2ac2caf023ecb2e060a3780646a47222
Karen_img_0796,img_795.jpg,magia_y_brujas,ilustracion_plana_color,736,736,bruja,Pinterest,Karen,b5f25ab95003d78e6c9563b52b8e0fe6caf0691e
Karen_img_0797,img_796.jpg,magia_y_brujas,ilustracion_plana_color,736,736,bruja,Pinterest,Karen,6846a95d00dc2e0ad4c523df0d10dd04b39c71c4
Karen_img_0798,img_797.jpg,magia_y_brujas,ilustracion_plana_color,736,1308,bruja,Pinterest,Karen,a685248ba68f534bc6b2b78965d8aff7af8e7bab
Karen_img_0799,img_798.jpg,magia_y_brujas,ilustracion_plana_color,736,736,bruja,Pinterest,Karen,fc53131fb5b616d4cf3586f77fee792b5a692dac
Karen_img_0800,img_799.jpg,magia_y_brujas,ilustracion_plana_color,736,736,bruja,Pinterest,Karen,a58358a844edd8711a68202176135527378f63ac
Karen_img_0801,img_800.jpg,magia_y_brujas,ilustracion_plana_color,736,736,bruja,Pinterest,Karen,e536582ab9d9dac25407ff68f2a9fcafaff1ed50
Karen_img_0802,img_801.jpg,magia_y_brujas,ilustracion_plana_color,736,736,escoba,Flaticon,Karen,5bd256d5743437f2f9c703bc9b2e58fde9a55057
Karen_img_0803,img_802.jpg,magia_y_brujas,ilustracion_plana_color,736,736,bruja,Pinterest,Karen,271acc08443d0b0db1295f9882b62ae1d3e8beeb
Karen_img_0804,img_803.png,magia_y_brujas,ilustracion_plana_color,512,512,bruja,Pinterest,Karen,fb39b8bd5811cc1e0f66181f5bc76a7cdf1eb0e6
Karen_img_0805,img_804.jpg,magia_y_brujas,ilustracion_plana_color,736,736,bruja,Pinterest,Karen,50660b8609f825e48cf4becef92979912cd01344
Karen_img_0806,img_805.jpg,magia_y_brujas,ilustracion_plana_color,736,736,bruja,Pinterest,Karen,c18b794dfd33d198c829be2c4c44388d7369cca9
Karen_img_0807,img_806.jpg,magia_y_brujas,ilustracion_plana_color,736,978,bruja,Pinterest,Karen,7b6e13fec676acf011a316f210a2a96624963a53
Karen_img_0808,img_807.jpg,magia_y_brujas,ilustracion_plana_color,736,736,bruja,Pinterest,Karen,801e265dae5ee8051b2a5824fc0084eacda815bb
Karen_img_0809,img_808.jpg,magia_y_brujas,ilustracion_plana_color,736,736,bruja,Pinterest,Karen,d077fd9b57f3e234682cbd788dd92f38a43c0467
Karen_img_0810,img_809.jpg,magia_y_brujas,ilustracion_plana_color,736,736,bruja,Pinterest,Karen,028e9cb154f96f78b380f3de828eb54a064af05e
Karen_img_0811,img_810.jpg,magia_y_brujas,ilustracion_plana_color,736,736,bruja,Pinterest,Karen,bf349ae6190aaa1d14df5a9a88c1cea29d76e7ef
Karen_img_0812,img_811.jpg,magia_y_brujas,ilustracion_plana_color,736,736,bruja,Pinterest,Karen,4b08ce2605781591bec9bbeb49c61bded66e9edf
Karen_img_0813,img_812.jpg,magia_y_brujas,ilustracion_plana_color,736,736,bruja,Pinterest,Karen,ce518dedb6f0cbe178294d89a04b1ee1ac0c738b
Karen_img_0814,img_813.jpg,magia_y_brujas,ilustracion_plana_color,736,736,bruja,Pinterest,Karen,c26f7a5bd2e04f85720241cae2fa3e338109329a
Karen_img_0815,img_814.jpg,magia_y_brujas,ilustracion_plana_color,735,748,bruja,Pinterest,Karen,1fae8d5d47ee686cb6fd5010dff0a96c8bb7db89
Karen_img_0816,img_815.png,magia_y_brujas,ilustracion_plana_color,512,512,bruja,Flaticon,Karen,941373aae352a412fef88f15954b4805a49fd2fc
Karen_img_0817,img_816.jpg,magia_y_brujas,ilustracion_plana_color,709,751,bruja,Pinterest,Karen,9087093a2345a39390855d6576007779463936b2
Karen_img_0818,img_817.png,magia_y_brujas,ilustracion_plana_color,512,512,sombrero bruja,Flaticon,Karen,3ce74b6966ef262b817e307d579c49452b48c587
Karen_img_0819,img_818.jpg,magia_y_brujas,ilustracion_plana_color,736,736,caldero,Pinterest,Karen,c10db4b97897a6aa3249b946fe11f26fe51a424d
Karen_img_0820,img_819.jpg,magia_y_brujas,ilustracion_plana_color,736,736,caldero,Pinterest,Karen,31f1103ee7d850da9834ea411ac8be23de45f598
Karen_img_0821,img_820.jpg,magia_y_brujas,ilustracion_plana_color,736,736,caldero,Pinterest,Karen,c1deb3d3b3a67b0b91cd2d214091c330ba4873cd
Karen_img_0822,img_821.jpg,magia_y_brujas,ilustracion_plana_color,736,736,bruja,Pinterest,Karen,25d2d132ff71fb89382e6e87e928514b1e0b9a7c
Karen_img_0823,img_822.jpg,magia_y_brujas,ilustracion_plana_color,626,626,bruja,Pinterest,Karen,c2788869f3677f281ef476b93250ae658e74339a
Karen_img_0824,img_823.jpg,magia_y_brujas,ilustracion_plana_color,736,736,bruja,Pinterest,Karen,3593056526e19689cc75d60bc7763b68c212a5f6
Karen_img_0825,img_824.jpg,magia_y_brujas,ilustracion_plana_color,736,736,bruja,Pinterest,Karen,df008dad8b4fe0df9e6edbab78029c8fbed259c6
Karen_img_0826,img_825.jpg,magia_y_brujas,ilustracion_plana_color,736,736,bruja,Pinterest,Karen,22d5795a0119bdad63fcdcf7df0fcd5d877c6df9
Karen_img_0827,img_826.jpg,magia_y_brujas,ilustracion_plana_color,736,736,bruja,Pinterest,Karen,17b51e6590a203a4b62cf7dc6a5c4bc06e5b5fee
Karen_img_0828,img_827.jpg,magia_y_brujas,ilustracion_plana_color,736,736,bruja,Pinterest,Karen,315223ddb50ded89fa777ab1032a0d7f6d7d4f90
Karen_img_0829,img_828.jpg,magia_y_brujas,ilustracion_plana_color,500,355,bruja,Pinterest,Karen,08ae344242c3a33435cb8ca7233f7fafa5f83f0a
Karen_img_0830,img_829.png,magia_y_brujas,ilustracion_plana_color,512,512,bruja,Pinterest,Karen,ba725b0898aa94868f19e8d42b6144454680690f
Karen_img_0831,img_830.jpg,magia_y_brujas,ilustracion_plana_color,736,736,bruja,Pinterest,Karen,7e4835d13533de71ee3b5a8f7a3c1cc50af77f61
Karen_img_0832,img_831.jpg,magia_y_brujas,ilustracion_plana_color,736,736,bruja,Pinterest,Karen,680edefffb4f3fbbcdf37274d77a5415bc8a12e5
Karen_img_0833,img_832.jpg,magia_y_brujas,ilustracion_plana_color,736,736,bruja,Pinterest,Karen,4e1635a421acf716dfc5285e1e91c9093882e2d1
Karen_img_0834,img_833.jpg,magia_y_brujas,ilustracion_plana_color,736,736,bruja,Pinterest,Karen,2dc03f681422c0afea763c78bfb8b986f981eecf
Karen_img_0835,img_834.jpg,magia_y_brujas,ilustracion_plana_color,720,1036,bruja,Pinterest,Karen,ab94372d3f126ad98cc6ea255d08977f690654dd
Karen_img_0836,img_835.jpg,magia_y_brujas,ilustracion_plana_color,736,1104,bruja,Pinterest,Karen,e0671d9b152137e714a5a139968215443103c2ca
Karen_img_0837,img_836.jpg,magia_y_brujas,ilustracion_plana_color,736,736,bruja,Pinterest,Karen,aff1700fc87b04a2a48a50d7a896e090f46100ec
Karen_img_0838,img_837.jpg,magia_y_brujas,ilustracion_plana_color,736,736,bruja,Pinterest,Karen,ebbaa5b1e816a66f561a9bf43c8030a0027da461
Karen_img_0839,img_838.jpg,magia_y_brujas,ilustracion_plana_color,736,736,bruja,Pinterest,Karen,f7050be7b03617e03f8c285307bfc083c7f10e90
Karen_img_0840,img_839.jpg,magia_y_brujas,ilustracion_plana_color,736,736,bruja,Pinterest,Karen,eab8b7291c47bec637838d60240077a561d1cd65
Karen_img_0841,img_840.jpg,magia_y_brujas,ilustracion_plana_color,700,722,bruja,Pinterest,Karen,117dafc9c57e4de6421a4208659857f36cf80cc6
Karen_img_0842,img_841.png,magia_y_brujas,ilustracion_plana_color,512,512,sombrero bruja,Flaticon,Karen,1ea008009baed1eaf91bc688878605ac80931d26
Karen_img_0843,img_842.jpg,magia_y_brujas,ilustracion_plana_color,736,736,bruja,Pinterest,Karen,d2b8c000629a4c5e0dd9eec61385f0a0fa078990
Karen_img_0844,img_843.jpg,magia_y_brujas,ilustracion_plana_color,736,736,bruja,Pinterest,Karen,852bdee7f9f1ff464071681064c3d864e204b743
Karen_img_0845,img_844.jpg,magia_y_brujas,ilustracion_plana_color,736,975,bruja,Pinterest,Karen,a55109222c00f90cfc61750ce0886b0a1f004b37
Karen_img_0846,img_845.jpg,magia_y_brujas,ilustracion_plana_color,735,1040,bruja,Pinterest,Karen,3dbe82034b457f79f44dfe6521be3aa50a7b4064
Karen_img_0847,img_846.jpg,magia_y_brujas,ilustracion_plana_color,512,512,bruja,Pinterest,Karen,178ea9e0cffe62dab0786fa2c34871e69c66a273
Karen_img_0848,img_847.jpg,magia_y_brujas,ilustracion_plana_color,736,736,bruja,Pinterest,Karen,e45455969aaf0b1ba76e739ebc320eaf94c4979d
Karen_img_0849,img_848.jpg,magia_y_brujas,ilustracion_plana_color,736,736,bruja,Pinterest,Karen,32bad65383636c0f17ecb76b550a66327808af7b
Karen_img_0850,img_849.jpg,magia_y_brujas,ilustracion_plana_color,736,736,bruja,Pinterest,Karen,9ec85f27ba2b60a25dd9da7bcdae412b7ea992f7
Karen_img_0851,img_850.jpg,magia_y_brujas,ilustracion_plana_color,736,981,bruja,Pinterest,Karen,f88e882751b965bc1d3fc2cd5f46a2d0755793aa
Karen_img_0852,img_851.jpg,magia_y_brujas,ilustracion_plana_color,568,1007,bruja,Pinterest,Karen,f7d5e17b029c9d3e993f9b40edc9d24ccd991a3f
Karen_img_0853,img_852.jpg,magia_y_brujas,ilustracion_plana_color,736,736,bruja,Pinterest,Karen,4d68421a21082dcf83cfc31723ce313b1311dd00
Karen_img_0854,img_853.png,magia_y_brujas,ilustracion_plana_color,512,512,bruja,Pinterest,Karen,ca7187b8b8d3a4b3aec4fc90fb342384083abd33
Karen_img_0855,img_854.jpg,magia_y_brujas,ilustracion_plana_color,736,892,bruja,Pinterest,Karen,be869c42e0ca5badf2ddc671a28a5643dbf4d1b5
Karen_img_0856,img_855.jpg,magia_y_brujas,ilustracion_plana_color,736,736,bruja,Pinterest,Karen,f5210f39b39428c91a3ed040d063898a687dbeef
Karen_img_0857,img_856.jpg,magia_y_brujas,ilustracion_plana_color,736,736,bruja,Pinterest,Karen,b195a9da866bb257fd33e2311937ccdac71691c3
Karen_img_0858,img_857.jpg,magia_y_brujas,ilustracion_plana_color,735,490,bruja,Pinterest,Karen,e2e056c05f1ec8b92cedb25e657600b3a8350e19
Karen_img_0859,img_858.jpg,magia_y_brujas,ilustracion_plana_color,736,736,brujo,Pinterest,Karen,500a40481783daf77abe54178ab048444c47e0a4
Karen_img_0860,img_859.jpg,magia_y_brujas,ilustracion_plana_color,584,1024,bruja,Pinterest,Karen,130d4058e9524cc7a79dadd1fbc07f789772fe01
Karen_img_0861,img_860.jpg,magia_y_brujas,ilustracion_plana_color,736,1288,bruja,Pinterest,Karen,41ca01fdd0f79f7af1dc56b89253576dc0b0b07f
Karen_img_0862,img_861.jpg,magia_y_brujas,ilustracion_plana_color,736,1104,bruja,Pinterest,Karen,7547ceb41a25d25676f7dc65ddec5a0e564fc76a
Karen_img_0863,img_862.jpg,magia_y_brujas,ilustracion_plana_color,736,1104,mago,Pinterest,Karen,e25c531c5d12c4527bc406e0e36e6cbfd848e691
Karen_img_0864,img_863.jpg,magia_y_brujas,ilustracion_plana_color,736,1104,bruja,Pinterest,Karen,f4114f7d90a4f6f677fa244970629d55d4f4b29d
Karen_img_0865,img_864.jpg,magia_y_brujas,ilustracion_plana_color,735,486,bruja,Pinterest,Karen,05449ca15998295804661f3611756c8937c331c7
Karen_img_0866,img_865.png,magia_y_brujas,ilustracion_plana_color,512,512,bruja,Pinterest,Karen,7c9004f8bdedd2e787cf756528cb550a7cb65fbd
Karen_img_0867,img_866.jpg,magia_y_brujas,ilustracion_plana_color,736,920,bruja,Pinterest,Karen,7bf973cc6fa89ca9eb7d844fcaeb334c00d67aa1
Karen_img_0868,img_867.jpg,magia_y_brujas,ilustracion_plana_color,450,450,bruja,Pinterest,Karen,ab05ed03474444081af9e2dbde3b9e6d62dd857e
Karen_img_0869,img_868.jpg,magia_y_brujas,ilustracion_plana_color,736,736,caldero,Pinterest,Karen,12248abd5e3e2aa1d46904533cc3099683d82259
Karen_img_0870,img_869.jpg,magia_y_brujas,ilustracion_plana_color,736,1041,caldero,Pinterest,Karen,5bf978d8a9d38447da6d47df350c447250f5dc4c
Karen_img_0871,img_870.jpg,magia_y_brujas,ilustracion_plana_color,736,736,bruja,Pinterest,Karen,2ff7a461219e843565d529805afb9407a80980d2
Karen_img_0872,img_871.jpg,magia_y_brujas,ilustracion_plana_color,736,736,bruja volando,Pinterest,Karen,2daeb9c0f04ec1712864b3c6b639de99b434b934
Karen_img_0873,img_872.jpg,magia_y_brujas,ilustracion_plana_color,313,313,bruja volando,Pinterest,Karen,7ded00e78e0a1b09e054368428f5c0ef91c237b2
Karen_img_0874,img_873.jpg,magia_y_brujas,ilustracion_plana_color,626,626,bruja volando,Pinterest,Karen,ff54db9bed2c18166966785fefc3290ecbaad62e
Karen_img_0875,img_874.jpg,magia_y_brujas,ilustracion_plana_color,736,736,bruja,Pinterest,Karen,d9be25508eb1514a4e84f79e70fdfcf1b3571cda
Karen_img_0876,img_875.jpg,magia_y_brujas,ilustracion_plana_color,736,1104,bruja,Pinterest,Karen,d75945d2fac4387f4a8e603e16328d0c2051aadc
Karen_img_0877,img_876.jpg,magia_y_brujas,ilustracion_plana_color,700,731,bruja,Pinterest,Karen,fa743ed7e57d8c6c38b55395b629f4323026cc90
Karen_img_0878,img_877.png,magia_y_brujas,ilustracion_plana_color,512,512,bruja,Pinterest,Karen,02ac81e5834630339138ce1938c81070d26e2cd7
Karen_img_0879,img_878.jpg,magia_y_brujas,ilustracion_plana_color,736,736,bruja,Pinterest,Karen,a042f23900e93a371057abfe3275bd9f8f493cfb
Karen_img_0880,img_879.jpg,magia_y_brujas,ilustracion_plana_color,736,1104,bruja,Pinterest,Karen,34c1396c02761b396abae1a0a460b72ce3676638
Karen_img_0881,img_880.jpg,magia_y_brujas,ilustracion_plana_color,736,1104,posion,Pinterest,Karen,095d7a24355678fb5cc3dc07fc84aa9799c4927b
Karen_img_0882,img_881.jpg,magia_y_brujas,ilustracion_plana_color,736,736,libro,Pinterest,Karen,c67718cdc48acffa39fba9425534129fca076aeb
Karen_img_0883,img_882.jpg,magia_y_brujas,ilustracion_plana_color,735,952,libro,Pinterest,Karen,f87718d2c21f71a8a9dc9372cb02f388e6a009cc
Karen_img_0884,img_883.jpg,magia_y_brujas,ilustracion_plana_color,736,736,sombrero y escoba,Pinterest,Karen,a6979f0ce9c55b51223995d50f245c222924db36
Karen_img_0885,img_884.jpg,magia_y_brujas,ilustracion_plana_color,736,1104,caldero,Pinterest,Karen,1a9eda68693ec07399c2db5143988241a5e08e07
Karen_img_0886,img_885.jpg,magia_y_brujas,ilustracion_plana_color,360,360,caldero,Pinterest,Karen,df3b40243cc118dd2f42066b704bad357d5f7749
Karen_img_0887,img_886.jpg,magia_y_brujas,ilustracion_plana_color,736,736,posion,Pinterest,Karen,bdcf589a57414a2bfdee06cd22988d5b6db9365f
Karen_img_0888,img_887.jpg,magia_y_brujas,ilustracion_plana_color,736,736,caldero,Pinterest,Karen,1441b62a07e820b55d235eef2929a8797a533318
Karen_img_0889,img_888.jpg,magia_y_brujas,ilustracion_plana_color,736,736,bruja,Pinterest,Karen,d49ed503d3bd52685614a540308ca5a4c773317e
Karen_img_0890,img_889.png,magia_y_brujas,ilustracion_plana_color,512,512,sombrero bruja,Flaticon,Karen,5f581c0125e33c706b142f0b891420c088b897d2
Karen_img_0891,img_890.jpg,magia_y_brujas,ilustracion_plana_color,736,736,bruja,Pinterest,Karen,aca1e38e50ec465c52bae1bf6bf453b7f9873fc8
Karen_img_0892,img_891.jpg,magia_y_brujas,ilustracion_plana_color,736,736,bruja,Pinterest,Karen,14b9d7a1be114cb8795375a430fa7f2f56e9c80c
Karen_img_0893,img_892.jpg,magia_y_brujas,ilustracion_plana_color,735,826,bruja,Pinterest,Karen,b5c24146b02742091687ebe48231a79341ffa4d9
Karen_img_0894,img_893.jpg,magia_y_brujas,ilustracion_plana_color,736,952,bruja,Pinterest,Karen,d2b162a38870bdd380d4bfed112be86b3744353b
Karen_img_0895,img_894.jpg,magia_y_brujas,ilustracion_plana_color,700,700,bruja,Pinterest,Karen,ced39372dee12fdb08818d4af85d9373ac1a5a41
Karen_img_0896,img_895.jpg,magia_y_brujas,ilustracion_plana_color,736,736,bruja,Pinterest,Karen,0a194f63cb11af5583668c1f2ac7bd5dbcf7d80b
Karen_img_0897,img_896.jpg,magia_y_brujas,ilustracion_plana_color,576,1024,bruja,Pinterest,Karen,5467e34be6e2b5a2fcc006741980a7139326e2b0
Karen_img_0898,img_897.jpg,magia_y_brujas,ilustracion_plana_color,736,736,bruja,Pinterest,Karen,903f4082d35161bc661b61aa215327217a72bf45
Karen_img_0899,img_898.jpg,magia_y_brujas,ilustracion_plana_color,736,736,bruja,Pinterest,Karen,923f5f5e8d670aa03a64c46dd93f213c0bac8d8e
Karen_img_0900,img_899.jpg,magia_y_brujas,ilustracion_plana_color,626,626,bruja,Pinterest,Karen,acc2937210f4154b5f292b2218dbcf803a74762c
Karen_img_0901,img_900.jpg,magia_y_brujas,ilustracion_plana_color,736,736,bruja,Pinterest,Karen,359931b733cd42688a70d6d9d7533883ec26b09a
Karen_img_0902,img_901.png,magia_y_brujas,ilustracion_plana_color,512,512,sombrero bruja,Flaticon,Karen,4dfbd1c4552efa9052e7e5553d761c01e51a886a
Karen_img_0903,img_902.jpg,magia_y_brujas,ilustracion_plana_color,736,736,bruja,Pinterest,Karen,57cab7a545e42f0a31239d7402aa645ca97487c6
Karen_img_0904,img_903.jpg,magia_y_brujas,ilustracion_plana_color,736,736,bruja,Pinterest,Karen,a31b97ab5158eb0ca16a7eba3569cf035b03cde2
Karen_img_0905,img_904.jpg,magia_y_brujas,ilustracion_plana_color,484,484,bruja,Pinterest,Karen,62a19ca8dc95c1f5e5fbf18aad78899ea8131b6b
Karen_img_0906,img_905.jpg,magia_y_brujas,ilustracion_plana_color,736,920,bruja,Pinterest,Karen,0150a628d925cb10d44faa47de3fb483a7190380
Karen_img_0907,img_906.jpg,magia_y_brujas,ilustracion_plana_color,736,1104,bruja,Pinterest,Karen,5329ac7ac71d7b93e2f5740b9b9dc7ee46aa41d3
Karen_img_0908,img_907.jpg,magia_y_brujas,ilustracion_plana_color,736,1104,bruja,Pinterest,Karen,26c37b1156e983cf660ab1b91cde06901ce5db79
Karen_img_0909,img_908.jpg,magia_y_brujas,ilustracion_plana_color,736,736,bruja,Pinterest,Karen,7e231bb9967d9ab81b5319bb2a6227e5f64f9cbb
Karen_img_0910,img_909.jpg,magia_y_brujas,ilustracion_plana_color,736,736,bruja,Pinterest,Karen,c0ca4ff401fc952de2976824d884c3176bc3633e
Karen_img_0911,img_910.jpg,magia_y_brujas,ilustracion_plana_color,736,736,bruja,Pinterest,Karen,84ec6ca50b375d107b5090935fd109af548029ea
Karen_img_0912,img_911.jpg,magia_y_brujas,ilustracion_plana_color,736,1308,bruja,Pinterest,Karen,072647742a342d0e6d722c4f29dbdb8ec6854c44
Karen_img_0913,img_912.jpg,magia_y_brujas,ilustracion_plana_color,600,410,bruja,Pinterest,Karen,e23637a407ccd97db2f5a070e5f3e1254732412a
Karen_img_0914,img_913.png,magia_y_brujas,ilustracion_plana_color,512,512,sombrero bruja,Flaticon,Karen,28261bcd281dc4db1128b48a630fed7f76224985
Karen_img_0915,img_914.jpg,magia_y_brujas,ilustracion_plana_color,736,1318,bruja,Pinterest,Karen,46d26c27b1fc3b5a528a1ea72dfbf4df1e074c00
Karen_img_0916,img_915.jpg,magia_y_brujas,ilustracion_plana_color,500,707,bruja,Pinterest,Karen,42ce7384e24528bbd16be21c36bb3ce51a96f6fd
Karen_img_0917,img_916.jpg,magia_y_brujas,ilustracion_plana_color,600,600,bruja,Pinterest,Karen,69bf0d6734536d4e83e969aee17208c659177383
Karen_img_0918,img_917.jpg,magia_y_brujas,ilustracion_plana_color,736,1096,sombrero bruja,Pinterest,Karen,7e5eb16f271b46c5d63084477125a6b5e5845824
Karen_img_0919,img_918.jpg,magia_y_brujas,ilustracion_plana_color,736,1096,simbolo bruja,Pinterest,Karen,8e52baeb31860c93f8a003936ed22b6d637025d0
Karen_img_0920,img_919.jpg,magia_y_brujas,ilustracion_plana_color,736,1104,bruja,Pinterest,Karen,cb20929638f924ffe9f4a5be8a4abddc5d116c3c
Karen_img_0921,img_920.jpg,magia_y_brujas,ilustracion_plana_color,736,1104,bruja,Pinterest,Karen,bf5cbec0844ad2446d134f0ba00fb4d8f8d52e1f
Karen_img_0922,img_921.jpg,magia_y_brujas,ilustracion_plana_color,736,1104,bruja,Pinterest,Karen,62bc3e80700b943675a49ddb6fe7e1181cf45505
Karen_img_0923,img_922.jpg,magia_y_brujas,ilustracion_plana_color,736,736,bruja,Pinterest,Karen,dbf0ab33653f0598372d59bfb1c9919612422502
Karen_img_0924,img_923.jpg,magia_y_brujas,ilustracion_plana_color,736,736,bruja,Pinterest,Karen,96e6549a5c144101cb66c69b0918f9f95cfa0d46
Karen_img_0925,img_924.jpg,magia_y_brujas,ilustracion_plana_color,736,792,bruja,Pinterest,Karen,7fd4d9f9706b9fdfd40124a6e6db13e8ee3302b7
Karen_img_0926,img_925.png,magia_y_brujas,ilustracion_plana_color,512,512,sombrero bruja,Flaticon,Karen,3348bcfbedc2b2a0695f1306f00c47e0c0535f69
Karen_img_0927,img_926.jpg,magia_y_brujas,ilustracion_plana_color,736,736,bruja,Pinterest,Karen,c290a1026ed6975000951a5f5dc66d35c6936001
Karen_img_0928,img_927.jpg,magia_y_brujas,ilustracion_plana_color,736,736,bruja,Pinterest,Karen,db53cf120a38d0bb3cb2c5f56240331873899e80
Karen_img_0929,img_928.jpg,magia_y_brujas,ilustracion_plana_color,236,236,varita magica,Pinterest,Karen,6dda95aca062e1eeda803b22adf39ded10a2b83f
Karen_img_0930,img_929.jpg,magia_y_brujas,ilustracion_plana_color,236,410,bruja,Pinterest,Karen,fec6b199a1743834e6ec09cd38c3162035035508
Karen_img_0931,img_930.jpg,magia_y_brujas,ilustracion_plana_color,236,236,bruja,Pinterest,Karen,9cc2f52aeff0a3223f04d359647f37a1a557c597
Karen_img_0932,img_931.jpg,magia_y_brujas,ilustracion_plana_color,236,232,bruja,Pinterest,Karen,ea107478072995c03f6cdef59c6e22ffcd145e91
Karen_img_0933,img_932.jpg,magia_y_brujas,ilustracion_plana_color,236,236,bruja,Pinterest,Karen,6664f24b1d88b5c877e0b6d76f7da567db447284
Karen_img_0934,img_933.jpg,magia_y_brujas,ilustracion_plana_color,236,419,bruja,Pinterest,Karen,883455ac72eb39928b2caf79eae90a5132f9820d
Karen_img_0935,img_934.jpg,magia_y_brujas,ilustracion_plana_color,236,419,zapatos bruja,Pinterest,Karen,72ed0be47408d66612f4d2f00759117938d65053
Karen_img_0936,img_935.jpg,magia_y_brujas,ilustracion_plana_color,236,262,bruja,Pinterest,Karen,b2ab94e7160bcacd80332afcd8c3fe14bcb294a0
Karen_img_0937,img_936.jpg,magia_y_brujas,ilustracion_plana_color,720,1146,bruja,Pinterest,Karen,e522f6458690db5c53ff0486e85a27eef98ca72a
Karen_img_0938,img_937.png,magia_y_brujas,ilustracion_plana_color,512,512,bruja,Flaticon,Karen,3a6cdfa5ef1fb316a611063c128dc7e306677e16
Karen_img_0939,img_938.jpg,magia_y_brujas,ilustracion_plana_color,735,580,bruja,Pinterest,Karen,97c09f9951e3eb5aacd8838cb63423c4d5f50337
Karen_img_0940,img_939.png,magia_y_brujas,ilustracion_plana_color,512,512,escoba,Flaticon,Karen,657bc8bb374ebf356d5118c9fdd4ce06f11fa2bb
Karen_img_0941,img_940.jpg,magia_y_brujas,ilustracion_plana_color,236,419,bruja,Pinterest,Karen,33f0ea35f2dd3a7c3307701366577c442e912add
Karen_img_0942,img_941.jpg,magia_y_brujas,ilustracion_plana_color,236,236,bruja,Pinterest,Karen,a8c63f96a40915803d74e5a7380ea0f652fa2af6
Karen_img_0943,img_942.jpg,magia_y_brujas,ilustracion_plana_color,236,236,bruja,Pinterest,Karen,65f5d288189482de6ea19201d9ac2e256db6d3f2
Karen_img_0944,img_943.jpg,magia_y_brujas,ilustracion_plana_color,235,290,bruja,Pinterest,Karen,78667421ce13eea3b35bcb64383698a6be76ff95
Karen_img_0945,img_944.jpg,magia_y_brujas,ilustracion_plana_color,236,236,bruja,Pinterest,Karen,3fe5c35b044ccdd20c46640ca708bf0c970aecdd
Karen_img_0946,img_945.jpg,magia_y_brujas,ilustracion_plana_color,236,412,bruja,Pinterest,Karen,60d441baf3d99f0171a88bab422190e1519c8075
Karen_img_0947,img_946.jpg,magia_y_brujas,ilustracion_plana_color,236,438,bruja,Pinterest,Karen,e1343320925ca3e383341361c8c81c3d47b768c1
Karen_img_0948,img_947.jpg,magia_y_brujas,ilustracion_plana_color,236,236,bruja volando,Pinterest,Karen,4f4b7e8534f5de9d03a5ce80704fef4cf4c974cb
Karen_img_0949,img_948.jpg,magia_y_brujas,ilustracion_plana_color,235,327,bruja,Pinterest,Karen,b4dea7e15e54dcff8ea82d6c28a93f296e383d1b
Karen_img_0950,img_949.jpg,magia_y_brujas,ilustracion_plana_color,236,419,bruja,Pinterest,Karen,762c8fb4ba231f50837e151d91947c7c274b3cb7
Karen_img_0951,img_950.jpg,magia_y_brujas,ilustracion_plana_color,736,736,bruja,Pinterest,Karen,ab6bb5690d3e402015deab06fa651d691104eb1e
Karen_img_0952,img_951.png,magia_y_brujas,ilustracion_plana_color,512,512,sombrero bruja,Flaticon,Karen,75fba82048782ebd203a31b5e2acd9ee4303df29
Karen_img_0953,img_952.jpg,magia_y_brujas,ilustracion_plana_color,236,284,bruja,Pinterest,Karen,a62b0a4348f0b5d6551170ccd89ed62e872d2dd8
Karen_img_0954,img_953.jpg,magia_y_brujas,ilustracion_plana_color,236,236,bruja,Pinterest,Karen,9979e8b8781423cd0a28f9f52f21a8222d3b6143
Karen_img_0955,img_954.jpg,magia_y_brujas,ilustracion_plana_color,236,419,bruja,Pinterest,Karen,4f6c54f5d97ff403c04a47baa81518211c019d7e
Karen_img_0956,img_955.jpg,magia_y_brujas,ilustracion_plana_color,235,337,bruja,Pinterest,Karen,3788e7a4a0c51ad0464e0cfbb6ef8f6da894051c
Karen_img_0957,img_956.jpg,magia_y_brujas,ilustracion_plana_color,236,333,bruja,Pinterest,Karen,57a4f03324e91ea9d7f4e50f4339e916a1fb9f77
Karen_img_0958,img_957.jpg,magia_y_brujas,ilustracion_plana_color,236,250,bruja,Pinterest,Karen,31cb0f639c174e2bd75a9bea5999afaa099756de
Karen_img_0959,img_958.jpg,magia_y_brujas,ilustracion_plana_color,236,333,bruja volando,Pinterest,Karen,b999a6d26ac5027d5756433c34cd2ef562d1554d
Karen_img_0960,img_959.jpg,magia_y_brujas,ilustracion_plana_color,236,422,bruja,Pinterest,Karen,1c44556eab14551e33d34b9d2082ef4caf1ef74c
Karen_img_0961,img_960.jpg,magia_y_brujas,ilustracion_plana_color,236,354,bruja,Pinterest,Karen,e10c8bd65fcf4afe9a1b74b873a67f550cd05e81
Karen_img_0962,img_961.jpg,magia_y_brujas,ilustracion_plana_color,236,420,sombrero bruja,Flaticon,Karen,fb1dffe003239eecb7bc1f176a40f56b92a9dd41
Karen_img_0963,img_962.jpg,magia_y_brujas,ilustracion_plana_color,736,736,bruja,Pinterest,Karen,f9653d368b844af57bdcda6637f7aa30689509cf
Karen_img_0964,img_963.png,magia_y_brujas,ilustracion_plana_color,512,512,bruja,Pinterest,Karen,02292dec0c65f6894ea15b1df8091a0ac1d68949
Karen_img_0965,img_964.jpg,magia_y_brujas,ilustracion_plana_color,236,419,bruja,Pinterest,Karen,32ec42786e085269f64b382dfff8fc4d0d20ce73
Karen_img_0966,img_965.jpg,magia_y_brujas,ilustracion_plana_color,736,1148,bruja,Pinterest,Karen,255317ba32ad43c66143aeec94d92f2fd288a85c
Karen_img_0967,img_966.png,magia_y_brujas,ilustracion_plana_color,512,512,sombrero bruja,Flaticon,Karen,5e9a1dc137e47d5ffcbf7db794017fb4abe5b5a1
Karen_img_0968,img_967.jpg,magia_y_brujas,ilustracion_plana_color,448,731,bruja,Pinterest,Karen,28a09e2dbd04982f6f20201813cf807093763740
Karen_img_0969,img_968.png,magia_y_brujas,ilustracion_plana_color,512,512,sombrero bruja,Flaticon,Karen,3a2522da4d3de3a89504b6ef6c36a7cac0b2b38f
Karen_img_0970,img_969.jpg,magia_y_brujas,ilustracion_plana_color,646,889,bruja,Pinterest,Karen,4d86a9e25eb320b78f70fe72cd19e9d23fac37b8
Karen_img_0971,img_970.png,magia_y_brujas,ilustracion_plana_color,512,512,sombrero bruja,Flaticon,Karen,f7fe0d78518cd29fb3db55a98536d5c332410703
Karen_img_0972,img_971.jpg,magia_y_brujas,ilustracion_plana_color,524,873,bruja,Pinterest,Karen,a2404832964dc6fb0b1f90867a06c88d53018f41
Karen_img_0973,img_972.png,magia_y_brujas,ilustracion_plana_color,512,512,sombrero bruja,Flaticon,Karen,8028e2a821a8ce3bf07883adc3f38fd75b7ae81a
Karen_img_0974,img_973.jpg,magia_y_brujas,ilustracion_plana_color,500,667,bruja,Pinterest,Karen,d30efbe987a9320b4b5ce614f2085110461e4dc2
Karen_img_0975,img_974.png,magia_y_brujas,ilustracion_plana_color,512,512,sombrero bruja,Flaticon,Karen,005173907b3b7dd71a3aa2999bd6f9d6033af4fc
Karen_img_0976,img_975.jpg,magia_y_brujas,ilustracion_plana_color,500,603,bruja,Pinterest,Karen,13a9e8c3580d2e8a98b15a9e26fbf6021c3200e9
Karen_img_0977,img_976.png,magia_y_brujas,ilustracion_plana_color,512,512,sombrero bruja,Flaticon,Karen,e4bb42338242a454a5ec331e540f2fa084c87bd8
Karen_img_0978,img_977.jpg,magia_y_brujas,ilustracion_plana_color,736,902,bruja,Pinterest,Karen,2d28fa3763e3f06d6ed2644293b932d9b4351b37
Karen_img_0979,img_978.png,magia_y_brujas,ilustracion_plana_color,512,512,sombrero bruja,Flaticon,Karen,b42327443c67835db83bce9eec5f7012a5361ecd
Karen_img_0980,img_979.jpg,magia_y_brujas,ilustracion_plana_color,736,836,bruja,Pinterest,Karen,3125beacf2717ad369f11cb71cfcccd8c15b4682
Karen_img_0981,img_980.png,magia_y_brujas,ilustracion_plana_color,512,512,bruja,Flaticon,Karen,424acc29e8d86d191346dff31af3c296e03ecdf5
Karen_img_0982,img_981.jpg,magia_y_brujas,ilustracion_plana_color,736,920,bruja,Pinterest,Karen,fe640b92c7081f178a0cde9995b5b7b34285b834
Karen_img_0983,img_982.png,magia_y_brujas,ilustracion_plana_color,512,512,sombrero bruja,Flaticon,Karen,20f99d47f7d73c0379c0c9453ca67d477cd3e7e3
Karen_img_0984,img_983.jpg,magia_y_brujas,ilustracion_plana_color,400,441,bruja,Pinterest,Karen,cbd36be4b765cd9b96747742e601f3d11cbe11b0
Karen_img_0985,img_984.png,magia_y_brujas,ilustracion_plana_color,512,512,calabaza bruja,Flaticon,Karen,128a5f9b50ba4194d1b220efc9fbe1992448af98
Karen_img_0986,img_985.jpg,magia_y_brujas,ilustracion_plana_color,736,736,bruja,Pinterest,Karen,68c4f8b87892b88c8a35f7c28f133ea854285a2d
Karen_img_0987,img_986.png,magia_y_brujas,ilustracion_plana_color,512,512,sombrero bruja,Flaticon,Karen,3506d849b7b2abca124f48e0b7224d19666f7bca
Karen_img_0988,img_987.jpg,magia_y_brujas,ilustracion_plana_color,577,684,bruja,Pinterest,Karen,ea4ae5e0b7f6fadcfb9cf99a021a401b93b8b3f3
Karen_img_0989,img_988.png,magia_y_brujas,ilustracion_plana_color,512,512,sombrero bruja,Flaticon,Karen,f5da0272b941ef406f1448da45ff275d18ef48ab
Karen_img_0990,img_989.jpg,magia_y_brujas,ilustracion_plana_color,232,320,bruja volando,Pinterest,Karen,9dcc485d8931e8313e8d7a90368a10dbf2df4460
Karen_img_0991,img_990.png,magia_y_brujas,ilustracion_plana_color,512,512,escoba,Flaticon,Karen,5340d29b18b9d597eaaaa32bd14fa675e3ba2606
Karen_img_0992,img_991.jpg,magia_y_brujas,ilustracion_plana_color,400,400,bruja volando,Pinterest,Karen,5563588552ce09e8e71f8bdfe675b2b05d93b263
Karen_img_0993,img_992.png,magia_y_brujas,ilustracion_plana_color,512,512,sombrero bruja,Flaticon,Karen,72440b21c9d67b5d9ac69c534b8b9176b5403630
Karen_img_0994,img_993.jpg,magia_y_brujas,ilustracion_plana_color,298,400,bruja volando,Pinterest,Karen,9c95cf6c11f2d2fdb0a95fae3f131f05a5a92043
Karen_img_0995,img_994.png,magia_y_brujas,ilustracion_plana_color,512,512,sombrero bruja,Flaticon,Karen,651befecefd5482ab3741009706ab7d83a9f0793
Karen_img_0996,img_995.jpg,magia_y_brujas,ilustracion_plana_color,300,300,bruja,Pinterest,Karen,987cf2a32598af6372c4d973e6613010dff73708
Karen_img_0997,img_996.png,magia_y_brujas,ilustracion_plana_color,512,512,escoba,Flaticon,Karen,415d96c0027e62e647e4619d84913a538397178c
Karen_img_0998,img_997.jpg,magia_y_brujas,ilustracion_plana_color,736,736,bruja,Pinterest,Karen,42d46b6e609f713236bd1089dce1feb75cc2b442
Karen_img_0999,img_998.png,magia_y_brujas,ilustracion_plana_color,512,512,bruja,Flaticon,Karen,806b5d51366900a046d6495ea97548c1bc0d41a8
Karen_img_1000,img_999.jpg,magia_y_brujas,ilustracion_plana_color,736,736,bruja,Pinterest,Karen,d9f104e4998354bd96a8bedac66587d442268b03
