archivo,titulo,autor,tematica,fuente
cuento_0001.txt,A la deriva,Horacio Quiroga,heroes_y_aventuras,Elejandria
cuento_0002.txt,Agencia Thompson y Cia. - Parte 1,Julio Verne,heroes_y_aventuras,Elejandria
cuento_0003.txt,Agencia Thompson y Cia. - Parte 2,Julio Verne,heroes_y_aventuras,Elejandria
cuento_0004.txt,Agencia Thompson y Cia. - Parte 3,Julio Verne,heroes_y_aventuras,Elejandria
cuento_0005.txt,Agencia Thompson y Cia. - Parte 4,Julio Verne,heroes_y_aventuras,Elejandria
cuento_0006.txt,Agencia Thompson y Cia. - Parte 5,Julio Verne,heroes_y_aventuras,Elejandria
cuento_0007.txt,Agencia Thompson y Cia. - Parte 6,Julio Verne,heroes_y_aventuras,Elejandria
cuento_0008.txt,Agencia Thompson y Cia. - Parte 7,Julio Verne,heroes_y_aventuras,Elejandria
cuento_0009.txt,Agencia Thompson y Cia. - Parte 8,Julio Verne,heroes_y_aventuras,Elejandria
cuento_0010.txt,Agencia Thompson y Cia. - Parte 9,Julio Verne,heroes_y_aventuras,Elejandria
cuento_0011.txt,Agencia Thompson y Cia. - Parte 10,Julio Verne,heroes_y_aventuras,Elejandria
cuento_0012.txt,Agencia Thompson y Cia. - Parte 11,Julio Verne,heroes_y_aventuras,Elejandria
cuento_0013.txt,Agencia Thompson y Cia. - Parte 12,Julio Verne,heroes_y_aventuras,Elejandria
cuento_0014.txt,Agencia Thompson y Cia. - Parte 13,Julio Verne,heroes_y_aventuras,Elejandria
cuento_0015.txt,Agencia Thompson y Cia. - Parte 14,Julio Verne,heroes_y_aventuras,Elejandria
cuento_0016.txt,Agencia Thompson y Cia. - Parte 15,Julio Verne,heroes_y_aventuras,Elejandria
cuento_0017.txt,Agencia Thompson y Cia. - Parte 16,Julio Verne,heroes_y_aventuras,Elejandria
cuento_0018.txt,Agencia Thompson y Cia. - Parte 17,Julio Verne,heroes_y_aventuras,Elejandria
cuento_0019.txt,Agencia Thompson y Cia. - Parte 18,Julio Verne,heroes_y_aventuras,Elejandria
cuento_0020.txt,Agencia Thompson y Cia. - Parte 19,Julio Verne,heroes_y_aventuras,Elejandria
cuento_0021.txt,Agencia Thompson y Cia. - Parte 20,Julio Verne,heroes_y_aventuras,Elejandria
cuento_0022.txt,Agencia Thompson y Cia. - Parte 21,Julio Verne,heroes_y_aventuras,Elejandria
cuento_0023.txt,Agencia Thompson y Cia. - Parte 22,Julio Verne,heroes_y_aventuras,Elejandria
cuento_0024.txt,Agencia Thompson y Cia. - Parte 23,Julio Verne,heroes_y_aventuras,Elejandria
cuento_0025.txt,Agencia Thompson y Cia. - Parte 24,Julio Verne,heroes_y_aventuras,Elejandria
cuento_0026.txt,Agencia Thompson y Cia. - Parte 25,Julio Verne,heroes_y_aventuras,Elejandria
cuento_0027.txt,Agencia Thompson y Cia. - Parte 26,Julio Verne,heroes_y_aventuras,Elejandria
cuento_0028.txt,Agencia Thompson y Cia. - Parte 27,Julio Verne,heroes_y_aventuras,Elejandria
cuento_0029.txt,Agencia Thompson y Cia. - Parte 28,Julio Verne,heroes_y_aventuras,Elejandria
cuento_0030.txt,Agencia Thompson y Cia. - Parte 29,Julio Verne,heroes_y_aventuras,Elejandria
cuento_0031.txt,Agencia Thompson y Cia. - Parte 30,Julio Verne,heroes_y_aventuras,Elejandria
cuento_0032.txt,Agencia Thompson y Cia. - Parte 31,Julio Verne,heroes_y_aventuras,Elejandria
cuento_0033.txt,Agencia Thompson y Cia. - Parte 32,Julio Verne,heroes_y_aventuras,Elejandria
cuento_0034.txt,Agencia Thompson y Cia. - Parte 33,Julio Verne,heroes_y_aventuras,Elejandria
cuento_0035.txt,Agencia Thompson y Cia. - Parte 34,Julio Verne,heroes_y_aventuras,Elejandria
cuento_0036.txt,Aguilas de la estepa - Parte 1,Emilio Salgari,heroes_y_aventuras,Elejandria
cuento_0037.txt,Aguilas de la estepa - Parte 2,Emilio Salgari,heroes_y_aventuras,Elejandria
cuento_0038.txt,Aguilas de la estepa - Parte 3,Emilio Salgari,heroes_y_aventuras,Elejandria
cuento_0039.txt,Aguilas de la estepa - Parte 4,Emilio Salgari,heroes_y_aventuras,Elejandria
cuento_0040.txt,Aguilas de la estepa - Parte 5,Emilio Salgari,heroes_y_aventuras,Elejandria
cuento_0041.txt,Aguilas de la estepa - Parte 6,Emilio Salgari,heroes_y_aventuras,Elejandria
cuento_0042.txt,Aguilas de la estepa - Parte 7,Emilio Salgari,heroes_y_aventuras,Elejandria
cuento_0043.txt,Aguilas de la estepa - Parte 8,Emilio Salgari,heroes_y_aventuras,Elejandria
cuento_0044.txt,Aguilas de la estepa - Parte 9,Emilio Salgari,heroes_y_aventuras,Elejandria
cuento_0045.txt,Aguilas de la estepa - Parte 10,Emilio Salgari,heroes_y_aventuras,Elejandria
cuento_0046.txt,Aguilas de la estepa - Parte 11,Emilio Salgari,heroes_y_aventuras,Elejandria
cuento_0047.txt,Aguilas de la estepa - Parte 12,Emilio Salgari,heroes_y_aventuras,Elejandria
cuento_0048.txt,Aguilas de la estepa - Parte 13,Emilio Salgari,heroes_y_aventuras,Elejandria
cuento_0049.txt,Aguilas de la estepa - Parte 14,Emilio Salgari,heroes_y_aventuras,Elejandria
cuento_0050.txt,Aguilas de la estepa - Parte 15,Emilio Salgari,heroes_y_aventuras,Elejandria
cuento_0051.txt,Aguilas de la estepa - Parte 16,Emilio Salgari,heroes_y_aventuras,Elejandria
cuento_0052.txt,Aguilas de la estepa - Parte 17,Emilio Salgari,heroes_y_aventuras,Elejandria
cuento_0053.txt,Aguilas de la estepa - Parte 18,Emilio Salgari,heroes_y_aventuras,Elejandria
cuento_0054.txt,Aguilas de la estepa - Parte 19,Emilio Salgari,heroes_y_aventuras,Elejandria
cuento_0055.txt,Aguilas de la estepa - Parte 20,Emilio Salgari,heroes_y_aventuras,Elejandria
cuento_0056.txt,Aguilas de la estepa - Parte 21,Emilio Salgari,heroes_y_aventuras,Elejandria
cuento_0057.txt,Aguilas de la estepa - Parte 22,Emilio Salgari,heroes_y_aventuras,Elejandria
cuento_0058.txt,Aguilas de la estepa - Parte 23,Emilio Salgari,heroes_y_aventuras,Elejandria
cuento_0059.txt,Aguilas de la estepa - Parte 24,Emilio Salgari,heroes_y_aventuras,Elejandria
cuento_0060.txt,Aguilas de la estepa - Parte 25,Emilio Salgari,heroes_y_aventuras,Elejandria
cuento_0061.txt,Aguilas de la estepa - Parte 26,Emilio Salgari,heroes_y_aventuras,Elejandria
cuento_0062.txt,Aguilas de la estepa - Parte 27,Emilio Salgari,heroes_y_aventuras,Elejandria
cuento_0063.txt,Aguilas de la estepa - Parte 28,Emilio Salgari,heroes_y_aventuras,Elejandria
cuento_0064.txt,Aladino y la lámpara maravillosa,Anónimo,heroes_y_aventuras,Elejandria
cuento_0065.txt,Alcestis,Eurípides,heroes_y_aventuras,Elejandria
cuento_0066.txt,Alí Babá y los cuarenta ladrones,Anónimo,heroes_y_aventuras,Elejandria
cuento_0067.txt,Alicia a través del espejo - Parte 1,Lewis Carroll,heroes_y_aventuras,Elejandria
cuento_0068.txt,Alicia a través del espejo - Parte 2,Lewis Carroll,heroes_y_aventuras,Elejandria
cuento_0069.txt,Alicia a través del espejo - Parte 3,Lewis Carroll,heroes_y_aventuras,Elejandria
cuento_0070.txt,Alicia a través del espejo - Parte 4,Lewis Carroll,heroes_y_aventuras,Elejandria
cuento_0071.txt,Alicia a través del espejo - Parte 5,Lewis Carroll,heroes_y_aventuras,Elejandria
cuento_0072.txt,Amor a la vida - Jack London,Jack London,heroes_y_aventuras,Elejandria
cuento_0073.txt,Anaconda,Horacio Quiroga,heroes_y_aventuras,Elejandria
cuento_0074.txt,La Argonáutica - Parte 1,Anonimo,heroes_y_aventuras,Elejandria
cuento_0075.txt,La Argonáutica - Parte 2,Anonimo,heroes_y_aventuras,Elejandria
cuento_0076.txt,La Argonáutica - Parte 3,Anonimo,heroes_y_aventuras,Elejandria
cuento_0077.txt,La Argonáutica - Parte 4,Anonimo,heroes_y_aventuras,Elejandria
cuento_0078.txt,La Argonáutica - Parte 5,Anonimo,heroes_y_aventuras,Elejandria
cuento_0079.txt,La Argonáutica - Parte 6,Anonimo,heroes_y_aventuras,Elejandria
cuento_0080.txt,La Argonáutica - Parte 7,Anonimo,heroes_y_aventuras,Elejandria
cuento_0081.txt,La Argonáutica - Parte 8,Anonimo,heroes_y_aventuras,Elejandria
cuento_0082.txt,La Argonáutica - Parte 9,Anonimo,heroes_y_aventuras,Elejandria
cuento_0083.txt,La Argonáutica - Parte 10,Anonimo,heroes_y_aventuras,Elejandria
cuento_0084.txt,La Argonáutica - Parte 11,Anonimo,heroes_y_aventuras,Elejandria
cuento_0085.txt,La Argonáutica - Parte 12,Anonimo,heroes_y_aventuras,Elejandria
cuento_0086.txt,La Argonáutica - Parte 13,Anonimo,heroes_y_aventuras,Elejandria
cuento_0087.txt,La Argonáutica - Parte 14,Anonimo,heroes_y_aventuras,Elejandria
cuento_0088.txt,La Argonáutica - Parte 15,Anonimo,heroes_y_aventuras,Elejandria
cuento_0089.txt,La Argonáutica - Parte 16,Anonimo,heroes_y_aventuras,Elejandria
cuento_0090.txt,La Argonáutica - Parte 17,Anonimo,heroes_y_aventuras,Elejandria
cuento_0091.txt,La Argonáutica - Parte 18,Anonimo,heroes_y_aventuras,Elejandria
cuento_0092.txt,La Argonáutica - Parte 19,Anonimo,heroes_y_aventuras,Elejandria
cuento_0093.txt,La Argonáutica - Parte 20,Anonimo,heroes_y_aventuras,Elejandria
cuento_0094.txt,La Argonáutica - Parte 21,Anonimo,heroes_y_aventuras,Elejandria
cuento_0095.txt,La Argonáutica - Parte 22,Anonimo,heroes_y_aventuras,Elejandria
cuento_0096.txt,La Argonáutica - Parte 23,Anonimo,heroes_y_aventuras,Elejandria
cuento_0097.txt,La Argonáutica - Parte 24,Anonimo,heroes_y_aventuras,Elejandria
cuento_0098.txt,La Argonáutica - Parte 25,Anonimo,heroes_y_aventuras,Elejandria
cuento_0099.txt,La Argonáutica - Parte 26,Anonimo,heroes_y_aventuras,Elejandria
cuento_0100.txt,La Argonáutica - Parte 27,Anonimo,heroes_y_aventuras,Elejandria
cuento_0101.txt,La Argonáutica - Parte 28,Anonimo,heroes_y_aventuras,Elejandria
cuento_0102.txt,La Argonáutica - Parte 29,Anonimo,heroes_y_aventuras,Elejandria
cuento_0103.txt,La Argonáutica - Parte 30,Anonimo,heroes_y_aventuras,Elejandria
cuento_0104.txt,La Argonáutica - Parte 31,Anonimo,heroes_y_aventuras,Elejandria
cuento_0105.txt,La Argonáutica - Parte 32,Anonimo,heroes_y_aventuras,Elejandria
cuento_0106.txt,La Argonáutica - Parte 33,Anonimo,heroes_y_aventuras,Elejandria
cuento_0107.txt,La Argonáutica - Parte 34,Anonimo,heroes_y_aventuras,Elejandria
cuento_0108.txt,La Argonáutica - Parte 35,Anonimo,heroes_y_aventuras,Elejandria
cuento_0109.txt,La Argonáutica - Parte 36,Anonimo,heroes_y_aventuras,Elejandria
cuento_0110.txt,La Argonáutica - Parte 37,Anonimo,heroes_y_aventuras,Elejandria
cuento_0111.txt,La Argonáutica - Parte 38,Anonimo,heroes_y_aventuras,Elejandria
cuento_0112.txt,La Argonáutica - Parte 39,Anonimo,heroes_y_aventuras,Elejandria
cuento_0113.txt,La Argonáutica - Parte 40,Anonimo,heroes_y_aventuras,Elejandria
cuento_0114.txt,La Argonáutica - Parte 41,Anonimo,heroes_y_aventuras,Elejandria
cuento_0115.txt,La Argonáutica - Parte 42,Anonimo,heroes_y_aventuras,Elejandria
cuento_0116.txt,La Argonáutica - Parte 43,Anonimo,heroes_y_aventuras,Elejandria
cuento_0117.txt,La Argonáutica - Parte 44,Anonimo,heroes_y_aventuras,Elejandria
cuento_0118.txt,La Argonáutica - Parte 45,Anonimo,heroes_y_aventuras,Elejandria
cuento_0119.txt,La Argonáutica - Parte 46,Anonimo,heroes_y_aventuras,Elejandria
cuento_0120.txt,La Argonáutica - Parte 47,Anonimo,heroes_y_aventuras,Elejandria
cuento_0121.txt,La Argonáutica - Parte 48,Anonimo,heroes_y_aventuras,Elejandria
cuento_0122.txt,La Argonáutica - Parte 49,Anonimo,heroes_y_aventuras,Elejandria
cuento_0123.txt,La Argonáutica - Parte 50,Anonimo,heroes_y_aventuras,Elejandria
cuento_0124.txt,La Argonáutica - Parte 51,Anonimo,heroes_y_aventuras,Elejandria
cuento_0125.txt,La Argonáutica - Parte 52,Anonimo,heroes_y_aventuras,Elejandria
cuento_0126.txt,La Argonáutica - Parte 53,Anonimo,heroes_y_aventuras,Elejandria
cuento_0127.txt,La Argonáutica - Parte 54,Anonimo,heroes_y_aventuras,Elejandria
cuento_0128.txt,La Argonáutica - Parte 55,Anonimo,heroes_y_aventuras,Elejandria
cuento_0129.txt,La Argonáutica - Parte 56,Anonimo,heroes_y_aventuras,Elejandria
cuento_0130.txt,La Argonáutica - Parte 57,Anonimo,heroes_y_aventuras,Elejandria
cuento_0131.txt,La Argonáutica - Parte 58,Anonimo,heroes_y_aventuras,Elejandria
cuento_0132.txt,La Argonáutica - Parte 59,Anonimo,heroes_y_aventuras,Elejandria
cuento_0133.txt,La Argonáutica - Parte 60,Anonimo,heroes_y_aventuras,Elejandria
cuento_0134.txt,La Argonáutica - Parte 61,Anonimo,heroes_y_aventuras,Elejandria
cuento_0135.txt,La Argonáutica - Parte 62,Anonimo,heroes_y_aventuras,Elejandria
cuento_0136.txt,La Argonáutica - Parte 63,Anonimo,heroes_y_aventuras,Elejandria
cuento_0137.txt,La Argonáutica - Parte 64,Anonimo,heroes_y_aventuras,Elejandria
cuento_0138.txt,La Argonáutica - Parte 65,Anonimo,heroes_y_aventuras,Elejandria
cuento_0139.txt,La Argonáutica - Parte 66,Anonimo,heroes_y_aventuras,Elejandria
cuento_0140.txt,La Argonáutica - Parte 67,Anonimo,heroes_y_aventuras,Elejandria
cuento_0141.txt,La Argonáutica - Parte 68,Anonimo,heroes_y_aventuras,Elejandria
cuento_0142.txt,La Argonáutica - Parte 69,Anonimo,heroes_y_aventuras,Elejandria
cuento_0143.txt,La Argonáutica - Parte 70,Anonimo,heroes_y_aventuras,Elejandria
cuento_0144.txt,La Argonáutica - Parte 71,Anonimo,heroes_y_aventuras,Elejandria
cuento_0145.txt,La Argonáutica - Parte 72,Anonimo,heroes_y_aventuras,Elejandria
cuento_0146.txt,La Argonáutica - Parte 73,Anonimo,heroes_y_aventuras,Elejandria
cuento_0147.txt,La Argonáutica - Parte 74,Anonimo,heroes_y_aventuras,Elejandria
cuento_0148.txt,La Argonáutica - Parte 75,Anonimo,heroes_y_aventuras,Elejandria
cuento_0149.txt,La Argonáutica - Parte 76,Anonimo,heroes_y_aventuras,Elejandria
cuento_0150.txt,La Argonáutica - Parte 77,Anonimo,heroes_y_aventuras,Elejandria
cuento_0151.txt,La Argonáutica - Parte 78,Anonimo,heroes_y_aventuras,Elejandria
cuento_0152.txt,La Argonáutica - Parte 79,Anonimo,heroes_y_aventuras,Elejandria
cuento_0153.txt,La Argonáutica - Parte 80,Anonimo,heroes_y_aventuras,Elejandria
cuento_0154.txt,La Argonáutica - Parte 81,Anonimo,heroes_y_aventuras,Elejandria
cuento_0155.txt,La Argonáutica - Parte 82,Anonimo,heroes_y_aventuras,Elejandria
cuento_0156.txt,La Argonáutica - Parte 83,Anonimo,heroes_y_aventuras,Elejandria
cuento_0157.txt,La Argonáutica - Parte 84,Anonimo,heroes_y_aventuras,Elejandria
cuento_0158.txt,La Argonáutica - Parte 85,Anonimo,heroes_y_aventuras,Elejandria
cuento_0159.txt,La Argonáutica - Parte 86,Anonimo,heroes_y_aventuras,Elejandria
cuento_0160.txt,La Argonáutica - Parte 87,Anonimo,heroes_y_aventuras,Elejandria
cuento_0161.txt,La Argonáutica - Parte 88,Anonimo,heroes_y_aventuras,Elejandria
cuento_0162.txt,La Argonáutica - Parte 89,Anonimo,heroes_y_aventuras,Elejandria
cuento_0163.txt,La Argonáutica - Parte 90,Anonimo,heroes_y_aventuras,Elejandria
cuento_0164.txt,La Argonáutica - Parte 91,Anonimo,heroes_y_aventuras,Elejandria
cuento_0165.txt,La Argonáutica - Parte 92,Anonimo,heroes_y_aventuras,Elejandria
cuento_0166.txt,La Argonáutica - Parte 93,Anonimo,heroes_y_aventuras,Elejandria
cuento_0167.txt,La Argonáutica - Parte 94,Anonimo,heroes_y_aventuras,Elejandria
cuento_0168.txt,La Argonáutica - Parte 95,Anonimo,heroes_y_aventuras,Elejandria
cuento_0169.txt,La Argonáutica - Parte 96,Anonimo,heroes_y_aventuras,Elejandria
cuento_0170.txt,La Argonáutica - Parte 97,Anonimo,heroes_y_aventuras,Elejandria
cuento_0171.txt,La Argonáutica - Parte 98,Anonimo,heroes_y_aventuras,Elejandria
cuento_0172.txt,La Argonáutica - Parte 99,Anonimo,heroes_y_aventuras,Elejandria
cuento_0173.txt,La Argonáutica - Parte 100,Anonimo,heroes_y_aventuras,Elejandria
cuento_0174.txt,La Argonáutica - Parte 101,Anonimo,heroes_y_aventuras,Elejandria
cuento_0175.txt,La Argonáutica - Parte 102,Anonimo,heroes_y_aventuras,Elejandria
cuento_0176.txt,La Argonáutica - Parte 103,Anonimo,heroes_y_aventuras,Elejandria
cuento_0177.txt,La Argonáutica - Parte 104,Anonimo,heroes_y_aventuras,Elejandria
cuento_0178.txt,La Argonáutica - Parte 105,Anonimo,heroes_y_aventuras,Elejandria
cuento_0179.txt,La Argonáutica - Parte 106,Anonimo,heroes_y_aventuras,Elejandria
cuento_0180.txt,La Argonáutica - Parte 107,Anonimo,heroes_y_aventuras,Elejandria
cuento_0181.txt,La Argonáutica - Parte 108,Anonimo,heroes_y_aventuras,Elejandria
cuento_0182.txt,La Argonáutica - Parte 109,Anonimo,heroes_y_aventuras,Elejandria
cuento_0183.txt,La Argonáutica - Parte 110,Anonimo,heroes_y_aventuras,Elejandria
cuento_0184.txt,La Argonáutica - Parte 111,Anonimo,heroes_y_aventuras,Elejandria
cuento_0185.txt,La Argonáutica - Parte 112,Anonimo,heroes_y_aventuras,Elejandria
cuento_0186.txt,La Argonáutica - Parte 113,Anonimo,heroes_y_aventuras,Elejandria
cuento_0187.txt,La Argonáutica - Parte 114,Anonimo,heroes_y_aventuras,Elejandria
cuento_0188.txt,La Argonáutica - Parte 115,Anonimo,heroes_y_aventuras,Elejandria
cuento_0189.txt,La Argonáutica - Parte 116,Anonimo,heroes_y_aventuras,Elejandria
cuento_0190.txt,La Argonáutica - Parte 117,Anonimo,heroes_y_aventuras,Elejandria
cuento_0191.txt,La Argonáutica - Parte 118,Anonimo,heroes_y_aventuras,Elejandria
cuento_0192.txt,La Argonáutica - Parte 119,Anonimo,heroes_y_aventuras,Elejandria
cuento_0193.txt,La Argonáutica - Parte 120,Anonimo,heroes_y_aventuras,Elejandria
cuento_0194.txt,La Argonáutica - Parte 121,Anonimo,heroes_y_aventuras,Elejandria
cuento_0195.txt,La Argonáutica - Parte 122,Anonimo,heroes_y_aventuras,Elejandria
cuento_0196.txt,La Argonáutica - Parte 123,Anonimo,heroes_y_aventuras,Elejandria
cuento_0197.txt,La Argonáutica - Parte 124,Anonimo,heroes_y_aventuras,Elejandria
cuento_0198.txt,La Argonáutica - Parte 125,Anonimo,heroes_y_aventuras,Elejandria
cuento_0199.txt,La Argonáutica - Parte 126,Anonimo,heroes_y_aventuras,Elejandria
cuento_0200.txt,La Argonáutica - Parte 127,Anonimo,heroes_y_aventuras,Elejandria
cuento_0201.txt,La Argonáutica - Parte 128,Anonimo,heroes_y_aventuras,Elejandria
cuento_0202.txt,La Argonáutica - Parte 129,Anonimo,heroes_y_aventuras,Elejandria
cuento_0203.txt,La Argonáutica - Parte 130,Anonimo,heroes_y_aventuras,Elejandria
cuento_0204.txt,La Argonáutica - Parte 131,Anonimo,heroes_y_aventuras,Elejandria
cuento_0205.txt,La Argonáutica - Parte 132,Anonimo,heroes_y_aventuras,Elejandria
cuento_0206.txt,La Argonáutica - Parte 133,Anonimo,heroes_y_aventuras,Elejandria
cuento_0207.txt,La Argonáutica - Parte 134,Anonimo,heroes_y_aventuras,Elejandria
cuento_0208.txt,La Argonáutica - Parte 135,Anonimo,heroes_y_aventuras,Elejandria
cuento_0209.txt,La Argonáutica - Parte 136,Anonimo,heroes_y_aventuras,Elejandria
cuento_0210.txt,La Argonáutica - Parte 137,Anonimo,heroes_y_aventuras,Elejandria
cuento_0211.txt,La Argonáutica - Parte 138,Anonimo,heroes_y_aventuras,Elejandria
cuento_0212.txt,La Argonáutica - Parte 139,Anonimo,heroes_y_aventuras,Elejandria
cuento_0213.txt,La Argonáutica - Parte 140,Anonimo,heroes_y_aventuras,Elejandria
cuento_0214.txt,La Argonáutica - Parte 141,Anonimo,heroes_y_aventuras,Elejandria
cuento_0215.txt,La Argonáutica - Parte 142,Anonimo,heroes_y_aventuras,Elejandria
cuento_0216.txt,La Argonáutica - Parte 143,Anonimo,heroes_y_aventuras,Elejandria
cuento_0217.txt,La Argonáutica - Parte 144,Anonimo,heroes_y_aventuras,Elejandria
cuento_0218.txt,La Argonáutica - Parte 145,Anonimo,heroes_y_aventuras,Elejandria
cuento_0219.txt,La Argonáutica - Parte 146,Anonimo,heroes_y_aventuras,Elejandria
cuento_0220.txt,La Argonáutica - Parte 147,Anonimo,heroes_y_aventuras,Elejandria
cuento_0221.txt,La Argonáutica - Parte 148,Anonimo,heroes_y_aventuras,Elejandria
cuento_0222.txt,La Argonáutica - Parte 149,Anonimo,heroes_y_aventuras,Elejandria
cuento_0223.txt,La Argonáutica - Parte 150,Anonimo,heroes_y_aventuras,Elejandria
cuento_0224.txt,La Argonáutica - Parte 151,Anonimo,heroes_y_aventuras,Elejandria
cuento_0225.txt,La Argonáutica - Parte 152,Anonimo,heroes_y_aventuras,Elejandria
cuento_0226.txt,La Argonáutica - Parte 153,Anonimo,heroes_y_aventuras,Elejandria
cuento_0227.txt,La Argonáutica - Parte 154,Anonimo,heroes_y_aventuras,Elejandria
cuento_0228.txt,La Argonáutica - Parte 155,Anonimo,heroes_y_aventuras,Elejandria
cuento_0229.txt,La Argonáutica - Parte 156,Anonimo,heroes_y_aventuras,Elejandria
cuento_0230.txt,La Argonáutica - Parte 157,Anonimo,heroes_y_aventuras,Elejandria
cuento_0231.txt,La Argonáutica - Parte 158,Anonimo,heroes_y_aventuras,Elejandria
cuento_0232.txt,La Argonáutica - Parte 159,Anonimo,heroes_y_aventuras,Elejandria
cuento_0233.txt,La Argonáutica - Parte 160,Anonimo,heroes_y_aventuras,Elejandria
cuento_0234.txt,La Argonáutica - Parte 161,Anonimo,heroes_y_aventuras,Elejandria
cuento_0235.txt,La Argonáutica - Parte 162,Anonimo,heroes_y_aventuras,Elejandria
cuento_0236.txt,La Argonáutica - Parte 163,Anonimo,heroes_y_aventuras,Elejandria
cuento_0237.txt,La Argonáutica - Parte 164,Anonimo,heroes_y_aventuras,Elejandria
cuento_0238.txt,La Argonáutica - Parte 165,Anonimo,heroes_y_aventuras,Elejandria
cuento_0239.txt,La Argonáutica - Parte 166,Anonimo,heroes_y_aventuras,Elejandria
cuento_0240.txt,La Argonáutica - Parte 167,Anonimo,heroes_y_aventuras,Elejandria
cuento_0241.txt,La Argonáutica - Parte 168,Anonimo,heroes_y_aventuras,Elejandria
cuento_0242.txt,La Argonáutica - Parte 169,Anonimo,heroes_y_aventuras,Elejandria
cuento_0243.txt,La Argonáutica - Parte 170,Anonimo,heroes_y_aventuras,Elejandria
cuento_0244.txt,La Argonáutica - Parte 171,Anonimo,heroes_y_aventuras,Elejandria
cuento_0245.txt,La Argonáutica - Parte 172,Anonimo,heroes_y_aventuras,Elejandria
cuento_0246.txt,La Argonáutica - Parte 173,Anonimo,heroes_y_aventuras,Elejandria
cuento_0247.txt,La Argonáutica - Parte 174,Anonimo,heroes_y_aventuras,Elejandria
cuento_0248.txt,La Argonáutica - Parte 175,Anonimo,heroes_y_aventuras,Elejandria
cuento_0249.txt,La Argonáutica - Parte 176,Anonimo,heroes_y_aventuras,Elejandria
cuento_0250.txt,La Argonáutica - Parte 177,Anonimo,heroes_y_aventuras,Elejandria
cuento_0251.txt,La Argonáutica - Parte 178,Anonimo,heroes_y_aventuras,Elejandria
cuento_0252.txt,La Argonáutica - Parte 179,Anonimo,heroes_y_aventuras,Elejandria
cuento_0253.txt,La Argonáutica - Parte 180,Anonimo,heroes_y_aventuras,Elejandria
cuento_0254.txt,La Argonáutica - Parte 181,Anonimo,heroes_y_aventuras,Elejandria
cuento_0255.txt,La Argonáutica - Parte 182,Anonimo,heroes_y_aventuras,Elejandria
cuento_0256.txt,La Argonáutica - Parte 183,Anonimo,heroes_y_aventuras,Elejandria
cuento_0257.txt,La Argonáutica - Parte 184,Anonimo,heroes_y_aventuras,Elejandria
cuento_0258.txt,La Argonáutica - Parte 185,Anonimo,heroes_y_aventuras,Elejandria
cuento_0259.txt,La Argonáutica - Parte 186,Anonimo,heroes_y_aventuras,Elejandria
cuento_0260.txt,La Argonáutica - Parte 187,Anonimo,heroes_y_aventuras,Elejandria
cuento_0261.txt,La Argonáutica - Parte 188,Anonimo,heroes_y_aventuras,Elejandria
cuento_0262.txt,La Argonáutica - Parte 189,Anonimo,heroes_y_aventuras,Elejandria
cuento_0263.txt,La Argonáutica - Parte 190,Anonimo,heroes_y_aventuras,Elejandria
cuento_0264.txt,La Argonáutica - Parte 191,Anonimo,heroes_y_aventuras,Elejandria
cuento_0265.txt,La Argonáutica - Parte 192,Anonimo,heroes_y_aventuras,Elejandria
cuento_0266.txt,La Argonáutica - Parte 193,Anonimo,heroes_y_aventuras,Elejandria
cuento_0267.txt,La Argonáutica - Parte 194,Anonimo,heroes_y_aventuras,Elejandria
cuento_0268.txt,La Argonáutica - Parte 195,Anonimo,heroes_y_aventuras,Elejandria
cuento_0269.txt,La Argonáutica - Parte 196,Anonimo,heroes_y_aventuras,Elejandria
cuento_0270.txt,La Argonáutica - Parte 197,Anonimo,heroes_y_aventuras,Elejandria
cuento_0271.txt,La Argonáutica - Parte 198,Anonimo,heroes_y_aventuras,Elejandria
cuento_0272.txt,La Argonáutica - Parte 199,Anonimo,heroes_y_aventuras,Elejandria
cuento_0273.txt,La Argonáutica - Parte 200,Anonimo,heroes_y_aventuras,Elejandria
cuento_0274.txt,La Argonáutica - Parte 201,Anonimo,heroes_y_aventuras,Elejandria
cuento_0275.txt,La Argonáutica - Parte 202,Anonimo,heroes_y_aventuras,Elejandria
cuento_0276.txt,La Argonáutica - Parte 203,Anonimo,heroes_y_aventuras,Elejandria
cuento_0277.txt,La Argonáutica - Parte 204,Anonimo,heroes_y_aventuras,Elejandria
cuento_0278.txt,La Argonáutica - Parte 205,Anonimo,heroes_y_aventuras,Elejandria
cuento_0279.txt,La Argonáutica - Parte 206,Anonimo,heroes_y_aventuras,Elejandria
cuento_0280.txt,La Argonáutica - Parte 207,Anonimo,heroes_y_aventuras,Elejandria
cuento_0281.txt,La Argonáutica - Parte 208,Anonimo,heroes_y_aventuras,Elejandria
cuento_0282.txt,La Argonáutica - Parte 209,Anonimo,heroes_y_aventuras,Elejandria
cuento_0283.txt,La Argonáutica - Parte 210,Anonimo,heroes_y_aventuras,Elejandria
cuento_0284.txt,La Argonáutica - Parte 211,Anonimo,heroes_y_aventuras,Elejandria
cuento_0285.txt,La Argonáutica - Parte 212,Anonimo,heroes_y_aventuras,Elejandria
cuento_0286.txt,La Argonáutica - Parte 213,Anonimo,heroes_y_aventuras,Elejandria
cuento_0287.txt,La Argonáutica - Parte 214,Anonimo,heroes_y_aventuras,Elejandria
cuento_0288.txt,La Argonáutica - Parte 215,Anonimo,heroes_y_aventuras,Elejandria
cuento_0289.txt,La Argonáutica - Parte 216,Anonimo,heroes_y_aventuras,Elejandria
cuento_0290.txt,La Argonáutica - Parte 217,Anonimo,heroes_y_aventuras,Elejandria
cuento_0291.txt,La Argonáutica - Parte 218,Anonimo,heroes_y_aventuras,Elejandria
cuento_0292.txt,La Argonáutica - Parte 219,Anonimo,heroes_y_aventuras,Elejandria
cuento_0293.txt,La Argonáutica - Parte 220,Anonimo,heroes_y_aventuras,Elejandria
cuento_0294.txt,La Argonáutica - Parte 221,Anonimo,heroes_y_aventuras,Elejandria
cuento_0295.txt,La Argonáutica - Parte 222,Anonimo,heroes_y_aventuras,Elejandria
cuento_0296.txt,La Argonáutica - Parte 223,Anonimo,heroes_y_aventuras,Elejandria
cuento_0297.txt,La Argonáutica - Parte 224,Anonimo,heroes_y_aventuras,Elejandria
cuento_0298.txt,La Argonáutica - Parte 225,Anonimo,heroes_y_aventuras,Elejandria
cuento_0299.txt,La Argonáutica - Parte 226,Anonimo,heroes_y_aventuras,Elejandria
cuento_0300.txt,La Argonáutica - Parte 227,Anonimo,heroes_y_aventuras,Elejandria
cuento_0301.txt,La Argonáutica - Parte 228,Anonimo,heroes_y_aventuras,Elejandria
cuento_0302.txt,La Argonáutica - Parte 229,Anonimo,heroes_y_aventuras,Elejandria
cuento_0303.txt,La Argonáutica - Parte 230,Anonimo,heroes_y_aventuras,Elejandria
cuento_0304.txt,La Argonáutica - Parte 231,Anonimo,heroes_y_aventuras,Elejandria
cuento_0305.txt,La Argonáutica - Parte 232,Anonimo,heroes_y_aventuras,Elejandria
cuento_0306.txt,La Argonáutica - Parte 233,Anonimo,heroes_y_aventuras,Elejandria
cuento_0307.txt,La Argonáutica - Parte 234,Anonimo,heroes_y_aventuras,Elejandria
cuento_0308.txt,La Argonáutica - Parte 235,Anonimo,heroes_y_aventuras,Elejandria
cuento_0309.txt,La Argonáutica - Parte 236,Anonimo,heroes_y_aventuras,Elejandria
cuento_0310.txt,La Argonáutica - Parte 237,Anonimo,heroes_y_aventuras,Elejandria
cuento_0311.txt,La Argonáutica - Parte 238,Anonimo,heroes_y_aventuras,Elejandria
cuento_0312.txt,La Argonáutica - Parte 239,Anonimo,heroes_y_aventuras,Elejandria
cuento_0313.txt,La Argonáutica - Parte 240,Anonimo,heroes_y_aventuras,Elejandria
cuento_0314.txt,La Argonáutica - Parte 241,Anonimo,heroes_y_aventuras,Elejandria
cuento_0315.txt,La Argonáutica - Parte 242,Anonimo,heroes_y_aventuras,Elejandria
cuento_0316.txt,La Argonáutica - Parte 243,Anonimo,heroes_y_aventuras,Elejandria
cuento_0317.txt,La Argonáutica - Parte 244,Anonimo,heroes_y_aventuras,Elejandria
cuento_0318.txt,La Argonáutica - Parte 245,Anonimo,heroes_y_aventuras,Elejandria
cuento_0319.txt,La Argonáutica - Parte 246,Anonimo,heroes_y_aventuras,Elejandria
cuento_0320.txt,La Argonáutica - Parte 247,Anonimo,heroes_y_aventuras,Elejandria
cuento_0321.txt,La Argonáutica - Parte 248,Anonimo,heroes_y_aventuras,Elejandria
cuento_0322.txt,La Argonáutica - Parte 249,Anonimo,heroes_y_aventuras,Elejandria
cuento_0323.txt,La Argonáutica - Parte 250,Anonimo,heroes_y_aventuras,Elejandria
cuento_0324.txt,La Argonáutica - Parte 251,Anonimo,heroes_y_aventuras,Elejandria
cuento_0325.txt,La Argonáutica - Parte 252,Anonimo,heroes_y_aventuras,Elejandria
cuento_0326.txt,La Argonáutica - Parte 253,Anonimo,heroes_y_aventuras,Elejandria
cuento_0327.txt,La Argonáutica - Parte 254,Anonimo,heroes_y_aventuras,Elejandria
cuento_0328.txt,La Argonáutica - Parte 255,Anonimo,heroes_y_aventuras,Elejandria
cuento_0329.txt,La Argonáutica - Parte 256,Anonimo,heroes_y_aventuras,Elejandria
cuento_0330.txt,La Argonáutica - Parte 257,Anonimo,heroes_y_aventuras,Elejandria
cuento_0331.txt,La Argonáutica - Parte 258,Anonimo,heroes_y_aventuras,Elejandria
cuento_0332.txt,La Argonáutica - Parte 259,Anonimo,heroes_y_aventuras,Elejandria
cuento_0333.txt,La Argonáutica - Parte 260,Anonimo,heroes_y_aventuras,Elejandria
cuento_0334.txt,La Argonáutica - Parte 261,Anonimo,heroes_y_aventuras,Elejandria
cuento_0335.txt,La Argonáutica - Parte 262,Anonimo,heroes_y_aventuras,Elejandria
cuento_0336.txt,La Argonáutica - Parte 263,Anonimo,heroes_y_aventuras,Elejandria
cuento_0337.txt,La Argonáutica - Parte 264,Anonimo,heroes_y_aventuras,Elejandria
cuento_0338.txt,La Argonáutica - Parte 265,Anonimo,heroes_y_aventuras,Elejandria
cuento_0339.txt,La Argonáutica - Parte 266,Anonimo,heroes_y_aventuras,Elejandria
cuento_0340.txt,La Argonáutica - Parte 267,Anonimo,heroes_y_aventuras,Elejandria
cuento_0341.txt,La Argonáutica - Parte 268,Anonimo,heroes_y_aventuras,Elejandria
cuento_0342.txt,La Argonáutica - Parte 269,Anonimo,heroes_y_aventuras,Elejandria
cuento_0343.txt,La Argonáutica - Parte 270,Anonimo,heroes_y_aventuras,Elejandria
cuento_0344.txt,La Argonáutica - Parte 271,Anonimo,heroes_y_aventuras,Elejandria
cuento_0345.txt,La Argonáutica - Parte 272,Anonimo,heroes_y_aventuras,Elejandria
cuento_0346.txt,La Argonáutica - Parte 273,Anonimo,heroes_y_aventuras,Elejandria
cuento_0347.txt,La Argonáutica - Parte 274,Anonimo,heroes_y_aventuras,Elejandria
cuento_0348.txt,La Argonáutica - Parte 275,Anonimo,heroes_y_aventuras,Elejandria
cuento_0349.txt,La Argonáutica - Parte 276,Anonimo,heroes_y_aventuras,Elejandria
cuento_0350.txt,La Argonáutica - Parte 277,Anonimo,heroes_y_aventuras,Elejandria
cuento_0351.txt,La Argonáutica - Parte 278,Anonimo,heroes_y_aventuras,Elejandria
cuento_0352.txt,La Argonáutica - Parte 279,Anonimo,heroes_y_aventuras,Elejandria
cuento_0353.txt,La Argonáutica - Parte 280,Anonimo,heroes_y_aventuras,Elejandria
cuento_0354.txt,La Argonáutica - Parte 281,Anonimo,heroes_y_aventuras,Elejandria
cuento_0355.txt,La Argonáutica - Parte 282,Anonimo,heroes_y_aventuras,Elejandria
cuento_0356.txt,La Argonáutica - Parte 283,Anonimo,heroes_y_aventuras,Elejandria
cuento_0357.txt,La Argonáutica - Parte 284,Anonimo,heroes_y_aventuras,Elejandria
cuento_0358.txt,La Argonáutica - Parte 285,Anonimo,heroes_y_aventuras,Elejandria
cuento_0359.txt,La Argonáutica - Parte 286,Anonimo,heroes_y_aventuras,Elejandria
cuento_0360.txt,La Argonáutica - Parte 287,Anonimo,heroes_y_aventuras,Elejandria
cuento_0361.txt,La Argonáutica - Parte 288,Anonimo,heroes_y_aventuras,Elejandria
cuento_0362.txt,La Argonáutica - Parte 289,Anonimo,heroes_y_aventuras,Elejandria
cuento_0363.txt,La Argonáutica - Parte 290,Anonimo,heroes_y_aventuras,Elejandria
cuento_0364.txt,La Argonáutica - Parte 291,Anonimo,heroes_y_aventuras,Elejandria
cuento_0365.txt,La Argonáutica - Parte 292,Anonimo,heroes_y_aventuras,Elejandria
cuento_0366.txt,La Argonáutica - Parte 293,Anonimo,heroes_y_aventuras,Elejandria
cuento_0367.txt,La Argonáutica - Parte 294,Anonimo,heroes_y_aventuras,Elejandria
cuento_0368.txt,La Argonáutica - Parte 295,Anonimo,heroes_y_aventuras,Elejandria
cuento_0369.txt,La Argonáutica - Parte 296,Anonimo,heroes_y_aventuras,Elejandria
cuento_0370.txt,La Argonáutica - Parte 297,Anonimo,heroes_y_aventuras,Elejandria
cuento_0371.txt,La Argonáutica - Parte 298,Anonimo,heroes_y_aventuras,Elejandria
cuento_0372.txt,La Argonáutica - Parte 299,Anonimo,heroes_y_aventuras,Elejandria
cuento_0373.txt,La Argonáutica - Parte 300,Anonimo,heroes_y_aventuras,Elejandria
cuento_0374.txt,La Argonáutica - Parte 301,Anonimo,heroes_y_aventuras,Elejandria
cuento_0375.txt,La Argonáutica - Parte 302,Anonimo,heroes_y_aventuras,Elejandria
cuento_0376.txt,La Argonáutica - Parte 303,Anonimo,heroes_y_aventuras,Elejandria
cuento_0377.txt,La Argonáutica - Parte 304,Anonimo,heroes_y_aventuras,Elejandria
cuento_0378.txt,La Argonáutica - Parte 305,Anonimo,heroes_y_aventuras,Elejandria
cuento_0379.txt,La Argonáutica - Parte 306,Anonimo,heroes_y_aventuras,Elejandria
cuento_0380.txt,La Argonáutica - Parte 307,Anonimo,heroes_y_aventuras,Elejandria
cuento_0381.txt,La Argonáutica - Parte 308,Anonimo,heroes_y_aventuras,Elejandria
cuento_0382.txt,La Argonáutica - Parte 309,Anonimo,heroes_y_aventuras,Elejandria
cuento_0383.txt,La Argonáutica - Parte 310,Anonimo,heroes_y_aventuras,Elejandria
cuento_0384.txt,La Argonáutica - Parte 311,Anonimo,heroes_y_aventuras,Elejandria
cuento_0385.txt,La Argonáutica - Parte 312,Anonimo,heroes_y_aventuras,Elejandria
cuento_0386.txt,La Argonáutica - Parte 313,Anonimo,heroes_y_aventuras,Elejandria
cuento_0387.txt,La Argonáutica - Parte 314,Anonimo,heroes_y_aventuras,Elejandria
cuento_0388.txt,La Argonáutica - Parte 315,Anonimo,heroes_y_aventuras,Elejandria
cuento_0389.txt,La Argonáutica - Parte 316,Anonimo,heroes_y_aventuras,Elejandria
cuento_0390.txt,La Argonáutica - Parte 317,Anonimo,heroes_y_aventuras,Elejandria
cuento_0391.txt,La Argonáutica - Parte 318,Anonimo,heroes_y_aventuras,Elejandria
cuento_0392.txt,La Argonáutica - Parte 319,Anonimo,heroes_y_aventuras,Elejandria
cuento_0393.txt,La Argonáutica - Parte 320,Anonimo,heroes_y_aventuras,Elejandria
cuento_0394.txt,La Argonáutica - Parte 321,Anonimo,heroes_y_aventuras,Elejandria
cuento_0395.txt,La Argonáutica - Parte 322,Anonimo,heroes_y_aventuras,Elejandria
cuento_0396.txt,La Argonáutica - Parte 323,Anonimo,heroes_y_aventuras,Elejandria
cuento_0397.txt,La Argonáutica - Parte 324,Anonimo,heroes_y_aventuras,Elejandria
cuento_0398.txt,La Argonáutica - Parte 325,Anonimo,heroes_y_aventuras,Elejandria
cuento_0399.txt,La Argonáutica - Parte 326,Anonimo,heroes_y_aventuras,Elejandria
cuento_0400.txt,La Argonáutica - Parte 327,Anonimo,heroes_y_aventuras,Elejandria
cuento_0401.txt,La Argonáutica - Parte 328,Anonimo,heroes_y_aventuras,Elejandria
cuento_0402.txt,La Argonáutica - Parte 329,Anonimo,heroes_y_aventuras,Elejandria
cuento_0403.txt,La Argonáutica - Parte 330,Anonimo,heroes_y_aventuras,Elejandria
cuento_0404.txt,La Argonáutica - Parte 331,Anonimo,heroes_y_aventuras,Elejandria
cuento_0405.txt,La Argonáutica - Parte 332,Anonimo,heroes_y_aventuras,Elejandria
cuento_0406.txt,La Argonáutica - Parte 333,Anonimo,heroes_y_aventuras,Elejandria
cuento_0407.txt,La Argonáutica - Parte 334,Anonimo,heroes_y_aventuras,Elejandria
cuento_0408.txt,La Argonáutica - Parte 335,Anonimo,heroes_y_aventuras,Elejandria
cuento_0409.txt,La Argonáutica - Parte 336,Anonimo,heroes_y_aventuras,Elejandria
cuento_0410.txt,La Argonáutica - Parte 337,Anonimo,heroes_y_aventuras,Elejandria
cuento_0411.txt,La Argonáutica - Parte 338,Anonimo,heroes_y_aventuras,Elejandria
cuento_0412.txt,La Argonáutica - Parte 339,Anonimo,heroes_y_aventuras,Elejandria
cuento_0413.txt,La Argonáutica - Parte 340,Anonimo,heroes_y_aventuras,Elejandria
cuento_0414.txt,La Argonáutica - Parte 341,Anonimo,heroes_y_aventuras,Elejandria
cuento_0415.txt,La Argonáutica - Parte 342,Anonimo,heroes_y_aventuras,Elejandria
cuento_0416.txt,La Argonáutica - Parte 343,Anonimo,heroes_y_aventuras,Elejandria
cuento_0417.txt,La Argonáutica - Parte 344,Anonimo,heroes_y_aventuras,Elejandria
cuento_0418.txt,La Argonáutica - Parte 345,Anonimo,heroes_y_aventuras,Elejandria
cuento_0419.txt,La Argonáutica - Parte 346,Anonimo,heroes_y_aventuras,Elejandria
cuento_0420.txt,La Argonáutica - Parte 347,Anonimo,heroes_y_aventuras,Elejandria
cuento_0421.txt,La Argonáutica - Parte 348,Anonimo,heroes_y_aventuras,Elejandria
cuento_0422.txt,La Argonáutica - Parte 349,Anonimo,heroes_y_aventuras,Elejandria
cuento_0423.txt,La Argonáutica - Parte 350,Anonimo,heroes_y_aventuras,Elejandria
cuento_0424.txt,La Argonáutica - Parte 351,Anonimo,heroes_y_aventuras,Elejandria
cuento_0425.txt,La Argonáutica - Parte 352,Anonimo,heroes_y_aventuras,Elejandria
cuento_0426.txt,La Argonáutica - Parte 353,Anonimo,heroes_y_aventuras,Elejandria
cuento_0427.txt,La Argonáutica - Parte 354,Anonimo,heroes_y_aventuras,Elejandria
cuento_0428.txt,La Argonáutica - Parte 355,Anonimo,heroes_y_aventuras,Elejandria
cuento_0429.txt,La Argonáutica - Parte 356,Anonimo,heroes_y_aventuras,Elejandria
cuento_0430.txt,La Argonáutica - Parte 357,Anonimo,heroes_y_aventuras,Elejandria
cuento_0431.txt,La Argonáutica - Parte 358,Anonimo,heroes_y_aventuras,Elejandria
cuento_0432.txt,La Argonáutica - Parte 359,Anonimo,heroes_y_aventuras,Elejandria
cuento_0433.txt,La Argonáutica - Parte 360,Anonimo,heroes_y_aventuras,Elejandria
cuento_0434.txt,La Argonáutica - Parte 361,Anonimo,heroes_y_aventuras,Elejandria
cuento_0435.txt,La Argonáutica - Parte 362,Anonimo,heroes_y_aventuras,Elejandria
cuento_0436.txt,La Argonáutica - Parte 363,Anonimo,heroes_y_aventuras,Elejandria
cuento_0437.txt,La Argonáutica - Parte 364,Anonimo,heroes_y_aventuras,Elejandria
cuento_0438.txt,La Argonáutica - Parte 365,Anonimo,heroes_y_aventuras,Elejandria
cuento_0439.txt,La Argonáutica - Parte 366,Anonimo,heroes_y_aventuras,Elejandria
cuento_0440.txt,La Argonáutica - Parte 367,Anonimo,heroes_y_aventuras,Elejandria
cuento_0441.txt,La Argonáutica - Parte 368,Anonimo,heroes_y_aventuras,Elejandria
cuento_0442.txt,La Argonáutica - Parte 369,Anonimo,heroes_y_aventuras,Elejandria
cuento_0443.txt,La Argonáutica - Parte 370,Anonimo,heroes_y_aventuras,Elejandria
cuento_0444.txt,La Argonáutica - Parte 371,Anonimo,heroes_y_aventuras,Elejandria
cuento_0445.txt,La Argonáutica - Parte 372,Anonimo,heroes_y_aventuras,Elejandria
cuento_0446.txt,La Argonáutica - Parte 373,Anonimo,heroes_y_aventuras,Elejandria
cuento_0447.txt,La Argonáutica - Parte 374,Anonimo,heroes_y_aventuras,Elejandria
cuento_0448.txt,La Argonáutica - Parte 375,Anonimo,heroes_y_aventuras,Elejandria
cuento_0449.txt,La Argonáutica - Parte 376,Anonimo,heroes_y_aventuras,Elejandria
cuento_0450.txt,La Argonáutica - Parte 377,Anonimo,heroes_y_aventuras,Elejandria
cuento_0451.txt,La Argonáutica - Parte 378,Anonimo,heroes_y_aventuras,Elejandria
cuento_0452.txt,La Argonáutica - Parte 379,Anonimo,heroes_y_aventuras,Elejandria
cuento_0453.txt,La Argonáutica - Parte 380,Anonimo,heroes_y_aventuras,Elejandria
cuento_0454.txt,La Argonáutica - Parte 381,Anonimo,heroes_y_aventuras,Elejandria
cuento_0455.txt,La Argonáutica - Parte 382,Anonimo,heroes_y_aventuras,Elejandria
cuento_0456.txt,La Argonáutica - Parte 383,Anonimo,heroes_y_aventuras,Elejandria
cuento_0457.txt,La Argonáutica - Parte 384,Anonimo,heroes_y_aventuras,Elejandria
cuento_0458.txt,La Argonáutica - Parte 385,Anonimo,heroes_y_aventuras,Elejandria
cuento_0459.txt,La Argonáutica - Parte 386,Anonimo,heroes_y_aventuras,Elejandria
cuento_0460.txt,La Argonáutica - Parte 387,Anonimo,heroes_y_aventuras,Elejandria
cuento_0461.txt,La Argonáutica - Parte 388,Anonimo,heroes_y_aventuras,Elejandria
cuento_0462.txt,La Argonáutica - Parte 389,Anonimo,heroes_y_aventuras,Elejandria
cuento_0463.txt,La Argonáutica - Parte 390,Anonimo,heroes_y_aventuras,Elejandria
cuento_0464.txt,La Argonáutica - Parte 391,Anonimo,heroes_y_aventuras,Elejandria
cuento_0465.txt,La Argonáutica - Parte 392,Anonimo,heroes_y_aventuras,Elejandria
cuento_0466.txt,La Argonáutica - Parte 393,Anonimo,heroes_y_aventuras,Elejandria
cuento_0467.txt,La Argonáutica - Parte 394,Anonimo,heroes_y_aventuras,Elejandria
cuento_0468.txt,La Argonáutica - Parte 395,Anonimo,heroes_y_aventuras,Elejandria
cuento_0469.txt,La Argonáutica - Parte 396,Anonimo,heroes_y_aventuras,Elejandria
cuento_0470.txt,La Argonáutica - Parte 397,Anonimo,heroes_y_aventuras,Elejandria
cuento_0471.txt,La Argonáutica - Parte 398,Anonimo,heroes_y_aventuras,Elejandria
cuento_0472.txt,La Argonáutica - Parte 399,Anonimo,heroes_y_aventuras,Elejandria
cuento_0473.txt,La Argonáutica - Parte 400,Anonimo,heroes_y_aventuras,Elejandria
cuento_0474.txt,La Argonáutica - Parte 401,Anonimo,heroes_y_aventuras,Elejandria
cuento_0475.txt,La Argonáutica - Parte 402,Anonimo,heroes_y_aventuras,Elejandria
cuento_0476.txt,La Argonáutica - Parte 403,Anonimo,heroes_y_aventuras,Elejandria
cuento_0477.txt,La Argonáutica - Parte 404,Anonimo,heroes_y_aventuras,Elejandria
cuento_0478.txt,La Argonáutica - Parte 405,Anonimo,heroes_y_aventuras,Elejandria
cuento_0479.txt,La Argonáutica - Parte 406,Anonimo,heroes_y_aventuras,Elejandria
cuento_0480.txt,La Argonáutica - Parte 407,Anonimo,heroes_y_aventuras,Elejandria
cuento_0481.txt,La Argonáutica - Parte 408,Anonimo,heroes_y_aventuras,Elejandria
cuento_0482.txt,La Argonáutica - Parte 409,Anonimo,heroes_y_aventuras,Elejandria
cuento_0483.txt,La Argonáutica - Parte 410,Anonimo,heroes_y_aventuras,Elejandria
cuento_0484.txt,La Argonáutica - Parte 411,Anonimo,heroes_y_aventuras,Elejandria
cuento_0485.txt,La Argonáutica - Parte 412,Anonimo,heroes_y_aventuras,Elejandria
cuento_0486.txt,La Argonáutica - Parte 413,Anonimo,heroes_y_aventuras,Elejandria
cuento_0487.txt,La Argonáutica - Parte 414,Anonimo,heroes_y_aventuras,Elejandria
cuento_0488.txt,La Argonáutica - Parte 415,Anonimo,heroes_y_aventuras,Elejandria
cuento_0489.txt,La Argonáutica - Parte 416,Anonimo,heroes_y_aventuras,Elejandria
cuento_0490.txt,La Argonáutica - Parte 417,Anonimo,heroes_y_aventuras,Elejandria
cuento_0491.txt,La Argonáutica - Parte 418,Anonimo,heroes_y_aventuras,Elejandria
cuento_0492.txt,La Argonáutica - Parte 419,Anonimo,heroes_y_aventuras,Elejandria
cuento_0493.txt,La Argonáutica - Parte 420,Anonimo,heroes_y_aventuras,Elejandria
cuento_0494.txt,La Argonáutica - Parte 421,Anonimo,heroes_y_aventuras,Elejandria
cuento_0495.txt,La Argonáutica - Parte 422,Anonimo,heroes_y_aventuras,Elejandria
cuento_0496.txt,La Argonáutica - Parte 423,Anonimo,heroes_y_aventuras,Elejandria
cuento_0497.txt,La Argonáutica - Parte 424,Anonimo,heroes_y_aventuras,Elejandria
cuento_0498.txt,La Argonáutica - Parte 425,Anonimo,heroes_y_aventuras,Elejandria
cuento_0499.txt,La Argonáutica - Parte 426,Anonimo,heroes_y_aventuras,Elejandria
cuento_0500.txt,La Argonáutica - Parte 427,Anonimo,heroes_y_aventuras,Elejandria
cuento_0501.txt,La Argonáutica - Parte 428,Anonimo,heroes_y_aventuras,Elejandria
cuento_0502.txt,La Argonáutica - Parte 429,Anonimo,heroes_y_aventuras,Elejandria
cuento_0503.txt,La Argonáutica - Parte 430,Anonimo,heroes_y_aventuras,Elejandria
cuento_0504.txt,La Argonáutica - Parte 431,Anonimo,heroes_y_aventuras,Elejandria
cuento_0505.txt,La Argonáutica - Parte 432,Anonimo,heroes_y_aventuras,Elejandria
cuento_0506.txt,La Argonáutica - Parte 433,Anonimo,heroes_y_aventuras,Elejandria
cuento_0507.txt,La Argonáutica - Parte 434,Anonimo,heroes_y_aventuras,Elejandria
cuento_0508.txt,La Argonáutica - Parte 435,Anonimo,heroes_y_aventuras,Elejandria
cuento_0509.txt,La Argonáutica - Parte 436,Anonimo,heroes_y_aventuras,Elejandria
cuento_0510.txt,La Argonáutica - Parte 437,Anonimo,heroes_y_aventuras,Elejandria
cuento_0511.txt,La Argonáutica - Parte 438,Anonimo,heroes_y_aventuras,Elejandria
cuento_0512.txt,La Argonáutica - Parte 439,Anonimo,heroes_y_aventuras,Elejandria
cuento_0513.txt,La Argonáutica - Parte 440,Anonimo,heroes_y_aventuras,Elejandria
cuento_0514.txt,La Argonáutica - Parte 441,Anonimo,heroes_y_aventuras,Elejandria
cuento_0515.txt,La Argonáutica - Parte 442,Anonimo,heroes_y_aventuras,Elejandria
cuento_0516.txt,La Argonáutica - Parte 443,Anonimo,heroes_y_aventuras,Elejandria
cuento_0517.txt,La Argonáutica - Parte 444,Anonimo,heroes_y_aventuras,Elejandria
cuento_0518.txt,La Argonáutica - Parte 445,Anonimo,heroes_y_aventuras,Elejandria
cuento_0519.txt,La Argonáutica - Parte 446,Anonimo,heroes_y_aventuras,Elejandria
cuento_0520.txt,La Argonáutica - Parte 447,Anonimo,heroes_y_aventuras,Elejandria
cuento_0521.txt,La Argonáutica - Parte 448,Anonimo,heroes_y_aventuras,Elejandria
cuento_0522.txt,La Argonáutica - Parte 449,Anonimo,heroes_y_aventuras,Elejandria
cuento_0523.txt,La Argonáutica - Parte 450,Anonimo,heroes_y_aventuras,Elejandria
cuento_0524.txt,La Argonáutica - Parte 451,Anonimo,heroes_y_aventuras,Elejandria
cuento_0525.txt,La Argonáutica - Parte 452,Anonimo,heroes_y_aventuras,Elejandria
cuento_0526.txt,La Argonáutica - Parte 453,Anonimo,heroes_y_aventuras,Elejandria
cuento_0527.txt,La Argonáutica - Parte 454,Anonimo,heroes_y_aventuras,Elejandria
cuento_0528.txt,"Arsenio Lupin, caballero ladrón - Parte 1",Maurice Leblanc,heroes_y_aventuras,Elejandria
cuento_0529.txt,"Arsenio Lupin, caballero ladrón - Parte 2",Maurice Leblanc,heroes_y_aventuras,Elejandria
cuento_0530.txt,"Arsenio Lupin, caballero ladrón - Parte 3",Maurice Leblanc,heroes_y_aventuras,Elejandria
cuento_0531.txt,"Arsenio Lupin, caballero ladrón - Parte 4",Maurice Leblanc,heroes_y_aventuras,Elejandria
cuento_0532.txt,"Arsenio Lupin, caballero ladrón - Parte 5",Maurice Leblanc,heroes_y_aventuras,Elejandria
cuento_0533.txt,"Arsenio Lupin, caballero ladrón - Parte 6",Maurice Leblanc,heroes_y_aventuras,Elejandria
cuento_0534.txt,Arsenio Lupin en prisión,Maurice Leblanc,heroes_y_aventuras,Elejandria
cuento_0535.txt,Aventuras de un niño irlandés - Parte 1,Jules Verne,heroes_y_aventuras,Elejandria
cuento_0536.txt,Aventuras de un niño irlandés - Parte 2,Jules Verne,heroes_y_aventuras,Elejandria
cuento_0537.txt,Aventuras de un niño irlandés - Parte 3,Jules Verne,heroes_y_aventuras,Elejandria
cuento_0538.txt,Aventuras de un niño irlandés - Parte 4,Jules Verne,heroes_y_aventuras,Elejandria
cuento_0539.txt,Aventuras de un niño irlandés - Parte 5,Jules Verne,heroes_y_aventuras,Elejandria
cuento_0540.txt,Aventuras de un niño irlandés - Parte 6,Jules Verne,heroes_y_aventuras,Elejandria
cuento_0541.txt,Aventuras de un niño irlandés - Parte 7,Jules Verne,heroes_y_aventuras,Elejandria
cuento_0542.txt,Aventuras de un niño irlandés - Parte 8,Jules Verne,heroes_y_aventuras,Elejandria
cuento_0543.txt,Aventuras de un niño irlandés - Parte 9,Jules Verne,heroes_y_aventuras,Elejandria
cuento_0544.txt,Aventuras de un niño irlandés - Parte 10,Jules Verne,heroes_y_aventuras,Elejandria
cuento_0545.txt,Aventuras de un niño irlandés - Parte 11,Jules Verne,heroes_y_aventuras,Elejandria
cuento_0546.txt,Aventuras de un niño irlandés - Parte 12,Jules Verne,heroes_y_aventuras,Elejandria
cuento_0547.txt,Aventuras de un niño irlandés - Parte 13,Jules Verne,heroes_y_aventuras,Elejandria
cuento_0548.txt,Aventuras de un niño irlandés - Parte 14,Jules Verne,heroes_y_aventuras,Elejandria
cuento_0549.txt,Aventuras de un niño irlandés - Parte 15,Jules Verne,heroes_y_aventuras,Elejandria
cuento_0550.txt,Aventuras de un niño irlandés - Parte 16,Jules Verne,heroes_y_aventuras,Elejandria
cuento_0551.txt,Aventuras de un niño irlandés - Parte 17,Jules Verne,heroes_y_aventuras,Elejandria
cuento_0552.txt,Aventuras de un niño irlandés - Parte 18,Jules Verne,heroes_y_aventuras,Elejandria
cuento_0553.txt,Aventuras de un niño irlandés - Parte 19,Jules Verne,heroes_y_aventuras,Elejandria
cuento_0554.txt,Aventuras de un niño irlandés - Parte 20,Jules Verne,heroes_y_aventuras,Elejandria
cuento_0555.txt,Aventuras de un niño irlandés - Parte 21,Jules Verne,heroes_y_aventuras,Elejandria
cuento_0556.txt,Aventuras de un niño irlandés - Parte 22,Jules Verne,heroes_y_aventuras,Elejandria
cuento_0557.txt,Aventuras de un niño irlandés - Parte 23,Jules Verne,heroes_y_aventuras,Elejandria
cuento_0558.txt,Aventuras de un niño irlandés - Parte 24,Jules Verne,heroes_y_aventuras,Elejandria
cuento_0559.txt,Aventuras de un niño irlandés - Parte 25,Jules Verne,heroes_y_aventuras,Elejandria
cuento_0560.txt,Aventuras de un niño irlandés - Parte 26,Jules Verne,heroes_y_aventuras,Elejandria
cuento_0561.txt,Aventuras de un niño irlandés - Parte 27,Jules Verne,heroes_y_aventuras,Elejandria
cuento_0562.txt,Aventuras de un niño irlandés - Parte 28,Jules Verne,heroes_y_aventuras,Elejandria
cuento_0563.txt,Aventuras de un niño irlandés - Parte 29,Jules Verne,heroes_y_aventuras,Elejandria
cuento_0564.txt,Aventuras de un niño irlandés - Parte 30,Jules Verne,heroes_y_aventuras,Elejandria
cuento_0565.txt,Aventuras de un niño irlandés - Parte 31,Jules Verne,heroes_y_aventuras,Elejandria
cuento_0566.txt,Aventuras de un niño irlandés - Parte 32,Jules Verne,heroes_y_aventuras,Elejandria
cuento_0567.txt,Aventuras de un niño irlandés - Parte 33,Jules Verne,heroes_y_aventuras,Elejandria
cuento_0568.txt,Aventuras de un niño irlandés - Parte 34,Jules Verne,heroes_y_aventuras,Elejandria
cuento_0569.txt,Aventuras de un niño irlandés - Parte 35,Jules Verne,heroes_y_aventuras,Elejandria
cuento_0570.txt,Aventuras de un niño irlandés - Parte 36,Jules Verne,heroes_y_aventuras,Elejandria
cuento_0571.txt,Aventuras de un niño irlandés - Parte 37,Jules Verne,heroes_y_aventuras,Elejandria
cuento_0572.txt,Aventuras de un niño irlandés - Parte 38,Jules Verne,heroes_y_aventuras,Elejandria
cuento_0573.txt,Aventuras de un niño irlandés - Parte 39,Jules Verne,heroes_y_aventuras,Elejandria
cuento_0574.txt,Aventuras de un niño irlandés - Parte 40,Jules Verne,heroes_y_aventuras,Elejandria
cuento_0575.txt,Aventuras de un niño irlandés - Parte 41,Jules Verne,heroes_y_aventuras,Elejandria
cuento_0576.txt,Aventuras de un niño irlandés - Parte 42,Jules Verne,heroes_y_aventuras,Elejandria
cuento_0577.txt,Aventuras de un niño irlandés - Parte 43,Jules Verne,heroes_y_aventuras,Elejandria
cuento_0578.txt,Aventuras de un niño irlandés - Parte 44,Jules Verne,heroes_y_aventuras,Elejandria
cuento_0579.txt,Aventuras de un niño irlandés - Parte 45,Jules Verne,heroes_y_aventuras,Elejandria
cuento_0580.txt,Aventuras de un niño irlandés - Parte 46,Jules Verne,heroes_y_aventuras,Elejandria
cuento_0581.txt,Bâtard,Jack London,heroes_y_aventuras,Elejandria
cuento_0582.txt,Cantar de Mio Cid - Parte 1,Anonimo,heroes_y_aventuras,Elejandria
cuento_0583.txt,Cantar de Mio Cid - Parte 2,Anonimo,heroes_y_aventuras,Elejandria
cuento_0584.txt,Cantar de Mio Cid - Parte 3,Anonimo,heroes_y_aventuras,Elejandria
cuento_0585.txt,Caperucita Roja,Charles Perrault,heroes_y_aventuras,Elejandria
cuento_0586.txt,Capitanes intrépidos - Parte 1,Rudyard Kipling,heroes_y_aventuras,Elejandria
cuento_0587.txt,Capitanes intrépidos - Parte 2,Rudyard Kipling,heroes_y_aventuras,Elejandria
cuento_0588.txt,Capitanes intrépidos - Parte 3,Rudyard Kipling,heroes_y_aventuras,Elejandria
cuento_0589.txt,Capitanes intrépidos - Parte 4,Rudyard Kipling,heroes_y_aventuras,Elejandria
cuento_0590.txt,Capitanes intrépidos - Parte 5,Rudyard Kipling,heroes_y_aventuras,Elejandria
cuento_0591.txt,Capitanes intrépidos - Parte 6,Rudyard Kipling,heroes_y_aventuras,Elejandria
cuento_0592.txt,Capitanes intrépidos - Parte 7,Rudyard Kipling,heroes_y_aventuras,Elejandria
cuento_0593.txt,Capitanes intrépidos - Parte 8,Rudyard Kipling,heroes_y_aventuras,Elejandria
cuento_0594.txt,Capitanes intrépidos - Parte 9,Rudyard Kipling,heroes_y_aventuras,Elejandria
cuento_0595.txt,Capitanes intrépidos - Parte 10,Rudyard Kipling,heroes_y_aventuras,Elejandria
cuento_0596.txt,Capitanes intrépidos - Parte 11,Rudyard Kipling,heroes_y_aventuras,Elejandria
cuento_0597.txt,Cara Perdida,Jack London,heroes_y_aventuras,Elejandria
cuento_0598.txt,Cinco semanas en globo - Parte 1,Julio Verne,heroes_y_aventuras,Elejandria
cuento_0599.txt,Cinco semanas en globo - Parte 2,Julio Verne,heroes_y_aventuras,Elejandria
cuento_0600.txt,Cinco semanas en globo - Parte 3,Julio Verne,heroes_y_aventuras,Elejandria
cuento_0601.txt,Cinco semanas en globo - Parte 4,Julio Verne,heroes_y_aventuras,Elejandria
cuento_0602.txt,Cinco semanas en globo - Parte 5,Julio Verne,heroes_y_aventuras,Elejandria
cuento_0603.txt,Cinco semanas en globo - Parte 6,Julio Verne,heroes_y_aventuras,Elejandria
cuento_0604.txt,Cinco semanas en globo - Parte 7,Julio Verne,heroes_y_aventuras,Elejandria
cuento_0605.txt,Cinco semanas en globo - Parte 8,Julio Verne,heroes_y_aventuras,Elejandria
cuento_0606.txt,Cinco semanas en globo - Parte 9,Julio Verne,heroes_y_aventuras,Elejandria
cuento_0607.txt,Cinco semanas en globo - Parte 10,Julio Verne,heroes_y_aventuras,Elejandria
cuento_0608.txt,Cinco semanas en globo - Parte 11,Julio Verne,heroes_y_aventuras,Elejandria
cuento_0609.txt,Cinco semanas en globo - Parte 12,Julio Verne,heroes_y_aventuras,Elejandria
cuento_0610.txt,Cinco semanas en globo - Parte 13,Julio Verne,heroes_y_aventuras,Elejandria
cuento_0611.txt,Cinco semanas en globo - Parte 14,Julio Verne,heroes_y_aventuras,Elejandria
cuento_0612.txt,Cinco semanas en globo - Parte 15,Julio Verne,heroes_y_aventuras,Elejandria
cuento_0613.txt,Cinco semanas en globo - Parte 16,Julio Verne,heroes_y_aventuras,Elejandria
cuento_0614.txt,Cinco semanas en globo - Parte 17,Julio Verne,heroes_y_aventuras,Elejandria
cuento_0615.txt,Cinco semanas en globo - Parte 18,Julio Verne,heroes_y_aventuras,Elejandria
cuento_0616.txt,Cinco semanas en globo - Parte 19,Julio Verne,heroes_y_aventuras,Elejandria
cuento_0617.txt,Cinco semanas en globo - Parte 20,Julio Verne,heroes_y_aventuras,Elejandria
cuento_0618.txt,Cinco semanas en globo - Parte 21,Julio Verne,heroes_y_aventuras,Elejandria
cuento_0619.txt,Cinco semanas en globo - Parte 22,Julio Verne,heroes_y_aventuras,Elejandria
cuento_0620.txt,Cinco semanas en globo - Parte 23,Julio Verne,heroes_y_aventuras,Elejandria
cuento_0621.txt,Cinco semanas en globo - Parte 24,Julio Verne,heroes_y_aventuras,Elejandria
cuento_0622.txt,Cinco semanas en globo - Parte 25,Julio Verne,heroes_y_aventuras,Elejandria
cuento_0623.txt,Cinco semanas en globo - Parte 26,Julio Verne,heroes_y_aventuras,Elejandria
cuento_0624.txt,Cinco semanas en globo - Parte 27,Julio Verne,heroes_y_aventuras,Elejandria
cuento_0625.txt,Cinco semanas en globo - Parte 28,Julio Verne,heroes_y_aventuras,Elejandria
cuento_0626.txt,Cinco semanas en globo - Parte 29,Julio Verne,heroes_y_aventuras,Elejandria
cuento_0627.txt,Cinco semanas en globo - Parte 30,Julio Verne,heroes_y_aventuras,Elejandria
cuento_0628.txt,Cinco semanas en globo - Parte 31,Julio Verne,heroes_y_aventuras,Elejandria
cuento_0629.txt,Cinco semanas en globo - Parte 32,Julio Verne,heroes_y_aventuras,Elejandria
cuento_0630.txt,Cinco semanas en globo - Parte 33,Julio Verne,heroes_y_aventuras,Elejandria
cuento_0631.txt,Cinco semanas en globo - Parte 34,Julio Verne,heroes_y_aventuras,Elejandria
cuento_0632.txt,Cinco semanas en globo - Parte 35,Julio Verne,heroes_y_aventuras,Elejandria
cuento_0633.txt,Cinco semanas en globo - Parte 36,Julio Verne,heroes_y_aventuras,Elejandria
cuento_0634.txt,Cinco semanas en globo - Parte 37,Julio Verne,heroes_y_aventuras,Elejandria
cuento_0635.txt,Cinco semanas en globo - Parte 38,Julio Verne,heroes_y_aventuras,Elejandria
cuento_0636.txt,Cinco semanas en globo - Parte 39,Julio Verne,heroes_y_aventuras,Elejandria
cuento_0637.txt,Cinco semanas en globo - Parte 40,Julio Verne,heroes_y_aventuras,Elejandria
cuento_0638.txt,Cinco semanas en globo - Parte 41,Julio Verne,heroes_y_aventuras,Elejandria
cuento_0639.txt,Cinco semanas en globo - Parte 42,Julio Verne,heroes_y_aventuras,Elejandria
cuento_0640.txt,Cinco semanas en globo - Parte 43,Julio Verne,heroes_y_aventuras,Elejandria
cuento_0641.txt,Cinco semanas en globo - Parte 44,Julio Verne,heroes_y_aventuras,Elejandria
cuento_0642.txt,Claus el Grande y Claus el Pequeño,Hans Christian Andersen,heroes_y_aventuras,Elejandria
cuento_0643.txt,Colmillo Blanco - Parte 1,Jack London,heroes_y_aventuras,Elejandria
cuento_0644.txt,Colmillo Blanco - Parte 2,Jack London,heroes_y_aventuras,Elejandria
cuento_0645.txt,Colmillo Blanco - Parte 3,Jack London,heroes_y_aventuras,Elejandria
cuento_0646.txt,Colmillo Blanco - Parte 4,Jack London,heroes_y_aventuras,Elejandria
cuento_0647.txt,Colmillo Blanco - Parte 5,Jack London,heroes_y_aventuras,Elejandria
cuento_0648.txt,Colmillo Blanco - Parte 6,Jack London,heroes_y_aventuras,Elejandria
cuento_0649.txt,Colmillo Blanco - Parte 7,Jack London,heroes_y_aventuras,Elejandria
cuento_0650.txt,Colmillo Blanco - Parte 8,Jack London,heroes_y_aventuras,Elejandria
cuento_0651.txt,Colmillo Blanco - Parte 9,Jack London,heroes_y_aventuras,Elejandria
cuento_0652.txt,Colmillo Blanco - Parte 10,Jack London,heroes_y_aventuras,Elejandria
cuento_0653.txt,Colmillo Blanco - Parte 11,Jack London,heroes_y_aventuras,Elejandria
cuento_0654.txt,Colmillo Blanco - Parte 12,Jack London,heroes_y_aventuras,Elejandria
cuento_0655.txt,Colmillo Blanco - Parte 13,Jack London,heroes_y_aventuras,Elejandria
cuento_0656.txt,Colmillo Blanco - Parte 14,Jack London,heroes_y_aventuras,Elejandria
cuento_0657.txt,Colmillo Blanco - Parte 15,Jack London,heroes_y_aventuras,Elejandria
cuento_0658.txt,Colmillo Blanco - Parte 16,Jack London,heroes_y_aventuras,Elejandria
cuento_0659.txt,Colmillo Blanco - Parte 17,Jack London,heroes_y_aventuras,Elejandria
cuento_0660.txt,Colmillo Blanco - Parte 18,Jack London,heroes_y_aventuras,Elejandria
cuento_0661.txt,Colmillo Blanco - Parte 19,Jack London,heroes_y_aventuras,Elejandria
cuento_0662.txt,Colmillo Blanco - Parte 20,Jack London,heroes_y_aventuras,Elejandria
cuento_0663.txt,Colmillo Blanco - Parte 21,Jack London,heroes_y_aventuras,Elejandria
cuento_0664.txt,Colmillo Blanco - Parte 22,Jack London,heroes_y_aventuras,Elejandria
cuento_0665.txt,Colmillo Blanco - Parte 23,Jack London,heroes_y_aventuras,Elejandria
cuento_0666.txt,Colmillo Blanco - Parte 24,Jack London,heroes_y_aventuras,Elejandria
cuento_0667.txt,Colmillo Blanco - Parte 25,Jack London,heroes_y_aventuras,Elejandria
cuento_0668.txt,11- Conan de Aquilonia - Parte 1,Robert Ervin Howard,heroes_y_aventuras,Elejandria
cuento_0669.txt,11- Conan de Aquilonia - Parte 2,Robert Ervin Howard,heroes_y_aventuras,Elejandria
cuento_0670.txt,11- Conan de Aquilonia - Parte 3,Robert Ervin Howard,heroes_y_aventuras,Elejandria
cuento_0671.txt,11- Conan de Aquilonia - Parte 4,Robert Ervin Howard,heroes_y_aventuras,Elejandria
cuento_0672.txt,11- Conan de Aquilonia - Parte 5,Robert Ervin Howard,heroes_y_aventuras,Elejandria
cuento_0673.txt,11- Conan de Aquilonia - Parte 6,Robert Ervin Howard,heroes_y_aventuras,Elejandria
cuento_0674.txt,11- Conan de Aquilonia - Parte 7,Robert Ervin Howard,heroes_y_aventuras,Elejandria
cuento_0675.txt,11- Conan de Aquilonia - Parte 8,Robert Ervin Howard,heroes_y_aventuras,Elejandria
cuento_0676.txt,11- Conan de Aquilonia - Parte 9,Robert Ervin Howard,heroes_y_aventuras,Elejandria
cuento_0677.txt,11- Conan de Aquilonia - Parte 10,Robert Ervin Howard,heroes_y_aventuras,Elejandria
cuento_0678.txt,11- Conan de Aquilonia - Parte 11,Robert Ervin Howard,heroes_y_aventuras,Elejandria
cuento_0679.txt,11- Conan de Aquilonia - Parte 12,Robert Ervin Howard,heroes_y_aventuras,Elejandria
cuento_0680.txt,11- Conan de Aquilonia - Parte 13,Robert Ervin Howard,heroes_y_aventuras,Elejandria
cuento_0681.txt,11- Conan de Aquilonia - Parte 14,Robert Ervin Howard,heroes_y_aventuras,Elejandria
cuento_0682.txt,11- Conan de Aquilonia - Parte 15,Robert Ervin Howard,heroes_y_aventuras,Elejandria
cuento_0683.txt,11- Conan de Aquilonia - Parte 16,Robert Ervin Howard,heroes_y_aventuras,Elejandria
cuento_0684.txt,11- Conan de Aquilonia - Parte 17,Robert Ervin Howard,heroes_y_aventuras,Elejandria
cuento_0685.txt,11- Conan de Aquilonia - Parte 18,Robert Ervin Howard,heroes_y_aventuras,Elejandria
cuento_0686.txt,11- Conan de Aquilonia - Parte 19,Robert Ervin Howard,heroes_y_aventuras,Elejandria
cuento_0687.txt,11- Conan de Aquilonia - Parte 20,Robert Ervin Howard,heroes_y_aventuras,Elejandria
cuento_0688.txt,11- Conan de Aquilonia - Parte 21,Robert Ervin Howard,heroes_y_aventuras,Elejandria
cuento_0689.txt,11- Conan de Aquilonia - Parte 22,Robert Ervin Howard,heroes_y_aventuras,Elejandria
cuento_0690.txt,11- Conan de Aquilonia - Parte 23,Robert Ervin Howard,heroes_y_aventuras,Elejandria
cuento_0691.txt,11- Conan de Aquilonia - Parte 24,Robert Ervin Howard,heroes_y_aventuras,Elejandria
cuento_0692.txt,11- Conan de Aquilonia - Parte 25,Robert Ervin Howard,heroes_y_aventuras,Elejandria
cuento_0693.txt,11- Conan de Aquilonia - Parte 26,Robert Ervin Howard,heroes_y_aventuras,Elejandria
cuento_0694.txt,11- Conan de Aquilonia - Parte 27,Robert Ervin Howard,heroes_y_aventuras,Elejandria
cuento_0695.txt,11- Conan de Aquilonia - Parte 28,Robert Ervin Howard,heroes_y_aventuras,Elejandria
cuento_0696.txt,11- Conan de Aquilonia - Parte 29,Robert Ervin Howard,heroes_y_aventuras,Elejandria
cuento_0697.txt,11- Conan de Aquilonia - Parte 30,Robert Ervin Howard,heroes_y_aventuras,Elejandria
cuento_0698.txt,11- Conan de Aquilonia - Parte 31,Robert Ervin Howard,heroes_y_aventuras,Elejandria
cuento_0699.txt,11- Conan de Aquilonia - Parte 32,Robert Ervin Howard,heroes_y_aventuras,Elejandria
cuento_0700.txt,11- Conan de Aquilonia - Parte 33,Robert Ervin Howard,heroes_y_aventuras,Elejandria
cuento_0701.txt,11- Conan de Aquilonia - Parte 34,Robert Ervin Howard,heroes_y_aventuras,Elejandria
cuento_0702.txt,11- Conan de Aquilonia - Parte 35,Robert Ervin Howard,heroes_y_aventuras,Elejandria
cuento_0703.txt,11- Conan de Aquilonia - Parte 36,Robert Ervin Howard,heroes_y_aventuras,Elejandria
cuento_0704.txt,11- Conan de Aquilonia - Parte 37,Robert Ervin Howard,heroes_y_aventuras,Elejandria
cuento_0705.txt,11- Conan de Aquilonia - Parte 38,Robert Ervin Howard,heroes_y_aventuras,Elejandria
cuento_0706.txt,11- Conan de Aquilonia - Parte 39,Robert Ervin Howard,heroes_y_aventuras,Elejandria
cuento_0707.txt,11- Conan de Aquilonia - Parte 40,Robert Ervin Howard,heroes_y_aventuras,Elejandria
cuento_0708.txt,11- Conan de Aquilonia - Parte 41,Robert Ervin Howard,heroes_y_aventuras,Elejandria
cuento_0709.txt,11- Conan de Aquilonia - Parte 42,Robert Ervin Howard,heroes_y_aventuras,Elejandria
cuento_0710.txt,10-Conan de las islas - Parte 1,Robert Ervin Howard,heroes_y_aventuras,Elejandria
cuento_0711.txt,10-Conan de las islas - Parte 2,Robert Ervin Howard,heroes_y_aventuras,Elejandria
cuento_0712.txt,10-Conan de las islas - Parte 3,Robert Ervin Howard,heroes_y_aventuras,Elejandria
cuento_0713.txt,10-Conan de las islas - Parte 4,Robert Ervin Howard,heroes_y_aventuras,Elejandria
cuento_0714.txt,10-Conan de las islas - Parte 5,Robert Ervin Howard,heroes_y_aventuras,Elejandria
cuento_0715.txt,10-Conan de las islas - Parte 6,Robert Ervin Howard,heroes_y_aventuras,Elejandria
cuento_0716.txt,10-Conan de las islas - Parte 7,Robert Ervin Howard,heroes_y_aventuras,Elejandria
cuento_0717.txt,10-Conan de las islas - Parte 8,Robert Ervin Howard,heroes_y_aventuras,Elejandria
cuento_0718.txt,10-Conan de las islas - Parte 9,Robert Ervin Howard,heroes_y_aventuras,Elejandria
cuento_0719.txt,10-Conan de las islas - Parte 10,Robert Ervin Howard,heroes_y_aventuras,Elejandria
cuento_0720.txt,10-Conan de las islas - Parte 11,Robert Ervin Howard,heroes_y_aventuras,Elejandria
cuento_0721.txt,10-Conan de las islas - Parte 12,Robert Ervin Howard,heroes_y_aventuras,Elejandria
cuento_0722.txt,10-Conan de las islas - Parte 13,Robert Ervin Howard,heroes_y_aventuras,Elejandria
cuento_0723.txt,10-Conan de las islas - Parte 14,Robert Ervin Howard,heroes_y_aventuras,Elejandria
cuento_0724.txt,10-Conan de las islas - Parte 15,Robert Ervin Howard,heroes_y_aventuras,Elejandria
cuento_0725.txt,10-Conan de las islas - Parte 16,Robert Ervin Howard,heroes_y_aventuras,Elejandria
cuento_0726.txt,10-Conan de las islas - Parte 17,Robert Ervin Howard,heroes_y_aventuras,Elejandria
cuento_0727.txt,10-Conan de las islas - Parte 18,Robert Ervin Howard,heroes_y_aventuras,Elejandria
cuento_0728.txt,10-Conan de las islas - Parte 19,Robert Ervin Howard,heroes_y_aventuras,Elejandria
cuento_0729.txt,10-Conan de las islas - Parte 20,Robert Ervin Howard,heroes_y_aventuras,Elejandria
cuento_0730.txt,7-Conan el aventurero - Parte 1,Robert Ervin Howard,heroes_y_aventuras,Elejandria
cuento_0731.txt,7-Conan el aventurero - Parte 2,Robert Ervin Howard,heroes_y_aventuras,Elejandria
cuento_0732.txt,7-Conan el aventurero - Parte 3,Robert Ervin Howard,heroes_y_aventuras,Elejandria
cuento_0733.txt,7-Conan el aventurero - Parte 4,Robert Ervin Howard,heroes_y_aventuras,Elejandria
cuento_0734.txt,7-Conan el aventurero - Parte 5,Robert Ervin Howard,heroes_y_aventuras,Elejandria
cuento_0735.txt,7-Conan el aventurero - Parte 6,Robert Ervin Howard,heroes_y_aventuras,Elejandria
cuento_0736.txt,7-Conan el aventurero - Parte 7,Robert Ervin Howard,heroes_y_aventuras,Elejandria
cuento_0737.txt,7-Conan el aventurero - Parte 8,Robert Ervin Howard,heroes_y_aventuras,Elejandria
cuento_0738.txt,7-Conan el aventurero - Parte 9,Robert Ervin Howard,heroes_y_aventuras,Elejandria
cuento_0739.txt,1-conan-el-cimmerio-robert-ervin-howard - Parte 1,Robert Ervin Howard,heroes_y_aventuras,Elejandria
cuento_0740.txt,1-conan-el-cimmerio-robert-ervin-howard - Parte 2,Robert Ervin Howard,heroes_y_aventuras,Elejandria
cuento_0741.txt,1-conan-el-cimmerio-robert-ervin-howard - Parte 3,Robert Ervin Howard,heroes_y_aventuras,Elejandria
cuento_0742.txt,1-conan-el-cimmerio-robert-ervin-howard - Parte 4,Robert Ervin Howard,heroes_y_aventuras,Elejandria
cuento_0743.txt,1-conan-el-cimmerio-robert-ervin-howard - Parte 5,Robert Ervin Howard,heroes_y_aventuras,Elejandria
cuento_0744.txt,1-conan-el-cimmerio-robert-ervin-howard - Parte 6,Robert Ervin Howard,heroes_y_aventuras,Elejandria
cuento_0745.txt,1-conan-el-cimmerio-robert-ervin-howard - Parte 7,Robert Ervin Howard,heroes_y_aventuras,Elejandria
cuento_0746.txt,1-conan-el-cimmerio-robert-ervin-howard - Parte 8,Robert Ervin Howard,heroes_y_aventuras,Elejandria
cuento_0747.txt,1-conan-el-cimmerio-robert-ervin-howard - Parte 9,Robert Ervin Howard,heroes_y_aventuras,Elejandria
cuento_0748.txt,1-conan-el-cimmerio-robert-ervin-howard - Parte 10,Robert Ervin Howard,heroes_y_aventuras,Elejandria
cuento_0749.txt,1-conan-el-cimmerio-robert-ervin-howard - Parte 11,Robert Ervin Howard,heroes_y_aventuras,Elejandria
cuento_0750.txt,4-conan-el-conquistador-robert-ervin-howard - Parte 1,Robert Ervin Howard,heroes_y_aventuras,Elejandria
cuento_0751.txt,4-conan-el-conquistador-robert-ervin-howard - Parte 2,Robert Ervin Howard,heroes_y_aventuras,Elejandria
cuento_0752.txt,4-conan-el-conquistador-robert-ervin-howard - Parte 3,Robert Ervin Howard,heroes_y_aventuras,Elejandria
cuento_0753.txt,4-conan-el-conquistador-robert-ervin-howard - Parte 4,Robert Ervin Howard,heroes_y_aventuras,Elejandria
cuento_0754.txt,4-conan-el-conquistador-robert-ervin-howard - Parte 5,Robert Ervin Howard,heroes_y_aventuras,Elejandria
cuento_0755.txt,4-conan-el-conquistador-robert-ervin-howard - Parte 6,Robert Ervin Howard,heroes_y_aventuras,Elejandria
cuento_0756.txt,4-conan-el-conquistador-robert-ervin-howard - Parte 7,Robert Ervin Howard,heroes_y_aventuras,Elejandria
cuento_0757.txt,4-conan-el-conquistador-robert-ervin-howard - Parte 8,Robert Ervin Howard,heroes_y_aventuras,Elejandria
cuento_0758.txt,4-conan-el-conquistador-robert-ervin-howard - Parte 9,Robert Ervin Howard,heroes_y_aventuras,Elejandria
cuento_0759.txt,4-conan-el-conquistador-robert-ervin-howard - Parte 10,Robert Ervin Howard,heroes_y_aventuras,Elejandria
cuento_0760.txt,4-conan-el-conquistador-robert-ervin-howard - Parte 11,Robert Ervin Howard,heroes_y_aventuras,Elejandria
cuento_0761.txt,4-conan-el-conquistador-robert-ervin-howard - Parte 12,Robert Ervin Howard,heroes_y_aventuras,Elejandria
cuento_0762.txt,4-conan-el-conquistador-robert-ervin-howard - Parte 13,Robert Ervin Howard,heroes_y_aventuras,Elejandria
cuento_0763.txt,4-conan-el-conquistador-robert-ervin-howard - Parte 14,Robert Ervin Howard,heroes_y_aventuras,Elejandria
cuento_0764.txt,4-conan-el-conquistador-robert-ervin-howard - Parte 15,Robert Ervin Howard,heroes_y_aventuras,Elejandria
cuento_0765.txt,4-conan-el-conquistador-robert-ervin-howard - Parte 16,Robert Ervin Howard,heroes_y_aventuras,Elejandria
cuento_0766.txt,4-conan-el-conquistador-robert-ervin-howard - Parte 17,Robert Ervin Howard,heroes_y_aventuras,Elejandria
cuento_0767.txt,4-conan-el-conquistador-robert-ervin-howard - Parte 18,Robert Ervin Howard,heroes_y_aventuras,Elejandria
cuento_0768.txt,9-Conan el guerrero - Parte 1,Robert Ervin Howard,heroes_y_aventuras,Elejandria
cuento_0769.txt,9-Conan el guerrero - Parte 2,Robert Ervin Howard,heroes_y_aventuras,Elejandria
cuento_0770.txt,9-Conan el guerrero - Parte 3,Robert Ervin Howard,heroes_y_aventuras,Elejandria
cuento_0771.txt,9-Conan el guerrero - Parte 4,Robert Ervin Howard,heroes_y_aventuras,Elejandria
cuento_0772.txt,9-Conan el guerrero - Parte 5,Robert Ervin Howard,heroes_y_aventuras,Elejandria
cuento_0773.txt,9-Conan el guerrero - Parte 6,Robert Ervin Howard,heroes_y_aventuras,Elejandria
cuento_0774.txt,9-Conan el guerrero - Parte 7,Robert Ervin Howard,heroes_y_aventuras,Elejandria
cuento_0775.txt,9-Conan el guerrero - Parte 8,Robert Ervin Howard,heroes_y_aventuras,Elejandria
cuento_0776.txt,9-Conan el guerrero - Parte 9,Robert Ervin Howard,heroes_y_aventuras,Elejandria
cuento_0777.txt,9-Conan el guerrero - Parte 10,Robert Ervin Howard,heroes_y_aventuras,Elejandria
cuento_0778.txt,Conan el pirata,Robert Ervin Howard,heroes_y_aventuras,Elejandria
cuento_0779.txt,Conan el usurpador - Parte 1,Robert Ervin Howard,heroes_y_aventuras,Elejandria
cuento_0780.txt,Conan el usurpador - Parte 2,Robert Ervin Howard,heroes_y_aventuras,Elejandria
cuento_0781.txt,Conan el usurpador - Parte 3,Robert Ervin Howard,heroes_y_aventuras,Elejandria
cuento_0782.txt,Conan el usurpador - Parte 4,Robert Ervin Howard,heroes_y_aventuras,Elejandria
cuento_0783.txt,10- Conan el vengador-R. Howard - Parte 1,Robert Ervin Howard,heroes_y_aventuras,Elejandria
cuento_0784.txt,10- Conan el vengador-R. Howard - Parte 2,Robert Ervin Howard,heroes_y_aventuras,Elejandria
cuento_0785.txt,10- Conan el vengador-R. Howard - Parte 3,Robert Ervin Howard,heroes_y_aventuras,Elejandria
cuento_0786.txt,10- Conan el vengador-R. Howard - Parte 4,Robert Ervin Howard,heroes_y_aventuras,Elejandria
cuento_0787.txt,Cuentos completos. Vol. I - Parte 1,Julio Verne,heroes_y_aventuras,Elejandria
cuento_0788.txt,Cuentos completos. Vol. I - Parte 2,Julio Verne,heroes_y_aventuras,Elejandria
cuento_0789.txt,Cuentos completos. Vol. I - Parte 3,Julio Verne,heroes_y_aventuras,Elejandria
cuento_0790.txt,Cuentos completos. Vol. I - Parte 4,Julio Verne,heroes_y_aventuras,Elejandria
cuento_0791.txt,Cuentos completos. Vol. I - Parte 5,Julio Verne,heroes_y_aventuras,Elejandria
cuento_0792.txt,Cuentos completos. Vol. I - Parte 6,Julio Verne,heroes_y_aventuras,Elejandria
cuento_0793.txt,Cuentos completos. Vol. I - Parte 7,Julio Verne,heroes_y_aventuras,Elejandria
cuento_0794.txt,Cuentos completos. Vol. I - Parte 8,Julio Verne,heroes_y_aventuras,Elejandria
cuento_0795.txt,Cuentos completos. Vol. I - Parte 9,Julio Verne,heroes_y_aventuras,Elejandria
cuento_0796.txt,Cuentos completos. Vol. I - Parte 10,Julio Verne,heroes_y_aventuras,Elejandria
cuento_0797.txt,Cuentos completos. Vol. I - Parte 11,Julio Verne,heroes_y_aventuras,Elejandria
cuento_0798.txt,Cuentos completos. Vol. I - Parte 12,Julio Verne,heroes_y_aventuras,Elejandria
cuento_0799.txt,Cuentos completos. Vol. I - Parte 13,Julio Verne,heroes_y_aventuras,Elejandria
cuento_0800.txt,Cuentos completos. Vol. I - Parte 14,Julio Verne,heroes_y_aventuras,Elejandria
cuento_0801.txt,Cuentos completos. Vol. I - Parte 15,Julio Verne,heroes_y_aventuras,Elejandria
cuento_0802.txt,Cuentos completos. Vol. I - Parte 16,Julio Verne,heroes_y_aventuras,Elejandria
cuento_0803.txt,Cuentos completos. Vol. I - Parte 17,Julio Verne,heroes_y_aventuras,Elejandria
cuento_0804.txt,Cuentos completos. Vol. I - Parte 18,Julio Verne,heroes_y_aventuras,Elejandria
cuento_0805.txt,Cuentos completos. Vol. I - Parte 19,Julio Verne,heroes_y_aventuras,Elejandria
cuento_0806.txt,Cuentos completos. Vol. I - Parte 20,Julio Verne,heroes_y_aventuras,Elejandria
cuento_0807.txt,Cuentos completos. Vol. I - Parte 21,Julio Verne,heroes_y_aventuras,Elejandria
cuento_0808.txt,Cuentos completos. Vol. I - Parte 22,Julio Verne,heroes_y_aventuras,Elejandria
cuento_0809.txt,Cuentos completos. Vol. I - Parte 23,Julio Verne,heroes_y_aventuras,Elejandria
cuento_0810.txt,Cuentos completos. Vol. I - Parte 24,Julio Verne,heroes_y_aventuras,Elejandria
cuento_0811.txt,Cuentos completos. Vol. I - Parte 25,Julio Verne,heroes_y_aventuras,Elejandria
cuento_0812.txt,Cuentos completos. Vol. I - Parte 26,Julio Verne,heroes_y_aventuras,Elejandria
cuento_0813.txt,Cuentos completos. Vol. I - Parte 27,Julio Verne,heroes_y_aventuras,Elejandria
cuento_0814.txt,Cuentos completos. Vol. I - Parte 28,Julio Verne,heroes_y_aventuras,Elejandria
cuento_0815.txt,Cuentos completos. Vol. I - Parte 29,Julio Verne,heroes_y_aventuras,Elejandria
cuento_0816.txt,Cuentos completos. Vol. I - Parte 30,Julio Verne,heroes_y_aventuras,Elejandria
cuento_0817.txt,Cuentos completos. Vol. I - Parte 31,Julio Verne,heroes_y_aventuras,Elejandria
cuento_0818.txt,Cuentos completos. Vol. I - Parte 32,Julio Verne,heroes_y_aventuras,Elejandria
cuento_0819.txt,Cuentos completos. Vol. I - Parte 33,Julio Verne,heroes_y_aventuras,Elejandria
cuento_0820.txt,Cuentos completos. Vol. I - Parte 34,Julio Verne,heroes_y_aventuras,Elejandria
cuento_0821.txt,Cuentos completos. Vol. I - Parte 35,Julio Verne,heroes_y_aventuras,Elejandria
cuento_0822.txt,Cuentos completos. Vol. I - Parte 36,Julio Verne,heroes_y_aventuras,Elejandria
cuento_0823.txt,Cuentos completos. Vol. I - Parte 37,Julio Verne,heroes_y_aventuras,Elejandria
cuento_0824.txt,Cuentos completos. Vol. I - Parte 38,Julio Verne,heroes_y_aventuras,Elejandria
cuento_0825.txt,Cuentos completos. Vol. I - Parte 39,Julio Verne,heroes_y_aventuras,Elejandria
cuento_0826.txt,Cuentos completos. Vol. I - Parte 40,Julio Verne,heroes_y_aventuras,Elejandria
cuento_0827.txt,Cuentos completos. Vol. I - Parte 41,Julio Verne,heroes_y_aventuras,Elejandria
cuento_0828.txt,Cuentos completos. Vol. I - Parte 42,Julio Verne,heroes_y_aventuras,Elejandria
cuento_0829.txt,Cuentos completos. Vol. I - Parte 43,Julio Verne,heroes_y_aventuras,Elejandria
cuento_0830.txt,Cuentos completos. Vol. I - Parte 44,Julio Verne,heroes_y_aventuras,Elejandria
cuento_0831.txt,Cuentos completos. Vol. I - Parte 45,Julio Verne,heroes_y_aventuras,Elejandria
cuento_0832.txt,Cuentos completos. Vol. I - Parte 46,Julio Verne,heroes_y_aventuras,Elejandria
cuento_0833.txt,Cuentos completos. Vol. I - Parte 47,Julio Verne,heroes_y_aventuras,Elejandria
cuento_0834.txt,Cuentos completos. Vol. I - Parte 48,Julio Verne,heroes_y_aventuras,Elejandria
cuento_0835.txt,Cuentos completos. Vol. I - Parte 49,Julio Verne,heroes_y_aventuras,Elejandria
cuento_0836.txt,Cuentos completos. Vol. I - Parte 50,Julio Verne,heroes_y_aventuras,Elejandria
cuento_0837.txt,Cuentos completos. Vol. I - Parte 51,Julio Verne,heroes_y_aventuras,Elejandria
cuento_0838.txt,Cuentos completos. Vol. I - Parte 52,Julio Verne,heroes_y_aventuras,Elejandria
cuento_0839.txt,Cuentos completos. Vol. I - Parte 53,Julio Verne,heroes_y_aventuras,Elejandria
cuento_0840.txt,Cuentos completos. Vol. I - Parte 54,Julio Verne,heroes_y_aventuras,Elejandria
cuento_0841.txt,Cuentos completos. Vol. I - Parte 55,Julio Verne,heroes_y_aventuras,Elejandria
cuento_0842.txt,Cuentos completos. Vol. I - Parte 56,Julio Verne,heroes_y_aventuras,Elejandria
cuento_0843.txt,Cuentos completos. Vol. I - Parte 57,Julio Verne,heroes_y_aventuras,Elejandria
cuento_0844.txt,Cuentos completos. Vol. I - Parte 58,Julio Verne,heroes_y_aventuras,Elejandria
cuento_0845.txt,Cuentos completos. Vol. I - Parte 59,Julio Verne,heroes_y_aventuras,Elejandria
cuento_0846.txt,Cuentos completos. Vol. I - Parte 60,Julio Verne,heroes_y_aventuras,Elejandria
cuento_0847.txt,Cuentos completos. Vol. I - Parte 61,Julio Verne,heroes_y_aventuras,Elejandria
cuento_0848.txt,Cuentos completos. Vol. I - Parte 62,Julio Verne,heroes_y_aventuras,Elejandria
cuento_0849.txt,Cuentos completos. Vol. I - Parte 63,Julio Verne,heroes_y_aventuras,Elejandria
cuento_0850.txt,Cuentos completos. Vol. I - Parte 64,Julio Verne,heroes_y_aventuras,Elejandria
cuento_0851.txt,Cuentos completos. Vol. I - Parte 65,Julio Verne,heroes_y_aventuras,Elejandria
cuento_0852.txt,Cuentos completos. Vol. I - Parte 66,Julio Verne,heroes_y_aventuras,Elejandria
cuento_0853.txt,Cuentos completos. Vol. I - Parte 67,Julio Verne,heroes_y_aventuras,Elejandria
cuento_0854.txt,Cuentos completos. Vol. I - Parte 68,Julio Verne,heroes_y_aventuras,Elejandria
cuento_0855.txt,Cuentos completos. Vol. I - Parte 69,Julio Verne,heroes_y_aventuras,Elejandria
cuento_0856.txt,Cuentos completos. Vol. I - Parte 70,Julio Verne,heroes_y_aventuras,Elejandria
cuento_0857.txt,Cuentos completos. Vol. I - Parte 71,Julio Verne,heroes_y_aventuras,Elejandria
cuento_0858.txt,Cuentos completos. Vol. I - Parte 72,Julio Verne,heroes_y_aventuras,Elejandria
cuento_0859.txt,Cuentos completos. Vol. I - Parte 73,Julio Verne,heroes_y_aventuras,Elejandria
cuento_0860.txt,Cuentos completos. Vol. I - Parte 74,Julio Verne,heroes_y_aventuras,Elejandria
cuento_0861.txt,Cuentos completos. Vol. I - Parte 75,Julio Verne,heroes_y_aventuras,Elejandria
cuento_0862.txt,Cuentos completos. Vol. I - Parte 76,Julio Verne,heroes_y_aventuras,Elejandria
cuento_0863.txt,Cuentos completos. Vol. II - Parte 1,Julio Verne,heroes_y_aventuras,Elejandria
cuento_0864.txt,Cuentos completos. Vol. II - Parte 2,Julio Verne,heroes_y_aventuras,Elejandria
cuento_0865.txt,Cuentos completos. Vol. II - Parte 3,Julio Verne,heroes_y_aventuras,Elejandria
cuento_0866.txt,Cuentos completos. Vol. II - Parte 4,Julio Verne,heroes_y_aventuras,Elejandria
cuento_0867.txt,Cuentos completos. Vol. II - Parte 5,Julio Verne,heroes_y_aventuras,Elejandria
cuento_0868.txt,Cuentos completos. Vol. II - Parte 6,Julio Verne,heroes_y_aventuras,Elejandria
cuento_0869.txt,Cuentos completos. Vol. II - Parte 7,Julio Verne,heroes_y_aventuras,Elejandria
cuento_0870.txt,Cuentos completos. Vol. II - Parte 8,Julio Verne,heroes_y_aventuras,Elejandria
cuento_0871.txt,Cuentos completos. Vol. II - Parte 9,Julio Verne,heroes_y_aventuras,Elejandria
cuento_0872.txt,Cuentos completos. Vol. II - Parte 10,Julio Verne,heroes_y_aventuras,Elejandria
cuento_0873.txt,Cuentos completos. Vol. II - Parte 11,Julio Verne,heroes_y_aventuras,Elejandria
cuento_0874.txt,Cuentos completos. Vol. II - Parte 12,Julio Verne,heroes_y_aventuras,Elejandria
cuento_0875.txt,Cuentos completos. Vol. II - Parte 13,Julio Verne,heroes_y_aventuras,Elejandria
cuento_0876.txt,Cuentos completos. Vol. II - Parte 14,Julio Verne,heroes_y_aventuras,Elejandria
cuento_0877.txt,Cuentos completos. Vol. II - Parte 15,Julio Verne,heroes_y_aventuras,Elejandria
cuento_0878.txt,Cuentos completos. Vol. II - Parte 16,Julio Verne,heroes_y_aventuras,Elejandria
cuento_0879.txt,Cuentos completos. Vol. II - Parte 17,Julio Verne,heroes_y_aventuras,Elejandria
cuento_0880.txt,Cuentos completos. Vol. II - Parte 18,Julio Verne,heroes_y_aventuras,Elejandria
cuento_0881.txt,Cuentos completos. Vol. II - Parte 19,Julio Verne,heroes_y_aventuras,Elejandria
cuento_0882.txt,Cuentos completos. Vol. II - Parte 20,Julio Verne,heroes_y_aventuras,Elejandria
cuento_0883.txt,Cuentos completos. Vol. II - Parte 21,Julio Verne,heroes_y_aventuras,Elejandria
cuento_0884.txt,Cuentos completos. Vol. II - Parte 22,Julio Verne,heroes_y_aventuras,Elejandria
cuento_0885.txt,Cuentos completos. Vol. II - Parte 23,Julio Verne,heroes_y_aventuras,Elejandria
cuento_0886.txt,Cuentos completos. Vol. II - Parte 24,Julio Verne,heroes_y_aventuras,Elejandria
cuento_0887.txt,Cuentos completos. Vol. II - Parte 25,Julio Verne,heroes_y_aventuras,Elejandria
cuento_0888.txt,Cuentos completos. Vol. II - Parte 26,Julio Verne,heroes_y_aventuras,Elejandria
cuento_0889.txt,Cuentos completos. Vol. II - Parte 27,Julio Verne,heroes_y_aventuras,Elejandria
cuento_0890.txt,Cuentos completos. Vol. II - Parte 28,Julio Verne,heroes_y_aventuras,Elejandria
cuento_0891.txt,Cuentos completos. Vol. II - Parte 29,Julio Verne,heroes_y_aventuras,Elejandria
cuento_0892.txt,Cuentos completos. Vol. II - Parte 30,Julio Verne,heroes_y_aventuras,Elejandria
cuento_0893.txt,Cuentos completos. Vol. II - Parte 31,Julio Verne,heroes_y_aventuras,Elejandria
cuento_0894.txt,Cuentos completos. Vol. II - Parte 32,Julio Verne,heroes_y_aventuras,Elejandria
cuento_0895.txt,Cuentos completos. Vol. II - Parte 33,Julio Verne,heroes_y_aventuras,Elejandria
cuento_0896.txt,Cuentos completos. Vol. II - Parte 34,Julio Verne,heroes_y_aventuras,Elejandria
cuento_0897.txt,Cuentos completos. Vol. II - Parte 35,Julio Verne,heroes_y_aventuras,Elejandria
cuento_0898.txt,Cuentos completos. Vol. II - Parte 36,Julio Verne,heroes_y_aventuras,Elejandria
cuento_0899.txt,Cuentos completos. Vol. II - Parte 37,Julio Verne,heroes_y_aventuras,Elejandria
cuento_0900.txt,Cuentos completos. Vol. II - Parte 38,Julio Verne,heroes_y_aventuras,Elejandria
cuento_0901.txt,Cuentos completos. Vol. II - Parte 39,Julio Verne,heroes_y_aventuras,Elejandria
cuento_0902.txt,Cuentos completos. Vol. II - Parte 40,Julio Verne,heroes_y_aventuras,Elejandria
cuento_0903.txt,Cuentos completos. Vol. II - Parte 41,Julio Verne,heroes_y_aventuras,Elejandria
cuento_0904.txt,Cuentos completos. Vol. II - Parte 42,Julio Verne,heroes_y_aventuras,Elejandria
cuento_0905.txt,Cuentos completos. Vol. II - Parte 43,Julio Verne,heroes_y_aventuras,Elejandria
cuento_0906.txt,Cuentos completos. Vol. II - Parte 44,Julio Verne,heroes_y_aventuras,Elejandria
cuento_0907.txt,Cuentos completos. Vol. II - Parte 45,Julio Verne,heroes_y_aventuras,Elejandria
cuento_0908.txt,Cuentos completos. Vol. II - Parte 46,Julio Verne,heroes_y_aventuras,Elejandria
cuento_0909.txt,Cuentos completos. Vol. II - Parte 47,Julio Verne,heroes_y_aventuras,Elejandria
cuento_0910.txt,Cuentos completos. Vol. II - Parte 48,Julio Verne,heroes_y_aventuras,Elejandria
cuento_0911.txt,Cuentos completos. Vol. II - Parte 49,Julio Verne,heroes_y_aventuras,Elejandria
cuento_0912.txt,Cuentos completos. Vol. II - Parte 50,Julio Verne,heroes_y_aventuras,Elejandria
cuento_0913.txt,Cuentos completos. Vol. II - Parte 51,Julio Verne,heroes_y_aventuras,Elejandria
cuento_0914.txt,Cuentos completos. Vol. II - Parte 52,Julio Verne,heroes_y_aventuras,Elejandria
cuento_0915.txt,Cuentos completos. Vol. II - Parte 53,Julio Verne,heroes_y_aventuras,Elejandria
cuento_0916.txt,Cuentos completos. Vol. II - Parte 54,Julio Verne,heroes_y_aventuras,Elejandria
cuento_0917.txt,Cuentos completos. Vol. II - Parte 55,Julio Verne,heroes_y_aventuras,Elejandria
cuento_0918.txt,Cuentos completos. Vol. II - Parte 56,Julio Verne,heroes_y_aventuras,Elejandria
cuento_0919.txt,Cuentos completos. Vol. II - Parte 57,Julio Verne,heroes_y_aventuras,Elejandria
cuento_0920.txt,Cuentos completos. Vol. II - Parte 58,Julio Verne,heroes_y_aventuras,Elejandria
cuento_0921.txt,Cuentos completos. Vol. II - Parte 59,Julio Verne,heroes_y_aventuras,Elejandria
cuento_0922.txt,Cuentos completos. Vol. II - Parte 60,Julio Verne,heroes_y_aventuras,Elejandria
cuento_0923.txt,Cuentos completos. Vol. II - Parte 61,Julio Verne,heroes_y_aventuras,Elejandria
cuento_0924.txt,Cuentos completos. Vol. II - Parte 62,Julio Verne,heroes_y_aventuras,Elejandria
cuento_0925.txt,Cuentos completos. Vol. II - Parte 63,Julio Verne,heroes_y_aventuras,Elejandria
cuento_0926.txt,Cuentos completos. Vol. II - Parte 64,Julio Verne,heroes_y_aventuras,Elejandria
cuento_0927.txt,Cuentos completos. Vol. II - Parte 65,Julio Verne,heroes_y_aventuras,Elejandria
cuento_0928.txt,Cuentos completos. Vol. II - Parte 66,Julio Verne,heroes_y_aventuras,Elejandria
cuento_0929.txt,Cuentos de encantamiento - Parte 1,Fernán Caballero,heroes_y_aventuras,Elejandria
cuento_0930.txt,Cuentos de encantamiento - Parte 2,Fernán Caballero,heroes_y_aventuras,Elejandria
cuento_0931.txt,Cuentos de encantamiento - Parte 3,Fernán Caballero,heroes_y_aventuras,Elejandria
cuento_0932.txt,Cuentos de encantamiento - Parte 4,Fernán Caballero,heroes_y_aventuras,Elejandria
cuento_0933.txt,Cuentos de encantamiento - Parte 5,Fernán Caballero,heroes_y_aventuras,Elejandria
cuento_0934.txt,Cuentos de encantamiento - Parte 6,Fernán Caballero,heroes_y_aventuras,Elejandria
cuento_0935.txt,Cuentos de encantamiento - Parte 7,Fernán Caballero,heroes_y_aventuras,Elejandria
cuento_0936.txt,Cuentos de encantamiento - Parte 8,Fernán Caballero,heroes_y_aventuras,Elejandria
cuento_0937.txt,Cuentos de encantamiento - Parte 9,Fernán Caballero,heroes_y_aventuras,Elejandria
cuento_0938.txt,Cuentos de encantamiento - Parte 10,Fernán Caballero,heroes_y_aventuras,Elejandria
cuento_0939.txt,Cuentos de encantamiento - Parte 11,Fernán Caballero,heroes_y_aventuras,Elejandria
cuento_0940.txt,Cuentos de encantamiento - Parte 12,Fernán Caballero,heroes_y_aventuras,Elejandria
cuento_0941.txt,Cuentos de encantamiento - Parte 13,Fernán Caballero,heroes_y_aventuras,Elejandria
cuento_0942.txt,Cuentos de encantamiento - Parte 14,Fernán Caballero,heroes_y_aventuras,Elejandria
cuento_0943.txt,Cuentos de encantamiento - Parte 15,Fernán Caballero,heroes_y_aventuras,Elejandria
cuento_0944.txt,Cuentos de encantamiento - Parte 16,Fernán Caballero,heroes_y_aventuras,Elejandria
cuento_0945.txt,Cuentos de encantamiento - Parte 17,Fernán Caballero,heroes_y_aventuras,Elejandria
cuento_0946.txt,Cuentos de encantamiento - Parte 18,Fernán Caballero,heroes_y_aventuras,Elejandria
cuento_0947.txt,Cuentos de encantamiento - Parte 19,Fernán Caballero,heroes_y_aventuras,Elejandria
cuento_0948.txt,Cuentos de encantamiento - Parte 20,Fernán Caballero,heroes_y_aventuras,Elejandria
cuento_0949.txt,Cuentos de encantamiento - Parte 21,Fernán Caballero,heroes_y_aventuras,Elejandria
cuento_0950.txt,Cuentos de encantamiento - Parte 22,Fernán Caballero,heroes_y_aventuras,Elejandria
cuento_0951.txt,Cuentos de encantamiento - Parte 23,Fernán Caballero,heroes_y_aventuras,Elejandria
cuento_0952.txt,Cuentos de encantamiento - Parte 24,Fernán Caballero,heroes_y_aventuras,Elejandria
cuento_0953.txt,Cuentos de encantamiento - Parte 25,Fernán Caballero,heroes_y_aventuras,Elejandria
cuento_0954.txt,Cuentos de encantamiento - Parte 26,Fernán Caballero,heroes_y_aventuras,Elejandria
cuento_0955.txt,Cuentos de encantamiento - Parte 27,Fernán Caballero,heroes_y_aventuras,Elejandria
cuento_0956.txt,Cuentos de encantamiento - Parte 28,Fernán Caballero,heroes_y_aventuras,Elejandria
cuento_0957.txt,Cuentos de encantamiento - Parte 29,Fernán Caballero,heroes_y_aventuras,Elejandria
cuento_0958.txt,Cuentos de encantamiento - Parte 30,Fernán Caballero,heroes_y_aventuras,Elejandria
cuento_0959.txt,Cuentos de encantamiento - Parte 31,Fernán Caballero,heroes_y_aventuras,Elejandria
cuento_0960.txt,Cuentos de encantamiento - Parte 32,Fernán Caballero,heroes_y_aventuras,Elejandria
cuento_0961.txt,Cuentos de encantamiento - Parte 33,Fernán Caballero,heroes_y_aventuras,Elejandria
cuento_0962.txt,Cuentos de encantamiento - Parte 34,Fernán Caballero,heroes_y_aventuras,Elejandria
cuento_0963.txt,Cuentos de encantamiento - Parte 35,Fernán Caballero,heroes_y_aventuras,Elejandria
cuento_0964.txt,Cuentos de encantamiento - Parte 36,Fernán Caballero,heroes_y_aventuras,Elejandria
cuento_0965.txt,Cuentos de encantamiento - Parte 37,Fernán Caballero,heroes_y_aventuras,Elejandria
cuento_0966.txt,Cuentos de encantamiento - Parte 38,Fernán Caballero,heroes_y_aventuras,Elejandria
cuento_0967.txt,Cuentos de encantamiento - Parte 39,Fernán Caballero,heroes_y_aventuras,Elejandria
cuento_0968.txt,Cuentos de encantamiento - Parte 40,Fernán Caballero,heroes_y_aventuras,Elejandria
cuento_0969.txt,Cuentos de encantamiento - Parte 41,Fernán Caballero,heroes_y_aventuras,Elejandria
cuento_0970.txt,Cuentos de encantamiento - Parte 42,Fernán Caballero,heroes_y_aventuras,Elejandria
cuento_0971.txt,Cuentos de encantamiento - Parte 43,Fernán Caballero,heroes_y_aventuras,Elejandria
cuento_0972.txt,Cuentos de encantamiento - Parte 44,Fernán Caballero,heroes_y_aventuras,Elejandria
cuento_0973.txt,Cuentos de encantamiento - Parte 45,Fernán Caballero,heroes_y_aventuras,Elejandria
cuento_0974.txt,Cuentos de encantamiento - Parte 46,Fernán Caballero,heroes_y_aventuras,Elejandria
cuento_0975.txt,Cuentos de encantamiento - Parte 47,Fernán Caballero,heroes_y_aventuras,Elejandria
cuento_0976.txt,Cuentos de encantamiento - Parte 48,Fernán Caballero,heroes_y_aventuras,Elejandria
cuento_0977.txt,Cuentos de encantamiento - Parte 49,Fernán Caballero,heroes_y_aventuras,Elejandria
cuento_0978.txt,Cuentos de encantamiento - Parte 50,Fernán Caballero,heroes_y_aventuras,Elejandria
cuento_0979.txt,Cuentos de encantamiento - Parte 51,Fernán Caballero,heroes_y_aventuras,Elejandria
cuento_0980.txt,Cuentos de encantamiento - Parte 52,Fernán Caballero,heroes_y_aventuras,Elejandria
cuento_0981.txt,Cuentos de encantamiento - Parte 53,Fernán Caballero,heroes_y_aventuras,Elejandria
cuento_0982.txt,Cuentos de encantamiento - Parte 54,Fernán Caballero,heroes_y_aventuras,Elejandria
cuento_0983.txt,Cuentos de encantamiento - Parte 55,Fernán Caballero,heroes_y_aventuras,Elejandria
cuento_0984.txt,Cuentos de encantamiento - Parte 56,Fernán Caballero,heroes_y_aventuras,Elejandria
cuento_0985.txt,Cuentos de encantamiento - Parte 57,Fernán Caballero,heroes_y_aventuras,Elejandria
cuento_0986.txt,Cuentos de encantamiento - Parte 58,Fernán Caballero,heroes_y_aventuras,Elejandria
cuento_0987.txt,Cuentos de encantamiento - Parte 59,Fernán Caballero,heroes_y_aventuras,Elejandria
cuento_0988.txt,Cuentos de encantamiento - Parte 60,Fernán Caballero,heroes_y_aventuras,Elejandria
cuento_0989.txt,Cuentos de encantamiento - Parte 61,Fernán Caballero,heroes_y_aventuras,Elejandria
cuento_0990.txt,Cuentos de encantamiento - Parte 62,Fernán Caballero,heroes_y_aventuras,Elejandria
cuento_0991.txt,Cuentos de encantamiento - Parte 63,Fernán Caballero,heroes_y_aventuras,Elejandria
cuento_0992.txt,Cuentos de encantamiento - Parte 64,Fernán Caballero,heroes_y_aventuras,Elejandria
cuento_0993.txt,Cuentos de encantamiento - Parte 65,Fernán Caballero,heroes_y_aventuras,Elejandria
cuento_0994.txt,Cuentos de encantamiento - Parte 66,Fernán Caballero,heroes_y_aventuras,Elejandria
cuento_0995.txt,Cuentos de encantamiento - Parte 67,Fernán Caballero,heroes_y_aventuras,Elejandria
cuento_0996.txt,Cuentos de encantamiento - Parte 68,Fernán Caballero,heroes_y_aventuras,Elejandria
cuento_0997.txt,Cuentos de encantamiento - Parte 69,Fernán Caballero,heroes_y_aventuras,Elejandria
cuento_0998.txt,Cuentos de encantamiento - Parte 70,Fernán Caballero,heroes_y_aventuras,Elejandria
cuento_0999.txt,Cuentos de encantamiento - Parte 71,Fernán Caballero,heroes_y_aventuras,Elejandria
cuento_1000.txt,Cuentos de encantamiento - Parte 72,Fernán Caballero,heroes_y_aventuras,Elejandria
cuento_1001.txt,Cuentos de encantamiento - Parte 73,Fernán Caballero,heroes_y_aventuras,Elejandria
cuento_1002.txt,Cuentos de encantamiento - Parte 74,Fernán Caballero,heroes_y_aventuras,Elejandria
cuento_1003.txt,Cuentos de encantamiento - Parte 75,Fernán Caballero,heroes_y_aventuras,Elejandria
cuento_1004.txt,Cuentos de encantamiento - Parte 76,Fernán Caballero,heroes_y_aventuras,Elejandria
cuento_1005.txt,Cuentos de encantamiento - Parte 77,Fernán Caballero,heroes_y_aventuras,Elejandria
cuento_1006.txt,Cuentos de encantamiento - Parte 78,Fernán Caballero,heroes_y_aventuras,Elejandria
cuento_1007.txt,Cuentos de encantamiento - Parte 79,Fernán Caballero,heroes_y_aventuras,Elejandria
cuento_1008.txt,Cuentos de encantamiento - Parte 80,Fernán Caballero,heroes_y_aventuras,Elejandria
cuento_1009.txt,Cuentos de encantamiento - Parte 81,Fernán Caballero,heroes_y_aventuras,Elejandria
cuento_1010.txt,Cuentos de encantamiento - Parte 82,Fernán Caballero,heroes_y_aventuras,Elejandria
cuento_1011.txt,Cuentos de encantamiento - Parte 83,Fernán Caballero,heroes_y_aventuras,Elejandria
cuento_1012.txt,Cuentos de encantamiento - Parte 84,Fernán Caballero,heroes_y_aventuras,Elejandria
cuento_1013.txt,Cuentos de encantamiento - Parte 85,Fernán Caballero,heroes_y_aventuras,Elejandria
cuento_1014.txt,Cuentos de encantamiento - Parte 86,Fernán Caballero,heroes_y_aventuras,Elejandria
cuento_1015.txt,Cuentos de encantamiento - Parte 87,Fernán Caballero,heroes_y_aventuras,Elejandria
cuento_1016.txt,Cuentos de encantamiento - Parte 88,Fernán Caballero,heroes_y_aventuras,Elejandria
cuento_1017.txt,Cuentos de encantamiento - Parte 89,Fernán Caballero,heroes_y_aventuras,Elejandria
cuento_1018.txt,Cuentos de encantamiento - Parte 90,Fernán Caballero,heroes_y_aventuras,Elejandria
cuento_1019.txt,Cuentos de encantamiento - Parte 91,Fernán Caballero,heroes_y_aventuras,Elejandria
cuento_1020.txt,Cuentos de encantamiento - Parte 92,Fernán Caballero,heroes_y_aventuras,Elejandria
cuento_1021.txt,Cuentos de encantamiento - Parte 93,Fernán Caballero,heroes_y_aventuras,Elejandria
cuento_1022.txt,Cuentos de la Selva,Horacio Quiroga,heroes_y_aventuras,Elejandria
cuento_1023.txt,Cuentos de Vacaciones - Parte 1,Santiago Ramón y Cajal,heroes_y_aventuras,Elejandria
cuento_1024.txt,Cuentos de Vacaciones - Parte 2,Santiago Ramón y Cajal,heroes_y_aventuras,Elejandria
cuento_1025.txt,Cuentos de Vacaciones - Parte 3,Santiago Ramón y Cajal,heroes_y_aventuras,Elejandria
cuento_1026.txt,Cuentos de Vacaciones - Parte 4,Santiago Ramón y Cajal,heroes_y_aventuras,Elejandria
cuento_1027.txt,Cuentos de Vacaciones - Parte 5,Santiago Ramón y Cajal,heroes_y_aventuras,Elejandria
cuento_1028.txt,Cuentos de Vacaciones - Parte 6,Santiago Ramón y Cajal,heroes_y_aventuras,Elejandria
cuento_1029.txt,Cuentos de Vacaciones - Parte 7,Santiago Ramón y Cajal,heroes_y_aventuras,Elejandria
cuento_1030.txt,Cuentos de Vacaciones - Parte 8,Santiago Ramón y Cajal,heroes_y_aventuras,Elejandria
cuento_1031.txt,Cuentos de Vacaciones - Parte 9,Santiago Ramón y Cajal,heroes_y_aventuras,Elejandria
cuento_1032.txt,Cuentos de Vacaciones - Parte 10,Santiago Ramón y Cajal,heroes_y_aventuras,Elejandria
cuento_1033.txt,Cuentos de Vacaciones - Parte 11,Santiago Ramón y Cajal,heroes_y_aventuras,Elejandria
cuento_1034.txt,Cuentos de Vacaciones - Parte 12,Santiago Ramón y Cajal,heroes_y_aventuras,Elejandria
cuento_1035.txt,Cuentos de Vacaciones - Parte 13,Santiago Ramón y Cajal,heroes_y_aventuras,Elejandria
cuento_1036.txt,Cuentos de Vacaciones - Parte 14,Santiago Ramón y Cajal,heroes_y_aventuras,Elejandria
cuento_1037.txt,Cuentos de Vacaciones - Parte 15,Santiago Ramón y Cajal,heroes_y_aventuras,Elejandria
cuento_1038.txt,Cuentos de Vacaciones - Parte 16,Santiago Ramón y Cajal,heroes_y_aventuras,Elejandria
cuento_1039.txt,Cuentos de Vacaciones - Parte 17,Santiago Ramón y Cajal,heroes_y_aventuras,Elejandria
cuento_1040.txt,Cuentos de Vacaciones - Parte 18,Santiago Ramón y Cajal,heroes_y_aventuras,Elejandria
cuento_1041.txt,Cuentos de Vacaciones - Parte 19,Santiago Ramón y Cajal,heroes_y_aventuras,Elejandria
cuento_1042.txt,Cuentos de Vacaciones - Parte 20,Santiago Ramón y Cajal,heroes_y_aventuras,Elejandria
cuento_1043.txt,Cuentos de Vacaciones - Parte 21,Santiago Ramón y Cajal,heroes_y_aventuras,Elejandria
cuento_1044.txt,Cuentos de Vacaciones - Parte 22,Santiago Ramón y Cajal,heroes_y_aventuras,Elejandria
cuento_1045.txt,Cuentos de Vacaciones - Parte 23,Santiago Ramón y Cajal,heroes_y_aventuras,Elejandria
cuento_1046.txt,Cuentos de Vacaciones - Parte 24,Santiago Ramón y Cajal,heroes_y_aventuras,Elejandria
cuento_1047.txt,Cuentos de Vacaciones - Parte 25,Santiago Ramón y Cajal,heroes_y_aventuras,Elejandria
cuento_1048.txt,Cuentos de Vacaciones - Parte 26,Santiago Ramón y Cajal,heroes_y_aventuras,Elejandria
cuento_1049.txt,Cuentos de Vacaciones - Parte 27,Santiago Ramón y Cajal,heroes_y_aventuras,Elejandria
cuento_1050.txt,Cuentos de Vacaciones - Parte 28,Santiago Ramón y Cajal,heroes_y_aventuras,Elejandria
cuento_1051.txt,Cuentos de Vacaciones - Parte 29,Santiago Ramón y Cajal,heroes_y_aventuras,Elejandria
cuento_1052.txt,Cuentos de Vacaciones - Parte 30,Santiago Ramón y Cajal,heroes_y_aventuras,Elejandria
cuento_1053.txt,Cuentos de Vacaciones - Parte 31,Santiago Ramón y Cajal,heroes_y_aventuras,Elejandria
cuento_1054.txt,Cuentos de Vacaciones - Parte 32,Santiago Ramón y Cajal,heroes_y_aventuras,Elejandria
cuento_1055.txt,Cuentos de Vacaciones - Parte 33,Santiago Ramón y Cajal,heroes_y_aventuras,Elejandria
cuento_1056.txt,Cuentos de Vacaciones - Parte 34,Santiago Ramón y Cajal,heroes_y_aventuras,Elejandria
cuento_1057.txt,Cuentos de Vacaciones - Parte 35,Santiago Ramón y Cajal,heroes_y_aventuras,Elejandria
cuento_1058.txt,Cuentos de Vacaciones - Parte 36,Santiago Ramón y Cajal,heroes_y_aventuras,Elejandria
cuento_1059.txt,Cuentos de Vacaciones - Parte 37,Santiago Ramón y Cajal,heroes_y_aventuras,Elejandria
cuento_1060.txt,Cuentos de Vacaciones - Parte 38,Santiago Ramón y Cajal,heroes_y_aventuras,Elejandria
cuento_1061.txt,Cuentos de Vacaciones - Parte 39,Santiago Ramón y Cajal,heroes_y_aventuras,Elejandria
cuento_1062.txt,Cuentos de Vacaciones - Parte 40,Santiago Ramón y Cajal,heroes_y_aventuras,Elejandria
cuento_1063.txt,Cuentos de Vacaciones - Parte 41,Santiago Ramón y Cajal,heroes_y_aventuras,Elejandria
cuento_1064.txt,Cuentos de Vacaciones - Parte 42,Santiago Ramón y Cajal,heroes_y_aventuras,Elejandria
cuento_1065.txt,Cuentos de Vacaciones - Parte 43,Santiago Ramón y Cajal,heroes_y_aventuras,Elejandria
cuento_1066.txt,Cuentos de Vacaciones - Parte 44,Santiago Ramón y Cajal,heroes_y_aventuras,Elejandria
cuento_1067.txt,Cuentos escogidos,Hermanos Grimm,heroes_y_aventuras,Elejandria
cuento_1068.txt,Cuentos nuevos,Cristóbal Schmid,heroes_y_aventuras,Elejandria
cuento_1069.txt,Cuentos populares rusos - Parte 1,Aleksandr Afanásiev,heroes_y_aventuras,Elejandria
cuento_1070.txt,Cuentos populares rusos - Parte 2,Aleksandr Afanásiev,heroes_y_aventuras,Elejandria
cuento_1071.txt,Cuentos populares rusos - Parte 3,Aleksandr Afanásiev,heroes_y_aventuras,Elejandria
cuento_1072.txt,Después de veinte años - O. Henry,O. Henry,heroes_y_aventuras,Elejandria
cuento_1073.txt,Diez horas de caza,Julio Verne,heroes_y_aventuras,Elejandria
cuento_1074.txt,El alma del guerrero - Joseph Conrad,Joseph Conrad,heroes_y_aventuras,Elejandria
cuento_1075.txt,El archipielago en llamas - Parte 1,Julio Verne,heroes_y_aventuras,Elejandria
cuento_1076.txt,El archipielago en llamas - Parte 2,Julio Verne,heroes_y_aventuras,Elejandria
cuento_1077.txt,El asno de oro,Apuleyo,heroes_y_aventuras,Elejandria
cuento_1078.txt,El bote abierto,Stephen Crane,heroes_y_aventuras,Elejandria
cuento_1079.txt,El caballero Carmelo,Abraham Valdelomar,heroes_y_aventuras,Elejandria
cuento_1080.txt,El cañadón todo oro,Jack London,heroes_y_aventuras,Elejandria
cuento_1081.txt,El capitán del Djumna - Parte 1,Emilio Salgari,heroes_y_aventuras,Elejandria
cuento_1082.txt,El capitán del Djumna - Parte 2,Emilio Salgari,heroes_y_aventuras,Elejandria
cuento_1083.txt,El capitán del Djumna - Parte 3,Emilio Salgari,heroes_y_aventuras,Elejandria
cuento_1084.txt,El capitán del Djumna - Parte 4,Emilio Salgari,heroes_y_aventuras,Elejandria
cuento_1085.txt,El capitán del Djumna - Parte 5,Emilio Salgari,heroes_y_aventuras,Elejandria
cuento_1086.txt,El capitán del Djumna - Parte 6,Emilio Salgari,heroes_y_aventuras,Elejandria
cuento_1087.txt,El capitán del Djumna - Parte 7,Emilio Salgari,heroes_y_aventuras,Elejandria
cuento_1088.txt,El capitán del Djumna - Parte 8,Emilio Salgari,heroes_y_aventuras,Elejandria
cuento_1089.txt,El capitán del Djumna - Parte 9,Emilio Salgari,heroes_y_aventuras,Elejandria
cuento_1090.txt,El capitán del Djumna - Parte 10,Emilio Salgari,heroes_y_aventuras,Elejandria
cuento_1091.txt,El capitán del Djumna - Parte 11,Emilio Salgari,heroes_y_aventuras,Elejandria
cuento_1092.txt,El capitán del Djumna - Parte 12,Emilio Salgari,heroes_y_aventuras,Elejandria
cuento_1093.txt,El capitán del Djumna - Parte 13,Emilio Salgari,heroes_y_aventuras,Elejandria
cuento_1094.txt,El capitán del Djumna - Parte 14,Emilio Salgari,heroes_y_aventuras,Elejandria
cuento_1095.txt,El capitán del Djumna - Parte 15,Emilio Salgari,heroes_y_aventuras,Elejandria
cuento_1096.txt,El capitán del Djumna - Parte 16,Emilio Salgari,heroes_y_aventuras,Elejandria
cuento_1097.txt,El capitán del Djumna - Parte 17,Emilio Salgari,heroes_y_aventuras,Elejandria
cuento_1098.txt,El capitán del Djumna - Parte 18,Emilio Salgari,heroes_y_aventuras,Elejandria
cuento_1099.txt,El capitán del Djumna - Parte 19,Emilio Salgari,heroes_y_aventuras,Elejandria
cuento_1100.txt,El capitán del Djumna - Parte 20,Emilio Salgari,heroes_y_aventuras,Elejandria
cuento_1101.txt,El capitán del Djumna - Parte 21,Emilio Salgari,heroes_y_aventuras,Elejandria
cuento_1102.txt,El capitán del Djumna - Parte 22,Emilio Salgari,heroes_y_aventuras,Elejandria
cuento_1103.txt,El capitán del Djumna - Parte 23,Emilio Salgari,heroes_y_aventuras,Elejandria
cuento_1104.txt,El capitán del Djumna - Parte 24,Emilio Salgari,heroes_y_aventuras,Elejandria
cuento_1105.txt,El capitán del Djumna - Parte 25,Emilio Salgari,heroes_y_aventuras,Elejandria
cuento_1106.txt,El capitán del Djumna - Parte 26,Emilio Salgari,heroes_y_aventuras,Elejandria
cuento_1107.txt,El capitán del Djumna - Parte 27,Emilio Salgari,heroes_y_aventuras,Elejandria
cuento_1108.txt,El capitán del Djumna - Parte 28,Emilio Salgari,heroes_y_aventuras,Elejandria
cuento_1109.txt,El capitán del Djumna - Parte 29,Emilio Salgari,heroes_y_aventuras,Elejandria
cuento_1110.txt,El capitán del Djumna - Parte 30,Emilio Salgari,heroes_y_aventuras,Elejandria
cuento_1111.txt,El capitán del Djumna - Parte 31,Emilio Salgari,heroes_y_aventuras,Elejandria
cuento_1112.txt,El capitán del Djumna - Parte 32,Emilio Salgari,heroes_y_aventuras,Elejandria
cuento_1113.txt,El capitán del Djumna - Parte 33,Emilio Salgari,heroes_y_aventuras,Elejandria
cuento_1114.txt,El capitán del Djumna - Parte 34,Emilio Salgari,heroes_y_aventuras,Elejandria
cuento_1115.txt,El capitán del Djumna - Parte 35,Emilio Salgari,heroes_y_aventuras,Elejandria
cuento_1116.txt,El capitán tormenta - Parte 1,Emilio Salgari,heroes_y_aventuras,Elejandria
cuento_1117.txt,El capitán tormenta - Parte 2,Emilio Salgari,heroes_y_aventuras,Elejandria
cuento_1118.txt,El capitán tormenta - Parte 3,Emilio Salgari,heroes_y_aventuras,Elejandria
cuento_1119.txt,El capitán tormenta - Parte 4,Emilio Salgari,heroes_y_aventuras,Elejandria
cuento_1120.txt,El capitán tormenta - Parte 5,Emilio Salgari,heroes_y_aventuras,Elejandria
cuento_1121.txt,El capitán tormenta - Parte 6,Emilio Salgari,heroes_y_aventuras,Elejandria
cuento_1122.txt,El capitán tormenta - Parte 7,Emilio Salgari,heroes_y_aventuras,Elejandria
cuento_1123.txt,El capitán tormenta - Parte 8,Emilio Salgari,heroes_y_aventuras,Elejandria
cuento_1124.txt,El capitán tormenta - Parte 9,Emilio Salgari,heroes_y_aventuras,Elejandria
cuento_1125.txt,El capitán tormenta - Parte 10,Emilio Salgari,heroes_y_aventuras,Elejandria
cuento_1126.txt,El capitán tormenta - Parte 11,Emilio Salgari,heroes_y_aventuras,Elejandria
cuento_1127.txt,El capitán tormenta - Parte 12,Emilio Salgari,heroes_y_aventuras,Elejandria
cuento_1128.txt,El capitán tormenta - Parte 13,Emilio Salgari,heroes_y_aventuras,Elejandria
cuento_1129.txt,El capitán tormenta - Parte 14,Emilio Salgari,heroes_y_aventuras,Elejandria
cuento_1130.txt,El cascanueces y el rey de los ratones - Parte 1,E. T. A. Hoffmann,heroes_y_aventuras,Elejandria
cuento_1131.txt,El cascanueces y el rey de los ratones - Parte 2,E. T. A. Hoffmann,heroes_y_aventuras,Elejandria
cuento_1132.txt,El cascanueces y el rey de los ratones - Parte 3,E. T. A. Hoffmann,heroes_y_aventuras,Elejandria
cuento_1133.txt,El cascanueces y el rey de los ratones - Parte 4,E. T. A. Hoffmann,heroes_y_aventuras,Elejandria
cuento_1134.txt,El cascanueces y el rey de los ratones - Parte 5,E. T. A. Hoffmann,heroes_y_aventuras,Elejandria
cuento_1135.txt,El cascanueces y el rey de los ratones - Parte 6,E. T. A. Hoffmann,heroes_y_aventuras,Elejandria
cuento_1136.txt,El cascanueces y el rey de los ratones - Parte 7,E. T. A. Hoffmann,heroes_y_aventuras,Elejandria
cuento_1137.txt,El cascanueces y el rey de los ratones - Parte 8,E. T. A. Hoffmann,heroes_y_aventuras,Elejandria
cuento_1138.txt,El cascanueces y el rey de los ratones - Parte 9,E. T. A. Hoffmann,heroes_y_aventuras,Elejandria
cuento_1139.txt,El cascanueces y el rey de los ratones - Parte 10,E. T. A. Hoffmann,heroes_y_aventuras,Elejandria
cuento_1140.txt,El cascanueces y el rey de los ratones - Parte 11,E. T. A. Hoffmann,heroes_y_aventuras,Elejandria
cuento_1141.txt,El cascanueces y el rey de los ratones - Parte 12,E. T. A. Hoffmann,heroes_y_aventuras,Elejandria
cuento_1142.txt,El cascanueces y el rey de los ratones - Parte 13,E. T. A. Hoffmann,heroes_y_aventuras,Elejandria
cuento_1143.txt,El cascanueces y el rey de los ratones - Parte 14,E. T. A. Hoffmann,heroes_y_aventuras,Elejandria
cuento_1144.txt,El Chancellor - Parte 1,Julio Verne,heroes_y_aventuras,Elejandria
cuento_1145.txt,El Chancellor - Parte 2,Julio Verne,heroes_y_aventuras,Elejandria
cuento_1146.txt,El Chancellor - Parte 3,Julio Verne,heroes_y_aventuras,Elejandria
cuento_1147.txt,El Chancellor - Parte 4,Julio Verne,heroes_y_aventuras,Elejandria
cuento_1148.txt,El Chancellor - Parte 5,Julio Verne,heroes_y_aventuras,Elejandria
cuento_1149.txt,El Chancellor - Parte 6,Julio Verne,heroes_y_aventuras,Elejandria
cuento_1150.txt,El Chancellor - Parte 7,Julio Verne,heroes_y_aventuras,Elejandria
cuento_1151.txt,El Chancellor - Parte 8,Julio Verne,heroes_y_aventuras,Elejandria
cuento_1152.txt,El Chancellor - Parte 9,Julio Verne,heroes_y_aventuras,Elejandria
cuento_1153.txt,El Chancellor - Parte 10,Julio Verne,heroes_y_aventuras,Elejandria
cuento_1154.txt,El Chancellor - Parte 11,Julio Verne,heroes_y_aventuras,Elejandria
cuento_1155.txt,El Chancellor - Parte 12,Julio Verne,heroes_y_aventuras,Elejandria
cuento_1156.txt,El Chancellor - Parte 13,Julio Verne,heroes_y_aventuras,Elejandria
cuento_1157.txt,El Chancellor - Parte 14,Julio Verne,heroes_y_aventuras,Elejandria
cuento_1158.txt,El Chancellor - Parte 15,Julio Verne,heroes_y_aventuras,Elejandria
cuento_1159.txt,El Chancellor - Parte 16,Julio Verne,heroes_y_aventuras,Elejandria
cuento_1160.txt,El Chancellor - Parte 17,Julio Verne,heroes_y_aventuras,Elejandria
cuento_1161.txt,El Chancellor - Parte 18,Julio Verne,heroes_y_aventuras,Elejandria
cuento_1162.txt,El Chancellor - Parte 19,Julio Verne,heroes_y_aventuras,Elejandria
cuento_1163.txt,El Chancellor - Parte 20,Julio Verne,heroes_y_aventuras,Elejandria
cuento_1164.txt,El Chancellor - Parte 21,Julio Verne,heroes_y_aventuras,Elejandria
cuento_1165.txt,El Chancellor - Parte 22,Julio Verne,heroes_y_aventuras,Elejandria
cuento_1166.txt,El Chancellor - Parte 23,Julio Verne,heroes_y_aventuras,Elejandria
cuento_1167.txt,El Chancellor - Parte 24,Julio Verne,heroes_y_aventuras,Elejandria
cuento_1168.txt,El Chancellor - Parte 25,Julio Verne,heroes_y_aventuras,Elejandria
cuento_1169.txt,El Chancellor - Parte 26,Julio Verne,heroes_y_aventuras,Elejandria
cuento_1170.txt,El Chancellor - Parte 27,Julio Verne,heroes_y_aventuras,Elejandria
cuento_1171.txt,El Chancellor - Parte 28,Julio Verne,heroes_y_aventuras,Elejandria
cuento_1172.txt,El Chancellor - Parte 29,Julio Verne,heroes_y_aventuras,Elejandria
cuento_1173.txt,El Chancellor - Parte 30,Julio Verne,heroes_y_aventuras,Elejandria
cuento_1174.txt,El Chancellor - Parte 31,Julio Verne,heroes_y_aventuras,Elejandria
cuento_1175.txt,El Chancellor - Parte 32,Julio Verne,heroes_y_aventuras,Elejandria
cuento_1176.txt,El Chancellor - Parte 33,Julio Verne,heroes_y_aventuras,Elejandria
cuento_1177.txt,El Chancellor - Parte 34,Julio Verne,heroes_y_aventuras,Elejandria
cuento_1178.txt,El Chancellor - Parte 35,Julio Verne,heroes_y_aventuras,Elejandria
cuento_1179.txt,El Chancellor - Parte 36,Julio Verne,heroes_y_aventuras,Elejandria
cuento_1180.txt,El Chancellor - Parte 37,Julio Verne,heroes_y_aventuras,Elejandria
cuento_1181.txt,El Chancellor - Parte 38,Julio Verne,heroes_y_aventuras,Elejandria
cuento_1182.txt,El Chancellor - Parte 39,Julio Verne,heroes_y_aventuras,Elejandria
cuento_1183.txt,El Chancellor - Parte 40,Julio Verne,heroes_y_aventuras,Elejandria
cuento_1184.txt,El Chancellor - Parte 41,Julio Verne,heroes_y_aventuras,Elejandria
cuento_1185.txt,El Chancellor - Parte 42,Julio Verne,heroes_y_aventuras,Elejandria
cuento_1186.txt,El Chancellor - Parte 43,Julio Verne,heroes_y_aventuras,Elejandria
cuento_1187.txt,El Chancellor - Parte 44,Julio Verne,heroes_y_aventuras,Elejandria
cuento_1188.txt,El Chancellor - Parte 45,Julio Verne,heroes_y_aventuras,Elejandria
cuento_1189.txt,El Chancellor - Parte 46,Julio Verne,heroes_y_aventuras,Elejandria
cuento_1190.txt,El Chancellor - Parte 47,Julio Verne,heroes_y_aventuras,Elejandria
cuento_1191.txt,El Chancellor - Parte 48,Julio Verne,heroes_y_aventuras,Elejandria
cuento_1192.txt,El Chancellor - Parte 49,Julio Verne,heroes_y_aventuras,Elejandria
cuento_1193.txt,El Chancellor - Parte 50,Julio Verne,heroes_y_aventuras,Elejandria
cuento_1194.txt,El Chancellor - Parte 51,Julio Verne,heroes_y_aventuras,Elejandria
cuento_1195.txt,El Chancellor - Parte 52,Julio Verne,heroes_y_aventuras,Elejandria
cuento_1196.txt,El Chancellor - Parte 53,Julio Verne,heroes_y_aventuras,Elejandria
cuento_1197.txt,El Chancellor - Parte 54,Julio Verne,heroes_y_aventuras,Elejandria
cuento_1198.txt,El cocinero de su majestad: Memorias del tiempo de Felipe III - Parte 1,Manuel Fernández y González,heroes_y_aventuras,Elejandria
cuento_1199.txt,El cocinero de su majestad: Memorias del tiempo de Felipe III - Parte 2,Manuel Fernández y González,heroes_y_aventuras,Elejandria
cuento_1200.txt,El cocinero de su majestad: Memorias del tiempo de Felipe III - Parte 3,Manuel Fernández y González,heroes_y_aventuras,Elejandria
cuento_1201.txt,El cocinero de su majestad: Memorias del tiempo de Felipe III - Parte 4,Manuel Fernández y González,heroes_y_aventuras,Elejandria
cuento_1202.txt,El cocinero de su majestad: Memorias del tiempo de Felipe III - Parte 5,Manuel Fernández y González,heroes_y_aventuras,Elejandria
cuento_1203.txt,El cocinero de su majestad: Memorias del tiempo de Felipe III - Parte 6,Manuel Fernández y González,heroes_y_aventuras,Elejandria
cuento_1204.txt,El cocinero de su majestad: Memorias del tiempo de Felipe III - Parte 7,Manuel Fernández y González,heroes_y_aventuras,Elejandria
cuento_1205.txt,El cocinero de su majestad: Memorias del tiempo de Felipe III - Parte 8,Manuel Fernández y González,heroes_y_aventuras,Elejandria
cuento_1206.txt,El cocinero de su majestad: Memorias del tiempo de Felipe III - Parte 9,Manuel Fernández y González,heroes_y_aventuras,Elejandria
cuento_1207.txt,El cocinero de su majestad: Memorias del tiempo de Felipe III - Parte 10,Manuel Fernández y González,heroes_y_aventuras,Elejandria
cuento_1208.txt,El cocinero de su majestad: Memorias del tiempo de Felipe III - Parte 11,Manuel Fernández y González,heroes_y_aventuras,Elejandria
cuento_1209.txt,El cocinero de su majestad: Memorias del tiempo de Felipe III - Parte 12,Manuel Fernández y González,heroes_y_aventuras,Elejandria
cuento_1210.txt,El cocinero de su majestad: Memorias del tiempo de Felipe III - Parte 13,Manuel Fernández y González,heroes_y_aventuras,Elejandria
cuento_1211.txt,El cocinero de su majestad: Memorias del tiempo de Felipe III - Parte 14,Manuel Fernández y González,heroes_y_aventuras,Elejandria
cuento_1212.txt,El cocinero de su majestad: Memorias del tiempo de Felipe III - Parte 15,Manuel Fernández y González,heroes_y_aventuras,Elejandria
cuento_1213.txt,El cocinero de su majestad: Memorias del tiempo de Felipe III - Parte 16,Manuel Fernández y González,heroes_y_aventuras,Elejandria
cuento_1214.txt,El cocinero de su majestad: Memorias del tiempo de Felipe III - Parte 17,Manuel Fernández y González,heroes_y_aventuras,Elejandria
cuento_1215.txt,El cocinero de su majestad: Memorias del tiempo de Felipe III - Parte 18,Manuel Fernández y González,heroes_y_aventuras,Elejandria
cuento_1216.txt,El cocinero de su majestad: Memorias del tiempo de Felipe III - Parte 19,Manuel Fernández y González,heroes_y_aventuras,Elejandria
cuento_1217.txt,El cocinero de su majestad: Memorias del tiempo de Felipe III - Parte 20,Manuel Fernández y González,heroes_y_aventuras,Elejandria
cuento_1218.txt,El cocinero de su majestad: Memorias del tiempo de Felipe III - Parte 21,Manuel Fernández y González,heroes_y_aventuras,Elejandria
cuento_1219.txt,El cocinero de su majestad: Memorias del tiempo de Felipe III - Parte 22,Manuel Fernández y González,heroes_y_aventuras,Elejandria
cuento_1220.txt,El cocinero de su majestad: Memorias del tiempo de Felipe III - Parte 23,Manuel Fernández y González,heroes_y_aventuras,Elejandria
cuento_1221.txt,El cocinero de su majestad: Memorias del tiempo de Felipe III - Parte 24,Manuel Fernández y González,heroes_y_aventuras,Elejandria
cuento_1222.txt,El cocinero de su majestad: Memorias del tiempo de Felipe III - Parte 25,Manuel Fernández y González,heroes_y_aventuras,Elejandria
cuento_1223.txt,El cocinero de su majestad: Memorias del tiempo de Felipe III - Parte 26,Manuel Fernández y González,heroes_y_aventuras,Elejandria
cuento_1224.txt,El cocinero de su majestad: Memorias del tiempo de Felipe III - Parte 27,Manuel Fernández y González,heroes_y_aventuras,Elejandria
cuento_1225.txt,El cocinero de su majestad: Memorias del tiempo de Felipe III - Parte 28,Manuel Fernández y González,heroes_y_aventuras,Elejandria
cuento_1226.txt,El cocinero de su majestad: Memorias del tiempo de Felipe III - Parte 29,Manuel Fernández y González,heroes_y_aventuras,Elejandria
cuento_1227.txt,El cocinero de su majestad: Memorias del tiempo de Felipe III - Parte 30,Manuel Fernández y González,heroes_y_aventuras,Elejandria
cuento_1228.txt,El cocinero de su majestad: Memorias del tiempo de Felipe III - Parte 31,Manuel Fernández y González,heroes_y_aventuras,Elejandria
cuento_1229.txt,El cocinero de su majestad: Memorias del tiempo de Felipe III - Parte 32,Manuel Fernández y González,heroes_y_aventuras,Elejandria
cuento_1230.txt,El cocinero de su majestad: Memorias del tiempo de Felipe III - Parte 33,Manuel Fernández y González,heroes_y_aventuras,Elejandria
cuento_1231.txt,El cocinero de su majestad: Memorias del tiempo de Felipe III - Parte 34,Manuel Fernández y González,heroes_y_aventuras,Elejandria
cuento_1232.txt,El cocinero de su majestad: Memorias del tiempo de Felipe III - Parte 35,Manuel Fernández y González,heroes_y_aventuras,Elejandria
cuento_1233.txt,El cocinero de su majestad: Memorias del tiempo de Felipe III - Parte 36,Manuel Fernández y González,heroes_y_aventuras,Elejandria
cuento_1234.txt,El cocinero de su majestad: Memorias del tiempo de Felipe III - Parte 37,Manuel Fernández y González,heroes_y_aventuras,Elejandria
cuento_1235.txt,El cocinero de su majestad: Memorias del tiempo de Felipe III - Parte 38,Manuel Fernández y González,heroes_y_aventuras,Elejandria
cuento_1236.txt,El cocinero de su majestad: Memorias del tiempo de Felipe III - Parte 39,Manuel Fernández y González,heroes_y_aventuras,Elejandria
cuento_1237.txt,El cocinero de su majestad: Memorias del tiempo de Felipe III - Parte 40,Manuel Fernández y González,heroes_y_aventuras,Elejandria
cuento_1238.txt,El cocinero de su majestad: Memorias del tiempo de Felipe III - Parte 41,Manuel Fernández y González,heroes_y_aventuras,Elejandria
cuento_1239.txt,El cocinero de su majestad: Memorias del tiempo de Felipe III - Parte 42,Manuel Fernández y González,heroes_y_aventuras,Elejandria
cuento_1240.txt,El cocinero de su majestad: Memorias del tiempo de Felipe III - Parte 43,Manuel Fernández y González,heroes_y_aventuras,Elejandria
cuento_1241.txt,El cocinero de su majestad: Memorias del tiempo de Felipe III - Parte 44,Manuel Fernández y González,heroes_y_aventuras,Elejandria
cuento_1242.txt,El cocinero de su majestad: Memorias del tiempo de Felipe III - Parte 45,Manuel Fernández y González,heroes_y_aventuras,Elejandria
cuento_1243.txt,El cocinero de su majestad: Memorias del tiempo de Felipe III - Parte 46,Manuel Fernández y González,heroes_y_aventuras,Elejandria
cuento_1244.txt,El cocinero de su majestad: Memorias del tiempo de Felipe III - Parte 47,Manuel Fernández y González,heroes_y_aventuras,Elejandria
cuento_1245.txt,El cocinero de su majestad: Memorias del tiempo de Felipe III - Parte 48,Manuel Fernández y González,heroes_y_aventuras,Elejandria
cuento_1246.txt,El cocinero de su majestad: Memorias del tiempo de Felipe III - Parte 49,Manuel Fernández y González,heroes_y_aventuras,Elejandria
cuento_1247.txt,El cocinero de su majestad: Memorias del tiempo de Felipe III - Parte 50,Manuel Fernández y González,heroes_y_aventuras,Elejandria
cuento_1248.txt,El cocinero de su majestad: Memorias del tiempo de Felipe III - Parte 51,Manuel Fernández y González,heroes_y_aventuras,Elejandria
cuento_1249.txt,El cocinero de su majestad: Memorias del tiempo de Felipe III - Parte 52,Manuel Fernández y González,heroes_y_aventuras,Elejandria
cuento_1250.txt,El cocinero de su majestad: Memorias del tiempo de Felipe III - Parte 53,Manuel Fernández y González,heroes_y_aventuras,Elejandria
cuento_1251.txt,El cocinero de su majestad: Memorias del tiempo de Felipe III - Parte 54,Manuel Fernández y González,heroes_y_aventuras,Elejandria
cuento_1252.txt,El cocinero de su majestad: Memorias del tiempo de Felipe III - Parte 55,Manuel Fernández y González,heroes_y_aventuras,Elejandria
cuento_1253.txt,El cocinero de su majestad: Memorias del tiempo de Felipe III - Parte 56,Manuel Fernández y González,heroes_y_aventuras,Elejandria
cuento_1254.txt,El cocinero de su majestad: Memorias del tiempo de Felipe III - Parte 57,Manuel Fernández y González,heroes_y_aventuras,Elejandria
cuento_1255.txt,El cocinero de su majestad: Memorias del tiempo de Felipe III - Parte 58,Manuel Fernández y González,heroes_y_aventuras,Elejandria
cuento_1256.txt,El cocinero de su majestad: Memorias del tiempo de Felipe III - Parte 59,Manuel Fernández y González,heroes_y_aventuras,Elejandria
cuento_1257.txt,El cocinero de su majestad: Memorias del tiempo de Felipe III - Parte 60,Manuel Fernández y González,heroes_y_aventuras,Elejandria
cuento_1258.txt,El cocinero de su majestad: Memorias del tiempo de Felipe III - Parte 61,Manuel Fernández y González,heroes_y_aventuras,Elejandria
cuento_1259.txt,El cocinero de su majestad: Memorias del tiempo de Felipe III - Parte 62,Manuel Fernández y González,heroes_y_aventuras,Elejandria
cuento_1260.txt,El cocinero de su majestad: Memorias del tiempo de Felipe III - Parte 63,Manuel Fernández y González,heroes_y_aventuras,Elejandria
cuento_1261.txt,El cocinero de su majestad: Memorias del tiempo de Felipe III - Parte 64,Manuel Fernández y González,heroes_y_aventuras,Elejandria
cuento_1262.txt,El cocinero de su majestad: Memorias del tiempo de Felipe III - Parte 65,Manuel Fernández y González,heroes_y_aventuras,Elejandria
cuento_1263.txt,El cocinero de su majestad: Memorias del tiempo de Felipe III - Parte 66,Manuel Fernández y González,heroes_y_aventuras,Elejandria
cuento_1264.txt,El cocinero de su majestad: Memorias del tiempo de Felipe III - Parte 67,Manuel Fernández y González,heroes_y_aventuras,Elejandria
cuento_1265.txt,El cocinero de su majestad: Memorias del tiempo de Felipe III - Parte 68,Manuel Fernández y González,heroes_y_aventuras,Elejandria
cuento_1266.txt,El cocinero de su majestad: Memorias del tiempo de Felipe III - Parte 69,Manuel Fernández y González,heroes_y_aventuras,Elejandria
cuento_1267.txt,El cocinero de su majestad: Memorias del tiempo de Felipe III - Parte 70,Manuel Fernández y González,heroes_y_aventuras,Elejandria
cuento_1268.txt,El cocinero de su majestad: Memorias del tiempo de Felipe III - Parte 71,Manuel Fernández y González,heroes_y_aventuras,Elejandria
cuento_1269.txt,El cocinero de su majestad: Memorias del tiempo de Felipe III - Parte 72,Manuel Fernández y González,heroes_y_aventuras,Elejandria
cuento_1270.txt,El cocinero de su majestad: Memorias del tiempo de Felipe III - Parte 73,Manuel Fernández y González,heroes_y_aventuras,Elejandria
cuento_1271.txt,El cocinero de su majestad: Memorias del tiempo de Felipe III - Parte 74,Manuel Fernández y González,heroes_y_aventuras,Elejandria
cuento_1272.txt,El cocinero de su majestad: Memorias del tiempo de Felipe III - Parte 75,Manuel Fernández y González,heroes_y_aventuras,Elejandria
cuento_1273.txt,El cocinero de su majestad: Memorias del tiempo de Felipe III - Parte 76,Manuel Fernández y González,heroes_y_aventuras,Elejandria
cuento_1274.txt,El cocinero de su majestad: Memorias del tiempo de Felipe III - Parte 77,Manuel Fernández y González,heroes_y_aventuras,Elejandria
cuento_1275.txt,El cocinero de su majestad: Memorias del tiempo de Felipe III - Parte 78,Manuel Fernández y González,heroes_y_aventuras,Elejandria
cuento_1276.txt,El cocinero de su majestad: Memorias del tiempo de Felipe III - Parte 79,Manuel Fernández y González,heroes_y_aventuras,Elejandria
cuento_1277.txt,El cocinero de su majestad: Memorias del tiempo de Felipe III - Parte 80,Manuel Fernández y González,heroes_y_aventuras,Elejandria
cuento_1278.txt,El cocinero de su majestad: Memorias del tiempo de Felipe III - Parte 81,Manuel Fernández y González,heroes_y_aventuras,Elejandria
cuento_1279.txt,El cocinero de su majestad: Memorias del tiempo de Felipe III - Parte 82,Manuel Fernández y González,heroes_y_aventuras,Elejandria
cuento_1280.txt,El cocinero de su majestad: Memorias del tiempo de Felipe III - Parte 83,Manuel Fernández y González,heroes_y_aventuras,Elejandria
cuento_1281.txt,El cocinero de su majestad: Memorias del tiempo de Felipe III - Parte 84,Manuel Fernández y González,heroes_y_aventuras,Elejandria
cuento_1282.txt,El cocinero de su majestad: Memorias del tiempo de Felipe III - Parte 85,Manuel Fernández y González,heroes_y_aventuras,Elejandria
cuento_1283.txt,El cocinero de su majestad: Memorias del tiempo de Felipe III - Parte 86,Manuel Fernández y González,heroes_y_aventuras,Elejandria
cuento_1284.txt,El cocinero de su majestad: Memorias del tiempo de Felipe III - Parte 87,Manuel Fernández y González,heroes_y_aventuras,Elejandria
cuento_1285.txt,El cocinero de su majestad: Memorias del tiempo de Felipe III - Parte 88,Manuel Fernández y González,heroes_y_aventuras,Elejandria
cuento_1286.txt,El cocinero de su majestad: Memorias del tiempo de Felipe III - Parte 89,Manuel Fernández y González,heroes_y_aventuras,Elejandria
cuento_1287.txt,El cocinero de su majestad: Memorias del tiempo de Felipe III - Parte 90,Manuel Fernández y González,heroes_y_aventuras,Elejandria
cuento_1288.txt,El cocinero de su majestad: Memorias del tiempo de Felipe III - Parte 91,Manuel Fernández y González,heroes_y_aventuras,Elejandria
cuento_1289.txt,El cocinero de su majestad: Memorias del tiempo de Felipe III - Parte 92,Manuel Fernández y González,heroes_y_aventuras,Elejandria
cuento_1290.txt,El cocinero de su majestad: Memorias del tiempo de Felipe III - Parte 93,Manuel Fernández y González,heroes_y_aventuras,Elejandria
cuento_1291.txt,El coloso negro,Robert E. Howard,heroes_y_aventuras,Elejandria
cuento_1292.txt,El Conde Lucanor - Parte 1,Infante Don Juan Manuel,heroes_y_aventuras,Elejandria
cuento_1293.txt,El Conde Lucanor - Parte 2,Infante Don Juan Manuel,heroes_y_aventuras,Elejandria
cuento_1294.txt,El Conde Lucanor - Parte 3,Infante Don Juan Manuel,heroes_y_aventuras,Elejandria
cuento_1295.txt,El Conde Lucanor - Parte 4,Infante Don Juan Manuel,heroes_y_aventuras,Elejandria
cuento_1296.txt,El Conde Lucanor - Parte 5,Infante Don Juan Manuel,heroes_y_aventuras,Elejandria
cuento_1297.txt,El Corsario Negro - Parte 1,Emilio Salgari,heroes_y_aventuras,Elejandria
cuento_1298.txt,El Corsario Negro - Parte 2,Emilio Salgari,heroes_y_aventuras,Elejandria
cuento_1299.txt,El Corsario Negro - Parte 3,Emilio Salgari,heroes_y_aventuras,Elejandria
cuento_1300.txt,El Corsario Negro - Parte 4,Emilio Salgari,heroes_y_aventuras,Elejandria
cuento_1301.txt,El Corsario Negro - Parte 5,Emilio Salgari,heroes_y_aventuras,Elejandria
cuento_1302.txt,El Corsario Negro - Parte 6,Emilio Salgari,heroes_y_aventuras,Elejandria
cuento_1303.txt,El Corsario Negro - Parte 7,Emilio Salgari,heroes_y_aventuras,Elejandria
cuento_1304.txt,El Corsario Negro - Parte 8,Emilio Salgari,heroes_y_aventuras,Elejandria
cuento_1305.txt,El Corsario Negro - Parte 9,Emilio Salgari,heroes_y_aventuras,Elejandria
cuento_1306.txt,El Corsario Negro - Parte 10,Emilio Salgari,heroes_y_aventuras,Elejandria
cuento_1307.txt,El Corsario Negro - Parte 11,Emilio Salgari,heroes_y_aventuras,Elejandria
cuento_1308.txt,El Corsario Negro - Parte 12,Emilio Salgari,heroes_y_aventuras,Elejandria
cuento_1309.txt,El Corsario Negro - Parte 13,Emilio Salgari,heroes_y_aventuras,Elejandria
cuento_1310.txt,El Corsario Negro - Parte 14,Emilio Salgari,heroes_y_aventuras,Elejandria
cuento_1311.txt,El Corsario Negro - Parte 15,Emilio Salgari,heroes_y_aventuras,Elejandria
cuento_1312.txt,El Corsario Negro - Parte 16,Emilio Salgari,heroes_y_aventuras,Elejandria
cuento_1313.txt,El Corsario Negro - Parte 17,Emilio Salgari,heroes_y_aventuras,Elejandria
cuento_1314.txt,El cuento de la ardilla Nogalina - Beatrix Potter,Beatrix Potter,heroes_y_aventuras,Elejandria
cuento_1315.txt,El cuento de la oca Carlota,Beatrix Potter,heroes_y_aventuras,Elejandria
cuento_1316.txt,El cuento de Perico el conejo - Beatrix Potter,Beatrix Potter,heroes_y_aventuras,Elejandria
cuento_1317.txt,Decamerón - Parte 1,Giovanni Boccaccio,heroes_y_aventuras,Elejandria
cuento_1318.txt,Decamerón - Parte 2,Giovanni Boccaccio,heroes_y_aventuras,Elejandria
cuento_1319.txt,Decamerón - Parte 3,Giovanni Boccaccio,heroes_y_aventuras,Elejandria
cuento_1320.txt,Decamerón - Parte 4,Giovanni Boccaccio,heroes_y_aventuras,Elejandria
cuento_1321.txt,Decamerón - Parte 5,Giovanni Boccaccio,heroes_y_aventuras,Elejandria
cuento_1322.txt,Decamerón - Parte 6,Giovanni Boccaccio,heroes_y_aventuras,Elejandria
cuento_1323.txt,Decamerón - Parte 7,Giovanni Boccaccio,heroes_y_aventuras,Elejandria
cuento_1324.txt,Decamerón - Parte 8,Giovanni Boccaccio,heroes_y_aventuras,Elejandria
cuento_1325.txt,Decamerón - Parte 9,Giovanni Boccaccio,heroes_y_aventuras,Elejandria
cuento_1326.txt,Decamerón - Parte 10,Giovanni Boccaccio,heroes_y_aventuras,Elejandria
cuento_1327.txt,Decamerón - Parte 11,Giovanni Boccaccio,heroes_y_aventuras,Elejandria
cuento_1328.txt,Decamerón - Parte 12,Giovanni Boccaccio,heroes_y_aventuras,Elejandria
cuento_1329.txt,Decamerón - Parte 13,Giovanni Boccaccio,heroes_y_aventuras,Elejandria
cuento_1330.txt,Decamerón - Parte 14,Giovanni Boccaccio,heroes_y_aventuras,Elejandria
cuento_1331.txt,Decamerón - Parte 15,Giovanni Boccaccio,heroes_y_aventuras,Elejandria
cuento_1332.txt,Decamerón - Parte 16,Giovanni Boccaccio,heroes_y_aventuras,Elejandria
cuento_1333.txt,Decamerón - Parte 17,Giovanni Boccaccio,heroes_y_aventuras,Elejandria
cuento_1334.txt,Decamerón - Parte 18,Giovanni Boccaccio,heroes_y_aventuras,Elejandria
cuento_1335.txt,Decamerón - Parte 19,Giovanni Boccaccio,heroes_y_aventuras,Elejandria
cuento_1336.txt,Decamerón - Parte 20,Giovanni Boccaccio,heroes_y_aventuras,Elejandria
cuento_1337.txt,Decamerón - Parte 21,Giovanni Boccaccio,heroes_y_aventuras,Elejandria
cuento_1338.txt,Decamerón - Parte 22,Giovanni Boccaccio,heroes_y_aventuras,Elejandria
cuento_1339.txt,Decamerón - Parte 23,Giovanni Boccaccio,heroes_y_aventuras,Elejandria
cuento_1340.txt,Decamerón - Parte 24,Giovanni Boccaccio,heroes_y_aventuras,Elejandria
cuento_1341.txt,Decamerón - Parte 25,Giovanni Boccaccio,heroes_y_aventuras,Elejandria
cuento_1342.txt,Decamerón - Parte 26,Giovanni Boccaccio,heroes_y_aventuras,Elejandria
cuento_1343.txt,Decamerón - Parte 27,Giovanni Boccaccio,heroes_y_aventuras,Elejandria
cuento_1344.txt,Decamerón - Parte 28,Giovanni Boccaccio,heroes_y_aventuras,Elejandria
cuento_1345.txt,Decamerón - Parte 29,Giovanni Boccaccio,heroes_y_aventuras,Elejandria
cuento_1346.txt,Decamerón - Parte 30,Giovanni Boccaccio,heroes_y_aventuras,Elejandria
cuento_1347.txt,Decamerón - Parte 31,Giovanni Boccaccio,heroes_y_aventuras,Elejandria
cuento_1348.txt,Decamerón - Parte 32,Giovanni Boccaccio,heroes_y_aventuras,Elejandria
cuento_1349.txt,Decamerón - Parte 33,Giovanni Boccaccio,heroes_y_aventuras,Elejandria
cuento_1350.txt,Decamerón - Parte 34,Giovanni Boccaccio,heroes_y_aventuras,Elejandria
cuento_1351.txt,Decamerón - Parte 35,Giovanni Boccaccio,heroes_y_aventuras,Elejandria
cuento_1352.txt,Decamerón - Parte 36,Giovanni Boccaccio,heroes_y_aventuras,Elejandria
cuento_1353.txt,Decamerón - Parte 37,Giovanni Boccaccio,heroes_y_aventuras,Elejandria
cuento_1354.txt,Decamerón - Parte 38,Giovanni Boccaccio,heroes_y_aventuras,Elejandria
cuento_1355.txt,El desierto,Horacio Quiroga,heroes_y_aventuras,Elejandria
cuento_1356.txt,El diamante de Moonfleet - Parte 1,John Meade Falkner,heroes_y_aventuras,Elejandria
cuento_1357.txt,El diamante de Moonfleet - Parte 2,John Meade Falkner,heroes_y_aventuras,Elejandria
cuento_1358.txt,El diamante de Moonfleet - Parte 3,John Meade Falkner,heroes_y_aventuras,Elejandria
cuento_1359.txt,El diamante de Moonfleet - Parte 4,John Meade Falkner,heroes_y_aventuras,Elejandria
cuento_1360.txt,El diamante de Moonfleet - Parte 5,John Meade Falkner,heroes_y_aventuras,Elejandria
cuento_1361.txt,El diamante de Moonfleet - Parte 6,John Meade Falkner,heroes_y_aventuras,Elejandria
cuento_1362.txt,El diamante de Moonfleet - Parte 7,John Meade Falkner,heroes_y_aventuras,Elejandria
cuento_1363.txt,El diamante de Moonfleet - Parte 8,John Meade Falkner,heroes_y_aventuras,Elejandria
cuento_1364.txt,El diamante de Moonfleet - Parte 9,John Meade Falkner,heroes_y_aventuras,Elejandria
cuento_1365.txt,El diamante de Moonfleet - Parte 10,John Meade Falkner,heroes_y_aventuras,Elejandria
cuento_1366.txt,El diamante de Moonfleet - Parte 11,John Meade Falkner,heroes_y_aventuras,Elejandria
cuento_1367.txt,El diamante de Moonfleet - Parte 12,John Meade Falkner,heroes_y_aventuras,Elejandria
cuento_1368.txt,El diamante de Moonfleet - Parte 13,John Meade Falkner,heroes_y_aventuras,Elejandria
cuento_1369.txt,El diamante de Moonfleet - Parte 14,John Meade Falkner,heroes_y_aventuras,Elejandria
cuento_1370.txt,El diamante de Moonfleet - Parte 15,John Meade Falkner,heroes_y_aventuras,Elejandria
cuento_1371.txt,El diamante de Moonfleet - Parte 16,John Meade Falkner,heroes_y_aventuras,Elejandria
cuento_1372.txt,El diamante de Moonfleet - Parte 17,John Meade Falkner,heroes_y_aventuras,Elejandria
cuento_1373.txt,El diamante de Moonfleet - Parte 18,John Meade Falkner,heroes_y_aventuras,Elejandria
cuento_1374.txt,El diamante de Moonfleet - Parte 19,John Meade Falkner,heroes_y_aventuras,Elejandria
cuento_1375.txt,El diamante de Moonfleet - Parte 20,John Meade Falkner,heroes_y_aventuras,Elejandria
cuento_1376.txt,El diamante de Moonfleet - Parte 21,John Meade Falkner,heroes_y_aventuras,Elejandria
cuento_1377.txt,El dique de Hermiston - Parte 1,Robert Louis Stevenson,heroes_y_aventuras,Elejandria
cuento_1378.txt,El dique de Hermiston - Parte 2,Robert Louis Stevenson,heroes_y_aventuras,Elejandria
cuento_1379.txt,El dique de Hermiston - Parte 3,Robert Louis Stevenson,heroes_y_aventuras,Elejandria
cuento_1380.txt,El dique de Hermiston - Parte 4,Robert Louis Stevenson,heroes_y_aventuras,Elejandria
cuento_1381.txt,El dique de Hermiston - Parte 5,Robert Louis Stevenson,heroes_y_aventuras,Elejandria
cuento_1382.txt,El dique de Hermiston - Parte 6,Robert Louis Stevenson,heroes_y_aventuras,Elejandria
cuento_1383.txt,El dique de Hermiston - Parte 7,Robert Louis Stevenson,heroes_y_aventuras,Elejandria
cuento_1384.txt,El dique de Hermiston - Parte 8,Robert Louis Stevenson,heroes_y_aventuras,Elejandria
cuento_1385.txt,El dique de Hermiston - Parte 9,Robert Louis Stevenson,heroes_y_aventuras,Elejandria
cuento_1386.txt,El dique de Hermiston - Parte 10,Robert Louis Stevenson,heroes_y_aventuras,Elejandria
cuento_1387.txt,El dique de Hermiston - Parte 11,Robert Louis Stevenson,heroes_y_aventuras,Elejandria
cuento_1388.txt,El dique de Hermiston - Parte 12,Robert Louis Stevenson,heroes_y_aventuras,Elejandria
cuento_1389.txt,El escudo de Heracles,Hesiodo,heroes_y_aventuras,Elejandria
cuento_1390.txt,el-estanque-del-negro-robert-ervin-howard,Robert Ervin Howard,heroes_y_aventuras,Elejandria
cuento_1391.txt,El faro del fin del mundo - Parte 1,Julio Verne,heroes_y_aventuras,Elejandria
cuento_1392.txt,El faro del fin del mundo - Parte 2,Julio Verne,heroes_y_aventuras,Elejandria
cuento_1393.txt,El faro del fin del mundo - Parte 3,Julio Verne,heroes_y_aventuras,Elejandria
cuento_1394.txt,El faro del fin del mundo - Parte 4,Julio Verne,heroes_y_aventuras,Elejandria
cuento_1395.txt,El fiel Juan,Hermanos Grimm,heroes_y_aventuras,Elejandria
cuento_1396.txt,El filtro de los califas - Parte 1,Emilio Salgari,heroes_y_aventuras,Elejandria
cuento_1397.txt,El filtro de los califas - Parte 2,Emilio Salgari,heroes_y_aventuras,Elejandria
cuento_1398.txt,El filtro de los califas - Parte 3,Emilio Salgari,heroes_y_aventuras,Elejandria
cuento_1399.txt,El filtro de los califas - Parte 4,Emilio Salgari,heroes_y_aventuras,Elejandria
cuento_1400.txt,El filtro de los califas - Parte 5,Emilio Salgari,heroes_y_aventuras,Elejandria
cuento_1401.txt,El filtro de los califas - Parte 6,Emilio Salgari,heroes_y_aventuras,Elejandria
cuento_1402.txt,El filtro de los califas - Parte 7,Emilio Salgari,heroes_y_aventuras,Elejandria
cuento_1403.txt,El filtro de los califas - Parte 8,Emilio Salgari,heroes_y_aventuras,Elejandria
cuento_1404.txt,El filtro de los califas - Parte 9,Emilio Salgari,heroes_y_aventuras,Elejandria
cuento_1405.txt,El filtro de los califas - Parte 10,Emilio Salgari,heroes_y_aventuras,Elejandria
cuento_1406.txt,El filtro de los califas - Parte 11,Emilio Salgari,heroes_y_aventuras,Elejandria
cuento_1407.txt,El filtro de los califas - Parte 12,Emilio Salgari,heroes_y_aventuras,Elejandria
cuento_1408.txt,El filtro de los califas - Parte 13,Emilio Salgari,heroes_y_aventuras,Elejandria
cuento_1409.txt,El filtro de los califas - Parte 14,Emilio Salgari,heroes_y_aventuras,Elejandria
cuento_1410.txt,El filtro de los califas - Parte 15,Emilio Salgari,heroes_y_aventuras,Elejandria
cuento_1411.txt,El gigante Verlioka,Aleksandr Afanásiev,heroes_y_aventuras,Elejandria
cuento_1412.txt,El grifo y el canónigo menor,Frank R. Stockton,heroes_y_aventuras,Elejandria
cuento_1413.txt,El hijo,Horacio Quiroga,heroes_y_aventuras,Elejandria
cuento_1414.txt,El hijo del lobo,Jack London,heroes_y_aventuras,Elejandria
cuento_1415.txt,El león de Damasco - Parte 1,Emilio Salgari,heroes_y_aventuras,Elejandria
cuento_1416.txt,El león de Damasco - Parte 2,Emilio Salgari,heroes_y_aventuras,Elejandria
cuento_1417.txt,El león de Damasco - Parte 3,Emilio Salgari,heroes_y_aventuras,Elejandria
cuento_1418.txt,El león de Damasco - Parte 4,Emilio Salgari,heroes_y_aventuras,Elejandria
cuento_1419.txt,El león de Damasco - Parte 5,Emilio Salgari,heroes_y_aventuras,Elejandria
cuento_1420.txt,El león de Damasco - Parte 6,Emilio Salgari,heroes_y_aventuras,Elejandria
cuento_1421.txt,El león de Damasco - Parte 7,Emilio Salgari,heroes_y_aventuras,Elejandria
cuento_1422.txt,El león de Damasco - Parte 8,Emilio Salgari,heroes_y_aventuras,Elejandria
cuento_1423.txt,El león de Damasco - Parte 9,Emilio Salgari,heroes_y_aventuras,Elejandria
cuento_1424.txt,El león de Damasco - Parte 10,Emilio Salgari,heroes_y_aventuras,Elejandria
cuento_1425.txt,El león de Damasco - Parte 11,Emilio Salgari,heroes_y_aventuras,Elejandria
cuento_1426.txt,El león de Damasco - Parte 12,Emilio Salgari,heroes_y_aventuras,Elejandria
cuento_1427.txt,El león de Damasco - Parte 13,Emilio Salgari,heroes_y_aventuras,Elejandria
cuento_1428.txt,El león de Damasco - Parte 14,Emilio Salgari,heroes_y_aventuras,Elejandria
cuento_1429.txt,El león de Damasco - Parte 15,Emilio Salgari,heroes_y_aventuras,Elejandria
cuento_1430.txt,El león de Damasco - Parte 16,Emilio Salgari,heroes_y_aventuras,Elejandria
cuento_1431.txt,El león de Damasco - Parte 17,Emilio Salgari,heroes_y_aventuras,Elejandria
cuento_1432.txt,El león de Damasco - Parte 18,Emilio Salgari,heroes_y_aventuras,Elejandria
cuento_1433.txt,El león de Damasco - Parte 19,Emilio Salgari,heroes_y_aventuras,Elejandria
cuento_1434.txt,El león de Damasco - Parte 20,Emilio Salgari,heroes_y_aventuras,Elejandria
cuento_1435.txt,El león de Damasco - Parte 21,Emilio Salgari,heroes_y_aventuras,Elejandria
cuento_1436.txt,El león de Damasco - Parte 22,Emilio Salgari,heroes_y_aventuras,Elejandria
cuento_1437.txt,El león de Damasco - Parte 23,Emilio Salgari,heroes_y_aventuras,Elejandria
cuento_1438.txt,El león de Damasco - Parte 24,Emilio Salgari,heroes_y_aventuras,Elejandria
cuento_1439.txt,El león de Damasco - Parte 25,Emilio Salgari,heroes_y_aventuras,Elejandria
cuento_1440.txt,El león de Damasco - Parte 26,Emilio Salgari,heroes_y_aventuras,Elejandria
cuento_1441.txt,El lobo de mar - Parte 1,Jack London,heroes_y_aventuras,Elejandria
cuento_1442.txt,El lobo de mar - Parte 2,Jack London,heroes_y_aventuras,Elejandria
cuento_1443.txt,El lobo de mar - Parte 3,Jack London,heroes_y_aventuras,Elejandria
cuento_1444.txt,El lobo de mar - Parte 4,Jack London,heroes_y_aventuras,Elejandria
cuento_1445.txt,El lobo de mar - Parte 5,Jack London,heroes_y_aventuras,Elejandria
cuento_1446.txt,El lobo de mar - Parte 6,Jack London,heroes_y_aventuras,Elejandria
cuento_1447.txt,El lobo de mar - Parte 7,Jack London,heroes_y_aventuras,Elejandria
cuento_1448.txt,El lobo de mar - Parte 8,Jack London,heroes_y_aventuras,Elejandria
cuento_1449.txt,El lobo de mar - Parte 9,Jack London,heroes_y_aventuras,Elejandria
cuento_1450.txt,El lobo de mar - Parte 10,Jack London,heroes_y_aventuras,Elejandria
cuento_1451.txt,El lobo de mar - Parte 11,Jack London,heroes_y_aventuras,Elejandria
cuento_1452.txt,El lobo de mar - Parte 12,Jack London,heroes_y_aventuras,Elejandria
cuento_1453.txt,El lobo de mar - Parte 13,Jack London,heroes_y_aventuras,Elejandria
cuento_1454.txt,El lobo de mar - Parte 14,Jack London,heroes_y_aventuras,Elejandria
cuento_1455.txt,El lobo de mar - Parte 15,Jack London,heroes_y_aventuras,Elejandria
cuento_1456.txt,El lobo de mar - Parte 16,Jack London,heroes_y_aventuras,Elejandria
cuento_1457.txt,El lobo de mar - Parte 17,Jack London,heroes_y_aventuras,Elejandria
cuento_1458.txt,El lobo de mar - Parte 18,Jack London,heroes_y_aventuras,Elejandria
cuento_1459.txt,El lobo de mar - Parte 19,Jack London,heroes_y_aventuras,Elejandria
cuento_1460.txt,El lobo de mar - Parte 20,Jack London,heroes_y_aventuras,Elejandria
cuento_1461.txt,El lobo de mar - Parte 21,Jack London,heroes_y_aventuras,Elejandria
cuento_1462.txt,El lobo de mar - Parte 22,Jack London,heroes_y_aventuras,Elejandria
cuento_1463.txt,El lobo de mar - Parte 23,Jack London,heroes_y_aventuras,Elejandria
cuento_1464.txt,El lobo de mar - Parte 24,Jack London,heroes_y_aventuras,Elejandria
cuento_1465.txt,El lobo de mar - Parte 25,Jack London,heroes_y_aventuras,Elejandria
cuento_1466.txt,El lobo de mar - Parte 26,Jack London,heroes_y_aventuras,Elejandria
cuento_1467.txt,El lobo de mar - Parte 27,Jack London,heroes_y_aventuras,Elejandria
cuento_1468.txt,El lobo de mar - Parte 28,Jack London,heroes_y_aventuras,Elejandria
cuento_1469.txt,El lobo de mar - Parte 29,Jack London,heroes_y_aventuras,Elejandria
cuento_1470.txt,El lobo de mar - Parte 30,Jack London,heroes_y_aventuras,Elejandria
cuento_1471.txt,El lobo de mar - Parte 31,Jack London,heroes_y_aventuras,Elejandria
cuento_1472.txt,El lobo de mar - Parte 32,Jack London,heroes_y_aventuras,Elejandria
cuento_1473.txt,El lobo de mar - Parte 33,Jack London,heroes_y_aventuras,Elejandria
cuento_1474.txt,El lobo de mar - Parte 34,Jack London,heroes_y_aventuras,Elejandria
cuento_1475.txt,El lobo de mar - Parte 35,Jack London,heroes_y_aventuras,Elejandria
cuento_1476.txt,El lobo de mar - Parte 36,Jack London,heroes_y_aventuras,Elejandria
cuento_1477.txt,El lobo de mar - Parte 37,Jack London,heroes_y_aventuras,Elejandria
cuento_1478.txt,El lobo de mar - Parte 38,Jack London,heroes_y_aventuras,Elejandria
cuento_1479.txt,El lobo de mar - Parte 39,Jack London,heroes_y_aventuras,Elejandria
cuento_1480.txt,El lobo de mar - Parte 40,Jack London,heroes_y_aventuras,Elejandria
cuento_1481.txt,El maestro Zacarías,Julio Verne,heroes_y_aventuras,Elejandria
cuento_1482.txt,El mantel de Tabby,Louisa May Alcott,heroes_y_aventuras,Elejandria
cuento_1483.txt,El maravilloso mago de Oz - Parte 1,"Baum, Lyman Frank",heroes_y_aventuras,Elejandria
cuento_1484.txt,El maravilloso mago de Oz - Parte 2,"Baum, Lyman Frank",heroes_y_aventuras,Elejandria
cuento_1485.txt,El maravilloso mago de Oz - Parte 3,"Baum, Lyman Frank",heroes_y_aventuras,Elejandria
cuento_1486.txt,El maravilloso mago de Oz - Parte 4,"Baum, Lyman Frank",heroes_y_aventuras,Elejandria
cuento_1487.txt,El maravilloso mago de Oz - Parte 5,"Baum, Lyman Frank",heroes_y_aventuras,Elejandria
cuento_1488.txt,El maravilloso mago de Oz - Parte 6,"Baum, Lyman Frank",heroes_y_aventuras,Elejandria
cuento_1489.txt,El maravilloso mago de Oz - Parte 7,"Baum, Lyman Frank",heroes_y_aventuras,Elejandria
cuento_1490.txt,El maravilloso mago de Oz - Parte 8,"Baum, Lyman Frank",heroes_y_aventuras,Elejandria
cuento_1491.txt,El maravilloso mago de Oz - Parte 9,"Baum, Lyman Frank",heroes_y_aventuras,Elejandria
cuento_1492.txt,El maravilloso mago de Oz - Parte 10,"Baum, Lyman Frank",heroes_y_aventuras,Elejandria
cuento_1493.txt,El maravilloso mago de Oz - Parte 11,"Baum, Lyman Frank",heroes_y_aventuras,Elejandria
cuento_1494.txt,El maravilloso mago de Oz - Parte 12,"Baum, Lyman Frank",heroes_y_aventuras,Elejandria
cuento_1495.txt,El maravilloso mago de Oz - Parte 13,"Baum, Lyman Frank",heroes_y_aventuras,Elejandria
cuento_1496.txt,El maravilloso mago de Oz - Parte 14,"Baum, Lyman Frank",heroes_y_aventuras,Elejandria
cuento_1497.txt,El maravilloso mago de Oz - Parte 15,"Baum, Lyman Frank",heroes_y_aventuras,Elejandria
cuento_1498.txt,El maravilloso mago de Oz - Parte 16,"Baum, Lyman Frank",heroes_y_aventuras,Elejandria
cuento_1499.txt,El maravilloso mago de Oz - Parte 17,"Baum, Lyman Frank",heroes_y_aventuras,Elejandria
cuento_1500.txt,El maravilloso mago de Oz - Parte 18,"Baum, Lyman Frank",heroes_y_aventuras,Elejandria
cuento_1501.txt,El maravilloso mago de Oz - Parte 19,"Baum, Lyman Frank",heroes_y_aventuras,Elejandria
cuento_1502.txt,El maravilloso mago de Oz - Parte 20,"Baum, Lyman Frank",heroes_y_aventuras,Elejandria
cuento_1503.txt,El maravilloso mago de Oz - Parte 21,"Baum, Lyman Frank",heroes_y_aventuras,Elejandria
cuento_1504.txt,El maravilloso mago de Oz - Parte 22,"Baum, Lyman Frank",heroes_y_aventuras,Elejandria
cuento_1505.txt,El maravilloso mago de Oz - Parte 23,"Baum, Lyman Frank",heroes_y_aventuras,Elejandria
cuento_1506.txt,El maravilloso mago de Oz - Parte 24,"Baum, Lyman Frank",heroes_y_aventuras,Elejandria
cuento_1507.txt,El mosquito,Virgilio,heroes_y_aventuras,Elejandria
cuento_1508.txt,El músico prodigioso,Hermanos Grimm,heroes_y_aventuras,Elejandria
cuento_1509.txt,El náufrago del Cynthia - Parte 1,Julio Verne,heroes_y_aventuras,Elejandria
cuento_1510.txt,El náufrago del Cynthia - Parte 2,Julio Verne,heroes_y_aventuras,Elejandria
cuento_1511.txt,El náufrago del Cynthia - Parte 3,Julio Verne,heroes_y_aventuras,Elejandria
cuento_1512.txt,El náufrago del Cynthia - Parte 4,Julio Verne,heroes_y_aventuras,Elejandria
cuento_1513.txt,El náufrago del Cynthia - Parte 5,Julio Verne,heroes_y_aventuras,Elejandria
cuento_1514.txt,El náufrago del Cynthia - Parte 6,Julio Verne,heroes_y_aventuras,Elejandria
cuento_1515.txt,El náufrago del Cynthia - Parte 7,Julio Verne,heroes_y_aventuras,Elejandria
cuento_1516.txt,El náufrago del Cynthia - Parte 8,Julio Verne,heroes_y_aventuras,Elejandria
cuento_1517.txt,El náufrago del Cynthia - Parte 9,Julio Verne,heroes_y_aventuras,Elejandria
cuento_1518.txt,El náufrago del Cynthia - Parte 10,Julio Verne,heroes_y_aventuras,Elejandria
cuento_1519.txt,El náufrago del Cynthia - Parte 11,Julio Verne,heroes_y_aventuras,Elejandria
cuento_1520.txt,El náufrago del Cynthia - Parte 12,Julio Verne,heroes_y_aventuras,Elejandria
cuento_1521.txt,El náufrago del Cynthia - Parte 13,Julio Verne,heroes_y_aventuras,Elejandria
cuento_1522.txt,El náufrago del Cynthia - Parte 14,Julio Verne,heroes_y_aventuras,Elejandria
cuento_1523.txt,El náufrago del Cynthia - Parte 15,Julio Verne,heroes_y_aventuras,Elejandria
cuento_1524.txt,El náufrago del Cynthia - Parte 16,Julio Verne,heroes_y_aventuras,Elejandria
cuento_1525.txt,El náufrago del Cynthia - Parte 17,Julio Verne,heroes_y_aventuras,Elejandria
cuento_1526.txt,El náufrago del Cynthia - Parte 18,Julio Verne,heroes_y_aventuras,Elejandria
cuento_1527.txt,El náufrago del Cynthia - Parte 19,Julio Verne,heroes_y_aventuras,Elejandria
cuento_1528.txt,El náufrago del Cynthia - Parte 20,Julio Verne,heroes_y_aventuras,Elejandria
cuento_1529.txt,El pájaro de oro,Hermanos Grimm,heroes_y_aventuras,Elejandria
cuento_1530.txt,El pájaro verde,Juan Valera,heroes_y_aventuras,Elejandria
cuento_1531.txt,El pequeño héroe,Fiódor Dostoyevski,heroes_y_aventuras,Elejandria
cuento_1532.txt,El pirata de la costa,F. Scott Fitzgerald,heroes_y_aventuras,Elejandria
cuento_1533.txt,El prisionero de Zenda - Parte 1,Anthony Hope,heroes_y_aventuras,Elejandria
cuento_1534.txt,El prisionero de Zenda - Parte 2,Anthony Hope,heroes_y_aventuras,Elejandria
cuento_1535.txt,El prisionero de Zenda - Parte 3,Anthony Hope,heroes_y_aventuras,Elejandria
cuento_1536.txt,El prisionero de Zenda - Parte 4,Anthony Hope,heroes_y_aventuras,Elejandria
cuento_1537.txt,El prisionero de Zenda - Parte 5,Anthony Hope,heroes_y_aventuras,Elejandria
cuento_1538.txt,El prisionero de Zenda - Parte 6,Anthony Hope,heroes_y_aventuras,Elejandria
cuento_1539.txt,El prisionero de Zenda - Parte 7,Anthony Hope,heroes_y_aventuras,Elejandria
cuento_1540.txt,El prisionero de Zenda - Parte 8,Anthony Hope,heroes_y_aventuras,Elejandria
cuento_1541.txt,El prisionero de Zenda - Parte 9,Anthony Hope,heroes_y_aventuras,Elejandria
cuento_1542.txt,El prisionero de Zenda - Parte 10,Anthony Hope,heroes_y_aventuras,Elejandria
cuento_1543.txt,El prisionero de Zenda - Parte 11,Anthony Hope,heroes_y_aventuras,Elejandria
cuento_1544.txt,El prisionero de Zenda - Parte 12,Anthony Hope,heroes_y_aventuras,Elejandria
cuento_1545.txt,El prisionero de Zenda - Parte 13,Anthony Hope,heroes_y_aventuras,Elejandria
cuento_1546.txt,El prisionero de Zenda - Parte 14,Anthony Hope,heroes_y_aventuras,Elejandria
cuento_1547.txt,El prisionero de Zenda - Parte 15,Anthony Hope,heroes_y_aventuras,Elejandria
cuento_1548.txt,El prisionero de Zenda - Parte 16,Anthony Hope,heroes_y_aventuras,Elejandria
cuento_1549.txt,El prisionero de Zenda - Parte 17,Anthony Hope,heroes_y_aventuras,Elejandria
cuento_1550.txt,El prisionero de Zenda - Parte 18,Anthony Hope,heroes_y_aventuras,Elejandria
cuento_1551.txt,El prisionero de Zenda - Parte 19,Anthony Hope,heroes_y_aventuras,Elejandria
cuento_1552.txt,El prisionero de Zenda - Parte 20,Anthony Hope,heroes_y_aventuras,Elejandria
cuento_1553.txt,El prisionero de Zenda - Parte 21,Anthony Hope,heroes_y_aventuras,Elejandria
cuento_1554.txt,El prisionero de Zenda - Parte 22,Anthony Hope,heroes_y_aventuras,Elejandria
cuento_1555.txt,El problema final,Arthur Conan Doyle,heroes_y_aventuras,Elejandria
cuento_1556.txt,El pueblo aéreo - Parte 1,Julio Verne,heroes_y_aventuras,Elejandria
cuento_1557.txt,El pueblo aéreo - Parte 2,Julio Verne,heroes_y_aventuras,Elejandria
cuento_1558.txt,El pueblo aéreo - Parte 3,Julio Verne,heroes_y_aventuras,Elejandria
cuento_1559.txt,El pueblo aéreo - Parte 4,Julio Verne,heroes_y_aventuras,Elejandria
cuento_1560.txt,El pueblo aéreo - Parte 5,Julio Verne,heroes_y_aventuras,Elejandria
cuento_1561.txt,El pueblo aéreo - Parte 6,Julio Verne,heroes_y_aventuras,Elejandria
cuento_1562.txt,El pueblo aéreo - Parte 7,Julio Verne,heroes_y_aventuras,Elejandria
cuento_1563.txt,El pueblo aéreo - Parte 8,Julio Verne,heroes_y_aventuras,Elejandria
cuento_1564.txt,El pueblo aéreo - Parte 9,Julio Verne,heroes_y_aventuras,Elejandria
cuento_1565.txt,El pueblo aéreo - Parte 10,Julio Verne,heroes_y_aventuras,Elejandria
cuento_1566.txt,El pueblo aéreo - Parte 11,Julio Verne,heroes_y_aventuras,Elejandria
cuento_1567.txt,El pueblo aéreo - Parte 12,Julio Verne,heroes_y_aventuras,Elejandria
cuento_1568.txt,El pueblo aéreo - Parte 13,Julio Verne,heroes_y_aventuras,Elejandria
cuento_1569.txt,El pueblo aéreo - Parte 14,Julio Verne,heroes_y_aventuras,Elejandria
cuento_1570.txt,El pueblo aéreo - Parte 15,Julio Verne,heroes_y_aventuras,Elejandria
cuento_1571.txt,El pueblo aéreo - Parte 16,Julio Verne,heroes_y_aventuras,Elejandria
cuento_1572.txt,El pueblo aéreo - Parte 17,Julio Verne,heroes_y_aventuras,Elejandria
cuento_1573.txt,El pueblo aéreo - Parte 18,Julio Verne,heroes_y_aventuras,Elejandria
cuento_1574.txt,El rojo emblema del valor - Parte 1,Stephen Crane,heroes_y_aventuras,Elejandria
cuento_1575.txt,El rojo emblema del valor - Parte 2,Stephen Crane,heroes_y_aventuras,Elejandria
cuento_1576.txt,El rojo emblema del valor - Parte 3,Stephen Crane,heroes_y_aventuras,Elejandria
cuento_1577.txt,El rojo emblema del valor - Parte 4,Stephen Crane,heroes_y_aventuras,Elejandria
cuento_1578.txt,El rojo emblema del valor - Parte 5,Stephen Crane,heroes_y_aventuras,Elejandria
cuento_1579.txt,El rojo emblema del valor - Parte 6,Stephen Crane,heroes_y_aventuras,Elejandria
cuento_1580.txt,El rojo emblema del valor - Parte 7,Stephen Crane,heroes_y_aventuras,Elejandria
cuento_1581.txt,El rojo emblema del valor - Parte 8,Stephen Crane,heroes_y_aventuras,Elejandria
cuento_1582.txt,El rojo emblema del valor - Parte 9,Stephen Crane,heroes_y_aventuras,Elejandria
cuento_1583.txt,El rojo emblema del valor - Parte 10,Stephen Crane,heroes_y_aventuras,Elejandria
cuento_1584.txt,El rojo emblema del valor - Parte 11,Stephen Crane,heroes_y_aventuras,Elejandria
cuento_1585.txt,El rojo emblema del valor - Parte 12,Stephen Crane,heroes_y_aventuras,Elejandria
cuento_1586.txt,El rojo emblema del valor - Parte 13,Stephen Crane,heroes_y_aventuras,Elejandria
cuento_1587.txt,El rojo emblema del valor - Parte 14,Stephen Crane,heroes_y_aventuras,Elejandria
cuento_1588.txt,El rojo emblema del valor - Parte 15,Stephen Crane,heroes_y_aventuras,Elejandria
cuento_1589.txt,El rojo emblema del valor - Parte 16,Stephen Crane,heroes_y_aventuras,Elejandria
cuento_1590.txt,El rojo emblema del valor - Parte 17,Stephen Crane,heroes_y_aventuras,Elejandria
cuento_1591.txt,El rojo emblema del valor - Parte 18,Stephen Crane,heroes_y_aventuras,Elejandria
cuento_1592.txt,El rojo emblema del valor - Parte 19,Stephen Crane,heroes_y_aventuras,Elejandria
cuento_1593.txt,El rojo emblema del valor - Parte 20,Stephen Crane,heroes_y_aventuras,Elejandria
cuento_1594.txt,El rojo emblema del valor - Parte 21,Stephen Crane,heroes_y_aventuras,Elejandria
cuento_1595.txt,El rojo emblema del valor - Parte 22,Stephen Crane,heroes_y_aventuras,Elejandria
cuento_1596.txt,El rojo emblema del valor - Parte 23,Stephen Crane,heroes_y_aventuras,Elejandria
cuento_1597.txt,El rojo emblema del valor - Parte 24,Stephen Crane,heroes_y_aventuras,Elejandria
cuento_1598.txt,El ruiseñor y la rosa,Oscar Wilde,heroes_y_aventuras,Elejandria
cuento_1599.txt,El santo de la Isidra,Carlos Arniches,heroes_y_aventuras,Elejandria
cuento_1600.txt,El señor de Balantrae - Parte 1,Robert Louis Stevenson,heroes_y_aventuras,Elejandria
cuento_1601.txt,El señor de Balantrae - Parte 2,Robert Louis Stevenson,heroes_y_aventuras,Elejandria
cuento_1602.txt,El señor de Balantrae - Parte 3,Robert Louis Stevenson,heroes_y_aventuras,Elejandria
cuento_1603.txt,El señor de Balantrae - Parte 4,Robert Louis Stevenson,heroes_y_aventuras,Elejandria
cuento_1604.txt,El señor de Balantrae - Parte 5,Robert Louis Stevenson,heroes_y_aventuras,Elejandria
cuento_1605.txt,El señor de Balantrae - Parte 6,Robert Louis Stevenson,heroes_y_aventuras,Elejandria
cuento_1606.txt,El señor de Balantrae - Parte 7,Robert Louis Stevenson,heroes_y_aventuras,Elejandria
cuento_1607.txt,El señor de Balantrae - Parte 8,Robert Louis Stevenson,heroes_y_aventuras,Elejandria
cuento_1608.txt,El señor de Balantrae - Parte 9,Robert Louis Stevenson,heroes_y_aventuras,Elejandria
cuento_1609.txt,El señor de Balantrae - Parte 10,Robert Louis Stevenson,heroes_y_aventuras,Elejandria
cuento_1610.txt,El señor de Balantrae - Parte 11,Robert Louis Stevenson,heroes_y_aventuras,Elejandria
cuento_1611.txt,El señor de Balantrae - Parte 12,Robert Louis Stevenson,heroes_y_aventuras,Elejandria
cuento_1612.txt,El señor de Balantrae - Parte 13,Robert Louis Stevenson,heroes_y_aventuras,Elejandria
cuento_1613.txt,El señor de Balantrae - Parte 14,Robert Louis Stevenson,heroes_y_aventuras,Elejandria
cuento_1614.txt,El señor de Balantrae - Parte 15,Robert Louis Stevenson,heroes_y_aventuras,Elejandria
cuento_1615.txt,El señor de Balantrae - Parte 16,Robert Louis Stevenson,heroes_y_aventuras,Elejandria
cuento_1616.txt,El señor de Balantrae - Parte 17,Robert Louis Stevenson,heroes_y_aventuras,Elejandria
cuento_1617.txt,El señor de Balantrae - Parte 18,Robert Louis Stevenson,heroes_y_aventuras,Elejandria
cuento_1618.txt,El señor de Balantrae - Parte 19,Robert Louis Stevenson,heroes_y_aventuras,Elejandria
cuento_1619.txt,El señor de Balantrae - Parte 20,Robert Louis Stevenson,heroes_y_aventuras,Elejandria
cuento_1620.txt,El señor de Balantrae - Parte 21,Robert Louis Stevenson,heroes_y_aventuras,Elejandria
cuento_1621.txt,El señor de Balantrae - Parte 22,Robert Louis Stevenson,heroes_y_aventuras,Elejandria
cuento_1622.txt,El señor de Balantrae - Parte 23,Robert Louis Stevenson,heroes_y_aventuras,Elejandria
cuento_1623.txt,El señor de Balantrae - Parte 24,Robert Louis Stevenson,heroes_y_aventuras,Elejandria
cuento_1624.txt,El señor de Balantrae - Parte 25,Robert Louis Stevenson,heroes_y_aventuras,Elejandria
cuento_1625.txt,El señor de Balantrae - Parte 26,Robert Louis Stevenson,heroes_y_aventuras,Elejandria
cuento_1626.txt,El señor de Balantrae - Parte 27,Robert Louis Stevenson,heroes_y_aventuras,Elejandria
cuento_1627.txt,El señor de Balantrae - Parte 28,Robert Louis Stevenson,heroes_y_aventuras,Elejandria
cuento_1628.txt,El señor de Balantrae - Parte 29,Robert Louis Stevenson,heroes_y_aventuras,Elejandria
cuento_1629.txt,El señor de Balantrae - Parte 30,Robert Louis Stevenson,heroes_y_aventuras,Elejandria
cuento_1630.txt,El señor de Balantrae - Parte 31,Robert Louis Stevenson,heroes_y_aventuras,Elejandria
cuento_1631.txt,El señor de Balantrae - Parte 32,Robert Louis Stevenson,heroes_y_aventuras,Elejandria
cuento_1632.txt,El señor de Balantrae - Parte 33,Robert Louis Stevenson,heroes_y_aventuras,Elejandria
cuento_1633.txt,El señor de Balantrae - Parte 34,Robert Louis Stevenson,heroes_y_aventuras,Elejandria
cuento_1634.txt,El señor de Balantrae - Parte 35,Robert Louis Stevenson,heroes_y_aventuras,Elejandria
cuento_1635.txt,El señor de Balantrae - Parte 36,Robert Louis Stevenson,heroes_y_aventuras,Elejandria
cuento_1636.txt,El señor de Balantrae - Parte 37,Robert Louis Stevenson,heroes_y_aventuras,Elejandria
cuento_1637.txt,El señor de Balantrae - Parte 38,Robert Louis Stevenson,heroes_y_aventuras,Elejandria
cuento_1638.txt,El señor de Balantrae - Parte 39,Robert Louis Stevenson,heroes_y_aventuras,Elejandria
cuento_1639.txt,El señor de Balantrae - Parte 40,Robert Louis Stevenson,heroes_y_aventuras,Elejandria
cuento_1640.txt,El señor de Balantrae - Parte 41,Robert Louis Stevenson,heroes_y_aventuras,Elejandria
cuento_1641.txt,El señor de Balantrae - Parte 42,Robert Louis Stevenson,heroes_y_aventuras,Elejandria
cuento_1642.txt,El señor de Balantrae - Parte 43,Robert Louis Stevenson,heroes_y_aventuras,Elejandria
cuento_1643.txt,El señor de Balantrae - Parte 44,Robert Louis Stevenson,heroes_y_aventuras,Elejandria
cuento_1644.txt,El señor de Balantrae - Parte 45,Robert Louis Stevenson,heroes_y_aventuras,Elejandria
cuento_1645.txt,El señor de Balantrae - Parte 46,Robert Louis Stevenson,heroes_y_aventuras,Elejandria
cuento_1646.txt,El señor de Balantrae - Parte 47,Robert Louis Stevenson,heroes_y_aventuras,Elejandria
cuento_1647.txt,El señor de Balantrae - Parte 48,Robert Louis Stevenson,heroes_y_aventuras,Elejandria
cuento_1648.txt,El señor de Balantrae - Parte 49,Robert Louis Stevenson,heroes_y_aventuras,Elejandria
cuento_1649.txt,El señor de Balantrae - Parte 50,Robert Louis Stevenson,heroes_y_aventuras,Elejandria
cuento_1650.txt,El señor de Balantrae - Parte 51,Robert Louis Stevenson,heroes_y_aventuras,Elejandria
cuento_1651.txt,El señor de Balantrae - Parte 52,Robert Louis Stevenson,heroes_y_aventuras,Elejandria
cuento_1652.txt,El señor de Balantrae - Parte 53,Robert Louis Stevenson,heroes_y_aventuras,Elejandria
cuento_1653.txt,El señor de Balantrae - Parte 54,Robert Louis Stevenson,heroes_y_aventuras,Elejandria
cuento_1654.txt,El señor de Balantrae - Parte 55,Robert Louis Stevenson,heroes_y_aventuras,Elejandria
cuento_1655.txt,El siete de corazones,Maurice Leblanc,heroes_y_aventuras,Elejandria
cuento_1656.txt,El soldado y la muerte,Aleksandr Afanásiev,heroes_y_aventuras,Elejandria
cuento_1657.txt,El testamento de un excéntrico - Parte 1,Julio Verne,heroes_y_aventuras,Elejandria
cuento_1658.txt,El testamento de un excéntrico - Parte 2,Julio Verne,heroes_y_aventuras,Elejandria
cuento_1659.txt,El testamento de un excéntrico - Parte 3,Julio Verne,heroes_y_aventuras,Elejandria
cuento_1660.txt,El testamento de un excéntrico - Parte 4,Julio Verne,heroes_y_aventuras,Elejandria
cuento_1661.txt,El testamento de un excéntrico - Parte 5,Julio Verne,heroes_y_aventuras,Elejandria
cuento_1662.txt,El testamento de un excéntrico - Parte 6,Julio Verne,heroes_y_aventuras,Elejandria
cuento_1663.txt,El testamento de un excéntrico - Parte 7,Julio Verne,heroes_y_aventuras,Elejandria
cuento_1664.txt,El testamento de un excéntrico - Parte 8,Julio Verne,heroes_y_aventuras,Elejandria
cuento_1665.txt,El testamento de un excéntrico - Parte 9,Julio Verne,heroes_y_aventuras,Elejandria
cuento_1666.txt,El testamento de un excéntrico - Parte 10,Julio Verne,heroes_y_aventuras,Elejandria
cuento_1667.txt,El testamento de un excéntrico - Parte 11,Julio Verne,heroes_y_aventuras,Elejandria
cuento_1668.txt,El testamento de un excéntrico - Parte 12,Julio Verne,heroes_y_aventuras,Elejandria
cuento_1669.txt,El testamento de un excéntrico - Parte 13,Julio Verne,heroes_y_aventuras,Elejandria
cuento_1670.txt,El testamento de un excéntrico - Parte 14,Julio Verne,heroes_y_aventuras,Elejandria
cuento_1671.txt,El testamento de un excéntrico - Parte 15,Julio Verne,heroes_y_aventuras,Elejandria
cuento_1672.txt,El testamento de un excéntrico - Parte 16,Julio Verne,heroes_y_aventuras,Elejandria
cuento_1673.txt,El testamento de un excéntrico - Parte 17,Julio Verne,heroes_y_aventuras,Elejandria
cuento_1674.txt,El testamento de un excéntrico - Parte 18,Julio Verne,heroes_y_aventuras,Elejandria
cuento_1675.txt,El testamento de un excéntrico - Parte 19,Julio Verne,heroes_y_aventuras,Elejandria
cuento_1676.txt,El testamento de un excéntrico - Parte 20,Julio Verne,heroes_y_aventuras,Elejandria
cuento_1677.txt,El testamento de un excéntrico - Parte 21,Julio Verne,heroes_y_aventuras,Elejandria
cuento_1678.txt,El testamento de un excéntrico - Parte 22,Julio Verne,heroes_y_aventuras,Elejandria
cuento_1679.txt,El testamento de un excéntrico - Parte 23,Julio Verne,heroes_y_aventuras,Elejandria
cuento_1680.txt,El testamento de un excéntrico - Parte 24,Julio Verne,heroes_y_aventuras,Elejandria
cuento_1681.txt,El testamento de un excéntrico - Parte 25,Julio Verne,heroes_y_aventuras,Elejandria
cuento_1682.txt,El testamento de un excéntrico - Parte 26,Julio Verne,heroes_y_aventuras,Elejandria
cuento_1683.txt,El testamento de un excéntrico - Parte 27,Julio Verne,heroes_y_aventuras,Elejandria
cuento_1684.txt,El testamento de un excéntrico - Parte 28,Julio Verne,heroes_y_aventuras,Elejandria
cuento_1685.txt,El testamento de un excéntrico - Parte 29,Julio Verne,heroes_y_aventuras,Elejandria
cuento_1686.txt,El testamento de un excéntrico - Parte 30,Julio Verne,heroes_y_aventuras,Elejandria
cuento_1687.txt,El testamento de un excéntrico - Parte 31,Julio Verne,heroes_y_aventuras,Elejandria
cuento_1688.txt,El testamento de un excéntrico - Parte 32,Julio Verne,heroes_y_aventuras,Elejandria
cuento_1689.txt,El testamento de un excéntrico - Parte 33,Julio Verne,heroes_y_aventuras,Elejandria
cuento_1690.txt,El testamento de un excéntrico - Parte 34,Julio Verne,heroes_y_aventuras,Elejandria
cuento_1691.txt,El tigre,Horacio Quiroga,heroes_y_aventuras,Elejandria
cuento_1692.txt,El tren volador - Parte 1,Emilio Salgari,heroes_y_aventuras,Elejandria
cuento_1693.txt,El tren volador - Parte 2,Emilio Salgari,heroes_y_aventuras,Elejandria
cuento_1694.txt,El tren volador - Parte 3,Emilio Salgari,heroes_y_aventuras,Elejandria
cuento_1695.txt,El tren volador - Parte 4,Emilio Salgari,heroes_y_aventuras,Elejandria
cuento_1696.txt,El tren volador - Parte 5,Emilio Salgari,heroes_y_aventuras,Elejandria
cuento_1697.txt,El tren volador - Parte 6,Emilio Salgari,heroes_y_aventuras,Elejandria
cuento_1698.txt,El tren volador - Parte 7,Emilio Salgari,heroes_y_aventuras,Elejandria
cuento_1699.txt,El tren volador - Parte 8,Emilio Salgari,heroes_y_aventuras,Elejandria
cuento_1700.txt,El tren volador - Parte 9,Emilio Salgari,heroes_y_aventuras,Elejandria
cuento_1701.txt,El tren volador - Parte 10,Emilio Salgari,heroes_y_aventuras,Elejandria
cuento_1702.txt,El tren volador - Parte 11,Emilio Salgari,heroes_y_aventuras,Elejandria
cuento_1703.txt,El tren volador - Parte 12,Emilio Salgari,heroes_y_aventuras,Elejandria
cuento_1704.txt,El tren volador - Parte 13,Emilio Salgari,heroes_y_aventuras,Elejandria
cuento_1705.txt,El tren volador - Parte 14,Emilio Salgari,heroes_y_aventuras,Elejandria
cuento_1706.txt,El tren volador - Parte 15,Emilio Salgari,heroes_y_aventuras,Elejandria
cuento_1707.txt,El tren volador - Parte 16,Emilio Salgari,heroes_y_aventuras,Elejandria
cuento_1708.txt,El tren volador - Parte 17,Emilio Salgari,heroes_y_aventuras,Elejandria
cuento_1709.txt,El tren volador - Parte 18,Emilio Salgari,heroes_y_aventuras,Elejandria
cuento_1710.txt,El tren volador - Parte 19,Emilio Salgari,heroes_y_aventuras,Elejandria
cuento_1711.txt,El tren volador - Parte 20,Emilio Salgari,heroes_y_aventuras,Elejandria
cuento_1712.txt,El tren volador - Parte 21,Emilio Salgari,heroes_y_aventuras,Elejandria
cuento_1713.txt,El tren volador - Parte 22,Emilio Salgari,heroes_y_aventuras,Elejandria
cuento_1714.txt,El último mohicano - Parte 1,James Fenimore Cooper,heroes_y_aventuras,Elejandria
cuento_1715.txt,El último mohicano - Parte 2,James Fenimore Cooper,heroes_y_aventuras,Elejandria
cuento_1716.txt,El último mohicano - Parte 3,James Fenimore Cooper,heroes_y_aventuras,Elejandria
cuento_1717.txt,El último mohicano - Parte 4,James Fenimore Cooper,heroes_y_aventuras,Elejandria
cuento_1718.txt,El último mohicano - Parte 5,James Fenimore Cooper,heroes_y_aventuras,Elejandria
cuento_1719.txt,El último mohicano - Parte 6,James Fenimore Cooper,heroes_y_aventuras,Elejandria
cuento_1720.txt,El último mohicano - Parte 7,James Fenimore Cooper,heroes_y_aventuras,Elejandria
cuento_1721.txt,El último mohicano - Parte 8,James Fenimore Cooper,heroes_y_aventuras,Elejandria
cuento_1722.txt,El último mohicano - Parte 9,James Fenimore Cooper,heroes_y_aventuras,Elejandria
cuento_1723.txt,El último mohicano - Parte 10,James Fenimore Cooper,heroes_y_aventuras,Elejandria
cuento_1724.txt,El último mohicano - Parte 11,James Fenimore Cooper,heroes_y_aventuras,Elejandria
cuento_1725.txt,El último mohicano - Parte 12,James Fenimore Cooper,heroes_y_aventuras,Elejandria
cuento_1726.txt,El último mohicano - Parte 13,James Fenimore Cooper,heroes_y_aventuras,Elejandria
cuento_1727.txt,El último mohicano - Parte 14,James Fenimore Cooper,heroes_y_aventuras,Elejandria
cuento_1728.txt,El último mohicano - Parte 15,James Fenimore Cooper,heroes_y_aventuras,Elejandria
cuento_1729.txt,El último mohicano - Parte 16,James Fenimore Cooper,heroes_y_aventuras,Elejandria
cuento_1730.txt,El último mohicano - Parte 17,James Fenimore Cooper,heroes_y_aventuras,Elejandria
cuento_1731.txt,El último mohicano - Parte 18,James Fenimore Cooper,heroes_y_aventuras,Elejandria
cuento_1732.txt,El último mohicano - Parte 19,James Fenimore Cooper,heroes_y_aventuras,Elejandria
cuento_1733.txt,El último mohicano - Parte 20,James Fenimore Cooper,heroes_y_aventuras,Elejandria
cuento_1734.txt,El último mohicano - Parte 21,James Fenimore Cooper,heroes_y_aventuras,Elejandria
cuento_1735.txt,El último mohicano - Parte 22,James Fenimore Cooper,heroes_y_aventuras,Elejandria
cuento_1736.txt,El último mohicano - Parte 23,James Fenimore Cooper,heroes_y_aventuras,Elejandria
cuento_1737.txt,El último mohicano - Parte 24,James Fenimore Cooper,heroes_y_aventuras,Elejandria
cuento_1738.txt,El último mohicano - Parte 25,James Fenimore Cooper,heroes_y_aventuras,Elejandria
cuento_1739.txt,El último mohicano - Parte 26,James Fenimore Cooper,heroes_y_aventuras,Elejandria
cuento_1740.txt,El último mohicano - Parte 27,James Fenimore Cooper,heroes_y_aventuras,Elejandria
cuento_1741.txt,El último mohicano - Parte 28,James Fenimore Cooper,heroes_y_aventuras,Elejandria
cuento_1742.txt,El último mohicano - Parte 29,James Fenimore Cooper,heroes_y_aventuras,Elejandria
cuento_1743.txt,El último mohicano - Parte 30,James Fenimore Cooper,heroes_y_aventuras,Elejandria
cuento_1744.txt,El último mohicano - Parte 31,James Fenimore Cooper,heroes_y_aventuras,Elejandria
cuento_1745.txt,El último mohicano - Parte 32,James Fenimore Cooper,heroes_y_aventuras,Elejandria
cuento_1746.txt,El último mohicano - Parte 33,James Fenimore Cooper,heroes_y_aventuras,Elejandria
cuento_1747.txt,El valle del terror - Parte 1,Arthur Conan Doyle,heroes_y_aventuras,Elejandria
cuento_1748.txt,El valle del terror - Parte 2,Arthur Conan Doyle,heroes_y_aventuras,Elejandria
cuento_1749.txt,El valle del terror - Parte 3,Arthur Conan Doyle,heroes_y_aventuras,Elejandria
cuento_1750.txt,El valle del terror - Parte 4,Arthur Conan Doyle,heroes_y_aventuras,Elejandria
cuento_1751.txt,El valle del terror - Parte 5,Arthur Conan Doyle,heroes_y_aventuras,Elejandria
cuento_1752.txt,El valle del terror - Parte 6,Arthur Conan Doyle,heroes_y_aventuras,Elejandria
cuento_1753.txt,El valle del terror - Parte 7,Arthur Conan Doyle,heroes_y_aventuras,Elejandria
cuento_1754.txt,El valle del terror - Parte 8,Arthur Conan Doyle,heroes_y_aventuras,Elejandria
cuento_1755.txt,El valle del terror - Parte 9,Arthur Conan Doyle,heroes_y_aventuras,Elejandria
cuento_1756.txt,El valle del terror - Parte 10,Arthur Conan Doyle,heroes_y_aventuras,Elejandria
cuento_1757.txt,El valle del terror - Parte 11,Arthur Conan Doyle,heroes_y_aventuras,Elejandria
cuento_1758.txt,El valle del terror - Parte 12,Arthur Conan Doyle,heroes_y_aventuras,Elejandria
cuento_1759.txt,El valle del terror - Parte 13,Arthur Conan Doyle,heroes_y_aventuras,Elejandria
cuento_1760.txt,El valle del terror - Parte 14,Arthur Conan Doyle,heroes_y_aventuras,Elejandria
cuento_1761.txt,El valle del terror - Parte 15,Arthur Conan Doyle,heroes_y_aventuras,Elejandria
cuento_1762.txt,El valle del terror - Parte 16,Arthur Conan Doyle,heroes_y_aventuras,Elejandria
cuento_1763.txt,El valle del terror - Parte 17,Arthur Conan Doyle,heroes_y_aventuras,Elejandria
cuento_1764.txt,El valle del terror - Parte 18,Arthur Conan Doyle,heroes_y_aventuras,Elejandria
cuento_1765.txt,Julio Verne. El Volcan De Oro - Parte 1,Julio Verne,heroes_y_aventuras,Elejandria
cuento_1766.txt,Julio Verne. El Volcan De Oro - Parte 2,Julio Verne,heroes_y_aventuras,Elejandria
cuento_1767.txt,Julio Verne. El Volcan De Oro - Parte 3,Julio Verne,heroes_y_aventuras,Elejandria
cuento_1768.txt,Julio Verne. El Volcan De Oro - Parte 4,Julio Verne,heroes_y_aventuras,Elejandria
cuento_1769.txt,Julio Verne. El Volcan De Oro - Parte 5,Julio Verne,heroes_y_aventuras,Elejandria
cuento_1770.txt,Julio Verne. El Volcan De Oro - Parte 6,Julio Verne,heroes_y_aventuras,Elejandria
cuento_1771.txt,Julio Verne. El Volcan De Oro - Parte 7,Julio Verne,heroes_y_aventuras,Elejandria
cuento_1772.txt,Julio Verne. El Volcan De Oro - Parte 8,Julio Verne,heroes_y_aventuras,Elejandria
cuento_1773.txt,Julio Verne. El Volcan De Oro - Parte 9,Julio Verne,heroes_y_aventuras,Elejandria
cuento_1774.txt,Julio Verne. El Volcan De Oro - Parte 10,Julio Verne,heroes_y_aventuras,Elejandria
cuento_1775.txt,Julio Verne. El Volcan De Oro - Parte 11,Julio Verne,heroes_y_aventuras,Elejandria
cuento_1776.txt,Julio Verne. El Volcan De Oro - Parte 12,Julio Verne,heroes_y_aventuras,Elejandria
cuento_1777.txt,Julio Verne. El Volcan De Oro - Parte 13,Julio Verne,heroes_y_aventuras,Elejandria
cuento_1778.txt,Julio Verne. El Volcan De Oro - Parte 14,Julio Verne,heroes_y_aventuras,Elejandria
cuento_1779.txt,Julio Verne. El Volcan De Oro - Parte 15,Julio Verne,heroes_y_aventuras,Elejandria
cuento_1780.txt,Julio Verne. El Volcan De Oro - Parte 16,Julio Verne,heroes_y_aventuras,Elejandria
cuento_1781.txt,Julio Verne. El Volcan De Oro - Parte 17,Julio Verne,heroes_y_aventuras,Elejandria
cuento_1782.txt,Julio Verne. El Volcan De Oro - Parte 18,Julio Verne,heroes_y_aventuras,Elejandria
cuento_1783.txt,Julio Verne. El Volcan De Oro - Parte 19,Julio Verne,heroes_y_aventuras,Elejandria
cuento_1784.txt,Julio Verne. El Volcan De Oro - Parte 20,Julio Verne,heroes_y_aventuras,Elejandria
cuento_1785.txt,Julio Verne. El Volcan De Oro - Parte 21,Julio Verne,heroes_y_aventuras,Elejandria
cuento_1786.txt,Julio Verne. El Volcan De Oro - Parte 22,Julio Verne,heroes_y_aventuras,Elejandria
cuento_1787.txt,Julio Verne. El Volcan De Oro - Parte 23,Julio Verne,heroes_y_aventuras,Elejandria
cuento_1788.txt,Julio Verne. El Volcan De Oro - Parte 24,Julio Verne,heroes_y_aventuras,Elejandria
cuento_1789.txt,Julio Verne. El Volcan De Oro - Parte 25,Julio Verne,heroes_y_aventuras,Elejandria
cuento_1790.txt,Julio Verne. El Volcan De Oro - Parte 26,Julio Verne,heroes_y_aventuras,Elejandria
cuento_1791.txt,Julio Verne. El Volcan De Oro - Parte 27,Julio Verne,heroes_y_aventuras,Elejandria
cuento_1792.txt,Julio Verne. El Volcan De Oro - Parte 28,Julio Verne,heroes_y_aventuras,Elejandria
cuento_1793.txt,Julio Verne. El Volcan De Oro - Parte 29,Julio Verne,heroes_y_aventuras,Elejandria
cuento_1794.txt,El yesquero,Hans Christian Andersen,heroes_y_aventuras,Elejandria
cuento_1795.txt,En el mar de las perlas - Parte 1,Emilio Salgari,heroes_y_aventuras,Elejandria
cuento_1796.txt,En el mar de las perlas - Parte 2,Emilio Salgari,heroes_y_aventuras,Elejandria
cuento_1797.txt,En el mar de las perlas - Parte 3,Emilio Salgari,heroes_y_aventuras,Elejandria
cuento_1798.txt,En el mar de las perlas - Parte 4,Emilio Salgari,heroes_y_aventuras,Elejandria
cuento_1799.txt,En el mar de las perlas - Parte 5,Emilio Salgari,heroes_y_aventuras,Elejandria
cuento_1800.txt,En el mar de las perlas - Parte 6,Emilio Salgari,heroes_y_aventuras,Elejandria
cuento_1801.txt,En el mar de las perlas - Parte 7,Emilio Salgari,heroes_y_aventuras,Elejandria
cuento_1802.txt,En el mar de las perlas - Parte 8,Emilio Salgari,heroes_y_aventuras,Elejandria
cuento_1803.txt,En el mar de las perlas - Parte 9,Emilio Salgari,heroes_y_aventuras,Elejandria
cuento_1804.txt,En el mar de las perlas - Parte 10,Emilio Salgari,heroes_y_aventuras,Elejandria
cuento_1805.txt,En el mar de las perlas - Parte 11,Emilio Salgari,heroes_y_aventuras,Elejandria
cuento_1806.txt,En el mar de las perlas - Parte 12,Emilio Salgari,heroes_y_aventuras,Elejandria
cuento_1807.txt,En el mar de las perlas - Parte 13,Emilio Salgari,heroes_y_aventuras,Elejandria
cuento_1808.txt,En el mar de las perlas - Parte 14,Emilio Salgari,heroes_y_aventuras,Elejandria
cuento_1809.txt,En el mar de las perlas - Parte 15,Emilio Salgari,heroes_y_aventuras,Elejandria
cuento_1810.txt,En el mar de las perlas - Parte 16,Emilio Salgari,heroes_y_aventuras,Elejandria
cuento_1811.txt,En el mar de las perlas - Parte 17,Emilio Salgari,heroes_y_aventuras,Elejandria
cuento_1812.txt,En el mar de las perlas - Parte 18,Emilio Salgari,heroes_y_aventuras,Elejandria
cuento_1813.txt,En el mar de las perlas - Parte 19,Emilio Salgari,heroes_y_aventuras,Elejandria
cuento_1814.txt,En el mar de las perlas - Parte 20,Emilio Salgari,heroes_y_aventuras,Elejandria
cuento_1815.txt,En el mar de las perlas - Parte 21,Emilio Salgari,heroes_y_aventuras,Elejandria
cuento_1816.txt,En el mar de las perlas - Parte 22,Emilio Salgari,heroes_y_aventuras,Elejandria
cuento_1817.txt,En el mar de las perlas - Parte 23,Emilio Salgari,heroes_y_aventuras,Elejandria
cuento_1818.txt,En el mar de las perlas - Parte 24,Emilio Salgari,heroes_y_aventuras,Elejandria
cuento_1819.txt,En el mar de las perlas - Parte 25,Emilio Salgari,heroes_y_aventuras,Elejandria
cuento_1820.txt,En un país lejano,Jack London,heroes_y_aventuras,Elejandria
cuento_1821.txt,Encender una hoguera,Jack London,heroes_y_aventuras,Elejandria
cuento_1822.txt,La Eneida - Parte 1,Virgilio,heroes_y_aventuras,Elejandria
cuento_1823.txt,La Eneida - Parte 2,Virgilio,heroes_y_aventuras,Elejandria
cuento_1824.txt,La Eneida - Parte 3,Virgilio,heroes_y_aventuras,Elejandria
cuento_1825.txt,La Eneida - Parte 4,Virgilio,heroes_y_aventuras,Elejandria
cuento_1826.txt,La Eneida - Parte 5,Virgilio,heroes_y_aventuras,Elejandria
cuento_1827.txt,La Eneida - Parte 6,Virgilio,heroes_y_aventuras,Elejandria
cuento_1828.txt,La Eneida - Parte 7,Virgilio,heroes_y_aventuras,Elejandria
cuento_1829.txt,La Eneida - Parte 8,Virgilio,heroes_y_aventuras,Elejandria
cuento_1830.txt,La Eneida - Parte 9,Virgilio,heroes_y_aventuras,Elejandria
cuento_1831.txt,La Eneida - Parte 10,Virgilio,heroes_y_aventuras,Elejandria
cuento_1832.txt,La Eneida - Parte 11,Virgilio,heroes_y_aventuras,Elejandria
cuento_1833.txt,La Eneida - Parte 12,Virgilio,heroes_y_aventuras,Elejandria
cuento_1834.txt,La Eneida - Parte 13,Virgilio,heroes_y_aventuras,Elejandria
cuento_1835.txt,Gato con botas,Hermanos Grimm,heroes_y_aventuras,Elejandria
cuento_1836.txt,Germinal - Parte 1,Emile Zola,heroes_y_aventuras,Elejandria
cuento_1837.txt,Germinal - Parte 2,Emile Zola,heroes_y_aventuras,Elejandria
cuento_1838.txt,Germinal - Parte 3,Emile Zola,heroes_y_aventuras,Elejandria
cuento_1839.txt,Germinal - Parte 4,Emile Zola,heroes_y_aventuras,Elejandria
cuento_1840.txt,Germinal - Parte 5,Emile Zola,heroes_y_aventuras,Elejandria
cuento_1841.txt,Germinal - Parte 6,Emile Zola,heroes_y_aventuras,Elejandria
cuento_1842.txt,Germinal - Parte 7,Emile Zola,heroes_y_aventuras,Elejandria
cuento_1843.txt,Germinal - Parte 8,Emile Zola,heroes_y_aventuras,Elejandria
cuento_1844.txt,Germinal - Parte 9,Emile Zola,heroes_y_aventuras,Elejandria
cuento_1845.txt,Germinal - Parte 10,Emile Zola,heroes_y_aventuras,Elejandria
cuento_1846.txt,Germinal - Parte 11,Emile Zola,heroes_y_aventuras,Elejandria
cuento_1847.txt,Germinal - Parte 12,Emile Zola,heroes_y_aventuras,Elejandria
cuento_1848.txt,Germinal - Parte 13,Emile Zola,heroes_y_aventuras,Elejandria
cuento_1849.txt,Germinal - Parte 14,Emile Zola,heroes_y_aventuras,Elejandria
cuento_1850.txt,Guillermo Tell - Parte 1,Schiller Friedrich,heroes_y_aventuras,Elejandria
cuento_1851.txt,Guillermo Tell - Parte 2,Schiller Friedrich,heroes_y_aventuras,Elejandria
cuento_1852.txt,Hansel y Gretel,Hermanos Grimm,heroes_y_aventuras,Elejandria
cuento_1853.txt,Héctor Servadac - Parte 1,Julio Verne,heroes_y_aventuras,Elejandria
cuento_1854.txt,Héctor Servadac - Parte 2,Julio Verne,heroes_y_aventuras,Elejandria
cuento_1855.txt,Héctor Servadac - Parte 3,Julio Verne,heroes_y_aventuras,Elejandria
cuento_1856.txt,Héctor Servadac - Parte 4,Julio Verne,heroes_y_aventuras,Elejandria
cuento_1857.txt,Héctor Servadac - Parte 5,Julio Verne,heroes_y_aventuras,Elejandria
cuento_1858.txt,Héctor Servadac - Parte 6,Julio Verne,heroes_y_aventuras,Elejandria
cuento_1859.txt,Héctor Servadac - Parte 7,Julio Verne,heroes_y_aventuras,Elejandria
cuento_1860.txt,Héctor Servadac - Parte 8,Julio Verne,heroes_y_aventuras,Elejandria
cuento_1861.txt,Héctor Servadac - Parte 9,Julio Verne,heroes_y_aventuras,Elejandria
cuento_1862.txt,Héctor Servadac - Parte 10,Julio Verne,heroes_y_aventuras,Elejandria
cuento_1863.txt,Héctor Servadac - Parte 11,Julio Verne,heroes_y_aventuras,Elejandria
cuento_1864.txt,Héctor Servadac - Parte 12,Julio Verne,heroes_y_aventuras,Elejandria
cuento_1865.txt,Héctor Servadac - Parte 13,Julio Verne,heroes_y_aventuras,Elejandria
cuento_1866.txt,Héctor Servadac - Parte 14,Julio Verne,heroes_y_aventuras,Elejandria
cuento_1867.txt,Héctor Servadac - Parte 15,Julio Verne,heroes_y_aventuras,Elejandria
cuento_1868.txt,Héctor Servadac - Parte 16,Julio Verne,heroes_y_aventuras,Elejandria
cuento_1869.txt,Héctor Servadac - Parte 17,Julio Verne,heroes_y_aventuras,Elejandria
cuento_1870.txt,Héctor Servadac - Parte 18,Julio Verne,heroes_y_aventuras,Elejandria
cuento_1871.txt,Héctor Servadac - Parte 19,Julio Verne,heroes_y_aventuras,Elejandria
cuento_1872.txt,Héctor Servadac - Parte 20,Julio Verne,heroes_y_aventuras,Elejandria
cuento_1873.txt,Héctor Servadac - Parte 21,Julio Verne,heroes_y_aventuras,Elejandria
cuento_1874.txt,Héctor Servadac - Parte 22,Julio Verne,heroes_y_aventuras,Elejandria
cuento_1875.txt,Héctor Servadac - Parte 23,Julio Verne,heroes_y_aventuras,Elejandria
cuento_1876.txt,Héctor Servadac - Parte 24,Julio Verne,heroes_y_aventuras,Elejandria
cuento_1877.txt,Héctor Servadac - Parte 25,Julio Verne,heroes_y_aventuras,Elejandria
cuento_1878.txt,Héctor Servadac - Parte 26,Julio Verne,heroes_y_aventuras,Elejandria
cuento_1879.txt,Héctor Servadac - Parte 27,Julio Verne,heroes_y_aventuras,Elejandria
cuento_1880.txt,Héctor Servadac - Parte 28,Julio Verne,heroes_y_aventuras,Elejandria
cuento_1881.txt,Héctor Servadac - Parte 29,Julio Verne,heroes_y_aventuras,Elejandria
cuento_1882.txt,Héctor Servadac - Parte 30,Julio Verne,heroes_y_aventuras,Elejandria
cuento_1883.txt,Héctor Servadac - Parte 31,Julio Verne,heroes_y_aventuras,Elejandria
cuento_1884.txt,Héctor Servadac - Parte 32,Julio Verne,heroes_y_aventuras,Elejandria
cuento_1885.txt,Héctor Servadac - Parte 33,Julio Verne,heroes_y_aventuras,Elejandria
cuento_1886.txt,Héctor Servadac - Parte 34,Julio Verne,heroes_y_aventuras,Elejandria
cuento_1887.txt,Héctor Servadac - Parte 35,Julio Verne,heroes_y_aventuras,Elejandria
cuento_1888.txt,Héctor Servadac - Parte 36,Julio Verne,heroes_y_aventuras,Elejandria
cuento_1889.txt,Héctor Servadac - Parte 37,Julio Verne,heroes_y_aventuras,Elejandria
cuento_1890.txt,Héctor Servadac - Parte 38,Julio Verne,heroes_y_aventuras,Elejandria
cuento_1891.txt,Héctor Servadac - Parte 39,Julio Verne,heroes_y_aventuras,Elejandria
cuento_1892.txt,Héctor Servadac - Parte 40,Julio Verne,heroes_y_aventuras,Elejandria
cuento_1893.txt,Héctor Servadac - Parte 41,Julio Verne,heroes_y_aventuras,Elejandria
cuento_1894.txt,Héctor Servadac - Parte 42,Julio Verne,heroes_y_aventuras,Elejandria
cuento_1895.txt,Héctor Servadac - Parte 43,Julio Verne,heroes_y_aventuras,Elejandria
cuento_1896.txt,Héctor Servadac - Parte 44,Julio Verne,heroes_y_aventuras,Elejandria
cuento_1897.txt,Héctor Servadac - Parte 45,Julio Verne,heroes_y_aventuras,Elejandria
cuento_1898.txt,Hécuba,Euripides,heroes_y_aventuras,Elejandria
cuento_1899.txt,Heidi - Parte 1,Johanna Spyri,heroes_y_aventuras,Elejandria
cuento_1900.txt,Heidi - Parte 2,Johanna Spyri,heroes_y_aventuras,Elejandria
cuento_1901.txt,Heidi - Parte 3,Johanna Spyri,heroes_y_aventuras,Elejandria
cuento_1902.txt,Heidi - Parte 4,Johanna Spyri,heroes_y_aventuras,Elejandria
cuento_1903.txt,Heidi - Parte 5,Johanna Spyri,heroes_y_aventuras,Elejandria
cuento_1904.txt,Heidi - Parte 6,Johanna Spyri,heroes_y_aventuras,Elejandria
cuento_1905.txt,Herlock Sholmes llega demasiado tarde,Maurice Leblanc,heroes_y_aventuras,Elejandria
cuento_1906.txt,Historia de dos cachorros de coatí y de dos cachorros de hombre,Horacio Quiroga,heroes_y_aventuras,Elejandria
cuento_1907.txt,Historia de los grandes viajes y de los grandes viajeros - Parte 1,Julio Verne,heroes_y_aventuras,Elejandria
cuento_1908.txt,Historia de los grandes viajes y de los grandes viajeros - Parte 2,Julio Verne,heroes_y_aventuras,Elejandria
cuento_1909.txt,Historia de los grandes viajes y de los grandes viajeros - Parte 3,Julio Verne,heroes_y_aventuras,Elejandria
cuento_1910.txt,Historia de los grandes viajes y de los grandes viajeros - Parte 4,Julio Verne,heroes_y_aventuras,Elejandria
cuento_1911.txt,Historia de los grandes viajes y de los grandes viajeros - Parte 5,Julio Verne,heroes_y_aventuras,Elejandria
cuento_1912.txt,Historia de los grandes viajes y de los grandes viajeros - Parte 6,Julio Verne,heroes_y_aventuras,Elejandria
cuento_1913.txt,Historia de los grandes viajes y de los grandes viajeros - Parte 7,Julio Verne,heroes_y_aventuras,Elejandria
cuento_1914.txt,Historia de los grandes viajes y de los grandes viajeros - Parte 8,Julio Verne,heroes_y_aventuras,Elejandria
cuento_1915.txt,Historia de los grandes viajes y de los grandes viajeros - Parte 9,Julio Verne,heroes_y_aventuras,Elejandria
cuento_1916.txt,Historia de los grandes viajes y de los grandes viajeros - Parte 10,Julio Verne,heroes_y_aventuras,Elejandria
cuento_1917.txt,Historia de los grandes viajes y de los grandes viajeros - Parte 11,Julio Verne,heroes_y_aventuras,Elejandria
cuento_1918.txt,Historia de los grandes viajes y de los grandes viajeros - Parte 12,Julio Verne,heroes_y_aventuras,Elejandria
cuento_1919.txt,Historia de los grandes viajes y de los grandes viajeros - Parte 13,Julio Verne,heroes_y_aventuras,Elejandria
cuento_1920.txt,Historia de los grandes viajes y de los grandes viajeros - Parte 14,Julio Verne,heroes_y_aventuras,Elejandria
cuento_1921.txt,Historia de los grandes viajes y de los grandes viajeros - Parte 15,Julio Verne,heroes_y_aventuras,Elejandria
cuento_1922.txt,Historia de los grandes viajes y de los grandes viajeros - Parte 16,Julio Verne,heroes_y_aventuras,Elejandria
cuento_1923.txt,Historia de los grandes viajes y de los grandes viajeros - Parte 17,Julio Verne,heroes_y_aventuras,Elejandria
cuento_1924.txt,Historia de los grandes viajes y de los grandes viajeros - Parte 18,Julio Verne,heroes_y_aventuras,Elejandria
cuento_1925.txt,Historia de los grandes viajes y de los grandes viajeros - Parte 19,Julio Verne,heroes_y_aventuras,Elejandria
cuento_1926.txt,Historia de los grandes viajes y de los grandes viajeros - Parte 20,Julio Verne,heroes_y_aventuras,Elejandria
cuento_1927.txt,Historia de los grandes viajes y de los grandes viajeros - Parte 21,Julio Verne,heroes_y_aventuras,Elejandria
cuento_1928.txt,Historia de los grandes viajes y de los grandes viajeros - Parte 22,Julio Verne,heroes_y_aventuras,Elejandria
cuento_1929.txt,Historia de los grandes viajes y de los grandes viajeros - Parte 23,Julio Verne,heroes_y_aventuras,Elejandria
cuento_1930.txt,Historia de los grandes viajes y de los grandes viajeros - Parte 24,Julio Verne,heroes_y_aventuras,Elejandria
cuento_1931.txt,Historia de los grandes viajes y de los grandes viajeros - Parte 25,Julio Verne,heroes_y_aventuras,Elejandria
cuento_1932.txt,Historia de los grandes viajes y de los grandes viajeros - Parte 26,Julio Verne,heroes_y_aventuras,Elejandria
cuento_1933.txt,Historia de los grandes viajes y de los grandes viajeros - Parte 27,Julio Verne,heroes_y_aventuras,Elejandria
cuento_1934.txt,Historia de los grandes viajes y de los grandes viajeros - Parte 28,Julio Verne,heroes_y_aventuras,Elejandria
cuento_1935.txt,Historia de los grandes viajes y de los grandes viajeros - Parte 29,Julio Verne,heroes_y_aventuras,Elejandria
cuento_1936.txt,Historia de uno que hizo un viaje para saber lo que era miedo,Hermanos Grimm,heroes_y_aventuras,Elejandria
cuento_1937.txt,Honorata de Wan Guld - Parte 1,Emilio Salgari,heroes_y_aventuras,Elejandria
cuento_1938.txt,Honorata de Wan Guld - Parte 2,Emilio Salgari,heroes_y_aventuras,Elejandria
cuento_1939.txt,Honorata de Wan Guld - Parte 3,Emilio Salgari,heroes_y_aventuras,Elejandria
cuento_1940.txt,Honorata de Wan Guld - Parte 4,Emilio Salgari,heroes_y_aventuras,Elejandria
cuento_1941.txt,Honorata de Wan Guld - Parte 5,Emilio Salgari,heroes_y_aventuras,Elejandria
cuento_1942.txt,Honorata de Wan Guld - Parte 6,Emilio Salgari,heroes_y_aventuras,Elejandria
cuento_1943.txt,Honorata de Wan Guld - Parte 7,Emilio Salgari,heroes_y_aventuras,Elejandria
cuento_1944.txt,Honorata de Wan Guld - Parte 8,Emilio Salgari,heroes_y_aventuras,Elejandria
cuento_1945.txt,Honorata de Wan Guld - Parte 9,Emilio Salgari,heroes_y_aventuras,Elejandria
cuento_1946.txt,Honorata de Wan Guld - Parte 10,Emilio Salgari,heroes_y_aventuras,Elejandria
cuento_1947.txt,Honorata de Wan Guld - Parte 11,Emilio Salgari,heroes_y_aventuras,Elejandria
cuento_1948.txt,Honorata de Wan Guld - Parte 12,Emilio Salgari,heroes_y_aventuras,Elejandria
cuento_1949.txt,Honorata de Wan Guld - Parte 13,Emilio Salgari,heroes_y_aventuras,Elejandria
cuento_1950.txt,Honorata de Wan Guld - Parte 14,Emilio Salgari,heroes_y_aventuras,Elejandria
cuento_1951.txt,Honorata de Wan Guld - Parte 15,Emilio Salgari,heroes_y_aventuras,Elejandria
cuento_1952.txt,Honorata de Wan Guld - Parte 16,Emilio Salgari,heroes_y_aventuras,Elejandria
cuento_1953.txt,Honorata de Wan Guld - Parte 17,Emilio Salgari,heroes_y_aventuras,Elejandria
cuento_1954.txt,Honorata de Wan Guld - Parte 18,Emilio Salgari,heroes_y_aventuras,Elejandria
cuento_1955.txt,Ivanhoe - Parte 1,Walter Scott,heroes_y_aventuras,Elejandria
cuento_1956.txt,Ivanhoe - Parte 2,Walter Scott,heroes_y_aventuras,Elejandria
cuento_1957.txt,Ivanhoe - Parte 3,Walter Scott,heroes_y_aventuras,Elejandria
cuento_1958.txt,Ivanhoe - Parte 4,Walter Scott,heroes_y_aventuras,Elejandria
cuento_1959.txt,Ivanhoe - Parte 5,Walter Scott,heroes_y_aventuras,Elejandria
cuento_1960.txt,Ivanhoe - Parte 6,Walter Scott,heroes_y_aventuras,Elejandria
cuento_1961.txt,Ivanhoe - Parte 7,Walter Scott,heroes_y_aventuras,Elejandria
cuento_1962.txt,Ivanhoe - Parte 8,Walter Scott,heroes_y_aventuras,Elejandria
cuento_1963.txt,Ivanhoe - Parte 9,Walter Scott,heroes_y_aventuras,Elejandria
cuento_1964.txt,Ivanhoe - Parte 10,Walter Scott,heroes_y_aventuras,Elejandria
cuento_1965.txt,Ivanhoe - Parte 11,Walter Scott,heroes_y_aventuras,Elejandria
cuento_1966.txt,Ivanhoe - Parte 12,Walter Scott,heroes_y_aventuras,Elejandria
cuento_1967.txt,Ivanhoe - Parte 13,Walter Scott,heroes_y_aventuras,Elejandria
cuento_1968.txt,Ivanhoe - Parte 14,Walter Scott,heroes_y_aventuras,Elejandria
cuento_1969.txt,Ivanhoe - Parte 15,Walter Scott,heroes_y_aventuras,Elejandria
cuento_1970.txt,Ivanhoe - Parte 16,Walter Scott,heroes_y_aventuras,Elejandria
cuento_1971.txt,Ivanhoe - Parte 17,Walter Scott,heroes_y_aventuras,Elejandria
cuento_1972.txt,Ivanhoe - Parte 18,Walter Scott,heroes_y_aventuras,Elejandria
cuento_1973.txt,Ivanhoe - Parte 19,Walter Scott,heroes_y_aventuras,Elejandria
cuento_1974.txt,Ivanhoe - Parte 20,Walter Scott,heroes_y_aventuras,Elejandria
cuento_1975.txt,Ivanhoe - Parte 21,Walter Scott,heroes_y_aventuras,Elejandria
cuento_1976.txt,Ivanhoe - Parte 22,Walter Scott,heroes_y_aventuras,Elejandria
cuento_1977.txt,Ivanhoe - Parte 23,Walter Scott,heroes_y_aventuras,Elejandria
cuento_1978.txt,Ivanhoe - Parte 24,Walter Scott,heroes_y_aventuras,Elejandria
cuento_1979.txt,Ivanhoe - Parte 25,Walter Scott,heroes_y_aventuras,Elejandria
cuento_1980.txt,Ivanhoe - Parte 26,Walter Scott,heroes_y_aventuras,Elejandria
cuento_1981.txt,Ivanhoe - Parte 27,Walter Scott,heroes_y_aventuras,Elejandria
cuento_1982.txt,Ivanhoe - Parte 28,Walter Scott,heroes_y_aventuras,Elejandria
cuento_1983.txt,Ivanhoe - Parte 29,Walter Scott,heroes_y_aventuras,Elejandria
cuento_1984.txt,Ivanhoe - Parte 30,Walter Scott,heroes_y_aventuras,Elejandria
cuento_1985.txt,Ivanhoe - Parte 31,Walter Scott,heroes_y_aventuras,Elejandria
cuento_1986.txt,Ivanhoe - Parte 32,Walter Scott,heroes_y_aventuras,Elejandria
cuento_1987.txt,Ivanhoe - Parte 33,Walter Scott,heroes_y_aventuras,Elejandria
cuento_1988.txt,Ivanhoe - Parte 34,Walter Scott,heroes_y_aventuras,Elejandria
cuento_1989.txt,Ivanhoe - Parte 35,Walter Scott,heroes_y_aventuras,Elejandria
cuento_1990.txt,Ivanhoe - Parte 36,Walter Scott,heroes_y_aventuras,Elejandria
cuento_1991.txt,Ivanhoe - Parte 37,Walter Scott,heroes_y_aventuras,Elejandria
cuento_1992.txt,Jorinde y Joringel,Hermanos Grimm,heroes_y_aventuras,Elejandria
cuento_1993.txt,Juan Erizo,Hermanos Grimm,heroes_y_aventuras,Elejandria
cuento_1994.txt,Kidd el Pirata,Washington Irving,heroes_y_aventuras,Elejandria
cuento_1995.txt,Kim - Parte 1,Rudyard Kipling,heroes_y_aventuras,Elejandria
cuento_1996.txt,Kim - Parte 2,Rudyard Kipling,heroes_y_aventuras,Elejandria
cuento_1997.txt,Kim - Parte 3,Rudyard Kipling,heroes_y_aventuras,Elejandria
cuento_1998.txt,Kim - Parte 4,Rudyard Kipling,heroes_y_aventuras,Elejandria
cuento_1999.txt,Kim - Parte 5,Rudyard Kipling,heroes_y_aventuras,Elejandria
cuento_2000.txt,Kim - Parte 6,Rudyard Kipling,heroes_y_aventuras,Elejandria
cuento_2001.txt,Kim - Parte 7,Rudyard Kipling,heroes_y_aventuras,Elejandria
cuento_2002.txt,Kim - Parte 8,Rudyard Kipling,heroes_y_aventuras,Elejandria
cuento_2003.txt,Kim - Parte 9,Rudyard Kipling,heroes_y_aventuras,Elejandria
cuento_2004.txt,Kim - Parte 10,Rudyard Kipling,heroes_y_aventuras,Elejandria
cuento_2005.txt,Kim - Parte 11,Rudyard Kipling,heroes_y_aventuras,Elejandria
cuento_2006.txt,Kim - Parte 12,Rudyard Kipling,heroes_y_aventuras,Elejandria
cuento_2007.txt,Kim - Parte 13,Rudyard Kipling,heroes_y_aventuras,Elejandria
cuento_2008.txt,Kim - Parte 14,Rudyard Kipling,heroes_y_aventuras,Elejandria
cuento_2009.txt,Kim - Parte 15,Rudyard Kipling,heroes_y_aventuras,Elejandria
cuento_2010.txt,Kim - Parte 16,Rudyard Kipling,heroes_y_aventuras,Elejandria
cuento_2011.txt,Kim - Parte 17,Rudyard Kipling,heroes_y_aventuras,Elejandria
cuento_2012.txt,Kim - Parte 18,Rudyard Kipling,heroes_y_aventuras,Elejandria
cuento_2013.txt,Kim - Parte 19,Rudyard Kipling,heroes_y_aventuras,Elejandria
cuento_2014.txt,Koolau el leproso,Jack London,heroes_y_aventuras,Elejandria
cuento_2015.txt,La alondra cantarina y saltarina,Hermanos Grimm,heroes_y_aventuras,Elejandria
cuento_2016.txt,La Batracomiomaquia,Homero,heroes_y_aventuras,Elejandria
cuento_2017.txt,La bola de cristal,Hermanos Grimm,heroes_y_aventuras,Elejandria
cuento_2018.txt,La bruja Baba Yaga,Aleksandr Afanásiev,heroes_y_aventuras,Elejandria
cuento_2019.txt,La caja equivocada - Parte 1,Robert Louis Stevenson,heroes_y_aventuras,Elejandria
cuento_2020.txt,La caja equivocada - Parte 2,Robert Louis Stevenson,heroes_y_aventuras,Elejandria
cuento_2021.txt,La caja equivocada - Parte 3,Robert Louis Stevenson,heroes_y_aventuras,Elejandria
cuento_2022.txt,La caja equivocada - Parte 4,Robert Louis Stevenson,heroes_y_aventuras,Elejandria
cuento_2023.txt,La caja equivocada - Parte 5,Robert Louis Stevenson,heroes_y_aventuras,Elejandria
cuento_2024.txt,La caja equivocada - Parte 6,Robert Louis Stevenson,heroes_y_aventuras,Elejandria
cuento_2025.txt,La caja equivocada - Parte 7,Robert Louis Stevenson,heroes_y_aventuras,Elejandria
cuento_2026.txt,La caja equivocada - Parte 8,Robert Louis Stevenson,heroes_y_aventuras,Elejandria
cuento_2027.txt,La caja equivocada - Parte 9,Robert Louis Stevenson,heroes_y_aventuras,Elejandria
cuento_2028.txt,La caja equivocada - Parte 10,Robert Louis Stevenson,heroes_y_aventuras,Elejandria
cuento_2029.txt,La caja equivocada - Parte 11,Robert Louis Stevenson,heroes_y_aventuras,Elejandria
cuento_2030.txt,La caja equivocada - Parte 12,Robert Louis Stevenson,heroes_y_aventuras,Elejandria
cuento_2031.txt,La caja equivocada - Parte 13,Robert Louis Stevenson,heroes_y_aventuras,Elejandria
cuento_2032.txt,La caja equivocada - Parte 14,Robert Louis Stevenson,heroes_y_aventuras,Elejandria
cuento_2033.txt,La caja equivocada - Parte 15,Robert Louis Stevenson,heroes_y_aventuras,Elejandria
cuento_2034.txt,La caja equivocada - Parte 16,Robert Louis Stevenson,heroes_y_aventuras,Elejandria
cuento_2035.txt,La caja equivocada - Parte 17,Robert Louis Stevenson,heroes_y_aventuras,Elejandria
cuento_2036.txt,La caja equivocada - Parte 18,Robert Louis Stevenson,heroes_y_aventuras,Elejandria
cuento_2037.txt,La caja equivocada - Parte 19,Robert Louis Stevenson,heroes_y_aventuras,Elejandria
cuento_2038.txt,La caja equivocada - Parte 20,Robert Louis Stevenson,heroes_y_aventuras,Elejandria
cuento_2039.txt,La caja equivocada - Parte 21,Robert Louis Stevenson,heroes_y_aventuras,Elejandria
cuento_2040.txt,La caja equivocada - Parte 22,Robert Louis Stevenson,heroes_y_aventuras,Elejandria
cuento_2041.txt,La caza del meteoro - Parte 1,Julio Verne,heroes_y_aventuras,Elejandria
cuento_2042.txt,La caza del meteoro - Parte 2,Julio Verne,heroes_y_aventuras,Elejandria
cuento_2043.txt,La caza del meteoro - Parte 3,Julio Verne,heroes_y_aventuras,Elejandria
cuento_2044.txt,La caza del meteoro - Parte 4,Julio Verne,heroes_y_aventuras,Elejandria
cuento_2045.txt,La caza del meteoro - Parte 5,Julio Verne,heroes_y_aventuras,Elejandria
cuento_2046.txt,La caza del meteoro - Parte 6,Julio Verne,heroes_y_aventuras,Elejandria
cuento_2047.txt,La caza del meteoro - Parte 7,Julio Verne,heroes_y_aventuras,Elejandria
cuento_2048.txt,La caza del meteoro - Parte 8,Julio Verne,heroes_y_aventuras,Elejandria
cuento_2049.txt,La caza del meteoro - Parte 9,Julio Verne,heroes_y_aventuras,Elejandria
cuento_2050.txt,La caza del meteoro - Parte 10,Julio Verne,heroes_y_aventuras,Elejandria
cuento_2051.txt,La caza del meteoro - Parte 11,Julio Verne,heroes_y_aventuras,Elejandria
cuento_2052.txt,La caza del meteoro - Parte 12,Julio Verne,heroes_y_aventuras,Elejandria
cuento_2053.txt,La caza del meteoro - Parte 13,Julio Verne,heroes_y_aventuras,Elejandria
cuento_2054.txt,La caza del meteoro - Parte 14,Julio Verne,heroes_y_aventuras,Elejandria
cuento_2055.txt,La caza del meteoro - Parte 15,Julio Verne,heroes_y_aventuras,Elejandria
cuento_2056.txt,La caza del meteoro - Parte 16,Julio Verne,heroes_y_aventuras,Elejandria
cuento_2057.txt,La caza del meteoro - Parte 17,Julio Verne,heroes_y_aventuras,Elejandria
cuento_2058.txt,La caza del meteoro - Parte 18,Julio Verne,heroes_y_aventuras,Elejandria
cuento_2059.txt,La caza del meteoro - Parte 19,Julio Verne,heroes_y_aventuras,Elejandria
cuento_2060.txt,La caza del meteoro - Parte 20,Julio Verne,heroes_y_aventuras,Elejandria
cuento_2061.txt,La caza del meteoro - Parte 21,Julio Verne,heroes_y_aventuras,Elejandria
cuento_2062.txt,La caza del meteoro - Parte 22,Julio Verne,heroes_y_aventuras,Elejandria
cuento_2063.txt,la-ciudad-de-las-calaveras-robert-ervin-howard,Robert Ervin Howard,heroes_y_aventuras,Elejandria
cuento_2064.txt,"La corbeta ""Gloria Scott"" - Arthur Conan Doyle",Arthur Conan Doyle,heroes_y_aventuras,Elejandria
cuento_2065.txt,La corza blanca,Gustavo Adolfo Bécquer,heroes_y_aventuras,Elejandria
cuento_2066.txt,tmptdji80 - Parte 1,Unknown,heroes_y_aventuras,Elejandria
cuento_2067.txt,tmptdji80 - Parte 2,Unknown,heroes_y_aventuras,Elejandria
cuento_2068.txt,tmptdji80 - Parte 3,Unknown,heroes_y_aventuras,Elejandria
cuento_2069.txt,tmptdji80 - Parte 4,Unknown,heroes_y_aventuras,Elejandria
cuento_2070.txt,tmptdji80 - Parte 5,Unknown,heroes_y_aventuras,Elejandria
cuento_2071.txt,tmptdji80 - Parte 6,Unknown,heroes_y_aventuras,Elejandria
cuento_2072.txt,tmptdji80 - Parte 7,Unknown,heroes_y_aventuras,Elejandria
cuento_2073.txt,tmptdji80 - Parte 8,Unknown,heroes_y_aventuras,Elejandria
cuento_2074.txt,tmptdji80 - Parte 9,Unknown,heroes_y_aventuras,Elejandria
cuento_2075.txt,tmptdji80 - Parte 10,Unknown,heroes_y_aventuras,Elejandria
cuento_2076.txt,tmptdji80 - Parte 11,Unknown,heroes_y_aventuras,Elejandria
cuento_2077.txt,tmptdji80 - Parte 12,Unknown,heroes_y_aventuras,Elejandria
cuento_2078.txt,tmptdji80 - Parte 13,Unknown,heroes_y_aventuras,Elejandria
cuento_2079.txt,tmptdji80 - Parte 14,Unknown,heroes_y_aventuras,Elejandria
cuento_2080.txt,tmptdji80 - Parte 15,Unknown,heroes_y_aventuras,Elejandria
cuento_2081.txt,tmptdji80 - Parte 16,Unknown,heroes_y_aventuras,Elejandria
cuento_2082.txt,tmptdji80 - Parte 17,Unknown,heroes_y_aventuras,Elejandria
cuento_2083.txt,tmptdji80 - Parte 18,Unknown,heroes_y_aventuras,Elejandria
cuento_2084.txt,tmptdji80 - Parte 19,Unknown,heroes_y_aventuras,Elejandria
cuento_2085.txt,tmptdji80 - Parte 20,Unknown,heroes_y_aventuras,Elejandria
cuento_2086.txt,tmptdji80 - Parte 21,Unknown,heroes_y_aventuras,Elejandria
cuento_2087.txt,tmptdji80 - Parte 22,Unknown,heroes_y_aventuras,Elejandria
cuento_2088.txt,tmptdji80 - Parte 23,Unknown,heroes_y_aventuras,Elejandria
cuento_2089.txt,tmptdji80 - Parte 24,Unknown,heroes_y_aventuras,Elejandria
cuento_2090.txt,tmptdji80 - Parte 25,Unknown,heroes_y_aventuras,Elejandria
cuento_2091.txt,tmptdji80 - Parte 26,Unknown,heroes_y_aventuras,Elejandria
cuento_2092.txt,tmptdji80 - Parte 27,Unknown,heroes_y_aventuras,Elejandria
cuento_2093.txt,tmptdji80 - Parte 28,Unknown,heroes_y_aventuras,Elejandria
cuento_2094.txt,tmptdji80 - Parte 29,Unknown,heroes_y_aventuras,Elejandria
cuento_2095.txt,tmptdji80 - Parte 30,Unknown,heroes_y_aventuras,Elejandria
cuento_2096.txt,tmptdji80 - Parte 31,Unknown,heroes_y_aventuras,Elejandria
cuento_2097.txt,tmptdji80 - Parte 32,Unknown,heroes_y_aventuras,Elejandria
cuento_2098.txt,tmptdji80 - Parte 33,Unknown,heroes_y_aventuras,Elejandria
cuento_2099.txt,tmptdji80 - Parte 34,Unknown,heroes_y_aventuras,Elejandria
cuento_2100.txt,tmptdji80 - Parte 35,Unknown,heroes_y_aventuras,Elejandria
cuento_2101.txt,tmptdji80 - Parte 36,Unknown,heroes_y_aventuras,Elejandria
cuento_2102.txt,tmptdji80 - Parte 37,Unknown,heroes_y_aventuras,Elejandria
cuento_2103.txt,tmptdji80 - Parte 38,Unknown,heroes_y_aventuras,Elejandria
cuento_2104.txt,tmptdji80 - Parte 39,Unknown,heroes_y_aventuras,Elejandria
cuento_2105.txt,tmptdji80 - Parte 40,Unknown,heroes_y_aventuras,Elejandria
cuento_2106.txt,tmptdji80 - Parte 41,Unknown,heroes_y_aventuras,Elejandria
cuento_2107.txt,tmptdji80 - Parte 42,Unknown,heroes_y_aventuras,Elejandria
cuento_2108.txt,tmptdji80 - Parte 43,Unknown,heroes_y_aventuras,Elejandria
cuento_2109.txt,tmptdji80 - Parte 44,Unknown,heroes_y_aventuras,Elejandria
cuento_2110.txt,tmptdji80 - Parte 45,Unknown,heroes_y_aventuras,Elejandria
cuento_2111.txt,tmptdji80 - Parte 46,Unknown,heroes_y_aventuras,Elejandria
cuento_2112.txt,tmptdji80 - Parte 47,Unknown,heroes_y_aventuras,Elejandria
cuento_2113.txt,tmptdji80 - Parte 48,Unknown,heroes_y_aventuras,Elejandria
cuento_2114.txt,tmptdji80 - Parte 49,Unknown,heroes_y_aventuras,Elejandria
cuento_2115.txt,tmptdji80 - Parte 50,Unknown,heroes_y_aventuras,Elejandria
cuento_2116.txt,tmptdji80 - Parte 51,Unknown,heroes_y_aventuras,Elejandria
cuento_2117.txt,tmptdji80 - Parte 52,Unknown,heroes_y_aventuras,Elejandria
cuento_2118.txt,tmptdji80 - Parte 53,Unknown,heroes_y_aventuras,Elejandria
cuento_2119.txt,tmptdji80 - Parte 54,Unknown,heroes_y_aventuras,Elejandria
cuento_2120.txt,tmptdji80 - Parte 55,Unknown,heroes_y_aventuras,Elejandria
cuento_2121.txt,tmptdji80 - Parte 56,Unknown,heroes_y_aventuras,Elejandria
cuento_2122.txt,tmptdji80 - Parte 57,Unknown,heroes_y_aventuras,Elejandria
cuento_2123.txt,tmptdji80 - Parte 58,Unknown,heroes_y_aventuras,Elejandria
cuento_2124.txt,tmptdji80 - Parte 59,Unknown,heroes_y_aventuras,Elejandria
cuento_2125.txt,tmptdji80 - Parte 60,Unknown,heroes_y_aventuras,Elejandria
cuento_2126.txt,tmptdji80 - Parte 61,Unknown,heroes_y_aventuras,Elejandria
cuento_2127.txt,tmptdji80 - Parte 62,Unknown,heroes_y_aventuras,Elejandria
cuento_2128.txt,tmptdji80 - Parte 63,Unknown,heroes_y_aventuras,Elejandria
cuento_2129.txt,tmptdji80 - Parte 64,Unknown,heroes_y_aventuras,Elejandria
cuento_2130.txt,tmptdji80 - Parte 65,Unknown,heroes_y_aventuras,Elejandria
cuento_2131.txt,tmptdji80 - Parte 66,Unknown,heroes_y_aventuras,Elejandria
cuento_2132.txt,tmptdji80 - Parte 67,Unknown,heroes_y_aventuras,Elejandria
cuento_2133.txt,tmptdji80 - Parte 68,Unknown,heroes_y_aventuras,Elejandria
cuento_2134.txt,tmptdji80 - Parte 69,Unknown,heroes_y_aventuras,Elejandria
cuento_2135.txt,tmptdji80 - Parte 70,Unknown,heroes_y_aventuras,Elejandria
cuento_2136.txt,tmptdji80 - Parte 71,Unknown,heroes_y_aventuras,Elejandria
cuento_2137.txt,tmptdji80 - Parte 72,Unknown,heroes_y_aventuras,Elejandria
cuento_2138.txt,tmptdji80 - Parte 73,Unknown,heroes_y_aventuras,Elejandria
cuento_2139.txt,tmptdji80 - Parte 74,Unknown,heroes_y_aventuras,Elejandria
cuento_2140.txt,tmptdji80 - Parte 75,Unknown,heroes_y_aventuras,Elejandria
cuento_2141.txt,tmptdji80 - Parte 76,Unknown,heroes_y_aventuras,Elejandria
cuento_2142.txt,tmptdji80 - Parte 77,Unknown,heroes_y_aventuras,Elejandria
cuento_2143.txt,tmptdji80 - Parte 78,Unknown,heroes_y_aventuras,Elejandria
cuento_2144.txt,tmptdji80 - Parte 79,Unknown,heroes_y_aventuras,Elejandria
cuento_2145.txt,tmptdji80 - Parte 80,Unknown,heroes_y_aventuras,Elejandria
cuento_2146.txt,tmptdji80 - Parte 81,Unknown,heroes_y_aventuras,Elejandria
cuento_2147.txt,tmptdji80 - Parte 82,Unknown,heroes_y_aventuras,Elejandria
cuento_2148.txt,tmptdji80 - Parte 83,Unknown,heroes_y_aventuras,Elejandria
cuento_2149.txt,tmptdji80 - Parte 84,Unknown,heroes_y_aventuras,Elejandria
cuento_2150.txt,tmptdji80 - Parte 85,Unknown,heroes_y_aventuras,Elejandria
cuento_2151.txt,tmptdji80 - Parte 86,Unknown,heroes_y_aventuras,Elejandria
cuento_2152.txt,tmptdji80 - Parte 87,Unknown,heroes_y_aventuras,Elejandria
cuento_2153.txt,tmptdji80 - Parte 88,Unknown,heroes_y_aventuras,Elejandria
cuento_2154.txt,tmptdji80 - Parte 89,Unknown,heroes_y_aventuras,Elejandria
cuento_2155.txt,tmptdji80 - Parte 90,Unknown,heroes_y_aventuras,Elejandria
cuento_2156.txt,tmptdji80 - Parte 91,Unknown,heroes_y_aventuras,Elejandria
cuento_2157.txt,tmptdji80 - Parte 92,Unknown,heroes_y_aventuras,Elejandria
cuento_2158.txt,tmptdji80 - Parte 93,Unknown,heroes_y_aventuras,Elejandria
cuento_2159.txt,tmptdji80 - Parte 94,Unknown,heroes_y_aventuras,Elejandria
cuento_2160.txt,tmptdji80 - Parte 95,Unknown,heroes_y_aventuras,Elejandria
cuento_2161.txt,tmptdji80 - Parte 96,Unknown,heroes_y_aventuras,Elejandria
cuento_2162.txt,tmptdji80 - Parte 97,Unknown,heroes_y_aventuras,Elejandria
cuento_2163.txt,tmptdji80 - Parte 98,Unknown,heroes_y_aventuras,Elejandria
cuento_2164.txt,tmptdji80 - Parte 99,Unknown,heroes_y_aventuras,Elejandria
cuento_2165.txt,tmptdji80 - Parte 100,Unknown,heroes_y_aventuras,Elejandria
cuento_2166.txt,tmptdji80 - Parte 101,Unknown,heroes_y_aventuras,Elejandria
cuento_2167.txt,tmptdji80 - Parte 102,Unknown,heroes_y_aventuras,Elejandria
cuento_2168.txt,tmptdji80 - Parte 103,Unknown,heroes_y_aventuras,Elejandria
cuento_2169.txt,tmptdji80 - Parte 104,Unknown,heroes_y_aventuras,Elejandria
cuento_2170.txt,tmptdji80 - Parte 105,Unknown,heroes_y_aventuras,Elejandria
cuento_2171.txt,tmptdji80 - Parte 106,Unknown,heroes_y_aventuras,Elejandria
cuento_2172.txt,tmptdji80 - Parte 107,Unknown,heroes_y_aventuras,Elejandria
cuento_2173.txt,tmptdji80 - Parte 108,Unknown,heroes_y_aventuras,Elejandria
cuento_2174.txt,tmptdji80 - Parte 109,Unknown,heroes_y_aventuras,Elejandria
cuento_2175.txt,tmptdji80 - Parte 110,Unknown,heroes_y_aventuras,Elejandria
cuento_2176.txt,tmptdji80 - Parte 111,Unknown,heroes_y_aventuras,Elejandria
cuento_2177.txt,tmptdji80 - Parte 112,Unknown,heroes_y_aventuras,Elejandria
cuento_2178.txt,tmptdji80 - Parte 113,Unknown,heroes_y_aventuras,Elejandria
cuento_2179.txt,tmptdji80 - Parte 114,Unknown,heroes_y_aventuras,Elejandria
cuento_2180.txt,tmptdji80 - Parte 115,Unknown,heroes_y_aventuras,Elejandria
cuento_2181.txt,tmptdji80 - Parte 116,Unknown,heroes_y_aventuras,Elejandria
cuento_2182.txt,tmptdji80 - Parte 117,Unknown,heroes_y_aventuras,Elejandria
cuento_2183.txt,tmptdji80 - Parte 118,Unknown,heroes_y_aventuras,Elejandria
cuento_2184.txt,tmptdji80 - Parte 119,Unknown,heroes_y_aventuras,Elejandria
cuento_2185.txt,tmptdji80 - Parte 120,Unknown,heroes_y_aventuras,Elejandria
cuento_2186.txt,tmptdji80 - Parte 121,Unknown,heroes_y_aventuras,Elejandria
cuento_2187.txt,tmptdji80 - Parte 122,Unknown,heroes_y_aventuras,Elejandria
cuento_2188.txt,tmptdji80 - Parte 123,Unknown,heroes_y_aventuras,Elejandria
cuento_2189.txt,tmptdji80 - Parte 124,Unknown,heroes_y_aventuras,Elejandria
cuento_2190.txt,tmptdji80 - Parte 125,Unknown,heroes_y_aventuras,Elejandria
cuento_2191.txt,tmptdji80 - Parte 126,Unknown,heroes_y_aventuras,Elejandria
cuento_2192.txt,tmptdji80 - Parte 127,Unknown,heroes_y_aventuras,Elejandria
cuento_2193.txt,tmptdji80 - Parte 128,Unknown,heroes_y_aventuras,Elejandria
cuento_2194.txt,tmptdji80 - Parte 129,Unknown,heroes_y_aventuras,Elejandria
cuento_2195.txt,tmptdji80 - Parte 130,Unknown,heroes_y_aventuras,Elejandria
cuento_2196.txt,tmptdji80 - Parte 131,Unknown,heroes_y_aventuras,Elejandria
cuento_2197.txt,tmptdji80 - Parte 132,Unknown,heroes_y_aventuras,Elejandria
cuento_2198.txt,tmptdji80 - Parte 133,Unknown,heroes_y_aventuras,Elejandria
cuento_2199.txt,tmptdji80 - Parte 134,Unknown,heroes_y_aventuras,Elejandria
cuento_2200.txt,tmptdji80 - Parte 135,Unknown,heroes_y_aventuras,Elejandria
cuento_2201.txt,tmptdji80 - Parte 136,Unknown,heroes_y_aventuras,Elejandria
cuento_2202.txt,tmptdji80 - Parte 137,Unknown,heroes_y_aventuras,Elejandria
cuento_2203.txt,tmptdji80 - Parte 138,Unknown,heroes_y_aventuras,Elejandria
cuento_2204.txt,tmptdji80 - Parte 139,Unknown,heroes_y_aventuras,Elejandria
cuento_2205.txt,tmptdji80 - Parte 140,Unknown,heroes_y_aventuras,Elejandria
cuento_2206.txt,tmptdji80 - Parte 141,Unknown,heroes_y_aventuras,Elejandria
cuento_2207.txt,tmptdji80 - Parte 142,Unknown,heroes_y_aventuras,Elejandria
cuento_2208.txt,tmptdji80 - Parte 143,Unknown,heroes_y_aventuras,Elejandria
cuento_2209.txt,tmptdji80 - Parte 144,Unknown,heroes_y_aventuras,Elejandria
cuento_2210.txt,tmptdji80 - Parte 145,Unknown,heroes_y_aventuras,Elejandria
cuento_2211.txt,tmptdji80 - Parte 146,Unknown,heroes_y_aventuras,Elejandria
cuento_2212.txt,tmptdji80 - Parte 147,Unknown,heroes_y_aventuras,Elejandria
cuento_2213.txt,tmptdji80 - Parte 148,Unknown,heroes_y_aventuras,Elejandria
cuento_2214.txt,tmptdji80 - Parte 149,Unknown,heroes_y_aventuras,Elejandria
cuento_2215.txt,tmptdji80 - Parte 150,Unknown,heroes_y_aventuras,Elejandria
cuento_2216.txt,tmptdji80 - Parte 151,Unknown,heroes_y_aventuras,Elejandria
cuento_2217.txt,tmptdji80 - Parte 152,Unknown,heroes_y_aventuras,Elejandria
cuento_2218.txt,tmptdji80 - Parte 153,Unknown,heroes_y_aventuras,Elejandria
cuento_2219.txt,tmptdji80 - Parte 154,Unknown,heroes_y_aventuras,Elejandria
cuento_2220.txt,tmptdji80 - Parte 155,Unknown,heroes_y_aventuras,Elejandria
cuento_2221.txt,tmptdji80 - Parte 156,Unknown,heroes_y_aventuras,Elejandria
cuento_2222.txt,tmptdji80 - Parte 157,Unknown,heroes_y_aventuras,Elejandria
cuento_2223.txt,tmptdji80 - Parte 158,Unknown,heroes_y_aventuras,Elejandria
cuento_2224.txt,tmptdji80 - Parte 159,Unknown,heroes_y_aventuras,Elejandria
cuento_2225.txt,tmptdji80 - Parte 160,Unknown,heroes_y_aventuras,Elejandria
cuento_2226.txt,tmptdji80 - Parte 161,Unknown,heroes_y_aventuras,Elejandria
cuento_2227.txt,tmptdji80 - Parte 162,Unknown,heroes_y_aventuras,Elejandria
cuento_2228.txt,tmptdji80 - Parte 163,Unknown,heroes_y_aventuras,Elejandria
cuento_2229.txt,tmptdji80 - Parte 164,Unknown,heroes_y_aventuras,Elejandria
cuento_2230.txt,tmptdji80 - Parte 165,Unknown,heroes_y_aventuras,Elejandria
cuento_2231.txt,tmptdji80 - Parte 166,Unknown,heroes_y_aventuras,Elejandria
cuento_2232.txt,tmptdji80 - Parte 167,Unknown,heroes_y_aventuras,Elejandria
cuento_2233.txt,tmptdji80 - Parte 168,Unknown,heroes_y_aventuras,Elejandria
cuento_2234.txt,tmptdji80 - Parte 169,Unknown,heroes_y_aventuras,Elejandria
cuento_2235.txt,tmptdji80 - Parte 170,Unknown,heroes_y_aventuras,Elejandria
cuento_2236.txt,tmptdji80 - Parte 171,Unknown,heroes_y_aventuras,Elejandria
cuento_2237.txt,tmptdji80 - Parte 172,Unknown,heroes_y_aventuras,Elejandria
cuento_2238.txt,tmptdji80 - Parte 173,Unknown,heroes_y_aventuras,Elejandria
cuento_2239.txt,tmptdji80 - Parte 174,Unknown,heroes_y_aventuras,Elejandria
cuento_2240.txt,tmptdji80 - Parte 175,Unknown,heroes_y_aventuras,Elejandria
cuento_2241.txt,tmptdji80 - Parte 176,Unknown,heroes_y_aventuras,Elejandria
cuento_2242.txt,tmptdji80 - Parte 177,Unknown,heroes_y_aventuras,Elejandria
cuento_2243.txt,tmptdji80 - Parte 178,Unknown,heroes_y_aventuras,Elejandria
cuento_2244.txt,tmptdji80 - Parte 179,Unknown,heroes_y_aventuras,Elejandria
cuento_2245.txt,tmptdji80 - Parte 180,Unknown,heroes_y_aventuras,Elejandria
cuento_2246.txt,tmptdji80 - Parte 181,Unknown,heroes_y_aventuras,Elejandria
cuento_2247.txt,tmptdji80 - Parte 182,Unknown,heroes_y_aventuras,Elejandria
cuento_2248.txt,tmptdji80 - Parte 183,Unknown,heroes_y_aventuras,Elejandria
cuento_2249.txt,tmptdji80 - Parte 184,Unknown,heroes_y_aventuras,Elejandria
cuento_2250.txt,tmptdji80 - Parte 185,Unknown,heroes_y_aventuras,Elejandria
cuento_2251.txt,tmptdji80 - Parte 186,Unknown,heroes_y_aventuras,Elejandria
cuento_2252.txt,tmptdji80 - Parte 187,Unknown,heroes_y_aventuras,Elejandria
cuento_2253.txt,tmptdji80 - Parte 188,Unknown,heroes_y_aventuras,Elejandria
cuento_2254.txt,tmptdji80 - Parte 189,Unknown,heroes_y_aventuras,Elejandria
cuento_2255.txt,tmptdji80 - Parte 190,Unknown,heroes_y_aventuras,Elejandria
cuento_2256.txt,tmptdji80 - Parte 191,Unknown,heroes_y_aventuras,Elejandria
cuento_2257.txt,tmptdji80 - Parte 192,Unknown,heroes_y_aventuras,Elejandria
cuento_2258.txt,tmptdji80 - Parte 193,Unknown,heroes_y_aventuras,Elejandria
cuento_2259.txt,tmptdji80 - Parte 194,Unknown,heroes_y_aventuras,Elejandria
cuento_2260.txt,tmptdji80 - Parte 195,Unknown,heroes_y_aventuras,Elejandria
cuento_2261.txt,tmptdji80 - Parte 196,Unknown,heroes_y_aventuras,Elejandria
cuento_2262.txt,tmptdji80 - Parte 197,Unknown,heroes_y_aventuras,Elejandria
cuento_2263.txt,tmptdji80 - Parte 198,Unknown,heroes_y_aventuras,Elejandria
cuento_2264.txt,tmptdji80 - Parte 199,Unknown,heroes_y_aventuras,Elejandria
cuento_2265.txt,tmptdji80 - Parte 200,Unknown,heroes_y_aventuras,Elejandria
cuento_2266.txt,tmptdji80 - Parte 201,Unknown,heroes_y_aventuras,Elejandria
cuento_2267.txt,tmptdji80 - Parte 202,Unknown,heroes_y_aventuras,Elejandria
cuento_2268.txt,tmptdji80 - Parte 203,Unknown,heroes_y_aventuras,Elejandria
cuento_2269.txt,tmptdji80 - Parte 204,Unknown,heroes_y_aventuras,Elejandria
cuento_2270.txt,tmptdji80 - Parte 205,Unknown,heroes_y_aventuras,Elejandria
cuento_2271.txt,tmptdji80 - Parte 206,Unknown,heroes_y_aventuras,Elejandria
cuento_2272.txt,tmptdji80 - Parte 207,Unknown,heroes_y_aventuras,Elejandria
cuento_2273.txt,tmptdji80 - Parte 208,Unknown,heroes_y_aventuras,Elejandria
cuento_2274.txt,tmptdji80 - Parte 209,Unknown,heroes_y_aventuras,Elejandria
cuento_2275.txt,tmptdji80 - Parte 210,Unknown,heroes_y_aventuras,Elejandria
cuento_2276.txt,tmptdji80 - Parte 211,Unknown,heroes_y_aventuras,Elejandria
cuento_2277.txt,tmptdji80 - Parte 212,Unknown,heroes_y_aventuras,Elejandria
cuento_2278.txt,tmptdji80 - Parte 213,Unknown,heroes_y_aventuras,Elejandria
cuento_2279.txt,tmptdji80 - Parte 214,Unknown,heroes_y_aventuras,Elejandria
cuento_2280.txt,tmptdji80 - Parte 215,Unknown,heroes_y_aventuras,Elejandria
cuento_2281.txt,tmptdji80 - Parte 216,Unknown,heroes_y_aventuras,Elejandria
cuento_2282.txt,tmptdji80 - Parte 217,Unknown,heroes_y_aventuras,Elejandria
cuento_2283.txt,tmptdji80 - Parte 218,Unknown,heroes_y_aventuras,Elejandria
cuento_2284.txt,tmptdji80 - Parte 219,Unknown,heroes_y_aventuras,Elejandria
cuento_2285.txt,tmptdji80 - Parte 220,Unknown,heroes_y_aventuras,Elejandria
cuento_2286.txt,tmptdji80 - Parte 221,Unknown,heroes_y_aventuras,Elejandria
cuento_2287.txt,tmptdji80 - Parte 222,Unknown,heroes_y_aventuras,Elejandria
cuento_2288.txt,tmptdji80 - Parte 223,Unknown,heroes_y_aventuras,Elejandria
cuento_2289.txt,tmptdji80 - Parte 224,Unknown,heroes_y_aventuras,Elejandria
cuento_2290.txt,tmptdji80 - Parte 225,Unknown,heroes_y_aventuras,Elejandria
cuento_2291.txt,tmptdji80 - Parte 226,Unknown,heroes_y_aventuras,Elejandria
cuento_2292.txt,tmptdji80 - Parte 227,Unknown,heroes_y_aventuras,Elejandria
cuento_2293.txt,tmptdji80 - Parte 228,Unknown,heroes_y_aventuras,Elejandria
cuento_2294.txt,tmptdji80 - Parte 229,Unknown,heroes_y_aventuras,Elejandria
cuento_2295.txt,tmptdji80 - Parte 230,Unknown,heroes_y_aventuras,Elejandria
cuento_2296.txt,tmptdji80 - Parte 231,Unknown,heroes_y_aventuras,Elejandria
cuento_2297.txt,tmptdji80 - Parte 232,Unknown,heroes_y_aventuras,Elejandria
cuento_2298.txt,tmptdji80 - Parte 233,Unknown,heroes_y_aventuras,Elejandria
cuento_2299.txt,tmptdji80 - Parte 234,Unknown,heroes_y_aventuras,Elejandria
cuento_2300.txt,tmptdji80 - Parte 235,Unknown,heroes_y_aventuras,Elejandria
cuento_2301.txt,tmptdji80 - Parte 236,Unknown,heroes_y_aventuras,Elejandria
cuento_2302.txt,tmptdji80 - Parte 237,Unknown,heroes_y_aventuras,Elejandria
cuento_2303.txt,tmptdji80 - Parte 238,Unknown,heroes_y_aventuras,Elejandria
cuento_2304.txt,tmptdji80 - Parte 239,Unknown,heroes_y_aventuras,Elejandria
cuento_2305.txt,tmptdji80 - Parte 240,Unknown,heroes_y_aventuras,Elejandria
cuento_2306.txt,tmptdji80 - Parte 241,Unknown,heroes_y_aventuras,Elejandria
cuento_2307.txt,tmptdji80 - Parte 242,Unknown,heroes_y_aventuras,Elejandria
cuento_2308.txt,tmptdji80 - Parte 243,Unknown,heroes_y_aventuras,Elejandria
cuento_2309.txt,tmptdji80 - Parte 244,Unknown,heroes_y_aventuras,Elejandria
cuento_2310.txt,tmptdji80 - Parte 245,Unknown,heroes_y_aventuras,Elejandria
cuento_2311.txt,tmptdji80 - Parte 246,Unknown,heroes_y_aventuras,Elejandria
cuento_2312.txt,tmptdji80 - Parte 247,Unknown,heroes_y_aventuras,Elejandria
cuento_2313.txt,tmptdji80 - Parte 248,Unknown,heroes_y_aventuras,Elejandria
cuento_2314.txt,tmptdji80 - Parte 249,Unknown,heroes_y_aventuras,Elejandria
cuento_2315.txt,tmptdji80 - Parte 250,Unknown,heroes_y_aventuras,Elejandria
cuento_2316.txt,tmptdji80 - Parte 251,Unknown,heroes_y_aventuras,Elejandria
cuento_2317.txt,tmptdji80 - Parte 252,Unknown,heroes_y_aventuras,Elejandria
cuento_2318.txt,tmptdji80 - Parte 253,Unknown,heroes_y_aventuras,Elejandria
cuento_2319.txt,tmptdji80 - Parte 254,Unknown,heroes_y_aventuras,Elejandria
cuento_2320.txt,tmptdji80 - Parte 255,Unknown,heroes_y_aventuras,Elejandria
cuento_2321.txt,tmptdji80 - Parte 256,Unknown,heroes_y_aventuras,Elejandria
cuento_2322.txt,tmptdji80 - Parte 257,Unknown,heroes_y_aventuras,Elejandria
cuento_2323.txt,tmptdji80 - Parte 258,Unknown,heroes_y_aventuras,Elejandria
cuento_2324.txt,tmptdji80 - Parte 259,Unknown,heroes_y_aventuras,Elejandria
cuento_2325.txt,tmptdji80 - Parte 260,Unknown,heroes_y_aventuras,Elejandria
cuento_2326.txt,tmptdji80 - Parte 261,Unknown,heroes_y_aventuras,Elejandria
cuento_2327.txt,tmptdji80 - Parte 262,Unknown,heroes_y_aventuras,Elejandria
cuento_2328.txt,tmptdji80 - Parte 263,Unknown,heroes_y_aventuras,Elejandria
cuento_2329.txt,tmptdji80 - Parte 264,Unknown,heroes_y_aventuras,Elejandria
cuento_2330.txt,tmptdji80 - Parte 265,Unknown,heroes_y_aventuras,Elejandria
cuento_2331.txt,tmptdji80 - Parte 266,Unknown,heroes_y_aventuras,Elejandria
cuento_2332.txt,tmptdji80 - Parte 267,Unknown,heroes_y_aventuras,Elejandria
cuento_2333.txt,tmptdji80 - Parte 268,Unknown,heroes_y_aventuras,Elejandria
cuento_2334.txt,tmptdji80 - Parte 269,Unknown,heroes_y_aventuras,Elejandria
cuento_2335.txt,tmptdji80 - Parte 270,Unknown,heroes_y_aventuras,Elejandria
cuento_2336.txt,tmptdji80 - Parte 271,Unknown,heroes_y_aventuras,Elejandria
cuento_2337.txt,tmptdji80 - Parte 272,Unknown,heroes_y_aventuras,Elejandria
cuento_2338.txt,tmptdji80 - Parte 273,Unknown,heroes_y_aventuras,Elejandria
cuento_2339.txt,La fuga de Arsenio Lupin,La fuga de Arsenio Lupin,heroes_y_aventuras,Elejandria
cuento_2340.txt,La guardia blanca - Parte 1,Arthur Conan Doyle,heroes_y_aventuras,Elejandria
cuento_2341.txt,La guardia blanca - Parte 2,Arthur Conan Doyle,heroes_y_aventuras,Elejandria
cuento_2342.txt,La guardia blanca - Parte 3,Arthur Conan Doyle,heroes_y_aventuras,Elejandria
cuento_2343.txt,La guardia blanca - Parte 4,Arthur Conan Doyle,heroes_y_aventuras,Elejandria
cuento_2344.txt,La guardia blanca - Parte 5,Arthur Conan Doyle,heroes_y_aventuras,Elejandria
cuento_2345.txt,La guardia blanca - Parte 6,Arthur Conan Doyle,heroes_y_aventuras,Elejandria
cuento_2346.txt,La guardia blanca - Parte 7,Arthur Conan Doyle,heroes_y_aventuras,Elejandria
cuento_2347.txt,La guardia blanca - Parte 8,Arthur Conan Doyle,heroes_y_aventuras,Elejandria
cuento_2348.txt,La guardia blanca - Parte 9,Arthur Conan Doyle,heroes_y_aventuras,Elejandria
cuento_2349.txt,La guardia blanca - Parte 10,Arthur Conan Doyle,heroes_y_aventuras,Elejandria
cuento_2350.txt,La guardia blanca - Parte 11,Arthur Conan Doyle,heroes_y_aventuras,Elejandria
cuento_2351.txt,La guardia blanca - Parte 12,Arthur Conan Doyle,heroes_y_aventuras,Elejandria
cuento_2352.txt,La guardia blanca - Parte 13,Arthur Conan Doyle,heroes_y_aventuras,Elejandria
cuento_2353.txt,La guardia blanca - Parte 14,Arthur Conan Doyle,heroes_y_aventuras,Elejandria
cuento_2354.txt,La guardia blanca - Parte 15,Arthur Conan Doyle,heroes_y_aventuras,Elejandria
cuento_2355.txt,La guardia blanca - Parte 16,Arthur Conan Doyle,heroes_y_aventuras,Elejandria
cuento_2356.txt,La guardia blanca - Parte 17,Arthur Conan Doyle,heroes_y_aventuras,Elejandria
cuento_2357.txt,La guardia blanca - Parte 18,Arthur Conan Doyle,heroes_y_aventuras,Elejandria
cuento_2358.txt,La guardia blanca - Parte 19,Arthur Conan Doyle,heroes_y_aventuras,Elejandria
cuento_2359.txt,La guardia blanca - Parte 20,Arthur Conan Doyle,heroes_y_aventuras,Elejandria
cuento_2360.txt,La guardia blanca - Parte 21,Arthur Conan Doyle,heroes_y_aventuras,Elejandria
cuento_2361.txt,La guardia blanca - Parte 22,Arthur Conan Doyle,heroes_y_aventuras,Elejandria
cuento_2362.txt,La guardia blanca - Parte 23,Arthur Conan Doyle,heroes_y_aventuras,Elejandria
cuento_2363.txt,La guardia blanca - Parte 24,Arthur Conan Doyle,heroes_y_aventuras,Elejandria
cuento_2364.txt,La guardia blanca - Parte 25,Arthur Conan Doyle,heroes_y_aventuras,Elejandria
cuento_2365.txt,La guardia blanca - Parte 26,Arthur Conan Doyle,heroes_y_aventuras,Elejandria
cuento_2366.txt,La guardia blanca - Parte 27,Arthur Conan Doyle,heroes_y_aventuras,Elejandria
cuento_2367.txt,La guardia blanca - Parte 28,Arthur Conan Doyle,heroes_y_aventuras,Elejandria
cuento_2368.txt,La guardia blanca - Parte 29,Arthur Conan Doyle,heroes_y_aventuras,Elejandria
cuento_2369.txt,La guardia blanca - Parte 30,Arthur Conan Doyle,heroes_y_aventuras,Elejandria
cuento_2370.txt,La guardia blanca - Parte 31,Arthur Conan Doyle,heroes_y_aventuras,Elejandria
cuento_2371.txt,La guardia blanca - Parte 32,Arthur Conan Doyle,heroes_y_aventuras,Elejandria
cuento_2372.txt,La guardia blanca - Parte 33,Arthur Conan Doyle,heroes_y_aventuras,Elejandria
cuento_2373.txt,La guardia blanca - Parte 34,Arthur Conan Doyle,heroes_y_aventuras,Elejandria
cuento_2374.txt,La guardia blanca - Parte 35,Arthur Conan Doyle,heroes_y_aventuras,Elejandria
cuento_2375.txt,La guardia blanca - Parte 36,Arthur Conan Doyle,heroes_y_aventuras,Elejandria
cuento_2376.txt,La guardia blanca - Parte 37,Arthur Conan Doyle,heroes_y_aventuras,Elejandria
cuento_2377.txt,La guardia blanca - Parte 38,Arthur Conan Doyle,heroes_y_aventuras,Elejandria
cuento_2378.txt,La guardia blanca - Parte 39,Arthur Conan Doyle,heroes_y_aventuras,Elejandria
cuento_2379.txt,La Hechicera,Virgilio,heroes_y_aventuras,Elejandria
cuento_2380.txt,La historia de Keesh,Jack London,heroes_y_aventuras,Elejandria
cuento_2381.txt,La Ilíada - Parte 1,Homero,heroes_y_aventuras,Elejandria
cuento_2382.txt,La Ilíada - Parte 2,Homero,heroes_y_aventuras,Elejandria
cuento_2383.txt,La Ilíada - Parte 3,Homero,heroes_y_aventuras,Elejandria
cuento_2384.txt,La Ilíada - Parte 4,Homero,heroes_y_aventuras,Elejandria
cuento_2385.txt,La Ilíada - Parte 5,Homero,heroes_y_aventuras,Elejandria
cuento_2386.txt,La Ilíada - Parte 6,Homero,heroes_y_aventuras,Elejandria
cuento_2387.txt,La Ilíada - Parte 7,Homero,heroes_y_aventuras,Elejandria
cuento_2388.txt,La Ilíada - Parte 8,Homero,heroes_y_aventuras,Elejandria
cuento_2389.txt,La Ilíada - Parte 9,Homero,heroes_y_aventuras,Elejandria
cuento_2390.txt,La Ilíada - Parte 10,Homero,heroes_y_aventuras,Elejandria
cuento_2391.txt,La Ilíada - Parte 11,Homero,heroes_y_aventuras,Elejandria
cuento_2392.txt,La Ilíada - Parte 12,Homero,heroes_y_aventuras,Elejandria
cuento_2393.txt,La Ilíada - Parte 13,Homero,heroes_y_aventuras,Elejandria
cuento_2394.txt,La Ilíada - Parte 14,Homero,heroes_y_aventuras,Elejandria
cuento_2395.txt,La Ilíada - Parte 15,Homero,heroes_y_aventuras,Elejandria
cuento_2396.txt,La Ilíada - Parte 16,Homero,heroes_y_aventuras,Elejandria
cuento_2397.txt,La Ilíada - Parte 17,Homero,heroes_y_aventuras,Elejandria
cuento_2398.txt,La Ilíada - Parte 18,Homero,heroes_y_aventuras,Elejandria
cuento_2399.txt,La Ilíada - Parte 19,Homero,heroes_y_aventuras,Elejandria
cuento_2400.txt,La Ilíada - Parte 20,Homero,heroes_y_aventuras,Elejandria
cuento_2401.txt,La Ilíada - Parte 21,Homero,heroes_y_aventuras,Elejandria
cuento_2402.txt,La Ilíada - Parte 22,Homero,heroes_y_aventuras,Elejandria
cuento_2403.txt,La Ilíada - Parte 23,Homero,heroes_y_aventuras,Elejandria
cuento_2404.txt,La Ilíada - Parte 24,Homero,heroes_y_aventuras,Elejandria
cuento_2405.txt,La Ilíada - Parte 25,Homero,heroes_y_aventuras,Elejandria
cuento_2406.txt,La Ilíada - Parte 26,Homero,heroes_y_aventuras,Elejandria
cuento_2407.txt,La Ilíada - Parte 27,Homero,heroes_y_aventuras,Elejandria
cuento_2408.txt,La isla del tesoro - Parte 1,Robert Louis Stevenson,heroes_y_aventuras,Elejandria
cuento_2409.txt,La isla del tesoro - Parte 2,Robert Louis Stevenson,heroes_y_aventuras,Elejandria
cuento_2410.txt,La isla del tesoro - Parte 3,Robert Louis Stevenson,heroes_y_aventuras,Elejandria
cuento_2411.txt,La isla del tesoro - Parte 4,Robert Louis Stevenson,heroes_y_aventuras,Elejandria
cuento_2412.txt,La isla del tesoro - Parte 5,Robert Louis Stevenson,heroes_y_aventuras,Elejandria
cuento_2413.txt,La isla del tesoro - Parte 6,Robert Louis Stevenson,heroes_y_aventuras,Elejandria
cuento_2414.txt,La isla del tesoro - Parte 7,Robert Louis Stevenson,heroes_y_aventuras,Elejandria
cuento_2415.txt,La isla del tesoro - Parte 8,Robert Louis Stevenson,heroes_y_aventuras,Elejandria
cuento_2416.txt,La isla del tesoro - Parte 9,Robert Louis Stevenson,heroes_y_aventuras,Elejandria
cuento_2417.txt,La isla del tesoro - Parte 10,Robert Louis Stevenson,heroes_y_aventuras,Elejandria
cuento_2418.txt,La isla del tesoro - Parte 11,Robert Louis Stevenson,heroes_y_aventuras,Elejandria
cuento_2419.txt,La isla del tesoro - Parte 12,Robert Louis Stevenson,heroes_y_aventuras,Elejandria
cuento_2420.txt,La isla del tesoro - Parte 13,Robert Louis Stevenson,heroes_y_aventuras,Elejandria
cuento_2421.txt,La isla del tesoro - Parte 14,Robert Louis Stevenson,heroes_y_aventuras,Elejandria
cuento_2422.txt,La isla del tesoro - Parte 15,Robert Louis Stevenson,heroes_y_aventuras,Elejandria
cuento_2423.txt,La isla del tesoro - Parte 16,Robert Louis Stevenson,heroes_y_aventuras,Elejandria
cuento_2424.txt,La isla del tesoro - Parte 17,Robert Louis Stevenson,heroes_y_aventuras,Elejandria
cuento_2425.txt,La isla del tesoro - Parte 18,Robert Louis Stevenson,heroes_y_aventuras,Elejandria
cuento_2426.txt,La isla del tesoro - Parte 19,Robert Louis Stevenson,heroes_y_aventuras,Elejandria
cuento_2427.txt,La isla del tesoro - Parte 20,Robert Louis Stevenson,heroes_y_aventuras,Elejandria
cuento_2428.txt,La isla del tesoro - Parte 21,Robert Louis Stevenson,heroes_y_aventuras,Elejandria
cuento_2429.txt,La isla del tesoro - Parte 22,Robert Louis Stevenson,heroes_y_aventuras,Elejandria
cuento_2430.txt,La isla del tesoro - Parte 23,Robert Louis Stevenson,heroes_y_aventuras,Elejandria
cuento_2431.txt,La isla del tesoro - Parte 24,Robert Louis Stevenson,heroes_y_aventuras,Elejandria
cuento_2432.txt,La isla del tesoro - Parte 25,Robert Louis Stevenson,heroes_y_aventuras,Elejandria
cuento_2433.txt,La isla del tesoro - Parte 26,Robert Louis Stevenson,heroes_y_aventuras,Elejandria
cuento_2434.txt,La isla del tesoro - Parte 27,Robert Louis Stevenson,heroes_y_aventuras,Elejandria
cuento_2435.txt,La isla del tesoro - Parte 28,Robert Louis Stevenson,heroes_y_aventuras,Elejandria
cuento_2436.txt,La isla del tesoro - Parte 29,Robert Louis Stevenson,heroes_y_aventuras,Elejandria
cuento_2437.txt,La isla del tesoro - Parte 30,Robert Louis Stevenson,heroes_y_aventuras,Elejandria
cuento_2438.txt,La isla del tesoro - Parte 31,Robert Louis Stevenson,heroes_y_aventuras,Elejandria
cuento_2439.txt,La isla del tesoro - Parte 32,Robert Louis Stevenson,heroes_y_aventuras,Elejandria
cuento_2440.txt,La isla del tesoro - Parte 33,Robert Louis Stevenson,heroes_y_aventuras,Elejandria
cuento_2441.txt,La isla del tesoro - Parte 34,Robert Louis Stevenson,heroes_y_aventuras,Elejandria
cuento_2442.txt,La isla del tesoro - Parte 35,Robert Louis Stevenson,heroes_y_aventuras,Elejandria
cuento_2443.txt,La isla del tesoro - Parte 36,Robert Louis Stevenson,heroes_y_aventuras,Elejandria
cuento_2444.txt,La Leyenda del Astrólogo Árabe,Washington Irving,heroes_y_aventuras,Elejandria
cuento_2445.txt,La llamada de lo salvaje - Parte 1,Jack London,heroes_y_aventuras,Elejandria
cuento_2446.txt,La llamada de lo salvaje - Parte 2,Jack London,heroes_y_aventuras,Elejandria
cuento_2447.txt,La llamada de lo salvaje - Parte 3,Jack London,heroes_y_aventuras,Elejandria
cuento_2448.txt,La llamada de lo salvaje - Parte 4,Jack London,heroes_y_aventuras,Elejandria
cuento_2449.txt,La llamada de lo salvaje - Parte 5,Jack London,heroes_y_aventuras,Elejandria
cuento_2450.txt,La Llave Maestra - Parte 1,L. Frank Baum,heroes_y_aventuras,Elejandria
cuento_2451.txt,La Llave Maestra - Parte 2,L. Frank Baum,heroes_y_aventuras,Elejandria
cuento_2452.txt,La Llave Maestra - Parte 3,L. Frank Baum,heroes_y_aventuras,Elejandria
cuento_2453.txt,La Llave Maestra - Parte 4,L. Frank Baum,heroes_y_aventuras,Elejandria
cuento_2454.txt,La Llave Maestra - Parte 5,L. Frank Baum,heroes_y_aventuras,Elejandria
cuento_2455.txt,La Llave Maestra - Parte 6,L. Frank Baum,heroes_y_aventuras,Elejandria
cuento_2456.txt,La Llave Maestra - Parte 7,L. Frank Baum,heroes_y_aventuras,Elejandria
cuento_2457.txt,La Llave Maestra - Parte 8,L. Frank Baum,heroes_y_aventuras,Elejandria
cuento_2458.txt,La Llave Maestra - Parte 9,L. Frank Baum,heroes_y_aventuras,Elejandria
cuento_2459.txt,La Llave Maestra - Parte 10,L. Frank Baum,heroes_y_aventuras,Elejandria
cuento_2460.txt,La Llave Maestra - Parte 11,L. Frank Baum,heroes_y_aventuras,Elejandria
cuento_2461.txt,La Llave Maestra - Parte 12,L. Frank Baum,heroes_y_aventuras,Elejandria
cuento_2462.txt,La Llave Maestra - Parte 13,L. Frank Baum,heroes_y_aventuras,Elejandria
cuento_2463.txt,La Llave Maestra - Parte 14,L. Frank Baum,heroes_y_aventuras,Elejandria
cuento_2464.txt,La Llave Maestra - Parte 15,L. Frank Baum,heroes_y_aventuras,Elejandria
cuento_2465.txt,La Llave Maestra - Parte 16,L. Frank Baum,heroes_y_aventuras,Elejandria
cuento_2466.txt,La Llave Maestra - Parte 17,L. Frank Baum,heroes_y_aventuras,Elejandria
cuento_2467.txt,La Llave Maestra - Parte 18,L. Frank Baum,heroes_y_aventuras,Elejandria
cuento_2468.txt,La Llave Maestra - Parte 19,L. Frank Baum,heroes_y_aventuras,Elejandria
cuento_2469.txt,La Llave Maestra - Parte 20,L. Frank Baum,heroes_y_aventuras,Elejandria
cuento_2470.txt,La Mitología contada a los niños,Fernán Caballero,heroes_y_aventuras,Elejandria
cuento_2471.txt,La montaña de luz - Parte 1,Emilio Salgari,heroes_y_aventuras,Elejandria
cuento_2472.txt,La montaña de luz - Parte 2,Emilio Salgari,heroes_y_aventuras,Elejandria
cuento_2473.txt,La montaña de luz - Parte 3,Emilio Salgari,heroes_y_aventuras,Elejandria
cuento_2474.txt,La montaña de luz - Parte 4,Emilio Salgari,heroes_y_aventuras,Elejandria
cuento_2475.txt,La montaña de luz - Parte 5,Emilio Salgari,heroes_y_aventuras,Elejandria
cuento_2476.txt,La montaña de luz - Parte 6,Emilio Salgari,heroes_y_aventuras,Elejandria
cuento_2477.txt,La montaña de luz - Parte 7,Emilio Salgari,heroes_y_aventuras,Elejandria
cuento_2478.txt,La montaña de luz - Parte 8,Emilio Salgari,heroes_y_aventuras,Elejandria
cuento_2479.txt,La montaña de luz - Parte 9,Emilio Salgari,heroes_y_aventuras,Elejandria
cuento_2480.txt,La montaña de luz - Parte 10,Emilio Salgari,heroes_y_aventuras,Elejandria
cuento_2481.txt,La montaña de luz - Parte 11,Emilio Salgari,heroes_y_aventuras,Elejandria
cuento_2482.txt,La montaña de luz - Parte 12,Emilio Salgari,heroes_y_aventuras,Elejandria
cuento_2483.txt,La montaña de luz - Parte 13,Emilio Salgari,heroes_y_aventuras,Elejandria
cuento_2484.txt,La montaña de luz - Parte 14,Emilio Salgari,heroes_y_aventuras,Elejandria
cuento_2485.txt,La montaña de luz - Parte 15,Emilio Salgari,heroes_y_aventuras,Elejandria
cuento_2486.txt,La montaña de luz - Parte 16,Emilio Salgari,heroes_y_aventuras,Elejandria
cuento_2487.txt,La montaña de luz - Parte 17,Emilio Salgari,heroes_y_aventuras,Elejandria
cuento_2488.txt,La montaña de luz - Parte 18,Emilio Salgari,heroes_y_aventuras,Elejandria
cuento_2489.txt,La montaña de luz - Parte 19,Emilio Salgari,heroes_y_aventuras,Elejandria
cuento_2490.txt,La montaña de luz - Parte 20,Emilio Salgari,heroes_y_aventuras,Elejandria
cuento_2491.txt,La montaña de luz - Parte 21,Emilio Salgari,heroes_y_aventuras,Elejandria
cuento_2492.txt,La montaña de luz - Parte 22,Emilio Salgari,heroes_y_aventuras,Elejandria
cuento_2493.txt,La montaña de luz - Parte 23,Emilio Salgari,heroes_y_aventuras,Elejandria
cuento_2494.txt,La montaña de luz - Parte 24,Emilio Salgari,heroes_y_aventuras,Elejandria
cuento_2495.txt,La montaña de luz - Parte 25,Emilio Salgari,heroes_y_aventuras,Elejandria
cuento_2496.txt,La montaña de luz - Parte 26,Emilio Salgari,heroes_y_aventuras,Elejandria
cuento_2497.txt,La montaña de luz - Parte 27,Emilio Salgari,heroes_y_aventuras,Elejandria
cuento_2498.txt,La montaña de luz - Parte 28,Emilio Salgari,heroes_y_aventuras,Elejandria
cuento_2499.txt,La montaña de luz - Parte 29,Emilio Salgari,heroes_y_aventuras,Elejandria
cuento_2500.txt,La montaña de luz - Parte 30,Emilio Salgari,heroes_y_aventuras,Elejandria
cuento_2501.txt,La montaña de luz - Parte 31,Emilio Salgari,heroes_y_aventuras,Elejandria
cuento_2502.txt,La montaña de luz - Parte 32,Emilio Salgari,heroes_y_aventuras,Elejandria
cuento_2503.txt,La montaña de luz - Parte 33,Emilio Salgari,heroes_y_aventuras,Elejandria
cuento_2504.txt,La montaña de luz - Parte 34,Emilio Salgari,heroes_y_aventuras,Elejandria
cuento_2505.txt,La Odisea - Parte 1,Homero,heroes_y_aventuras,Elejandria
cuento_2506.txt,La Odisea - Parte 2,Homero,heroes_y_aventuras,Elejandria
cuento_2507.txt,La Odisea - Parte 3,Homero,heroes_y_aventuras,Elejandria
cuento_2508.txt,La Odisea - Parte 4,Homero,heroes_y_aventuras,Elejandria
cuento_2509.txt,La Odisea - Parte 5,Homero,heroes_y_aventuras,Elejandria
cuento_2510.txt,La Odisea - Parte 6,Homero,heroes_y_aventuras,Elejandria
cuento_2511.txt,La Odisea - Parte 7,Homero,heroes_y_aventuras,Elejandria
cuento_2512.txt,La Odisea - Parte 8,Homero,heroes_y_aventuras,Elejandria
cuento_2513.txt,La Odisea - Parte 9,Homero,heroes_y_aventuras,Elejandria
cuento_2514.txt,La Odisea - Parte 10,Homero,heroes_y_aventuras,Elejandria
cuento_2515.txt,La Odisea - Parte 11,Homero,heroes_y_aventuras,Elejandria
cuento_2516.txt,La Odisea - Parte 12,Homero,heroes_y_aventuras,Elejandria
cuento_2517.txt,La Odisea - Parte 13,Homero,heroes_y_aventuras,Elejandria
cuento_2518.txt,La Odisea - Parte 14,Homero,heroes_y_aventuras,Elejandria
cuento_2519.txt,La Odisea - Parte 15,Homero,heroes_y_aventuras,Elejandria
cuento_2520.txt,La Odisea - Parte 16,Homero,heroes_y_aventuras,Elejandria
cuento_2521.txt,La Odisea - Parte 17,Homero,heroes_y_aventuras,Elejandria
cuento_2522.txt,La Odisea - Parte 18,Homero,heroes_y_aventuras,Elejandria
cuento_2523.txt,La Odisea - Parte 19,Homero,heroes_y_aventuras,Elejandria
cuento_2524.txt,La Odisea - Parte 20,Homero,heroes_y_aventuras,Elejandria
cuento_2525.txt,La Odisea - Parte 21,Homero,heroes_y_aventuras,Elejandria
cuento_2526.txt,La Odisea - Parte 22,Homero,heroes_y_aventuras,Elejandria
cuento_2527.txt,La Odisea - Parte 23,Homero,heroes_y_aventuras,Elejandria
cuento_2528.txt,La Odisea - Parte 24,Homero,heroes_y_aventuras,Elejandria
cuento_2529.txt,La Odisea - Parte 25,Homero,heroes_y_aventuras,Elejandria
cuento_2530.txt,La Odisea - Parte 26,Homero,heroes_y_aventuras,Elejandria
cuento_2531.txt,La Odisea - Parte 27,Homero,heroes_y_aventuras,Elejandria
cuento_2532.txt,La Odisea - Parte 28,Homero,heroes_y_aventuras,Elejandria
cuento_2533.txt,La perla del río rojo - Parte 1,Emilio Salgari,heroes_y_aventuras,Elejandria
cuento_2534.txt,La perla del río rojo - Parte 2,Emilio Salgari,heroes_y_aventuras,Elejandria
cuento_2535.txt,La perla del río rojo - Parte 3,Emilio Salgari,heroes_y_aventuras,Elejandria
cuento_2536.txt,La perla del río rojo - Parte 4,Emilio Salgari,heroes_y_aventuras,Elejandria
cuento_2537.txt,La perla del río rojo - Parte 5,Emilio Salgari,heroes_y_aventuras,Elejandria
cuento_2538.txt,La perla del río rojo - Parte 6,Emilio Salgari,heroes_y_aventuras,Elejandria
cuento_2539.txt,La perla del río rojo - Parte 7,Emilio Salgari,heroes_y_aventuras,Elejandria
cuento_2540.txt,La perla del río rojo - Parte 8,Emilio Salgari,heroes_y_aventuras,Elejandria
cuento_2541.txt,La perla del río rojo - Parte 9,Emilio Salgari,heroes_y_aventuras,Elejandria
cuento_2542.txt,La perla negra,Maurice Leblanc,heroes_y_aventuras,Elejandria
cuento_2543.txt,La isla de Falesa - Parte 1,Robert Louis Stevenson,heroes_y_aventuras,Elejandria
cuento_2544.txt,La isla de Falesa - Parte 2,Robert Louis Stevenson,heroes_y_aventuras,Elejandria
cuento_2545.txt,La isla de Falesa - Parte 3,Robert Louis Stevenson,heroes_y_aventuras,Elejandria
cuento_2546.txt,La reina de la Costa Negra,Robert E. Howard,heroes_y_aventuras,Elejandria
cuento_2547.txt,La Reina de las Nieves,Hans Christian Andersen,heroes_y_aventuras,Elejandria
cuento_2548.txt,La Reina de los Caribes - Parte 1,Emilio Salgari,heroes_y_aventuras,Elejandria
cuento_2549.txt,La Reina de los Caribes - Parte 2,Emilio Salgari,heroes_y_aventuras,Elejandria
cuento_2550.txt,La Reina de los Caribes - Parte 3,Emilio Salgari,heroes_y_aventuras,Elejandria
cuento_2551.txt,La Reina de los Caribes - Parte 4,Emilio Salgari,heroes_y_aventuras,Elejandria
cuento_2552.txt,La Reina de los Caribes - Parte 5,Emilio Salgari,heroes_y_aventuras,Elejandria
cuento_2553.txt,La Reina de los Caribes - Parte 6,Emilio Salgari,heroes_y_aventuras,Elejandria
cuento_2554.txt,La Reina de los Caribes - Parte 7,Emilio Salgari,heroes_y_aventuras,Elejandria
cuento_2555.txt,La Reina de los Caribes - Parte 8,Emilio Salgari,heroes_y_aventuras,Elejandria
cuento_2556.txt,La Reina de los Caribes - Parte 9,Emilio Salgari,heroes_y_aventuras,Elejandria
cuento_2557.txt,La Reina de los Caribes - Parte 10,Emilio Salgari,heroes_y_aventuras,Elejandria
cuento_2558.txt,La Reina de los Caribes - Parte 11,Emilio Salgari,heroes_y_aventuras,Elejandria
cuento_2559.txt,La Reina de los Caribes - Parte 12,Emilio Salgari,heroes_y_aventuras,Elejandria
cuento_2560.txt,La Reina de los Caribes - Parte 13,Emilio Salgari,heroes_y_aventuras,Elejandria
cuento_2561.txt,La Reina de los Caribes - Parte 14,Emilio Salgari,heroes_y_aventuras,Elejandria
cuento_2562.txt,La Reina de los Caribes - Parte 15,Emilio Salgari,heroes_y_aventuras,Elejandria
cuento_2563.txt,La Reina de los Caribes - Parte 16,Emilio Salgari,heroes_y_aventuras,Elejandria
cuento_2564.txt,La resaca - Parte 1,Robert Louis Stevenson,heroes_y_aventuras,Elejandria
cuento_2565.txt,La resaca - Parte 2,Robert Louis Stevenson,heroes_y_aventuras,Elejandria
cuento_2566.txt,La resaca - Parte 3,Robert Louis Stevenson,heroes_y_aventuras,Elejandria
cuento_2567.txt,La resaca - Parte 4,Robert Louis Stevenson,heroes_y_aventuras,Elejandria
cuento_2568.txt,La resaca - Parte 5,Robert Louis Stevenson,heroes_y_aventuras,Elejandria
cuento_2569.txt,La resaca - Parte 6,Robert Louis Stevenson,heroes_y_aventuras,Elejandria
cuento_2570.txt,La resaca - Parte 7,Robert Louis Stevenson,heroes_y_aventuras,Elejandria
cuento_2571.txt,La resaca - Parte 8,Robert Louis Stevenson,heroes_y_aventuras,Elejandria
cuento_2572.txt,La resaca - Parte 9,Robert Louis Stevenson,heroes_y_aventuras,Elejandria
cuento_2573.txt,La resaca - Parte 10,Robert Louis Stevenson,heroes_y_aventuras,Elejandria
cuento_2574.txt,La resaca - Parte 11,Robert Louis Stevenson,heroes_y_aventuras,Elejandria
cuento_2575.txt,La resaca - Parte 12,Robert Louis Stevenson,heroes_y_aventuras,Elejandria
cuento_2576.txt,La sagaz princesa,Charles Perrault,heroes_y_aventuras,Elejandria
cuento_2577.txt,La Sirena Negra - Parte 1,Emilia Pardo Bazán,heroes_y_aventuras,Elejandria
cuento_2578.txt,La Sirena Negra - Parte 2,Emilia Pardo Bazán,heroes_y_aventuras,Elejandria
cuento_2579.txt,La Sirena Negra - Parte 3,Emilia Pardo Bazán,heroes_y_aventuras,Elejandria
cuento_2580.txt,La Sirena Negra - Parte 4,Emilia Pardo Bazán,heroes_y_aventuras,Elejandria
cuento_2581.txt,La Sirena Negra - Parte 5,Emilia Pardo Bazán,heroes_y_aventuras,Elejandria
cuento_2582.txt,La Sirena Negra - Parte 6,Emilia Pardo Bazán,heroes_y_aventuras,Elejandria
cuento_2583.txt,La Sirena Negra - Parte 7,Emilia Pardo Bazán,heroes_y_aventuras,Elejandria
cuento_2584.txt,La Sirena Negra - Parte 8,Emilia Pardo Bazán,heroes_y_aventuras,Elejandria
cuento_2585.txt,La Sirena Negra - Parte 9,Emilia Pardo Bazán,heroes_y_aventuras,Elejandria
cuento_2586.txt,La Sirena Negra - Parte 10,Emilia Pardo Bazán,heroes_y_aventuras,Elejandria
cuento_2587.txt,La Sirena Negra - Parte 11,Emilia Pardo Bazán,heroes_y_aventuras,Elejandria
cuento_2588.txt,La Sirena Negra - Parte 12,Emilia Pardo Bazán,heroes_y_aventuras,Elejandria
cuento_2589.txt,La Sirena Negra - Parte 13,Emilia Pardo Bazán,heroes_y_aventuras,Elejandria
cuento_2590.txt,La Sirena Negra - Parte 14,Emilia Pardo Bazán,heroes_y_aventuras,Elejandria
cuento_2591.txt,La Sirena Negra - Parte 15,Emilia Pardo Bazán,heroes_y_aventuras,Elejandria
cuento_2592.txt,La Sirena Negra - Parte 16,Emilia Pardo Bazán,heroes_y_aventuras,Elejandria
cuento_2593.txt,La Sirena Negra - Parte 17,Emilia Pardo Bazán,heroes_y_aventuras,Elejandria
cuento_2594.txt,La Sirena Negra - Parte 18,Emilia Pardo Bazán,heroes_y_aventuras,Elejandria
cuento_2595.txt,La Torre del Elefante,Robert E. Howard,heroes_y_aventuras,Elejandria
cuento_2596.txt,La tortiga gigante,Horacio Quiroga,heroes_y_aventuras,Elejandria
cuento_2597.txt,Vida y Aventuras de Santa Claus - Parte 1,L. Frank Baum,heroes_y_aventuras,Elejandria
cuento_2598.txt,Vida y Aventuras de Santa Claus - Parte 2,L. Frank Baum,heroes_y_aventuras,Elejandria
cuento_2599.txt,Vida y Aventuras de Santa Claus - Parte 3,L. Frank Baum,heroes_y_aventuras,Elejandria
cuento_2600.txt,Vida y Aventuras de Santa Claus - Parte 4,L. Frank Baum,heroes_y_aventuras,Elejandria
cuento_2601.txt,Vida y Aventuras de Santa Claus - Parte 5,L. Frank Baum,heroes_y_aventuras,Elejandria
cuento_2602.txt,Vida y Aventuras de Santa Claus - Parte 6,L. Frank Baum,heroes_y_aventuras,Elejandria
cuento_2603.txt,Vida y Aventuras de Santa Claus - Parte 7,L. Frank Baum,heroes_y_aventuras,Elejandria
cuento_2604.txt,Vida y Aventuras de Santa Claus - Parte 8,L. Frank Baum,heroes_y_aventuras,Elejandria
cuento_2605.txt,Vida y Aventuras de Santa Claus - Parte 9,L. Frank Baum,heroes_y_aventuras,Elejandria
cuento_2606.txt,Vida y Aventuras de Santa Claus - Parte 10,L. Frank Baum,heroes_y_aventuras,Elejandria
cuento_2607.txt,Vida y Aventuras de Santa Claus - Parte 11,L. Frank Baum,heroes_y_aventuras,Elejandria
cuento_2608.txt,Vida y Aventuras de Santa Claus - Parte 12,L. Frank Baum,heroes_y_aventuras,Elejandria
cuento_2609.txt,Vida y Aventuras de Santa Claus - Parte 13,L. Frank Baum,heroes_y_aventuras,Elejandria
cuento_2610.txt,Vida y Aventuras de Santa Claus - Parte 14,L. Frank Baum,heroes_y_aventuras,Elejandria
cuento_2611.txt,Vida y Aventuras de Santa Claus - Parte 15,L. Frank Baum,heroes_y_aventuras,Elejandria
cuento_2612.txt,Vida y Aventuras de Santa Claus - Parte 16,L. Frank Baum,heroes_y_aventuras,Elejandria
cuento_2613.txt,Vida y Aventuras de Santa Claus - Parte 17,L. Frank Baum,heroes_y_aventuras,Elejandria
cuento_2614.txt,Vida y Aventuras de Santa Claus - Parte 18,L. Frank Baum,heroes_y_aventuras,Elejandria
cuento_2615.txt,Vida y Aventuras de Santa Claus - Parte 19,L. Frank Baum,heroes_y_aventuras,Elejandria
cuento_2616.txt,Vida y Aventuras de Santa Claus - Parte 20,L. Frank Baum,heroes_y_aventuras,Elejandria
cuento_2617.txt,Vida y Aventuras de Santa Claus - Parte 21,L. Frank Baum,heroes_y_aventuras,Elejandria
cuento_2618.txt,La vuelta al mundo en ochenta días - Parte 1,Julio Verne,heroes_y_aventuras,Elejandria
cuento_2619.txt,La vuelta al mundo en ochenta días - Parte 2,Julio Verne,heroes_y_aventuras,Elejandria
cuento_2620.txt,La vuelta al mundo en ochenta días - Parte 3,Julio Verne,heroes_y_aventuras,Elejandria
cuento_2621.txt,La vuelta al mundo en ochenta días - Parte 4,Julio Verne,heroes_y_aventuras,Elejandria
cuento_2622.txt,La vuelta al mundo en ochenta días - Parte 5,Julio Verne,heroes_y_aventuras,Elejandria
cuento_2623.txt,La vuelta al mundo en ochenta días - Parte 6,Julio Verne,heroes_y_aventuras,Elejandria
cuento_2624.txt,La vuelta al mundo en ochenta días - Parte 7,Julio Verne,heroes_y_aventuras,Elejandria
cuento_2625.txt,La vuelta al mundo en ochenta días - Parte 8,Julio Verne,heroes_y_aventuras,Elejandria
cuento_2626.txt,La vuelta al mundo en ochenta días - Parte 9,Julio Verne,heroes_y_aventuras,Elejandria
cuento_2627.txt,La vuelta al mundo en ochenta días - Parte 10,Julio Verne,heroes_y_aventuras,Elejandria
cuento_2628.txt,La vuelta al mundo en ochenta días - Parte 11,Julio Verne,heroes_y_aventuras,Elejandria
cuento_2629.txt,La vuelta al mundo en ochenta días - Parte 12,Julio Verne,heroes_y_aventuras,Elejandria
cuento_2630.txt,La vuelta al mundo en ochenta días - Parte 13,Julio Verne,heroes_y_aventuras,Elejandria
cuento_2631.txt,La vuelta al mundo en ochenta días - Parte 14,Julio Verne,heroes_y_aventuras,Elejandria
cuento_2632.txt,La vuelta al mundo en ochenta días - Parte 15,Julio Verne,heroes_y_aventuras,Elejandria
cuento_2633.txt,La vuelta al mundo en ochenta días - Parte 16,Julio Verne,heroes_y_aventuras,Elejandria
cuento_2634.txt,La vuelta al mundo en ochenta días - Parte 17,Julio Verne,heroes_y_aventuras,Elejandria
cuento_2635.txt,La vuelta al mundo en ochenta días - Parte 18,Julio Verne,heroes_y_aventuras,Elejandria
cuento_2636.txt,La vuelta al mundo en ochenta días - Parte 19,Julio Verne,heroes_y_aventuras,Elejandria
cuento_2637.txt,La vuelta al mundo en ochenta días - Parte 20,Julio Verne,heroes_y_aventuras,Elejandria
cuento_2638.txt,La vuelta al mundo en ochenta días - Parte 21,Julio Verne,heroes_y_aventuras,Elejandria
cuento_2639.txt,La vuelta al mundo en ochenta días - Parte 22,Julio Verne,heroes_y_aventuras,Elejandria
cuento_2640.txt,La vuelta al mundo en ochenta días - Parte 23,Julio Verne,heroes_y_aventuras,Elejandria
cuento_2641.txt,La vuelta al mundo en ochenta días - Parte 24,Julio Verne,heroes_y_aventuras,Elejandria
cuento_2642.txt,La vuelta al mundo en ochenta días - Parte 25,Julio Verne,heroes_y_aventuras,Elejandria
cuento_2643.txt,La vuelta al mundo en ochenta días - Parte 26,Julio Verne,heroes_y_aventuras,Elejandria
cuento_2644.txt,La vuelta al mundo en ochenta días - Parte 27,Julio Verne,heroes_y_aventuras,Elejandria
cuento_2645.txt,La vuelta al mundo en ochenta días - Parte 28,Julio Verne,heroes_y_aventuras,Elejandria
cuento_2646.txt,La vuelta al mundo en ochenta días - Parte 29,Julio Verne,heroes_y_aventuras,Elejandria
cuento_2647.txt,La vuelta al mundo en ochenta días - Parte 30,Julio Verne,heroes_y_aventuras,Elejandria
cuento_2648.txt,La vuelta al mundo en ochenta días - Parte 31,Julio Verne,heroes_y_aventuras,Elejandria
cuento_2649.txt,La vuelta al mundo en ochenta días - Parte 32,Julio Verne,heroes_y_aventuras,Elejandria
cuento_2650.txt,La vuelta al mundo en ochenta días - Parte 33,Julio Verne,heroes_y_aventuras,Elejandria
cuento_2651.txt,La vuelta al mundo en ochenta días - Parte 34,Julio Verne,heroes_y_aventuras,Elejandria
cuento_2652.txt,La vuelta al mundo en ochenta días - Parte 35,Julio Verne,heroes_y_aventuras,Elejandria
cuento_2653.txt,La vuelta al mundo en ochenta días - Parte 36,Julio Verne,heroes_y_aventuras,Elejandria
cuento_2654.txt,La vuelta al mundo en ochenta días - Parte 37,Julio Verne,heroes_y_aventuras,Elejandria
cuento_2655.txt,La vuelta al mundo en ochenta días - Parte 38,Julio Verne,heroes_y_aventuras,Elejandria
cuento_2656.txt,La vuelta al mundo en ochenta días - Parte 39,Julio Verne,heroes_y_aventuras,Elejandria
cuento_2657.txt,Las Aventuras de Alicia en el País de las Maravillas - Parte 1,Lewis Carroll,heroes_y_aventuras,Elejandria
cuento_2658.txt,Las Aventuras de Alicia en el País de las Maravillas - Parte 2,Lewis Carroll,heroes_y_aventuras,Elejandria
cuento_2659.txt,Las Aventuras de Alicia en el País de las Maravillas - Parte 3,Lewis Carroll,heroes_y_aventuras,Elejandria
cuento_2660.txt,Las Aventuras de Alicia en el País de las Maravillas - Parte 4,Lewis Carroll,heroes_y_aventuras,Elejandria
cuento_2661.txt,Las Aventuras de Alicia en el País de las Maravillas - Parte 5,Lewis Carroll,heroes_y_aventuras,Elejandria
cuento_2662.txt,Las Aventuras de Alicia en el País de las Maravillas - Parte 6,Lewis Carroll,heroes_y_aventuras,Elejandria
cuento_2663.txt,Las Aventuras de Alicia en el País de las Maravillas - Parte 7,Lewis Carroll,heroes_y_aventuras,Elejandria
cuento_2664.txt,Las Aventuras de Alicia en el País de las Maravillas - Parte 8,Lewis Carroll,heroes_y_aventuras,Elejandria
cuento_2665.txt,Las Aventuras de Alicia en el País de las Maravillas - Parte 9,Lewis Carroll,heroes_y_aventuras,Elejandria
cuento_2666.txt,Las Aventuras de Alicia en el País de las Maravillas - Parte 10,Lewis Carroll,heroes_y_aventuras,Elejandria
cuento_2667.txt,Las Aventuras de Alicia en el País de las Maravillas - Parte 11,Lewis Carroll,heroes_y_aventuras,Elejandria
cuento_2668.txt,Las Aventuras de Alicia en el País de las Maravillas - Parte 12,Lewis Carroll,heroes_y_aventuras,Elejandria
cuento_2669.txt,Aventuras de Arthur Gordon Pym - Parte 1,Edgar Allan Poe,heroes_y_aventuras,Elejandria
cuento_2670.txt,Aventuras de Arthur Gordon Pym - Parte 2,Edgar Allan Poe,heroes_y_aventuras,Elejandria
cuento_2671.txt,Aventuras de Arthur Gordon Pym - Parte 3,Edgar Allan Poe,heroes_y_aventuras,Elejandria
cuento_2672.txt,Aventuras de Arthur Gordon Pym - Parte 4,Edgar Allan Poe,heroes_y_aventuras,Elejandria
cuento_2673.txt,Aventuras de Arthur Gordon Pym - Parte 5,Edgar Allan Poe,heroes_y_aventuras,Elejandria
cuento_2674.txt,Aventuras de Arthur Gordon Pym - Parte 6,Edgar Allan Poe,heroes_y_aventuras,Elejandria
cuento_2675.txt,Aventuras de Arthur Gordon Pym - Parte 7,Edgar Allan Poe,heroes_y_aventuras,Elejandria
cuento_2676.txt,Aventuras de Arthur Gordon Pym - Parte 8,Edgar Allan Poe,heroes_y_aventuras,Elejandria
cuento_2677.txt,Aventuras de Arthur Gordon Pym - Parte 9,Edgar Allan Poe,heroes_y_aventuras,Elejandria
cuento_2678.txt,Aventuras de Arthur Gordon Pym - Parte 10,Edgar Allan Poe,heroes_y_aventuras,Elejandria
cuento_2679.txt,Aventuras de Arthur Gordon Pym - Parte 11,Edgar Allan Poe,heroes_y_aventuras,Elejandria
cuento_2680.txt,Aventuras de Arthur Gordon Pym - Parte 12,Edgar Allan Poe,heroes_y_aventuras,Elejandria
cuento_2681.txt,Aventuras de Arthur Gordon Pym - Parte 13,Edgar Allan Poe,heroes_y_aventuras,Elejandria
cuento_2682.txt,Aventuras de Arthur Gordon Pym - Parte 14,Edgar Allan Poe,heroes_y_aventuras,Elejandria
cuento_2683.txt,Aventuras de Arthur Gordon Pym - Parte 15,Edgar Allan Poe,heroes_y_aventuras,Elejandria
cuento_2684.txt,Aventuras de Arthur Gordon Pym - Parte 16,Edgar Allan Poe,heroes_y_aventuras,Elejandria
cuento_2685.txt,Aventuras de Arthur Gordon Pym - Parte 17,Edgar Allan Poe,heroes_y_aventuras,Elejandria
cuento_2686.txt,Aventuras de Arthur Gordon Pym - Parte 18,Edgar Allan Poe,heroes_y_aventuras,Elejandria
cuento_2687.txt,Aventuras de Arthur Gordon Pym - Parte 19,Edgar Allan Poe,heroes_y_aventuras,Elejandria
cuento_2688.txt,Aventuras de Arthur Gordon Pym - Parte 20,Edgar Allan Poe,heroes_y_aventuras,Elejandria
cuento_2689.txt,Aventuras de Arthur Gordon Pym - Parte 21,Edgar Allan Poe,heroes_y_aventuras,Elejandria
cuento_2690.txt,Aventuras de Arthur Gordon Pym - Parte 22,Edgar Allan Poe,heroes_y_aventuras,Elejandria
cuento_2691.txt,Aventuras de Arthur Gordon Pym - Parte 23,Edgar Allan Poe,heroes_y_aventuras,Elejandria
cuento_2692.txt,Aventuras de Arthur Gordon Pym - Parte 24,Edgar Allan Poe,heroes_y_aventuras,Elejandria
cuento_2693.txt,Aventuras de Arthur Gordon Pym - Parte 25,Edgar Allan Poe,heroes_y_aventuras,Elejandria
cuento_2694.txt,Las aventuras de Huckleberry Finn - Parte 1,Mark Twain,heroes_y_aventuras,Elejandria
cuento_2695.txt,Las aventuras de Huckleberry Finn - Parte 2,Mark Twain,heroes_y_aventuras,Elejandria
cuento_2696.txt,Las aventuras de Huckleberry Finn - Parte 3,Mark Twain,heroes_y_aventuras,Elejandria
cuento_2697.txt,Las aventuras de Huckleberry Finn - Parte 4,Mark Twain,heroes_y_aventuras,Elejandria
cuento_2698.txt,Las aventuras de Huckleberry Finn - Parte 5,Mark Twain,heroes_y_aventuras,Elejandria
cuento_2699.txt,Las aventuras de Huckleberry Finn - Parte 6,Mark Twain,heroes_y_aventuras,Elejandria
cuento_2700.txt,Las aventuras de Huckleberry Finn - Parte 7,Mark Twain,heroes_y_aventuras,Elejandria
cuento_2701.txt,Las aventuras de Huckleberry Finn - Parte 8,Mark Twain,heroes_y_aventuras,Elejandria
cuento_2702.txt,Las aventuras de Huckleberry Finn - Parte 9,Mark Twain,heroes_y_aventuras,Elejandria
cuento_2703.txt,Las aventuras de Huckleberry Finn - Parte 10,Mark Twain,heroes_y_aventuras,Elejandria
cuento_2704.txt,Las aventuras de Huckleberry Finn - Parte 11,Mark Twain,heroes_y_aventuras,Elejandria
cuento_2705.txt,Las aventuras de Huckleberry Finn - Parte 12,Mark Twain,heroes_y_aventuras,Elejandria
cuento_2706.txt,Las aventuras de Huckleberry Finn - Parte 13,Mark Twain,heroes_y_aventuras,Elejandria
cuento_2707.txt,Las aventuras de Huckleberry Finn - Parte 14,Mark Twain,heroes_y_aventuras,Elejandria
cuento_2708.txt,Las aventuras de Huckleberry Finn - Parte 15,Mark Twain,heroes_y_aventuras,Elejandria
cuento_2709.txt,Las aventuras de Huckleberry Finn - Parte 16,Mark Twain,heroes_y_aventuras,Elejandria
cuento_2710.txt,Las aventuras de Huckleberry Finn - Parte 17,Mark Twain,heroes_y_aventuras,Elejandria
cuento_2711.txt,Las aventuras de Huckleberry Finn - Parte 18,Mark Twain,heroes_y_aventuras,Elejandria
cuento_2712.txt,Las aventuras de Huckleberry Finn - Parte 19,Mark Twain,heroes_y_aventuras,Elejandria
cuento_2713.txt,Las aventuras de Huckleberry Finn - Parte 20,Mark Twain,heroes_y_aventuras,Elejandria
cuento_2714.txt,Las aventuras de Huckleberry Finn - Parte 21,Mark Twain,heroes_y_aventuras,Elejandria
cuento_2715.txt,Las aventuras de Huckleberry Finn - Parte 22,Mark Twain,heroes_y_aventuras,Elejandria
cuento_2716.txt,Las aventuras de Huckleberry Finn - Parte 23,Mark Twain,heroes_y_aventuras,Elejandria
cuento_2717.txt,Las aventuras de Huckleberry Finn - Parte 24,Mark Twain,heroes_y_aventuras,Elejandria
cuento_2718.txt,Las aventuras de Huckleberry Finn - Parte 25,Mark Twain,heroes_y_aventuras,Elejandria
cuento_2719.txt,Las aventuras de Huckleberry Finn - Parte 26,Mark Twain,heroes_y_aventuras,Elejandria
cuento_2720.txt,Las aventuras de Huckleberry Finn - Parte 27,Mark Twain,heroes_y_aventuras,Elejandria
cuento_2721.txt,Las aventuras de Huckleberry Finn - Parte 28,Mark Twain,heroes_y_aventuras,Elejandria
cuento_2722.txt,Las aventuras de Huckleberry Finn - Parte 29,Mark Twain,heroes_y_aventuras,Elejandria
cuento_2723.txt,Las aventuras de Huckleberry Finn - Parte 30,Mark Twain,heroes_y_aventuras,Elejandria
cuento_2724.txt,Las aventuras de Huckleberry Finn - Parte 31,Mark Twain,heroes_y_aventuras,Elejandria
cuento_2725.txt,Las aventuras de Huckleberry Finn - Parte 32,Mark Twain,heroes_y_aventuras,Elejandria
cuento_2726.txt,Las aventuras de Huckleberry Finn - Parte 33,Mark Twain,heroes_y_aventuras,Elejandria
cuento_2727.txt,Las aventuras de Huckleberry Finn - Parte 34,Mark Twain,heroes_y_aventuras,Elejandria
cuento_2728.txt,Las aventuras de Huckleberry Finn - Parte 35,Mark Twain,heroes_y_aventuras,Elejandria
cuento_2729.txt,Las aventuras de Huckleberry Finn - Parte 36,Mark Twain,heroes_y_aventuras,Elejandria
cuento_2730.txt,Las aventuras de Huckleberry Finn - Parte 37,Mark Twain,heroes_y_aventuras,Elejandria
cuento_2731.txt,Las aventuras de Huckleberry Finn - Parte 38,Mark Twain,heroes_y_aventuras,Elejandria
cuento_2732.txt,Las aventuras de Huckleberry Finn - Parte 39,Mark Twain,heroes_y_aventuras,Elejandria
cuento_2733.txt,Las aventuras de Huckleberry Finn - Parte 40,Mark Twain,heroes_y_aventuras,Elejandria
cuento_2734.txt,Las aventuras de Huckleberry Finn - Parte 41,Mark Twain,heroes_y_aventuras,Elejandria
cuento_2735.txt,Las aventuras de Huckleberry Finn - Parte 42,Mark Twain,heroes_y_aventuras,Elejandria
cuento_2736.txt,Las Aventuras de Pinocho - Parte 1,C. Collodi,heroes_y_aventuras,Elejandria
cuento_2737.txt,Las Aventuras de Pinocho - Parte 2,C. Collodi,heroes_y_aventuras,Elejandria
cuento_2738.txt,Las Aventuras de Pinocho - Parte 3,C. Collodi,heroes_y_aventuras,Elejandria
cuento_2739.txt,Las Aventuras de Pinocho - Parte 4,C. Collodi,heroes_y_aventuras,Elejandria
cuento_2740.txt,Las Aventuras de Pinocho - Parte 5,C. Collodi,heroes_y_aventuras,Elejandria
cuento_2741.txt,Las Aventuras de Pinocho - Parte 6,C. Collodi,heroes_y_aventuras,Elejandria
cuento_2742.txt,Las Aventuras de Pinocho - Parte 7,C. Collodi,heroes_y_aventuras,Elejandria
cuento_2743.txt,Las Aventuras de Pinocho - Parte 8,C. Collodi,heroes_y_aventuras,Elejandria
cuento_2744.txt,Las Aventuras de Pinocho - Parte 9,C. Collodi,heroes_y_aventuras,Elejandria
cuento_2745.txt,Las Aventuras de Pinocho - Parte 10,C. Collodi,heroes_y_aventuras,Elejandria
cuento_2746.txt,Las Aventuras de Pinocho - Parte 11,C. Collodi,heroes_y_aventuras,Elejandria
cuento_2747.txt,Las Aventuras de Pinocho - Parte 12,C. Collodi,heroes_y_aventuras,Elejandria
cuento_2748.txt,Las Aventuras de Pinocho - Parte 13,C. Collodi,heroes_y_aventuras,Elejandria
cuento_2749.txt,Las Aventuras de Pinocho - Parte 14,C. Collodi,heroes_y_aventuras,Elejandria
cuento_2750.txt,Las Aventuras de Pinocho - Parte 15,C. Collodi,heroes_y_aventuras,Elejandria
cuento_2751.txt,Las Aventuras de Pinocho - Parte 16,C. Collodi,heroes_y_aventuras,Elejandria
cuento_2752.txt,Las Aventuras de Pinocho - Parte 17,C. Collodi,heroes_y_aventuras,Elejandria
cuento_2753.txt,Las Aventuras de Pinocho - Parte 18,C. Collodi,heroes_y_aventuras,Elejandria
cuento_2754.txt,Las Aventuras de Pinocho - Parte 19,C. Collodi,heroes_y_aventuras,Elejandria
cuento_2755.txt,Las Aventuras de Pinocho - Parte 20,C. Collodi,heroes_y_aventuras,Elejandria
cuento_2756.txt,Las Aventuras de Pinocho - Parte 21,C. Collodi,heroes_y_aventuras,Elejandria
cuento_2757.txt,Las Aventuras de Pinocho - Parte 22,C. Collodi,heroes_y_aventuras,Elejandria
cuento_2758.txt,Las Aventuras de Pinocho - Parte 23,C. Collodi,heroes_y_aventuras,Elejandria
cuento_2759.txt,Las Aventuras de Pinocho - Parte 24,C. Collodi,heroes_y_aventuras,Elejandria
cuento_2760.txt,Las Aventuras de Pinocho - Parte 25,C. Collodi,heroes_y_aventuras,Elejandria
cuento_2761.txt,Las Aventuras de Pinocho - Parte 26,C. Collodi,heroes_y_aventuras,Elejandria
cuento_2762.txt,Las Aventuras de Pinocho - Parte 27,C. Collodi,heroes_y_aventuras,Elejandria
cuento_2763.txt,Las Aventuras de Pinocho - Parte 28,C. Collodi,heroes_y_aventuras,Elejandria
cuento_2764.txt,Las Aventuras de Pinocho - Parte 29,C. Collodi,heroes_y_aventuras,Elejandria
cuento_2765.txt,Las Aventuras de Pinocho - Parte 30,C. Collodi,heroes_y_aventuras,Elejandria
cuento_2766.txt,Las Aventuras de Pinocho - Parte 31,C. Collodi,heroes_y_aventuras,Elejandria
cuento_2767.txt,Las Aventuras de Pinocho - Parte 32,C. Collodi,heroes_y_aventuras,Elejandria
cuento_2768.txt,Las Aventuras de Pinocho - Parte 33,C. Collodi,heroes_y_aventuras,Elejandria
cuento_2769.txt,Las Aventuras de Pinocho - Parte 34,C. Collodi,heroes_y_aventuras,Elejandria
cuento_2770.txt,Las Aventuras de Pinocho - Parte 35,C. Collodi,heroes_y_aventuras,Elejandria
cuento_2771.txt,Las Aventuras de Pinocho - Parte 36,C. Collodi,heroes_y_aventuras,Elejandria
cuento_2772.txt,Las Aventuras de Pinocho - Parte 37,C. Collodi,heroes_y_aventuras,Elejandria
cuento_2773.txt,Las Aventuras de Pinocho - Parte 38,C. Collodi,heroes_y_aventuras,Elejandria
cuento_2774.txt,Las aventuras de Sherlock Holmes - Parte 1,Arthur Conan Doyle,heroes_y_aventuras,Elejandria
cuento_2775.txt,Las aventuras de Sherlock Holmes - Parte 2,Arthur Conan Doyle,heroes_y_aventuras,Elejandria
cuento_2776.txt,Las aventuras de Sherlock Holmes - Parte 3,Arthur Conan Doyle,heroes_y_aventuras,Elejandria
cuento_2777.txt,Las aventuras de Sherlock Holmes - Parte 4,Arthur Conan Doyle,heroes_y_aventuras,Elejandria
cuento_2778.txt,Las aventuras de Sherlock Holmes - Parte 5,Arthur Conan Doyle,heroes_y_aventuras,Elejandria
cuento_2779.txt,Las aventuras de Sherlock Holmes - Parte 6,Arthur Conan Doyle,heroes_y_aventuras,Elejandria
cuento_2780.txt,Las aventuras de Sherlock Holmes - Parte 7,Arthur Conan Doyle,heroes_y_aventuras,Elejandria
cuento_2781.txt,Las aventuras de Sherlock Holmes - Parte 8,Arthur Conan Doyle,heroes_y_aventuras,Elejandria
cuento_2782.txt,Las aventuras de un cadaver - Parte 1,Robert Louis Stevenson,heroes_y_aventuras,Elejandria
cuento_2783.txt,Las aventuras de un cadaver - Parte 2,Robert Louis Stevenson,heroes_y_aventuras,Elejandria
cuento_2784.txt,Las aventuras de un cadaver - Parte 3,Robert Louis Stevenson,heroes_y_aventuras,Elejandria
cuento_2785.txt,Las aventuras de un cadaver - Parte 4,Robert Louis Stevenson,heroes_y_aventuras,Elejandria
cuento_2786.txt,Las aventuras de un cadaver - Parte 5,Robert Louis Stevenson,heroes_y_aventuras,Elejandria
cuento_2787.txt,Las aventuras de un cadaver - Parte 6,Robert Louis Stevenson,heroes_y_aventuras,Elejandria
cuento_2788.txt,Las aventuras de un cadaver - Parte 7,Robert Louis Stevenson,heroes_y_aventuras,Elejandria
cuento_2789.txt,Las aventuras de un cadaver - Parte 8,Robert Louis Stevenson,heroes_y_aventuras,Elejandria
cuento_2790.txt,Las aventuras de un cadaver - Parte 9,Robert Louis Stevenson,heroes_y_aventuras,Elejandria
cuento_2791.txt,Las aventuras de un cadaver - Parte 10,Robert Louis Stevenson,heroes_y_aventuras,Elejandria
cuento_2792.txt,Las aventuras de un cadaver - Parte 11,Robert Louis Stevenson,heroes_y_aventuras,Elejandria
cuento_2793.txt,Las aventuras de un cadaver - Parte 12,Robert Louis Stevenson,heroes_y_aventuras,Elejandria
cuento_2794.txt,Las aventuras de un cadaver - Parte 13,Robert Louis Stevenson,heroes_y_aventuras,Elejandria
cuento_2795.txt,Las aventuras de un cadaver - Parte 14,Robert Louis Stevenson,heroes_y_aventuras,Elejandria
cuento_2796.txt,Las aventuras de un cadaver - Parte 15,Robert Louis Stevenson,heroes_y_aventuras,Elejandria
cuento_2797.txt,Las aventuras de un cadaver - Parte 16,Robert Louis Stevenson,heroes_y_aventuras,Elejandria
cuento_2798.txt,Las habichuelas magicas,Hans Christian Andersen,heroes_y_aventuras,Elejandria
cuento_2799.txt,tmpam9rq4 - Parte 1,Unknown,heroes_y_aventuras,Elejandria
cuento_2800.txt,tmpam9rq4 - Parte 2,Unknown,heroes_y_aventuras,Elejandria
cuento_2801.txt,tmpam9rq4 - Parte 3,Unknown,heroes_y_aventuras,Elejandria
cuento_2802.txt,tmpam9rq4 - Parte 4,Unknown,heroes_y_aventuras,Elejandria
cuento_2803.txt,tmpam9rq4 - Parte 5,Unknown,heroes_y_aventuras,Elejandria
cuento_2804.txt,tmpam9rq4 - Parte 6,Unknown,heroes_y_aventuras,Elejandria
cuento_2805.txt,tmpam9rq4 - Parte 7,Unknown,heroes_y_aventuras,Elejandria
cuento_2806.txt,tmpam9rq4 - Parte 8,Unknown,heroes_y_aventuras,Elejandria
cuento_2807.txt,tmpam9rq4 - Parte 9,Unknown,heroes_y_aventuras,Elejandria
cuento_2808.txt,tmpam9rq4 - Parte 10,Unknown,heroes_y_aventuras,Elejandria
cuento_2809.txt,tmpam9rq4 - Parte 11,Unknown,heroes_y_aventuras,Elejandria
cuento_2810.txt,tmpam9rq4 - Parte 12,Unknown,heroes_y_aventuras,Elejandria
cuento_2811.txt,tmpam9rq4 - Parte 13,Unknown,heroes_y_aventuras,Elejandria
cuento_2812.txt,tmpam9rq4 - Parte 14,Unknown,heroes_y_aventuras,Elejandria
cuento_2813.txt,tmpam9rq4 - Parte 15,Unknown,heroes_y_aventuras,Elejandria
cuento_2814.txt,tmpam9rq4 - Parte 16,Unknown,heroes_y_aventuras,Elejandria
cuento_2815.txt,tmpam9rq4 - Parte 17,Unknown,heroes_y_aventuras,Elejandria
cuento_2816.txt,tmpam9rq4 - Parte 18,Unknown,heroes_y_aventuras,Elejandria
cuento_2817.txt,tmpam9rq4 - Parte 19,Unknown,heroes_y_aventuras,Elejandria
cuento_2818.txt,tmpam9rq4 - Parte 20,Unknown,heroes_y_aventuras,Elejandria
cuento_2819.txt,tmpam9rq4 - Parte 21,Unknown,heroes_y_aventuras,Elejandria
cuento_2820.txt,tmpam9rq4 - Parte 22,Unknown,heroes_y_aventuras,Elejandria
cuento_2821.txt,tmpam9rq4 - Parte 23,Unknown,heroes_y_aventuras,Elejandria
cuento_2822.txt,tmpam9rq4 - Parte 24,Unknown,heroes_y_aventuras,Elejandria
cuento_2823.txt,tmpam9rq4 - Parte 25,Unknown,heroes_y_aventuras,Elejandria
cuento_2824.txt,tmpam9rq4 - Parte 26,Unknown,heroes_y_aventuras,Elejandria
cuento_2825.txt,tmpam9rq4 - Parte 27,Unknown,heroes_y_aventuras,Elejandria
cuento_2826.txt,tmpam9rq4 - Parte 28,Unknown,heroes_y_aventuras,Elejandria
cuento_2827.txt,tmpam9rq4 - Parte 29,Unknown,heroes_y_aventuras,Elejandria
cuento_2828.txt,tmpam9rq4 - Parte 30,Unknown,heroes_y_aventuras,Elejandria
cuento_2829.txt,tmpam9rq4 - Parte 31,Unknown,heroes_y_aventuras,Elejandria
cuento_2830.txt,tmpam9rq4 - Parte 32,Unknown,heroes_y_aventuras,Elejandria
cuento_2831.txt,tmpam9rq4 - Parte 33,Unknown,heroes_y_aventuras,Elejandria
cuento_2832.txt,tmpam9rq4 - Parte 34,Unknown,heroes_y_aventuras,Elejandria
cuento_2833.txt,tmpam9rq4 - Parte 35,Unknown,heroes_y_aventuras,Elejandria
cuento_2834.txt,tmpam9rq4 - Parte 36,Unknown,heroes_y_aventuras,Elejandria
cuento_2835.txt,tmpam9rq4 - Parte 37,Unknown,heroes_y_aventuras,Elejandria
cuento_2836.txt,tmpam9rq4 - Parte 38,Unknown,heroes_y_aventuras,Elejandria
cuento_2837.txt,tmpam9rq4 - Parte 39,Unknown,heroes_y_aventuras,Elejandria
cuento_2838.txt,tmpam9rq4 - Parte 40,Unknown,heroes_y_aventuras,Elejandria
cuento_2839.txt,tmpam9rq4 - Parte 41,Unknown,heroes_y_aventuras,Elejandria
cuento_2840.txt,tmpam9rq4 - Parte 42,Unknown,heroes_y_aventuras,Elejandria
cuento_2841.txt,tmpam9rq4 - Parte 43,Unknown,heroes_y_aventuras,Elejandria
cuento_2842.txt,tmpam9rq4 - Parte 44,Unknown,heroes_y_aventuras,Elejandria
cuento_2843.txt,tmpam9rq4 - Parte 45,Unknown,heroes_y_aventuras,Elejandria
cuento_2844.txt,tmpam9rq4 - Parte 46,Unknown,heroes_y_aventuras,Elejandria
cuento_2845.txt,tmpam9rq4 - Parte 47,Unknown,heroes_y_aventuras,Elejandria
cuento_2846.txt,tmpam9rq4 - Parte 48,Unknown,heroes_y_aventuras,Elejandria
cuento_2847.txt,tmpam9rq4 - Parte 49,Unknown,heroes_y_aventuras,Elejandria
cuento_2848.txt,tmpam9rq4 - Parte 50,Unknown,heroes_y_aventuras,Elejandria
cuento_2849.txt,tmpam9rq4 - Parte 51,Unknown,heroes_y_aventuras,Elejandria
cuento_2850.txt,tmpam9rq4 - Parte 52,Unknown,heroes_y_aventuras,Elejandria
cuento_2851.txt,tmpam9rq4 - Parte 53,Unknown,heroes_y_aventuras,Elejandria
cuento_2852.txt,tmpam9rq4 - Parte 54,Unknown,heroes_y_aventuras,Elejandria
cuento_2853.txt,tmpam9rq4 - Parte 55,Unknown,heroes_y_aventuras,Elejandria
cuento_2854.txt,tmpam9rq4 - Parte 56,Unknown,heroes_y_aventuras,Elejandria
cuento_2855.txt,tmpam9rq4 - Parte 57,Unknown,heroes_y_aventuras,Elejandria
cuento_2856.txt,tmpam9rq4 - Parte 58,Unknown,heroes_y_aventuras,Elejandria
cuento_2857.txt,tmpam9rq4 - Parte 59,Unknown,heroes_y_aventuras,Elejandria
cuento_2858.txt,tmpam9rq4 - Parte 60,Unknown,heroes_y_aventuras,Elejandria
cuento_2859.txt,tmpam9rq4 - Parte 61,Unknown,heroes_y_aventuras,Elejandria
cuento_2860.txt,tmpam9rq4 - Parte 62,Unknown,heroes_y_aventuras,Elejandria
cuento_2861.txt,tmpam9rq4 - Parte 63,Unknown,heroes_y_aventuras,Elejandria
cuento_2862.txt,tmpam9rq4 - Parte 64,Unknown,heroes_y_aventuras,Elejandria
cuento_2863.txt,tmpam9rq4 - Parte 65,Unknown,heroes_y_aventuras,Elejandria
cuento_2864.txt,tmpam9rq4 - Parte 66,Unknown,heroes_y_aventuras,Elejandria
cuento_2865.txt,tmpam9rq4 - Parte 67,Unknown,heroes_y_aventuras,Elejandria
cuento_2866.txt,tmpam9rq4 - Parte 68,Unknown,heroes_y_aventuras,Elejandria
cuento_2867.txt,tmpam9rq4 - Parte 69,Unknown,heroes_y_aventuras,Elejandria
cuento_2868.txt,tmpam9rq4 - Parte 70,Unknown,heroes_y_aventuras,Elejandria
cuento_2869.txt,tmpam9rq4 - Parte 71,Unknown,heroes_y_aventuras,Elejandria
cuento_2870.txt,tmpam9rq4 - Parte 72,Unknown,heroes_y_aventuras,Elejandria
cuento_2871.txt,tmpam9rq4 - Parte 73,Unknown,heroes_y_aventuras,Elejandria
cuento_2872.txt,tmpam9rq4 - Parte 74,Unknown,heroes_y_aventuras,Elejandria
cuento_2873.txt,tmpam9rq4 - Parte 75,Unknown,heroes_y_aventuras,Elejandria
cuento_2874.txt,tmpam9rq4 - Parte 76,Unknown,heroes_y_aventuras,Elejandria
cuento_2875.txt,tmpam9rq4 - Parte 77,Unknown,heroes_y_aventuras,Elejandria
cuento_2876.txt,tmpam9rq4 - Parte 78,Unknown,heroes_y_aventuras,Elejandria
cuento_2877.txt,tmpam9rq4 - Parte 79,Unknown,heroes_y_aventuras,Elejandria
cuento_2878.txt,tmpam9rq4 - Parte 80,Unknown,heroes_y_aventuras,Elejandria
cuento_2879.txt,tmpam9rq4 - Parte 81,Unknown,heroes_y_aventuras,Elejandria
cuento_2880.txt,tmpam9rq4 - Parte 82,Unknown,heroes_y_aventuras,Elejandria
cuento_2881.txt,tmpam9rq4 - Parte 83,Unknown,heroes_y_aventuras,Elejandria
cuento_2882.txt,tmpam9rq4 - Parte 84,Unknown,heroes_y_aventuras,Elejandria
cuento_2883.txt,tmpam9rq4 - Parte 85,Unknown,heroes_y_aventuras,Elejandria
cuento_2884.txt,tmpam9rq4 - Parte 86,Unknown,heroes_y_aventuras,Elejandria
cuento_2885.txt,tmpam9rq4 - Parte 87,Unknown,heroes_y_aventuras,Elejandria
cuento_2886.txt,tmpam9rq4 - Parte 88,Unknown,heroes_y_aventuras,Elejandria
cuento_2887.txt,tmpam9rq4 - Parte 89,Unknown,heroes_y_aventuras,Elejandria
cuento_2888.txt,tmpam9rq4 - Parte 90,Unknown,heroes_y_aventuras,Elejandria
cuento_2889.txt,tmpam9rq4 - Parte 91,Unknown,heroes_y_aventuras,Elejandria
cuento_2890.txt,tmpam9rq4 - Parte 92,Unknown,heroes_y_aventuras,Elejandria
cuento_2891.txt,tmpam9rq4 - Parte 93,Unknown,heroes_y_aventuras,Elejandria
cuento_2892.txt,tmpam9rq4 - Parte 94,Unknown,heroes_y_aventuras,Elejandria
cuento_2893.txt,tmpam9rq4 - Parte 95,Unknown,heroes_y_aventuras,Elejandria
cuento_2894.txt,tmpam9rq4 - Parte 96,Unknown,heroes_y_aventuras,Elejandria
cuento_2895.txt,tmpam9rq4 - Parte 97,Unknown,heroes_y_aventuras,Elejandria
cuento_2896.txt,tmpam9rq4 - Parte 98,Unknown,heroes_y_aventuras,Elejandria
cuento_2897.txt,tmpam9rq4 - Parte 99,Unknown,heroes_y_aventuras,Elejandria
cuento_2898.txt,tmpam9rq4 - Parte 100,Unknown,heroes_y_aventuras,Elejandria
cuento_2899.txt,tmpam9rq4 - Parte 101,Unknown,heroes_y_aventuras,Elejandria
cuento_2900.txt,tmpam9rq4 - Parte 102,Unknown,heroes_y_aventuras,Elejandria
cuento_2901.txt,tmpam9rq4 - Parte 103,Unknown,heroes_y_aventuras,Elejandria
cuento_2902.txt,tmpam9rq4 - Parte 104,Unknown,heroes_y_aventuras,Elejandria
cuento_2903.txt,tmpam9rq4 - Parte 105,Unknown,heroes_y_aventuras,Elejandria
cuento_2904.txt,tmpam9rq4 - Parte 106,Unknown,heroes_y_aventuras,Elejandria
cuento_2905.txt,tmpam9rq4 - Parte 107,Unknown,heroes_y_aventuras,Elejandria
cuento_2906.txt,tmpam9rq4 - Parte 108,Unknown,heroes_y_aventuras,Elejandria
cuento_2907.txt,Las Memorias de Sherlock Holmes - Parte 1,Arthur Conan Doyle(1),heroes_y_aventuras,Elejandria
cuento_2908.txt,Las Memorias de Sherlock Holmes - Parte 2,Arthur Conan Doyle(1),heroes_y_aventuras,Elejandria
cuento_2909.txt,Las Memorias de Sherlock Holmes - Parte 3,Arthur Conan Doyle(1),heroes_y_aventuras,Elejandria
cuento_2910.txt,Las Memorias de Sherlock Holmes - Parte 4,Arthur Conan Doyle(1),heroes_y_aventuras,Elejandria
cuento_2911.txt,Las Memorias de Sherlock Holmes - Parte 5,Arthur Conan Doyle(1),heroes_y_aventuras,Elejandria
cuento_2912.txt,Las Memorias de Sherlock Holmes - Parte 6,Arthur Conan Doyle(1),heroes_y_aventuras,Elejandria
cuento_2913.txt,Las Memorias de Sherlock Holmes - Parte 7,Arthur Conan Doyle(1),heroes_y_aventuras,Elejandria
cuento_2914.txt,El libro de las mil noches y una noche I,Anónimo,heroes_y_aventuras,Elejandria
cuento_2915.txt,El libro de las mil noches y una noche II,Anónimo,heroes_y_aventuras,Elejandria
cuento_2916.txt,El libro de las mil noches y una noche III - Parte 1,Anónimo,heroes_y_aventuras,Elejandria
cuento_2917.txt,El libro de las mil noches y una noche III - Parte 2,Anónimo,heroes_y_aventuras,Elejandria
cuento_2918.txt,El libro de las mil noches y una noche III - Parte 3,Anónimo,heroes_y_aventuras,Elejandria
cuento_2919.txt,El libro de las mil noches y una noche III - Parte 4,Anónimo,heroes_y_aventuras,Elejandria
cuento_2920.txt,El libro de las mil noches y una noche III - Parte 5,Anónimo,heroes_y_aventuras,Elejandria
cuento_2921.txt,El libro de las mil noches y una noche III - Parte 6,Anónimo,heroes_y_aventuras,Elejandria
cuento_2922.txt,El libro de las mil noches y una noche III - Parte 7,Anónimo,heroes_y_aventuras,Elejandria
cuento_2923.txt,El libro de las mil noches y una noche III - Parte 8,Anónimo,heroes_y_aventuras,Elejandria
cuento_2924.txt,El libro de las mil noches y una noche III - Parte 9,Anónimo,heroes_y_aventuras,Elejandria
cuento_2925.txt,El libro de las mil noches y una noche III - Parte 10,Anónimo,heroes_y_aventuras,Elejandria
cuento_2926.txt,El libro de las mil noches y una noche III - Parte 11,Anónimo,heroes_y_aventuras,Elejandria
cuento_2927.txt,El libro de las mil noches y una noche III - Parte 12,Anónimo,heroes_y_aventuras,Elejandria
cuento_2928.txt,El libro de las mil noches y una noche III - Parte 13,Anónimo,heroes_y_aventuras,Elejandria
cuento_2929.txt,El libro de las mil noches y una noche III - Parte 14,Anónimo,heroes_y_aventuras,Elejandria
cuento_2930.txt,El libro de las mil noches y una noche III - Parte 15,Anónimo,heroes_y_aventuras,Elejandria
cuento_2931.txt,El libro de las mil noches y una noche III - Parte 16,Anónimo,heroes_y_aventuras,Elejandria
cuento_2932.txt,El libro de las mil noches y una noche III - Parte 17,Anónimo,heroes_y_aventuras,Elejandria
cuento_2933.txt,El libro de las mil noches y una noche III - Parte 18,Anónimo,heroes_y_aventuras,Elejandria
cuento_2934.txt,El libro de las mil noches y una noche III - Parte 19,Anónimo,heroes_y_aventuras,Elejandria
cuento_2935.txt,El libro de las mil noches y una noche III - Parte 20,Anónimo,heroes_y_aventuras,Elejandria
cuento_2936.txt,El libro de las mil noches y una noche III - Parte 21,Anónimo,heroes_y_aventuras,Elejandria
cuento_2937.txt,El libro de las mil noches y una noche III - Parte 22,Anónimo,heroes_y_aventuras,Elejandria
cuento_2938.txt,El libro de las mil noches y una noche III - Parte 23,Anónimo,heroes_y_aventuras,Elejandria
cuento_2939.txt,El libro de las mil noches y una noche III - Parte 24,Anónimo,heroes_y_aventuras,Elejandria
cuento_2940.txt,El libro de las mil noches y una noche III - Parte 25,Anónimo,heroes_y_aventuras,Elejandria
cuento_2941.txt,El libro de las mil noches y una noche III - Parte 26,Anónimo,heroes_y_aventuras,Elejandria
cuento_2942.txt,El libro de las mil noches y una noche III - Parte 27,Anónimo,heroes_y_aventuras,Elejandria
cuento_2943.txt,Las tres plumas,Hermanos Grimm,heroes_y_aventuras,Elejandria
cuento_2944.txt,Las veladas del tropero - Parte 1,Godofredo Daireaux,heroes_y_aventuras,Elejandria
cuento_2945.txt,Las veladas del tropero - Parte 2,Godofredo Daireaux,heroes_y_aventuras,Elejandria
cuento_2946.txt,Las veladas del tropero - Parte 3,Godofredo Daireaux,heroes_y_aventuras,Elejandria
cuento_2947.txt,Las veladas del tropero - Parte 4,Godofredo Daireaux,heroes_y_aventuras,Elejandria
cuento_2948.txt,Las veladas del tropero - Parte 5,Godofredo Daireaux,heroes_y_aventuras,Elejandria
cuento_2949.txt,Las veladas del tropero - Parte 6,Godofredo Daireaux,heroes_y_aventuras,Elejandria
cuento_2950.txt,Lecturas infantiles,José Ortega Munilla,heroes_y_aventuras,Elejandria
cuento_2951.txt,Los amotinados de la Bounty,Julio Verne,heroes_y_aventuras,Elejandria
cuento_2952.txt,Los buscadores de tesoros - Parte 1,Washington Irving,heroes_y_aventuras,Elejandria
cuento_2953.txt,Los buscadores de tesoros - Parte 2,Washington Irving,heroes_y_aventuras,Elejandria
cuento_2954.txt,Los colonos de Silverado,Robert Louis Stevenson,heroes_y_aventuras,Elejandria
cuento_2955.txt,Los dioses de la Pampa,Godofredo Daireaux,heroes_y_aventuras,Elejandria
cuento_2956.txt,Los doce cazadores,Hermanos Grimm,heroes_y_aventuras,Elejandria
cuento_2957.txt,Los hermanos de Mowgli,Rudyard Kipling,heroes_y_aventuras,Elejandria
cuento_2958.txt,Los hombres de Forty Mile,Jack London,heroes_y_aventuras,Elejandria
cuento_2959.txt,Los Merodeadores de Fronteras - Parte 1,Gustave Aimard,heroes_y_aventuras,Elejandria
cuento_2960.txt,Los Merodeadores de Fronteras - Parte 2,Gustave Aimard,heroes_y_aventuras,Elejandria
cuento_2961.txt,Los Merodeadores de Fronteras - Parte 3,Gustave Aimard,heroes_y_aventuras,Elejandria
cuento_2962.txt,Los Merodeadores de Fronteras - Parte 4,Gustave Aimard,heroes_y_aventuras,Elejandria
cuento_2963.txt,Los Merodeadores de Fronteras - Parte 5,Gustave Aimard,heroes_y_aventuras,Elejandria
cuento_2964.txt,Los Merodeadores de Fronteras - Parte 6,Gustave Aimard,heroes_y_aventuras,Elejandria
cuento_2965.txt,Los Merodeadores de Fronteras - Parte 7,Gustave Aimard,heroes_y_aventuras,Elejandria
cuento_2966.txt,Los Merodeadores de Fronteras - Parte 8,Gustave Aimard,heroes_y_aventuras,Elejandria
cuento_2967.txt,Los Merodeadores de Fronteras - Parte 9,Gustave Aimard,heroes_y_aventuras,Elejandria
cuento_2968.txt,Los Merodeadores de Fronteras - Parte 10,Gustave Aimard,heroes_y_aventuras,Elejandria
cuento_2969.txt,Los Merodeadores de Fronteras - Parte 11,Gustave Aimard,heroes_y_aventuras,Elejandria
cuento_2970.txt,Los Merodeadores de Fronteras - Parte 12,Gustave Aimard,heroes_y_aventuras,Elejandria
cuento_2971.txt,Los Merodeadores de Fronteras - Parte 13,Gustave Aimard,heroes_y_aventuras,Elejandria
cuento_2972.txt,Los Merodeadores de Fronteras - Parte 14,Gustave Aimard,heroes_y_aventuras,Elejandria
cuento_2973.txt,Los Merodeadores de Fronteras - Parte 15,Gustave Aimard,heroes_y_aventuras,Elejandria
cuento_2974.txt,Los Merodeadores de Fronteras - Parte 16,Gustave Aimard,heroes_y_aventuras,Elejandria
cuento_2975.txt,Los Merodeadores de Fronteras - Parte 17,Gustave Aimard,heroes_y_aventuras,Elejandria
cuento_2976.txt,Los Merodeadores de Fronteras - Parte 18,Gustave Aimard,heroes_y_aventuras,Elejandria
cuento_2977.txt,Los Merodeadores de Fronteras - Parte 19,Gustave Aimard,heroes_y_aventuras,Elejandria
cuento_2978.txt,Los Merodeadores de Fronteras - Parte 20,Gustave Aimard,heroes_y_aventuras,Elejandria
cuento_2979.txt,Los Merodeadores de Fronteras - Parte 21,Gustave Aimard,heroes_y_aventuras,Elejandria
cuento_2980.txt,Los Merodeadores de Fronteras - Parte 22,Gustave Aimard,heroes_y_aventuras,Elejandria
cuento_2981.txt,Los Merodeadores de Fronteras - Parte 23,Gustave Aimard,heroes_y_aventuras,Elejandria
cuento_2982.txt,Los Merodeadores de Fronteras - Parte 24,Gustave Aimard,heroes_y_aventuras,Elejandria
cuento_2983.txt,Los Merodeadores de Fronteras - Parte 25,Gustave Aimard,heroes_y_aventuras,Elejandria
cuento_2984.txt,Los Merodeadores de Fronteras - Parte 26,Gustave Aimard,heroes_y_aventuras,Elejandria
cuento_2985.txt,Los Merodeadores de Fronteras - Parte 27,Gustave Aimard,heroes_y_aventuras,Elejandria
cuento_2986.txt,Los Merodeadores de Fronteras - Parte 28,Gustave Aimard,heroes_y_aventuras,Elejandria
cuento_2987.txt,Los Merodeadores de Fronteras - Parte 29,Gustave Aimard,heroes_y_aventuras,Elejandria
cuento_2988.txt,Los Merodeadores de Fronteras - Parte 30,Gustave Aimard,heroes_y_aventuras,Elejandria
cuento_2989.txt,Los náufragos del Jonathan - Parte 1,Julio Verne,heroes_y_aventuras,Elejandria
cuento_2990.txt,Los náufragos del Jonathan - Parte 2,Julio Verne,heroes_y_aventuras,Elejandria
cuento_2991.txt,Los náufragos del Jonathan - Parte 3,Julio Verne,heroes_y_aventuras,Elejandria
cuento_2992.txt,Los náufragos del Jonathan - Parte 4,Julio Verne,heroes_y_aventuras,Elejandria
cuento_2993.txt,Los náufragos del Jonathan - Parte 5,Julio Verne,heroes_y_aventuras,Elejandria
cuento_2994.txt,Los náufragos del Jonathan - Parte 6,Julio Verne,heroes_y_aventuras,Elejandria
cuento_2995.txt,Los náufragos del Jonathan - Parte 7,Julio Verne,heroes_y_aventuras,Elejandria
cuento_2996.txt,Los náufragos del Jonathan - Parte 8,Julio Verne,heroes_y_aventuras,Elejandria
cuento_2997.txt,Los náufragos del Jonathan - Parte 9,Julio Verne,heroes_y_aventuras,Elejandria
cuento_2998.txt,Los náufragos del Jonathan - Parte 10,Julio Verne,heroes_y_aventuras,Elejandria
cuento_2999.txt,Los náufragos del Jonathan - Parte 11,Julio Verne,heroes_y_aventuras,Elejandria
cuento_3000.txt,Los náufragos del Jonathan - Parte 12,Julio Verne,heroes_y_aventuras,Elejandria
cuento_3001.txt,Los náufragos del Jonathan - Parte 13,Julio Verne,heroes_y_aventuras,Elejandria
cuento_3002.txt,Los persas,Esquilo,heroes_y_aventuras,Elejandria
cuento_3003.txt,"Los pescadores de ""Trépang"" - Parte 1",Emilio Salgari,heroes_y_aventuras,Elejandria
cuento_3004.txt,"Los pescadores de ""Trépang"" - Parte 2",Emilio Salgari,heroes_y_aventuras,Elejandria
cuento_3005.txt,"Los pescadores de ""Trépang"" - Parte 3",Emilio Salgari,heroes_y_aventuras,Elejandria
cuento_3006.txt,"Los pescadores de ""Trépang"" - Parte 4",Emilio Salgari,heroes_y_aventuras,Elejandria
cuento_3007.txt,"Los pescadores de ""Trépang"" - Parte 5",Emilio Salgari,heroes_y_aventuras,Elejandria
cuento_3008.txt,"Los pescadores de ""Trépang"" - Parte 6",Emilio Salgari,heroes_y_aventuras,Elejandria
cuento_3009.txt,"Los pescadores de ""Trépang"" - Parte 7",Emilio Salgari,heroes_y_aventuras,Elejandria
cuento_3010.txt,"Los pescadores de ""Trépang"" - Parte 8",Emilio Salgari,heroes_y_aventuras,Elejandria
cuento_3011.txt,"Los pescadores de ""Trépang"" - Parte 9",Emilio Salgari,heroes_y_aventuras,Elejandria
cuento_3012.txt,"Los pescadores de ""Trépang"" - Parte 10",Emilio Salgari,heroes_y_aventuras,Elejandria
cuento_3013.txt,"Los pescadores de ""Trépang"" - Parte 11",Emilio Salgari,heroes_y_aventuras,Elejandria
cuento_3014.txt,"Los pescadores de ""Trépang"" - Parte 12",Emilio Salgari,heroes_y_aventuras,Elejandria
cuento_3015.txt,"Los pescadores de ""Trépang"" - Parte 13",Emilio Salgari,heroes_y_aventuras,Elejandria
cuento_3016.txt,"Los pescadores de ""Trépang"" - Parte 14",Emilio Salgari,heroes_y_aventuras,Elejandria
cuento_3017.txt,"Los pescadores de ""Trépang"" - Parte 15",Emilio Salgari,heroes_y_aventuras,Elejandria
cuento_3018.txt,"Los pescadores de ""Trépang"" - Parte 16",Emilio Salgari,heroes_y_aventuras,Elejandria
cuento_3019.txt,"Los pescadores de ""Trépang"" - Parte 17",Emilio Salgari,heroes_y_aventuras,Elejandria
cuento_3020.txt,"Los pescadores de ""Trépang"" - Parte 18",Emilio Salgari,heroes_y_aventuras,Elejandria
cuento_3021.txt,"Los pescadores de ""Trépang"" - Parte 19",Emilio Salgari,heroes_y_aventuras,Elejandria
cuento_3022.txt,Los siete contra Tebas,Esquilo,heroes_y_aventuras,Elejandria
cuento_3023.txt,Cantar de los siete Infantes de Lara,Anonimo,heroes_y_aventuras,Elejandria
cuento_3024.txt,Los tres cerditos,Joseph Jacobs,heroes_y_aventuras,Elejandria
cuento_3025.txt,Los tres pelos de oro del diablo,Hermanos Grimm,heroes_y_aventuras,Elejandria
cuento_3026.txt,Los viajes de Gulliver - Parte 1,Jonathan Swift,heroes_y_aventuras,Elejandria
cuento_3027.txt,Los viajes de Gulliver - Parte 2,Jonathan Swift,heroes_y_aventuras,Elejandria
cuento_3028.txt,Los viajes de Gulliver - Parte 3,Jonathan Swift,heroes_y_aventuras,Elejandria
cuento_3029.txt,Los viajes de Gulliver - Parte 4,Jonathan Swift,heroes_y_aventuras,Elejandria
cuento_3030.txt,Los viajes de Gulliver - Parte 5,Jonathan Swift,heroes_y_aventuras,Elejandria
cuento_3031.txt,Los viajes de Gulliver - Parte 6,Jonathan Swift,heroes_y_aventuras,Elejandria
cuento_3032.txt,Los viajes de Gulliver - Parte 7,Jonathan Swift,heroes_y_aventuras,Elejandria
cuento_3033.txt,Los viajes de Gulliver - Parte 8,Jonathan Swift,heroes_y_aventuras,Elejandria
cuento_3034.txt,Los viajes de Gulliver - Parte 9,Jonathan Swift,heroes_y_aventuras,Elejandria
cuento_3035.txt,Los viajes de Gulliver - Parte 10,Jonathan Swift,heroes_y_aventuras,Elejandria
cuento_3036.txt,Los viajes de Gulliver - Parte 11,Jonathan Swift,heroes_y_aventuras,Elejandria
cuento_3037.txt,Los viajes de Gulliver - Parte 12,Jonathan Swift,heroes_y_aventuras,Elejandria
cuento_3038.txt,Los viajes de Gulliver - Parte 13,Jonathan Swift,heroes_y_aventuras,Elejandria
cuento_3039.txt,Los viajes de Gulliver - Parte 14,Jonathan Swift,heroes_y_aventuras,Elejandria
cuento_3040.txt,Manuscrito hallado en una botella,Edgar Allan Poe,heroes_y_aventuras,Elejandria
cuento_3041.txt,Mariana Pineda,Federico García Lorca,heroes_y_aventuras,Elejandria
cuento_3042.txt,Místicas,Amado Nervo,heroes_y_aventuras,Elejandria
cuento_3043.txt,Moby Dick - Parte 1,Herman Melville,heroes_y_aventuras,Elejandria
cuento_3044.txt,Moby Dick - Parte 2,Herman Melville,heroes_y_aventuras,Elejandria
cuento_3045.txt,Moby Dick - Parte 3,Herman Melville,heroes_y_aventuras,Elejandria
cuento_3046.txt,Moby Dick - Parte 4,Herman Melville,heroes_y_aventuras,Elejandria
cuento_3047.txt,Moby Dick - Parte 5,Herman Melville,heroes_y_aventuras,Elejandria
cuento_3048.txt,Moby Dick - Parte 6,Herman Melville,heroes_y_aventuras,Elejandria
cuento_3049.txt,Moby Dick - Parte 7,Herman Melville,heroes_y_aventuras,Elejandria
cuento_3050.txt,Moby Dick - Parte 8,Herman Melville,heroes_y_aventuras,Elejandria
cuento_3051.txt,Moby Dick - Parte 9,Herman Melville,heroes_y_aventuras,Elejandria
cuento_3052.txt,Moby Dick - Parte 10,Herman Melville,heroes_y_aventuras,Elejandria
cuento_3053.txt,Moby Dick - Parte 11,Herman Melville,heroes_y_aventuras,Elejandria
cuento_3054.txt,Moby Dick - Parte 12,Herman Melville,heroes_y_aventuras,Elejandria
cuento_3055.txt,Moby Dick - Parte 13,Herman Melville,heroes_y_aventuras,Elejandria
cuento_3056.txt,Moby Dick - Parte 14,Herman Melville,heroes_y_aventuras,Elejandria
cuento_3057.txt,Moby Dick - Parte 15,Herman Melville,heroes_y_aventuras,Elejandria
cuento_3058.txt,Moby Dick - Parte 16,Herman Melville,heroes_y_aventuras,Elejandria
cuento_3059.txt,Moby Dick - Parte 17,Herman Melville,heroes_y_aventuras,Elejandria
cuento_3060.txt,Moby Dick - Parte 18,Herman Melville,heroes_y_aventuras,Elejandria
cuento_3061.txt,Moby Dick - Parte 19,Herman Melville,heroes_y_aventuras,Elejandria
cuento_3062.txt,Moby Dick - Parte 20,Herman Melville,heroes_y_aventuras,Elejandria
cuento_3063.txt,Moby Dick - Parte 21,Herman Melville,heroes_y_aventuras,Elejandria
cuento_3064.txt,Moby Dick - Parte 22,Herman Melville,heroes_y_aventuras,Elejandria
cuento_3065.txt,Moby Dick - Parte 23,Herman Melville,heroes_y_aventuras,Elejandria
cuento_3066.txt,Moby Dick - Parte 24,Herman Melville,heroes_y_aventuras,Elejandria
cuento_3067.txt,Moby Dick - Parte 25,Herman Melville,heroes_y_aventuras,Elejandria
cuento_3068.txt,Moby Dick - Parte 26,Herman Melville,heroes_y_aventuras,Elejandria
cuento_3069.txt,Moby Dick - Parte 27,Herman Melville,heroes_y_aventuras,Elejandria
cuento_3070.txt,Moby Dick - Parte 28,Herman Melville,heroes_y_aventuras,Elejandria
cuento_3071.txt,Moby Dick - Parte 29,Herman Melville,heroes_y_aventuras,Elejandria
cuento_3072.txt,Moby Dick - Parte 30,Herman Melville,heroes_y_aventuras,Elejandria
cuento_3073.txt,Moby Dick - Parte 31,Herman Melville,heroes_y_aventuras,Elejandria
cuento_3074.txt,Moby Dick - Parte 32,Herman Melville,heroes_y_aventuras,Elejandria
cuento_3075.txt,Moby Dick - Parte 33,Herman Melville,heroes_y_aventuras,Elejandria
cuento_3076.txt,Moby Dick - Parte 34,Herman Melville,heroes_y_aventuras,Elejandria
cuento_3077.txt,Moby Dick - Parte 35,Herman Melville,heroes_y_aventuras,Elejandria
cuento_3078.txt,Moby Dick - Parte 36,Herman Melville,heroes_y_aventuras,Elejandria
cuento_3079.txt,Moby Dick - Parte 37,Herman Melville,heroes_y_aventuras,Elejandria
cuento_3080.txt,Moby Dick - Parte 38,Herman Melville,heroes_y_aventuras,Elejandria
cuento_3081.txt,Moby Dick - Parte 39,Herman Melville,heroes_y_aventuras,Elejandria
cuento_3082.txt,Moby Dick - Parte 40,Herman Melville,heroes_y_aventuras,Elejandria
cuento_3083.txt,Moby Dick - Parte 41,Herman Melville,heroes_y_aventuras,Elejandria
cuento_3084.txt,Moby Dick - Parte 42,Herman Melville,heroes_y_aventuras,Elejandria
cuento_3085.txt,Moby Dick - Parte 43,Herman Melville,heroes_y_aventuras,Elejandria
cuento_3086.txt,Moby Dick - Parte 44,Herman Melville,heroes_y_aventuras,Elejandria
cuento_3087.txt,Moby Dick - Parte 45,Herman Melville,heroes_y_aventuras,Elejandria
cuento_3088.txt,Moby Dick - Parte 46,Herman Melville,heroes_y_aventuras,Elejandria
cuento_3089.txt,Moby Dick - Parte 47,Herman Melville,heroes_y_aventuras,Elejandria
cuento_3090.txt,Moby Dick - Parte 48,Herman Melville,heroes_y_aventuras,Elejandria
cuento_3091.txt,Moby Dick - Parte 49,Herman Melville,heroes_y_aventuras,Elejandria
cuento_3092.txt,Moby Dick - Parte 50,Herman Melville,heroes_y_aventuras,Elejandria
cuento_3093.txt,Moby Dick - Parte 51,Herman Melville,heroes_y_aventuras,Elejandria
cuento_3094.txt,Moby Dick - Parte 52,Herman Melville,heroes_y_aventuras,Elejandria
cuento_3095.txt,Moby Dick - Parte 53,Herman Melville,heroes_y_aventuras,Elejandria
cuento_3096.txt,Moby Dick - Parte 54,Herman Melville,heroes_y_aventuras,Elejandria
cuento_3097.txt,Moby Dick - Parte 55,Herman Melville,heroes_y_aventuras,Elejandria
cuento_3098.txt,Moby Dick - Parte 56,Herman Melville,heroes_y_aventuras,Elejandria
cuento_3099.txt,Moby Dick - Parte 57,Herman Melville,heroes_y_aventuras,Elejandria
cuento_3100.txt,Moby Dick - Parte 58,Herman Melville,heroes_y_aventuras,Elejandria
cuento_3101.txt,Moby Dick - Parte 59,Herman Melville,heroes_y_aventuras,Elejandria
cuento_3102.txt,Moby Dick - Parte 60,Herman Melville,heroes_y_aventuras,Elejandria
cuento_3103.txt,Moby Dick - Parte 61,Herman Melville,heroes_y_aventuras,Elejandria
cuento_3104.txt,Moby Dick - Parte 62,Herman Melville,heroes_y_aventuras,Elejandria
cuento_3105.txt,Moby Dick - Parte 63,Herman Melville,heroes_y_aventuras,Elejandria
cuento_3106.txt,Moby Dick - Parte 64,Herman Melville,heroes_y_aventuras,Elejandria
cuento_3107.txt,Moby Dick - Parte 65,Herman Melville,heroes_y_aventuras,Elejandria
cuento_3108.txt,Moby Dick - Parte 66,Herman Melville,heroes_y_aventuras,Elejandria
cuento_3109.txt,Moby Dick - Parte 67,Herman Melville,heroes_y_aventuras,Elejandria
cuento_3110.txt,Moby Dick - Parte 68,Herman Melville,heroes_y_aventuras,Elejandria
cuento_3111.txt,Moby Dick - Parte 69,Herman Melville,heroes_y_aventuras,Elejandria
cuento_3112.txt,Moby Dick - Parte 70,Herman Melville,heroes_y_aventuras,Elejandria
cuento_3113.txt,Moby Dick - Parte 71,Herman Melville,heroes_y_aventuras,Elejandria
cuento_3114.txt,Moby Dick - Parte 72,Herman Melville,heroes_y_aventuras,Elejandria
cuento_3115.txt,Moby Dick - Parte 73,Herman Melville,heroes_y_aventuras,Elejandria
cuento_3116.txt,Moby Dick - Parte 74,Herman Melville,heroes_y_aventuras,Elejandria
cuento_3117.txt,Moby Dick - Parte 75,Herman Melville,heroes_y_aventuras,Elejandria
cuento_3118.txt,Moby Dick - Parte 76,Herman Melville,heroes_y_aventuras,Elejandria
cuento_3119.txt,Moby Dick - Parte 77,Herman Melville,heroes_y_aventuras,Elejandria
cuento_3120.txt,Moby Dick - Parte 78,Herman Melville,heroes_y_aventuras,Elejandria
cuento_3121.txt,Moby Dick - Parte 79,Herman Melville,heroes_y_aventuras,Elejandria
cuento_3122.txt,Moby Dick - Parte 80,Herman Melville,heroes_y_aventuras,Elejandria
cuento_3123.txt,Moby Dick - Parte 81,Herman Melville,heroes_y_aventuras,Elejandria
cuento_3124.txt,Moby Dick - Parte 82,Herman Melville,heroes_y_aventuras,Elejandria
cuento_3125.txt,Moby Dick - Parte 83,Herman Melville,heroes_y_aventuras,Elejandria
cuento_3126.txt,Moby Dick - Parte 84,Herman Melville,heroes_y_aventuras,Elejandria
cuento_3127.txt,Moby Dick - Parte 85,Herman Melville,heroes_y_aventuras,Elejandria
cuento_3128.txt,Moby Dick - Parte 86,Herman Melville,heroes_y_aventuras,Elejandria
cuento_3129.txt,Moby Dick - Parte 87,Herman Melville,heroes_y_aventuras,Elejandria
cuento_3130.txt,Moby Dick - Parte 88,Herman Melville,heroes_y_aventuras,Elejandria
cuento_3131.txt,Moby Dick - Parte 89,Herman Melville,heroes_y_aventuras,Elejandria
cuento_3132.txt,Moby Dick - Parte 90,Herman Melville,heroes_y_aventuras,Elejandria
cuento_3133.txt,Moby Dick - Parte 91,Herman Melville,heroes_y_aventuras,Elejandria
cuento_3134.txt,Moby Dick - Parte 92,Herman Melville,heroes_y_aventuras,Elejandria
cuento_3135.txt,Moby Dick - Parte 93,Herman Melville,heroes_y_aventuras,Elejandria
cuento_3136.txt,Moby Dick - Parte 94,Herman Melville,heroes_y_aventuras,Elejandria
cuento_3137.txt,Moby Dick - Parte 95,Herman Melville,heroes_y_aventuras,Elejandria
cuento_3138.txt,Moby Dick - Parte 96,Herman Melville,heroes_y_aventuras,Elejandria
cuento_3139.txt,Moby Dick - Parte 97,Herman Melville,heroes_y_aventuras,Elejandria
cuento_3140.txt,Moby Dick - Parte 98,Herman Melville,heroes_y_aventuras,Elejandria
cuento_3141.txt,Moby Dick - Parte 99,Herman Melville,heroes_y_aventuras,Elejandria
cuento_3142.txt,Moby Dick - Parte 100,Herman Melville,heroes_y_aventuras,Elejandria
cuento_3143.txt,Moby Dick - Parte 101,Herman Melville,heroes_y_aventuras,Elejandria
cuento_3144.txt,Moby Dick - Parte 102,Herman Melville,heroes_y_aventuras,Elejandria
cuento_3145.txt,Moby Dick - Parte 103,Herman Melville,heroes_y_aventuras,Elejandria
cuento_3146.txt,Moby Dick - Parte 104,Herman Melville,heroes_y_aventuras,Elejandria
cuento_3147.txt,Moby Dick - Parte 105,Herman Melville,heroes_y_aventuras,Elejandria
cuento_3148.txt,Moby Dick - Parte 106,Herman Melville,heroes_y_aventuras,Elejandria
cuento_3149.txt,Moby Dick - Parte 107,Herman Melville,heroes_y_aventuras,Elejandria
cuento_3150.txt,Moby Dick - Parte 108,Herman Melville,heroes_y_aventuras,Elejandria
cuento_3151.txt,Moby Dick - Parte 109,Herman Melville,heroes_y_aventuras,Elejandria
cuento_3152.txt,Moby Dick - Parte 110,Herman Melville,heroes_y_aventuras,Elejandria
cuento_3153.txt,Moby Dick - Parte 111,Herman Melville,heroes_y_aventuras,Elejandria
cuento_3154.txt,Moby Dick - Parte 112,Herman Melville,heroes_y_aventuras,Elejandria
cuento_3155.txt,Moby Dick - Parte 113,Herman Melville,heroes_y_aventuras,Elejandria
cuento_3156.txt,Moby Dick - Parte 114,Herman Melville,heroes_y_aventuras,Elejandria
cuento_3157.txt,Moby Dick - Parte 115,Herman Melville,heroes_y_aventuras,Elejandria
cuento_3158.txt,Moby Dick - Parte 116,Herman Melville,heroes_y_aventuras,Elejandria
cuento_3159.txt,Moby Dick - Parte 117,Herman Melville,heroes_y_aventuras,Elejandria
cuento_3160.txt,Moby Dick - Parte 118,Herman Melville,heroes_y_aventuras,Elejandria
cuento_3161.txt,Moby Dick - Parte 119,Herman Melville,heroes_y_aventuras,Elejandria
cuento_3162.txt,Moby Dick - Parte 120,Herman Melville,heroes_y_aventuras,Elejandria
cuento_3163.txt,Moby Dick - Parte 121,Herman Melville,heroes_y_aventuras,Elejandria
cuento_3164.txt,Moby Dick - Parte 122,Herman Melville,heroes_y_aventuras,Elejandria
cuento_3165.txt,Moby Dick - Parte 123,Herman Melville,heroes_y_aventuras,Elejandria
cuento_3166.txt,Moby Dick - Parte 124,Herman Melville,heroes_y_aventuras,Elejandria
cuento_3167.txt,Moby Dick - Parte 125,Herman Melville,heroes_y_aventuras,Elejandria
cuento_3168.txt,Moby Dick - Parte 126,Herman Melville,heroes_y_aventuras,Elejandria
cuento_3169.txt,Moby Dick - Parte 127,Herman Melville,heroes_y_aventuras,Elejandria
cuento_3170.txt,Moby Dick - Parte 128,Herman Melville,heroes_y_aventuras,Elejandria
cuento_3171.txt,Moby Dick - Parte 129,Herman Melville,heroes_y_aventuras,Elejandria
cuento_3172.txt,Moby Dick - Parte 130,Herman Melville,heroes_y_aventuras,Elejandria
cuento_3173.txt,Moby Dick - Parte 131,Herman Melville,heroes_y_aventuras,Elejandria
cuento_3174.txt,Moby Dick - Parte 132,Herman Melville,heroes_y_aventuras,Elejandria
cuento_3175.txt,Moby Dick - Parte 133,Herman Melville,heroes_y_aventuras,Elejandria
cuento_3176.txt,Moby Dick - Parte 134,Herman Melville,heroes_y_aventuras,Elejandria
cuento_3177.txt,Moby Dick - Parte 135,Herman Melville,heroes_y_aventuras,Elejandria
cuento_3178.txt,Moby Dick - Parte 136,Herman Melville,heroes_y_aventuras,Elejandria
cuento_3179.txt,Moby Dick - Parte 137,Herman Melville,heroes_y_aventuras,Elejandria
cuento_3180.txt,Moby Dick - Parte 138,Herman Melville,heroes_y_aventuras,Elejandria
cuento_3181.txt,Moby Dick - Parte 139,Herman Melville,heroes_y_aventuras,Elejandria
cuento_3182.txt,Moby Dick - Parte 140,Herman Melville,heroes_y_aventuras,Elejandria
cuento_3183.txt,Moby Dick - Parte 141,Herman Melville,heroes_y_aventuras,Elejandria
cuento_3184.txt,Moby Dick - Parte 142,Herman Melville,heroes_y_aventuras,Elejandria
cuento_3185.txt,Moby Dick - Parte 143,Herman Melville,heroes_y_aventuras,Elejandria
cuento_3186.txt,Moby Dick - Parte 144,Herman Melville,heroes_y_aventuras,Elejandria
cuento_3187.txt,Moby Dick - Parte 145,Herman Melville,heroes_y_aventuras,Elejandria
cuento_3188.txt,Moby Dick - Parte 146,Herman Melville,heroes_y_aventuras,Elejandria
cuento_3189.txt,Moby Dick - Parte 147,Herman Melville,heroes_y_aventuras,Elejandria
cuento_3190.txt,Moby Dick - Parte 148,Herman Melville,heroes_y_aventuras,Elejandria
cuento_3191.txt,Moby Dick - Parte 149,Herman Melville,heroes_y_aventuras,Elejandria
cuento_3192.txt,Moby Dick - Parte 150,Herman Melville,heroes_y_aventuras,Elejandria
cuento_3193.txt,Moby Dick - Parte 151,Herman Melville,heroes_y_aventuras,Elejandria
cuento_3194.txt,Moby Dick - Parte 152,Herman Melville,heroes_y_aventuras,Elejandria
cuento_3195.txt,Moby Dick - Parte 153,Herman Melville,heroes_y_aventuras,Elejandria
cuento_3196.txt,Moby Dick - Parte 154,Herman Melville,heroes_y_aventuras,Elejandria
cuento_3197.txt,Moby Dick - Parte 155,Herman Melville,heroes_y_aventuras,Elejandria
cuento_3198.txt,Moby Dick - Parte 156,Herman Melville,heroes_y_aventuras,Elejandria
cuento_3199.txt,Moby Dick - Parte 157,Herman Melville,heroes_y_aventuras,Elejandria
cuento_3200.txt,Moby Dick - Parte 158,Herman Melville,heroes_y_aventuras,Elejandria
cuento_3201.txt,Moby Dick - Parte 159,Herman Melville,heroes_y_aventuras,Elejandria
cuento_3202.txt,Moby Dick - Parte 160,Herman Melville,heroes_y_aventuras,Elejandria
cuento_3203.txt,Moby Dick - Parte 161,Herman Melville,heroes_y_aventuras,Elejandria
cuento_3204.txt,Morgan - Parte 1,Emilio Salgari,heroes_y_aventuras,Elejandria
cuento_3205.txt,Morgan - Parte 2,Emilio Salgari,heroes_y_aventuras,Elejandria
cuento_3206.txt,Morgan - Parte 3,Emilio Salgari,heroes_y_aventuras,Elejandria
cuento_3207.txt,Morgan - Parte 4,Emilio Salgari,heroes_y_aventuras,Elejandria
cuento_3208.txt,Morgan - Parte 5,Emilio Salgari,heroes_y_aventuras,Elejandria
cuento_3209.txt,Morgan - Parte 6,Emilio Salgari,heroes_y_aventuras,Elejandria
cuento_3210.txt,Morgan - Parte 7,Emilio Salgari,heroes_y_aventuras,Elejandria
cuento_3211.txt,Morgan - Parte 8,Emilio Salgari,heroes_y_aventuras,Elejandria
cuento_3212.txt,Morgan - Parte 9,Emilio Salgari,heroes_y_aventuras,Elejandria
cuento_3213.txt,Morgan - Parte 10,Emilio Salgari,heroes_y_aventuras,Elejandria
cuento_3214.txt,Morgan - Parte 11,Emilio Salgari,heroes_y_aventuras,Elejandria
cuento_3215.txt,Morgan - Parte 12,Emilio Salgari,heroes_y_aventuras,Elejandria
cuento_3216.txt,Morgan - Parte 13,Emilio Salgari,heroes_y_aventuras,Elejandria
cuento_3217.txt,Morgan - Parte 14,Emilio Salgari,heroes_y_aventuras,Elejandria
cuento_3218.txt,Morgan - Parte 15,Emilio Salgari,heroes_y_aventuras,Elejandria
cuento_3219.txt,Morgan - Parte 16,Emilio Salgari,heroes_y_aventuras,Elejandria
cuento_3220.txt,Morgan - Parte 17,Emilio Salgari,heroes_y_aventuras,Elejandria
cuento_3221.txt,Nacerá una bruja,Robert E. Howard,heroes_y_aventuras,Elejandria
cuento_3222.txt,Napoleón en Chamartín - Parte 1,Benito Pérez Galdós,heroes_y_aventuras,Elejandria
cuento_3223.txt,Napoleón en Chamartín - Parte 2,Benito Pérez Galdós,heroes_y_aventuras,Elejandria
cuento_3224.txt,Napoleón en Chamartín - Parte 3,Benito Pérez Galdós,heroes_y_aventuras,Elejandria
cuento_3225.txt,Napoleón en Chamartín - Parte 4,Benito Pérez Galdós,heroes_y_aventuras,Elejandria
cuento_3226.txt,Napoleón en Chamartín - Parte 5,Benito Pérez Galdós,heroes_y_aventuras,Elejandria
cuento_3227.txt,Napoleón en Chamartín - Parte 6,Benito Pérez Galdós,heroes_y_aventuras,Elejandria
cuento_3228.txt,Napoleón en Chamartín - Parte 7,Benito Pérez Galdós,heroes_y_aventuras,Elejandria
cuento_3229.txt,Napoleón en Chamartín - Parte 8,Benito Pérez Galdós,heroes_y_aventuras,Elejandria
cuento_3230.txt,Napoleón en Chamartín - Parte 9,Benito Pérez Galdós,heroes_y_aventuras,Elejandria
cuento_3231.txt,Napoleón en Chamartín - Parte 10,Benito Pérez Galdós,heroes_y_aventuras,Elejandria
cuento_3232.txt,Napoleón en Chamartín - Parte 11,Benito Pérez Galdós,heroes_y_aventuras,Elejandria
cuento_3233.txt,Napoleón en Chamartín - Parte 12,Benito Pérez Galdós,heroes_y_aventuras,Elejandria
cuento_3234.txt,Napoleón en Chamartín - Parte 13,Benito Pérez Galdós,heroes_y_aventuras,Elejandria
cuento_3235.txt,Napoleón en Chamartín - Parte 14,Benito Pérez Galdós,heroes_y_aventuras,Elejandria
cuento_3236.txt,Napoleón en Chamartín - Parte 15,Benito Pérez Galdós,heroes_y_aventuras,Elejandria
cuento_3237.txt,Napoleón en Chamartín - Parte 16,Benito Pérez Galdós,heroes_y_aventuras,Elejandria
cuento_3238.txt,Napoleón en Chamartín - Parte 17,Benito Pérez Galdós,heroes_y_aventuras,Elejandria
cuento_3239.txt,Napoleón en Chamartín - Parte 18,Benito Pérez Galdós,heroes_y_aventuras,Elejandria
cuento_3240.txt,Napoleón en Chamartín - Parte 19,Benito Pérez Galdós,heroes_y_aventuras,Elejandria
cuento_3241.txt,Napoleón en Chamartín - Parte 20,Benito Pérez Galdós,heroes_y_aventuras,Elejandria
cuento_3242.txt,Napoleón en Chamartín - Parte 21,Benito Pérez Galdós,heroes_y_aventuras,Elejandria
cuento_3243.txt,Napoleón en Chamartín - Parte 22,Benito Pérez Galdós,heroes_y_aventuras,Elejandria
cuento_3244.txt,Napoleón en Chamartín - Parte 23,Benito Pérez Galdós,heroes_y_aventuras,Elejandria
cuento_3245.txt,Napoleón en Chamartín - Parte 24,Benito Pérez Galdós,heroes_y_aventuras,Elejandria
cuento_3246.txt,Napoleón en Chamartín - Parte 25,Benito Pérez Galdós,heroes_y_aventuras,Elejandria
cuento_3247.txt,Napoleón en Chamartín - Parte 26,Benito Pérez Galdós,heroes_y_aventuras,Elejandria
cuento_3248.txt,Napoleón en Chamartín - Parte 27,Benito Pérez Galdós,heroes_y_aventuras,Elejandria
cuento_3249.txt,Napoleón en Chamartín - Parte 28,Benito Pérez Galdós,heroes_y_aventuras,Elejandria
cuento_3250.txt,Napoleón en Chamartín - Parte 29,Benito Pérez Galdós,heroes_y_aventuras,Elejandria
cuento_3251.txt,Napoleón en Chamartín - Parte 30,Benito Pérez Galdós,heroes_y_aventuras,Elejandria
cuento_3252.txt,Noches Lúgubres,José Cadalso,heroes_y_aventuras,Elejandria
cuento_3253.txt,Odisea en el norte,Jack London,heroes_y_aventuras,Elejandria
cuento_3254.txt,Ozma de Oz - Parte 1,Lyman Frank Baum,heroes_y_aventuras,Elejandria
cuento_3255.txt,Ozma de Oz - Parte 2,Lyman Frank Baum,heroes_y_aventuras,Elejandria
cuento_3256.txt,Ozma de Oz - Parte 3,Lyman Frank Baum,heroes_y_aventuras,Elejandria
cuento_3257.txt,Ozma de Oz - Parte 4,Lyman Frank Baum,heroes_y_aventuras,Elejandria
cuento_3258.txt,Ozma de Oz - Parte 5,Lyman Frank Baum,heroes_y_aventuras,Elejandria
cuento_3259.txt,Ozma de Oz - Parte 6,Lyman Frank Baum,heroes_y_aventuras,Elejandria
cuento_3260.txt,Ozma de Oz - Parte 7,Lyman Frank Baum,heroes_y_aventuras,Elejandria
cuento_3261.txt,Ozma de Oz - Parte 8,Lyman Frank Baum,heroes_y_aventuras,Elejandria
cuento_3262.txt,Ozma de Oz - Parte 9,Lyman Frank Baum,heroes_y_aventuras,Elejandria
cuento_3263.txt,Ozma de Oz - Parte 10,Lyman Frank Baum,heroes_y_aventuras,Elejandria
cuento_3264.txt,Ozma de Oz - Parte 11,Lyman Frank Baum,heroes_y_aventuras,Elejandria
cuento_3265.txt,Ozma de Oz - Parte 12,Lyman Frank Baum,heroes_y_aventuras,Elejandria
cuento_3266.txt,Ozma de Oz - Parte 13,Lyman Frank Baum,heroes_y_aventuras,Elejandria
cuento_3267.txt,Ozma de Oz - Parte 14,Lyman Frank Baum,heroes_y_aventuras,Elejandria
cuento_3268.txt,Ozma de Oz - Parte 15,Lyman Frank Baum,heroes_y_aventuras,Elejandria
cuento_3269.txt,Ozma de Oz - Parte 16,Lyman Frank Baum,heroes_y_aventuras,Elejandria
cuento_3270.txt,Ozma de Oz - Parte 17,Lyman Frank Baum,heroes_y_aventuras,Elejandria
cuento_3271.txt,Ozma de Oz - Parte 18,Lyman Frank Baum,heroes_y_aventuras,Elejandria
cuento_3272.txt,Ozma de Oz - Parte 19,Lyman Frank Baum,heroes_y_aventuras,Elejandria
cuento_3273.txt,Ozma de Oz - Parte 20,Lyman Frank Baum,heroes_y_aventuras,Elejandria
cuento_3274.txt,Ozma de Oz - Parte 21,Lyman Frank Baum,heroes_y_aventuras,Elejandria
cuento_3275.txt,Ozma de Oz - Parte 22,Lyman Frank Baum,heroes_y_aventuras,Elejandria
cuento_3276.txt,Ozma de Oz - Parte 23,Lyman Frank Baum,heroes_y_aventuras,Elejandria
cuento_3277.txt,"parker-adderson,filosofo-ambrose-bierce",Ambrose Bierce,heroes_y_aventuras,Elejandria
cuento_3278.txt,Peter Pan y Wendy - Parte 1,J.M. Barrie,heroes_y_aventuras,Elejandria
cuento_3279.txt,Peter Pan y Wendy - Parte 2,J.M. Barrie,heroes_y_aventuras,Elejandria
cuento_3280.txt,Peter Pan y Wendy - Parte 3,J.M. Barrie,heroes_y_aventuras,Elejandria
cuento_3281.txt,Peter Pan y Wendy - Parte 4,J.M. Barrie,heroes_y_aventuras,Elejandria
cuento_3282.txt,Peter Pan y Wendy - Parte 5,J.M. Barrie,heroes_y_aventuras,Elejandria
cuento_3283.txt,Peter Pan y Wendy - Parte 6,J.M. Barrie,heroes_y_aventuras,Elejandria
cuento_3284.txt,Peter Pan y Wendy - Parte 7,J.M. Barrie,heroes_y_aventuras,Elejandria
cuento_3285.txt,Piel de asno,Charles Perrault,heroes_y_aventuras,Elejandria
cuento_3286.txt,Piel de Oso,Hermanos Grimm,heroes_y_aventuras,Elejandria
cuento_3287.txt,Plick y Plock - Parte 1,Eugène Sue,heroes_y_aventuras,Elejandria
cuento_3288.txt,Plick y Plock - Parte 2,Eugène Sue,heroes_y_aventuras,Elejandria
cuento_3289.txt,Plick y Plock - Parte 3,Eugène Sue,heroes_y_aventuras,Elejandria
cuento_3290.txt,Plick y Plock - Parte 4,Eugène Sue,heroes_y_aventuras,Elejandria
cuento_3291.txt,Plick y Plock - Parte 5,Eugène Sue,heroes_y_aventuras,Elejandria
cuento_3292.txt,Plick y Plock - Parte 6,Eugène Sue,heroes_y_aventuras,Elejandria
cuento_3293.txt,Plick y Plock - Parte 7,Eugène Sue,heroes_y_aventuras,Elejandria
cuento_3294.txt,Plick y Plock - Parte 8,Eugène Sue,heroes_y_aventuras,Elejandria
cuento_3295.txt,Plick y Plock - Parte 9,Eugène Sue,heroes_y_aventuras,Elejandria
cuento_3296.txt,Plick y Plock - Parte 10,Eugène Sue,heroes_y_aventuras,Elejandria
cuento_3297.txt,Plick y Plock - Parte 11,Eugène Sue,heroes_y_aventuras,Elejandria
cuento_3298.txt,Plick y Plock - Parte 12,Eugène Sue,heroes_y_aventuras,Elejandria
cuento_3299.txt,Plick y Plock - Parte 13,Eugène Sue,heroes_y_aventuras,Elejandria
cuento_3300.txt,Plick y Plock - Parte 14,Eugène Sue,heroes_y_aventuras,Elejandria
cuento_3301.txt,Plick y Plock - Parte 15,Eugène Sue,heroes_y_aventuras,Elejandria
cuento_3302.txt,Plick y Plock - Parte 16,Eugène Sue,heroes_y_aventuras,Elejandria
cuento_3303.txt,Plick y Plock - Parte 17,Eugène Sue,heroes_y_aventuras,Elejandria
cuento_3304.txt,Plick y Plock - Parte 18,Eugène Sue,heroes_y_aventuras,Elejandria
cuento_3305.txt,Plick y Plock - Parte 19,Eugène Sue,heroes_y_aventuras,Elejandria
cuento_3306.txt,Plick y Plock - Parte 20,Eugène Sue,heroes_y_aventuras,Elejandria
cuento_3307.txt,Plick y Plock - Parte 21,Eugène Sue,heroes_y_aventuras,Elejandria
cuento_3308.txt,Plick y Plock - Parte 22,Eugène Sue,heroes_y_aventuras,Elejandria
cuento_3309.txt,Plick y Plock - Parte 23,Eugène Sue,heroes_y_aventuras,Elejandria
cuento_3310.txt,Plick y Plock - Parte 24,Eugène Sue,heroes_y_aventuras,Elejandria
cuento_3311.txt,Plick y Plock - Parte 25,Eugène Sue,heroes_y_aventuras,Elejandria
cuento_3312.txt,Plick y Plock - Parte 26,Eugène Sue,heroes_y_aventuras,Elejandria
cuento_3313.txt,Plick y Plock - Parte 27,Eugène Sue,heroes_y_aventuras,Elejandria
cuento_3314.txt,Plick y Plock - Parte 28,Eugène Sue,heroes_y_aventuras,Elejandria
cuento_3315.txt,Prometeo encadenado,Esquilo,heroes_y_aventuras,Elejandria
cuento_3316.txt,Pulgarcito.rtf,Charles Perrault,heroes_y_aventuras,Elejandria
cuento_3317.txt,El Enano Saltarín,Hermanos Grimm,heroes_y_aventuras,Elejandria
cuento_3318.txt,Sandokán: El Rey del Mar - Parte 1,Emilio Salgàri,heroes_y_aventuras,Elejandria
cuento_3319.txt,Sandokán: El Rey del Mar - Parte 2,Emilio Salgàri,heroes_y_aventuras,Elejandria
cuento_3320.txt,Sandokán: El Rey del Mar - Parte 3,Emilio Salgàri,heroes_y_aventuras,Elejandria
cuento_3321.txt,Sandokán: El Rey del Mar - Parte 4,Emilio Salgàri,heroes_y_aventuras,Elejandria
cuento_3322.txt,Sandokán: El Rey del Mar - Parte 5,Emilio Salgàri,heroes_y_aventuras,Elejandria
cuento_3323.txt,Sandokán: El Rey del Mar - Parte 6,Emilio Salgàri,heroes_y_aventuras,Elejandria
cuento_3324.txt,Sandokán: El Rey del Mar - Parte 7,Emilio Salgàri,heroes_y_aventuras,Elejandria
cuento_3325.txt,Sandokán: El Rey del Mar - Parte 8,Emilio Salgàri,heroes_y_aventuras,Elejandria
cuento_3326.txt,Sandokán: El Rey del Mar - Parte 9,Emilio Salgàri,heroes_y_aventuras,Elejandria
cuento_3327.txt,Sandokán: El Rey del Mar - Parte 10,Emilio Salgàri,heroes_y_aventuras,Elejandria
cuento_3328.txt,Sandokán: El Rey del Mar - Parte 11,Emilio Salgàri,heroes_y_aventuras,Elejandria
cuento_3329.txt,Sandokán: El Rey del Mar - Parte 12,Emilio Salgàri,heroes_y_aventuras,Elejandria
cuento_3330.txt,Sandokán: El Rey del Mar - Parte 13,Emilio Salgàri,heroes_y_aventuras,Elejandria
cuento_3331.txt,Sandokán: El Rey del Mar - Parte 14,Emilio Salgàri,heroes_y_aventuras,Elejandria
cuento_3332.txt,Sandokán: El Rey del Mar - Parte 15,Emilio Salgàri,heroes_y_aventuras,Elejandria
cuento_3333.txt,Sandokán: El Rey del Mar - Parte 16,Emilio Salgàri,heroes_y_aventuras,Elejandria
cuento_3334.txt,Sandokán: El Rey del Mar - Parte 17,Emilio Salgàri,heroes_y_aventuras,Elejandria
cuento_3335.txt,Simbad el marino,Anónimo,heroes_y_aventuras,Elejandria
cuento_3336.txt,Solomon Kane - Parte 1,Robert E. Howard,heroes_y_aventuras,Elejandria
cuento_3337.txt,Solomon Kane - Parte 2,Robert E. Howard,heroes_y_aventuras,Elejandria
cuento_3338.txt,Solomon Kane - Parte 3,Robert E. Howard,heroes_y_aventuras,Elejandria
cuento_3339.txt,Solomon Kane - Parte 4,Robert E. Howard,heroes_y_aventuras,Elejandria
cuento_3340.txt,Solomon Kane - Parte 5,Robert E. Howard,heroes_y_aventuras,Elejandria
cuento_3341.txt,Solomon Kane - Parte 6,Robert E. Howard,heroes_y_aventuras,Elejandria
cuento_3342.txt,Solomon Kane - Parte 7,Robert E. Howard,heroes_y_aventuras,Elejandria
cuento_3343.txt,Solomon Kane - Parte 8,Robert E. Howard,heroes_y_aventuras,Elejandria
cuento_3344.txt,Solomon Kane - Parte 9,Robert E. Howard,heroes_y_aventuras,Elejandria
cuento_3345.txt,Solomon Kane - Parte 10,Robert E. Howard,heroes_y_aventuras,Elejandria
cuento_3346.txt,Solomon Kane - Parte 11,Robert E. Howard,heroes_y_aventuras,Elejandria
cuento_3347.txt,un-jinete-por-el-cielo-ambrose-bierce,Ambrose Bierce,heroes_y_aventuras,Elejandria
cuento_3348.txt,Un triste caso,James Joyce,heroes_y_aventuras,Elejandria
cuento_3349.txt,Una ciudad flotante - Parte 1,Julio Verne,heroes_y_aventuras,Elejandria
cuento_3350.txt,Una ciudad flotante - Parte 2,Julio Verne,heroes_y_aventuras,Elejandria
cuento_3351.txt,Una ciudad flotante - Parte 3,Julio Verne,heroes_y_aventuras,Elejandria
cuento_3352.txt,Una ciudad flotante - Parte 4,Julio Verne,heroes_y_aventuras,Elejandria
cuento_3353.txt,Una ciudad flotante - Parte 5,Julio Verne,heroes_y_aventuras,Elejandria
cuento_3354.txt,Una ciudad flotante - Parte 6,Julio Verne,heroes_y_aventuras,Elejandria
cuento_3355.txt,Una ciudad flotante - Parte 7,Julio Verne,heroes_y_aventuras,Elejandria
cuento_3356.txt,Una ciudad flotante - Parte 8,Julio Verne,heroes_y_aventuras,Elejandria
cuento_3357.txt,Una ciudad flotante - Parte 9,Julio Verne,heroes_y_aventuras,Elejandria
cuento_3358.txt,Una ciudad flotante - Parte 10,Julio Verne,heroes_y_aventuras,Elejandria
cuento_3359.txt,Una ciudad flotante - Parte 11,Julio Verne,heroes_y_aventuras,Elejandria
cuento_3360.txt,Una ciudad flotante - Parte 12,Julio Verne,heroes_y_aventuras,Elejandria
cuento_3361.txt,Una ciudad flotante - Parte 13,Julio Verne,heroes_y_aventuras,Elejandria
cuento_3362.txt,Una ciudad flotante - Parte 14,Julio Verne,heroes_y_aventuras,Elejandria
cuento_3363.txt,Una ciudad flotante - Parte 15,Julio Verne,heroes_y_aventuras,Elejandria
cuento_3364.txt,Una ciudad flotante - Parte 16,Julio Verne,heroes_y_aventuras,Elejandria
cuento_3365.txt,Una ciudad flotante - Parte 17,Julio Verne,heroes_y_aventuras,Elejandria
cuento_3366.txt,Una ciudad flotante - Parte 18,Julio Verne,heroes_y_aventuras,Elejandria
cuento_3367.txt,Una ciudad flotante - Parte 19,Julio Verne,heroes_y_aventuras,Elejandria
cuento_3368.txt,Una ciudad flotante - Parte 20,Julio Verne,heroes_y_aventuras,Elejandria
cuento_3369.txt,Una ciudad flotante - Parte 21,Julio Verne,heroes_y_aventuras,Elejandria
cuento_3370.txt,Una ciudad flotante - Parte 22,Julio Verne,heroes_y_aventuras,Elejandria
cuento_3371.txt,Una ciudad flotante - Parte 23,Julio Verne,heroes_y_aventuras,Elejandria
cuento_3372.txt,Una ciudad flotante - Parte 24,Julio Verne,heroes_y_aventuras,Elejandria
cuento_3373.txt,Una ciudad flotante - Parte 25,Julio Verne,heroes_y_aventuras,Elejandria
cuento_3374.txt,Una ciudad flotante - Parte 26,Julio Verne,heroes_y_aventuras,Elejandria
cuento_3375.txt,Una ciudad flotante - Parte 27,Julio Verne,heroes_y_aventuras,Elejandria
cuento_3376.txt,Una ciudad flotante - Parte 28,Julio Verne,heroes_y_aventuras,Elejandria
cuento_3377.txt,Una ciudad flotante - Parte 29,Julio Verne,heroes_y_aventuras,Elejandria
cuento_3378.txt,Una ciudad flotante - Parte 30,Julio Verne,heroes_y_aventuras,Elejandria
cuento_3379.txt,Una ciudad flotante - Parte 31,Julio Verne,heroes_y_aventuras,Elejandria
cuento_3380.txt,Una ciudad flotante - Parte 32,Julio Verne,heroes_y_aventuras,Elejandria
cuento_3381.txt,Una ciudad flotante - Parte 33,Julio Verne,heroes_y_aventuras,Elejandria
cuento_3382.txt,Una ciudad flotante - Parte 34,Julio Verne,heroes_y_aventuras,Elejandria
cuento_3383.txt,Una ciudad flotante - Parte 35,Julio Verne,heroes_y_aventuras,Elejandria
cuento_3384.txt,Una ciudad flotante - Parte 36,Julio Verne,heroes_y_aventuras,Elejandria
cuento_3385.txt,Una ciudad flotante - Parte 37,Julio Verne,heroes_y_aventuras,Elejandria
cuento_3386.txt,Una ciudad flotante - Parte 38,Julio Verne,heroes_y_aventuras,Elejandria
cuento_3387.txt,Una ciudad flotante - Parte 39,Julio Verne,heroes_y_aventuras,Elejandria
cuento_3388.txt,una-dama-de-redhorse-ambrose-bierce,Ambrose Bierce,heroes_y_aventuras,Elejandria
cuento_3389.txt,una-escaramuza-en-los-puestos-de-avanzad-ambrose-bierce,Ambrose Bierce,heroes_y_aventuras,Elejandria
cuento_3390.txt,una pelea dura-ambrose-bierce,Ambrose Bierce,heroes_y_aventuras,Elejandria
cuento_3391.txt,Vasilisa la bella,Aleksandr Afanásiev,heroes_y_aventuras,Elejandria
cuento_3392.txt,Veinte mil leguas de viaje submarino - Parte 1,Julio Verne,heroes_y_aventuras,Elejandria
cuento_3393.txt,Veinte mil leguas de viaje submarino - Parte 2,Julio Verne,heroes_y_aventuras,Elejandria
cuento_3394.txt,Veinte mil leguas de viaje submarino - Parte 3,Julio Verne,heroes_y_aventuras,Elejandria
cuento_3395.txt,Veinte mil leguas de viaje submarino - Parte 4,Julio Verne,heroes_y_aventuras,Elejandria
cuento_3396.txt,Veinte mil leguas de viaje submarino - Parte 5,Julio Verne,heroes_y_aventuras,Elejandria
cuento_3397.txt,Veinte mil leguas de viaje submarino - Parte 6,Julio Verne,heroes_y_aventuras,Elejandria
cuento_3398.txt,Veinte mil leguas de viaje submarino - Parte 7,Julio Verne,heroes_y_aventuras,Elejandria
cuento_3399.txt,Veinte mil leguas de viaje submarino - Parte 8,Julio Verne,heroes_y_aventuras,Elejandria
cuento_3400.txt,Veinte mil leguas de viaje submarino - Parte 9,Julio Verne,heroes_y_aventuras,Elejandria
cuento_3401.txt,Veinte mil leguas de viaje submarino - Parte 10,Julio Verne,heroes_y_aventuras,Elejandria
cuento_3402.txt,Veinte mil leguas de viaje submarino - Parte 11,Julio Verne,heroes_y_aventuras,Elejandria
cuento_3403.txt,Veinte mil leguas de viaje submarino - Parte 12,Julio Verne,heroes_y_aventuras,Elejandria
cuento_3404.txt,Veinte mil leguas de viaje submarino - Parte 13,Julio Verne,heroes_y_aventuras,Elejandria
cuento_3405.txt,Veinte mil leguas de viaje submarino - Parte 14,Julio Verne,heroes_y_aventuras,Elejandria
cuento_3406.txt,Veinte mil leguas de viaje submarino - Parte 15,Julio Verne,heroes_y_aventuras,Elejandria
cuento_3407.txt,Veinte mil leguas de viaje submarino - Parte 16,Julio Verne,heroes_y_aventuras,Elejandria
cuento_3408.txt,Veinte mil leguas de viaje submarino - Parte 17,Julio Verne,heroes_y_aventuras,Elejandria
cuento_3409.txt,Veinte mil leguas de viaje submarino - Parte 18,Julio Verne,heroes_y_aventuras,Elejandria
cuento_3410.txt,Veinte mil leguas de viaje submarino - Parte 19,Julio Verne,heroes_y_aventuras,Elejandria
cuento_3411.txt,Veinte mil leguas de viaje submarino - Parte 20,Julio Verne,heroes_y_aventuras,Elejandria
cuento_3412.txt,Veinte mil leguas de viaje submarino - Parte 21,Julio Verne,heroes_y_aventuras,Elejandria
cuento_3413.txt,Veinte mil leguas de viaje submarino - Parte 22,Julio Verne,heroes_y_aventuras,Elejandria
cuento_3414.txt,Veinte mil leguas de viaje submarino - Parte 23,Julio Verne,heroes_y_aventuras,Elejandria
cuento_3415.txt,Veinte mil leguas de viaje submarino - Parte 24,Julio Verne,heroes_y_aventuras,Elejandria
cuento_3416.txt,Veinte mil leguas de viaje submarino - Parte 25,Julio Verne,heroes_y_aventuras,Elejandria
cuento_3417.txt,Veinte mil leguas de viaje submarino - Parte 26,Julio Verne,heroes_y_aventuras,Elejandria
cuento_3418.txt,Veinte mil leguas de viaje submarino - Parte 27,Julio Verne,heroes_y_aventuras,Elejandria
cuento_3419.txt,Veinte mil leguas de viaje submarino - Parte 28,Julio Verne,heroes_y_aventuras,Elejandria
cuento_3420.txt,Veinte mil leguas de viaje submarino - Parte 29,Julio Verne,heroes_y_aventuras,Elejandria
cuento_3421.txt,Veinte mil leguas de viaje submarino - Parte 30,Julio Verne,heroes_y_aventuras,Elejandria
cuento_3422.txt,Veinte mil leguas de viaje submarino - Parte 31,Julio Verne,heroes_y_aventuras,Elejandria
cuento_3423.txt,Veinte mil leguas de viaje submarino - Parte 32,Julio Verne,heroes_y_aventuras,Elejandria
cuento_3424.txt,Veinte mil leguas de viaje submarino - Parte 33,Julio Verne,heroes_y_aventuras,Elejandria
cuento_3425.txt,Veinte mil leguas de viaje submarino - Parte 34,Julio Verne,heroes_y_aventuras,Elejandria
cuento_3426.txt,Veinte mil leguas de viaje submarino - Parte 35,Julio Verne,heroes_y_aventuras,Elejandria
cuento_3427.txt,Veinte mil leguas de viaje submarino - Parte 36,Julio Verne,heroes_y_aventuras,Elejandria
cuento_3428.txt,Veinte mil leguas de viaje submarino - Parte 37,Julio Verne,heroes_y_aventuras,Elejandria
cuento_3429.txt,Veinte mil leguas de viaje submarino - Parte 38,Julio Verne,heroes_y_aventuras,Elejandria
cuento_3430.txt,Veinte mil leguas de viaje submarino - Parte 39,Julio Verne,heroes_y_aventuras,Elejandria
cuento_3431.txt,Veinte mil leguas de viaje submarino - Parte 40,Julio Verne,heroes_y_aventuras,Elejandria
cuento_3432.txt,Veinte mil leguas de viaje submarino - Parte 41,Julio Verne,heroes_y_aventuras,Elejandria
cuento_3433.txt,Veinte mil leguas de viaje submarino - Parte 42,Julio Verne,heroes_y_aventuras,Elejandria
cuento_3434.txt,Veinte mil leguas de viaje submarino - Parte 43,Julio Verne,heroes_y_aventuras,Elejandria
cuento_3435.txt,Veinte mil leguas de viaje submarino - Parte 44,Julio Verne,heroes_y_aventuras,Elejandria
cuento_3436.txt,Veinte mil leguas de viaje submarino - Parte 45,Julio Verne,heroes_y_aventuras,Elejandria
cuento_3437.txt,Veinte mil leguas de viaje submarino - Parte 46,Julio Verne,heroes_y_aventuras,Elejandria
cuento_3438.txt,Veinte mil leguas de viaje submarino - Parte 47,Julio Verne,heroes_y_aventuras,Elejandria
cuento_3439.txt,Veinte mil leguas de viaje submarino - Parte 48,Julio Verne,heroes_y_aventuras,Elejandria
cuento_3440.txt,Veinte mil leguas de viaje submarino - Parte 49,Julio Verne,heroes_y_aventuras,Elejandria
cuento_3441.txt,Viaje alrededor de la luna - Parte 1,Julio Verne,heroes_y_aventuras,Elejandria
cuento_3442.txt,Viaje alrededor de la luna - Parte 2,Julio Verne,heroes_y_aventuras,Elejandria
cuento_3443.txt,Viaje alrededor de la luna - Parte 3,Julio Verne,heroes_y_aventuras,Elejandria
cuento_3444.txt,Viaje alrededor de la luna - Parte 4,Julio Verne,heroes_y_aventuras,Elejandria
cuento_3445.txt,Viaje alrededor de la luna - Parte 5,Julio Verne,heroes_y_aventuras,Elejandria
cuento_3446.txt,Viaje alrededor de la luna - Parte 6,Julio Verne,heroes_y_aventuras,Elejandria
cuento_3447.txt,Viaje alrededor de la luna - Parte 7,Julio Verne,heroes_y_aventuras,Elejandria
cuento_3448.txt,Viaje alrededor de la luna - Parte 8,Julio Verne,heroes_y_aventuras,Elejandria
cuento_3449.txt,Viaje alrededor de la luna - Parte 9,Julio Verne,heroes_y_aventuras,Elejandria
cuento_3450.txt,Viaje alrededor de la luna - Parte 10,Julio Verne,heroes_y_aventuras,Elejandria
cuento_3451.txt,Viaje alrededor de la luna - Parte 11,Julio Verne,heroes_y_aventuras,Elejandria
cuento_3452.txt,A La Conquista De Un Imperio - Parte 1,Emilio Salgari,heroes_y_aventuras,Elejandria
cuento_3453.txt,A La Conquista De Un Imperio - Parte 2,Emilio Salgari,heroes_y_aventuras,Elejandria
cuento_3454.txt,A La Conquista De Un Imperio - Parte 3,Emilio Salgari,heroes_y_aventuras,Elejandria
cuento_3455.txt,A La Conquista De Un Imperio - Parte 4,Emilio Salgari,heroes_y_aventuras,Elejandria
cuento_3456.txt,A La Conquista De Un Imperio - Parte 5,Emilio Salgari,heroes_y_aventuras,Elejandria
cuento_3457.txt,A La Conquista De Un Imperio - Parte 6,Emilio Salgari,heroes_y_aventuras,Elejandria
cuento_3458.txt,A La Conquista De Un Imperio - Parte 7,Emilio Salgari,heroes_y_aventuras,Elejandria
cuento_3459.txt,A La Conquista De Un Imperio - Parte 8,Emilio Salgari,heroes_y_aventuras,Elejandria
cuento_3460.txt,A La Conquista De Un Imperio - Parte 9,Emilio Salgari,heroes_y_aventuras,Elejandria
cuento_3461.txt,A La Conquista De Un Imperio - Parte 10,Emilio Salgari,heroes_y_aventuras,Elejandria
cuento_3462.txt,A La Conquista De Un Imperio - Parte 11,Emilio Salgari,heroes_y_aventuras,Elejandria
cuento_3463.txt,A La Conquista De Un Imperio - Parte 12,Emilio Salgari,heroes_y_aventuras,Elejandria
cuento_3464.txt,A La Conquista De Un Imperio - Parte 13,Emilio Salgari,heroes_y_aventuras,Elejandria
cuento_3465.txt,A La Conquista De Un Imperio - Parte 14,Emilio Salgari,heroes_y_aventuras,Elejandria
cuento_3466.txt,A La Conquista De Un Imperio - Parte 15,Emilio Salgari,heroes_y_aventuras,Elejandria
cuento_3467.txt,A La Conquista De Un Imperio - Parte 16,Emilio Salgari,heroes_y_aventuras,Elejandria
cuento_3468.txt,A La Conquista De Un Imperio - Parte 17,Emilio Salgari,heroes_y_aventuras,Elejandria
cuento_3469.txt,A La Conquista De Un Imperio - Parte 18,Emilio Salgari,heroes_y_aventuras,Elejandria
cuento_3470.txt,A La Conquista De Un Imperio - Parte 19,Emilio Salgari,heroes_y_aventuras,Elejandria
cuento_3471.txt,A La Conquista De Un Imperio - Parte 20,Emilio Salgari,heroes_y_aventuras,Elejandria
cuento_3472.txt,A La Conquista De Un Imperio - Parte 21,Emilio Salgari,heroes_y_aventuras,Elejandria
cuento_3473.txt,A La Conquista De Un Imperio - Parte 22,Emilio Salgari,heroes_y_aventuras,Elejandria
cuento_3474.txt,A La Conquista De Un Imperio - Parte 23,Emilio Salgari,heroes_y_aventuras,Elejandria
cuento_3475.txt,A La Conquista De Un Imperio - Parte 24,Emilio Salgari,heroes_y_aventuras,Elejandria
cuento_3476.txt,A La Conquista De Un Imperio - Parte 25,Emilio Salgari,heroes_y_aventuras,Elejandria
cuento_3477.txt,A La Conquista De Un Imperio - Parte 26,Emilio Salgari,heroes_y_aventuras,Elejandria
cuento_3478.txt,A La Conquista De Un Imperio - Parte 27,Emilio Salgari,heroes_y_aventuras,Elejandria
cuento_3479.txt,A La Conquista De Un Imperio - Parte 28,Emilio Salgari,heroes_y_aventuras,Elejandria
cuento_3480.txt,A La Conquista De Un Imperio - Parte 29,Emilio Salgari,heroes_y_aventuras,Elejandria
cuento_3481.txt,A La Conquista De Un Imperio - Parte 30,Emilio Salgari,heroes_y_aventuras,Elejandria
cuento_3482.txt,Amina La Vengadora - Parte 1,Emilio Salgari,heroes_y_aventuras,Elejandria
cuento_3483.txt,Amina La Vengadora - Parte 2,Emilio Salgari,heroes_y_aventuras,Elejandria
cuento_3484.txt,Amina La Vengadora - Parte 3,Emilio Salgari,heroes_y_aventuras,Elejandria
cuento_3485.txt,Amina La Vengadora - Parte 4,Emilio Salgari,heroes_y_aventuras,Elejandria
cuento_3486.txt,Amina La Vengadora - Parte 5,Emilio Salgari,heroes_y_aventuras,Elejandria
cuento_3487.txt,Amina La Vengadora - Parte 6,Emilio Salgari,heroes_y_aventuras,Elejandria
cuento_3488.txt,Amina La Vengadora - Parte 7,Emilio Salgari,heroes_y_aventuras,Elejandria
cuento_3489.txt,Amina La Vengadora - Parte 8,Emilio Salgari,heroes_y_aventuras,Elejandria
cuento_3490.txt,Amina La Vengadora - Parte 9,Emilio Salgari,heroes_y_aventuras,Elejandria
cuento_3491.txt,Amina La Vengadora - Parte 10,Emilio Salgari,heroes_y_aventuras,Elejandria
cuento_3492.txt,Amina La Vengadora - Parte 11,Emilio Salgari,heroes_y_aventuras,Elejandria
cuento_3493.txt,Amina La Vengadora - Parte 12,Emilio Salgari,heroes_y_aventuras,Elejandria
cuento_3494.txt,Anónimo - Beowulf [trad. Lerate] C1234.doc - Parte 1,ck,heroes_y_aventuras,Elejandria
cuento_3495.txt,Anónimo - Beowulf [trad. Lerate] C1234.doc - Parte 2,ck,heroes_y_aventuras,Elejandria
cuento_3496.txt,Anónimo - Beowulf [trad. Lerate] C1234.doc - Parte 3,ck,heroes_y_aventuras,Elejandria
cuento_3497.txt,Anónimo - Beowulf [trad. Lerate] C1234.doc - Parte 4,ck,heroes_y_aventuras,Elejandria
cuento_3498.txt,César Cascabel - Parte 1,Julio Verne,heroes_y_aventuras,Elejandria
cuento_3499.txt,César Cascabel - Parte 2,Julio Verne,heroes_y_aventuras,Elejandria
cuento_3500.txt,César Cascabel - Parte 3,Julio Verne,heroes_y_aventuras,Elejandria
cuento_3501.txt,César Cascabel - Parte 4,Julio Verne,heroes_y_aventuras,Elejandria
cuento_3502.txt,César Cascabel - Parte 5,Julio Verne,heroes_y_aventuras,Elejandria
cuento_3503.txt,César Cascabel - Parte 6,Julio Verne,heroes_y_aventuras,Elejandria
cuento_3504.txt,César Cascabel - Parte 7,Julio Verne,heroes_y_aventuras,Elejandria
cuento_3505.txt,César Cascabel - Parte 8,Julio Verne,heroes_y_aventuras,Elejandria
cuento_3506.txt,César Cascabel - Parte 9,Julio Verne,heroes_y_aventuras,Elejandria
cuento_3507.txt,César Cascabel - Parte 10,Julio Verne,heroes_y_aventuras,Elejandria
cuento_3508.txt,César Cascabel - Parte 11,Julio Verne,heroes_y_aventuras,Elejandria
cuento_3509.txt,César Cascabel - Parte 12,Julio Verne,heroes_y_aventuras,Elejandria
cuento_3510.txt,César Cascabel - Parte 13,Julio Verne,heroes_y_aventuras,Elejandria
cuento_3511.txt,César Cascabel - Parte 14,Julio Verne,heroes_y_aventuras,Elejandria
cuento_3512.txt,César Cascabel - Parte 15,Julio Verne,heroes_y_aventuras,Elejandria
cuento_3513.txt,César Cascabel - Parte 16,Julio Verne,heroes_y_aventuras,Elejandria
cuento_3514.txt,César Cascabel - Parte 17,Julio Verne,heroes_y_aventuras,Elejandria
cuento_3515.txt,César Cascabel - Parte 18,Julio Verne,heroes_y_aventuras,Elejandria
cuento_3516.txt,César Cascabel - Parte 19,Julio Verne,heroes_y_aventuras,Elejandria
cuento_3517.txt,César Cascabel - Parte 20,Julio Verne,heroes_y_aventuras,Elejandria
cuento_3518.txt,César Cascabel - Parte 21,Julio Verne,heroes_y_aventuras,Elejandria
cuento_3519.txt,César Cascabel - Parte 22,Julio Verne,heroes_y_aventuras,Elejandria
cuento_3520.txt,César Cascabel - Parte 23,Julio Verne,heroes_y_aventuras,Elejandria
cuento_3521.txt,César Cascabel - Parte 24,Julio Verne,heroes_y_aventuras,Elejandria
cuento_3522.txt,César Cascabel - Parte 25,Julio Verne,heroes_y_aventuras,Elejandria
cuento_3523.txt,César Cascabel - Parte 26,Julio Verne,heroes_y_aventuras,Elejandria
cuento_3524.txt,César Cascabel - Parte 27,Julio Verne,heroes_y_aventuras,Elejandria
cuento_3525.txt,César Cascabel - Parte 28,Julio Verne,heroes_y_aventuras,Elejandria
cuento_3526.txt,César Cascabel - Parte 29,Julio Verne,heroes_y_aventuras,Elejandria
cuento_3527.txt,César Cascabel - Parte 30,Julio Verne,heroes_y_aventuras,Elejandria
cuento_3528.txt,César Cascabel - Parte 31,Julio Verne,heroes_y_aventuras,Elejandria
cuento_3529.txt,César Cascabel - Parte 32,Julio Verne,heroes_y_aventuras,Elejandria
cuento_3530.txt,César Cascabel - Parte 33,Julio Verne,heroes_y_aventuras,Elejandria
cuento_3531.txt,César Cascabel - Parte 34,Julio Verne,heroes_y_aventuras,Elejandria
cuento_3532.txt,César Cascabel - Parte 35,Julio Verne,heroes_y_aventuras,Elejandria
cuento_3533.txt,Claudio Bombarnac - Parte 1,Jules Verne,heroes_y_aventuras,Elejandria
cuento_3534.txt,Claudio Bombarnac - Parte 2,Jules Verne,heroes_y_aventuras,Elejandria
cuento_3535.txt,Claudio Bombarnac - Parte 3,Jules Verne,heroes_y_aventuras,Elejandria
cuento_3536.txt,Claudio Bombarnac - Parte 4,Jules Verne,heroes_y_aventuras,Elejandria
cuento_3537.txt,Claudio Bombarnac - Parte 5,Jules Verne,heroes_y_aventuras,Elejandria
cuento_3538.txt,Claudio Bombarnac - Parte 6,Jules Verne,heroes_y_aventuras,Elejandria
cuento_3539.txt,Claudio Bombarnac - Parte 7,Jules Verne,heroes_y_aventuras,Elejandria
cuento_3540.txt,Claudio Bombarnac - Parte 8,Jules Verne,heroes_y_aventuras,Elejandria
cuento_3541.txt,Claudio Bombarnac - Parte 9,Jules Verne,heroes_y_aventuras,Elejandria
cuento_3542.txt,Claudio Bombarnac - Parte 10,Jules Verne,heroes_y_aventuras,Elejandria
cuento_3543.txt,Claudio Bombarnac - Parte 11,Jules Verne,heroes_y_aventuras,Elejandria
cuento_3544.txt,Claudio Bombarnac - Parte 12,Jules Verne,heroes_y_aventuras,Elejandria
cuento_3545.txt,Claudio Bombarnac - Parte 13,Jules Verne,heroes_y_aventuras,Elejandria
cuento_3546.txt,Claudio Bombarnac - Parte 14,Jules Verne,heroes_y_aventuras,Elejandria
cuento_3547.txt,Claudio Bombarnac - Parte 15,Jules Verne,heroes_y_aventuras,Elejandria
cuento_3548.txt,Claudio Bombarnac - Parte 16,Jules Verne,heroes_y_aventuras,Elejandria
cuento_3549.txt,Claudio Bombarnac - Parte 17,Jules Verne,heroes_y_aventuras,Elejandria
cuento_3550.txt,Claudio Bombarnac - Parte 18,Jules Verne,heroes_y_aventuras,Elejandria
cuento_3551.txt,Claudio Bombarnac - Parte 19,Jules Verne,heroes_y_aventuras,Elejandria
cuento_3552.txt,Claudio Bombarnac - Parte 20,Jules Verne,heroes_y_aventuras,Elejandria
cuento_3553.txt,Claudio Bombarnac - Parte 21,Jules Verne,heroes_y_aventuras,Elejandria
cuento_3554.txt,Claudio Bombarnac - Parte 22,Jules Verne,heroes_y_aventuras,Elejandria
cuento_3555.txt,Claudio Bombarnac - Parte 23,Jules Verne,heroes_y_aventuras,Elejandria
cuento_3556.txt,Claudio Bombarnac - Parte 24,Jules Verne,heroes_y_aventuras,Elejandria
cuento_3557.txt,Claudio Bombarnac - Parte 25,Jules Verne,heroes_y_aventuras,Elejandria
cuento_3558.txt,Claudio Bombarnac - Parte 26,Jules Verne,heroes_y_aventuras,Elejandria
cuento_3559.txt,Claudio Bombarnac - Parte 27,Jules Verne,heroes_y_aventuras,Elejandria
cuento_3560.txt,Clovis Dardentor - Julio Verne - Parte 1,elaleph.com,heroes_y_aventuras,Elejandria
cuento_3561.txt,Clovis Dardentor - Julio Verne - Parte 2,elaleph.com,heroes_y_aventuras,Elejandria
cuento_3562.txt,Clovis Dardentor - Julio Verne - Parte 3,elaleph.com,heroes_y_aventuras,Elejandria
cuento_3563.txt,Clovis Dardentor - Julio Verne - Parte 4,elaleph.com,heroes_y_aventuras,Elejandria
cuento_3564.txt,Clovis Dardentor - Julio Verne - Parte 5,elaleph.com,heroes_y_aventuras,Elejandria
cuento_3565.txt,Clovis Dardentor - Julio Verne - Parte 6,elaleph.com,heroes_y_aventuras,Elejandria
cuento_3566.txt,Clovis Dardentor - Julio Verne - Parte 7,elaleph.com,heroes_y_aventuras,Elejandria
cuento_3567.txt,Clovis Dardentor - Julio Verne - Parte 8,elaleph.com,heroes_y_aventuras,Elejandria
cuento_3568.txt,Clovis Dardentor - Julio Verne - Parte 9,elaleph.com,heroes_y_aventuras,Elejandria
cuento_3569.txt,Clovis Dardentor - Julio Verne - Parte 10,elaleph.com,heroes_y_aventuras,Elejandria
cuento_3570.txt,Clovis Dardentor - Julio Verne - Parte 11,elaleph.com,heroes_y_aventuras,Elejandria
cuento_3571.txt,Clovis Dardentor - Julio Verne - Parte 12,elaleph.com,heroes_y_aventuras,Elejandria
cuento_3572.txt,Clovis Dardentor - Julio Verne - Parte 13,elaleph.com,heroes_y_aventuras,Elejandria
cuento_3573.txt,Clovis Dardentor - Julio Verne - Parte 14,elaleph.com,heroes_y_aventuras,Elejandria
cuento_3574.txt,Clovis Dardentor - Julio Verne - Parte 15,elaleph.com,heroes_y_aventuras,Elejandria
cuento_3575.txt,Clovis Dardentor - Julio Verne - Parte 16,elaleph.com,heroes_y_aventuras,Elejandria
cuento_3576.txt,Dios te socorra,Hermanos Grimm,heroes_y_aventuras,Elejandria
cuento_3577.txt,Dos Anos De Vacaciones - Parte 1,Julio Verne,heroes_y_aventuras,Elejandria
cuento_3578.txt,Dos Anos De Vacaciones - Parte 2,Julio Verne,heroes_y_aventuras,Elejandria
cuento_3579.txt,Dos Anos De Vacaciones - Parte 3,Julio Verne,heroes_y_aventuras,Elejandria
cuento_3580.txt,Dos Anos De Vacaciones - Parte 4,Julio Verne,heroes_y_aventuras,Elejandria
cuento_3581.txt,Dos Anos De Vacaciones - Parte 5,Julio Verne,heroes_y_aventuras,Elejandria
cuento_3582.txt,Dos Anos De Vacaciones - Parte 6,Julio Verne,heroes_y_aventuras,Elejandria
cuento_3583.txt,Dos Anos De Vacaciones - Parte 7,Julio Verne,heroes_y_aventuras,Elejandria
cuento_3584.txt,Dos Anos De Vacaciones - Parte 8,Julio Verne,heroes_y_aventuras,Elejandria
cuento_3585.txt,Dos Anos De Vacaciones - Parte 9,Julio Verne,heroes_y_aventuras,Elejandria
cuento_3586.txt,Dos Anos De Vacaciones - Parte 10,Julio Verne,heroes_y_aventuras,Elejandria
cuento_3587.txt,Dos Anos De Vacaciones - Parte 11,Julio Verne,heroes_y_aventuras,Elejandria
cuento_3588.txt,Dos Anos De Vacaciones - Parte 12,Julio Verne,heroes_y_aventuras,Elejandria
cuento_3589.txt,Dos Anos De Vacaciones - Parte 13,Julio Verne,heroes_y_aventuras,Elejandria
cuento_3590.txt,Dos Anos De Vacaciones - Parte 14,Julio Verne,heroes_y_aventuras,Elejandria
cuento_3591.txt,Dos Anos De Vacaciones - Parte 15,Julio Verne,heroes_y_aventuras,Elejandria
cuento_3592.txt,Dos Anos De Vacaciones - Parte 16,Julio Verne,heroes_y_aventuras,Elejandria
cuento_3593.txt,Dos Anos De Vacaciones - Parte 17,Julio Verne,heroes_y_aventuras,Elejandria
cuento_3594.txt,Dos Anos De Vacaciones - Parte 18,Julio Verne,heroes_y_aventuras,Elejandria
cuento_3595.txt,Dos Anos De Vacaciones - Parte 19,Julio Verne,heroes_y_aventuras,Elejandria
cuento_3596.txt,Dos Anos De Vacaciones - Parte 20,Julio Verne,heroes_y_aventuras,Elejandria
cuento_3597.txt,Dos Anos De Vacaciones - Parte 21,Julio Verne,heroes_y_aventuras,Elejandria
cuento_3598.txt,Dos Anos De Vacaciones - Parte 22,Julio Verne,heroes_y_aventuras,Elejandria
cuento_3599.txt,Dos Anos De Vacaciones - Parte 23,Julio Verne,heroes_y_aventuras,Elejandria
cuento_3600.txt,El joven gigante,Hermanos Grimm,heroes_y_aventuras,Elejandria
cuento_3601.txt,El país de las pieles - Parte 1,Julio Verne,heroes_y_aventuras,Elejandria
cuento_3602.txt,El país de las pieles - Parte 2,Julio Verne,heroes_y_aventuras,Elejandria
cuento_3603.txt,El país de las pieles - Parte 3,Julio Verne,heroes_y_aventuras,Elejandria
cuento_3604.txt,El país de las pieles - Parte 4,Julio Verne,heroes_y_aventuras,Elejandria
cuento_3605.txt,El país de las pieles - Parte 5,Julio Verne,heroes_y_aventuras,Elejandria
cuento_3606.txt,El país de las pieles - Parte 6,Julio Verne,heroes_y_aventuras,Elejandria
cuento_3607.txt,El país de las pieles - Parte 7,Julio Verne,heroes_y_aventuras,Elejandria
cuento_3608.txt,El país de las pieles - Parte 8,Julio Verne,heroes_y_aventuras,Elejandria
cuento_3609.txt,El país de las pieles - Parte 9,Julio Verne,heroes_y_aventuras,Elejandria
cuento_3610.txt,El país de las pieles - Parte 10,Julio Verne,heroes_y_aventuras,Elejandria
cuento_3611.txt,El país de las pieles - Parte 11,Julio Verne,heroes_y_aventuras,Elejandria
cuento_3612.txt,El país de las pieles - Parte 12,Julio Verne,heroes_y_aventuras,Elejandria
cuento_3613.txt,El país de las pieles - Parte 13,Julio Verne,heroes_y_aventuras,Elejandria
cuento_3614.txt,El país de las pieles - Parte 14,Julio Verne,heroes_y_aventuras,Elejandria
cuento_3615.txt,El país de las pieles - Parte 15,Julio Verne,heroes_y_aventuras,Elejandria
cuento_3616.txt,El país de las pieles - Parte 16,Julio Verne,heroes_y_aventuras,Elejandria
cuento_3617.txt,El país de las pieles - Parte 17,Julio Verne,heroes_y_aventuras,Elejandria
cuento_3618.txt,El país de las pieles - Parte 18,Julio Verne,heroes_y_aventuras,Elejandria
cuento_3619.txt,El país de las pieles - Parte 19,Julio Verne,heroes_y_aventuras,Elejandria
cuento_3620.txt,El país de las pieles - Parte 20,Julio Verne,heroes_y_aventuras,Elejandria
cuento_3621.txt,El país de las pieles - Parte 21,Julio Verne,heroes_y_aventuras,Elejandria
cuento_3622.txt,El país de las pieles - Parte 22,Julio Verne,heroes_y_aventuras,Elejandria
cuento_3623.txt,El país de las pieles - Parte 23,Julio Verne,heroes_y_aventuras,Elejandria
cuento_3624.txt,El país de las pieles - Parte 24,Julio Verne,heroes_y_aventuras,Elejandria
cuento_3625.txt,El país de las pieles - Parte 25,Julio Verne,heroes_y_aventuras,Elejandria
cuento_3626.txt,El país de las pieles - Parte 26,Julio Verne,heroes_y_aventuras,Elejandria
cuento_3627.txt,El país de las pieles - Parte 27,Julio Verne,heroes_y_aventuras,Elejandria
cuento_3628.txt,El país de las pieles - Parte 28,Julio Verne,heroes_y_aventuras,Elejandria
cuento_3629.txt,El país de las pieles - Parte 29,Julio Verne,heroes_y_aventuras,Elejandria
cuento_3630.txt,El país de las pieles - Parte 30,Julio Verne,heroes_y_aventuras,Elejandria
cuento_3631.txt,El país de las pieles - Parte 31,Julio Verne,heroes_y_aventuras,Elejandria
cuento_3632.txt,El país de las pieles - Parte 32,Julio Verne,heroes_y_aventuras,Elejandria
cuento_3633.txt,El país de las pieles - Parte 33,Julio Verne,heroes_y_aventuras,Elejandria
cuento_3634.txt,El país de las pieles - Parte 34,Julio Verne,heroes_y_aventuras,Elejandria
cuento_3635.txt,El país de las pieles - Parte 35,Julio Verne,heroes_y_aventuras,Elejandria
cuento_3636.txt,El país de las pieles - Parte 36,Julio Verne,heroes_y_aventuras,Elejandria
cuento_3637.txt,El país de las pieles - Parte 37,Julio Verne,heroes_y_aventuras,Elejandria
cuento_3638.txt,El país de las pieles - Parte 38,Julio Verne,heroes_y_aventuras,Elejandria
cuento_3639.txt,El país de las pieles - Parte 39,Julio Verne,heroes_y_aventuras,Elejandria
cuento_3640.txt,El país de las pieles - Parte 40,Julio Verne,heroes_y_aventuras,Elejandria
cuento_3641.txt,El país de las pieles - Parte 41,Julio Verne,heroes_y_aventuras,Elejandria
cuento_3642.txt,El país de las pieles - Parte 42,Julio Verne,heroes_y_aventuras,Elejandria
cuento_3643.txt,El país de las pieles - Parte 43,Julio Verne,heroes_y_aventuras,Elejandria
cuento_3644.txt,El país de las pieles - Parte 44,Julio Verne,heroes_y_aventuras,Elejandria
cuento_3645.txt,El país de las pieles - Parte 45,Julio Verne,heroes_y_aventuras,Elejandria
cuento_3646.txt,El país de las pieles - Parte 46,Julio Verne,heroes_y_aventuras,Elejandria
cuento_3647.txt,El país de las pieles - Parte 47,Julio Verne,heroes_y_aventuras,Elejandria
cuento_3648.txt,El país de las pieles - Parte 48,Julio Verne,heroes_y_aventuras,Elejandria
cuento_3649.txt,El país de las pieles - Parte 49,Julio Verne,heroes_y_aventuras,Elejandria
cuento_3650.txt,El Rayo Verde - Parte 1,Julio Verne,heroes_y_aventuras,Elejandria
cuento_3651.txt,El Rayo Verde - Parte 2,Julio Verne,heroes_y_aventuras,Elejandria
cuento_3652.txt,El Rayo Verde - Parte 3,Julio Verne,heroes_y_aventuras,Elejandria
cuento_3653.txt,El Rayo Verde - Parte 4,Julio Verne,heroes_y_aventuras,Elejandria
cuento_3654.txt,El Rayo Verde - Parte 5,Julio Verne,heroes_y_aventuras,Elejandria
cuento_3655.txt,El Rayo Verde - Parte 6,Julio Verne,heroes_y_aventuras,Elejandria
cuento_3656.txt,El Rayo Verde - Parte 7,Julio Verne,heroes_y_aventuras,Elejandria
cuento_3657.txt,El Rayo Verde - Parte 8,Julio Verne,heroes_y_aventuras,Elejandria
cuento_3658.txt,El Rayo Verde - Parte 9,Julio Verne,heroes_y_aventuras,Elejandria
cuento_3659.txt,El Rayo Verde - Parte 10,Julio Verne,heroes_y_aventuras,Elejandria
cuento_3660.txt,El Rayo Verde - Parte 11,Julio Verne,heroes_y_aventuras,Elejandria
cuento_3661.txt,El Rayo Verde - Parte 12,Julio Verne,heroes_y_aventuras,Elejandria
cuento_3662.txt,El Rayo Verde - Parte 13,Julio Verne,heroes_y_aventuras,Elejandria
cuento_3663.txt,El Rayo Verde - Parte 14,Julio Verne,heroes_y_aventuras,Elejandria
cuento_3664.txt,El Rayo Verde - Parte 15,Julio Verne,heroes_y_aventuras,Elejandria
cuento_3665.txt,El Rayo Verde - Parte 16,Julio Verne,heroes_y_aventuras,Elejandria
cuento_3666.txt,El Rayo Verde - Parte 17,Julio Verne,heroes_y_aventuras,Elejandria
cuento_3667.txt,El Rayo Verde - Parte 18,Julio Verne,heroes_y_aventuras,Elejandria
cuento_3668.txt,El Rayo Verde - Parte 19,Julio Verne,heroes_y_aventuras,Elejandria
cuento_3669.txt,El Rayo Verde - Parte 20,Julio Verne,heroes_y_aventuras,Elejandria
cuento_3670.txt,El Rayo Verde - Parte 21,Julio Verne,heroes_y_aventuras,Elejandria
cuento_3671.txt,El Rayo Verde - Parte 22,Julio Verne,heroes_y_aventuras,Elejandria
cuento_3672.txt,"Microsoft Word - Verne, Julio - El secreto de Maston.doc - Parte 1",Core Audio Daemon,heroes_y_aventuras,Elejandria
cuento_3673.txt,"Microsoft Word - Verne, Julio - El secreto de Maston.doc - Parte 2",Core Audio Daemon,heroes_y_aventuras,Elejandria
cuento_3674.txt,"Microsoft Word - Verne, Julio - El secreto de Maston.doc - Parte 3",Core Audio Daemon,heroes_y_aventuras,Elejandria
cuento_3675.txt,"Microsoft Word - Verne, Julio - El secreto de Maston.doc - Parte 4",Core Audio Daemon,heroes_y_aventuras,Elejandria
cuento_3676.txt,"Microsoft Word - Verne, Julio - El secreto de Maston.doc - Parte 5",Core Audio Daemon,heroes_y_aventuras,Elejandria
cuento_3677.txt,"Microsoft Word - Verne, Julio - El secreto de Maston.doc - Parte 6",Core Audio Daemon,heroes_y_aventuras,Elejandria
cuento_3678.txt,"Microsoft Word - Verne, Julio - El secreto de Maston.doc - Parte 7",Core Audio Daemon,heroes_y_aventuras,Elejandria
cuento_3679.txt,"Microsoft Word - Verne, Julio - El secreto de Maston.doc - Parte 8",Core Audio Daemon,heroes_y_aventuras,Elejandria
cuento_3680.txt,"Microsoft Word - Verne, Julio - El secreto de Maston.doc - Parte 9",Core Audio Daemon,heroes_y_aventuras,Elejandria
cuento_3681.txt,"Microsoft Word - Verne, Julio - El secreto de Maston.doc - Parte 10",Core Audio Daemon,heroes_y_aventuras,Elejandria
cuento_3682.txt,"Microsoft Word - Verne, Julio - El secreto de Maston.doc - Parte 11",Core Audio Daemon,heroes_y_aventuras,Elejandria
cuento_3683.txt,"Microsoft Word - Verne, Julio - El secreto de Maston.doc - Parte 12",Core Audio Daemon,heroes_y_aventuras,Elejandria
cuento_3684.txt,"Microsoft Word - Verne, Julio - El secreto de Maston.doc - Parte 13",Core Audio Daemon,heroes_y_aventuras,Elejandria
cuento_3685.txt,"Microsoft Word - Verne, Julio - El secreto de Maston.doc - Parte 14",Core Audio Daemon,heroes_y_aventuras,Elejandria
cuento_3686.txt,"Microsoft Word - Verne, Julio - El secreto de Maston.doc - Parte 15",Core Audio Daemon,heroes_y_aventuras,Elejandria
cuento_3687.txt,"Microsoft Word - Verne, Julio - El secreto de Maston.doc - Parte 16",Core Audio Daemon,heroes_y_aventuras,Elejandria
cuento_3688.txt,"Microsoft Word - Verne, Julio - El secreto de Maston.doc - Parte 17",Core Audio Daemon,heroes_y_aventuras,Elejandria
cuento_3689.txt,"Microsoft Word - Verne, Julio - El secreto de Maston.doc - Parte 18",Core Audio Daemon,heroes_y_aventuras,Elejandria
cuento_3690.txt,"Microsoft Word - Verne, Julio - El secreto de Maston.doc - Parte 19",Core Audio Daemon,heroes_y_aventuras,Elejandria
cuento_3691.txt,"Microsoft Word - Verne, Julio - El secreto de Maston.doc - Parte 20",Core Audio Daemon,heroes_y_aventuras,Elejandria
cuento_3692.txt,"Microsoft Word - Verne, Julio - El secreto de Maston.doc - Parte 21",Core Audio Daemon,heroes_y_aventuras,Elejandria
cuento_3693.txt,"Microsoft Word - Verne, Julio - El secreto de Maston.doc - Parte 22",Core Audio Daemon,heroes_y_aventuras,Elejandria
cuento_3694.txt,"Microsoft Word - Verne, Julio - El secreto de Maston.doc - Parte 23",Core Audio Daemon,heroes_y_aventuras,Elejandria
cuento_3695.txt,"Microsoft Word - Verne, Julio - El secreto de Maston.doc - Parte 24",Core Audio Daemon,heroes_y_aventuras,Elejandria
cuento_3696.txt,"Microsoft Word - Verne, Julio - El secreto de Maston.doc - Parte 25",Core Audio Daemon,heroes_y_aventuras,Elejandria
cuento_3697.txt,"Microsoft Word - Verne, Julio - El secreto de Maston.doc - Parte 26",Core Audio Daemon,heroes_y_aventuras,Elejandria
cuento_3698.txt,Ella - Parte 1,Henry Rider Haggard,heroes_y_aventuras,Elejandria
cuento_3699.txt,Ella - Parte 2,Henry Rider Haggard,heroes_y_aventuras,Elejandria
cuento_3700.txt,Ella - Parte 3,Henry Rider Haggard,heroes_y_aventuras,Elejandria
cuento_3701.txt,Ella - Parte 4,Henry Rider Haggard,heroes_y_aventuras,Elejandria
cuento_3702.txt,Ella - Parte 5,Henry Rider Haggard,heroes_y_aventuras,Elejandria
cuento_3703.txt,Ella - Parte 6,Henry Rider Haggard,heroes_y_aventuras,Elejandria
cuento_3704.txt,Ella - Parte 7,Henry Rider Haggard,heroes_y_aventuras,Elejandria
cuento_3705.txt,Ella - Parte 8,Henry Rider Haggard,heroes_y_aventuras,Elejandria
cuento_3706.txt,Ella - Parte 9,Henry Rider Haggard,heroes_y_aventuras,Elejandria
cuento_3707.txt,Ella - Parte 10,Henry Rider Haggard,heroes_y_aventuras,Elejandria
cuento_3708.txt,Ella - Parte 11,Henry Rider Haggard,heroes_y_aventuras,Elejandria
cuento_3709.txt,Ella - Parte 12,Henry Rider Haggard,heroes_y_aventuras,Elejandria
cuento_3710.txt,Ella - Parte 13,Henry Rider Haggard,heroes_y_aventuras,Elejandria
cuento_3711.txt,Ella - Parte 14,Henry Rider Haggard,heroes_y_aventuras,Elejandria
cuento_3712.txt,Ella - Parte 15,Henry Rider Haggard,heroes_y_aventuras,Elejandria
cuento_3713.txt,Ella - Parte 16,Henry Rider Haggard,heroes_y_aventuras,Elejandria
cuento_3714.txt,Ella - Parte 17,Henry Rider Haggard,heroes_y_aventuras,Elejandria
cuento_3715.txt,Ella - Parte 18,Henry Rider Haggard,heroes_y_aventuras,Elejandria
cuento_3716.txt,Ella - Parte 19,Henry Rider Haggard,heroes_y_aventuras,Elejandria
cuento_3717.txt,Ella - Parte 20,Henry Rider Haggard,heroes_y_aventuras,Elejandria
cuento_3718.txt,Ella - Parte 21,Henry Rider Haggard,heroes_y_aventuras,Elejandria
cuento_3719.txt,Ella - Parte 22,Henry Rider Haggard,heroes_y_aventuras,Elejandria
cuento_3720.txt,Ella - Parte 23,Henry Rider Haggard,heroes_y_aventuras,Elejandria
cuento_3721.txt,Ella - Parte 24,Henry Rider Haggard,heroes_y_aventuras,Elejandria
cuento_3722.txt,Ella - Parte 25,Henry Rider Haggard,heroes_y_aventuras,Elejandria
cuento_3723.txt,Ella - Parte 26,Henry Rider Haggard,heroes_y_aventuras,Elejandria
cuento_3724.txt,Ella - Parte 27,Henry Rider Haggard,heroes_y_aventuras,Elejandria
cuento_3725.txt,Ella - Parte 28,Henry Rider Haggard,heroes_y_aventuras,Elejandria
cuento_3726.txt,Escuela de Robinsones - Parte 1,Julio Verne,heroes_y_aventuras,Elejandria
cuento_3727.txt,Escuela de Robinsones - Parte 2,Julio Verne,heroes_y_aventuras,Elejandria
cuento_3728.txt,Escuela de Robinsones - Parte 3,Julio Verne,heroes_y_aventuras,Elejandria
cuento_3729.txt,Escuela de Robinsones - Parte 4,Julio Verne,heroes_y_aventuras,Elejandria
cuento_3730.txt,Familia Sin Nombre - Parte 1,Julio Verne,heroes_y_aventuras,Elejandria
cuento_3731.txt,Familia Sin Nombre - Parte 2,Julio Verne,heroes_y_aventuras,Elejandria
cuento_3732.txt,Familia Sin Nombre - Parte 3,Julio Verne,heroes_y_aventuras,Elejandria
cuento_3733.txt,Familia Sin Nombre - Parte 4,Julio Verne,heroes_y_aventuras,Elejandria
cuento_3734.txt,Familia Sin Nombre - Parte 5,Julio Verne,heroes_y_aventuras,Elejandria
cuento_3735.txt,Familia Sin Nombre - Parte 6,Julio Verne,heroes_y_aventuras,Elejandria
cuento_3736.txt,Familia Sin Nombre - Parte 7,Julio Verne,heroes_y_aventuras,Elejandria
cuento_3737.txt,Familia Sin Nombre - Parte 8,Julio Verne,heroes_y_aventuras,Elejandria
cuento_3738.txt,Familia Sin Nombre - Parte 9,Julio Verne,heroes_y_aventuras,Elejandria
cuento_3739.txt,Familia Sin Nombre - Parte 10,Julio Verne,heroes_y_aventuras,Elejandria
cuento_3740.txt,Familia Sin Nombre - Parte 11,Julio Verne,heroes_y_aventuras,Elejandria
cuento_3741.txt,Familia Sin Nombre - Parte 12,Julio Verne,heroes_y_aventuras,Elejandria
cuento_3742.txt,Familia Sin Nombre - Parte 13,Julio Verne,heroes_y_aventuras,Elejandria
cuento_3743.txt,Familia Sin Nombre - Parte 14,Julio Verne,heroes_y_aventuras,Elejandria
cuento_3744.txt,Familia Sin Nombre - Parte 15,Julio Verne,heroes_y_aventuras,Elejandria
cuento_3745.txt,Familia Sin Nombre - Parte 16,Julio Verne,heroes_y_aventuras,Elejandria
cuento_3746.txt,Familia Sin Nombre - Parte 17,Julio Verne,heroes_y_aventuras,Elejandria
cuento_3747.txt,Familia Sin Nombre - Parte 18,Julio Verne,heroes_y_aventuras,Elejandria
cuento_3748.txt,Familia Sin Nombre - Parte 19,Julio Verne,heroes_y_aventuras,Elejandria
cuento_3749.txt,Familia Sin Nombre - Parte 20,Julio Verne,heroes_y_aventuras,Elejandria
cuento_3750.txt,Familia Sin Nombre - Parte 21,Julio Verne,heroes_y_aventuras,Elejandria
cuento_3751.txt,Familia Sin Nombre - Parte 22,Julio Verne,heroes_y_aventuras,Elejandria
cuento_3752.txt,Familia Sin Nombre - Parte 23,Julio Verne,heroes_y_aventuras,Elejandria
cuento_3753.txt,Familia Sin Nombre - Parte 24,Julio Verne,heroes_y_aventuras,Elejandria
cuento_3754.txt,Familia Sin Nombre - Parte 25,Julio Verne,heroes_y_aventuras,Elejandria
cuento_3755.txt,Familia Sin Nombre - Parte 26,Julio Verne,heroes_y_aventuras,Elejandria
cuento_3756.txt,Familia Sin Nombre - Parte 27,Julio Verne,heroes_y_aventuras,Elejandria
cuento_3757.txt,Familia Sin Nombre - Parte 28,Julio Verne,heroes_y_aventuras,Elejandria
cuento_3758.txt,La estrella del Sur _BV_ - Parte 1,ADMIN,heroes_y_aventuras,Elejandria
cuento_3759.txt,La estrella del Sur _BV_ - Parte 2,ADMIN,heroes_y_aventuras,Elejandria
cuento_3760.txt,La estrella del Sur _BV_ - Parte 3,ADMIN,heroes_y_aventuras,Elejandria
cuento_3761.txt,La estrella del Sur _BV_ - Parte 4,ADMIN,heroes_y_aventuras,Elejandria
cuento_3762.txt,La estrella del Sur _BV_ - Parte 5,ADMIN,heroes_y_aventuras,Elejandria
cuento_3763.txt,La estrella del Sur _BV_ - Parte 6,ADMIN,heroes_y_aventuras,Elejandria
cuento_3764.txt,La estrella del Sur _BV_ - Parte 7,ADMIN,heroes_y_aventuras,Elejandria
cuento_3765.txt,La estrella del Sur _BV_ - Parte 8,ADMIN,heroes_y_aventuras,Elejandria
cuento_3766.txt,La estrella del Sur _BV_ - Parte 9,ADMIN,heroes_y_aventuras,Elejandria
cuento_3767.txt,La estrella del Sur _BV_ - Parte 10,ADMIN,heroes_y_aventuras,Elejandria
cuento_3768.txt,La estrella del Sur _BV_ - Parte 11,ADMIN,heroes_y_aventuras,Elejandria
cuento_3769.txt,La estrella del Sur _BV_ - Parte 12,ADMIN,heroes_y_aventuras,Elejandria
cuento_3770.txt,La estrella del Sur _BV_ - Parte 13,ADMIN,heroes_y_aventuras,Elejandria
cuento_3771.txt,La estrella del Sur _BV_ - Parte 14,ADMIN,heroes_y_aventuras,Elejandria
cuento_3772.txt,La estrella del Sur _BV_ - Parte 15,ADMIN,heroes_y_aventuras,Elejandria
cuento_3773.txt,La estrella del Sur _BV_ - Parte 16,ADMIN,heroes_y_aventuras,Elejandria
cuento_3774.txt,La estrella del Sur _BV_ - Parte 17,ADMIN,heroes_y_aventuras,Elejandria
cuento_3775.txt,La estrella del Sur _BV_ - Parte 18,ADMIN,heroes_y_aventuras,Elejandria
cuento_3776.txt,La estrella del Sur _BV_ - Parte 19,ADMIN,heroes_y_aventuras,Elejandria
cuento_3777.txt,La estrella del Sur _BV_ - Parte 20,ADMIN,heroes_y_aventuras,Elejandria
cuento_3778.txt,La estrella del Sur _BV_ - Parte 21,ADMIN,heroes_y_aventuras,Elejandria
cuento_3779.txt,La estrella del Sur _BV_ - Parte 22,ADMIN,heroes_y_aventuras,Elejandria
cuento_3780.txt,La estrella del Sur _BV_ - Parte 23,ADMIN,heroes_y_aventuras,Elejandria
cuento_3781.txt,La estrella del Sur _BV_ - Parte 24,ADMIN,heroes_y_aventuras,Elejandria
cuento_3782.txt,Microsoft Word - linea_sombra.doc - Parte 1,Rene Contreras,heroes_y_aventuras,Elejandria
cuento_3783.txt,Microsoft Word - linea_sombra.doc - Parte 2,Rene Contreras,heroes_y_aventuras,Elejandria
cuento_3784.txt,Microsoft Word - linea_sombra.doc - Parte 3,Rene Contreras,heroes_y_aventuras,Elejandria
cuento_3785.txt,La Paz,Aristófanes,heroes_y_aventuras,Elejandria
cuento_3786.txt,Las aves,Aristofanes,heroes_y_aventuras,Elejandria
cuento_3787.txt,Las tribulaciones de un chino en China - Parte 1,Julio Verne,heroes_y_aventuras,Elejandria
cuento_3788.txt,Las tribulaciones de un chino en China - Parte 2,Julio Verne,heroes_y_aventuras,Elejandria
cuento_3789.txt,Las tribulaciones de un chino en China - Parte 3,Julio Verne,heroes_y_aventuras,Elejandria
cuento_3790.txt,Las tribulaciones de un chino en China - Parte 4,Julio Verne,heroes_y_aventuras,Elejandria
cuento_3791.txt,Las tribulaciones de un chino en China - Parte 5,Julio Verne,heroes_y_aventuras,Elejandria
cuento_3792.txt,Las tribulaciones de un chino en China - Parte 6,Julio Verne,heroes_y_aventuras,Elejandria
cuento_3793.txt,Las tribulaciones de un chino en China - Parte 7,Julio Verne,heroes_y_aventuras,Elejandria
cuento_3794.txt,Las tribulaciones de un chino en China - Parte 8,Julio Verne,heroes_y_aventuras,Elejandria
cuento_3795.txt,Las tribulaciones de un chino en China - Parte 9,Julio Verne,heroes_y_aventuras,Elejandria
cuento_3796.txt,Las tribulaciones de un chino en China - Parte 10,Julio Verne,heroes_y_aventuras,Elejandria
cuento_3797.txt,Las tribulaciones de un chino en China - Parte 11,Julio Verne,heroes_y_aventuras,Elejandria
cuento_3798.txt,Las tribulaciones de un chino en China - Parte 12,Julio Verne,heroes_y_aventuras,Elejandria
cuento_3799.txt,Las tribulaciones de un chino en China - Parte 13,Julio Verne,heroes_y_aventuras,Elejandria
cuento_3800.txt,Las tribulaciones de un chino en China - Parte 14,Julio Verne,heroes_y_aventuras,Elejandria
cuento_3801.txt,Las tribulaciones de un chino en China - Parte 15,Julio Verne,heroes_y_aventuras,Elejandria
cuento_3802.txt,Las tribulaciones de un chino en China - Parte 16,Julio Verne,heroes_y_aventuras,Elejandria
cuento_3803.txt,Las tribulaciones de un chino en China - Parte 17,Julio Verne,heroes_y_aventuras,Elejandria
cuento_3804.txt,Las tribulaciones de un chino en China - Parte 18,Julio Verne,heroes_y_aventuras,Elejandria
cuento_3805.txt,Las tribulaciones de un chino en China - Parte 19,Julio Verne,heroes_y_aventuras,Elejandria
cuento_3806.txt,Las tribulaciones de un chino en China - Parte 20,Julio Verne,heroes_y_aventuras,Elejandria
cuento_3807.txt,Las tribulaciones de un chino en China - Parte 21,Julio Verne,heroes_y_aventuras,Elejandria
cuento_3808.txt,Las tribulaciones de un chino en China - Parte 22,Julio Verne,heroes_y_aventuras,Elejandria
cuento_3809.txt,Las tribulaciones de un chino en China - Parte 23,Julio Verne,heroes_y_aventuras,Elejandria
cuento_3810.txt,Las tribulaciones de un chino en China - Parte 24,Julio Verne,heroes_y_aventuras,Elejandria
cuento_3811.txt,Las tribulaciones de un chino en China - Parte 25,Julio Verne,heroes_y_aventuras,Elejandria
cuento_3812.txt,Las tribulaciones de un chino en China - Parte 26,Julio Verne,heroes_y_aventuras,Elejandria
cuento_3813.txt,Las tribulaciones de un chino en China - Parte 27,Julio Verne,heroes_y_aventuras,Elejandria
cuento_3814.txt,Las tribulaciones de un chino en China - Parte 28,Julio Verne,heroes_y_aventuras,Elejandria
cuento_3815.txt,Las tribulaciones de un chino en China - Parte 29,Julio Verne,heroes_y_aventuras,Elejandria
cuento_3816.txt,Las tribulaciones de un chino en China - Parte 30,Julio Verne,heroes_y_aventuras,Elejandria
cuento_3817.txt,Las tribulaciones de un chino en China - Parte 31,Julio Verne,heroes_y_aventuras,Elejandria
cuento_3818.txt,Las tribulaciones de un chino en China - Parte 32,Julio Verne,heroes_y_aventuras,Elejandria
cuento_3819.txt,Las tribulaciones de un chino en China - Parte 33,Julio Verne,heroes_y_aventuras,Elejandria
cuento_3820.txt,Las tribulaciones de un chino en China - Parte 34,Julio Verne,heroes_y_aventuras,Elejandria
cuento_3821.txt,Las tribulaciones de un chino en China - Parte 35,Julio Verne,heroes_y_aventuras,Elejandria
cuento_3822.txt,Las tribulaciones de un chino en China - Parte 36,Julio Verne,heroes_y_aventuras,Elejandria
cuento_3823.txt,Las tribulaciones de un chino en China - Parte 37,Julio Verne,heroes_y_aventuras,Elejandria
cuento_3824.txt,Las tribulaciones de un chino en China - Parte 38,Julio Verne,heroes_y_aventuras,Elejandria
cuento_3825.txt,Las tribulaciones de un chino en China - Parte 39,Julio Verne,heroes_y_aventuras,Elejandria
cuento_3826.txt,Las tribulaciones de un chino en China - Parte 40,Julio Verne,heroes_y_aventuras,Elejandria
cuento_3827.txt,Las tribulaciones de un chino en China - Parte 41,Julio Verne,heroes_y_aventuras,Elejandria
cuento_3828.txt,Las tribulaciones de un chino en China - Parte 42,Julio Verne,heroes_y_aventuras,Elejandria
cuento_3829.txt,Las tribulaciones de un chino en China - Parte 43,Julio Verne,heroes_y_aventuras,Elejandria
cuento_3830.txt,Las tribulaciones de un chino en China - Parte 44,Julio Verne,heroes_y_aventuras,Elejandria
cuento_3831.txt,Las tribulaciones de un chino en China - Parte 45,Julio Verne,heroes_y_aventuras,Elejandria
cuento_3832.txt,Las tribulaciones de un chino en China - Parte 46,Julio Verne,heroes_y_aventuras,Elejandria
cuento_3833.txt,Las tribulaciones de un chino en China - Parte 47,Julio Verne,heroes_y_aventuras,Elejandria
cuento_3834.txt,Las tribulaciones de un chino en China - Parte 48,Julio Verne,heroes_y_aventuras,Elejandria
cuento_3835.txt,Las tribulaciones de un chino en China - Parte 49,Julio Verne,heroes_y_aventuras,Elejandria
cuento_3836.txt,Las tribulaciones de un chino en China - Parte 50,Julio Verne,heroes_y_aventuras,Elejandria
cuento_3837.txt,Las tribulaciones de un chino en China - Parte 51,Julio Verne,heroes_y_aventuras,Elejandria
cuento_3838.txt,Las tribulaciones de un chino en China - Parte 52,Julio Verne,heroes_y_aventuras,Elejandria
cuento_3839.txt,Las tribulaciones de un chino en China - Parte 53,Julio Verne,heroes_y_aventuras,Elejandria
cuento_3840.txt,Las tribulaciones de un chino en China - Parte 54,Julio Verne,heroes_y_aventuras,Elejandria
cuento_3841.txt,Las tribulaciones de un chino en China - Parte 55,Julio Verne,heroes_y_aventuras,Elejandria
cuento_3842.txt,Las tribulaciones de un chino en China - Parte 56,Julio Verne,heroes_y_aventuras,Elejandria
cuento_3843.txt,Las tribulaciones de un chino en China - Parte 57,Julio Verne,heroes_y_aventuras,Elejandria
cuento_3844.txt,Las tribulaciones de un chino en China - Parte 58,Julio Verne,heroes_y_aventuras,Elejandria
cuento_3845.txt,Las tribulaciones de un chino en China - Parte 59,Julio Verne,heroes_y_aventuras,Elejandria
cuento_3846.txt,Las tribulaciones de un chino en China - Parte 60,Julio Verne,heroes_y_aventuras,Elejandria
cuento_3847.txt,Las tribulaciones de un chino en China - Parte 61,Julio Verne,heroes_y_aventuras,Elejandria
cuento_3848.txt,Las tribulaciones de un chino en China - Parte 62,Julio Verne,heroes_y_aventuras,Elejandria
cuento_3849.txt,Las tribulaciones de un chino en China - Parte 63,Julio Verne,heroes_y_aventuras,Elejandria
cuento_3850.txt,Las tribulaciones de un chino en China - Parte 64,Julio Verne,heroes_y_aventuras,Elejandria
cuento_3851.txt,Las tribulaciones de un chino en China - Parte 65,Julio Verne,heroes_y_aventuras,Elejandria
cuento_3852.txt,Las tribulaciones de un chino en China - Parte 66,Julio Verne,heroes_y_aventuras,Elejandria
cuento_3853.txt,Las tribulaciones de un chino en China - Parte 67,Julio Verne,heroes_y_aventuras,Elejandria
cuento_3854.txt,Las tribulaciones de un chino en China - Parte 68,Julio Verne,heroes_y_aventuras,Elejandria
cuento_3855.txt,Las tribulaciones de un chino en China - Parte 69,Julio Verne,heroes_y_aventuras,Elejandria
cuento_3856.txt,Las tribulaciones de un chino en China - Parte 70,Julio Verne,heroes_y_aventuras,Elejandria
cuento_3857.txt,Las tribulaciones de un chino en China - Parte 71,Julio Verne,heroes_y_aventuras,Elejandria
cuento_3858.txt,Las tribulaciones de un chino en China - Parte 72,Julio Verne,heroes_y_aventuras,Elejandria
cuento_3859.txt,Las tribulaciones de un chino en China - Parte 73,Julio Verne,heroes_y_aventuras,Elejandria
cuento_3860.txt,Las tribulaciones de un chino en China - Parte 74,Julio Verne,heroes_y_aventuras,Elejandria
cuento_3861.txt,Las tribulaciones de un chino en China - Parte 75,Julio Verne,heroes_y_aventuras,Elejandria
cuento_3862.txt,Las tribulaciones de un chino en China - Parte 76,Julio Verne,heroes_y_aventuras,Elejandria
cuento_3863.txt,Las tribulaciones de un chino en China - Parte 77,Julio Verne,heroes_y_aventuras,Elejandria
cuento_3864.txt,Las tribulaciones de un chino en China - Parte 78,Julio Verne,heroes_y_aventuras,Elejandria
cuento_3865.txt,Las tribulaciones de un chino en China - Parte 79,Julio Verne,heroes_y_aventuras,Elejandria
cuento_3866.txt,Las tribulaciones de un chino en China - Parte 80,Julio Verne,heroes_y_aventuras,Elejandria
cuento_3867.txt,Las tribulaciones de un chino en China - Parte 81,Julio Verne,heroes_y_aventuras,Elejandria
cuento_3868.txt,Las tribulaciones de un chino en China - Parte 82,Julio Verne,heroes_y_aventuras,Elejandria
cuento_3869.txt,Las tribulaciones de un chino en China - Parte 83,Julio Verne,heroes_y_aventuras,Elejandria
cuento_3870.txt,Las tribulaciones de un chino en China - Parte 84,Julio Verne,heroes_y_aventuras,Elejandria
cuento_3871.txt,Las tribulaciones de un chino en China - Parte 85,Julio Verne,heroes_y_aventuras,Elejandria
cuento_3872.txt,Las tribulaciones de un chino en China - Parte 86,Julio Verne,heroes_y_aventuras,Elejandria
cuento_3873.txt,Las tribulaciones de un chino en China - Parte 87,Julio Verne,heroes_y_aventuras,Elejandria
cuento_3874.txt,Las tribulaciones de un chino en China - Parte 88,Julio Verne,heroes_y_aventuras,Elejandria
cuento_3875.txt,Las tribulaciones de un chino en China - Parte 89,Julio Verne,heroes_y_aventuras,Elejandria
cuento_3876.txt,Las tribulaciones de un chino en China - Parte 90,Julio Verne,heroes_y_aventuras,Elejandria
cuento_3877.txt,Las tribulaciones de un chino en China - Parte 91,Julio Verne,heroes_y_aventuras,Elejandria
cuento_3878.txt,Las tribulaciones de un chino en China - Parte 92,Julio Verne,heroes_y_aventuras,Elejandria
cuento_3879.txt,Las tribulaciones de un chino en China - Parte 93,Julio Verne,heroes_y_aventuras,Elejandria
cuento_3880.txt,Las tribulaciones de un chino en China - Parte 94,Julio Verne,heroes_y_aventuras,Elejandria
cuento_3881.txt,Las tribulaciones de un chino en China - Parte 95,Julio Verne,heroes_y_aventuras,Elejandria
cuento_3882.txt,Las tribulaciones de un chino en China - Parte 96,Julio Verne,heroes_y_aventuras,Elejandria
cuento_3883.txt,Las tribulaciones de un chino en China - Parte 97,Julio Verne,heroes_y_aventuras,Elejandria
cuento_3884.txt,Las tribulaciones de un chino en China - Parte 98,Julio Verne,heroes_y_aventuras,Elejandria
cuento_3885.txt,Las tribulaciones de un chino en China - Parte 99,Julio Verne,heroes_y_aventuras,Elejandria
cuento_3886.txt,Las tribulaciones de un chino en China - Parte 100,Julio Verne,heroes_y_aventuras,Elejandria
cuento_3887.txt,Las tribulaciones de un chino en China - Parte 101,Julio Verne,heroes_y_aventuras,Elejandria
cuento_3888.txt,Las tribulaciones de un chino en China - Parte 102,Julio Verne,heroes_y_aventuras,Elejandria
cuento_3889.txt,Las tribulaciones de un chino en China - Parte 103,Julio Verne,heroes_y_aventuras,Elejandria
cuento_3890.txt,Las tribulaciones de un chino en China - Parte 104,Julio Verne,heroes_y_aventuras,Elejandria
cuento_3891.txt,Las tribulaciones de un chino en China - Parte 105,Julio Verne,heroes_y_aventuras,Elejandria
cuento_3892.txt,Las tribulaciones de un chino en China - Parte 106,Julio Verne,heroes_y_aventuras,Elejandria
cuento_3893.txt,Las tribulaciones de un chino en China - Parte 107,Julio Verne,heroes_y_aventuras,Elejandria
cuento_3894.txt,Las tribulaciones de un chino en China - Parte 108,Julio Verne,heroes_y_aventuras,Elejandria
cuento_3895.txt,Las tribulaciones de un chino en China - Parte 109,Julio Verne,heroes_y_aventuras,Elejandria
cuento_3896.txt,Las tribulaciones de un chino en China - Parte 110,Julio Verne,heroes_y_aventuras,Elejandria
cuento_3897.txt,Las tribulaciones de un chino en China - Parte 111,Julio Verne,heroes_y_aventuras,Elejandria
cuento_3898.txt,Las tribulaciones de un chino en China - Parte 112,Julio Verne,heroes_y_aventuras,Elejandria
cuento_3899.txt,Las tribulaciones de un chino en China - Parte 113,Julio Verne,heroes_y_aventuras,Elejandria
cuento_3900.txt,Las tribulaciones de un chino en China - Parte 114,Julio Verne,heroes_y_aventuras,Elejandria
cuento_3901.txt,Las tribulaciones de un chino en China - Parte 115,Julio Verne,heroes_y_aventuras,Elejandria
cuento_3902.txt,Las tribulaciones de un chino en China - Parte 116,Julio Verne,heroes_y_aventuras,Elejandria
cuento_3903.txt,Las tribulaciones de un chino en China - Parte 117,Julio Verne,heroes_y_aventuras,Elejandria
cuento_3904.txt,Las tribulaciones de un chino en China - Parte 118,Julio Verne,heroes_y_aventuras,Elejandria
cuento_3905.txt,Las tribulaciones de un chino en China - Parte 119,Julio Verne,heroes_y_aventuras,Elejandria
cuento_3906.txt,Las tribulaciones de un chino en China - Parte 120,Julio Verne,heroes_y_aventuras,Elejandria
cuento_3907.txt,Las tribulaciones de un chino en China - Parte 121,Julio Verne,heroes_y_aventuras,Elejandria
cuento_3908.txt,Las tribulaciones de un chino en China - Parte 122,Julio Verne,heroes_y_aventuras,Elejandria
cuento_3909.txt,Las tribulaciones de un chino en China - Parte 123,Julio Verne,heroes_y_aventuras,Elejandria
cuento_3910.txt,Las tribulaciones de un chino en China - Parte 124,Julio Verne,heroes_y_aventuras,Elejandria
cuento_3911.txt,Las tribulaciones de un chino en China - Parte 125,Julio Verne,heroes_y_aventuras,Elejandria
cuento_3912.txt,Las tribulaciones de un chino en China - Parte 126,Julio Verne,heroes_y_aventuras,Elejandria
cuento_3913.txt,Las tribulaciones de un chino en China - Parte 127,Julio Verne,heroes_y_aventuras,Elejandria
cuento_3914.txt,Las tribulaciones de un chino en China - Parte 128,Julio Verne,heroes_y_aventuras,Elejandria
cuento_3915.txt,Las tribulaciones de un chino en China - Parte 129,Julio Verne,heroes_y_aventuras,Elejandria
cuento_3916.txt,Las tribulaciones de un chino en China - Parte 130,Julio Verne,heroes_y_aventuras,Elejandria
cuento_3917.txt,Las tribulaciones de un chino en China - Parte 131,Julio Verne,heroes_y_aventuras,Elejandria
cuento_3918.txt,Las tribulaciones de un chino en China - Parte 132,Julio Verne,heroes_y_aventuras,Elejandria
cuento_3919.txt,Las tribulaciones de un chino en China - Parte 133,Julio Verne,heroes_y_aventuras,Elejandria
cuento_3920.txt,Las tribulaciones de un chino en China - Parte 134,Julio Verne,heroes_y_aventuras,Elejandria
cuento_3921.txt,Las tribulaciones de un chino en China - Parte 135,Julio Verne,heroes_y_aventuras,Elejandria
cuento_3922.txt,Las tribulaciones de un chino en China - Parte 136,Julio Verne,heroes_y_aventuras,Elejandria
cuento_3923.txt,Las tribulaciones de un chino en China - Parte 137,Julio Verne,heroes_y_aventuras,Elejandria
cuento_3924.txt,Las tribulaciones de un chino en China - Parte 138,Julio Verne,heroes_y_aventuras,Elejandria
cuento_3925.txt,Las tribulaciones de un chino en China - Parte 139,Julio Verne,heroes_y_aventuras,Elejandria
cuento_3926.txt,Las tribulaciones de un chino en China - Parte 140,Julio Verne,heroes_y_aventuras,Elejandria
cuento_3927.txt,Las tribulaciones de un chino en China - Parte 141,Julio Verne,heroes_y_aventuras,Elejandria
cuento_3928.txt,Las tribulaciones de un chino en China - Parte 142,Julio Verne,heroes_y_aventuras,Elejandria
cuento_3929.txt,Las tribulaciones de un chino en China - Parte 143,Julio Verne,heroes_y_aventuras,Elejandria
cuento_3930.txt,Las tribulaciones de un chino en China - Parte 144,Julio Verne,heroes_y_aventuras,Elejandria
cuento_3931.txt,Las tribulaciones de un chino en China - Parte 145,Julio Verne,heroes_y_aventuras,Elejandria
cuento_3932.txt,Las tribulaciones de un chino en China - Parte 146,Julio Verne,heroes_y_aventuras,Elejandria
cuento_3933.txt,Las tribulaciones de un chino en China - Parte 147,Julio Verne,heroes_y_aventuras,Elejandria
cuento_3934.txt,Las tribulaciones de un chino en China - Parte 148,Julio Verne,heroes_y_aventuras,Elejandria
cuento_3935.txt,Las tribulaciones de un chino en China - Parte 149,Julio Verne,heroes_y_aventuras,Elejandria
cuento_3936.txt,Las tribulaciones de un chino en China - Parte 150,Julio Verne,heroes_y_aventuras,Elejandria
cuento_3937.txt,Las tribulaciones de un chino en China - Parte 151,Julio Verne,heroes_y_aventuras,Elejandria
cuento_3938.txt,Las tribulaciones de un chino en China - Parte 152,Julio Verne,heroes_y_aventuras,Elejandria
cuento_3939.txt,Las tribulaciones de un chino en China - Parte 153,Julio Verne,heroes_y_aventuras,Elejandria
cuento_3940.txt,Las tribulaciones de un chino en China - Parte 154,Julio Verne,heroes_y_aventuras,Elejandria
cuento_3941.txt,Las tribulaciones de un chino en China - Parte 155,Julio Verne,heroes_y_aventuras,Elejandria
cuento_3942.txt,Las tribulaciones de un chino en China - Parte 156,Julio Verne,heroes_y_aventuras,Elejandria
cuento_3943.txt,Las tribulaciones de un chino en China - Parte 157,Julio Verne,heroes_y_aventuras,Elejandria
cuento_3944.txt,Las tribulaciones de un chino en China - Parte 158,Julio Verne,heroes_y_aventuras,Elejandria
cuento_3945.txt,Las tribulaciones de un chino en China - Parte 159,Julio Verne,heroes_y_aventuras,Elejandria
cuento_3946.txt,Las tribulaciones de un chino en China - Parte 160,Julio Verne,heroes_y_aventuras,Elejandria
cuento_3947.txt,Las tribulaciones de un chino en China - Parte 161,Julio Verne,heroes_y_aventuras,Elejandria
cuento_3948.txt,Las tribulaciones de un chino en China - Parte 162,Julio Verne,heroes_y_aventuras,Elejandria
cuento_3949.txt,Las tribulaciones de un chino en China - Parte 163,Julio Verne,heroes_y_aventuras,Elejandria
cuento_3950.txt,Las tribulaciones de un chino en China - Parte 164,Julio Verne,heroes_y_aventuras,Elejandria
cuento_3951.txt,Las tribulaciones de un chino en China - Parte 165,Julio Verne,heroes_y_aventuras,Elejandria
cuento_3952.txt,Las tribulaciones de un chino en China - Parte 166,Julio Verne,heroes_y_aventuras,Elejandria
cuento_3953.txt,Las tribulaciones de un chino en China - Parte 167,Julio Verne,heroes_y_aventuras,Elejandria
cuento_3954.txt,Las tribulaciones de un chino en China - Parte 168,Julio Verne,heroes_y_aventuras,Elejandria
cuento_3955.txt,Las tribulaciones de un chino en China - Parte 169,Julio Verne,heroes_y_aventuras,Elejandria
cuento_3956.txt,Las tribulaciones de un chino en China - Parte 170,Julio Verne,heroes_y_aventuras,Elejandria
cuento_3957.txt,Las tribulaciones de un chino en China - Parte 171,Julio Verne,heroes_y_aventuras,Elejandria
cuento_3958.txt,Las tribulaciones de un chino en China - Parte 172,Julio Verne,heroes_y_aventuras,Elejandria
cuento_3959.txt,Las tribulaciones de un chino en China - Parte 173,Julio Verne,heroes_y_aventuras,Elejandria
cuento_3960.txt,Las tribulaciones de un chino en China - Parte 174,Julio Verne,heroes_y_aventuras,Elejandria
cuento_3961.txt,Las tribulaciones de un chino en China - Parte 175,Julio Verne,heroes_y_aventuras,Elejandria
cuento_3962.txt,Las tribulaciones de un chino en China - Parte 176,Julio Verne,heroes_y_aventuras,Elejandria
cuento_3963.txt,Las tribulaciones de un chino en China - Parte 177,Julio Verne,heroes_y_aventuras,Elejandria
cuento_3964.txt,Las tribulaciones de un chino en China - Parte 178,Julio Verne,heroes_y_aventuras,Elejandria
cuento_3965.txt,Las tribulaciones de un chino en China - Parte 179,Julio Verne,heroes_y_aventuras,Elejandria
cuento_3966.txt,Las tribulaciones de un chino en China - Parte 180,Julio Verne,heroes_y_aventuras,Elejandria
cuento_3967.txt,Las tribulaciones de un chino en China - Parte 181,Julio Verne,heroes_y_aventuras,Elejandria
cuento_3968.txt,Las tribulaciones de un chino en China - Parte 182,Julio Verne,heroes_y_aventuras,Elejandria
cuento_3969.txt,Las tribulaciones de un chino en China - Parte 183,Julio Verne,heroes_y_aventuras,Elejandria
cuento_3970.txt,Las tribulaciones de un chino en China - Parte 184,Julio Verne,heroes_y_aventuras,Elejandria
cuento_3971.txt,Las tribulaciones de un chino en China - Parte 185,Julio Verne,heroes_y_aventuras,Elejandria
cuento_3972.txt,Las tribulaciones de un chino en China - Parte 186,Julio Verne,heroes_y_aventuras,Elejandria
cuento_3973.txt,Las tribulaciones de un chino en China - Parte 187,Julio Verne,heroes_y_aventuras,Elejandria
cuento_3974.txt,Las tribulaciones de un chino en China - Parte 188,Julio Verne,heroes_y_aventuras,Elejandria
cuento_3975.txt,Las tribulaciones de un chino en China - Parte 189,Julio Verne,heroes_y_aventuras,Elejandria
cuento_3976.txt,Las tribulaciones de un chino en China - Parte 190,Julio Verne,heroes_y_aventuras,Elejandria
cuento_3977.txt,Las tribulaciones de un chino en China - Parte 191,Julio Verne,heroes_y_aventuras,Elejandria
cuento_3978.txt,Las tribulaciones de un chino en China - Parte 192,Julio Verne,heroes_y_aventuras,Elejandria
cuento_3979.txt,Las tribulaciones de un chino en China - Parte 193,Julio Verne,heroes_y_aventuras,Elejandria
cuento_3980.txt,Las tribulaciones de un chino en China - Parte 194,Julio Verne,heroes_y_aventuras,Elejandria
cuento_3981.txt,Las tribulaciones de un chino en China - Parte 195,Julio Verne,heroes_y_aventuras,Elejandria
cuento_3982.txt,Las tribulaciones de un chino en China - Parte 196,Julio Verne,heroes_y_aventuras,Elejandria
cuento_3983.txt,Las tribulaciones de un chino en China - Parte 197,Julio Verne,heroes_y_aventuras,Elejandria
cuento_3984.txt,Las tribulaciones de un chino en China - Parte 198,Julio Verne,heroes_y_aventuras,Elejandria
cuento_3985.txt,Las tribulaciones de un chino en China - Parte 199,Julio Verne,heroes_y_aventuras,Elejandria
cuento_3986.txt,Las tribulaciones de un chino en China - Parte 200,Julio Verne,heroes_y_aventuras,Elejandria
cuento_3987.txt,Las tribulaciones de un chino en China - Parte 201,Julio Verne,heroes_y_aventuras,Elejandria
cuento_3988.txt,Las tribulaciones de un chino en China - Parte 202,Julio Verne,heroes_y_aventuras,Elejandria
cuento_3989.txt,Las tribulaciones de un chino en China - Parte 203,Julio Verne,heroes_y_aventuras,Elejandria
cuento_3990.txt,Las tribulaciones de un chino en China - Parte 204,Julio Verne,heroes_y_aventuras,Elejandria
cuento_3991.txt,Las tribulaciones de un chino en China - Parte 205,Julio Verne,heroes_y_aventuras,Elejandria
cuento_3992.txt,Las tribulaciones de un chino en China - Parte 206,Julio Verne,heroes_y_aventuras,Elejandria
cuento_3993.txt,Las tribulaciones de un chino en China - Parte 207,Julio Verne,heroes_y_aventuras,Elejandria
cuento_3994.txt,Las tribulaciones de un chino en China - Parte 208,Julio Verne,heroes_y_aventuras,Elejandria
cuento_3995.txt,Las tribulaciones de un chino en China - Parte 209,Julio Verne,heroes_y_aventuras,Elejandria
cuento_3996.txt,Las tribulaciones de un chino en China - Parte 210,Julio Verne,heroes_y_aventuras,Elejandria
cuento_3997.txt,Las tribulaciones de un chino en China - Parte 211,Julio Verne,heroes_y_aventuras,Elejandria
cuento_3998.txt,Las tribulaciones de un chino en China - Parte 212,Julio Verne,heroes_y_aventuras,Elejandria
cuento_3999.txt,Las tribulaciones de un chino en China - Parte 213,Julio Verne,heroes_y_aventuras,Elejandria
cuento_4000.txt,Las tribulaciones de un chino en China - Parte 214,Julio Verne,heroes_y_aventuras,Elejandria
cuento_4001.txt,Las tribulaciones de un chino en China - Parte 215,Julio Verne,heroes_y_aventuras,Elejandria
cuento_4002.txt,Las tribulaciones de un chino en China - Parte 216,Julio Verne,heroes_y_aventuras,Elejandria
cuento_4003.txt,Los Hijos Del Capitan Grant - Parte 1,Julio Verne,heroes_y_aventuras,Elejandria
cuento_4004.txt,Los Hijos Del Capitan Grant - Parte 2,Julio Verne,heroes_y_aventuras,Elejandria
cuento_4005.txt,Los Hijos Del Capitan Grant - Parte 3,Julio Verne,heroes_y_aventuras,Elejandria
cuento_4006.txt,Los Hijos Del Capitan Grant - Parte 4,Julio Verne,heroes_y_aventuras,Elejandria
cuento_4007.txt,Los Hijos Del Capitan Grant - Parte 5,Julio Verne,heroes_y_aventuras,Elejandria
cuento_4008.txt,Los Hijos Del Capitan Grant - Parte 6,Julio Verne,heroes_y_aventuras,Elejandria
cuento_4009.txt,Los Hijos Del Capitan Grant - Parte 7,Julio Verne,heroes_y_aventuras,Elejandria
cuento_4010.txt,Los Hijos Del Capitan Grant - Parte 8,Julio Verne,heroes_y_aventuras,Elejandria
cuento_4011.txt,Los Hijos Del Capitan Grant - Parte 9,Julio Verne,heroes_y_aventuras,Elejandria
cuento_4012.txt,Los Hijos Del Capitan Grant - Parte 10,Julio Verne,heroes_y_aventuras,Elejandria
cuento_4013.txt,Los Hijos Del Capitan Grant - Parte 11,Julio Verne,heroes_y_aventuras,Elejandria
cuento_4014.txt,Los Hijos Del Capitan Grant - Parte 12,Julio Verne,heroes_y_aventuras,Elejandria
cuento_4015.txt,Los Hijos Del Capitan Grant - Parte 13,Julio Verne,heroes_y_aventuras,Elejandria
cuento_4016.txt,Los Hijos Del Capitan Grant - Parte 14,Julio Verne,heroes_y_aventuras,Elejandria
cuento_4017.txt,Los Hijos Del Capitan Grant - Parte 15,Julio Verne,heroes_y_aventuras,Elejandria
cuento_4018.txt,Los Hijos Del Capitan Grant - Parte 16,Julio Verne,heroes_y_aventuras,Elejandria
cuento_4019.txt,Los Hijos Del Capitan Grant - Parte 17,Julio Verne,heroes_y_aventuras,Elejandria
cuento_4020.txt,Los Hijos Del Capitan Grant - Parte 18,Julio Verne,heroes_y_aventuras,Elejandria
cuento_4021.txt,Los Hijos Del Capitan Grant - Parte 19,Julio Verne,heroes_y_aventuras,Elejandria
cuento_4022.txt,Los Hijos Del Capitan Grant - Parte 20,Julio Verne,heroes_y_aventuras,Elejandria
cuento_4023.txt,Los Hijos Del Capitan Grant - Parte 21,Julio Verne,heroes_y_aventuras,Elejandria
cuento_4024.txt,Los Hijos Del Capitan Grant - Parte 22,Julio Verne,heroes_y_aventuras,Elejandria
cuento_4025.txt,Los Hijos Del Capitan Grant - Parte 23,Julio Verne,heroes_y_aventuras,Elejandria
cuento_4026.txt,Los Hijos Del Capitan Grant - Parte 24,Julio Verne,heroes_y_aventuras,Elejandria
cuento_4027.txt,Los Hijos Del Capitan Grant - Parte 25,Julio Verne,heroes_y_aventuras,Elejandria
cuento_4028.txt,Los Hijos Del Capitan Grant - Parte 26,Julio Verne,heroes_y_aventuras,Elejandria
cuento_4029.txt,Microsoft Word - Los piratas del Halifax.doc - Parte 1,Core Audio Daemon,heroes_y_aventuras,Elejandria
cuento_4030.txt,Microsoft Word - Los piratas del Halifax.doc - Parte 2,Core Audio Daemon,heroes_y_aventuras,Elejandria
cuento_4031.txt,Microsoft Word - Los piratas del Halifax.doc - Parte 3,Core Audio Daemon,heroes_y_aventuras,Elejandria
cuento_4032.txt,Microsoft Word - Los piratas del Halifax.doc - Parte 4,Core Audio Daemon,heroes_y_aventuras,Elejandria
cuento_4033.txt,Microsoft Word - Los piratas del Halifax.doc - Parte 5,Core Audio Daemon,heroes_y_aventuras,Elejandria
cuento_4034.txt,Microsoft Word - Los piratas del Halifax.doc - Parte 6,Core Audio Daemon,heroes_y_aventuras,Elejandria
cuento_4035.txt,Microsoft Word - Los piratas del Halifax.doc - Parte 7,Core Audio Daemon,heroes_y_aventuras,Elejandria
cuento_4036.txt,Microsoft Word - Los piratas del Halifax.doc - Parte 8,Core Audio Daemon,heroes_y_aventuras,Elejandria
cuento_4037.txt,Microsoft Word - Los piratas del Halifax.doc - Parte 9,Core Audio Daemon,heroes_y_aventuras,Elejandria
cuento_4038.txt,Microsoft Word - Los piratas del Halifax.doc - Parte 10,Core Audio Daemon,heroes_y_aventuras,Elejandria
cuento_4039.txt,Microsoft Word - Los piratas del Halifax.doc - Parte 11,Core Audio Daemon,heroes_y_aventuras,Elejandria
cuento_4040.txt,Microsoft Word - Los piratas del Halifax.doc - Parte 12,Core Audio Daemon,heroes_y_aventuras,Elejandria
cuento_4041.txt,Microsoft Word - Los piratas del Halifax.doc - Parte 13,Core Audio Daemon,heroes_y_aventuras,Elejandria
cuento_4042.txt,Microsoft Word - Los piratas del Halifax.doc - Parte 14,Core Audio Daemon,heroes_y_aventuras,Elejandria
cuento_4043.txt,Microsoft Word - Los piratas del Halifax.doc - Parte 15,Core Audio Daemon,heroes_y_aventuras,Elejandria
cuento_4044.txt,Microsoft Word - Los piratas del Halifax.doc - Parte 16,Core Audio Daemon,heroes_y_aventuras,Elejandria
cuento_4045.txt,Microsoft Word - Los piratas del Halifax.doc - Parte 17,Core Audio Daemon,heroes_y_aventuras,Elejandria
cuento_4046.txt,Microsoft Word - Los piratas del Halifax.doc - Parte 18,Core Audio Daemon,heroes_y_aventuras,Elejandria
cuento_4047.txt,Microsoft Word - Los piratas del Halifax.doc - Parte 19,Core Audio Daemon,heroes_y_aventuras,Elejandria
cuento_4048.txt,Microsoft Word - Los piratas del Halifax.doc - Parte 20,Core Audio Daemon,heroes_y_aventuras,Elejandria
cuento_4049.txt,Microsoft Word - Los piratas del Halifax.doc - Parte 21,Core Audio Daemon,heroes_y_aventuras,Elejandria
cuento_4050.txt,Microsoft Word - Los piratas del Halifax.doc - Parte 22,Core Audio Daemon,heroes_y_aventuras,Elejandria
cuento_4051.txt,Microsoft Word - Los piratas del Halifax.doc - Parte 23,Core Audio Daemon,heroes_y_aventuras,Elejandria
cuento_4052.txt,Microsoft Word - Los piratas del Halifax.doc - Parte 24,Core Audio Daemon,heroes_y_aventuras,Elejandria
cuento_4053.txt,Microsoft Word - Los piratas del Halifax.doc - Parte 25,Core Audio Daemon,heroes_y_aventuras,Elejandria
cuento_4054.txt,Microsoft Word - Los piratas del Halifax.doc - Parte 26,Core Audio Daemon,heroes_y_aventuras,Elejandria
cuento_4055.txt,Microsoft Word - Los piratas del Halifax.doc - Parte 27,Core Audio Daemon,heroes_y_aventuras,Elejandria
cuento_4056.txt,Microsoft Word - Los piratas del Halifax.doc - Parte 28,Core Audio Daemon,heroes_y_aventuras,Elejandria
cuento_4057.txt,Microsoft Word - Los piratas del Halifax.doc - Parte 29,Core Audio Daemon,heroes_y_aventuras,Elejandria
cuento_4058.txt,Miguel Strogoff - Parte 1,Julio Verne,heroes_y_aventuras,Elejandria
cuento_4059.txt,Miguel Strogoff - Parte 2,Julio Verne,heroes_y_aventuras,Elejandria
cuento_4060.txt,Miguel Strogoff - Parte 3,Julio Verne,heroes_y_aventuras,Elejandria
cuento_4061.txt,Miguel Strogoff - Parte 4,Julio Verne,heroes_y_aventuras,Elejandria
cuento_4062.txt,Miguel Strogoff - Parte 5,Julio Verne,heroes_y_aventuras,Elejandria
cuento_4063.txt,Miguel Strogoff - Parte 6,Julio Verne,heroes_y_aventuras,Elejandria
cuento_4064.txt,Miguel Strogoff - Parte 7,Julio Verne,heroes_y_aventuras,Elejandria
cuento_4065.txt,Miguel Strogoff - Parte 8,Julio Verne,heroes_y_aventuras,Elejandria
cuento_4066.txt,Miguel Strogoff - Parte 9,Julio Verne,heroes_y_aventuras,Elejandria
cuento_4067.txt,Miguel Strogoff - Parte 10,Julio Verne,heroes_y_aventuras,Elejandria
cuento_4068.txt,Miguel Strogoff - Parte 11,Julio Verne,heroes_y_aventuras,Elejandria
cuento_4069.txt,Miguel Strogoff - Parte 12,Julio Verne,heroes_y_aventuras,Elejandria
cuento_4070.txt,Miguel Strogoff - Parte 13,Julio Verne,heroes_y_aventuras,Elejandria
cuento_4071.txt,Miguel Strogoff - Parte 14,Julio Verne,heroes_y_aventuras,Elejandria
cuento_4072.txt,Miguel Strogoff - Parte 15,Julio Verne,heroes_y_aventuras,Elejandria
cuento_4073.txt,Miguel Strogoff - Parte 16,Julio Verne,heroes_y_aventuras,Elejandria
cuento_4074.txt,Miguel Strogoff - Parte 17,Julio Verne,heroes_y_aventuras,Elejandria
cuento_4075.txt,Miguel Strogoff - Parte 18,Julio Verne,heroes_y_aventuras,Elejandria
cuento_4076.txt,Miguel Strogoff - Parte 19,Julio Verne,heroes_y_aventuras,Elejandria
cuento_4077.txt,Miguel Strogoff - Parte 20,Julio Verne,heroes_y_aventuras,Elejandria
cuento_4078.txt,Miguel Strogoff - Parte 21,Julio Verne,heroes_y_aventuras,Elejandria
cuento_4079.txt,Miguel Strogoff - Parte 22,Julio Verne,heroes_y_aventuras,Elejandria
cuento_4080.txt,Miguel Strogoff - Parte 23,Julio Verne,heroes_y_aventuras,Elejandria
cuento_4081.txt,Miguel Strogoff - Parte 24,Julio Verne,heroes_y_aventuras,Elejandria
cuento_4082.txt,Miguel Strogoff - Parte 25,Julio Verne,heroes_y_aventuras,Elejandria
cuento_4083.txt,Miguel Strogoff - Parte 26,Julio Verne,heroes_y_aventuras,Elejandria
cuento_4084.txt,Miguel Strogoff - Parte 27,Julio Verne,heroes_y_aventuras,Elejandria
cuento_4085.txt,Miguel Strogoff - Parte 28,Julio Verne,heroes_y_aventuras,Elejandria
cuento_4086.txt,Miguel Strogoff - Parte 29,Julio Verne,heroes_y_aventuras,Elejandria
cuento_4087.txt,Miguel Strogoff - Parte 30,Julio Verne,heroes_y_aventuras,Elejandria
cuento_4088.txt,Miguel Strogoff - Parte 31,Julio Verne,heroes_y_aventuras,Elejandria
cuento_4089.txt,Miguel Strogoff - Parte 32,Julio Verne,heroes_y_aventuras,Elejandria
cuento_4090.txt,Miguel Strogoff - Parte 33,Julio Verne,heroes_y_aventuras,Elejandria
cuento_4091.txt,Orlando Furioso - Parte 1,Ludovico Ariosto,heroes_y_aventuras,Elejandria
cuento_4092.txt,Orlando Furioso - Parte 2,Ludovico Ariosto,heroes_y_aventuras,Elejandria
cuento_4093.txt,Orlando Furioso - Parte 3,Ludovico Ariosto,heroes_y_aventuras,Elejandria
cuento_4094.txt,Orlando Furioso - Parte 4,Ludovico Ariosto,heroes_y_aventuras,Elejandria
cuento_4095.txt,Orlando Furioso - Parte 5,Ludovico Ariosto,heroes_y_aventuras,Elejandria
cuento_4096.txt,Orlando Furioso - Parte 6,Ludovico Ariosto,heroes_y_aventuras,Elejandria
cuento_4097.txt,Orlando Furioso - Parte 7,Ludovico Ariosto,heroes_y_aventuras,Elejandria
cuento_4098.txt,Orlando Furioso - Parte 8,Ludovico Ariosto,heroes_y_aventuras,Elejandria
cuento_4099.txt,Orlando Furioso - Parte 9,Ludovico Ariosto,heroes_y_aventuras,Elejandria
cuento_4100.txt,Orlando Furioso - Parte 10,Ludovico Ariosto,heroes_y_aventuras,Elejandria
cuento_4101.txt,Orlando Furioso - Parte 11,Ludovico Ariosto,heroes_y_aventuras,Elejandria
cuento_4102.txt,Orlando Furioso - Parte 12,Ludovico Ariosto,heroes_y_aventuras,Elejandria
cuento_4103.txt,Orlando Furioso - Parte 13,Ludovico Ariosto,heroes_y_aventuras,Elejandria
cuento_4104.txt,Orlando Furioso - Parte 14,Ludovico Ariosto,heroes_y_aventuras,Elejandria
cuento_4105.txt,Orlando Furioso - Parte 15,Ludovico Ariosto,heroes_y_aventuras,Elejandria
cuento_4106.txt,Orlando Furioso - Parte 16,Ludovico Ariosto,heroes_y_aventuras,Elejandria
cuento_4107.txt,Orlando Furioso - Parte 17,Ludovico Ariosto,heroes_y_aventuras,Elejandria
cuento_4108.txt,Orlando Furioso - Parte 18,Ludovico Ariosto,heroes_y_aventuras,Elejandria
cuento_4109.txt,PETER PAN EN LOS JARDINES DE KENSINGTON - Parte 1,J. M. BARRIE,heroes_y_aventuras,Elejandria
cuento_4110.txt,PETER PAN EN LOS JARDINES DE KENSINGTON - Parte 2,J. M. BARRIE,heroes_y_aventuras,Elejandria
cuento_4111.txt,PETER PAN EN LOS JARDINES DE KENSINGTON - Parte 3,J. M. BARRIE,heroes_y_aventuras,Elejandria
cuento_4112.txt,PETER PAN EN LOS JARDINES DE KENSINGTON - Parte 4,J. M. BARRIE,heroes_y_aventuras,Elejandria
cuento_4113.txt,PETER PAN EN LOS JARDINES DE KENSINGTON - Parte 5,J. M. BARRIE,heroes_y_aventuras,Elejandria
cuento_4114.txt,PETER PAN EN LOS JARDINES DE KENSINGTON - Parte 6,J. M. BARRIE,heroes_y_aventuras,Elejandria
cuento_4115.txt,PETER PAN EN LOS JARDINES DE KENSINGTON - Parte 7,J. M. BARRIE,heroes_y_aventuras,Elejandria
cuento_4116.txt,PETER PAN EN LOS JARDINES DE KENSINGTON - Parte 8,J. M. BARRIE,heroes_y_aventuras,Elejandria
cuento_4117.txt,PETER PAN EN LOS JARDINES DE KENSINGTON - Parte 9,J. M. BARRIE,heroes_y_aventuras,Elejandria
cuento_4118.txt,PETER PAN EN LOS JARDINES DE KENSINGTON - Parte 10,J. M. BARRIE,heroes_y_aventuras,Elejandria
cuento_4119.txt,PETER PAN EN LOS JARDINES DE KENSINGTON - Parte 11,J. M. BARRIE,heroes_y_aventuras,Elejandria
cuento_4120.txt,PETER PAN EN LOS JARDINES DE KENSINGTON - Parte 12,J. M. BARRIE,heroes_y_aventuras,Elejandria
cuento_4121.txt,PETER PAN EN LOS JARDINES DE KENSINGTON - Parte 13,J. M. BARRIE,heroes_y_aventuras,Elejandria
cuento_4122.txt,PETER PAN EN LOS JARDINES DE KENSINGTON - Parte 14,J. M. BARRIE,heroes_y_aventuras,Elejandria
cuento_4123.txt,PETER PAN EN LOS JARDINES DE KENSINGTON - Parte 15,J. M. BARRIE,heroes_y_aventuras,Elejandria
cuento_4124.txt,PETER PAN EN LOS JARDINES DE KENSINGTON - Parte 16,J. M. BARRIE,heroes_y_aventuras,Elejandria
cuento_4125.txt,PETER PAN EN LOS JARDINES DE KENSINGTON - Parte 17,J. M. BARRIE,heroes_y_aventuras,Elejandria
cuento_4126.txt,PETER PAN EN LOS JARDINES DE KENSINGTON - Parte 18,J. M. BARRIE,heroes_y_aventuras,Elejandria
cuento_4127.txt,PETER PAN EN LOS JARDINES DE KENSINGTON - Parte 19,J. M. BARRIE,heroes_y_aventuras,Elejandria
cuento_4128.txt,PETER PAN EN LOS JARDINES DE KENSINGTON - Parte 20,J. M. BARRIE,heroes_y_aventuras,Elejandria
cuento_4129.txt,PETER PAN EN LOS JARDINES DE KENSINGTON - Parte 21,J. M. BARRIE,heroes_y_aventuras,Elejandria
cuento_4130.txt,PETER PAN EN LOS JARDINES DE KENSINGTON - Parte 22,J. M. BARRIE,heroes_y_aventuras,Elejandria
cuento_4131.txt,PETER PAN EN LOS JARDINES DE KENSINGTON - Parte 23,J. M. BARRIE,heroes_y_aventuras,Elejandria
cuento_4132.txt,PETER PAN EN LOS JARDINES DE KENSINGTON - Parte 24,J. M. BARRIE,heroes_y_aventuras,Elejandria
cuento_4133.txt,PETER PAN EN LOS JARDINES DE KENSINGTON - Parte 25,J. M. BARRIE,heroes_y_aventuras,Elejandria
cuento_4134.txt,PETER PAN EN LOS JARDINES DE KENSINGTON - Parte 26,J. M. BARRIE,heroes_y_aventuras,Elejandria
cuento_4135.txt,PETER PAN EN LOS JARDINES DE KENSINGTON - Parte 27,J. M. BARRIE,heroes_y_aventuras,Elejandria
cuento_4136.txt,PETER PAN EN LOS JARDINES DE KENSINGTON - Parte 28,J. M. BARRIE,heroes_y_aventuras,Elejandria
cuento_4137.txt,PETER PAN EN LOS JARDINES DE KENSINGTON - Parte 29,J. M. BARRIE,heroes_y_aventuras,Elejandria
cuento_4138.txt,PETER PAN EN LOS JARDINES DE KENSINGTON - Parte 30,J. M. BARRIE,heroes_y_aventuras,Elejandria
cuento_4139.txt,PETER PAN EN LOS JARDINES DE KENSINGTON - Parte 31,J. M. BARRIE,heroes_y_aventuras,Elejandria
cuento_4140.txt,PETER PAN EN LOS JARDINES DE KENSINGTON - Parte 32,J. M. BARRIE,heroes_y_aventuras,Elejandria
cuento_4141.txt,PETER PAN EN LOS JARDINES DE KENSINGTON - Parte 33,J. M. BARRIE,heroes_y_aventuras,Elejandria
cuento_4142.txt,PETER PAN EN LOS JARDINES DE KENSINGTON - Parte 34,J. M. BARRIE,heroes_y_aventuras,Elejandria
cuento_4143.txt,PETER PAN EN LOS JARDINES DE KENSINGTON - Parte 35,J. M. BARRIE,heroes_y_aventuras,Elejandria
cuento_4144.txt,PETER PAN EN LOS JARDINES DE KENSINGTON - Parte 36,J. M. BARRIE,heroes_y_aventuras,Elejandria
cuento_4145.txt,PETER PAN EN LOS JARDINES DE KENSINGTON - Parte 37,J. M. BARRIE,heroes_y_aventuras,Elejandria
cuento_4146.txt,PETER PAN EN LOS JARDINES DE KENSINGTON - Parte 38,J. M. BARRIE,heroes_y_aventuras,Elejandria
cuento_4147.txt,PETER PAN EN LOS JARDINES DE KENSINGTON - Parte 39,J. M. BARRIE,heroes_y_aventuras,Elejandria
cuento_4148.txt,PETER PAN EN LOS JARDINES DE KENSINGTON - Parte 40,J. M. BARRIE,heroes_y_aventuras,Elejandria
cuento_4149.txt,PETER PAN EN LOS JARDINES DE KENSINGTON - Parte 41,J. M. BARRIE,heroes_y_aventuras,Elejandria
cuento_4150.txt,PETER PAN EN LOS JARDINES DE KENSINGTON - Parte 42,J. M. BARRIE,heroes_y_aventuras,Elejandria
cuento_4151.txt,PETER PAN EN LOS JARDINES DE KENSINGTON - Parte 43,J. M. BARRIE,heroes_y_aventuras,Elejandria
cuento_4152.txt,PETER PAN EN LOS JARDINES DE KENSINGTON - Parte 44,J. M. BARRIE,heroes_y_aventuras,Elejandria
cuento_4153.txt,PETER PAN EN LOS JARDINES DE KENSINGTON - Parte 45,J. M. BARRIE,heroes_y_aventuras,Elejandria
cuento_4154.txt,PETER PAN EN LOS JARDINES DE KENSINGTON - Parte 46,J. M. BARRIE,heroes_y_aventuras,Elejandria
cuento_4155.txt,PETER PAN EN LOS JARDINES DE KENSINGTON - Parte 47,J. M. BARRIE,heroes_y_aventuras,Elejandria
cuento_4156.txt,PETER PAN EN LOS JARDINES DE KENSINGTON - Parte 48,J. M. BARRIE,heroes_y_aventuras,Elejandria
cuento_4157.txt,PETER PAN EN LOS JARDINES DE KENSINGTON - Parte 49,J. M. BARRIE,heroes_y_aventuras,Elejandria
cuento_4158.txt,PETER PAN EN LOS JARDINES DE KENSINGTON - Parte 50,J. M. BARRIE,heroes_y_aventuras,Elejandria
cuento_4159.txt,PETER PAN EN LOS JARDINES DE KENSINGTON - Parte 51,J. M. BARRIE,heroes_y_aventuras,Elejandria
cuento_4160.txt,PETER PAN EN LOS JARDINES DE KENSINGTON - Parte 52,J. M. BARRIE,heroes_y_aventuras,Elejandria
cuento_4161.txt,PETER PAN EN LOS JARDINES DE KENSINGTON - Parte 53,J. M. BARRIE,heroes_y_aventuras,Elejandria
cuento_4162.txt,PETER PAN EN LOS JARDINES DE KENSINGTON - Parte 54,J. M. BARRIE,heroes_y_aventuras,Elejandria
cuento_4163.txt,PETER PAN EN LOS JARDINES DE KENSINGTON - Parte 55,J. M. BARRIE,heroes_y_aventuras,Elejandria
cuento_4164.txt,PETER PAN EN LOS JARDINES DE KENSINGTON - Parte 56,J. M. BARRIE,heroes_y_aventuras,Elejandria
cuento_4165.txt,PETER PAN EN LOS JARDINES DE KENSINGTON - Parte 57,J. M. BARRIE,heroes_y_aventuras,Elejandria
cuento_4166.txt,PETER PAN EN LOS JARDINES DE KENSINGTON - Parte 58,J. M. BARRIE,heroes_y_aventuras,Elejandria
cuento_4167.txt,PETER PAN EN LOS JARDINES DE KENSINGTON - Parte 59,J. M. BARRIE,heroes_y_aventuras,Elejandria
cuento_4168.txt,PETER PAN EN LOS JARDINES DE KENSINGTON - Parte 60,J. M. BARRIE,heroes_y_aventuras,Elejandria
cuento_4169.txt,PETER PAN EN LOS JARDINES DE KENSINGTON - Parte 61,J. M. BARRIE,heroes_y_aventuras,Elejandria
cuento_4170.txt,PETER PAN EN LOS JARDINES DE KENSINGTON - Parte 62,J. M. BARRIE,heroes_y_aventuras,Elejandria
cuento_4171.txt,PETER PAN EN LOS JARDINES DE KENSINGTON - Parte 63,J. M. BARRIE,heroes_y_aventuras,Elejandria
cuento_4172.txt,PETER PAN EN LOS JARDINES DE KENSINGTON - Parte 64,J. M. BARRIE,heroes_y_aventuras,Elejandria
cuento_4173.txt,PETER PAN EN LOS JARDINES DE KENSINGTON - Parte 65,J. M. BARRIE,heroes_y_aventuras,Elejandria
cuento_4174.txt,PETER PAN EN LOS JARDINES DE KENSINGTON - Parte 66,J. M. BARRIE,heroes_y_aventuras,Elejandria
cuento_4175.txt,PETER PAN EN LOS JARDINES DE KENSINGTON - Parte 67,J. M. BARRIE,heroes_y_aventuras,Elejandria
cuento_4176.txt,PETER PAN EN LOS JARDINES DE KENSINGTON - Parte 68,J. M. BARRIE,heroes_y_aventuras,Elejandria
cuento_4177.txt,PETER PAN EN LOS JARDINES DE KENSINGTON - Parte 69,J. M. BARRIE,heroes_y_aventuras,Elejandria
cuento_4178.txt,PETER PAN EN LOS JARDINES DE KENSINGTON - Parte 70,J. M. BARRIE,heroes_y_aventuras,Elejandria
cuento_4179.txt,PETER PAN EN LOS JARDINES DE KENSINGTON - Parte 71,J. M. BARRIE,heroes_y_aventuras,Elejandria
cuento_4180.txt,PETER PAN EN LOS JARDINES DE KENSINGTON - Parte 72,J. M. BARRIE,heroes_y_aventuras,Elejandria
cuento_4181.txt,PETER PAN EN LOS JARDINES DE KENSINGTON - Parte 73,J. M. BARRIE,heroes_y_aventuras,Elejandria
cuento_4182.txt,PETER PAN EN LOS JARDINES DE KENSINGTON - Parte 74,J. M. BARRIE,heroes_y_aventuras,Elejandria
cuento_4183.txt,PETER PAN EN LOS JARDINES DE KENSINGTON - Parte 75,J. M. BARRIE,heroes_y_aventuras,Elejandria
cuento_4184.txt,PETER PAN EN LOS JARDINES DE KENSINGTON - Parte 76,J. M. BARRIE,heroes_y_aventuras,Elejandria
cuento_4185.txt,PETER PAN EN LOS JARDINES DE KENSINGTON - Parte 77,J. M. BARRIE,heroes_y_aventuras,Elejandria
cuento_4186.txt,PETER PAN EN LOS JARDINES DE KENSINGTON - Parte 78,J. M. BARRIE,heroes_y_aventuras,Elejandria
cuento_4187.txt,PETER PAN EN LOS JARDINES DE KENSINGTON - Parte 79,J. M. BARRIE,heroes_y_aventuras,Elejandria
cuento_4188.txt,PETER PAN EN LOS JARDINES DE KENSINGTON - Parte 80,J. M. BARRIE,heroes_y_aventuras,Elejandria
cuento_4189.txt,PETER PAN EN LOS JARDINES DE KENSINGTON - Parte 81,J. M. BARRIE,heroes_y_aventuras,Elejandria
cuento_4190.txt,PETER PAN EN LOS JARDINES DE KENSINGTON - Parte 82,J. M. BARRIE,heroes_y_aventuras,Elejandria
cuento_4191.txt,PETER PAN EN LOS JARDINES DE KENSINGTON - Parte 83,J. M. BARRIE,heroes_y_aventuras,Elejandria
cuento_4192.txt,PETER PAN EN LOS JARDINES DE KENSINGTON - Parte 84,J. M. BARRIE,heroes_y_aventuras,Elejandria
cuento_4193.txt,PETER PAN EN LOS JARDINES DE KENSINGTON - Parte 85,J. M. BARRIE,heroes_y_aventuras,Elejandria
cuento_4194.txt,PETER PAN EN LOS JARDINES DE KENSINGTON - Parte 86,J. M. BARRIE,heroes_y_aventuras,Elejandria
cuento_4195.txt,PETER PAN EN LOS JARDINES DE KENSINGTON - Parte 87,J. M. BARRIE,heroes_y_aventuras,Elejandria
cuento_4196.txt,PETER PAN EN LOS JARDINES DE KENSINGTON - Parte 88,J. M. BARRIE,heroes_y_aventuras,Elejandria
cuento_4197.txt,PETER PAN EN LOS JARDINES DE KENSINGTON - Parte 89,J. M. BARRIE,heroes_y_aventuras,Elejandria
cuento_4198.txt,PETER PAN EN LOS JARDINES DE KENSINGTON - Parte 90,J. M. BARRIE,heroes_y_aventuras,Elejandria
cuento_4199.txt,PETER PAN EN LOS JARDINES DE KENSINGTON - Parte 91,J. M. BARRIE,heroes_y_aventuras,Elejandria
cuento_4200.txt,PETER PAN EN LOS JARDINES DE KENSINGTON - Parte 92,J. M. BARRIE,heroes_y_aventuras,Elejandria
cuento_4201.txt,PETER PAN EN LOS JARDINES DE KENSINGTON - Parte 93,J. M. BARRIE,heroes_y_aventuras,Elejandria
cuento_4202.txt,PETER PAN EN LOS JARDINES DE KENSINGTON - Parte 94,J. M. BARRIE,heroes_y_aventuras,Elejandria
cuento_4203.txt,PETER PAN EN LOS JARDINES DE KENSINGTON - Parte 95,J. M. BARRIE,heroes_y_aventuras,Elejandria
cuento_4204.txt,Un billete de lotería _BV_ - Parte 1,ADMIN,heroes_y_aventuras,Elejandria
cuento_4205.txt,Un billete de lotería _BV_ - Parte 2,ADMIN,heroes_y_aventuras,Elejandria
cuento_4206.txt,Un billete de lotería _BV_ - Parte 3,ADMIN,heroes_y_aventuras,Elejandria
cuento_4207.txt,Un billete de lotería _BV_ - Parte 4,ADMIN,heroes_y_aventuras,Elejandria
cuento_4208.txt,Un billete de lotería _BV_ - Parte 5,ADMIN,heroes_y_aventuras,Elejandria
cuento_4209.txt,Un billete de lotería _BV_ - Parte 6,ADMIN,heroes_y_aventuras,Elejandria
cuento_4210.txt,Un billete de lotería _BV_ - Parte 7,ADMIN,heroes_y_aventuras,Elejandria
cuento_4211.txt,Un billete de lotería _BV_ - Parte 8,ADMIN,heroes_y_aventuras,Elejandria
cuento_4212.txt,Un billete de lotería _BV_ - Parte 9,ADMIN,heroes_y_aventuras,Elejandria
cuento_4213.txt,Un billete de lotería _BV_ - Parte 10,ADMIN,heroes_y_aventuras,Elejandria
cuento_4214.txt,Un billete de lotería _BV_ - Parte 11,ADMIN,heroes_y_aventuras,Elejandria
cuento_4215.txt,Un billete de lotería _BV_ - Parte 12,ADMIN,heroes_y_aventuras,Elejandria
cuento_4216.txt,Un billete de lotería _BV_ - Parte 13,ADMIN,heroes_y_aventuras,Elejandria
cuento_4217.txt,Un billete de lotería _BV_ - Parte 14,ADMIN,heroes_y_aventuras,Elejandria
cuento_4218.txt,Un billete de lotería _BV_ - Parte 15,ADMIN,heroes_y_aventuras,Elejandria
cuento_4219.txt,Un billete de lotería _BV_ - Parte 16,ADMIN,heroes_y_aventuras,Elejandria
cuento_4220.txt,Un billete de lotería _BV_ - Parte 17,ADMIN,heroes_y_aventuras,Elejandria
cuento_4221.txt,Un billete de lotería _BV_ - Parte 18,ADMIN,heroes_y_aventuras,Elejandria
cuento_4222.txt,Un billete de lotería _BV_ - Parte 19,ADMIN,heroes_y_aventuras,Elejandria
cuento_4223.txt,Un billete de lotería _BV_ - Parte 20,ADMIN,heroes_y_aventuras,Elejandria
cuento_4224.txt,Un capitan de quince anos - capver65.doc - Parte 1,Rene Contreras,heroes_y_aventuras,Elejandria
cuento_4225.txt,Un capitan de quince anos - capver65.doc - Parte 2,Rene Contreras,heroes_y_aventuras,Elejandria
cuento_4226.txt,Un capitan de quince anos - capver65.doc - Parte 3,Rene Contreras,heroes_y_aventuras,Elejandria
cuento_4227.txt,Un capitan de quince anos - capver65.doc - Parte 4,Rene Contreras,heroes_y_aventuras,Elejandria
cuento_4228.txt,Un capitan de quince anos - capver65.doc - Parte 5,Rene Contreras,heroes_y_aventuras,Elejandria
cuento_4229.txt,Un capitan de quince anos - capver65.doc - Parte 6,Rene Contreras,heroes_y_aventuras,Elejandria
cuento_4230.txt,Un capitan de quince anos - capver65.doc - Parte 7,Rene Contreras,heroes_y_aventuras,Elejandria
cuento_4231.txt,Un capitan de quince anos - capver65.doc - Parte 8,Rene Contreras,heroes_y_aventuras,Elejandria
cuento_4232.txt,Un capitan de quince anos - capver65.doc - Parte 9,Rene Contreras,heroes_y_aventuras,Elejandria
cuento_4233.txt,Un capitan de quince anos - capver65.doc - Parte 10,Rene Contreras,heroes_y_aventuras,Elejandria
cuento_4234.txt,Un capitan de quince anos - capver65.doc - Parte 11,Rene Contreras,heroes_y_aventuras,Elejandria
cuento_4235.txt,Un capitan de quince anos - capver65.doc - Parte 12,Rene Contreras,heroes_y_aventuras,Elejandria
cuento_4236.txt,Un capitan de quince anos - capver65.doc - Parte 13,Rene Contreras,heroes_y_aventuras,Elejandria
cuento_4237.txt,Un capitan de quince anos - capver65.doc - Parte 14,Rene Contreras,heroes_y_aventuras,Elejandria
cuento_4238.txt,Un capitan de quince anos - capver65.doc - Parte 15,Rene Contreras,heroes_y_aventuras,Elejandria
cuento_4239.txt,Un capitan de quince anos - capver65.doc - Parte 16,Rene Contreras,heroes_y_aventuras,Elejandria
cuento_4240.txt,Un capitan de quince anos - capver65.doc - Parte 17,Rene Contreras,heroes_y_aventuras,Elejandria
cuento_4241.txt,Un capitan de quince anos - capver65.doc - Parte 18,Rene Contreras,heroes_y_aventuras,Elejandria
cuento_4242.txt,Un capitan de quince anos - capver65.doc - Parte 19,Rene Contreras,heroes_y_aventuras,Elejandria
cuento_4243.txt,Un capitan de quince anos - capver65.doc - Parte 20,Rene Contreras,heroes_y_aventuras,Elejandria
cuento_4244.txt,Un capitan de quince anos - capver65.doc - Parte 21,Rene Contreras,heroes_y_aventuras,Elejandria
cuento_4245.txt,Un capitan de quince anos - capver65.doc - Parte 22,Rene Contreras,heroes_y_aventuras,Elejandria
cuento_4246.txt,Un capitan de quince anos - capver65.doc - Parte 23,Rene Contreras,heroes_y_aventuras,Elejandria
cuento_4247.txt,Un capitan de quince anos - capver65.doc - Parte 24,Rene Contreras,heroes_y_aventuras,Elejandria
cuento_4248.txt,Un capitan de quince anos - capver65.doc - Parte 25,Rene Contreras,heroes_y_aventuras,Elejandria
cuento_4249.txt,Un capitan de quince anos - capver65.doc - Parte 26,Rene Contreras,heroes_y_aventuras,Elejandria
cuento_4250.txt,Un capitan de quince anos - capver65.doc - Parte 27,Rene Contreras,heroes_y_aventuras,Elejandria
cuento_4251.txt,Un capitan de quince anos - capver65.doc - Parte 28,Rene Contreras,heroes_y_aventuras,Elejandria
cuento_4252.txt,Un capitan de quince anos - capver65.doc - Parte 29,Rene Contreras,heroes_y_aventuras,Elejandria
cuento_4253.txt,Un capitan de quince anos - capver65.doc - Parte 30,Rene Contreras,heroes_y_aventuras,Elejandria
