archivo,tematica,descripcion,fuente
img_001.png,princesas_y_castillos,Castillo de cuento de hadas rosa con múltiples torres,Pinterest
img_002.png,princesas_y_castillos,Carruaje real elegante estilo cuento de hadas,Pinterest
img_003.png,princesas_y_castillos,Castillo rosa pequeño con torres cónicas,Pinterest
img_004.png,princesas_y_castillos,Castillo de fantasía estilo ilustración infantil,Pinterest
img_005.png,princesas_y_castillos,Castillo real de color rosa pastel,Pinterest
img_006.png,princesas_y_castillos,Castillo de estilo medieval azul y blanco,Pinterest
img_007.png,princesas_y_castillos,Castillo clásico de princesa en color rosa,Pinterest
img_008.png,princesas_y_castillos,Castillo de fantasía azul claro,Pinterest
img_009.png,princesas_y_castillos,Castillo mágico con torres altas y tonos azulados,Pinterest
img_010.png,princesas_y_castillos,Castillo real grande con diseño detallado en rosa,Pinterest
img_011.png,princesas_y_castillos,Castillo de cuento de hadas con torres rosadas,Pinterest
img_012.png,princesas_y_castillos,Castillo de princesa con diseño estilizado,Pinterest
img_013.png,princesas_y_castillos,Castillo medieval realista con tonos piedra,Pinterest
img_014.png,princesas_y_castillos,Castillo de fantasía con arquitectura clásica,Pinterest
img_015.png,princesas_y_castillos,Castillo azul con torres estilo real,Pinterest
img_016.png,princesas_y_castillos,Castillo rosa con diseño de torres redondeadas,Pinterest
img_017.png,princesas_y_castillos,Castillo de cuento con torres rosas y balcones,Pinterest
img_018.png,princesas_y_castillos,Castillo real grande estilo palacio rosa,Pinterest
img_019.png,princesas_y_castillos,Castillo azul con diseño de torres altas,Pinterest
img_020.png,princesas_y_castillos,Castillo medieval con torres de piedra azulada,Pinterest
img_021.png,princesas_y_castillos,Castillo de fantasía en tonos acuarela,Pinterest
img_022.png,princesas_y_castillos,Castillo rosa decorativo de cuento,Pinterest
img_023.png,princesas_y_castillos,Castillo azul de fantasía con torres puntiagudas,Pinterest
img_024.png,princesas_y_castillos,Castillo de cuento con diseño simétrico,Pinterest
img_025.png,princesas_y_castillos,Castillo de princesa en tonos violeta y rosa,Pinterest
img_026.png,princesas_y_castillos,Castillo elegante con torres altas y fondo cielo,Pinterest
img_027.png,princesas_y_castillos,Castillo de cuento con diseño vertical rosa,Pinterest
img_028.png,princesas_y_castillos,Castillo de fantasía con cúpulas y torres,Pinterest
img_029.png,princesas_y_castillos,Castillo de princesa con estilo simplificado,Pinterest
img_030.png,princesas_y_castillos,Castillo de cuento color rosa brillante,Pinterest
img_031.png,princesas_y_castillos,Castillo mágico rosa con diseño ornamental,Pinterest
img_032.png,princesas_y_castillos,Castillo real rosa con detalles en blanco,Pinterest
img_033.png,princesas_y_castillos,Castillo de fantasía con colores vibrantes,Pinterest
img_034.png,princesas_y_castillos,Castillo de princesa en estilo caricatura rosa,Pinterest
img_035.png,princesas_y_castillos,Castillo de cuento con torres y estilo detallado,Pinterest
img_036.png,princesas_y_castillos,Castillo azul de fantasía con diseño brillante,Pinterest
img_037.png,princesas_y_castillos,Castillo de princesa violeta y rosa,Pinterest
img_038.png,princesas_y_castillos,Castillo estilo cuento con colores pastel,Pinterest
img_039.png,princesas_y_castillos,Castillo de princesa rosa con estilo sencillo,Pinterest
img_040.png,princesas_y_castillos,Castillo medieval azul claro con torres,Pinterest
img_041.png,princesas_y_castillos,Castillo rosa con diseño de cuento clásico,Pinterest
img_042.png,princesas_y_castillos,Castillo medieval de piedra con tonos ocres,Pinterest
img_043.png,princesas_y_castillos,Castillo de princesa con torres altas y diseño rosa,Pinterest
img_044.png,princesas_y_castillos,Castillo mágico rosa con estilo ilustración,Pinterest
img_045.png,princesas_y_castillos,Castillo de cuento con diseño de piedra clara,Pinterest
img_046.png,princesas_y_castillos,Castillo rosa elegante de cuento de hadas,Pinterest
img_047.png,princesas_y_castillos,Castillo medieval con torres robustas,Pinterest
img_048.png,princesas_y_castillos,Castillo de princesa rosa con diseño de torres,Pinterest
img_049.png,princesas_y_castillos,Castillo clásico de fantasía en color rosa,Pinterest
img_050.png,princesas_y_castillos,Castillo de cuento de hadas estilo arquitectura,Pinterest
img_051.png,princesas_y_castillos,Castillo medieval azul con torres cónicas,Pinterest
img_052.png,princesas_y_castillos,Castillo de princesa rosa con diseño detallado,Pinterest
img_053.png,princesas_y_castillos,Castillo de cuento con torres rosadas,Pinterest
img_054.png,princesas_y_castillos,Castillo rosa con corazón decorativo,Pinterest
img_055.png,princesas_y_castillos,Castillo de fantasía con diseño ornamental,Pinterest
img_056.png,princesas_y_castillos,Castillo de cuento de hadas estilo palacio,Pinterest
img_057.png,princesas_y_castillos,Castillo de princesa violeta con torres,Pinterest
img_058.png,princesas_y_castillos,Castillo de fantasía con torres múltiples,Pinterest
img_059.png,princesas_y_castillos,Castillo de cuento con diseño de paisaje,Pinterest
img_060.png,princesas_y_castillos,Castillo medieval azul y gris,Pinterest
img_061.png,princesas_y_castillos,Castillo real azul con estilo elegante,Pinterest
img_062.png,princesas_y_castillos,Castillo de fantasía con torres blancas,Pinterest
img_063.png,princesas_y_castillos,Castillo de princesa rosa con estilo caricatura,Pinterest
img_064.png,princesas_y_castillos,Castillo de cuento con torres rosas elevadas,Pinterest
img_065.png,princesas_y_castillos,Castillo azul real con diseño de torres,Pinterest
img_066.png,princesas_y_castillos,Castillo de princesa en tonos pasteles,Pinterest
img_067.png,princesas_y_castillos,Castillo de cuento rosa con torres cónicas,Pinterest
img_068.png,princesas_y_castillos,Castillo rosa con diseño de fantasía,Pinterest
img_069.png,princesas_y_castillos,Castillo de cuento con arquitectura detallada,Pinterest
img_070.png,princesas_y_castillos,Castillo de fantasía estilo acuarela,Pinterest
img_071.png,princesas_y_castillos,Castillo rosa claro de cuento de hadas,Pinterest
img_072.png,princesas_y_castillos,Castillo de princesa en tonos suaves,Pinterest
img_073.png,princesas_y_castillos,Castillo de fantasía con torres altas,Pinterest
img_074.png,princesas_y_castillos,Castillo medieval de piedra con estilo clásico,Pinterest
img_075.png,princesas_y_castillos,Castillo de cuento con torres verdes y rosas,Pinterest
img_076.png,princesas_y_castillos,Castillo medieval con torre alta y colorida,Pinterest
img_077.png,princesas_y_castillos,Castillo azul real con diseño de cúpulas,Pinterest
img_078.png,princesas_y_castillos,Castillo de cuento con torres en tonos pastel,Pinterest
img_079.png,princesas_y_castillos,Castillo azul detallado de fantasía,Pinterest
img_080.png,princesas_y_castillos,Castillo de princesa con diseño de jardín,Pinterest
img_081.png,princesas_y_castillos,Castillo rosa de cuento de hadas,Pinterest
img_082.png,princesas_y_castillos,Castillo de fantasía con diseño de torres,Pinterest
img_083.png,princesas_y_castillos,Castillo de princesa rosa con estilo detallado,Pinterest
img_084.png,princesas_y_castillos,Castillo medieval con tonos grises y rosados,Pinterest
img_085.png,princesas_y_castillos,Castillo de fantasía con estilo caricatura,Pinterest
img_086.png,princesas_y_castillos,Castillo de cuento con diseño de torres rosas,Pinterest
img_087.png,princesas_y_castillos,Castillo de princesa en tonos rosa y blanco,Pinterest
img_088.png,princesas_y_castillos,Castillo de cuento con torres estilizadas,Pinterest
img_089.png,princesas_y_castillos,Castillo rosa de estilo mágico,Pinterest
img_090.png,princesas_y_castillos,Castillo de fantasía con torres y cúpulas,Pinterest
img_091.png,princesas_y_castillos,Castillo medieval con torres robustas,Pinterest
img_092.png,princesas_y_castillos,Castillo de cuento con estilo de piedra,Pinterest
img_093.png,princesas_y_castillos,Castillo medieval de piedra con torres,Pinterest
img_094.png,princesas_y_castillos,Castillo real de piedra con torres altas,Pinterest
img_095.png,princesas_y_castillos,Castillo medieval con diseño clásico,Pinterest
img_096.png,princesas_y_castillos,Castillo de piedra estilo fortaleza medieval,Pinterest
img_097.png,princesas_y_castillos,Castillo de princesa rosa con flores decorativas,Pinterest
img_098.png,princesas_y_castillos,Castillo de cuento de hadas con torres rosadas,Pinterest
img_099.png,princesas_y_castillos,Castillo de princesa con estandarte personalizable,Pinterest
img_100.png,princesas_y_castillos,Castillo rosa de fantasía con diseño elegante,Pinterest
img_101.png,princesas_y_castillos,Castillo de cuento con torres altas estilo palacio,Pinterest
img_102.png,princesas_y_castillos,Castillo mágico en tonos suaves de rosa,Pinterest
img_103.png,princesas_y_castillos,Castillo de fantasía con torres estilizadas,Pinterest
img_104.png,princesas_y_castillos,Castillo de princesa azul y rosa con arquitectura detallada,Pinterest
img_105.png,princesas_y_castillos,Castillo de cuento de hadas con flores en la base,Pinterest
img_106.png,princesas_y_castillos,Castillo de piedra estilo medieval con banderas rojas,Pinterest
img_107.png,princesas_y_castillos,Castillo medieval robusto con puerta de madera,Pinterest
img_108.png,princesas_y_castillos,Habitación de princesa con dosel morado y decoración real,Pinterest
img_109.png,princesas_y_castillos,Habitación de princesa con cortinas rosas y estilo clásico,Pinterest
img_110.png,princesas_y_castillos,Habitación de princesa con espejo mágico y luces brillantes,Pinterest
img_111.png,princesas_y_castillos,Habitación de princesa con diseño real y torre de luz,Pinterest
img_112.png,princesas_y_castillos,Escalera de palacio con diseño mágico y azul,Pinterest
img_113.png,princesas_y_castillos,Sala de palacio con ventanales altos y ambiente frío,Pinterest
img_114.png,princesas_y_castillos,Habitación de princesa con ventanal tipo catedral,Pinterest
img_115.png,princesas_y_castillos,Habitación de princesa con muebles estilo antiguo,Pinterest
img_116.png,princesas_y_castillos,Habitación de princesa con zona de estar y detalles en madera,Pinterest
img_117.png,princesas_y_castillos,Habitación de princesa temática con camas de dosel,Pinterest
img_118.png,princesas_y_castillos,Habitación de princesa con decoración floral y tonos suaves,Pinterest
img_119.png,princesas_y_castillos,Habitación de princesa con ventanal amplio y luz natural,Pinterest
img_120.png,princesas_y_castillos,Habitación de princesa con diseño de lujo y lámparas colgantes,Pinterest
img_121.png,princesas_y_castillos,Habitación de princesa con ambiente acogedor y mobiliario detallado,Pinterest
img_122.png,princesas_y_castillos,Habitación de princesa estilo palaciego con diseño abierto,Pinterest
img_123.png,princesas_y_castillos,Habitación de princesa con detalles dorados y estilo real,Pinterest
img_124.png,princesas_y_castillos,Habitación de princesa con mobiliario de época y cortinas,Pinterest
img_125.png,princesas_y_castillos,Habitación de princesa con estanterías y ambiente de biblioteca,Pinterest
img_126.png,princesas_y_castillos,Habitación de princesa con diseño clásico y colores pastel,Pinterest
img_127.png,princesas_y_castillos,Habitación de princesa con cortinas rosas y diseño simétrico,Pinterest
img_128.png,princesas_y_castillos,Habitación de princesa con tonos morados y luz tenue,Pinterest
img_129.png,princesas_y_castillos,Habitación de princesa con dosel azul y decoración sencilla,Pinterest
img_130.png,princesas_y_castillos,Habitación de princesa con tonos violetas y mobiliario elegante,Pinterest
img_131.png,princesas_y_castillos,Habitación de princesa con diseño colorido y estilo real,Pinterest
img_132.png,princesas_y_castillos,Habitación de princesa con detalles en rojo y arquitectura clásica,Pinterest
img_133.png,princesas_y_castillos,Habitación de princesa con diseño cálido y mobiliario de madera,Pinterest
img_134.png,princesas_y_castillos,Habitación de princesa con cama con dosel y estilo clásico,Pinterest
img_135.png,princesas_y_castillos,Habitación de princesa con diseño lujoso y grandes lámparas,Pinterest
img_136.png,princesas_y_castillos,Habitación de princesa con luz cálida y estilo de época,Pinterest
img_137.png,princesas_y_castillos,Habitación de princesa con diseño rústico de piedra,Pinterest
img_138.png,princesas_y_castillos,Habitación de princesa con cama sencilla y estilo medieval,Pinterest
img_139.png,princesas_y_castillos,Habitación de princesa con diseño minimalista,Pinterest
img_140.png,princesas_y_castillos,Habitación de princesa con dosel y tonos suaves,Pinterest
img_141.png,princesas_y_castillos,Habitación de princesa con diseño romántico y tonos violetas,Pinterest
img_142.png,princesas_y_castillos,Habitación de princesa con mobiliario real y ventanal grande,Pinterest
img_143.png,princesas_y_castillos,Habitación de princesa con diseño elegante y colores cálidos,Pinterest
img_144.png,princesas_y_castillos,Habitación de princesa con gran lámpara y decoración dorada,Pinterest
img_145.png,princesas_y_castillos,Habitación de princesa con tonos oscuros y estilo misterioso,Pinterest
img_146.png,princesas_y_castillos,Habitación de princesa con cama con dosel azul y lujo,Pinterest
img_147.png,princesas_y_castillos,Habitación de princesa con diseño clásico y tonos verdes,Pinterest
img_148.png,princesas_y_castillos,Habitación de princesa con temática de bosque encantado,Pinterest
img_149.png,princesas_y_castillos,Habitación de princesa con mobiliario de madera y estilo natural,Pinterest
img_150.png,princesas_y_castillos,Habitación de princesa con diseño detallado y colores ricos,Pinterest
img_151.png,princesas_y_castillos,Habitación de princesa con zona de estar y ambiente mágico,Pinterest
img_152.png,princesas_y_castillos,Habitación de princesa con luces brillantes y diseño real,Pinterest
img_153.png,princesas_y_castillos,Habitación de princesa con dosel rosa y ambiente acogedor,Pinterest
img_154.png,princesas_y_castillos,Habitación de princesa con diseño de palacio y detalles dorados,Pinterest
img_155.png,princesas_y_castillos,Habitación de princesa con ambiente de fantasía y castillo,Pinterest
img_156.png,princesas_y_castillos,Habitación de princesa con temática de bosque y vegetación,Pinterest
img_157.png,princesas_y_castillos,Habitación de princesa con diseño rústico y acogedor,Pinterest
img_158.png,princesas_y_castillos,Habitación de princesa con estanterías y ambiente de estudio,Pinterest
img_159.png,princesas_y_castillos,Habitación de princesa con dosel morado y diseño elegante,Pinterest
img_160.png,princesas_y_castillos,Habitación de princesa con estilo clásico y tonos cálidos,Pinterest
img_161.png,princesas_y_castillos,Habitación de princesa con mobiliario blanco y estilo real,Pinterest
img_162.png,princesas_y_castillos,Habitación de princesa con chimenea y ambiente cálido,Pinterest
img_163.png,princesas_y_castillos,Habitación de princesa con luz dorada y diseño palaciego,Pinterest
img_164.png,princesas_y_castillos,Habitación de princesa con decoración suave y estilo moderno,Pinterest
img_165.png,princesas_y_castillos,Habitación de princesa con cama en forma de concha,Pinterest
img_166.png,princesas_y_castillos,Habitación de princesa con temática submarina,Pinterest
img_167.png,princesas_y_castillos,Habitación de princesa con dosel rosa y diseño infantil,Pinterest
img_168.png,princesas_y_castillos,Habitación de princesa con diseño hogareño y acogedor,Pinterest
img_169.png,princesas_y_castillos,Habitación de princesa con dosel y estilo elegante,Pinterest
img_170.png,princesas_y_castillos,Habitación de princesa con mobiliario de época,Pinterest
img_171.png,princesas_y_castillos,Habitación de princesa con tonos verdes y decoración clásica,Pinterest
img_172.png,princesas_y_castillos,Habitación de princesa con diseño de cuento de hadas,Pinterest
img_173.png,princesas_y_castillos,Habitación de princesa con cortinas rosas y estilo brillante,Pinterest
img_174.png,princesas_y_castillos,Habitación de princesa con vestidor y decoración elegante,Pinterest
img_175.png,princesas_y_castillos,Habitación de princesa con dosel de flores rosadas,Pinterest
img_176.png,princesas_y_castillos,Habitación de princesa con tonos azulados y estilo clásico,Pinterest
img_177.png,princesas_y_castillos,Habitación de princesa con detalles florales y lujo,Pinterest
img_178.png,princesas_y_castillos,Habitación de princesa con cama de época y colores tierra,Pinterest
img_179.png,princesas_y_castillos,Habitación de princesa con mobiliario blanco y estilo romántico,Pinterest
img_180.png,princesas_y_castillos,Habitación de princesa con cortinas de seda y diseño real,Pinterest
img_181.png,princesas_y_castillos,Habitación de princesa con diseño minimalista y tonos claros,Pinterest
img_182.png,princesas_y_castillos,Habitación de princesa con mobiliario antiguo y amplio ventanal,Pinterest
img_183.png,princesas_y_castillos,Habitación de princesa con estilo neoclásico y detalles dorados,Pinterest
img_184.png,princesas_y_castillos,Habitación de princesa con dosel amarillo y ambiente cálido,Pinterest
img_185.png,princesas_y_castillos,Habitación de princesa con temática colorida y moderna,Pinterest
img_186.png,princesas_y_castillos,Habitación de princesa con diseño abierto y accesorios infantiles,Pinterest
img_187.png,princesas_y_castillos,Habitación de princesa con cama circular y estilo fantasía,Pinterest
img_188.png,princesas_y_castillos,Habitación de princesa con iluminación nocturna y temática estrellada,Pinterest
img_189.png,princesas_y_castillos,Habitación de princesa con atmósfera mágica y tonos violetas,Pinterest
img_190.png,princesas_y_castillos,Habitación de princesa con diseño espacioso y alfombras reales,Pinterest
img_191.png,princesas_y_castillos,Habitación de princesa con luces colgantes y estilo acogedor,Pinterest
img_192.png,princesas_y_castillos,Habitación de princesa con cama de dosel y tonos vibrantes,Pinterest
img_193.png,princesas_y_castillos,Habitación de princesa con decoración de cuento y colores pastel,Pinterest
img_194.png,princesas_y_castillos,Habitación de princesa con diseño de lujo y colores intensos,Pinterest
img_195.png,princesas_y_castillos,Habitación de princesa con estilo imperial y tonos púrpuras,Pinterest
img_196.png,princesas_y_castillos,Habitación de princesa con detalles de cuento de hadas,Pinterest
img_197.png,princesas_y_castillos,Habitación de princesa con diseño de salón real,Pinterest
img_198.png,princesas_y_castillos,Habitación de princesa con arcos y mobiliario clásico,Pinterest
img_199.png,princesas_y_castillos,Habitación de princesa con cama pequeña y estilo sencillo,Pinterest
img_200.png,princesas_y_castillos,Habitación de princesa con mobiliario redondo y colores alegres,Pinterest
img_201.png,princesas_y_castillos,Habitación de princesa con maniquíes y vestidos de gala,Pinterest
img_202.png,princesas_y_castillos,Habitación de princesa con cama de dosel dorada y estilo real,Pinterest
img_203.png,princesas_y_castillos,Habitación de princesa con ambiente de fantasía y colores pastel,Pinterest
img_204.png,princesas_y_castillos,Habitación de princesa con diseño de temática acuática,Pinterest
img_205.png,princesas_y_castillos,Habitación de princesa con cortinas traslúcidas y ambiente mágico,Pinterest
img_206.png,princesas_y_castillos,Habitación de princesa con temática submarina,Pinterest
img_207.png,princesas_y_castillos,Habitación de princesa con cortinas traslúcidas y ambiente mágico,Pinterest
img_208.png,princesas_y_castillos,Hada voladora con vestido verde y alas brillantes,Pinterest
img_209.png,princesas_y_castillos,Hada con varita mágica y expresión decidida,Pinterest
img_210.png,princesas_y_castillos,Hada pequeña sobre flores con diseño tipo hada de los dientes,Pinterest
img_211.png,princesas_y_castillos,Hada con alas traslúcidas y cabello rubio recogido,Pinterest
img_212.png,princesas_y_castillos,Hada con vestido rosa y movimiento de vuelo,Pinterest
img_213.png,princesas_y_castillos,Torre de castillo esbelta con techo cónico azul,Pinterest
img_214.png,princesas_y_castillos,Torre medieval de piedra con ventana y enredaderas,Pinterest
img_215.png,princesas_y_castillos,Doble torre de castillo con puente de piedra,Pinterest
img_216.png,princesas_y_castillos,Torre de princesa con bandera rosa en la punta,Pinterest
img_217.png,princesas_y_castillos,Castillo de fantasía con múltiples torres y arco,Pinterest
img_218.png,princesas_y_castillos,Torre de cuento con balcón de piedra circular,Pinterest
img_219.png,princesas_y_castillos,Puente curvo de piedra con musgo en un arroyo,Pinterest
img_220.png,princesas_y_castillos,Hada con varita mágica y alas de mariposa,Pinterest
img_221.png,princesas_y_castillos,Puente antiguo de arco rodeado de árboles,Pinterest
img_222.png,princesas_y_castillos,Puente de piedra con vallas estilo rústico,Pinterest
img_223.png,princesas_y_castillos,Puente de roca sobre aguas profundas y oscuras,Pinterest
img_224.png,princesas_y_castillos,Hada con vestido corto volando sobre prado,Pinterest
img_225.png,princesas_y_castillos,Puente de arco de piedra con fondo de bosque,Pinterest
img_226.png,princesas_y_castillos,Puente de piedra estrecho con flores silvestres,Pinterest
img_227.png,princesas_y_castillos,Castillo lejano sobre colina estilo medieval,Pinterest
img_228.png,princesas_y_castillos,Castillo con torres blancas y techos azules,Pinterest
img_229.png,princesas_y_castillos,Castillo señorial con detalles arquitectónicos en piedra,Pinterest
img_230.png,princesas_y_castillos,Castillo de fantasía inmerso en bosque brumoso,Pinterest
img_231.png,princesas_y_castillos,Hada con alas grandes y vestido rosa vibrante,Pinterest
img_232.png,princesas_y_castillos,Castillo clásico sobre formación rocosa,Pinterest
img_233.png,princesas_y_castillos,Castillo medieval fortificado con torres puntiagudas,Pinterest
img_234.png,princesas_y_castillos,Castillo rodeado de montañas en atardecer,Pinterest
img_235.png,princesas_y_castillos,Castillo de ensueño con colores pastel,Pinterest
img_236.png,princesas_y_castillos,Hada con alas detalladas y varita brillante,Pinterest
img_237.png,princesas_y_castillos,Castillo de piedra con vegetación en los muros,Pinterest
img_238.png,princesas_y_castillos,Castillo con arquitectura simétrica y diseño real,Pinterest
img_239.png,princesas_y_castillos,Castillo de fantasía junto a un lago,Pinterest
img_240.png,princesas_y_castillos,Castillo con torres de diferentes alturas y formas,Pinterest
img_241.png,princesas_y_castillos,Castillo de cuento con diseño de palacio real,Pinterest
img_242.png,princesas_y_castillos,Hada con alas de libélula volando sobre el agua,Pinterest
img_243.png,princesas_y_castillos,Puente de arco de piedra con reflejos en el agua,Pinterest
img_244.png,princesas_y_castillos,Puente decorado con plantas colgantes y luz suave,Pinterest
img_245.png,princesas_y_castillos,Puente de piedra con estilo clásico y barandillas,Pinterest
img_246.png,princesas_y_castillos,Puente sobre riachuelo con entorno verde natural,Pinterest
img_247.png,princesas_y_castillos,Puente de arco amplio en paisaje otoñal,Pinterest
img_248.png,princesas_y_castillos,Hada con alas azules volando hacia el cielo,Pinterest
img_249.png,princesas_y_castillos,Puente de piedra con vistas a montañas lejanas,Pinterest
img_250.png,princesas_y_castillos,Puente rústico con barandilla de madera y piedra,Pinterest
img_251.png,princesas_y_castillos,Puente de arco con diseño elegante sobre un valle,Pinterest
img_252.png,princesas_y_castillos,Puente de piedra con iluminación nocturna mágica,Pinterest
img_253.png,princesas_y_castillos,Hada azul pequeña con varita iluminando el camino,Pinterest
img_254.png,princesas_y_castillos,Puente cubierto de flores estilo jardín encantado,Pinterest
img_255.png,princesas_y_castillos,Puente antiguo con diseño de piedra intrincado,Pinterest
img_256.png,princesas_y_castillos,Castillo de ensueño con torres iluminadas por el sol,Pinterest
img_257.png,princesas_y_castillos,Puente de arco sobre un desfiladero rocoso,Pinterest
img_258.png,princesas_y_castillos,Puente con diseño romántico rodeado de arces,Pinterest
img_259.png,princesas_y_castillos,Puente elegante de piedra sobre aguas cristalinas,Pinterest
img_260.png,princesas_y_castillos,Hada verde con alas y varita sobre bosque,Pinterest
img_261.png,princesas_y_castillos,Puente de piedra con arcos dobles,Pinterest
img_262.png,princesas_y_castillos,Puente de estilo medieval en un sendero forestal,Pinterest
img_263.png,princesas_y_castillos,Puente rústico en un entorno pantanoso,Pinterest
img_264.png,princesas_y_castillos,Hada con alas brillantes y vestido de gala,Pinterest
img_265.png,princesas_y_castillos,Puente de arco sobre una cascada,Pinterest
img_266.png,princesas_y_castillos,Puente de piedra con diseño decorativo superior,Pinterest
img_267.png,princesas_y_castillos,Puente antiguo rodeado de arbustos y flores,Pinterest
img_268.png,princesas_y_castillos,Puente curvo de madera sobre un riachuelo,Pinterest
img_269.png,princesas_y_castillos,Puente de piedra inmerso en vegetación espesa,Pinterest
img_270.png,princesas_y_castillos,Puente con diseño clásico en jardín real,Pinterest
img_271.png,princesas_y_castillos,Puente de piedra rodeado de sauces llorones,Pinterest
img_272.png,princesas_y_castillos,Hada pequeña con varita de estrella dorada,Pinterest
img_273.png,princesas_y_castillos,Puente sobre lago con montañas de fondo,Pinterest
img_274.png,princesas_y_castillos,Bosque mágico oscuro con linterna colgante.,pinterest
img_275.png,princesas_y_castillos,Hada infantil caricatura con vestido rosa.,pinterest
img_276.png,princesas_y_castillos,Libro brillante en el centro de una biblioteca oscura.,pinterest
img_277.png,princesas_y_castillos,Castillo surgiendo de las páginas de un libro.,pinterest
img_278.png,princesas_y_castillos,Biblioteca mágica con libros volando.,pinterest
img_279.png,princesas_y_castillos,Gran árbol brillante dentro de una biblioteca.,pinterest
img_280.png,princesas_y_castillos,Pasillos de una biblioteca de varios niveles.,pinterest
img_281.png,princesas_y_castillos,Balcón elegante de palacio o biblioteca.,pinterest
img_282.png,princesas_y_castillos,Salón dorado de palacio con escaleras.,pinterest
img_283.png,princesas_y_castillos,Bella subida en una escalera de biblioteca.,pinterest
img_284.png,princesas_y_castillos,Hada infantil caricatura con vestido azul pálido.,pinterest
img_285.png,princesas_y_castillos,Bella caminando mientras lee un libro.,pinterest
img_286.png,princesas_y_castillos,Hada volando dejando una estela mágica rosa.,pinterest
img_287.png,princesas_y_castillos,Bestia mostrando su inmensa biblioteca a Bella.,pinterest
img_288.png,princesas_y_castillos,Bella de pie frente a una estantería alta.,pinterest
img_289.png,princesas_y_castillos,Biblioteca elegante con alfombra roja y candelabro.,pinterest
img_290.png,princesas_y_castillos,Princesa leyendo sentada en un sillón morado.,pinterest
img_291.png,princesas_y_castillos,Bella sentada leyendo tranquilamente con vestido azul.,pinterest
img_292.png,princesas_y_castillos,Tiana sosteniendo una pila de libros.,pinterest
img_293.png,princesas_y_castillos,Aurora (Bella Durmiente) leyendo un libro abierto.,pinterest
img_294.png,princesas_y_castillos,Mérida concentrada leyendo.,pinterest
img_295.png,princesas_y_castillos,Jasmín leyendo con el libro casi cubriendo su rostro.,pinterest
img_296.png,princesas_y_castillos,Hada infantil con varita mágica y alas azules.,pinterest
img_297.png,princesas_y_castillos,Hada infantil sonriente con corona y vestido azul.,pinterest
img_298.png,princesas_y_castillos,Ariel (Sirenita) leyendo un libro azul.,pinterest
img_299.png,princesas_y_castillos,Cenicienta leyendo un libro marrón.,pinterest
img_300.png,princesas_y_castillos,Blancanieves leyendo atentamente.,pinterest
img_301.png,princesas_y_castillos,Rapunzel leyendo.,pinterest
img_302.png,princesas_y_castillos,Mujer con capucha roja leyendo.,pinterest
img_303.png,princesas_y_castillos,Mujer rubia sosteniendo una torre de libros.,pinterest
img_304.png,princesas_y_castillos,Bella sentada en el suelo de la biblioteca leyendo.,pinterest
img_305.png,princesas_y_castillos,Joven cargando una pila muy alta de libros.,pinterest
img_306.png,princesas_y_castillos,Bella leyendo sentada en un banco junto a la ventana.,pinterest
img_307.png,princesas_y_castillos,Bella leyendo en un sillón junto a un gran ventanal.,pinterest
img_308.png,princesas_y_castillos,Sendero iluminado en un bosque verde.,pinterest
img_309.png,princesas_y_castillos,Pradera soleada con camino de tierra.,pinterest
img_310.png,princesas_y_castillos,Cueva oscura con destellos mágicos.,pinterest
img_311.png,princesas_y_castillos,Bosque nocturno con luciérnagas y puente.,pinterest
img_312.png,princesas_y_castillos,Camino de hongos gigantes rosas en el bosque.,pinterest
img_313.png,princesas_y_castillos,Claro de bosque iluminado por luna mágica.,pinterest
img_314.png,princesas_y_castillos,Bosque azul místico con árboles grandes.,pinterest
img_315.png,princesas_y_castillos,Bosque encantado en tonos morados y azules.,pinterest
img_316.png,princesas_y_castillos,Cabaña rústica en pradera al atardecer.,pinterest
img_317.png,princesas_y_castillos,Flores gigantes brillantes en bosque oscuro.,pinterest
img_318.png,princesas_y_castillos,Ciervo luminoso en bosque azul neón.,pinterest
img_319.png,princesas_y_castillos,Bosque nocturno con hongos bioluminiscentes.,pinterest
img_320.png,princesas_y_castillos,Paisaje invernal rosado con castillo a lo lejos.,pinterest
img_321.png,princesas_y_castillos,Río azul brillante en cueva oscura.,pinterest
img_322.png,princesas_y_castillos,Cristales rosas y azules en caverna.,pinterest
img_323.png,princesas_y_castillos,Río morado mágico con cristales brillantes.,pinterest
img_324.png,princesas_y_castillos,Casa en forma de hongo rojo en el bosque.,pinterest
img_325.png,princesas_y_castillos,Cueva llena de cristales morados y azules gigantes.,pinterest
img_326.png,princesas_y_castillos,Flor de loto morada gigante brillando en el agua.,pinterest
img_327.png,princesas_y_castillos,Bosque frondoso con árbol curvado gigante.,pinterest
img_328.png,princesas_y_castillos,Enorme árbol hueco con luz cálida dentro.,pinterest
img_329.png,princesas_y_castillos,Castillo dorado sobre colinas verdes.,pinterest
img_330.png,princesas_y_castillos,Interior de cabaña en árbol con luz cálida.,pinterest
img_331.png,princesas_y_castillos,Castillo rosa de cuento de hadas.,pinterest
img_332.png,princesas_y_castillos,Interior de cueva acogedora con luz de velas.,pinterest
img_333.png,princesas_y_castillos,Acogedora habitación de madera con escaleras.,pinterest
img_334.png,princesas_y_castillos,Torre alta de piedra en paisaje montañoso.,pinterest
img_335.png,princesas_y_castillos,Bosque mágico con neblina y tonos morados y cian.,pinterest
img_336.png,princesas_y_castillos,Aldea de casitas de hongo en colinas.,pinterest
img_337.png,princesas_y_castillos,Camino serpenteante en bosque nocturno estrellado.,pinterest
img_338.png,princesas_y_castillos,Casa mágica morada y rosa junto al agua.,pinterest
img_339.png,princesas_y_castillos,Árboles altos y delgados en bosque brumoso.,pinterest
img_340.png,princesas_y_castillos,Castillo brillante al fondo de un río con puente.,pinterest
img_341.png,princesas_y_castillos,Sendero empedrado en bosque primaveral vibrante.,pinterest
img_342.png,princesas_y_castillos,Puerta de luz brillante en el centro del bosque.,pinterest
img_343.png,princesas_y_castillos,Arco de piedra cubierto de musgo en el campo.,pinterest
img_344.png,princesas_y_castillos,Río fluyendo a través de un denso bosque verde.,pinterest
img_345.png,princesas_y_castillos,Rayos de sol penetrando un bosque frondoso.,pinterest
img_346.png,princesas_y_castillos,Paisaje de colinas verdes con nubes esponjosas.,pinterest
img_347.png,princesas_y_castillos,Ruinas circulares de piedra en paisaje verde.,pinterest
img_348.png,princesas_y_castillos,Aldea de casas de árbol iluminadas por la noche.,pinterest
img_349.png,princesas_y_castillos,Bosque colorido de fantasía con estanque.,pinterest
img_350.png,princesas_y_castillos,Bosque encantado brillante con tonos pastel.,pinterest
img_351.png,princesas_y_castillos,Río serpenteante en valle de fantasía brillante.,pinterest
img_352.png,princesas_y_castillos,Cabaña de madera en la base de un gran árbol.,pinterest
img_353.png,princesas_y_castillos,Castillo sobre una colina con camino sinuoso.,pinterest
img_354.png,princesas_y_castillos,Pequeña choza de hadas con techo de hoja.,pinterest
img_355.png,princesas_y_castillos,Casa alta y peculiar de varios pisos en el bosque.,pinterest
img_356.png,princesas_y_castillos,Casita rústica junto a un río y puente de madera.,pinterest
img_357.png,princesas_y_castillos,Arco de ramas y hojas que forma un portal.,pinterest
img_358.png,princesas_y_castillos,Jardín mágico muy colorido y denso.,pinterest
img_359.png,princesas_y_castillos,Árbol masivo antiguo en el centro del bosque.,pinterest
img_360.png,princesas_y_castillos,Pueblo de casas construidas en las copas de los árboles.,pinterest
img_361.png,princesas_y_castillos,Cascada pequeña en un bosque azul mágico.,pinterest
img_362.png,princesas_y_castillos,Claro dorado de bosque bañado en luz solar.,pinterest
img_363.png,princesas_y_castillos,Hongos rojos creciendo bajo árboles oscuros.,pinterest
img_364.png,princesas_y_castillos,Cueva nevada con castillo de hielo al fondo.,pinterest
img_365.png,princesas_y_castillos,Camino que lleva a una luz turquesa en el bosque.,pinterest
img_366.png,princesas_y_castillos,Bosque oscuro bajo una luna llena gigante.,pinterest
img_367.png,princesas_y_castillos,Bosque sumergido en luz esmeralda mística.,pinterest
img_368.png,princesas_y_castillos,Bosque profundo con luz suave y estanque.,pinterest
img_369.png,princesas_y_castillos,Gran árbol antiguo con luz dorada en su base.,pinterest
img_370.png,princesas_y_castillos,Tronco curvado sobre el agua en la oscuridad.,pinterest
img_371.png,princesas_y_castillos,Río azul brillante fluyendo por un bosque profundo.,pinterest
img_372.png,princesas_y_castillos,Pozo de los deseos de piedra rodeado de flores.,pinterest
img_373.png,princesas_y_castillos,Estanque en bosque oscuro bajo la luz de la luna.,pinterest
img_374.png,princesas_y_castillos,Rayos de luz entrando a una cueva de cristal submarina.,pinterest
img_375.png,princesas_y_castillos,Castillo de torre espiral sobre roca al amanecer.,pinterest
img_376.png,princesas_y_castillos,Cueva brillante con formaciones y corales azules.,pinterest
img_377.png,princesas_y_castillos,Sol brillante filtrándose por un dosel de hojas verdes.,pinterest
img_378.png,princesas_y_castillos,Bosque encantado con niebla y flores rosadas.,pinterest
img_379.png,princesas_y_castillos,Entrada arqueada de piedra a un jardín secreto.,pinterest
img_380.png,princesas_y_castillos,Puente de piedra y pilar sobre un estanque tranquilo.,pinterest
img_381.png,princesas_y_castillos,Puente adornado con flores cruzando un río cristalino.,pinterest
img_382.png,princesas_y_castillos,Camino dorado de otoño hacia un árbol luminoso.,pinterest
img_383.png,princesas_y_castillos,Paisaje al atardecer con río y colinas ondulantes.,pinterest
img_384.png,princesas_y_castillos,Casa del árbol construida en un tronco hueco alto.,pinterest
img_385.png,princesas_y_castillos,Sendero de bosque oscuro con luz al final.,pinterest
img_386.png,princesas_y_castillos,Interior de bosque antiguo y mágico.,pinterest
img_387.png,princesas_y_castillos,Blancanieves en un prado soleado con animales.,pinterest
img_388.png,princesas_y_castillos,Paisaje de cuento dorado con castillo y río.,pinterest
img_389.png,princesas_y_castillos,Balcón de palacio fantástico con cascada y ciudad.,pinterest
img_390.png,princesas_y_castillos,Primer plano de la Bella y la Bestia bailando.,pinterest
img_391.png,princesas_y_castillos,La Bestia sosteniendo el espejo mágico.,pinterest
img_392.png,princesas_y_castillos,Portal arqueado de flores en jardín.,pinterest
img_393.png,princesas_y_castillos,Camino empinado en acantilado al atardecer.,pinterest
img_394.png,princesas_y_castillos,Entrada de cueva oscura con antorcha y árboles mágicos.,pinterest
img_395.png,princesas_y_castillos,Casita de hongo adorable en bosque de fantasía.,pinterest
img_396.png,princesas_y_castillos,Pequeño castillo fantástico de hongos.,pinterest
img_397.png,princesas_y_castillos,Arco natural de raíces y hojas en bosque.,pinterest
img_398.png,princesas_y_castillos,Bosque místico al anochecer con ciervos.,pinterest
img_399.png,princesas_y_castillos,Bosque profundo con figura de ciervo mágico brillante.,pinterest
img_400.png,princesas_y_castillos,Interior acogedor de biblioteca por la noche.,pinterest
img_401.png,princesas_y_castillos,Silueta de persona en barca frente a palacio luminoso.,pinterest
img_402.png,princesas_y_castillos,Castillo rodeado de linternas flotantes.,pinterest
img_403.png,princesas_y_castillos,Paisaje vibrante de cerezos en flor.,pinterest
img_404.png,princesas_y_castillos,Casita con forma de vaina en jardín mágico.,pinterest
img_405.png,princesas_y_castillos,Casa peculiar construida sobre acantilado.,pinterest
img_406.png,princesas_y_castillos,Puente de piedra estrecho y arco en bosque.,pinterest
img_407.png,princesas_y_castillos,Cabaña de campo idílica en paisaje verde.,pinterest
img_408.png,princesas_y_castillos,Corona dorada con joyas rosas y corazón central.,pinterest
img_409.png,princesas_y_castillos,Corona dorada sencilla con cinco picos.,pinterest
img_410.png,princesas_y_castillos,Tiara alta de color oro rosado.,pinterest
img_411.png,princesas_y_castillos,Tiara dorada con perlas y corazón pequeño.,pinterest
img_412.png,princesas_y_castillos,Corona dorada gruesa con diamantes azules.,pinterest
img_413.png,princesas_y_castillos,Pequeña corona dorada con joya azul en el centro.,pinterest
img_414.png,princesas_y_castillos,Corona dorada clásica de rey.,pinterest
img_415.png,princesas_y_castillos,Tiara de princesa color fucsia brillante.,pinterest
img_416.png,princesas_y_castillos,Elegante tiara rosa con filigranas.,pinterest
img_417.png,princesas_y_castillos,Tiara dorada delgada con joya en forma de gota.,pinterest
img_418.png,princesas_y_castillos,Gran corona rosa con borde de perlas y joyas.,pinterest
img_419.png,princesas_y_castillos,Vestido de baile rosa pálido con volantes.,pinterest
img_420.png,princesas_y_castillos,Corona dorada gruesa con joyas rojas y verdes.,pinterest
img_421.png,princesas_y_castillos,Elegante vestido amarillo de gala.,pinterest
img_422.png,princesas_y_castillos,Gran vestido amarillo con pliegues marcados.,pinterest
img_423.png,princesas_y_castillos,Clásico vestido de princesa azul claro.,pinterest
img_424.png,princesas_y_castillos,Vestido azul vibrante con mangas farol.,pinterest
img_425.png,princesas_y_castillos,Vestido con corpiño azul y falda amarilla.,pinterest
img_426.png,princesas_y_castillos,Vestido verde claro con detalles dorados.,pinterest
img_427.png,princesas_y_castillos,Vestido de gala color verde esmeralda.,pinterest
img_428.png,princesas_y_castillos,Vestido azul turquesa con brillo sedoso.,pinterest
img_429.png,princesas_y_castillos,Vestido rosa magenta de mangas largas.,pinterest
img_430.png,princesas_y_castillos,Vestido amarillo asimétrico de un hombro.,pinterest
img_431.png,princesas_y_castillos,Corona dorada de tres picos prominentes.,pinterest
img_432.png,princesas_y_castillos,Vestido morado con adornos dorados.,pinterest
img_433.png,princesas_y_castillos,Vestido con blusa azul oscura y falda amarilla.,pinterest
img_434.png,princesas_y_castillos,Vestido azul muy pálido.,pinterest
img_435.png,princesas_y_castillos,Vestido rojo intenso con hombros descubiertos.,pinterest
img_436.png,princesas_y_castillos,Vestido rosa suave con mangas acampanadas.,pinterest
img_437.png,princesas_y_castillos,Vestimenta de estilo asiático con lazo rojo.,pinterest
img_438.png,princesas_y_castillos,Vestido verde lima con corpiño negro.,pinterest
img_439.png,princesas_y_castillos,Vestido rosa con falda amplia y detalles de encaje.,pinterest
img_440.png,princesas_y_castillos,Vestido de gala color crema y detalles dorados.,pinterest
img_441.png,princesas_y_castillos,Vestido rosa pálido con delantal y mangas abullonadas.,pinterest
img_442.png,princesas_y_castillos,Tiara dorada posada sobre un cojín rosa.,pinterest
img_443.png,princesas_y_castillos,Vestido blanco y amarillo con lazo verde.,pinterest
img_444.png,princesas_y_castillos,Carruaje clásico en tonos naranjas y dorados.,pinterest
img_445.png,princesas_y_castillos,Carruaje rosa de calabaza tirado por un caballo blanco.,pinterest
img_446.png,princesas_y_castillos,Carruaje rosa tirado por un unicornio.,pinterest
img_447.png,princesas_y_castillos,Ostentoso carruaje dorado con grandes ruedas.,pinterest
img_448.png,princesas_y_castillos,Carruaje con forma de calabaza rosa claro.,pinterest
img_449.png,princesas_y_castillos,Carruaje de calabaza en color dorado cobrizo.,pinterest
img_450.png,princesas_y_castillos,Elegante carruaje blanco con detalles azules y dorados.,pinterest
img_451.png,princesas_y_castillos,Carruaje rojo estilo diligencia real.,pinterest
img_452.png,princesas_y_castillos,Carruaje morado con adornos de oro.,pinterest
img_453.png,princesas_y_castillos,Corona de rey sobre un cojín blanco mullido.,pinterest
img_454.png,princesas_y_castillos,Carruaje morado oscuro con detalles plateados.,pinterest
img_455.png,princesas_y_castillos,Carruaje verde esmeralda con ruedas ornamentadas.,pinterest
img_456.png,princesas_y_castillos,Carruaje blanco invernal con adornos celestes.,pinterest
img_457.png,princesas_y_castillos,Carruaje azul claro perfilado en plata.,pinterest
img_458.png,princesas_y_castillos,Carruaje blanco brillante y majestuoso.,pinterest
img_459.png,princesas_y_castillos,Dibujo en línea plateada de un carruaje de calabaza.,pinterest
img_460.png,princesas_y_castillos,Carruaje blanco y dorado con aspecto nevado.,pinterest
img_461.png,princesas_y_castillos,Delicado carruaje dorado brillante.,pinterest
img_462.png,princesas_y_castillos,Majestuoso carruaje morado perlado.,pinterest
img_463.png,princesas_y_castillos,Carruaje azul zafiro con oro.,pinterest
img_464.png,princesas_y_castillos,Tiara rosa posada sobre un cojín blanco.,pinterest
img_465.png,princesas_y_castillos,Carruaje azul turquesa con faroles.,pinterest
img_466.png,princesas_y_castillos,Cetro real dorado con empuñadura ornamentada.,pinterest
img_467.png,princesas_y_castillos,Varita mágica con cristal azul redondo.,pinterest
img_468.png,princesas_y_castillos,Varita mágica con estrella rosa y cintas colgantes.,pinterest
img_469.png,princesas_y_castillos,Fina varita dorada con destello mágico.,pinterest
img_470.png,princesas_y_castillos,Varita mágica con estrella azul y mango violeta.,pinterest
img_471.png,princesas_y_castillos,Varita dorada clásica con estrella simple.,pinterest
img_472.png,princesas_y_castillos,Varita mágica emitiendo polvo de estrellas dorado.,pinterest
img_473.png,princesas_y_castillos,Varita mágica con estrella amarilla brillante de cinco puntas.,pinterest
img_474.png,princesas_y_castillos,Varita mágica con estrella violeta de cristal.,pinterest
img_475.png,princesas_y_castillos,Corona dorada con picos altos sobre cojín rojo y rosa.,pinterest
img_476.png,princesas_y_castillos,Varita mágica con estrella de cristal rosa y mango lila.,pinterest
img_477.png,princesas_y_castillos,Varita mágica rosa con diseño de corazón alado.,pinterest
img_478.png,princesas_y_castillos,Varita mágica rosa con estrella de ocho puntas y círculo.,pinterest
img_479.png,princesas_y_castillos,Varita mágica rosa con joya esférica en la punta.,pinterest
img_480.png,princesas_y_castillos,Varita mágica fucsia con joya ovalada central y alas.,pinterest
img_481.png,princesas_y_castillos,Varita mágica rosa con una luna creciente dorada.,pinterest
img_482.png,princesas_y_castillos,Cetro dorado con gema rosa romboidal.,pinterest
img_483.png,princesas_y_castillos,Varita mágica de bronce antiguo con estrella y alas.,pinterest
img_484.png,princesas_y_castillos,Varita mágica dorada con estrella amarilla y cinta azul celeste.,pinterest
img_485.png,princesas_y_castillos,Varita mágica rosa con estrella amarilla y chispas.,pinterest
img_486.png,princesas_y_castillos,Corona dorada posada sobre un cojín rosa con borlas.,pinterest
img_487.png,princesas_y_castillos,Varita mágica lila con estrella rosada emitiendo luz.,pinterest
img_488.png,princesas_y_castillos,Espejo de mano dorado con marco en forma de corazón.,pinterest
img_489.png,princesas_y_castillos,Espejo de mano rosa con joyas y forma de corazón.,pinterest
img_490.png,princesas_y_castillos,"Dos pajaritos cantando, uno azul y otro rosa.",pinterest
img_491.png,princesas_y_castillos,"Dos ratoncitos con ropa, uno con vestido rosa.",pinterest
img_492.png,princesas_y_castillos,Cervatillo bebé con manchas blancas.,pinterest
img_493.png,princesas_y_castillos,Conejito gris sonriendo.,pinterest
img_494.png,princesas_y_castillos,Monito marrón con pequeño sombrero rojo y chaleco.,pinterest
img_495.png,princesas_y_castillos,Gato sonriente con rayas rosas y moradas.,pinterest
img_496.png,princesas_y_castillos,Pájaro rojo volando con las alas extendidas.,pinterest
img_497.png,princesas_y_castillos,Corona de princesa rosa con un corazón en el centro.,pinterest
img_498.png,princesas_y_castillos,Gaviota blanca de aspecto cómico volando.,pinterest
img_499.png,princesas_y_castillos,Rana verde sonriendo de forma simpática.,pinterest
img_500.png,princesas_y_castillos,Cocodrilo gordito tocando una trompeta.,pinterest
img_501.png,princesas_y_castillos,Luciérnaga sonriente volando.,pinterest
img_502.png,princesas_y_castillos,Rosa roja encantada dentro de una cúpula de cristal.,pinterest
img_503.png,princesas_y_castillos,Manzana roja brillante con un mordisco.,pinterest
img_504.png,princesas_y_castillos,Manzana envenenada cubierta con una calavera verde derretida.,pinterest
img_505.png,princesas_y_castillos,Lámpara mágica dorada de genio.,pinterest
img_506.png,princesas_y_castillos,Collar con un colgante de caracola marina dorada.,pinterest
img_507.png,princesas_y_castillos,Peineta verde y dorada decorada con una flor blanca.,pinterest
img_508.png,princesas_y_castillos,Blancanieves estilo clásico de pie.,pinterest
img_509.png,princesas_y_castillos,Ariel sirena sentada sobre su aleta.,pinterest
img_510.png,princesas_y_castillos,Cenicienta niña con vestido azul corriendo.,pinterest
img_511.png,princesas_y_castillos,Blancanieves bebé sentada y sonriendo.,pinterest
img_512.png,princesas_y_castillos,Ariel bebé sentada sonriendo.,pinterest
img_513.png,princesas_y_castillos,Aurora bebé sentada con vestido rosa.,pinterest
img_514.png,princesas_y_castillos,Rapunzel bebé sentada con su largo cabello rubio.,pinterest
img_515.png,princesas_y_castillos,Elsa bebé con vestido azul claro corriendo.,pinterest
img_516.png,princesas_y_castillos,Anna bebé con vestido verde y capa.,pinterest
img_517.png,princesas_y_castillos,Elsa niña sentada con vestido azul brillante.,pinterest
img_518.png,princesas_y_castillos,Jasmín bebé sentada con traje verde azulado.,pinterest
img_519.png,princesas_y_castillos,Pocahontas niña de pie con pluma en el cabello.,pinterest
img_520.png,princesas_y_castillos,Dos muñecas chibi de Anna y Elsa juntas.,pinterest
img_521.png,princesas_y_castillos,Moana bebé de pie sonriendo.,pinterest
img_522.png,princesas_y_castillos,Pocahontas niña de pie mirando a la derecha.,pinterest
img_523.png,princesas_y_castillos,Pocahontas niña de pie mirando a la izquierda.,pinterest
img_524.png,princesas_y_castillos,Dragón rojo Mushu sonriendo.,pinterest
img_525.png,princesas_y_castillos,Campanita volando junto a una mariquita.,pinterest
img_526.png,princesas_y_castillos,Mérida bebé sentada abrazando un osito.,pinterest
img_527.png,princesas_y_castillos,Vanellope sonriendo con dulces en el cabello.,pinterest
img_528.png,princesas_y_castillos,Bella bebé sentada con vestido amarillo.,pinterest
img_529.png,princesas_y_castillos,Rapunzel niña sentada mirando al frente.,pinterest
img_530.png,princesas_y_castillos,Anna niña caminando con vestido verde.,pinterest
img_531.png,princesas_y_castillos,Bella caminando con abrigo rosa de invierno.,pinterest
img_532.png,princesas_y_castillos,Bella posando con vestido amarillo de gala.,pinterest
img_533.png,princesas_y_castillos,Esmeralda estilo chibi con pandereta.,pinterest
img_534.png,princesas_y_castillos,Princesita con vestido morado y corona plateada.,pinterest
img_535.png,princesas_y_castillos,Princesa anime con vestido lila.,pinterest
img_536.png,princesas_y_castillos,Princesita sentada con vestido rosa y corona dorada.,pinterest
img_537.png,princesas_y_castillos,Princesita durmiendo sentada con vestido fucsia.,pinterest
img_538.png,princesas_y_castillos,Princesita durmiendo sentada con vestido rosa claro.,pinterest
img_539.png,princesas_y_castillos,Princesa castaña durmiendo sentada con vestido celeste.,pinterest
img_540.png,princesas_y_castillos,Cenicienta bebé sentada con vestido azul.,pinterest
img_541.png,princesas_y_castillos,Blancanieves chibi sosteniendo la manzana roja.,pinterest
img_542.png,princesas_y_castillos,Bella estilo pintura realista en el bosque.,pinterest
img_543.png,princesas_y_castillos,Ariel chibi sentada en el fondo marino.,pinterest
img_544.png,princesas_y_castillos,Ariel chibi nadando alegremente hacia la izquierda.,pinterest
img_545.png,princesas_y_castillos,Mulán chibi con vestido verde y abanico.,pinterest
img_546.png,princesas_y_castillos,Pocahontas chibi con hojas volando.,pinterest
img_547.png,princesas_y_castillos,Aurora durmiendo acostada de lado.,pinterest
img_548.png,princesas_y_castillos,Aurora chibi con las manos juntas en la mejilla.,pinterest
img_549.png,princesas_y_castillos,Mulán chibi sentada con manos en las mejillas.,pinterest
img_550.png,princesas_y_castillos,Jasmín chibi sentada con manos juntas.,pinterest
img_551.png,princesas_y_castillos,Tiana chibi sentada sonriendo con pequeña corona.,pinterest
img_552.png,princesas_y_castillos,Princesa chibi rubia con vestido celeste y lazo.,pinterest
img_553.png,princesas_y_castillos,Princesa chibi morena con vestido magenta.,pinterest
img_554.png,princesas_y_castillos,Princesa chibi rubia con vestido azul cielo y corona.,pinterest
img_555.png,princesas_y_castillos,Princesa chibi pelirroja con vestido rosa y corona.,pinterest
img_556.png,princesas_y_castillos,Princesa chibi pelirroja con vestido fucsia y corona.,pinterest
img_557.png,princesas_y_castillos,Princesa chibi castaña con vestido rosa suave y tiara.,pinterest
img_558.png,princesas_y_castillos,Princesa chibi castaña con vestido rosa oscuro y varita.,pinterest
img_559.png,princesas_y_castillos,Princesa chibi con pelo negro y vestido azul con blanco.,pinterest
img_560.png,princesas_y_castillos,Princesa chibi con pelo negro y vestido azul oscuro.,pinterest
img_561.png,princesas_y_castillos,Princesa chibi con pelo castaño y vestido beige.,pinterest
img_562.png,princesas_y_castillos,Princesa chibi con cabello y vestido azul hielo.,pinterest
img_563.png,princesas_y_castillos,Princesa rubia chibi abrazando a un conejito blanco.,pinterest
img_564.png,princesas_y_castillos,Grupo de diez mini princesas chibi juntas.,pinterest
img_565.png,princesas_y_castillos,Princesa rubia chibi sentada saludando con vestido rosa.,pinterest
img_566.png,princesas_y_castillos,Princesa rubia chibi sentada con varita de estrella.,pinterest
img_567.png,princesas_y_castillos,Princesa rubia chibi abrazando un gatito blanco.,pinterest
img_568.png,princesas_y_castillos,Princesa rubia chibi durmiendo boca abajo.,pinterest
img_569.png,princesas_y_castillos,Princesa rubia enojada con brazos cruzados.,pinterest
img_570.png,princesas_y_castillos,Princesa rubia chibi ruborizada con vestido rosa.,pinterest
img_571.png,princesas_y_castillos,Princesa rubia montando un pequeño unicornio blanco.,pinterest
img_572.png,princesas_y_castillos,Princesita chibi con capucha rosa de animalito.,pinterest
img_573.png,princesas_y_castillos,Princesita castaña en traje de invierno azul claro.,pinterest
img_574.png,princesas_y_castillos,Princesa de pelo negro con vestido azul elegante.,pinterest
img_575.png,princesas_y_castillos,Princesa castaña con vestido verde sosteniendo una flor amarilla.,pinterest
img_576.png,princesas_y_castillos,Princesa castaña con vestido blanco y azul saludando.,pinterest
img_577.png,princesas_y_castillos,Princesa castaña con vestido amarillo y rosa saludando.,pinterest
img_578.png,princesas_y_castillos,Princesa pelirroja sosteniendo un pequeño búho.,pinterest
img_579.png,princesas_y_castillos,Princesa castaña con vestido morado sosteniendo una flor mágica.,pinterest
img_580.png,princesas_y_castillos,Princesa castaña con vestido rosa levantando su falda.,pinterest
img_581.png,princesas_y_castillos,Princesa rubia con vestido amarillo caminando hacia adelante.,pinterest
img_582.png,princesas_y_castillos,Princesa castaña con vestido marrón rojizo saludando.,pinterest
img_583.png,princesas_y_castillos,Princesa castaña con vestido de novia blanco y dorado.,pinterest
img_584.png,princesas_y_castillos,Princesa pelirroja con vestido rosa pálido caminando.,pinterest
img_585.png,princesas_y_castillos,Princesa de cabello castaño con vestido largo morado.,pinterest
img_586.png,princesas_y_castillos,Princesa chibi de cabello y vestido morado oscuro.,pinterest
img_587.png,princesas_y_castillos,Hada infantil tierna con alas rosadas y corona de flores.,pinterest
img_588.png,princesas_y_castillos,Rapunzel sonriendo mientras sostiene a su camaleón Pascal.,pinterest
img_589.png,princesas_y_castillos,Rostro de Bella sonriendo con delineado estilo pegatina.,pinterest
img_590.png,princesas_y_castillos,Rostro de Elsa con trenza estilo pegatina.,pinterest
img_591.png,princesas_y_castillos,Princesa rubia con ojos cerrados y vestido azul con blanco.,pinterest
img_592.png,princesas_y_castillos,Reina castaña sosteniendo un cetro dorado con gema azul.,pinterest
img_593.png,princesas_y_castillos,Reina castaña vistiendo una elegante capa de terciopelo rojo.,pinterest
img_594.png,princesas_y_castillos,Princesa con vestido de época en tonos marrón y dorado.,pinterest
img_595.png,princesas_y_castillos,Princesa castaña con vestido amarillo pálido y detalles verdes.,pinterest
img_596.png,princesas_y_castillos,Princesa de pie con vestido granate y blanco.,pinterest
img_597.png,princesas_y_castillos,Tiana versión niña pequeña mirando hacia arriba con ilusión.,pinterest
img_598.png,princesas_y_castillos,Princesa castaña con vestido magenta y detalles dorados.,pinterest
img_599.png,princesas_y_castillos,Princesa de cabello castaño claro con vestido rosa pálido.,pinterest
img_600.png,princesas_y_castillos,Princesa con corona alta y vestido blanco con dorado.,pinterest
img_601.png,princesas_y_castillos,Princesa con vestido coral y rosa con mangas caídas.,pinterest
img_602.png,princesas_y_castillos,Busto de princesa castaña sonriendo con aretes azules.,pinterest
img_603.png,princesas_y_castillos,Busto de princesa castaña con tiara y vestido azul claro.,pinterest
img_604.png,princesas_y_castillos,Rostro de princesa chibi castaña mirando hacia la derecha.,pinterest
img_605.png,princesas_y_castillos,Rostro de princesa chibi castaña mirando hacia la izquierda.,pinterest
img_606.png,princesas_y_castillos,Princesa castaña sonriendo y abrazando a un gato naranja.,pinterest
img_607.png,princesas_y_castillos,Princesa rubia chibi sosteniendo un pequeño gatito naranja.,pinterest
img_608.png,princesas_y_castillos,Niño príncipe con cabello castaño y traje gris claro con azul.,pinterest
img_609.png,princesas_y_castillos,Niño príncipe sonriente con traje blanco y banda cruzada roja.,pinterest
img_610.png,princesas_y_castillos,"Niño príncipe con traje azul, capa roja y botas blancas.",pinterest
img_611.png,princesas_y_castillos,Príncipe bebé de pelo negro con traje blanco y azul.,pinterest
img_612.png,princesas_y_castillos,"Príncipe niño con traje azul cielo, capa roja larga y corona.",pinterest
img_613.png,princesas_y_castillos,Príncipe niño castaño con capa roja sosteniendo un cetro esférico.,pinterest
img_614.png,princesas_y_castillos,Príncipe niño con traje azul y rojo levantando una espada.,pinterest
img_615.png,princesas_y_castillos,Príncipe niño con traje morado oscuro y capa roja.,pinterest
img_616.png,princesas_y_castillos,Príncipe niño con traje azul cobalto y espada en alto.,pinterest
img_617.png,princesas_y_castillos,Príncipe niño elegante en traje blanco impecable y cinturón rojo.,pinterest
img_618.png,princesas_y_castillos,"Príncipe niño con traje blanco, gran capa roja y espada descansando.",pinterest
img_619.png,princesas_y_castillos,"Niño príncipe rubio en traje blanco y azul, blandiendo una espada.",pinterest
img_620.png,princesas_y_castillos,Pequeño príncipe rubio con traje azul sencillo y capita roja.,pinterest
img_621.png,princesas_y_castillos,Príncipe niño 3D con traje blanco y capa roja en postura firme.,pinterest
img_622.png,princesas_y_castillos,Príncipe niño 3D en uniforme militar azul con charreteras doradas.,pinterest
img_623.png,princesas_y_castillos,Príncipe niño 3D rubio oscuro con traje blanco y capa roja corta.,pinterest
img_624.png,princesas_y_castillos,Príncipe niño 3D rubio con traje blanco y capa azul claro.,pinterest
img_625.png,princesas_y_castillos,Príncipe niño 3D castaño con capa azul y cetro de estrella.,pinterest
img_626.png,princesas_y_castillos,Príncipe niño 3D rubio claro con elegante traje azul y dorado sin capa.,pinterest
img_627.png,princesas_y_castillos,Príncipe niño 3D castaño con impecable traje naval azul oscuro.,pinterest
img_628.png,princesas_y_castillos,Príncipe niño 3D rubio con traje blanco y gran capa dorada.,pinterest
img_629.png,princesas_y_castillos,Príncipe niño 3D castaño con traje blanco y capa blanca a juego.,pinterest
img_630.png,princesas_y_castillos,Príncipe animado de pie con su traje de gala militar blanco y azul.,pinterest
img_631.png,princesas_y_castillos,"Niño príncipe rubio con gran corona, capa azul y traje blanco saludando.",pinterest
img_632.png,princesas_y_castillos,Príncipe animado con camisa blanca de cuello abierto y faja roja.,pinterest
img_633.png,princesas_y_castillos,Príncipe animado de cabello largo castaño con traje amarillo de gala.,pinterest
img_634.png,princesas_y_castillos,Príncipe animado moreno de pie con túnica verde y beige.,pinterest
img_635.png,princesas_y_castillos,Joven animado estilo árabe con chaleco turquesa y pantalón holgado.,pinterest
img_636.png,princesas_y_castillos,Príncipe animado con chaqueta azul marino y guantes blancos.,pinterest
img_637.png,princesas_y_castillos,Joven animado estilo árabe con chaleco morado y pantalón blanco roto.,pinterest
img_638.png,princesas_y_castillos,Joven animado estilo árabe inclinado hacia atrás en pose juguetona.,pinterest
img_639.png,princesas_y_castillos,Bebé príncipe rubio gateando de perfil con larga capa azul pálido.,pinterest
img_640.png,princesas_y_castillos,"Bebé príncipe rubio en pañales con capa, empuñando espada y escudo.",pinterest
img_641.png,princesas_y_castillos,Niño príncipe rubio montando un caballo blanco de juguete o poni.,pinterest
img_642.png,princesas_y_castillos,"Niño príncipe castaño con chaleco rojo, mangas blancas y pantalón azul oscuro.",pinterest
img_643.png,princesas_y_castillos,Niño príncipe abrazando con cariño un gran libro verde.,pinterest
img_644.png,princesas_y_castillos,Príncipe niño afroamericano de traje negro brillante y corona dorada.,pinterest
img_645.png,princesas_y_castillos,Príncipe niño afroamericano de traje azul sosteniendo una flor rosada.,pinterest
img_646.png,princesas_y_castillos,Príncipe niño de tez morena con traje verde claro sonriendo amigablemente.,pinterest
img_647.png,princesas_y_castillos,Príncipe marinero chibi sonriendo con los brazos abiertos.,pinterest
img_648.png,princesas_y_castillos,"Príncipe clásico chibi con su túnica beige, cinturón negro y capa roja.",pinterest
img_649.png,princesas_y_castillos,Príncipe clásico chibi con capa roja saludando alegremente.,pinterest
img_650.png,princesas_y_castillos,Joven árabe chibi en su traje de príncipe blanco con turbante y pluma.,pinterest
img_651.png,princesas_y_castillos,Príncipe clásico chibi de túnica azul saludando con la mano.,pinterest
img_652.png,princesas_y_castillos,Niño príncipe rubio chibi con traje azul muy oscuro y fajín rojo.,pinterest
img_653.png,princesas_y_castillos,Príncipe niño rubio en uniforme rojo militar estilo cascanueces.,pinterest
img_654.png,princesas_y_castillos,Príncipe niño castaño chibi con traje militar blanco y pantalones azules.,pinterest
img_655.png,princesas_y_castillos,"Príncipe niño castaño chibi con chaqueta blanca, charreteras y botas oscuras.",pinterest
img_656.png,princesas_y_castillos,Joven árabe chibi con su ropa de calle clásica sonriendo.,pinterest
img_657.png,princesas_y_castillos,Príncipe niño castaño chibi en túnica morada oscura y capa roja.,pinterest
img_658.png,princesas_y_castillos,Príncipe niño rubio estilo retro con traje blanco dentro de un marco beige.,pinterest
img_659.png,princesas_y_castillos,Príncipe niño rubio en traje azul claro celebrando con los brazos arriba.,pinterest
img_660.png,princesas_y_castillos,Rey anciano de barba blanca sosteniendo su cetro con gran capa roja.,pinterest
img_661.png,princesas_y_castillos,Busto de rey anciano enojado con corona de tres picos y frondosa barba blanca.,pinterest
img_662.png,princesas_y_castillos,Rey anciano de perfil mirando hacia arriba con corona dorada y traje rojo.,pinterest
img_663.png,princesas_y_castillos,Rey anciano de barba grisácea con traje morado regio y corona dorada.,pinterest
img_664.png,princesas_y_castillos,Príncipe niño afroamericano en traje rojo militar de gala.,pinterest
img_665.png,princesas_y_castillos,"Rey robusto en traje blanco, rojo y capa, extendiendo las manos alegremente.",pinterest
img_666.png,princesas_y_castillos,Rey robusto de rojo y dorado sosteniendo un pequeño cetro con firmeza.,pinterest
img_667.png,princesas_y_castillos,"Rey alegre y gordinflón con capa roja, traje azul y cetro dorado en mano.",pinterest
img_668.png,princesas_y_castillos,"Rey alto, serio y delgado con barba gris pulcra y traje azul plomizo.",pinterest
img_669.png,princesas_y_castillos,"Rey imponente de aspecto severo con traje negro, capa roja y gran corona.",pinterest
img_670.png,princesas_y_castillos,Rey anciano feliz y regordete con traje azul brillante abriendo los brazos.,pinterest
img_671.png,princesas_y_castillos,Rey 3D regordete y de barba poblada con gran abrigo rojo tipo santa.,pinterest
img_672.png,princesas_y_castillos,Rey 3D de barba castaña con capa roja larga en postura recta y orgullosa.,pinterest
img_673.png,princesas_y_castillos,"Rey 3D de barba castaña clara con elegante traje blanco, rojo y dorado.",pinterest
img_674.png,princesas_y_castillos,Rey anciano de perfil con larga barba canosa y abrigada capa azul oscuro.,pinterest
img_675.png,princesas_y_castillos,Niño príncipe de piel oscura con cabello rizado y chaqueta militar azul y roja.,pinterest
img_676.png,princesas_y_castillos,Rey animado de perfil gesticulando o hablando fuerte en su traje rojo.,pinterest
img_677.png,princesas_y_castillos,Rey regordete de rostro melancólico con túnica morada y hombreras rosas.,pinterest
img_678.png,princesas_y_castillos,Rey caricaturesco de forma redonda con traje morado oscuro y corona pequeña.,pinterest
img_679.png,princesas_y_castillos,Rey de barba y cabello oscuro saludando feliz en su traje azul rey.,pinterest
img_680.png,princesas_y_castillos,Rey pelirrojo de perfil con capa roja y túnica blanca riendo a carcajadas.,pinterest
img_681.png,princesas_y_castillos,Rey robusto de traje azul sentado cómodamente en su gran trono rojo.,pinterest
img_682.png,princesas_y_castillos,Joven caballero anime rubio con armadura de pecho plateada y espada larga.,pinterest
img_683.png,princesas_y_castillos,Príncipe joven anime castaño en impecable uniforme militar azul y blanco.,pinterest
img_684.png,princesas_y_castillos,Príncipe joven anime castaño en uniforme blanco y azul con elegante capa oscura.,pinterest
img_685.png,princesas_y_castillos,"Príncipe 3D con cabello castaño, uniforme azul y capa beige.",pinterest
img_686.png,princesas_y_castillos,"Príncipe bebé sentado con traje azul y rojo, usando una corona grande.",pinterest
img_687.png,princesas_y_castillos,"Príncipe adulto de piel oscura con elegante traje verde, extendiendo la mano.",pinterest
img_688.png,princesas_y_castillos,"Príncipe adulto rubio sosteniendo una rosa roja, con capa blanca.",pinterest
img_689.png,princesas_y_castillos,"Príncipe adulto con cetro, vistiendo uniforme blanco y azul con capa blanca.",pinterest
img_690.png,princesas_y_castillos,Grupo de cinco pequeños príncipes animados sonriendo juntos.,pinterest
img_691.png,princesas_y_castillos,Segundo grupo de cinco pequeños príncipes animados en fila.,pinterest
img_692.png,princesas_y_castillos,Joven animado con chaleco verde oscuro y camisa blanca de mangas remangadas.,pinterest
img_693.png,princesas_y_castillos,Joven príncipe animado con chaqueta dorada y pantalones rojos.,pinterest
img_694.png,princesas_y_castillos,"Joven animado con cabello rizado castaño, camisa blanca suelta y botas.",pinterest
img_695.png,princesas_y_castillos,Pequeño príncipe rubio tierno con túnica azul celeste y detalles dorados.,pinterest
img_696.png,princesas_y_castillos,Príncipe niño sonriente de traje azul claro con los brazos abiertos.,pinterest
img_697.png,princesas_y_castillos,Príncipe niño adorable con traje azul oscuro y capa roja.,pinterest
img_698.png,princesas_y_castillos,Príncipe niño de cabello negro mirando de reojo con capa roja.,pinterest
img_699.png,princesas_y_castillos,Príncipe niño castaño con traje azul y manos firmes en la cintura.,pinterest
img_700.png,princesas_y_castillos,"Príncipe niño con espada al cinto, traje azul y capa roja con contorno blanco.",pinterest
img_701.png,princesas_y_castillos,Príncipe niño de diseño plano con cara redonda y traje rojo con dorado.,pinterest
img_702.png,princesas_y_castillos,Príncipe niño rubio de diseño plano con traje rojo y negro.,pinterest
img_703.png,princesas_y_castillos,Rey caricaturesco de rostro muy redondo con túnica roja y corona grande.,pinterest
img_704.png,princesas_y_castillos,"Rey niño con túnica roja, collar grueso dorado y sosteniendo un cetro.",pinterest
img_705.png,princesas_y_castillos,Príncipe chibi castaño con capa roja sosteniendo una espada en alto.,pinterest
img_706.png,princesas_y_castillos,"Rey chibi de rostro redondo, cabello negro y traje rojo con azul.",pinterest
img_707.png,princesas_y_castillos,"Príncipe chibi castaño con traje azul, capa roja y espada apoyada en el suelo.",pinterest
img_708.png,princesas_y_castillos,Cachorro de león con corona dorada.,pinterest
img_709.png,princesas_y_castillos,Hámster con corona y lazo rosa al cuello.,pinterest
img_710.png,princesas_y_castillos,Abeja caricatura con corona sosteniendo una varita.,pinterest
img_711.png,princesas_y_castillos,Dinosaurio bebé azul con pequeña corona.,pinterest
img_712.png,princesas_y_castillos,Gatita rosa sentada con corona dorada.,pinterest
img_713.png,princesas_y_castillos,Cara de rana verde sonriente con corona dorada.,pinterest
img_714.png,princesas_y_castillos,Flamenco rosa con corona flotando entre flores.,pinterest
img_715.png,princesas_y_castillos,Conejito blanco tierno con corona brillante.,pinterest
img_716.png,princesas_y_castillos,Oso panda sentado feliz con corona.,pinterest
img_717.png,princesas_y_castillos,Dinosaurio rosa sonriente con pequeña corona dorada.,pinterest
img_718.png,princesas_y_castillos,Tigre bebé con corona y capa roja real.,pinterest
img_719.png,princesas_y_castillos,Cara redonda de león caricatura con corona.,pinterest
img_720.png,princesas_y_castillos,Elefante bebé gris sentado con gran corona.,pinterest
img_721.png,princesas_y_castillos,Oveja bebé mágica con flores y corona.,pinterest
img_722.png,princesas_y_castillos,Gato blanco elegante con corona y collar joya.,pinterest
img_723.png,princesas_y_castillos,Cachorro de león dibujado en acuarela con corona.,pinterest
img_724.png,princesas_y_castillos,Gato blanco estilizado de perfil con corona.,pinterest
img_725.png,princesas_y_castillos,Cangrejo rojo redondo sonriente con corona.,pinterest
img_726.png,princesas_y_castillos,Cangrejo rojo con bigote negro y corona dorada.,pinterest
img_727.png,princesas_y_castillos,Jirafa alta con corona y capa roja de rey.,pinterest
img_728.png,princesas_y_castillos,Foca bebé gris nadando con pequeña corona.,pinterest
img_729.png,princesas_y_castillos,Pez de colores vibrantes con corona bajo el agua.,pinterest
img_730.png,princesas_y_castillos,Ballena azul caricatura con pequeña corona dorada.,pinterest
img_731.png,princesas_y_castillos,León 3D sonriente con corona en la selva.,pinterest
img_732.png,princesas_y_castillos,Cangrejo rojo en la arena de la playa con corona.,pinterest
img_733.png,princesas_y_castillos,Pájaro azul de pico largo con corona dorada.,pinterest
img_734.png,princesas_y_castillos,Colibrí volando con una diminuta corona.,pinterest
img_735.png,princesas_y_castillos,Pájaro azul gordito parado con corona.,pinterest
img_736.png,princesas_y_castillos,Cisne azul nadando con corona dorada.,pinterest
img_737.png,princesas_y_castillos,Cisne blanco elegante con corona sobre fondo claro.,pinterest
img_738.png,princesas_y_castillos,"Águila o halcón con corona, capa y un pergamino.",pinterest
img_739.png,princesas_y_castillos,Gato blanco sentado como rey en un sillón.,pinterest
img_740.png,princesas_y_castillos,Gato blanco esponjoso saltando con lazo y corona.,pinterest
img_741.png,princesas_y_castillos,Gato gris caricatura de espaldas volteando con corona.,pinterest
img_742.png,princesas_y_castillos,Conejito gris de pie con capa roja y corona.,pinterest
img_743.png,princesas_y_castillos,Gato calicó con ropa real elegante y corona.,pinterest
img_744.png,princesas_y_castillos,Gato negro sentado elegantemente con corona.,pinterest
img_745.png,princesas_y_castillos,Gato siamés sentado con capa roja majestuosa y corona.,pinterest
img_746.png,princesas_y_castillos,Gatito blanco y naranja tierno con corona sobre un cojín.,pinterest
img_747.png,princesas_y_castillos,Gato majestuoso con corona intrincada y collar.,pinterest
img_748.png,princesas_y_castillos,Perro cocker spaniel sentado con corona pequeña.,pinterest
img_749.png,princesas_y_castillos,Perro corgi tierno sentado con corona.,pinterest
img_750.png,princesas_y_castillos,Perro pug asomándose feliz con corona.,pinterest
img_751.png,princesas_y_castillos,Perro peludo con moño azul y corona dorada.,pinterest
img_752.png,princesas_y_castillos,Perro marrón de orejas caídas sentado con corona.,pinterest
img_753.png,princesas_y_castillos,Dinosaurio azul bebé estilo pegatina con corona.,pinterest
img_754.png,princesas_y_castillos,Perro bulldog francés blanco y negro con corona y collar de pinchos.,pinterest
img_755.png,princesas_y_castillos,Cachorro bernés de la montaña con pequeña corona de flores.,pinterest
img_756.png,princesas_y_castillos,Cerdito redondo y rosado con corona de tres picos.,pinterest
img_757.png,princesas_y_castillos,Cabeza de cerdito sonriente asomándose con corona.,pinterest
img_758.png,princesas_y_castillos,Cerdito blanco gordito de perfil con corona.,pinterest
img_759.png,princesas_y_castillos,Cerdito rosa tierno 3D en un bosque con corona.,pinterest
img_760.png,princesas_y_castillos,Cerdito rosa recostado de forma juguetona con corona estrellada.,pinterest
img_761.png,princesas_y_castillos,"Osito blanco con capa roja, cetro y corona real.",pinterest
img_762.png,princesas_y_castillos,Osito de peluche con pechero azul y corona dorada.,pinterest
img_763.png,princesas_y_castillos,Osita de peluche con corona y vestido rosa.,pinterest
img_764.png,princesas_y_castillos,Cerdito 3D adorable con flores y corona en la cabeza.,pinterest
img_765.png,princesas_y_castillos,Osito marrón tierno sentado con corona.,pinterest
img_766.png,princesas_y_castillos,Osito marrón sosteniendo un corazón rosa con corona.,pinterest
img_767.png,princesas_y_castillos,Osito de peluche beige clásico con gran corona.,pinterest
img_768.png,princesas_y_castillos,Pocahontas bebé interactuando agachada con un mapache.,pinterest
img_769.png,princesas_y_castillos,Esmeralda bebé interactuando de rodillas con un gatito negro.,pinterest
img_770.png,princesas_y_castillos,Ariel bebé pelirroja alimentando a un perrito blanco.,pinterest
img_771.png,princesas_y_castillos,Pocahontas chibi abrazando tiernamente a un cachorro de tigre.,pinterest
img_772.png,princesas_y_castillos,Princesa rubia chibi abrazando a un conejo blanco con corona.,pinterest
img_773.png,princesas_y_castillos,Rapunzel chibi acostada jugando con el camaleón Pascal.,pinterest
img_774.png,princesas_y_castillos,Princesa castaña chibi sentada con un pajarito y una ardilla.,pinterest
img_775.png,princesas_y_castillos,Rana verde caricatura sentada sonriendo con corona de tres puntas.,pinterest
img_776.png,princesas_y_castillos,Aurora con su vestido azul abrazando a un zorro del bosque.,pinterest
img_777.png,princesas_y_castillos,Pocahontas adulta sosteniendo en brazos a su mapache Meeko.,pinterest
img_778.png,princesas_y_castillos,Moana bebé sosteniendo a su cerdito Pua.,pinterest
img_779.png,princesas_y_castillos,Rapunzel bebé con corona sentada frente a un espejo alto.,pinterest
img_780.png,princesas_y_castillos,Tiana bebé con vestido verde sosteniendo una pequeña rana.,pinterest
img_781.png,princesas_y_castillos,Tiana niña con vestido verde interactuando con una rana sobre un lirio.,pinterest
img_782.png,princesas_y_castillos,Ariel bebé en el agua mirando a su amigo pez Flounder.,pinterest
img_783.png,princesas_y_castillos,Tiana chibi abrazando con mucho cariño a una rana verde grande.,pinterest
img_784.png,princesas_y_castillos,Ardilla castaña caricatura riendo con lazo rojo y corona.,pinterest
img_785.png,princesas_y_castillos,Moana recostada en la arena con un gallo en la cabeza y un cerdito.,pinterest
img_786.png,princesas_y_castillos,León de caricatura sentado con capa roja y corona dorada.,pinterest
img_787.png,princesas_y_castillos,Conejita blanca con vestido lila de brillos y varita mágica.,pinterest
img_788.png,princesas_y_castillos,Princesa pelirroja con amplio vestido magenta caminando con un gatito.,pinterest
img_789.png,princesas_y_castillos,Rana verde plana estilo vector con corona amarilla brillante.,pinterest
img_790.png,princesas_y_castillos,Princesita árabe bebé sosteniendo una lámpara mágica dorada.,pinterest
img_791.png,princesas_y_castillos,Gatita blanca elegante con lazo rosa y pequeña corona real.,pinterest
img_792.png,princesas_y_castillos,Chica de cabello castaño abrazando con amor a un unicornio blanco.,pinterest
img_793.png,princesas_y_castillos,Princesa de piel morena dando un beso a una rana verde con corona.,pinterest
img_794.png,princesas_y_castillos,Cisne blanco de dibujo suave nadando con tiara dorada.,pinterest
img_795.png,princesas_y_castillos,Tortuga marina bebé con caparazón verde y moño rosa.,pinterest
img_796.png,princesas_y_castillos,Pez amarillo tropical con aletas azules sonriendo ampliamente.,pinterest
img_797.png,princesas_y_castillos,Pingüino chibi con capita roja y corona sobre fondo blanco.,pinterest
img_798.png,princesas_y_castillos,Cara redonda de animalito tierno con gafas y corona plana.,pinterest
img_799.png,princesas_y_castillos,Coneja blanca muy esponjosa con expresión gruñona y tiara.,pinterest
img_800.png,princesas_y_castillos,Dibujo tipo boceto de un conejo blanco durmiendo con corona.,pinterest
img_801.png,princesas_y_castillos,Gatita peluda color rosa sentada sobre un cojín amarillo y taburete azul.,pinterest
img_802.png,princesas_y_castillos,Princesita rubia chibi con vestido azul turquesa y estrella mágica.,pinterest
img_803.png,princesas_y_castillos,Muñeca 3D de princesa pelirroja rizada acompañada de un osito marrón.,pinterest
img_804.png,princesas_y_castillos,Osita de peluche con delicado vestido morado de lunares y lazo.,pinterest
img_805.png,princesas_y_castillos,Abejita con alas brillantes bailando ballet con tutú amarillo.,pinterest
img_806.png,princesas_y_castillos,Perrita poodle blanca 3D con accesorios y lazos azules.,pinterest
img_807.png,princesas_y_castillos,Gata mágica rosada con tiara real descansando tranquilamente.,pinterest
img_808.png,princesas_y_castillos,Niños príncipes con trajes de gala rosa y azul turquesa.,pinterest
img_809.png,princesas_y_castillos,Joven pareja de príncipes estilo anime tomados de la mano.,pinterest
img_810.png,princesas_y_castillos,"Pareja chibi de frente, él con capa roja y ella con vestido rosa.",pinterest
img_811.png,princesas_y_castillos,Pareja chibi sentada cómodamente en un carruaje con globos de corazón.,pinterest
img_812.png,princesas_y_castillos,Frasco de cristal redondo con poción mágica morada estrellada.,pinterest
img_813.png,princesas_y_castillos,Cetro mágico rosa con pequeñas alas blancas y corazón en la punta.,pinterest
img_814.png,princesas_y_castillos,Campana mágica plateada con halo dorado en forma de corazón y alas.,pinterest
img_815.png,princesas_y_castillos,Libro de magia antiguo marrón con emblema de unicornio dorado.,pinterest
img_816.png,princesas_y_castillos,Reloj de bolsillo dorado mágico abierto mostrando luna y estrellas.,pinterest
img_817.png,princesas_y_castillos,Varita mágica rosa con alas abiertas y esfera estrellada central.,pinterest
img_818.png,princesas_y_castillos,Libro de hechizos morado flotando con el símbolo de un gran ojo oscuro.,pinterest
img_819.png,princesas_y_castillos,Cofre octagonal elegante lleno de anillos preciosos.,pinterest
img_820.png,princesas_y_castillos,Libro de magia morado cerrado con lomo dorado y lunas.,pinterest
img_821.png,princesas_y_castillos,Princesa rubia chibi junto a un caballero con armadura completa.,pinterest
img_822.png,princesas_y_castillos,Cofre pequeño en forma de corazón rosa con muchos detalles dorados.,pinterest
img_823.png,princesas_y_castillos,Collar dorado sosteniendo un gran cristal místico azul.,pinterest
img_824.png,princesas_y_castillos,Varita mágica verde con lazo rosa y emblema de corona.,pinterest
img_825.png,princesas_y_castillos,Varita de madera clásica terminada en una estrella amarilla de cinco puntas.,pinterest
img_826.png,princesas_y_castillos,Blancanieves chibi sonriendo tomada del brazo de su príncipe.,pinterest
img_827.png,princesas_y_castillos,Tiana y Naveen adultos en sus hermosos trajes de gala verdes.,pinterest
img_828.png,princesas_y_castillos,Pareja chibi de piel morena con frescos atuendos verdes campestres.,pinterest
img_829.png,princesas_y_castillos,Rey y reina niños rubios con coronas y pesadas capas rojas.,pinterest
img_830.png,princesas_y_castillos,Cenicienta y su príncipe bailando vals elegantemente.,pinterest
img_831.png,princesas_y_castillos,Príncipe Encantador de espaldas mirando fijamente a Cenicienta.,pinterest
img_832.png,princesas_y_castillos,Pareja chibi rubia estilo Cenicienta caminando tomados de la mano.,pinterest
img_833.png,princesas_y_castillos,Jasmín y Aladdín chibi mirándose tiernamente con complicidad.,pinterest
img_834.png,princesas_y_castillos,Cenicienta chibi en vestido celeste de baile junto al príncipe.,pinterest
img_835.png,princesas_y_castillos,Blancanieves chibi abrazando dulcemente a su príncipe de traje azul.,pinterest
img_836.png,princesas_y_castillos,Bella y la Bestia en forma humana bailando alegremente.,pinterest
img_837.png,princesas_y_castillos,Jasmín y Aladdín adultos bailando con mucha energía.,pinterest
img_838.png,princesas_y_castillos,Tiana y Naveen chibi estilo campestre tomados de las manos.,pinterest
img_839.png,princesas_y_castillos,Príncipe Encantador arrodillado besando la mano de Cenicienta.,pinterest
img_840.png,princesas_y_castillos,Rey y reina niños de caras muy redondas posando con sus cetros.,pinterest
img_841.png,princesas_y_castillos,Aladdín y Jasmín adultos de pie mirándose de brazos cruzados.,pinterest
img_842.png,princesas_y_castillos,Princesita chibi de rosa bailando alegremente con príncipe de azul.,pinterest
img_843.png,princesas_y_castillos,Pequeña Cenicienta y su príncipe sentados muy juntos en el suelo.,pinterest
img_844.png,princesas_y_castillos,Pareja de príncipes estilo muñequitos sonriendo de pie.,pinterest
img_845.png,princesas_y_castillos,Aurora chibi en vestido rosa bailando con el príncipe Felipe.,pinterest
img_846.png,princesas_y_castillos,Princesa de vestido azul y príncipe de rojo bailando un vals.,pinterest
img_847.png,princesas_y_castillos,"Pareja chibi con trajes de fantasía detallados, él de turquesa y ella de lila.",pinterest
img_848.png,princesas_y_castillos,Príncipe y princesa adultos posando frente a un gran castillo de cuento.,pinterest
img_849.png,princesas_y_castillos,Pareja chibi frente a un castillo cuidando de un conejito blanco.,pinterest
img_850.png,princesas_y_castillos,Dos niños príncipes jugando frente a un castillo blanco de tejados rojos.,pinterest
img_851.png,princesas_y_castillos,Ariel en vestido verde agua abrazando amorosamente al príncipe Eric.,pinterest
img_852.png,princesas_y_castillos,Ariel sirena y Eric muy de cerca a punto de besarse.,pinterest
img_853.png,princesas_y_castillos,"Pareja chibi, él en traje verde oscuro y ella en amplio vestido morado.",pinterest
img_854.png,princesas_y_castillos,"Pareja chibi de frente, príncipe de azul y princesa en rosa claro.",pinterest
img_855.png,princesas_y_castillos,Mulán y Li Shang chibi en pose de combate amistosa y divertida.,pinterest
img_856.png,princesas_y_castillos,Príncipe entregando con cariño una flor a una princesa de vestido rosa pálido.,pinterest
img_857.png,princesas_y_castillos,Pareja de príncipes chibi saludando con detalles morados y dorados.,pinterest
img_858.png,princesas_y_castillos,Pareja chibi en tonos pasteles bailando suavemente de la mano.,pinterest
img_859.png,princesas_y_castillos,Jasmín y Aladdín chibi flotando juntos en la alfombra mágica.,pinterest
img_860.png,princesas_y_castillos,Bella y su príncipe humano bailando tomados de ambas manos.,pinterest
img_861.png,princesas_y_castillos,Príncipe abrazando a Cenicienta rubia frente a un círculo de fondo rosa.,pinterest
img_862.png,princesas_y_castillos,Príncipe de cabello oscuro entregando una flor a princesa rubia de rosa.,pinterest
img_863.png,princesas_y_castillos,Princesita de vestido magenta brillante junto a príncipe con capa azul oscuro.,pinterest
img_864.png,princesas_y_castillos,Princesa adulta rubia de vestido rosa al lado de su príncipe serio.,pinterest
img_865.png,princesas_y_castillos,Príncipe defendiendo a su princesa de un gran lobo frente a una torre.,pinterest
img_866.png,princesas_y_castillos,Príncipe con espada y princesa asustada bajo una torre con luna creciente.,pinterest
img_867.png,princesas_y_castillos,"Pareja chibi en la playa, ella con vestido de verano color durazno.",pinterest
img_868.png,princesas_y_castillos,"Segunda variante de pareja chibi en la playa, ella con vestido rosa y conchas.",pinterest
img_869.png,princesas_y_castillos,Miniaturas de príncipes parados frente a un castillo gris rodeado de agua.,pinterest
img_870.png,princesas_y_castillos,Príncipe levantando a la Cenicienta por los aires con mucha alegría.,pinterest
img_871.png,princesas_y_castillos,Pareja chibi dibujada de forma muy tierna sentados junto a un reloj de arena de cristal.,pinterest
img_872.png,princesas_y_castillos,Príncipe levantando su espada defendiendo a princesa de fucsia vibrante.,pinterest
img_873.png,princesas_y_castillos,Tiana y Naveen adultos sonriendo cálidamente vestidos de verde.,pinterest
img_874.png,princesas_y_castillos,Cenicienta en su clásico vestido azul y Príncipe Encantador saludando.,pinterest
img_875.png,princesas_y_castillos,Pareja de la realeza conversando de pie en un majestuoso salón de palacio.,pinterest
img_876.png,princesas_y_castillos,Blancanieves y el Príncipe en un romántico abrazo a punto de besarse.,pinterest
img_877.png,princesas_y_castillos,Príncipe arrodillado probando la delicada zapatilla de cristal a Cenicienta.,pinterest
img_878.png,princesas_y_castillos,Blancanieves chibi bailando alegre con el príncipe en el bosque.,pinterest
img_879.png,princesas_y_castillos,Pareja chibi en elegantes trajes verde esmeralda y detalles dorados.,pinterest
img_880.png,princesas_y_castillos,Pareja chibi estilo vintage dibujada en tonos tierra y sepia.,pinterest
img_881.png,princesas_y_castillos,Ariel sirena y Eric abrazados fuertemente en el mar.,pinterest
img_882.png,princesas_y_castillos,Pareja chibi de rey y reina ancianos de aspecto venerable con capas rojas.,pinterest
img_883.png,princesas_y_castillos,"Princesa chibi en rosa con azul, junto a príncipe firme de traje marino.",pinterest
img_884.png,princesas_y_castillos,Pareja infantil rubia con traje turquesa él y vestido lila ella.,pinterest
img_885.png,princesas_y_castillos,Pareja chibi estilo acuarela con tonos sepia y crema muy románticos.,pinterest
img_886.png,princesas_y_castillos,Rapunzel abrazando fuertemente por el cuello a Flynn Rider.,pinterest
img_887.png,princesas_y_castillos,Aladdín y Jasmín chibi sentados juntos en la alfombra voladora de frente.,pinterest
img_888.png,princesas_y_castillos,Dibujo sencillo de Rapunzel entregando un objeto a Flynn de perfil.,pinterest
img_889.png,princesas_y_castillos,Pareja chibi rubia y castaño tomados de la mano en tonos azul claro.,pinterest
img_890.png,princesas_y_castillos,Pareja real de diseño plano con trajes rojos y fondo blanco.,pinterest
img_891.png,princesas_y_castillos,Rey y reina adultos rubios de pie con majestuosos trajes azules y rojos.,pinterest
img_892.png,princesas_y_castillos,Bella sosteniendo una rosa mientras mira dulcemente a la Bestia.,pinterest
img_893.png,princesas_y_castillos,Blancanieves y su príncipe bailando frente a un gran corazón luminoso en el bosque.,pinterest
img_894.png,princesas_y_castillos,Rapunzel y Flynn abrazados mirándose fijamente con mucho amor.,pinterest
img_895.png,princesas_y_castillos,Pareja real seria con atuendos dorados y rojos estilo ceremonia o boda.,pinterest
img_896.png,princesas_y_castillos,Jasmín y Aladdín chibi bailando con trajes turquesa y morado pálido.,pinterest
img_897.png,princesas_y_castillos,Tiana y Naveen chibi estilo campestre en tonos verdes sonriendo.,pinterest
img_898.png,princesas_y_castillos,Cenicienta y Príncipe chibi bailando tiernamente con vestido azul.,pinterest
img_899.png,princesas_y_castillos,"Rey y reina chibi cabezones con túnicas rojas, capa amarilla y coronas.",pinterest
img_900.png,princesas_y_castillos,Segunda variante de Jasmín y Aladdín chibi bailando juntos.,pinterest
img_901.png,princesas_y_castillos,Ariel sirena abrazando apasionadamente al príncipe Eric en el agua.,pinterest
img_902.png,princesas_y_castillos,"Pareja chibi pelinegra de pie, príncipe de azul con rojo y princesa de rosa oscuro.",pinterest
img_903.png,princesas_y_castillos,Príncipe anime entregando una rosa roja a su princesa de cabello castaño.,pinterest
img_904.png,princesas_y_castillos,Blancanieves y el príncipe abrazados muy de cerca y de perfil.,pinterest
img_905.png,princesas_y_castillos,Aurora chibi en vestido azul celeste y príncipe Felipe chibi abrazados.,pinterest
img_906.png,princesas_y_castillos,Pareja estilo anime muy romántica rodeada de pequeños corazones rosas.,pinterest
img_907.png,princesas_y_castillos,Pareja de reyes adultos chibi con capas rojas frente a un fondo gris circular.,pinterest
img_908.png,princesas_y_castillos,Cenicienta en vestido azul de espaldas bailando con el príncipe de casaca roja.,pinterest
img_909.png,princesas_y_castillos,Cenicienta y su príncipe bailando frente al gran castillo iluminado de noche.,pinterest
img_910.png,princesas_y_castillos,Rapunzel y Flynn sentados muy cerca en un entorno realista de piedra.,pinterest
img_911.png,princesas_y_castillos,Pareja chibi en delicados tonos pastel rosas bailando suavemente.,pinterest
img_912.png,princesas_y_castillos,"Pareja chibi de cabello castaño, él de traje lila y ella de vestido morado amplio.",pinterest
img_913.png,princesas_y_castillos,Bella y la Bestia bailando el vals en su gran salón clásico.,pinterest
img_914.png,princesas_y_castillos,"Niños príncipes de diseño plano tomados de las manos, ella de azul y él de rojo anaranjado.",pinterest
img_915.png,princesas_y_castillos,Rapunzel y Flynn abrazados viendo las linternas flotantes desde el bote.,pinterest
img_916.png,princesas_y_castillos,Aurora con su clásico vestido rosa bailando de la mano con el príncipe Felipe de azul.,pinterest
img_917.png,princesas_y_castillos,Cenicienta y el Príncipe bailando de noche bajo la luz de la gran luna llena en el jardín.,pinterest
img_918.png,princesas_y_castillos,Rapunzel y Flynn en el bote iluminado por linternas con romántico fondo nocturno morado oscuro.,pinterest
img_919.png,princesas_y_castillos,Ariel en su vestido de novia blanco y velo junto a Eric en elegante uniforme de gala.,pinterest
img_920.png,princesas_y_castillos,Cenicienta y el Príncipe sentados conversando en un banco del balcón bajo la luna.,pinterest
img_921.png,princesas_y_castillos,Castillo de arena con banderines festivos,pinterest
img_922.png,princesas_y_castillos,Fortaleza de tonos verdes con dragones sobrevolando,pinterest
img_923.png,princesas_y_castillos,Príncipe rubio infantil sentado en un trono,pinterest
img_924.png,princesas_y_castillos,Broche o corona dorada con joya naranja central,pinterest
img_925.png,princesas_y_castillos,Anillo antiguo de oro con piedra preciosa esférica amarilla,pinterest
img_926.png,princesas_y_castillos,Libro mágico de hechizos con cubierta marrón,pinterest
img_927.png,princesas_y_castillos,Espejo de mano clásico con marco plateado,pinterest
img_928.png,princesas_y_castillos,Enano o gnomo mágico con barba blanca y gorro rojo,pinterest
img_929.png,princesas_y_castillos,Cofre del tesoro de madera cerrado con cerrojo dorado,pinterest
img_930.png,princesas_y_castillos,Hoja con múltiples pegatinas de íconos de cuentos de hadas,pinterest
img_931.png,princesas_y_castillos,Colección de íconos de princesa en tonos celestes,pinterest
img_932.png,princesas_y_castillos,Conjunto de pequeños elementos mágicos variados,pinterest
img_933.png,princesas_y_castillos,Rosa encantada bajo una campana de cristal (estilo dibujo),pinterest
img_934.png,princesas_y_castillos,Bebé dragón verde abrazando una pequeña nube,pinterest
img_935.png,princesas_y_castillos,"Elementos de cuento clásico (zapato, varita, calabaza)",pinterest
img_936.png,princesas_y_castillos,Catálogo de diferentes tiaras y coronas de princesa,pinterest
img_937.png,princesas_y_castillos,Carruaje de calabaza pintado en azul pastel,pinterest
img_938.png,princesas_y_castillos,Corona de princesa rosada con perlas y joyas,pinterest
img_939.png,princesas_y_castillos,Reloj de bolsillo antiguo de oro cerrado,pinterest
img_940.png,princesas_y_castillos,Rosa roja brillante dentro de una cúpula de cristal iluminada,pinterest
img_941.png,princesas_y_castillos,Frasco de poción en forma de corazón con un lazo rosa,pinterest
img_942.png,princesas_y_castillos,Zapatilla de cristal posada sobre un cojín rosa,pinterest
img_943.png,princesas_y_castillos,Gato gris grande y esponjoso con expresión gruñona,pinterest
img_944.png,princesas_y_castillos,Gato morado sosteniendo un frasco de poción rosa,pinterest
img_945.png,princesas_y_castillos,Pequeña hada rubia volando con alas doradas,pinterest
img_946.png,princesas_y_castillos,Villana con cuernos negros y cuervo al hombro,pinterest
img_947.png,princesas_y_castillos,Pirata con abrigo rojo y sombrero de plumas,pinterest
img_948.png,princesas_y_castillos,Dragón rojo delgado sonriente de frente,pinterest
img_949.png,princesas_y_castillos,Villana con cuernos en versión infantil sosteniendo un cetro,pinterest
img_950.png,princesas_y_castillos,Dragón rojo pequeño en pose de guardia o combate,pinterest
img_951.png,princesas_y_castillos,Espejo mágico ornamentado irradiando luz dorada y azul,pinterest
img_952.png,princesas_y_castillos,Gato gris oscuro con sonrisa traviesa y ojos amarillos,pinterest
img_953.png,princesas_y_castillos,Dios del inframundo bebiendo un cóctel con un gusano,pinterest
img_954.png,princesas_y_castillos,Demonio pequeño y redondo de color rojo oscuro,pinterest
img_955.png,princesas_y_castillos,Manzana verde envenenada con forma de calavera derretida,pinterest
img_956.png,princesas_y_castillos,Conejo blanco elegante sosteniendo un gran reloj de bolsillo,pinterest
img_957.png,princesas_y_castillos,Reina malvada en versión infantil sosteniendo una manzana,pinterest
img_958.png,princesas_y_castillos,Dragón rojo con expresión de sorpresa y cuello estirado,pinterest
img_959.png,princesas_y_castillos,Dios del inframundo con túnica negra de cuerpo completo,pinterest
img_960.png,princesas_y_castillos,Reina con vestido rojo y negro gritando furiosa,pinterest
img_961.png,princesas_y_castillos,Dos pequeños demonios secuaces (uno rosa y uno turquesa),pinterest
img_962.png,princesas_y_castillos,Villano alto con túnica negra y roja sosteniendo un cetro de serpiente,pinterest
img_963.png,princesas_y_castillos,Espejo ovalado oscuro con diseño místico en el marco,pinterest
img_964.png,princesas_y_castillos,Mujer villana con cabello blanco y negro sonriendo perversamente,pinterest
img_965.png,princesas_y_castillos,Bruja del mar con tentáculos y piel morada sonriendo,pinterest
img_966.png,princesas_y_castillos,Mujer con cabello rizado oscuro y vestido rojo borgoña,pinterest
img_967.png,princesas_y_castillos,Niño príncipe enmarcado por un aro decorativo azul celeste,pinterest
img_968.png,princesas_y_castillos,Bruja del mar en pose amenazante con sombras oscuras,pinterest
img_969.png,princesas_y_castillos,Reina de corazones sosteniendo un cetro con forma de corazón,pinterest
img_970.png,princesas_y_castillos,Bruja del mar de piel morada en versión infantil redonda,pinterest
img_971.png,princesas_y_castillos,Hombre corpulento con abrigo azul oscuro y sombrero de época,pinterest
img_972.png,princesas_y_castillos,"Hombre con sombrero de copa morado, collar de dientes y bastón",pinterest
img_973.png,princesas_y_castillos,Unicornio blanco sentado con crin de colores pastel,pinterest
img_974.png,princesas_y_castillos,Unicornio blanco elegante de pie con crin rosada y morada,pinterest
img_975.png,princesas_y_castillos,Espejo mágico oscuro emitiendo un aura de luz púrpura,pinterest
img_976.png,princesas_y_castillos,Bebé unicornio recostado pacíficamente con pequeñas alas,pinterest
img_977.png,princesas_y_castillos,Retrato de cabeza de unicornio con cuerno amarillo y crin arcoíris,pinterest
img_978.png,princesas_y_castillos,Carruaje blanco de princesa con detalles y ruedas doradas,pinterest
img_979.png,princesas_y_castillos,Unicornio azul claro estilizado con decoraciones de estrellas doradas,pinterest
img_980.png,princesas_y_castillos,Bebé unicornio blanco sentado con expresión tierna,pinterest
img_981.png,princesas_y_castillos,Carrusel de feria clásico con caballos dorados y carpa blanca,pinterest
img_982.png,princesas_y_castillos,Unicornio bebé rosado muy esponjoso con ojos grandes,pinterest
img_983.png,princesas_y_castillos,Perfil suave de una cabeza de unicornio blanco puro,pinterest
img_984.png,princesas_y_castillos,Unicornio blanco saltando alegremente con crin muy colorida,pinterest
img_985.png,princesas_y_castillos,Pequeño unicornio morado claro en estilo de dibujo animado,pinterest
img_986.png,princesas_y_castillos,Jinete joven montando un caballo marrón oscuro trotando,pinterest
img_987.png,princesas_y_castillos,Reloj de bolsillo dorado abierto mostrando la hora en números romanos,pinterest
img_988.png,princesas_y_castillos,Reloj místico abierto con diseño de estrellas y luna en su interior,pinterest
img_989.png,princesas_y_castillos,Niño vestido de rey con corona pesada y capa azul decorada,pinterest
img_990.png,princesas_y_castillos,Espejo de mano rústico con diseño de hojas y ramas otoñales,pinterest
img_991.png,princesas_y_castillos,Figura de juguete de un osito montando un caballito de madera,pinterest
img_992.png,princesas_y_castillos,Caballo de madera clásico de juguete tipo balancín,pinterest
img_993.png,princesas_y_castillos,Reina de las nieves lanzando magia helada con ambas manos,pinterest
img_994.png,princesas_y_castillos,Princesa de hielo patinando o deslizándose felizmente,pinterest
img_995.png,princesas_y_castillos,Bebé dragón verde exhalando una pequeña llama de fuego,pinterest
img_996.png,princesas_y_castillos,Dragón verde de pie escupiendo fuego vigorosamente hacia la derecha,pinterest
img_997.png,princesas_y_castillos,Dragón verde pequeño sentado amistosamente con la lengua de fuera,pinterest
img_998.png,princesas_y_castillos,Dragón rojo pequeño de pie sonriente,pinterest
img_999.png,princesas_y_castillos,Dragón azul en pleno vuelo,pinterest
img_1000.png,princesas_y_castillos,Príncipe bebé con globo dorado,pinterest
img_1001.png,princesas_y_castillos,Dragón bebé azul sentado tiernamente,pinterest
img_1002.png,princesas_y_castillos,Espejo en forma de rombo con cortinas verdes,pinterest
img_1003.png,princesas_y_castillos,Dragón rojo con expresión curiosa y patas en la cintura,pinterest
img_1004.png,princesas_y_castillos,Dragón rojo delgado señalando hacia arriba,pinterest
img_1005.png,princesas_y_castillos,Dragón morado claro con fuego en la cola,pinterest
img_1006.png,princesas_y_castillos,Dragón verde pálido volando con alas extendidas,pinterest
img_1007.png,princesas_y_castillos,Cabeza de dragón rojo con mirada sorprendida,pinterest
img_1008.png,princesas_y_castillos,Dragón rojo volando mientras lee un libro,pinterest
img_1009.png,princesas_y_castillos,Dragón verde pequeño aferrado a una naranja,pinterest
img_1010.png,princesas_y_castillos,Dragón negro oscuro cría con grandes ojos verdes,pinterest
img_1011.png,princesas_y_castillos,Hada volando con alas anaranjadas,pinterest
img_1012.png,princesas_y_castillos,Dragón bebé verde con pequeñas alas moradas,pinterest
img_1013.png,princesas_y_castillos,Dragón rojo bebé recostado boca abajo,pinterest
img_1014.png,princesas_y_castillos,Bola de cristal mostrando un cielo nocturno estrellado,pinterest
img_1015.png,princesas_y_castillos,Dragón bebé celeste con alitas levantadas,pinterest
img_1016.png,princesas_y_castillos,Dragón rojo sosteniendo un corazón rosa,pinterest
img_1017.png,princesas_y_castillos,Dragón rojo exhalando humo en forma de corazones,pinterest
img_1018.png,princesas_y_castillos,Dragón bebé rosado brillante y mágico,pinterest
img_1019.png,princesas_y_castillos,Dragón bebé verde recién salido del cascarón,pinterest
img_1020.png,princesas_y_castillos,Dragón oriental blanco y rosa elevándose,pinterest
img_1021.png,princesas_y_castillos,Gran castillo rosa con múltiples torres y banderas,pinterest
img_1022.png,princesas_y_castillos,Hada madrina mayor con cabello gris recogido,pinterest
img_1023.png,princesas_y_castillos,Libro abierto del que emerge un castillo mágico,pinterest
img_1024.png,princesas_y_castillos,Retrato clásico de un príncipe y una princesa,pinterest
img_1025.png,princesas_y_castillos,Castillo rosa pálido con destellos de luz,pinterest
img_1026.png,princesas_y_castillos,Cetro mágico rosa y dorado con una estrella,pinterest
img_1027.png,princesas_y_castillos,Castillo rosa de cuento de hadas de frente,pinterest
img_1028.png,princesas_y_castillos,Puerta doble de madera rosada con arco,pinterest
img_1029.png,princesas_y_castillos,Castillo de arena blanca en la distancia,pinterest
img_1030.png,princesas_y_castillos,Castillo colorido con cúpulas azules y rojas,pinterest
img_1031.png,princesas_y_castillos,Castillo cilíndrico rosa pastel,pinterest
img_1032.png,princesas_y_castillos,Carruaje elegante dorado y blanco,pinterest
img_1033.png,princesas_y_castillos,Dibujo sencillo de un castillo rosado infantil,pinterest
img_1034.png,princesas_y_castillos,Libro de hechizos flotante encuadernado en cuero oscuro,pinterest
img_1035.png,princesas_y_castillos,Carruaje blanco con detalles y ruedas azules,pinterest
img_1036.png,princesas_y_castillos,Castillo blanco y azul clásico de princesa,pinterest
img_1037.png,princesas_y_castillos,Castillo pequeño bajo un arcoíris,pinterest
img_1038.png,princesas_y_castillos,Candelabro y reloj parlantes de cuento,pinterest
img_1039.png,princesas_y_castillos,Lámpara mágica dorada soltando humo púrpura,pinterest
img_1040.png,princesas_y_castillos,Princesa rubia con vestido rosa mirando hacia abajo,pinterest
img_1041.png,princesas_y_castillos,Princesa durmiendo plácidamente arropada en azul,pinterest
img_1042.png,princesas_y_castillos,Princesa rubia dormida en su cama real,pinterest
img_1043.png,princesas_y_castillos,Princesa de vestido rosa con las manos en el pecho,pinterest
img_1044.png,princesas_y_castillos,Princesa castaña con vestido azul y corona,pinterest
img_1045.png,princesas_y_castillos,Niño príncipe montando un caballo blanco,pinterest
img_1046.png,princesas_y_castillos,Princesa rubia en pose de baile con vestido rosa,pinterest
img_1047.png,princesas_y_castillos,Princesa morena con vestido verde sentada,pinterest
img_1048.png,princesas_y_castillos,Princesa con vestido verde claro sosteniendo una flor,pinterest
img_1049.png,princesas_y_castillos,Trío de pequeñas hadas volando juntas,pinterest
img_1050.png,princesas_y_castillos,Tetera parlante sonriente y su pequeña taza,pinterest
img_1051.png,princesas_y_castillos,Varita mágica rosada rematada en estrella,pinterest
img_1052.png,princesas_y_castillos,Hada de vestido verde acompañada por una mariposa,pinterest
img_1053.png,princesas_y_castillos,Príncipe sosteniendo a una princesa en el aire,pinterest
img_1054.png,princesas_y_castillos,Guerrera asiática con espada y dragón místico,pinterest
img_1055.png,princesas_y_castillos,Sapo con túnica morada de rey,pinterest
img_1056.png,princesas_y_castillos,Príncipe bebé jugando en el suelo,pinterest
img_1057.png,princesas_y_castillos,Princesa con vestido amarillo leyendo junto a una tacita,pinterest
img_1058.png,princesas_y_castillos,Princesa de trenzas pelirrojas y vestido verde oscuro,pinterest
img_1059.png,princesas_y_castillos,Princesa de cabello largo rubio con su camaleón,pinterest
img_1060.png,princesas_y_castillos,Princesa rubia agachada mirando un ratoncito,pinterest
img_1061.png,princesas_y_castillos,Princesa morena con vestido verde sonriendo al cielo,pinterest
img_1062.png,princesas_y_castillos,Princesa rubia con vestido rosa y mirada dulce,pinterest
img_1063.png,princesas_y_castillos,Frasco de vidrio con poción mágica violeta,pinterest
img_1064.png,princesas_y_castillos,Princesa con vestido azul claro caminando con gracia,pinterest
img_1065.png,princesas_y_castillos,Princesa con conjunto turquesa y cabello negro rizado,pinterest
img_1066.png,princesas_y_castillos,Hada madrina envuelta en capa azul oscura,pinterest
img_1067.png,princesas_y_castillos,Dragón blanco volando entre las nubes,pinterest
img_1068.png,princesas_y_castillos,Princesa rubia con vestido azul invernal,pinterest
img_1069.png,princesas_y_castillos,Hada rubia de alas claras sentada en el suelo,pinterest
img_1070.png,princesas_y_castillos,"Princesa clásica con vestido amarillo, azul y rojo",pinterest
img_1071.png,princesas_y_castillos,Busto de princesa rubia con vestido celeste,pinterest
img_1072.png,princesas_y_castillos,Princesa con vestido aguamarina y cabello rojo,pinterest
img_1073.png,princesas_y_castillos,Princesa de cabello rubio larguísimo de pie,pinterest
img_1074.png,princesas_y_castillos,Princesa de conjunto turquesa en pose de baile,pinterest
img_1075.png,princesas_y_castillos,Joyero en forma de corazón lleno de collares y perlas,pinterest
img_1076.png,princesas_y_castillos,Princesa rubia infantil de vestido azul saludando,pinterest
img_1077.png,princesas_y_castillos,Princesa rubia bailando con vestido rosa,pinterest
img_1078.png,princesas_y_castillos,Princesa de hielo con vestido azul translúcido,pinterest
img_1079.png,princesas_y_castillos,Niña castaña de vestido amarillo abrazando a una bestiecilla,pinterest
img_1080.png,princesas_y_castillos,Plancha de pegatinas con rostros de diversas princesas,pinterest
img_1081.png,princesas_y_castillos,Princesa rubia con corona y vestido rosa brillante,pinterest
img_1082.png,princesas_y_castillos,Princesa de cabello castaño con vestido azul y detalles rojos,pinterest
img_1083.png,princesas_y_castillos,Sirena pelirroja con cola azul sentada plácidamente,pinterest
img_1084.png,princesas_y_castillos,Colección de pegatinas de sirenas coloridas y fauna marina,pinterest
img_1085.png,princesas_y_castillos,Sirena bebé rubia con aleta azul celeste,pinterest
img_1086.png,princesas_y_castillos,Sirena de cabello multicolor con pequeña corona dorada,pinterest
img_1087.png,princesas_y_castillos,Bandeja organizadora de madera con anillos y dijes surtidos,pinterest
img_1088.png,princesas_y_castillos,Sirena de cabello morado interactuando con una estrella de mar,pinterest
img_1089.png,princesas_y_castillos,Niño rey rubio con capa roja y corona dorada,pinterest
img_1090.png,princesas_y_castillos,Bebé princesa rubia con vestido azul claro,pinterest
img_1091.png,princesas_y_castillos,Bebé princesa rubia con vestido rosa y lazo en la cabeza,pinterest
img_1092.png,princesas_y_castillos,Princesa de cabello corto negro con vestido clásico tricolor,pinterest
img_1093.png,princesas_y_castillos,Princesa castaña con vestido verde claro y mangas abombadas,pinterest
img_1094.png,princesas_y_castillos,Princesa bebé rubia con vestido amarillo sencillo,pinterest
img_1095.png,princesas_y_castillos,Princesa con moño castaño y vestido de gala amarillo,pinterest
img_1096.png,princesas_y_castillos,Princesa morena con vestido verde y tiara guiñando el ojo,pinterest
img_1097.png,princesas_y_castillos,Princesa de cabello negro largo con vestido azul y diadema turquesa,pinterest
img_1098.png,princesas_y_castillos,Princesa de cabello negro llorando con vestido azul simple,pinterest
img_1099.png,princesas_y_castillos,Sombrero de mago puntiagudo de cuero viejo o tela marrón,pinterest
img_1100.png,princesas_y_castillos,Pareja de pequeños caballeros medievales con armaduras redondas,pinterest
img_1101.png,princesas_y_castillos,Princesa elfa rubia con vestido amarillo pálido,pinterest
img_1102.png,princesas_y_castillos,Princesa invernal pálida con corona de cristal y cabello blanco,pinterest
img_1103.png,princesas_y_castillos,Princesa rubia con vestido abullonado naranja y celeste,pinterest
img_1104.png,princesas_y_castillos,Princesa infantil rubia con vestido rosa y mangas largas,pinterest
img_1105.png,princesas_y_castillos,Princesa castaña con vestido rosa oscuro y expresión tímida,pinterest
img_1106.png,princesas_y_castillos,Princesa rubia con vestido rojo cereza y corona dorada,pinterest
img_1107.png,princesas_y_castillos,Princesa castaña con vestido color melocotón mirando hacia abajo,pinterest
img_1108.png,princesas_y_castillos,Princesa bebé llorando desconsoladamente con lágrimas grandes,pinterest
img_1109.png,princesas_y_castillos,Princesa rubia muy alegre con vestido azul brillante,pinterest
img_1110.png,princesas_y_castillos,Gnomo clásico de jardín con gorro rojo sosteniendo una florcita,pinterest
img_1111.png,princesas_y_castillos,Princesita con elegante vestido rojo oscuro y corona,pinterest
img_1112.png,princesas_y_castillos,Reloj de arena dorado con arena azul turquesa,pinterest
img_1113.png,princesas_y_castillos,Llave mágica rosa o cetro con alas de ángel y detalles amarillos,pinterest
img_1114.png,princesas_y_castillos,Duende del bosque con gorro verde de tela y botitas,pinterest
img_1115.png,princesas_y_castillos,Duende irlandés sonriente vestido de verde con un trébol,pinterest
img_1116.png,princesas_y_castillos,Hada castaña sentada tranquilamente sobre un hongo rosado,pinterest
img_1117.png,princesas_y_castillos,Gnomo del bosque sosteniendo un farolillo encendido,pinterest
img_1118.png,princesas_y_castillos,Pequeña hada pelirroja con vestido rosa y alas verdes,pinterest
img_1119.png,princesas_y_castillos,Gnomo bebé redondo y barbudo con gorro azul a rayas,pinterest
img_1120.png,princesas_y_castillos,Duende festivo con gorrito a rayas rojas y verdes,pinterest
img_1121.png,princesas_y_castillos,Pareja de pequeñas hadas mágicas revoloteando juntas,pinterest
img_1122.png,princesas_y_castillos,Gnomo escondido completamente bajo un gorro de flor rosa gigante,pinterest
img_1123.png,princesas_y_castillos,Hada rubia de vestido verde volando esparciendo magia,pinterest
img_1124.png,princesas_y_castillos,Mago de túnica morada sosteniendo un bastón con esfera azul,pinterest
img_1125.png,princesas_y_castillos,Bola de cristal mágica emitiendo luz nocturna y estrellas,pinterest
img_1126.png,princesas_y_castillos,Mago anciano de túnica azul leyendo concentrado un libro,pinterest
img_1127.png,princesas_y_castillos,Mago morado con varita revisando un pergamino flotante,pinterest
img_1128.png,princesas_y_castillos,Mago anciano de traje morado levantando alegremente su varita,pinterest
img_1129.png,princesas_y_castillos,Mago enano y gruñón con barba tupida y traje morado,pinterest
img_1130.png,princesas_y_castillos,Mago muy alto y delgado de azul oscuro apuntando con su báculo,pinterest
img_1131.png,princesas_y_castillos,Mago azul examinando un cristal brillante en su mano,pinterest
img_1132.png,princesas_y_castillos,"Aprendiz de mago joven con varita, sombrero y gafas",pinterest
img_1133.png,princesas_y_castillos,Juguete clásico de caballito de madera balancín,pinterest
img_1134.png,princesas_y_castillos,Brujito infantil con sombrero azul posando junto a una calabaza,pinterest
img_1135.png,princesas_y_castillos,Hada madrina azul creando una espiral de polvo de estrellas,pinterest
img_1136.png,princesas_y_castillos,Brujita con sombrero verde revolviendo un pequeño caldero humeante,pinterest
img_1137.png,princesas_y_castillos,Gnomo con gorro rojo sacando un arcoíris por la boca,pinterest
img_1138.png,princesas_y_castillos,Brujita rubia con vestido morado volando en su escoba,pinterest
img_1139.png,princesas_y_castillos,Niño rey con capa azul portando una espada larga de juguete,pinterest
img_1140.png,princesas_y_castillos,Niño rey con capa roja saludando con la mano levantada,pinterest
img_1141.png,princesas_y_castillos,Principito con abrigo verde y cabello dorado estilo cuento clásico,pinterest
img_1142.png,princesas_y_castillos,Príncipe niño con traje elegante claro y capa roja,pinterest
img_1143.png,princesas_y_castillos,Princesita castaña con amplio vestido azul y detalles brillantes,pinterest
img_1144.png,princesas_y_castillos,Retrato de niño príncipe rubio con corona dorada simple,pinterest
img_1145.png,princesas_y_castillos,Rosa roja mágica protegida bajo una cúpula de cristal transparente,pinterest
img_1146.png,princesas_y_castillos,Príncipe bebé de pie con trajecito amarillo pastel,pinterest
img_1147.png,princesas_y_castillos,Maqueta o castillo de arena grisáceo con cúpulas azules,pinterest
img_1148.png,princesas_y_castillos,Princesa de cabello largo con vestido vaporoso rosado,pinterest
img_1149.png,princesas_y_castillos,Pequeño caballero medieval de pie con su escudo y espada,pinterest
img_1150.png,princesas_y_castillos,Pluma de ave turquesa y rosa escribiendo magia sobre un papel,pinterest
img_1151.png,princesas_y_castillos,Niño sonriente disfrazado de caballero con armadura completa,pinterest
img_1152.png,princesas_y_castillos,Torre alta de cuento de hadas estilo Rapunzel,pinterest
img_1153.png,princesas_y_castillos,Castillo simple de tres torres con techos azules,pinterest
img_1154.png,princesas_y_castillos,Castillo de hielo en tonos azul claro y blanco,pinterest
img_1155.png,princesas_y_castillos,Gran palacio mágico rosado y morado con fuegos artificiales,pinterest
img_1156.png,princesas_y_castillos,Pila de tres libros de cuentos decorados con corazones,pinterest
img_1157.png,princesas_y_castillos,Castillo clásico de princesa rosado sobre una nube,pinterest
img_1158.png,princesas_y_castillos,Grupo de cinco princesas infantiles juntas sonriendo,pinterest
img_1159.png,princesas_y_castillos,Hoja de calcomanías con nueve princesas clásicas en cuadrícula,pinterest
img_1160.png,princesas_y_castillos,Hoja de pegatinas con caras de varias princesitas,pinterest
img_1161.png,princesas_y_castillos,Niña princesa morena con vestido de gala rosa,pinterest
img_1162.png,princesas_y_castillos,Pareja de princesa pelirroja y príncipe en traje de gala,pinterest
img_1163.png,princesas_y_castillos,Dibujo infantil de príncipe moreno y princesa de rosa,pinterest
img_1164.png,princesas_y_castillos,Niña castaña abrazando afectuosamente a su abuelo o padre anciano,pinterest
img_1165.png,princesas_y_castillos,Niña polinesia abrazando a un guerrero corpulento tatuado,pinterest
img_1166.png,princesas_y_castillos,Trío de pequeñas princesas rubias y castañas charlando,pinterest
img_1167.png,princesas_y_castillos,Rey y reina de estilo caricatura con coronas grandes,pinterest
img_1168.png,princesas_y_castillos,Campana dorada o adorno colgante con forma acampanada,pinterest
img_1169.png,princesas_y_castillos,Dos niñas rubias abrazando a su madre cariñosamente,pinterest
img_1170.png,princesas_y_castillos,Padre asiático cepillando el cabello de su hija,pinterest
