id,titulo,autor,tematica,idioma,num_palabras,fuente,recolector,hash_texto,texto
cuento_001,El Albertadromeus y el Aviso del Desprendimiento,Anonimo,dinosaurios_y_prehistoria,español,161,Cuentos para dormir,Colab AI,ae391d2c5e9811a664a31263525ff334,"Alan era un tierno albertadromeus, un veloz y pequeño dinosaurio corredor que habitaba las llanuras con garras mansas. Mientras exploraba las laderas más altas del gran cañón, Alan notó que una enorme acumulación de rocas y arcilla blanda comenzaba a agrietarse debido a una filtración de agua subterránea, amenazando con caer directamente sobre un grupo de tejedores de la edad de piedra que trabajaban abajo con lianas elásticas. Con gran agilidad, Alan corrió ladera abajo esquivando los helechos gigantes a toda velocidad. Al llegar junto a los humanos, comenzó a dar pequeños saltos y a señalar hacia la cumbre con su hocico. Los tejedores entendieron la señal de alerta y se retiraron a una cueva misteriosa cercana justo a tiempo, un instante antes de que el desprendimiento cubriera el lugar donde estaban. A salvo de la avalancha, el grupo entero entonó un tierno silbido de agradecimiento, y el ágil corredor dio un giro elegante respondiendo con un tierno y rugido amigable."
cuento_002,El Albertadromeus y el Fruto Caído,Anonimo,dinosaurios_y_prehistoria,español,158,Cuentos para dormir,Colab AI,f6ac6e8be58a47218ff9a6b542dd023b,"Amadeo era un tierno albertadromeus, un dinosaurio pequeñito y sumamente veloz que recorría las llanuras con garras mansas. Una tarde, una recolectora de la edad de piedra recolectaba frutos dulces en la base del gran cañón. Al intentar jalar una rama alta con una red de lianas elásticas, el último canasto lleno de provisiones resbaló por una pendiente de arcilla blanda, quedando atrapado entre unos troncos petrificados a punto de caer al vacío. La mujer no podía bajar por lo resbaladizo del terreno. Amadeo, que asomaba la cabeza con curiosidad entre los helechos gigantes de la ladera, comprendió la situación. Bajó con zancadas rápidas y ligeras, tomó con su hocico la cuerda de la red justo a tiempo y subió la cuesta a toda velocidad para dejar el canasto a salvo. La recolectora, feliz de recuperar el alimento, sonrió emitiendo un tierno silbido, y el pequeño corredor dio un saltito alegre respondiendo con un tierno y rugido amigable."
cuento_003,El Albertadromeus y el Juguete Perdido,Anonimo,dinosaurios_y_prehistoria,español,153,Cuentos para dormir,Colab AI,aa538b4cf096c0514f5722b6b2d00ee6,"Alfie era un tierno albertadromeus, un dinosaurio pequeñito y de agilidad asombrosa que corría por las colinas con garras mansas. Un mediodía, un niño de la edad de piedra jugaba cerca del gran cañón con una pequeña figura tallada, sujeta a su muñeca por lianas elásticas. Mientras corría, tropezó con unos troncos petrificados y el juguete salió volando, cayendo en una grieta profunda llena de arcilla blanda. El niño lloraba porque no alcanzaba su tesoro. Alfie, que observaba con curiosidad desde un denso matorral de helechos gigantes, se acercó de inmediato. Con pasos rápidos y precisos, descendió por la ladera resbaladiza, tomó el juguete con su pequeño hocico antes de que se hundiera en el barro y subió la cuesta a toda velocidad. El niño, feliz de recuperar su juguete, abrazó al pequeño corredor emitiendo un tierno silbido, y Alfie dio una pirueta en su sitio respondiendo con un tierno y rugido amigable."
cuento_004,El Albertadromeus y el Recado del Cazador,Anonimo,dinosaurios_y_prehistoria,español,168,Cuentos para dormir,Colab AI,465687661592aed4014ae8cb6e669f2b,"Alonso era un tierno albertadromeus, un dinosaurio pequeñito y sumamente veloz que recorría las llanuras con garras mansas. Un mediodía, un grupo de exploradores de la edad de piedra quedó atrapado al fondo del gran cañón tras un derrumbe que bloqueó la salida principal con toneladas de arcilla blanda y troncos petrificados. El líder del grupo necesitaba enviar una señal urgente a la aldea para pedir herramientas, pero las lianas elásticas que tenían eran muy cortas para escalar el muro de roca. Alonso, que asomaba la cabeza con curiosidad entre los helechos gigantes de la cornisa, comprendió la situación. Bajó por un sendero estrecho y empinado inaccesible para los humanos, tomó con su hocico un amuleto de piedra que los exploradores usaban como señal y corrió a toda velocidad hacia el campamento. En pocos minutos, la ayuda estaba en camino. Al ser rescatados, los exploradores rodearon al pequeño corredor emitiendo un tierno silbido de gratitud, y Alonso dio un brinco ágil respondiendo con un tierno y rugido amigable."
cuento_005,El Albertadromeus y la Antorcha del Vigía,Anonimo,dinosaurios_y_prehistoria,español,164,Cuentos para dormir,Colab AI,5422f488ce18fa7441e98d7129bb74c6,"Amadeo era un tierno albertadromeus, un dinosaurio diminuto y de asombrosa agilidad que corría por el bosque mostrando sus garras mansas. Al caer la noche, un vigía de la edad de piedra subía a una torre de observación cerca de la cueva misteriosa llevando una antorcha encendida. Para ascender, utilizaba una escala hecha de lianas elásticas atadas a unos troncos petrificados, pero un desprendimiento de arcilla blanda golpeó la base de la estructura, desestabilizándola y haciendo que el vigía soltara su bolso de herramientas. Amadeo, que saltaba alegremente entre los helechos gigantes del suelo, vio las herramientas caer hacia el lodo. Con una velocidad increíble, esquivó los fragmentos de piedra, atrapó el bolso por sus lianas elásticas antes de que se hundiera en la arcilla blanda y lo llevó de vuelta hasta los pies del sorprendido vigía. El hombre, agradecido por recuperar sus pertenencias intactas, emitió un tierno silbido, y el pequeño corredor dio una veloz vuelta respondiendo con un tierno y rugido amigable."
cuento_006,El Albertadromeus y la Bolsa de Semillas,Anonimo,dinosaurios_y_prehistoria,español,172,Cuentos para dormir,Colab AI,2fa7db74792a54e746a2eb6b3cedda7e,"Abel era un tierno albertadromeus, un pequeño y veloz dinosaurio de patas esbeltas que corría por las colinas con garras mansas. Un amanecer, una recolectora de la edad de piedra guardaba valiosas semillas de flores silvestres cerca del gran volcán para plantarlas en su aldea. Sin darse cuenta, la bolsa de lianas elásticas donde las almacenaba resbaló por una pendiente empinada y cayó en una hondonada profunda llena de arcilla blanda. Intentar bajar era muy peligroso para ella debido a lo resbaladizo del terreno. Abel, que observaba con curiosidad desde un espeso matorral de helechos gigantes, se acercó con agilidad. Bajó por la ladera con pasos rápidos y ligeros, tomó la trenza de la bolsa firmemente con su hocico antes de que se hundiera entre los troncos petrificados del fondo y subió la cuesta en un par de zancadas perfectas. La mujer, asombrada por la velocidad del pequeño animal, recibió sus semillas emitiendo un tierno silbido, y Abel dio un pequeño giro en su sitio respondiendo con un tierno y rugido amigable."
cuento_007,El Albertadromeus y la Búsqueda de Medicinas,Anonimo,dinosaurios_y_prehistoria,español,164,Cuentos para dormir,Colab AI,8712439f4a5f5210cef5397b804d6a6b,"Arturo era un tierno albertadromeus, un dinosaurio sumamente veloz y pequeño que recorría los valles con garras mansas. Una tarde, el curandero de una tribu asentada cerca del gran volcán necesitaba con urgencia unas raíces medicinales que solo crecían al otro lado de una llanura inundada de arcilla blanda. El cielo amenazaba tormenta y el curandero, de avanzada edad, no podía cruzar a tiempo. Arturo, que asomaba la cabeza entre los helechos gigantes, comprendió la urgencia al ver las lianas elásticas que el hombre llevaba para amarrar los brotes. El pequeño corredor se acercó y permitió que el curandero atara un pequeño cesto a su lomo. En un abrir y cerrar de ojos, Arturo cruzó la llanura a toda velocidad, recolectó las plantas correctas con su hocico y regresó antes de las primeras gotas. El curandero, conmovido por su velocidad y nobleza, alzó las manos emitiendo un tierno silbido, y el ágil corredor dio un salto ligero respondiendo con un tierno y rugido amigable."
cuento_008,El Albertadromeus y la Cesta de Resina,Anonimo,dinosaurios_y_prehistoria,español,160,Cuentos para dormir,Colab AI,09aede7a2775c3ea9fb3476f805f339e,"Abel era un tierno albertadromeus, un pequeño y veloz dinosaurio de patas esbeltas que corría por las colinas con garras mansas. Una tarde, una recolectora de la edad de piedra extraía resina pegajosa de los troncos petrificados cerca del gran volcán para usarla como pegamento en sus herramientas. Sin darse cuenta, dejó caer su cesta principal en una hondonada profunda llena de arcilla blanda. Intentar bajar era muy peligroso, ya que las lianas elásticas que llevaba no alcanzaban para descender con seguridad. Abel, que observaba con curiosidad desde un espeso matorral de helechos gigantes, se acercó con agilidad. Bajó por la pendiente resbaladiza con pasos rápidos y ligeros, tomó la trenza de la cesta firmemente con su hocico y subió la cuesta en un par de zancadas perfectas. La mujer, asombrada por la velocidad del pequeño animal, recibió su cesta emitiendo un tierno silbido, y Abel dio un pequeño giro en su sitio respondiendo con un tierno y rugido amigable."
cuento_009,El Albertadromeus y la Flauta de Caña,Anonimo,dinosaurios_y_prehistoria,español,155,Cuentos para dormir,Colab AI,dcded6b76d7aa1f7d0df35b45b6046e0,"Abel era un tierno albertadromeus, un dinosaurio pequeñito y de agilidad asombrosa que corría por las colinas con garras mansas. Una tarde, una niña de la edad de piedra tocaba una pequeña flauta tallada cerca del gran cañón, sujeta a su cuello por lianas elásticas. Mientras corría tras una mariposa, tropezó con unos troncos petrificados y el instrumento salió volando, cayendo en una grieta profunda llena de arcilla blanda. La niña lloraba porque no alcanzaba su tesoro. Abel, que observaba con curiosidad desde un denso matorral de helechos gigantes, se acercó de inmediato. Con pasos rápidos y precisos, descendió por la ladera resbaladiza, tomó la flauta con su pequeño hocico antes de que se hundiera en el barro y subió la cuesta a toda velocidad. La niña, feliz de recuperar su música, abrazó al pequeño corredor emitiendo un tierno silbido, y Abel dio una pirueta en su sitio respondiendo con un tierno y rugido amigable."
cuento_010,El Albertadromeus y la Ofrenda de Bayas,Anonimo,dinosaurios_y_prehistoria,español,159,Cuentos para dormir,Colab AI,46b622fe029dd269b51af25fb38c5ccb,"Arturo era un tierno albertadromeus, un dinosaurio pequeñito y de agilidad asombrosa que corría por las colinas con garras mansas. Un amanecer, una joven recolectora de la edad de piedra regresaba del gran cañón portando una pequeña canasta de lianas elásticas repleta de bayas silvestres para los ancianos de su aldea. Al cruzar un sendero empinado, resbaló en una veta de arcilla blanda y la canasta rodó hasta quedar atrapada entre unos troncos petrificados en el fondo de una grieta. Arturo, que observaba con curiosidad desde un denso matorral de helechos gigantes, se acercó de inmediato. Con pasos rápidos y precisos, descendió por la pendiente, tomó la canasta por el asa con su hocico antes de que el barro la cubriera y subió la cuesta a toda velocidad. La joven, sorprendida por la destreza del pequeño corredor, recibió su alimento emitiendo un tierno silbido, y Arturo dio una pirueta en su sitio respondiendo con un tierno y rugido amigable."
cuento_011,El Albertadromeus y la Ofrenda de Semillas,Anonimo,dinosaurios_y_prehistoria,español,164,Cuentos para dormir,Colab AI,581f688a30da052a8330fdfcaee2a78d,"Arturo era un tierno albertadromeus, un dinosaurio diminuto, esbelto y sumamente veloz que corría por las llanuras mostrando sus garras mansas. A media tarde, unos recolectores de la edad de piedra trasladaban grandes vasijas llenas de semillas sagradas hacia la cueva misteriosa, aseguradas en un armazón de lianas elásticas y troncos petrificados. Al cruzar un sendero empinado, el soporte trasero resbaló en una veta oculta de arcilla blanda, haciendo que la vasija principal se soltara y rodara hacia un precipicio. Arturo, que jugaba a las carreras entre los troncos de los helechos gigantes, reaccionó con la velocidad del rayo. Corrió ladera abajo esquivando las rocas, atrapó el cabo suelto de las lianas elásticas con su hocico justo a tiempo y enredó la cuerda en un saliente firme, deteniendo la caída de la ofrenda sobre la arcilla blanda. Los recolectores, aliviados de no perder su tesoro, emitieron un tierno silbido, y el pequeño corredor dio un salto alegre respondiendo con un tierno y rugido amigable."
cuento_012,El Albertadromeus y la Pintura del Taller,Anonimo,dinosaurios_y_prehistoria,español,140,Cuentos para dormir,Colab AI,de2bcd9d5af7ff30cf4e6c4a1448f603,"Albie era un tierno albertadromeus, un pequeño y ágil corredor que cruzaba las llanuras con garras mansas. Cerca de las faldas del gran volcán, unos artesanos de la edad de piedra preparaban una mezcla de pigmentos minerales y resina dentro de un cuenco tallado en troncos petrificados. El viento sopló con fuerza y un trozo de corteza pesada cayó sobre la arcilla blanda, atascando la paleta mezcladora de lianas elásticas. Albie, que curioseaba entre los helechos gigantes, se acercó al oír los lamentos de los artesanos. Con su hocico estrecho y movimientos increíblemente precisos, retiró la corteza sin derramar una sola gota del valioso tinte rojo. El maestro pintor, aliviado al ver su trabajo a salvo, alzó las manos emitiendo un tierno silbido, y Albie dio un veloz giro sobre sus patas traseras respondiendo con un tierno y rugido amigable."
cuento_013,El Albertadromeus y la Tormenta de Arena,Anonimo,dinosaurios_y_prehistoria,español,162,Cuentos para dormir,Colab AI,caf1c71ea0af0fd8dc8d3507d91aa531,"Alonso era un tierno albertadromeus, un dinosaurio corredor de tamaño pequeño y patas sumamente ágiles que siempre cruzaba la llanura con garras mansas. Una tarde, un viento repentino y violento proveniente del gran cañón levantó una densa cortina de polvo y arena, cubriendo los helechos gigantes y nublando la vista de una cazadora de la edad de piedra. La mujer, cargada con plantas medicinales, se desorientó por completo sobre la arcilla blanda. Alonso, que gracias a su baja estatura y velocidad podía esquivar las ráfagas cerca del suelo, divisó a la humana en apuros. Corriendo en círculos suaves a su alrededor para llamar su atención, comenzó a avanzar lentamente en dirección a la cueva misteriosa, sirviendo como una guía segura en medio de la ceguera del desierto. Una vez bajo el cobijo de las rocas, la cazadora limpió sus ojos y emitió un tierno silbido de agradecimiento, y el pequeño corredor dio un brinco ligero respondiendo con un tierno y rugido amigable."
cuento_014,El Albertadromeus y la Tormenta de Arena 1,Anonimo,dinosaurios_y_prehistoria,español,155,Cuentos para dormir,Colab AI,54ee982093545256156e83e34fb2b9d8,"Alonso era un tierno albertadromeus, un dinosaurio corredor de tamaño pequeño y movimientos veloces que cruzaba los valles con garras mansas. Un crepúsculo, una violenta tormenta de polvo proveniente del gran cañón sorprendió a un grupo de recolectores de la edad de piedra lejos de su aldea. La visibilidad era nula y la arcilla blanda del camino comenzaba a perderse bajo las ráfagas, haciendo que los humanos perdieran la orientación cerca del gran volcán. Alonso, que conocía cada rincón del territorio, apareció entre los helechos gigantes. Corriendo a un ritmo pausado para que pudieran seguirlo, estiró unas lianas elásticas caídas para que los humanos se sujetaran en fila detrás de él. Guiándolos con total seguridad a través de la ventisca, los llevó hasta la entrada de la cueva misteriosa. Al ponerse a salvo, los recolectores aplaudieron emitiendo un tierno silbido, y el ágil corredor dio un giro elegante respondiendo con un tierno y rugido amigable."
cuento_015,El Albertadromeus y las Bayas del Acantilado,Anonimo,dinosaurios_y_prehistoria,español,154,Cuentos para dormir,Colab AI,28c3dae89dac55479f8edda35348df1e,"Alonso era un tierno albertadromeus, un dinosaurio pequeño y veloz que recorría las pendientes con garras mansas. Una tarde, unas recolectoras de la edad de piedra descendían hacia el gran cañón para buscar bayas silvestres. Utilizaban una red hecha de lianas elásticas unida a unos troncos petrificados en el borde superior, pero el peso provocó que la orilla de arcilla blanda se desmoronara, dejando la cesta de comida colgando en el vacío. Las mujeres no lograban alcanzarla. Alonso, que miraba con curiosidad desde un grupo de helechos gigantes, saltó al rescate. Con una agilidad prodigiosa, bajó por el borde empinado, se sujetó firmemente y tiró con su hocico del extremo de las lianas elásticas, trepando la cuesta con rapidez hasta dejar la cesta a salvo en la superficie. Las mujeres, asombradas por su destreza, sonrieron emitiendo un tierno silbido, y el pequeño corredor dio un salto alegre respondiendo con un tierno y rugido amigable."
cuento_016,El Albertadromeus y las Cestas de Tintura,Anonimo,dinosaurios_y_prehistoria,español,157,Cuentos para dormir,Colab AI,b984faa2cb6dfc1e96abafd9f6139a58,"Abel era un tierno albertadromeus, un dinosaurio pequeño y extraordinariamente ágil que corría por el bosque mostrando sus garras mansas. Una tarde, las artesanas de la edad de piedra transportaban valiosas raíces para tintura hacia la cueva misteriosa, sujetando los canastos con lianas elásticas sobre un armazón de troncos petrificados. Al cruzar una ladera empinada, una de las lianas elásticas se soltó, provocando que una gran cesta rodara hacia un pozo profundo lleno de arcilla blanda. Abel, que saltaba alegremente entre los troncos de los helechos gigantes, reaccionó de inmediato. Descendió por la pendiente a toda velocidad, atrapó el cabo de la cuerda suelta antes de que la cesta se sumergiera por completo en la arcilla blanda y la enredó firmemente alrededor de unos troncos petrificados estables. Las artesanas, conmovidas al ver su valioso tinte a salvo, emitieron un tierno silbido, y el pequeño corredor dio un salto de alegría respondiendo con un tierno y rugido amigable."
cuento_017,El Albertadromeus y las Piedras de Tinte,Anonimo,dinosaurios_y_prehistoria,español,162,Cuentos para dormir,Colab AI,ef06a646f8e476b3ff4c306258fb243c,"Alonso era un tierno albertadromeus, un dinosaurio pequeñito y sumamente veloz que recorría las llanuras con garras mansas. Una tarde, una artesana de la edad de piedra buscaba minerales de colores cerca del gran cañón. Al intentar cruzar una ladera resbaladiza de arcilla blanda, la red de lianas elásticas donde llevaba sus piedras de tinte se desató, y los minerales rodaron hacia una grieta profunda oculta entre troncos petrificados. La mujer no podía descender por lo empinado del terreno. Alonso, que asomaba la cabeza con curiosidad entre los helechos gigantes de la parte alta, comprendió el problema de inmediato. Bajó con zancadas rápidas y ligeras, recuperó cada uno de los minerales con su hocico antes de que se hundieran en el barro y subió la cuesta a toda velocidad para depositarlos junto a la artesana. La mujer, conmovida por la ayuda del pequeño corredor, sonrió emitiendo un tierno silbido, y Alonso dio un saltito alegre respondiendo con un tierno y rugido amigable."
cuento_018,El Albertadromeus y las Pinturas del Acantilado,Anonimo,dinosaurios_y_prehistoria,español,160,Cuentos para dormir,Colab AI,05021b633e6eb96d44f2bf4ea8b14183,"Alonso era un tierno albertadromeus, un dinosaurio pequeño y sumamente veloz que recorría las llanuras con garras mansas. A media tarde, unos jóvenes artistas de la edad de piedra pintaban murales en las paredes bajas del gran cañón. Para sostener sus cuencos de pigmentos minerales, utilizaban un andamio ligero construido con lianas elásticas y delgados troncos petrificados, pero la base de la estructura pisó una veta oculta de arcilla blanda y comenzó a inclinarse peligrosamente hacia el vacío. Alonso, que jugaba a dar carreras entre los densos helechos gigantes del cañón, vio cómo los cuencos se deslizaban. Con una velocidad asombrosa, cruzó el terreno resbaladizo, atrapó las lianas elásticas con su hocico antes de que cayeran y equilibró el andamio apoyando sus patitas traseras con firmeza hasta que los artistas bajaron a salvo. Los jóvenes, maravillados por la agilidad del pequeño amigo, emitieron un tierno silbido, y Alonso dio un par de saltitos respondiendo con un tierno y rugido amigable."
cuento_019,El Albertadromeus y las Semillas Perdidas,Anonimo,dinosaurios_y_prehistoria,español,155,Cuentos para dormir,Colab AI,8b9d9b43ee144eb3774614f159bffd88,"Arturo era un tierno albertadromeus, un dinosaurio diminuto y sumamente veloz que corría por las praderas con garras mansas. Una tarde, unos agricultores de la edad de piedra regresaban a su refugio cerca del gran volcán portando sacos llenos de valiosas semillas. Al cruzar una zona de helechos gigantes, una de las lianas elásticas que cerraba el saco principal se rompió, y el contenedor cayó en una hondonada oculta de arcilla blanda. El saco comenzó a hundirse rápidamente en el lodo. Arturo, que andaba saltando sobre unos troncos petrificados cercanos, vio el accidente. Con la velocidad del rayo, bajó por la pendiente resbaladiza, sujetó el saco por el borde seco antes de que se sumergiera del todo y lo arrastró hasta tierra firme gracias a sus veloces patitas. Los agricultores, maravillados por su rapidez, sonrieron emitiendo un tierno silbido, y el pequeño corredor dio un salto de felicidad respondiendo con un tierno y rugido amigable."
cuento_020,El Albertadromeus y las Semillas Sagradas,Anonimo,dinosaurios_y_prehistoria,español,168,Cuentos para dormir,Colab AI,bfb229a0f523888ec4c572cc59729c47,"Abner era un tierno albertadromeus, un dinosaurio diminuto y de asombrosa velocidad que recorría los valles con garras mansas. Una tarde, una curandera de la edad de piedra regresaba del gran volcán con una pequeña bolsa de lianas elásticas llena de semillas medicinales. Mientras cruzaba una ladera inestable de arcilla blanda, una ráfaga de viento hizo que tropezara, y la bolsa cayó al fondo de una grieta profunda protegida por troncos petrificados entrelazados. El espacio era tan estrecho que la mujer no podía descender por ellas. Abner, que asomaba sus grandes y curiosos ojos entre los helechos gigantes de la parte alta, comprendió la urgencia. Bajó la pendiente con zancadas rápidas y ligeras, se escurrió entre los maderos y tomó la bolsa con su hocico justo antes de que el barro la cubriera por completo. Subió a toda prisa y la depositó a los pies de la curandera, quien sonrió aliviada emitiendo un tierno silbido, mientras Abner daba un saltito alegre respondiendo con un tierno y rugido amigable."
cuento_021,El Albertosaurio y el Rescate en el Desfiladero,Anonimo,dinosaurios_y_prehistoria,español,139,Cuentos para dormir,Colab AI,0d659fba977cb93ee508f0e585416c98,"Alberto era un tierno albertosaurio de gran tamaño, pero con un corazón tan noble que todos en la llanura conocían sus garras mansas. Un mediodía, un fuerte temblor sacudió las inmediaciones del desfiladero, haciendo que varios troncos petrificados cayeran y bloquearan el acceso al arroyo. Un grupo de cazadores de la edad de piedra quedó atrapado en una repisa de arcilla blanda alta, sin poder bajar de forma segura. Alberto, escuchando los llamados, se aproximó con cuidado. Se colocó firme al pie de la pendiente y estiró su lomo fuerte, permitiendo que los humanos bajaran resbalando por su espalda como si fuera una rampa natural, evitando las lianas elásticas espinosas. Una vez todos en el suelo, el líder de la tribu alzó las manos emitiendo un tierno silbido, y el gigante prehistórico asintió con un profundo y rugido amigable."
cuento_022,El Albertosaurio y la Fogata Nocturna,Anonimo,dinosaurios_y_prehistoria,español,159,Cuentos para dormir,Colab AI,2a9fe1b016feddf19fa52cd116ee99a9,"Alonso era un tierno albertosaurio de ágiles movimientos que, a pesar de su gran tamaño y afilada vista, siempre caminaba con garras mansas cuando se acercaba a los refugios humanos. Una noche de invierno, el viento helado sopló con tanta fuerza desde el gran volcán que apagó la gran hoguera central de una tribu de la edad de piedra, dejándolos en la penumbra sobre la arcilla blanda. Los cazadores intentaban encender nuevas ramas frotando troncos petrificados, pero sus manos temblaban de frío. Alonso, que descansaba cerca de la cueva misteriosa, se acercó lentamente y se agachó junto al círculo de piedras. Usando el calor acumulado en su gran cuerpo y exhalando un soplido fuerte y constante, avivó las pocas brasas ocultas bajo las lianas elásticas hasta que el fuego resurgió con fuerza. La tribu entera, cobijada por el calor, alzó sus manos con un tierno silbido, y Alonso se retiró a la oscuridad con un profundo y rugido amigable."
cuento_023,El Albertosaurio y los Troncos en el Río,Anonimo,dinosaurios_y_prehistoria,español,124,Cuentos para dormir,Colab AI,28ce3dd082a1766dcbc0a66ea2ada658,"Alberto era un tierno albertosaurio de gran tamaño pero de garras mansas que habitaba en las tierras bajas del gran cañón. Una mañana, una tormenta que bajó desde el gran volcán arrastró varios troncos petrificados que terminaron bloqueando el paso del río justo donde los niños de la edad de piedra solían recolectar agua en la arcilla blanda. Al ver que el caudal se desbordaba hacia las chozas de helechos gigantes, Alberto se metió al agua con cuidado. Usando su fuerza y su hocico, empujó la pesada madera y liberó la corriente, permitiendo que el agua fluyera limpia otra vez. Los aldeanos, aliviados desde la orilla, entonaron un tierno silbido de agradecimiento, y el gran dinosaurio los saludó con un profundo y rugido amigable."
cuento_024,El Alosaurio y el Atajo Secreto,Anonimo,dinosaurios_y_prehistoria,español,138,Cuentos para dormir,Colab AI,72ec131bcb6d7dbbfb421dfc52b630fa,"Alan era un tierno alosaurio que, a pesar de su gran tamaño, tenía unas garras mansas y un corazón lleno de bondad. Una tarde, mientras caminaba por el borde de la llanura, vio que una densa niebla espesa comenzaba a bajar del gran volcán, amenazando con bloquear el camino de regreso para una familia de pequeños iguanodontes. Sabiendo que el desfiladero principal se volvía peligroso con la oscuridad, Alan emitió un tierno silbido para llamar su atención. Los guió con cuidado a través de un atajo oculto entre los árboles ancestrales, donde el suelo de arcilla blanda amortiguaba sus pesadas pisadas. Tuvieron que apartar grandes lianas elásticas y cruzar un pasadizo de helechos gigantes, pero gracias a la guía del noble gigante, todos llegaron a salvo a su cueva misteriosa, celebrando el regreso con un hermoso rugido amigable."
cuento_025,El Alosaurio y el Nido Perdido,Anonimo,dinosaurios_y_prehistoria,español,124,Cuentos para dormir,Colab AI,82e6a3bb96d094217e609cd662f273c4,"Alan era un tierno alosaurio que, a diferencia de otros de su especie, poseía unas garras mansas y un espíritu profundamente protector. Mientras paseaba por el desfiladero tras una tormenta, descubrió que un gran huevo de tucán prehistórico había rodado ladera abajo, quedando atrapado en una grieta de arcilla blanda. Con mucha delicadeza para no dañarlo, Alan usó unas hojas de helechos gigantes para envolver el huevo y lo sostuvo firmemente. Caminó con paciencia hasta la base de los árboles ancestrales, donde la cueva misteriosa de los padres se encontraba. Al devolver el huevo a su lugar, el ave prehistórica entonó un tierno silbido desde las alturas, y Alan, feliz de haber ayudado, hizo eco en todo el valle con un tierno rugido amigable."
cuento_026,El Alosaurio y las Piedras de Colores,Anonimo,dinosaurios_y_prehistoria,español,152,Cuentos para dormir,Colab AI,c98f512c5376d5ad4c69b5854656242b,"Roco era un pequeño alosaurio que, a diferencia de sus hermanos mayores, prefería recolectar piedras brillantes antes que correr detrás de las manadas por el desfiladero. Un día, mientras caminaba cerca del gran volcán apagado, encontró unas rocas redondas de arcilla blanda que, al romperse, revelaron hermosos colores azul, rojo y amarillo en su interior. Fascinado, Roco usó sus garras mansas para triturar los minerales sobre un gran tronco petrificado, mezclándolos con el agua fresca del río. Con su cola y sus patas, comenzó a estampar divertidas huellas de colores sobre las paredes grises de una cueva misteriosa, pintando un hermoso paisaje lleno de helechos gigantes y volcanes en erupción. Un tierno triceratops que pasaba por ahí se asomó curioso y unió su rugido amigable a la diversión, prestando sus tres pequeños cuernos para trazar líneas mágicas en la roca. Juntos transformaron la oscura gruta en el primer museo de la prehistoria."
cuento_027,El Amargasaurio y el Tendedero de Lianas,Anonimo,dinosaurios_y_prehistoria,español,136,Cuentos para dormir,Colab AI,9dcb557af4a92241c59adefb76504251,"Arturo era un tierno amargasaurio que llamaba la atención de todos por las dos hileras de espinas cubiertas de piel que recorrían su cuello. Sus garras mansas y su andar pausado transmitían mucha paz en todo el gran cañón. Una mañana, una madre de la edad de piedra lavaba unas pieles de abrigo en el arroyo, pero no encontraba un lugar lo suficientemente alto y aireado para ponerlas a secar sobre la arcilla blanda. Arturo, comprendiendo la situación, se acercó despacio entre los helechos gigantes y permitió que los niños sujetaran unas lianas elásticas entre sus espinas, creando un tendedero perfecto. Con la brisa del gran volcán, las prendas se secaron en un instante. La familia, agradecida por el ingenio, entonó un tierno silbido de alegría, y Arturo los despidió con un suave y rugido amigable."
cuento_028,El Amargasaurio y el Toldo de la Aldea,Anonimo,dinosaurios_y_prehistoria,español,156,Cuentos para dormir,Colab AI,074ded3c9f48dd22becf9c66aa336904,"Arturo era un tierno amargasaurio, un dinosaurio de cuello largo que lucía dos impresionantes hileras de espinas altas sobre su nuca y su lomo, pero que siempre andaba por los valles con garras mansas. Un mediodía, los habitantes de una aldea de la edad de piedra trabajaban a marchas forzadas para levantar un gran toldo comunitario de cuero antes de que comenzaran las lluvias del gran volcán. Tenían los postes listos sobre la arcilla blanda, pero las lianas elásticas indispensables para tensar la cubierta más alta se habían enredado fuertemente en la copa de unos helechos gigantes. Arturo, que pasaba comiendo hojas bajas, estiró su largo cuello y, con una delicadeza asombrosa, enganchó las lianas entre sus espinas sin romperlas, bajándolas suavemente hasta el nivel del suelo. Los constructores, aliviados de poder continuar su labor, alzaron sus manos emitiendo un tierno silbido, y el esbelto gigante asintió balanceando el cuello con un tierno y rugido amigable."
cuento_029,El Amargasaurio y la Melodía del Viento,Anonimo,dinosaurios_y_prehistoria,español,128,Cuentos para dormir,Colab AI,83a637a3c384891a8378dfc92c2e61af,"En la inmensa llanura de arcilla blanda, donde los troncos petrificados contaban historias del pasado, vivía un tierno amargasaurio llamado Amarú. Lo que más llamaba la atención de Amarú era la doble hilera de espinas que recorría su cuello, las cuales producían un sonido hermoso cuando el viento soplaba con fuerza desde el gran cañón. Una noche de tormenta, los truenos asustaron a los animales que dormían cerca de la cueva misteriosa. Amarú se colocó estratégicamente en la dirección de la brisa y comenzó a moverse con suavidad, transformando las ráfagas violentas en un tierno silbido musical que tranquilizó a todos los alrededores. Un tierno triceratops de garras mansas se acercó a su lado para hacerle compañía, sellando la tranquila velada nocturna con un pacífico y rugido amigable."
cuento_030,El Amargasaurio y las Cuerdas del Refugio,Anonimo,dinosaurios_y_prehistoria,español,161,Cuentos para dormir,Colab AI,a8313aff73e66cf6152a2ee8a64e7c13,"Arturo era un tierno amargasaurio que lucía dos hileras de espinas altas y cubiertas de piel a lo largo de su cuello, pero que siempre caminaba con garras mansas entre los árboles ancestrales. Una tarde, un fuerte viento proveniente del gran volcán comenzó a sacudir el campamento de una tribu de la edad de piedra, amenazando con derribar el gran toldo comunal que protegía las hogueras. Los cazadores intentaban tensar las cuerdas hechas de lianas elásticas, pero no encontraban un punto de apoyo lo suficientemente alto y firme sobre la arcilla blanda. Arturo, comprendiendo la situación, se acercó despacio y se posicionó junto a la estructura. Permitió que los humanos amarraran los extremos de las lianas a las bases de sus espinas del cuello, sirviendo como un pilar inamovible. Cuando la tormenta pasó y el refugio quedó intacto, el jefe de la tribu alzó las manos con un tierno silbido, y el majestuoso dinosaurio respondió con un tierno y rugido amigable."
cuento_031,El Amargasaurio y las Cuerdas del Techo,Anonimo,dinosaurios_y_prehistoria,español,137,Cuentos para dormir,Colab AI,81305e053a5822cb104a475f05c2b202,"Andrés era un tierno amargasaurio que llamaba la atención de todos por las dos hileras de espinas cubiertas de piel que recorrían su cuello. A pesar de su aspecto imponente, caminaba con garras mansas por la llanura. Una tarde, un fuerte viento proveniente del gran cañón comenzó a sacudir el campamento de la edad de piedra, amenazando con levantar los techos de paja de las chozas. Una familia intentaba amarrar la estructura usando lianas elásticas, pero no lograban tensarlas a la altura necesaria. Andrés se acercó despacio y ofreció su cuello; los humanos pasaron las lianas entre sus espinas, usándolas como poleas naturales para tensar y asegurar el refugio sobre la arcilla blanda. Al terminar, la familia unió sus voces en un tierno silbido de agradecimiento, y el noble dinosaurio asintió con un tierno y rugido amigable."
cuento_032,El Amargasaurio y las Lianas del Techo,Anonimo,dinosaurios_y_prehistoria,español,156,Cuentos para dormir,Colab AI,2aebc388f9385e405037f0641585d135,"Arturo era un tierno amargasaurio, un dinosaurio de cuello largo que lucía dos impresionantes hileras de espinas altas sobre su nuca y su lomo, pero que siempre andaba por los valles con garras mansas. Un mediodía, los habitantes de una aldea de la edad de piedra trabajaban a marchas forzadas para techar su nuevo almacén comunitario antes de que comenzaran las lluvias del gran volcán. Tenían los manojos de paja listos sobre la arcilla blanda, pero las lianas elásticas indispensables para amarrar las vigas más altas se habían enredado fuertemente en la copa de unos helechos gigantes. Arturo, que pasaba comiendo hojas bajas, estiró su largo cuello y, con una delicadeza asombrosa, enganchó las lianas entre sus espinas sin romperlas, bajándolas suavemente hasta el nivel del suelo. Los constructores, aliviados de poder continuar su labor, alzaron sus manos emitiendo un tierno silbido, y el esbelto gigante asintió balanceando el cuello con un tierno y rugido amigable."
cuento_033,El Amargasaurus y el Puente de Lianas,Anonimo,dinosaurios_y_prehistoria,español,68,Cuentos para dormir,Colab AI,a1e454858e4f283320fb31bc99cd3404,"Arturo era un tierno amargasaurus de espinas dobles que caminaba con garras mansas. Una tarde, los recolectores de la prehistoria intentaban cruzar un desfiladero usando un puente de lianas elásticas atadas a troncos petrificados. La lluvia convirtió el borde en arcilla blanda y el anclaje cedió. Arturo usó su peso para tensar las cuerdas mientras los humanos cruzaban. Los recolectores silbaron agradecidos y Arturo lanzó un rugido amigable."
cuento_034,El Amigo de la Cueva Misteriosa,Anonimo,dinosaurios_y_prehistoria,español,155,Cuentos para dormir,Colab AI,fd520d1f1cb03d07970ddd8784842f88,"En lo alto del cañón prehistórico, oculto por densas cortinas de lianas elásticas, se encontraba la entrada a una cueva misteriosa. Los pequeños velociraptors del valle le tenían miedo porque decían que allí habitaba un monstruo de ojos brillantes. Sin embargo, una tarde de niebla espesa, el pequeño triceratops llamado Tobi perdió su camino entre las hojas de helecho gigantes y terminó entrando a la gruta para protegerse del frío. En lugar de un monstruo, Tobi encontró a un tierno braquiosaurio de cuello largo que se encontraba atrapado en un laberinto de rocas de arcilla blanda. Tobi usó sus pequeños cuernos para picar con cuidado los obstáculos, abriendo el camino hacia la salida. Al ver la luz del sol, el gigante agradecido inclinó su cabeza mansa, ofreciéndole un tierno silbido de paz y un rugido amigable que selló una hermosa amistad, demostrando que el miedo solo desaparece cuando nos atrevemos a conocer a los demás."
cuento_035,El Amonite Dorado y la Marea Alta,Anonimo,dinosaurios_y_prehistoria,español,161,Cuentos para dormir,Colab AI,bc29b10695a78d89487fb58ed7926977,"Nico era un tierno triceratops que vivía cerca de las playas del océano primitivo. Su pasatiempo favorito era buscar conchas y piedras brillantes que la marea dejaba sobre la arena roja. Una mañana, mientras exploraba cerca de unos troncos petrificados, encontró un amonite gigante con una concha dorada que destellaba bajo el sol. Al acercarse, descubrió que un pequeño pez prehistórico se había quedado atrapado en el interior de la espiral de la concha debido a la marea baja. Con mucha paciencia y usando sus garras mansas, Nico empujó el pesado amonite dorado centímetro a centímetro a través de la arcilla blanda hacia el agua profunda. Justo cuando la niebla espesa comenzaba a cubrir la costa, el mar alcanzó la concha y el pececito pudo nadar libre hacia la libertad. Desde el agua, el pez saltó con alegría, y Nico lo despidió con un rugido amigable, feliz de haber usado su gran fuerza para salvar a un pequeño amigo del mar."
cuento_036,El Amonites de la Suerte,Anonimo,dinosaurios_y_prehistoria,español,169,Cuentos para dormir,Colab AI,e74edde6b31c3847d570363faea9a28b,"Maya era una niña de la edad de piedra que vivía cerca de un desfiladero cubierto por una niebla espesa. Un día, mientras ayudaba a recolectar raíces, encontró en el suelo una extraña piedra brillante con una espiral perfecta tallada por la naturaleza: un antiguo fósil de amonites. Fascinada, lo guardó en su abrigo de lana. Esa misma tarde, una tormenta eléctrica oscureció el cielo y Maya se alejó de su tribu al perder el rastro de las huellas de los mamuts. Asustada, se refugió bajo una saliente de piedra y sacó su amonites. Al frotarlo con sus manos, el fósil comenzó a reflejar los destellos de los rayos, lanzando destellos dorados que iluminaron el camino hacia una cueva misteriosa. Siguiendo la luz, Maya encontró a su padre, quien la buscaba desesperadamente. El amonites de la suerte se convirtió en el tesoro más preciado de la tribu, recordándoles siempre que los secretos más antiguos de la tierra prehistórica podían transformarse en la guía más brillante para regresar a casa."
cuento_037,El Anquilosaurio Constructor,Anonimo,dinosaurios_y_prehistoria,español,169,Cuentos para dormir,Colab AI,ddcd2916789a0f437010c7c35d943c22,"Anki era un anquilosaurio que se sentía un poco triste porque su pesada cola de mazo siempre derribaba los arbustos sin querer. Mientras los demás dinosaurios corrían ágiles entre las lianas, él caminaba despacio dejando enormes huellas en la arcilla blanda. Una tarde, una fuerte tormenta eléctrica azotó el valle y un rayo derribó un enorme tronco petrificado, bloqueando el único camino hacia el manantial de agua. La manada se quedó atrapada y los pequeños cachorros tenían mucha sed. Anki supo de inmediato lo que debía hacer. Se colocó frente al gran obstáculo y, calculando su fuerza, balanceó su cola de mazo con gran precisión. El golpe certero rompió el tronco en pequeños pedazos, abriendo el paso nuevamente. Con los restos de madera y unas piedras brillantes, Anki construyó además un hermoso puente seguro para que los animales más pequeños cruzaran el río crecido. Su manada lo celebró con fuertes rugidos amigables, y Anki descubrió que su poderosa cola no solo destruía, sino que también podía crear grandes soluciones."
cuento_038,El Anquilosaurio y el Escondite de Bayas,Anonimo,dinosaurios_y_prehistoria,español,169,Cuentos para dormir,Colab AI,752a472d63589e73911858a79069e26a,"Nico era un anquilosaurio muy glotón que conocía los mejores arbustos de frutas de todo el valle. Una mañana, descubrió un rincón secreto repleto de bayas dulces detrás de unos troncos petrificados. El problema era que el acceso estaba bloqueado por una enorme roca que había caído desde el gran volcán apagado. Nico no pensaba quedarse con hambre, así que se colocó de espaldas y comenzó a balancear su pesada cola de mazo con gran precisión. Calculando la fuerza del impacto, dio un golpe certero que fragmentó la roca en pedazos, dejando a la vista una hermosa cueva misteriosa llena de vegetación fresca. El ruido del golpe atrajo a un tierno triceratops que pasaba por ahí con mucha sed. En lugar de esconder la comida, Nico lanzó un rugido amigable e invitó a su nuevo amigo a compartir el festín entre las hojas de helecho gigantes. Ambos dinosaurios disfrutaron de la tarde, demostrando que los mejores descubrimientos de la prehistoria siempre saben mucho mejor cuando se comparten con generosidad."
cuento_039,El Anquilosaurio y el Escudo contra el Gran Volcán,Anonimo,dinosaurios_y_prehistoria,español,134,Cuentos para dormir,Colab AI,2925062c0fcfa1c5dc19af7c438e8726,"La tierra comenzó a temblar suavemente cerca del gran volcán, y una lluvia de pequeñas piedras calientes empezó a caer sobre el bosque de helechos gigantes. Un tierno anquilosaurio de garras mansas y fuerte coraza se dio cuenta de que una pequeña familia de la edad de piedra corría desorientada buscando una cueva misteriosa entre la niebla espesa. Sin pensarlo dos veces, el robusto dinosaurio se interpuso entre los humanos y el cielo, encorvando su lomo acorazado para formar un escudo viviente. Las piedras rebotaban inofensivamente en su dura piel mientras guiaba a la familia sobre la arcilla blanda hacia una zona segura del desfiladero. Al pasar el peligro, el padre de la tribu sopló un tierno silbido en señal de paz, y el noble gigante respondió con un reconfortante y prolongado rugido amigable."
cuento_040,El Anquilosaurio y el Puente de Lianas,Anonimo,dinosaurios_y_prehistoria,español,155,Cuentos para dormir,Colab AI,33c1428ee802a4cb10655fe5abfecf8f,"Gonzo era un anquilosaurio de armadura gruesa y patas cortas que caminaba siempre al final de su manada. Un día, un repentino terremoto abrió una enorme grieta en el suelo de la arcilla blanda, separando a los pequeños cachorros de sus madres. El abismo era demasiado ancho para saltar y los pequeños triceratops lloraban de miedo en la otra orilla. Gonzo supo que debía usar su gran fuerza para solucionar el problema. Caminó hacia unos árboles ancestrales y, balanceando su pesada cola de mazo con gran precisión, derribó varios troncos petrificados de manera que cayeron sobre la grieta. Luego, usando sus garras mansas, arrastró lianas elásticas para amarrar la estructura, construyendo un puente firme y seguro en pocos minutos. Los cachorros cruzaron corriendo y agradecieron su hazaña con rugidos amigables llenos de ternura. Gonzo sonrió con orgullo, feliz de demostrar que su pesada armadura estaba hecha para construir grandes caminos de esperanza en el valle."
cuento_041,El Anquilosaurio y el Puente de Piedra,Anonimo,dinosaurios_y_prehistoria,español,156,Cuentos para dormir,Colab AI,5e7cde4cdd7ba4b4e13e5c587d53b129,"Anki era un joven anquilosaurio con una armadura de placas fuertes y un gran mazo óseo en el extremo de su cola. A pesar de su aspecto rudo, Anki era un dinosaurio de garras mansas que prefería cuidar las flores silvestres en la llanura de arcilla blanda. Un día, una fuerte tormenta eléctrica derribó el único tronco petrificado que cruzaba el río del desfiladero, dejando a una familia de pequeños triceratops atrapada del otro lado justo cuando el gran volcán comenzaba a soltar humo gris. Al ver el peligro, Anki corrió hacia la orilla. Con un tierno silbido de calma, se acomodó firmemente en medio de la corriente y usó su cola pesada para acomodar unas piedras brillantes, creando un puente seguro y estable sobre el agua. Los pequeños cruzaron a salvo uno a uno, y al llegar al otro lado, rodearon al valiente gigante emitiendo un rugido amigable que celebró su gran ingenio y bondad."
cuento_042,El Anquilosaurio y el Refugio contra el Granizo,Anonimo,dinosaurios_y_prehistoria,español,141,Cuentos para dormir,Colab AI,55321faa83b91fa6ef40efda550fb417,"Andy era un tierno anquilosaurio con una fuerte armadura y una gran maza en el extremo de su cola, aunque sus garras mansas demostraban que era una criatura sumamente pacífica. Mientras descansaba plácidamente entre los helechos gigantes, el cielo se oscureció y comenzó a caer un fuerte granizo sobre la llanura de arcilla blanda. Un grupo de niños de la edad de piedra se encontraba lejos de su refugio y no tenía dónde resguardarse de las piedras de hielo. Andy, comprendiendo la situación, se arrodilló junto a unos troncos petrificados y curvó su cuerpo acorazado para formar un pequeño escudo natural. Los niños se deslizaron debajo de él, manteniéndose secos y seguros durante toda la tormenta. Al salir el sol, los pequeños le dedicaron un tierno silbido, y Andy se despidió moviendo su pesada cola con un sutil y rugido amigable."
cuento_043,El Antarctosaurus y el Alud de Tierra,Anonimo,dinosaurios_y_prehistoria,español,167,Cuentos para dormir,Colab AI,5a8d08f75d06efd243e780e728494bad,"Aníbal era un tierno antarctosaurus, un titán de cuello largo cuyo colosal tamaño infundía respeto, pero que siempre se desplazaba con garras mansas entre los árboles ancestrales. Un amanecer templado, un pequeño temblor cerca del gran volcán provocó el desprendimiento de una gran ladera de piedras y arcilla blanda, la cual bloqueó por completo el acceso al manantial donde una tribu de la edad de piedra recolectaba agua dulce. Los humanos intentaban mover los pesados troncos petrificados que habían caído con el lodo, pero eran demasiado grandes. Aníbal, que pasaba ramoneando las copas de los helechos gigantes, se percató del esfuerzo de la comunidad. Con mucha paciencia, se acercó al derrumbe y, utilizando su poderosa fuerza y su pecho robusto, empujó suavemente los obstáculos hacia el barranco, despejando la fuente de agua en unos instantes. Los aldeanos, dichosos, llenaron sus vasijas y alzaron los brazos emitiendo un tierno silbido, a lo que el gigante respondió elevando su cabeza hacia el cielo con un profundo y rugido amigable."
cuento_044,El Antarctosaurus y el Aluvión de la Ladera,Anonimo,dinosaurios_y_prehistoria,español,156,Cuentos para dormir,Colab AI,a7c799ccb0173022b9bf068da412faea,"Aníbal era un tierno antarctosaurus, un colosal y pacífico titanosaurio de cuello larguísimo que se desplazaba por los bosques con garras mansas. Una mañana, un grupo de familias de la edad de piedra recolectaba raíces cerca del gran cañón. Repentinamente, un pequeño desprendimiento de arcilla blanda e inundación comenzó a deslizarse desde la cima, amenazando con sepultar el campamento base construido con troncos petrificados y lianas elásticas. Los humanos corrían intentando salvar sus pertenencias, pero el lodo avanzaba rápido. Aníbal, que descansaba plácidamente en un denso valle de helechos gigantes, se percató del desastre. Avanzó con paso pesado pero seguro y colocó su gigantesco y robusto cuerpo de costado en la ladera, actuando como una inmensa barrera natural que desvió el flujo de lodo lejos de las chozas. La comunidad entera, a salvo gracias al gigante, entonó un tierno silbido de agradecimiento, y Aníbal elevó su cuello al cielo respondiendo con un profundo y rugido amigable."
cuento_045,El Antarctosaurus y el Bloqueo del Sendero,Anonimo,dinosaurios_y_prehistoria,español,162,Cuentos para dormir,Colab AI,82e4a9577b3e2e3d20e527575d4aff99,"Aníbal era un tierno antarctosaurus, un gigantesco saurópodo de cuello infinito y mirada pacífica que transitaba por las llanuras con garras mansas. Un amanecer, una comunidad entera de la edad de piedra se disponía a trasladar sus pertenencias hacia un nuevo campamento de verano. Sin embargo, descubrieron que el único sendero seguro entre los helechos gigantes estaba completamente bloqueado por un desprendimiento de troncos petrificados y grandes masas de arcilla blanda que habían bajado del gran volcán. Los hombres intentaban mover los restos con cuerdas hechas de lianas elásticas, pero el peso era excesivo. Aníbal, que caminaba despacio por los alrededores, se acercó al notar el tumulto. Con extrema paciencia, usó su imponente pecho y sus robustas patas para empujar suavemente los pesados troncos a un lado, despejando la ruta en un momento. Toda la tribu, al ver el camino libre, alzó las manos emitiendo un tierno silbido, y el colosal gigante elevó su cabeza respondiendo con un profundo y rugido amigable."
cuento_046,El Antarctosaurus y el Canal de Riego,Anonimo,dinosaurios_y_prehistoria,español,158,Cuentos para dormir,Colab AI,40264eb7edb168c4d1192bc3ad6d4a3f,"Adolfo era un tierno antarctosaurus, un colosal y pacífico saurópodo de cuello majestuoso que recorría los valles con garras mansas. Al anochecer, los agricultores de la edad de piedra trabajaban contrarreloj para desviar un torrente cerca de la cueva misteriosa. Habían canalizado el agua usando troncos petrificados alineados y asegurados con lianas elásticas, pero la fuerza de la corriente ablandó las paredes del canal, transformándolas en una resbaladiza arcilla blanda que amenazaba con desbordarse hacia los cultivos. Adolfo, que cenaba tranquilamente de las copas de los helechos gigantes más altos, vio la emergencia de la tribu. Se acercó con parsimonia y colocó su inmenso y pesado costado contra los troncos petrificados del canal, conteniendo la presión de la arcilla blanda y manteniendo el agua en su cauce durante toda la noche. Al amanecer, la comunidad entera se reunió para emitir un tierno silbido de gratitud, y el gigante elevó su cabeza respondiendo con un profundo y rugido amigable."
cuento_047,El Antarctosaurus y el Cortafuegos de la Aldea,Anonimo,dinosaurios_y_prehistoria,español,150,Cuentos para dormir,Colab AI,01280d63e0d52b1a15aa5fe5bf2feeb0,"Amadeo era un tierno antarctosaurus, un colosal y pacífico titanosaurio de cuello larguísimo que caminaba con garras mansas. Cerca de la cueva misteriosa, un rayo durante una tormenta seca encendió unos matorrales secos, y las llamas comenzaron a avanzar hacia las chozas de la edad de piedra construidas con troncos petrificados. Los aldeanos intentaban sofocar el fuego arrojando arcilla blanda, pero el viento soplaba en su contra. Amadeo, que observaba desde un bosque de helechos gigantes, acudió de inmediato. Utilizando sus enormes y pesadas patas, comenzó a pisotear con fuerza el suelo alrededor del incendio, levantando grandes capas de tierra húmeda y arcilla que sofocaron las llamas a modo de barrera natural, deteniendo el avance del fuego por completo. La tribu entera, a salvo del peligro, alzó los brazos emitiendo un tierno silbido de infinita gratitud, y el gigante bajó lentamente su cabeza respondiendo con un profundo y rugido amigable."
cuento_048,El Antarctosaurus y el Desvío del Aluvión,Anonimo,dinosaurios_y_prehistoria,español,160,Cuentos para dormir,Colab AI,3954c2fe6f9fd9ed9639687ee90c192f,"Aníbal era un tierno antarctosaurus, un gigantesco saurópodo de cuello infinito y mirada pacífica que transitaba por las llanuras con garras mansas. Un mediodía, una pequeña comunidad de la edad de piedra se dio cuenta de que un desborde de arcilla blanda y agua bajaba lentamente desde el gran volcán, amenazando con cubrir sus reservas de troncos petrificados y herramientas. Los hombres intentaban levantar una barrera con lianas elásticas y piedras, pero la masa de lodo era excesiva para sus fuerzas. Aníbal, que caminaba despacio entre los helechos gigantes de los alrededores, se acercó al notar el tumulto. Con extrema paciencia, usó su imponente pecho y sus robustas patas para pararse frente al flujo y desviar la corriente de lodo hacia un cañón vecino, salvando el campamento en un momento. Toda la tribu, al ver sus pertenencias a salvo, alzó las manos emitiendo un tierno silbido, y el colosal gigante elevó su cabeza respondiendo con un profundo y rugido amigable."
cuento_049,El Antarctosaurus y el Desvío del Aluvión 1,Anonimo,dinosaurios_y_prehistoria,español,156,Cuentos para dormir,Colab AI,168079f1d9a0645cc89d43cecc08d78c,"Aníbal era un tierno antarctosaurus, un gigantesco saurópodo de cuello infinito y mirada pacífica que transitaba por las llanuras con garras mansas. Un mediodía, una pequeña comunidad de la edad de piedra se dio cuenta de que un desborde de arcilla blanda y agua bajaba lentamente desde el gran volcán, amenazando con cubrir sus reservas de troncos petrificados y herramientas. Los hombres intentaban contener el avance uniendo estacas con lianas elásticas, pero la densidad del lodo superaba sus fuerzas. Aníbal, que caminaba despacio entre los helechos gigantes de los alrededores, se acercó al notar el tumulto. Con extrema paciencia, usó su imponente pecho y sus robustas patas para pararse frente al flujo y desviar la corriente de lodo hacia un canal natural baldío, salvando el campamento en un momento. Toda la tribu, a salvo del aluvión, entonó un tierno silbido de agradecimiento, y el colosal gigante elevó su cabeza respondiendo con un profundo y rugido amigable."
cuento_050,El Antarctosaurus y el Mirador del Valle,Anonimo,dinosaurios_y_prehistoria,español,168,Cuentos para dormir,Colab AI,591b177b83f5595c59edc314acc8476f,"Anselmo era un tierno antarctosaurus, un gigantesco y pacífico titanosaurio de cuello larguísimo que caminaba por los bosques con garras mansas. Al caer la noche, los constructores de la edad de piedra terminaban una plataforma de observación en la zona más alta del gran cañón, armada con pesados troncos petrificados y reforzada con lianas elásticas. De pronto, una filtración de agua subterránea convirtió el suelo de la colina en una densa arcilla blanda, provocando que toda la estructura comenzara a deslizarse ladera abajo hacia el abismo. Anselmo, que cenaba tranquilamente las hojas de los helechos gigantes más altos, vio el lento desastre. Extendió su poderoso y largo cuello con mucha suavidad, colocando la base de su pecho contra los troncos petrificados, frenando el avance del andamio por completo y manteniéndolo firme mientras los humanos aseguraban las amarras a rocas sólidas. La comunidad entera, conmovida por su nobleza, emitió un tierno silbido, y el enorme gigante elevó su cabeza hacia las estrellas respondiendo con un profundo y rugido amigable."
cuento_051,El Antarctosaurus y el Muro de Contención,Anonimo,dinosaurios_y_prehistoria,español,165,Cuentos para dormir,Colab AI,7a33d527698cd314a1d7c238d46b5679,"Augusto era un tierno antarctosaurus, un colosal y pacífico saurópodo de cuello infinito que recorría los valles mostrando sus garras mansas. Al anochecer, una fuerte tormenta amenazaba con inundar las viviendas de la edad de piedra situadas cerca de la cueva misteriosa. Los aldeanos intentaban levantar un muro de contención exprés usando troncos petrificados alineados y amarrados fuertemente con lianas elásticas, pero la fuerza del agua transformó la base del terreno en una traicionera arcilla blanda que empujaba la empalizada hacia el caserío. Augusto, que cenaba tranquilamente las copas de los helechos gigantes más altos, divisó el peligro. Se desplazó con parsimonia y colocó sus gigantescas y pesadas patas delanteras justo delante de los troncos petrificados, sirviendo como una barrera indestructible que contuvo la arcilla blanda y el agua durante toda la noche. Al salir el sol, la tribu entera se reunió para emitir un tierno silbido de gratitud, y el noble gigante alzó su cabeza al cielo respondiendo con un profundo y rugido amigable."
cuento_052,El Antarctosaurus y el Mástil de la Señal,Anonimo,dinosaurios_y_prehistoria,español,160,Cuentos para dormir,Colab AI,6fad98b6b40154ab5ca62fbbe990137d,"Amado era un tierno antarctosaurus, un descomunal y pacífico saurópodo de cuello infinito que recorría las llanuras con garras mansas. Al amanecer, los vigías de la edad de piedra trataban de levantar un gran mástil de señalización en la cima de una colina cerca del gran cañón. El mástil estaba hecho de un larguísimo tronco petrificado y asegurado con lianas elásticas, pero la intensa humedad de la noche convirtió el terreno en una resbaladiza arcilla blanda, provocando que la pesada madera se deslizara hacia el precipicio. Amado, que desayunaba tranquilamente las hojas de unos helechos gigantes, vio la maniobra desde abajo. Estiró su robusto y larguísimo cuello con delicadeza, apoyando la base de su cabeza contra el tronco petrificado para detener su caída y empujarlo suavemente hacia arriba hasta que los humanos fijaron la base. Los vigías, a salvo, gritaron de alegría emitiendo un tierno silbido, y el coloso emitió una honda vibración respondiendo con un profundo y rugido amigable."
cuento_053,El Antarctosaurus y el Puente del Riachuelo,Anonimo,dinosaurios_y_prehistoria,español,162,Cuentos para dormir,Colab AI,a98cb4d4fd664d63d8be75adab71d3a7,"Abelardo era un tierno antarctosaurus, un colosal y pacífico titanosaurio de cuello larguísimo que se desplazaba con garras mansas. Un amanecer, los habitantes de una aldea de la edad de piedra notaron que un leve desborde de arcilla blanda e inundación avanzaba desde el gran volcán, cubriendo el pequeño puente de troncos petrificados que usaban para cruzar el riachuelo. Los aldeanos intentaban levantar la estructura usando lianas elásticas, pero el peso de la madera húmeda y el barro superaba sus fuerzas. Abelardo, que observaba el paisaje desde un espeso bosque de helechos gigantes, acudió al llamado de auxilio. Con pasos firmes que daban seguridad al suelo, se colocó a un costado del riachuelo e inclinó su robusto y fuerte lomo para que los humanos lo usaran como un cruce provisional seguro mientras el lodo se asentaba. La comunidad entera, agradecida por el noble gesto, entonó un tierno silbido, y el gigante bajó lentamente su cabeza respondiendo con un profundo y rugido amigable."
cuento_054,El Antarctosaurus y el Puente del Riachuelo 1,Anonimo,dinosaurios_y_prehistoria,español,155,Cuentos para dormir,Colab AI,edd474b78fac642266ba400e0594428c,"Arturo era un tierno antarctosaurus, un gigantesco y apacible titanosaurio de cuello largo que caminaba por las planicies con garras mansas. Una mañana, una comunidad de la edad de piedra descubrió que el puente que cruzaba el riachuelo cerca del gran cañón se había movido debido a una corriente que ablandó el suelo de arcilla blanda. Los troncos petrificados que formaban la base se estaban deslizando, y las lianas elásticas que los unían estaban muy tensas. Arturo, que se alimentaba pacíficamente de las copas de los helechos gigantes de los alrededores, notó el problema de los humanos y se acercó despacio. Con mucha delicadeza, colocó una de sus enormes y anchas patas sobre los troncos caídos, alineándolos y sosteniéndolos firmemente mientras los aldeanos reforzaban los amarres. Toda la tribu, aliviada por poder cruzar el río a salvo, emitió un tierno silbido, y el colosal gigante elevó su cuello respondiendo con un profundo y rugido amigable."
cuento_055,El Antarctosaurus y el Refugio de la Colina,Anonimo,dinosaurios_y_prehistoria,español,158,Cuentos para dormir,Colab AI,6af0c8393c0211b550c06e11a94e7045,"Abelardo era un tierno antarctosaurus, un gigantesco y benévolo saurópodo de cuello inmenso que caminaba majestuosamente con garras mansas. Al amanecer, una familia de la edad de piedra construía un refugio comunal en una ladera alta cerca del gran cañón. Estaban alineando pesados troncos petrificados y asegurándolos con gruesas lianas elásticas, pero una intensa tormenta matutina convirtió el suelo arcilloso en una resbaladiza capa de arcilla blanda. La pesada techumbre comenzó a ceder y a deslizarse peligrosamente hacia el campamento inferior. Abelardo, que se alimentaba pacíficamente de las copas de los helechos gigantes del valle, vio la emergencia. Estiró su larguísimo y poderoso cuello, apoyando su pecho con firmeza y suavidad contra los troncos petrificados, deteniendo el derrumbe al instante y sosteniendo la estructura hasta que el terreno se estabilizó. La familia entera, a salvo de la tragedia, entonó junta un tierno silbido de gratitud, y el coloso elevó su cabeza respondiendo con un profundo y rugido amigable."
cuento_056,El Antarctosaurus y el Rescate del Granero,Anonimo,dinosaurios_y_prehistoria,español,172,Cuentos para dormir,Colab AI,0cb7da8383540de93d5c3625c3af516e,"Abelardo era un tierno antarctosaurus, un colosal y pacífico titanosaurio de cuello larguísimo que se desplazaba con garras mansas. Una tarde de tormenta, las intensas lluvias del gran volcán provocaron un deslizamiento de arcilla blanda que empujó el granero comunitario de la edad de piedra —hecho de pesados troncos petrificados— hacia el borde de un barranco. Los aldeanos miraban con desesperación cómo las lianas elásticas que lo sujetaban comenzaban a tensarse a punto de romperse, lo que significaba perder todo el alimento del invierno. Abelardo, que observaba la tormenta desde un espeso bosque de helechos gigantes, acudió al llamado de auxilio. Con pasos firmes que hacían eco en la tierra, se colocó en la base del declive y apoyó su imponente y robusto pecho contra la estructura, empujándola con delicadeza pero con una fuerza inmensa de vuelta a suelo firme y seguro. La comunidad entera, a salvo de la hambruna, entonó un tierno silbido que llenó el valle, y el gigante bajó lentamente su cabeza respondiendo con un profundo y rugido amigable."
cuento_057,El Antarctosaurus y el Sendero Limpio,Anonimo,dinosaurios_y_prehistoria,español,157,Cuentos para dormir,Colab AI,cad09dd6db9bc28d756c5e532ec9568d,"Aníbal era un tierno antarctosaurus, un colosal titanosaurio que habitaba en los alrededores del gran volcán, desplazándose siempre con garras mansas. Un amanecer, un violento vendaval derribó una hilera de helechos gigantes y viejos troncos petrificados, bloqueando por completo el sendero principal que los cazadores de la edad de piedra utilizaban para descender a los valles. El suelo estaba cubierto de arcilla blanda resbaladiza, lo que hacía imposible que los humanos movieran los obstáculos sin caer al abismo. Aníbal, que caminaba temprano en busca de agua, notó el camino obstruido y a la tribu desorientada. Con total calma, el pacífico gigante usó sus enormes patas delanteras para apartar los pesados troncos hacia un lado del camino, compactando la arcilla suelta con su propio peso para dejar un sendero firme y seguro. Los cazadores, agradecidos por la ayuda, alzaron sus lanzas emitiendo un tierno silbido, y Aníbal elevó su largo cuello respondiendo con un profundo y rugido amigable."
cuento_058,El Antarctosaurus y el Sostén del Techo,Anonimo,dinosaurios_y_prehistoria,español,168,Cuentos para dormir,Colab AI,360fa15dfa34810756fb172e63cf6521,"Arturo era un tierno antarctosaurus, un colosal titanosaurio de cuello inmenso y lomo fuerte que andaba por las faldas del gran volcán con garras mansas. Una noche de intensas lluvias, el refugio principal de una tribu de la edad de piedra, construido con troncos petrificados y techado con hojas de helechos gigantes, sufrió un daño severo cuando la arcilla blanda del suelo cedió, haciendo que la viga central se ladeara peligrosamente sobre las familias que dormían. Arturo, que buscaba refugio de la tormenta cerca de allí, se percató del crujido de la madera. Con extrema delicadeza para su gran tamaño, se acercó a la estructura y apoyó la parte superior de su lomo contra la viga colapsada, estabilizando la vivienda por completo. Esto dio tiempo suficiente para que los humanos salieran seguros con sus pertenencias. Una vez afuera, el jefe de la tribu alzó una antorcha emitiendo un tierno silbido en señal de profunda gratitud, y el gigante bajó la cabeza respondiendo con un profundo y rugido amigable."
cuento_059,El Antarctosaurus y el Tapón del Estanque,Anonimo,dinosaurios_y_prehistoria,español,160,Cuentos para dormir,Colab AI,9c1cc706ba1ef1c35b1745de70f50bf0,"Amadeo era un tierno antarctosaurus, un gigantesco y apacible titanosaurio de cuello largo que caminaba por las planicies con garras mansas. Un mediodía, una comunidad de la edad de piedra descubrió que el agua de su estanque principal se estaba filtrando rápidamente debido a una grieta abierta en el fondo de arcilla blanda, justo debajo de unos pesados troncos petrificados. Los hombres intentaban contener la pérdida usando mantas amarradas con lianas elásticas, pero la fuerza del agua las arrastraba. Amadeo, que se alimentaba pacíficamente de las copas de los helechos gigantes de los alrededores, notó la angustia de los humanos y se acercó despacio. Con mucha delicadeza, colocó una de sus enormes y anchas patas sobre la hendidura, sellando la fuga por completo mientras los aldeanos reforzaban el fondo con piedras y lodo pesado. Toda la tribu, aliviada por conservar su agua, emitió un tierno silbido, y el colosal gigante elevó su cuello respondiendo con un profundo y rugido amigable."
cuento_060,El Antarctosaurus y la Barrera del Campamento,Anonimo,dinosaurios_y_prehistoria,español,148,Cuentos para dormir,Colab AI,4e3580eef31aa874fe1b11bba142011a,"Arturo era un tierno antarctosaurus, un colosal y pacífico titanosaurio de cuello larguísimo que se desplazaba con garras mansas. Un amanecer, los habitantes de una aldea de la edad de piedra notaron que un leve desborde de arcilla blanda avanzaba desde el gran volcán hacia sus refugios de troncos petrificados. Los aldeanos intentaban contener el avance uniendo estacas con lianas elásticas, pero la densidad del lodo superaba sus fuerzas. Arturo, que observaba el paisaje desde un espeso bosque de helechos gigantes, acudió al llamado de auxilio. Con pasos firmes que hacían eco en la tierra, se colocó transversalmente frente al flujo y apoyó su imponente y robusto pecho contra el terreno, desviando la corriente de lodo hacia un canal natural baldío. La comunidad entera, a salvo del aluvión, entonó un tierno silbido de agradecimiento, y el gigante bajó lentamente su cabeza respondiendo con un profundo y rugido amigable."
cuento_061,El Antarctosaurus y las Vigas de la Empalizada,Anonimo,dinosaurios_y_prehistoria,español,152,Cuentos para dormir,Colab AI,314302e79f808c961ee733d06bf73b17,"Aníbal era un tierno antarctosaurus, un gigantesco y apacible titanosaurio de cuello largo que caminaba por las planicies con garras mansas. Una mañana, una comunidad de la edad de piedra descubrió que la empalizada que protegía el huerto cerca del gran cañón se había movido debido a una corriente que ablandó el suelo de arcilla blanda. Los troncos petrificados que formaban la base se estaban deslizando, y las lianas elásticas que los unían estaban muy tensas. Aníbal, que se alimentaba pacíficamente de las copas de los helechos gigantes de los alrededores, notó el problema de los humanos y se acercó despacio. Con mucha delicadeza, colocó una de sus enormes y anchas patas sobre los troncos caídos, alineándolos y sosteniéndolos firmemente mientras los aldeanos reforzaban los amarres. Toda la tribu, aliviada por proteger su cosecha, emitió un tierno silbido, y el colosal gigante elevó su cuello respondiendo con un profundo y rugido amigable."
cuento_062,El Antarctosaurus y los Soportes del Acueducto,Anonimo,dinosaurios_y_prehistoria,español,155,Cuentos para dormir,Colab AI,155cc4f53a0469927172e5df4d2f6d86,"Abelardo era un tierno antarctosaurus, un gigantesco y pacífico titanosaurio de cuello largo que andaba por las llanuras con garras mansas. Una mañana, una comunidad de la edad de piedra construía un pequeño canal para llevar agua desde el gran cañón, utilizando canales de troncos petrificados amarrados con lianas elásticas. De repente, el suelo bajo uno de los soportes principales se convirtió en arcilla blanda debido a una filtración, y el acueducto comenzó a agrietarse. Abelardo, que se alimentaba tranquilamente de los helechos gigantes más altos del valle, se percató del desastre inminente. Se acercó con cuidado, estiró su largo cuello y sostuvo firmemente el tramo del canal con la parte superior de su lomo, impidiendo que colapsara mientras los aldeanos cambiaban la base del suelo. Cuando el flujo de agua se estabilizó, toda la tribu celebró emitiendo un tierno silbido, y el inmenso gigante elevó su cabeza respondiendo con un profundo y rugido amigable."
cuento_063,El Arqueópterix y el Hilo Olvidado,Anonimo,dinosaurios_y_prehistoria,español,144,Cuentos para dormir,Colab AI,14942daa923a91c4029b8bc4f1912123,"Archi era un tierno arqueópterix, un pequeño dinosaurio alado cuyas plumas brillaban como el carbón bajo la luz del gran volcán. Vivía en lo alto de los troncos petrificados y se desplazaba saltando entre las lianas elásticas. Un día, una costurera de la edad de piedra se encontraba tejiendo una red de pesca a las afueras de la cueva misteriosa, pero el extremo del hilo de tendón se le soltó y cayó al fondo de una grieta profunda en la arcilla blanda. Archi, que poseía unas garras mansas muy ágiles, descendió en picada por la angosta ranura. Con total precisión, tomó el hilo con su pico y voló de regreso para entregárselo en las manos a la agradecida artesana. La mujer sonrió y emitió un tierno silbido hacia la rama donde el ave-dinosaurio se había posado, recibiendo de vuelta un agudo pero rugido amigable."
cuento_064,El Arqueópterix y las Semillas del Mañana,Anonimo,dinosaurios_y_prehistoria,español,141,Cuentos para dormir,Colab AI,4a507b9b50f96f143d859185f59946fb,"Arturo era un tierno arqueópterix, un pequeño dinosaurio alado con plumas brillantes y garras mansas que vivía en lo alto de los helechos gigantes. Un atardecer, una anciana de la edad de piedra regresaba a su refugio en la llanura llevando una pequeña bolsa de lianas elásticas llena de semillas especiales para plantar. De pronto, la bolsa se rompió y las semillas cayeron en una grieta profunda entre los troncos petrificados donde las manos humanas no cabían. Arturo, al ver la aflicción de la anciana, planeó suavemente desde las ramas y entró en el estrecho espacio. Con gran paciencia, recolectó cada semilla usando su pico y las fue depositando en el regazo de la mujer. La anciana, conmovida por el pequeño gesto, entonó un tierno silbido de agradecimiento, y el ave prehistórica batió sus alas emitiendo un agudo pero rugido amigable."
cuento_065,El Arqueópterix y los Frutos del Desierto,Anonimo,dinosaurios_y_prehistoria,español,134,Cuentos para dormir,Colab AI,c549bff7b79cf172eb768ceb20be2851,"Archi era un tierno arqueópterix que combinaba hermosas plumas de colores con garras mansas en los extremos de sus alas. Su rincón favorito eran las laderas del gran volcán, donde crecía una variedad única de arbustos frutales entre los troncos petrificados. Un día, una anciana de la edad de piedra caminaba con dificultad por la llanura de arcilla blanda, buscando alimento pero debilitada por el sol abrasador. Archi, observando la escena desde los helechos gigantes, trepó por las lianas elásticas y comenzó a soltar con su pico los frutos más jugosos para que cayeran directamente en la canasta de la mujer. Al ver su carga completa y sentir el alivio de la sombra, la anciana sonrió y emitió un tierno silbido, mientras el pequeño eslabón alado aleteaba feliz regalándole un sutil pero rugido amigable."
cuento_066,El Avimimus y las Bayas del Cañón,Anonimo,dinosaurios_y_prehistoria,español,139,Cuentos para dormir,Colab AI,39eb30786dabcb762e459df8a26a401d,"Arturo era un tierno avimimus, un dinosaurio sumamente ligero y de aspecto plumoso que corría entre los helechos gigantes con garras mansas. Una tarde, unos niños de la edad de piedra intentaban alcanzar unos racimos de bayas dulces que crecían en una saliente del gran cañón; sin embargo, el suelo bajo los arbustos era de una arcilla blanda muy inestable que amenazaba con desmoronarse. Arturo, que pasaba dando saltos entre los troncos petrificados, comprendió el peligro. Gracias a su extraordinario equilibrio y su andar liviano, cruzó el terreno frágil sin hundirse, usó su pico para cortar los tallos de los frutos con cuidado y los llevó de regreso a la zona segura. Los niños, felices con su merienda, entonaron un tierno silbido de alegría, y el esbelto corredor batió sus coloridos brazos respondiendo con un tierno y rugido amigable."
cuento_067,El Baryonyx y la Trampa de Peces,Anonimo,dinosaurios_y_prehistoria,español,56,Cuentos para dormir,Colab AI,0e7e7dc8b03079ec95449cc6b892aef6,Benito era un tierno baryonyx que pescaba con garras mansas entre helechos gigantes. Ayudó a los pescadores de la tribu a desatascar una red de lianas elásticas atrapada en arcilla blanda. Con su hocico alargado movió los troncos petrificados para liberar la pesca. Los pescadores emitieron un tierno silbido y Benito respondió con un rugido amigable.
cuento_068,El Brachiosaurio y el Puente Verde,Anonimo,dinosaurios_y_prehistoria,español,158,Cuentos para dormir,Colab AI,92885e15bf432387afbcb931ec069f9e,"Benito era un tierno brachiosaurio tan alto que su cabeza alcanzaba las nubes que se formaban sobre el gran volcán. A pesar de su inmenso tamaño, caminaba con garras mansas para no perturbar la vida en la arcilla blanda. Un día, un repentino desprendimiento de rocas bloqueó el único sendero seguro que unía el campamento de la edad de piedra con las zonas de recolección de los helechos gigantes. La tribu quedó atrapada al borde de un barranco. Benito, al percatarse de la situación, caminó despacio hacia el borde y apoyó su largo y fuerte cuello de un lado al otro del abismo, permitiendo que los humanos bajaran unas lianas elásticas para cruzar sobre su lomo como si fuera un puente natural. Al estar todos a salvo, el jefe de la tribu alzó las manos emitiendo un tierno silbido de infinita gratitud, y el coloso del bosque hizo eco en el valle con un profundo y rugido amigable."
cuento_069,El Braquiosaurio y el Escondite Perfecto,Anonimo,dinosaurios_y_prehistoria,español,168,Cuentos para dormir,Colab AI,44589ba0057762b35a30854ea3e4af8f,"Benito era un braquiosaurio tan alto que su cabeza siempre sobresalía por encima de las hojas de helecho gigantes. Por eso, cuando jugaba a las escondidas con los demás dinosaurios del valle, siempre era el primero en ser encontrado. Un día, decidido a ganar el juego, caminó hacia una zona inexplorada cerca del gran volcán apagado. Allí encontró una cueva misteriosa rodeada de lianas colgantes y una espesa niebla blanca. Benito agachó su larguísimo cuello con mucho cuidado y descubrió que, al ras del suelo, la niebla lo cubría por completo. Se quedó muy quieto, conteniendo la respiración mientras sus amigos pasaban junto a él sin notar su presencia. Sus enormes huellas quedaron ocultas bajo el lodo suave. Cuando el juego terminó, Benito se levantó lanzando un rugido amigable que asustó a unas pacíficas aves prehistóricas. Todos sus amigos aplaudieron su gran astucia. Desde esa tarde, el gigante del valle demostró que hasta el dinosaurio más grande del mundo podía encontrar el escondite perfecto si usaba su imaginación."
cuento_070,El Braquiosaurio y el Escondite Perfecto 1,Anonimo,dinosaurios_y_prehistoria,español,161,Cuentos para dormir,Colab AI,eeb9c07c6055c4996bc313ed7cb941fb,"Dino era un braquiosaurio tan alto que su cabeza siempre sobresalía por encima de las nubes del valle prehistórico. Cuando jugaba a las escondidas con los pequeños estegosaurios y velociraptors cerca del gran volcán apagado, siempre perdía porque todos lo encontraban de inmediato debido a su larguísimo cuello. Un día, decidido a ganar el juego, Dino caminó hacia una zona del valle cubierta por una niebla espesa y misteriosa, donde crecían las hojas de helecho gigantes más altas del mundo. Con mucho cuidado, estiró su cuello hacia arriba y permaneció completamente quieto, imitando la silueta de un árbol ancestral. Sus amigos buscaron por todas partes, siguiendo sus enormes huellas en la arcilla blanda, pero no lograban encontrarlo. De pronto, un tierno silbido del viento rozó la nariz de Dino y este estornudó con gran fuerza, disipando la niebla de golpe. Todos los dinosaurios estallaron en rugidos amigables de risa al descubrir su escondite, celebrando el juego más divertido de la prehistoria."
cuento_071,El Braquiosaurio y el Espejo de Agua,Anonimo,dinosaurios_y_prehistoria,español,144,Cuentos para dormir,Colab AI,4d5fbf15993c41a1967c7b27b36cfd34,"Benito era un tierno braquiosaurio de cuello largo que disfrutaba contemplar las nubes que se formaban sobre el gran volcán. Una tarde, mientras caminaba con pisadas mansas sobre la arcilla blanda del desfiladero, descubrió un estanque de agua cristalina oculto entre hojas de helecho gigantes. Al asomarse, vio por primera vez su propio reflejo en la superficie lisa. Benito lanzó un tierno silbido de sorpresa al ver lo alto que era. De pronto, un pequeño velociraptor sediento se acercó al estanque, asustado por la inmensidad del gigante. Benito, para darle confianza, sumergió su cabeza despacio y comenzó a picar el agua con la punta de su hocico, creando divertidas ondas que hicieron reír al pequeño. El temor se desvaneció en el cañón, y ambos compartieron el agua fresca de la llanura, uniendo sus silbidos en un rugido amigable que resonó en los troncos petrificados."
cuento_072,El Braquiosaurio y el Nido Olvidado,Anonimo,dinosaurios_y_prehistoria,español,157,Cuentos para dormir,Colab AI,ac3153d87d5042fee87768a08e3e2f1a,"Dino era un enorme braquiosaurio de cuello largo y pisadas mansas que vigilaba las llanuras desde las alturas. Una mañana, mientras estiraba su cuello para alcanzar los brotes más tiernos de un árbol ancestral, vio algo inusual en la copa de un helecho gigante: un nido hecho de lianas elásticas que contenía un pequeño huevo con manchas de colores brillantes. La madre estegosaurio se encontraba al otro lado del desfiladero, buscando alimento sobre la arcilla blanda sin notar que el huevo se había deslizado por la pendiente. Con mucho cuidado, Dino bajó la cabeza y usó la punta de su hocico para picar el suelo con suavidad, moviendo las hojas para abrigar el nido. Luego, con un tierno silbido que cruzó todo el cañón, llamó la atención de la madre. Al ver a su pequeño a salvo, la agradecida mamá corrió hacia el gigante y emitió un rugido amigable que selló una hermosa paz en el valle."
cuento_073,El Braquiosaurio y el Puente de Troncos,Anonimo,dinosaurios_y_prehistoria,español,142,Cuentos para dormir,Colab AI,460ce56466ae8593f7bc73958fe7ab39,"Desde lo alto de su largo cuello, Benjamín, un tierno braquiosaurio de garras mansas, podía ver todo lo que ocurría desde los árboles ancestrales hasta la cueva misteriosa. Un día de intensas lluvias, el riachuelo del cañón creció tanto que inundó el paso principal, dejando a una familia de la edad de piedra aislada en una pequeña isla de arcilla blanda. Al ver que el agua seguía subiendo, Benjamín caminó con cuidado entre los helechos gigantes, seleccionó un par de troncos petrificados caídos y, usando su gran fuerza y el empuje de su pecho, los acomodó sobre el cauce para improvisar un puente seguro. Los humanos cruzaron apresuradamente aferrándose a unas lianas elásticas. Al pisar la orilla segura, el padre de la familia alzó un tierno silbido hacia las alturas, y Benjamín contestó desde las nubes con un majestuoso y rugido amigable."
cuento_074,El Canto del Parasaurolophus,Anonimo,dinosaurios_y_prehistoria,español,168,Cuentos para dormir,Colab AI,a686acb648c54c590500db4f7149ff96,"Suri era una joven parasaurolophus que se sentía un poco triste porque su cresta alargada no era tan colorida como la de sus hermanos. Sin embargo, lo que le faltaba en color le sobraba en talento musical. Una tarde, una densa niebla espesa bajó desde el volcán apagado, cubriendo por completo el camino hacia el manantial y haciendo que la manada perdiera el rumbo entre las lianas elásticas. Los pequeños triceratops comenzaron a llorar de miedo en la oscuridad. Suri supo que era el momento de actuar. Respiró profundo y sopló a través de su cresta, emitiendo una melodía dulce, constante y tan clara que cortó el silencio del desfiladero. El sonido sirvió como un faro acústico en medio de la niebla. Guiados por su tierno silbido, todos los dinosaurios caminaron en fila india hasta llegar a la seguridad de la gran roca. Su madre la recibió con un rugido amigable, y Suri comprendió que la verdadera belleza de su cresta residía en la fuerza de su voz."
cuento_075,El Carnotauro y el Escondite de las Flores,Anonimo,dinosaurios_y_prehistoria,español,129,Cuentos para dormir,Colab AI,ad27fb5056e37b2041c5d7459f559fc9,"Carlos era un tierno carnotauro que, a pesar de sus imponentes cuernos, poseía un corazón noble y garras mansas. Su lugar favorito para descansar era un pequeño valle oculto en el desfiladero, rodeado de lianas elásticas y helechos gigantes. Una tarde, mientras una niebla espesa cubría los árboles ancestrales, una niña de la edad de piedra que huía del frío terminó entrando por accidente a su escondite. Al principio, la pequeña se asustó, pero Carlos se agachó lentamente sobre la arcilla blanda y le ofreció una gran hoja cargada de bayas dulces que había recolectado. La calidez del lugar y la actitud del gigante calmaron el temor de la niña. Pasaron la noche resguardados y, al amanecer, compartieron un tierno silbido de despedida acompañado de un reconfortante rugido amigable."
cuento_076,El Carnotauro y el Resguardo del Viento,Anonimo,dinosaurios_y_prehistoria,español,141,Cuentos para dormir,Colab AI,0bf995b184ebe9f93ffff7570727c1d9,"A pesar de sus pequeños cuernos y su aspecto imponente, Carlos era un tierno carnotauro de garras mansas que prefería la paz del bosque. Una tarde de invierno, un viento helado comenzó a soplar desde la cima del gran volcán, amenazando con apagar la fogata exterior de una pequeña comunidad de la edad de piedra ubicada a la entrada de su cueva misteriosa. Carlos, al ver que los niños tiritaban de frío sobre la arcilla blanda, caminó con cuidado entre las lianas elásticas y se recostó de espaldas al viento, utilizando su gran cuerpo como una barrera natural. Protegidos del vendaval por el enorme dinosaurio, los humanos pudieron mantener vivo su fuego junto a los helechos gigantes. Agradecidos por el calor, los ancianos entonaron un tierno silbido de paz, y el buen Carlos los arrulló con un suave y rugido amigable."
cuento_077,El Caudipteryx y las Plumas del Abrigo,Anonimo,dinosaurios_y_prehistoria,español,148,Cuentos para dormir,Colab AI,efcdc027c1df565d61f25505ca4b2bf0,"Claudio era un tierno caudipteryx, un pequeño dinosaurio cubierto de vistosas plumas con un hermoso abanico en su cola, que siempre andaba con garras mansas entre los árboles ancestrales. Un atardecer de viento helado, un anciano de la edad de piedra se encontraba recolectando lianas elásticas cerca de la cueva misteriosa, pero el frío repentino entumeció sus manos, haciéndolo caer sobre la fría arcilla blanda sin fuerzas para caminar. Claudio, al ver al anciano temblando, corrió hacia él con paso ligero. Se echó suavemente a su lado y desplegó sus largas plumas de los brazos y de la cola sobre el pecho y los hombros del hombre, brindándole el calor necesario para recuperarse del pasmo. Una vez que el anciano pudo levantarse, abrazó con delicadeza al pequeño animal y emitió un tierno silbido, y el plumoso compañero dio un salto alegre respondiendo con un agudo pero rugido amigable."
cuento_078,El Cazador de Estrellas,Anonimo,dinosaurios_y_prehistoria,español,160,Cuentos para dormir,Colab AI,1b9ea6356d963a71753bd083373329c8,"Yari era un niño de la edad de piedra que tenía una fascinación especial por el cielo nocturno. Una noche, mientras su tribu descansaba alrededor de la fogata comunal, una hermosa lluvia de estrellas cruzó el firmamento prehistórico, dejando estelas doradas sobre la cueva misteriosa. Yari, intrigado, tomó una liana elástica y caminó con cuidado hacia el desfiladero de los susurros, siguiendo el rastro de la luz. En el suelo, justo en medio de un nido de hojas de helecho gigantes, encontró una piedra brillante que parpadeaba con un color azul mágico. Al tocarla, la roca transmitió un calorcito suave que ahuyentó el miedo de la noche. Yari regresó corriendo al campamento y colocó la piedra del cielo junto al refugio de los ancianos. El resplandor guió a los recolectores perdidos en la niebla espesa de la madrugada, y el pequeño cazador de estrellas comprendió que los secretos del universo prehistórico siempre bajaban a la tierra para iluminar el hogar."
cuento_079,El Celofisis y la Red de Pesca,Anonimo,dinosaurios_y_prehistoria,español,125,Cuentos para dormir,Colab AI,3fe02a5c2ea6350fbe343763978efbf4,"Ciro era un tierno celofisis, un dinosaurio delgado, ágil y de garras mansas que habitaba entre los troncos petrificados. Un día, mientras husmeaba cerca del río que corría hacia la cueva misteriosa, vio a un pescador de la edad de piedra lamentándose en la orilla: su red trenzada se había enredado firmemente en unas raíces sumergidas bajo la arcilla blanda. Ciro, con su cuerpo esbelto, se sumergió un poco y, utilizando sus dedos ágiles, desató con delicadeza nudo por nudo sin romper las lianas elásticas que formaban la red. Al ver su herramienta libre y lista para la pesca, el hombre sopló un tierno silbido de alegría hacia el pequeño dinosaurio, quien desde una roca respondió estirando su cuello con un agudo pero rugido amigable."
cuento_080,El Centrosaurio y el Puente de Lianas,Anonimo,dinosaurios_y_prehistoria,español,163,Cuentos para dormir,Colab AI,abca74bbfb05e29827fd10c4b5695ab7,"César era un tierno centrosaurio que poseía un gran cuerno curvado sobre su hocico y una gola tachonada de pequeñas puntas, pero su gran tamaño albergaba un espíritu pacífico y unas garras mansas. Un amanecer, una crecida del río socavó los cimientos de un puente colgante que la tribu de la edad de piedra utilizaba para cruzar hacia los helechos gigantes. Las lianas elásticas que sostenían la estructura se habían soltado de un extremo y caían sobre la arcilla blanda de la orilla. César, que bebía agua fresca cerca de allí, se acercó al ver el problema. Con mucho cuidado, usó su cuerno principal para enganchar los lazos sueltos de las lianas elásticas y tiró con fuerza hacia atrás, tensando la estructura y manteniéndola firme mientras los artesanos amarraban los nudos a unos troncos petrificados. Una vez reparado el puente, los constructores le dedicaron un tierno silbido de agradecimiento, a lo que César respondió entornando los ojos con un profundo y rugido amigable."
cuento_081,El Centrosaurio y el Puente de Piedra,Anonimo,dinosaurios_y_prehistoria,español,137,Cuentos para dormir,Colab AI,cd76fc7dfc75e09cab7d06af8f12b0da,"César era un tierno centrosaurio con un gran cuerno sobre su nariz y una gola decorada con ganchos óseos, pero detrás de su armadura se escondían unas garras mansas y un temperamento tranquilo. Una mañana de tormenta, el arroyo que cruzaba hacia la cueva misteriosa creció tanto que arrastró el pequeño puente que usaban los habitantes de la edad de piedra. Un grupo de cazadores quedó varado del otro lado, incapaz de cruzar la corriente sobre la arcilla blanda. César, que observaba desde los troncos petrificados, entró al agua con firmeza y apoyó su lomo contra la orilla firme, permitiendo que los hombres se sujetaran de su gola para cruzar a salvo. Una vez en tierra seca, los cazadores expresaron su gratitud con un tierno silbido, y el robusto dinosaurio cabeceó con un alegre y rugido amigable."
cuento_082,El Chasmosaurio y la Empalizada,Anonimo,dinosaurios_y_prehistoria,español,138,Cuentos para dormir,Colab AI,e99fa1a1e77e190c787e6697961a1b60,"Charly era un tierno chasmosaurio que poseía una gola ósea muy grande y ancha calada con grandes aberturas, pero su imponente aspecto guardaba un carácter pacífico y unas garras mansas. Una mañana, una fuerte corriente de agua proveniente del gran volcán comenzó a reblandecer la arcilla blanda que sostenía la empalizada de protección de un refugio de la edad de piedra. Los aldeanos intentaban sostener los postes usando cuerdas hechas de lianas elásticas, pero la fuerza del barro los vencía. Charly caminó tranquilamente hacia el lugar y apoyó su amplia gola contra los maderos principales, haciendo de contrafuerte natural mientras los humanos aseguraban las bases con troncos petrificados. Una vez que la estructura quedó firme, el líder de la tribu emitió un tierno silbido en señal de paz, y Charly asintió pausadamente con un tierno y rugido amigable."
cuento_083,El Chialingosaurus y el Canal de Riego,Anonimo,dinosaurios_y_prehistoria,español,147,Cuentos para dormir,Colab AI,da14df9883cf7045f3057071d6f21e32,"Cipriano era un tierno chialingosaurus, un dinosaurio de movimientos pausados y placas alineadas que habitaba cerca del gran cañón con garras mansas. Una mañana, un grupo de recolectores de la edad de piedra desviaba un pequeño arroyo hacia sus cultivos usando una hilera de troncos petrificados atados con lianas elásticas. De pronto, la presión del agua abrió una brecha en la base de arcilla blanda, amenazando con desmoronar el canal y secar las plantaciones. Cipriano, que buscaba un sitio sombreado entre los helechos gigantes de la orilla, vio la prisa de los humanos. Se aproximó con cuidado y recostó de lado su cuerpo blindado contra la grieta, tapando la fuga de agua perfectamente mientras los aldeanos reforzaban el dique con piedras y tierra. Al ver el agua correr segura, los recolectores emitieron un tierno silbido, y Cipriano parpadeó con dulzura respondiendo con un tierno y rugido amigable."
cuento_084,El Chialingosaurus y el Canasto de Frutas,Anonimo,dinosaurios_y_prehistoria,español,163,Cuentos para dormir,Colab AI,0bd844d0ab3f34d38eaf69275df2beb1,"Claudio era un tierno chialingosaurus, un dinosaurio de andar pausado y lomo espinoso que habitaba cerca del gran cañón con garras mansas. Una hermosa tarde, una abuela de la edad de piedra recolectaba frutos dulces de los arbustos bajos que crecían junto a una pendiente resbaladiza de arcilla blanda. Al intentar levantar su gran canasto, atado flojamente con lianas elásticas, el peso la venció y el recipiente rodó colina abajo, quedando atrapado entre las raíces de unos troncos petrificados. Claudio, que descansaba plácidamente bajo la sombra de unos helechos gigantes, vio lo ocurrido. Caminó despacio por el sendero lateral, se interpuso para que el canasto no siguiera cayendo y, utilizando la base plana de sus espinas de forma muy ingeniosa, empujó el contenedor cuesta arriba hasta devolverlo a las manos de la anciana. La mujer, conmovida por el noble gesto, acarició suavemente el hocico de su amigo emitiendo un tierno silbido, y Claudio parpadeó con dulzura respondiendo con un tierno y rugido amigable."
cuento_085,El Chialingosaurus y el Cargamento de Cañas,Anonimo,dinosaurios_y_prehistoria,español,158,Cuentos para dormir,Colab AI,34b29007c826649a1154f618df80e494,"Camilo era un tierno chialingosaurus, un tranquilo dinosaurio con hileras de espinas óseas en su lomo que caminaba con garras mansas. Al caer la tarde, una comitiva de artesanos de la edad de piedra regresaba con un gran cargamento de cañas para techar, amarradas fuertemente con lianas elásticas cerca del gran cañón. Al rodear un recodo, un desprendimiento bloqueó el sendero con troncos petrificados caídos y una densa masa de arcilla blanda que amenazaba con atrapar las valiosas lianas elásticas y las cañas. Camilo, que descansaba plácidamente bajo la sombra de los helechos gigantes, comprendió la situación de los viajeros. Se adentró en el barro y, utilizando las firmes espinas de su cola a modo de cuña y palanca, removió los troncos petrificados y apartó la arcilla blanda para despejar la ruta. Los artesanos, agradecidos por poder continuar su camino a salvo, entonaron un tierno silbido, y Camilo parpadeó con dulzura respondiendo con un tierno y rugido amigable."
cuento_086,El Chialingosaurus y el Cruce del Arroyo,Anonimo,dinosaurios_y_prehistoria,español,160,Cuentos para dormir,Colab AI,8a6621de70ab8f50e83d920d7ed173b5,"Charly era un tierno chialingosaurus, un dinosaurio acorazado con espinas defensivas que recorría las praderas con garras mansas. Un atardecer, una repentina tormenta en la cima del gran cañón hizo que un arroyo cercano creciera rápidamente, inundando los senderos con una densa capa de arcilla blanda y lodo. Un grupo de niños de la edad de piedra quedó atrapado en un islote en medio de la corriente, asustados porque el agua seguía subiendo. Charly, que buscaba un lugar seco para dormir entre los helechos gigantes, escuchó los lamentos. Sin dudarlo, caminó hacia el agua fangosa y se interpuso firmemente entre la corriente y el islote, disminuyendo la fuerza del agua. Los adultos de la tribu arrojaron lianas elásticas y, usándolas para sostenerse de la fuerte armadura del dinosaurio, cruzaron a salvo a los pequeños. Al estar todos a salvo, la comunidad entonó un tierno silbido de gratitud, y Charly asintió con la cabeza respondiendo con un tierno y rugido amigable."
cuento_087,El Chialingosaurus y el Paso del Barranco,Anonimo,dinosaurios_y_prehistoria,español,151,Cuentos para dormir,Colab AI,6a3ab3e1d2f3db15f4ba881450efbf31,"Claudio era un tierno chialingosaurus, un tranquilo dinosaurio con espinas defensivas en su lomo que caminaba con garras mansas. Al caer la tarde, una partida de exploradores de la edad de piedra regresaba a la aldea cerca del gran cañón portando pesados suministros asegurados con lianas elásticas. Al intentar cruzar un estrecho paso, descubrieron que un desprendimiento de tierra había cubierto el camino con una espesa capa de arcilla blanda, bloqueando el avance con viejos troncos petrificados caídos. Claudio, que descansaba plácidamente bajo la sombra de unos helechos gigantes, notó el cansancio de los viajeros. Se adentró en el camino obstruido y, utilizando con gran destreza las firmes espinas de su cola a modo de palanca, removió los troncos petrificados y despejó la arcilla blanda para abrirles paso. Los exploradores, agradecidos por la oportuna ayuda, entonaron un tierno silbido, y Claudio parpadeó con dulzura respondiendo con un tierno y rugido amigable."
cuento_088,El Chialingosaurus y el Resguardo del Alfarero,Anonimo,dinosaurios_y_prehistoria,español,160,Cuentos para dormir,Colab AI,256ed077bc1c76ac38585af2976502cf,"Camilo era un tierno chialingosaurus, un dinosaurio de movimientos tranquilos y lomo cubierto de hileras de espinas que avanzaba con garras mansas. Al caer la noche cerca del gran cañón, un alfarero de la edad de piedra moldeaba vasijas utilizando arcilla blanda de la mejor calidad. De repente, el viento comenzó a soplar con fuerza, amenazando con derribar el frágil cobertizo de lianas elásticas y ramas que protegía sus piezas frescas antes de ser cocidas entre los troncos petrificados. Camilo, que buscaba un lugar para dormir bajo la sombra de los helechos gigantes, notó la desesperación del artesano. Se colocó firmemente de espaldas al viento, justo al lado del cobertizo, usando su ancho lomo y sus espinas para desviar las ráfagas de aire y crear un muro perfecto que mantuvo todo en calma. El alfarero, sumamente agradecido por salvar su trabajo de días, sonrió emitiendo un tierno silbido, y Camilo parpadeó con ternura respondiendo con un tierno y rugido amigable."
cuento_089,El Chialingosaurus y la Contención del Canal,Anonimo,dinosaurios_y_prehistoria,español,154,Cuentos para dormir,Colab AI,3b4ebfe5d795ab97fb353bae8ff0c2d0,"Claudio era un tierno chialingosaurus, un dinosaurio de movimientos calmados y lomo provisto de hileras de espinas que habitaba cerca del gran cañón con garras mansas. Un mediodía, un grupo de cazadores de la edad de piedra intentaba almacenar agua limpia construyendo una pequeña represa con troncos petrificados atados con lianas elásticas. Sin embargo, la presión del agua comenzó a filtrar a través de una grieta en la arcilla blanda de la base, amenazando con deshacer toda la estructura. Claudio, que buscaba un refugio fresco entre los helechos gigantes de la ladera, notó el problema. Se aproximó con cuidado y presionó de costado la base plana de sus placas y espinas contra la filtración, actuando como un sello perfecto mientras los humanos reforzaban la pared con tierra fresca. Al ver la represa asegurada, los hombres entonaron un tierno silbido de gratitud, y Claudio movió sutilmente su cola respondiendo con un tierno y rugido amigable."
cuento_090,El Chialingosaurus y la Fogata Protegida,Anonimo,dinosaurios_y_prehistoria,español,146,Cuentos para dormir,Colab AI,e4d1fd3f4abc0cf4ff16126523beba03,"Camilo era un tierno chialingosaurus, un dinosaurio acorazado con hileras de placas y espinas dobles que caminaba con garras mansas. Una tarde, una familia de la edad de piedra intentaba encender una fogata ceremonial frente a la cueva misteriosa, pero la fuerte brisa proveniente del gran volcán soplaba cenizas y amenazaba con esparcir las brasas sobre la arcilla blanda del suelo. Si el fuego se apagaba, la oscuridad los alcanzaría. Camilo, que descansaba entre unos helechos gigantes, comprendió el problema y avanzó despacio hasta rodear la hoguera con su cuerpo bajo y fuerte. Su armadura de placas sirvió como un escudo térmico y un rompevientos perfecto, permitiendo que las llamas crecieran seguras. El chamán de la tribu, agradecido por el resguardo, arrimó unas raíces dulces al dinosaurio emitiendo un tierno silbido, a lo que Camilo respondió moviendo suavemente su cola con un tierno y rugido amigable."
cuento_091,El Chialingosaurus y la Recolección de Huevos,Anonimo,dinosaurios_y_prehistoria,español,157,Cuentos para dormir,Colab AI,5b59f1ef9fff1594fa74fc86fabd00d2,"Cipriano era un tierno chialingosaurus, un dinosaurio de lomo espinado y andar tranquilo que habitaba los valles con garras mansas. Una tarde, unos jóvenes de la edad de piedra buscaban huevos de aves silvestres en los riscos del gran cañón. Para descender por la pendiente resbaladiza, se sujetaban de una cuerda trenzada con lianas elásticas amarrada a unos troncos petrificados. El terreno de la orilla superior, compuesto de arcilla blanda, comenzó a reblandecerse por el peso, haciendo que los maderos amenazaran con soltarse por completo. Cipriano, que buscaba un sitio fresco para descansar entre los helechos gigantes, vio el peligro de los muchachos. Avanzó con decisión y plantó sus fuertes patas sobre la base de los troncos, hundiéndose lo justo para hacer contrapeso con su cuerpo y mantener la cuerda firme hasta que todos subieron. Los jóvenes, a salvo, sonrieron aliviados emitiendo un tierno silbido, y Cipriano parpadeó con ternura respondiendo con un tierno y rugido amigable."
cuento_092,El Chialingosaurus y la Torre de los Vigías,Anonimo,dinosaurios_y_prehistoria,español,143,Cuentos para dormir,Colab AI,12e6ebed75e3ac36a3f044ef36c2f0b7,"Camilo era un tierno chialingosaurus, un dinosaurio tranquilo protegido por espinas óseas en su lomo que deambulaba por los valles con garras mansas. Al atardecer, unos vigías de la edad de piedra reparaban su torre de observación cerca del gran volcán. El andamiaje, construido a base de troncos petrificados unidos con tiras de lianas elásticas, comenzó a hundirse de un lado debido a una veta húmeda de arcilla blanda, dejando a los vigías atrapados y asustados en las alturas. Camilo, que descansaba a la sombra de los helechos gigantes, vio la estructura tambalearse. Caminó despacio y se colocó estratégicamente debajo del lado caído, usando su firme y ancha espalda para nivelar la torre. Los vigías lograron bajar a salvo y reforzar los cimientos. Agradecidos por el rescate, emitieron un tierno silbido, y Camilo parpadeó con calma respondiendo con un tierno y rugido amigable."
cuento_093,El Chialingosaurus y la Trampa de Barro,Anonimo,dinosaurios_y_prehistoria,español,151,Cuentos para dormir,Colab AI,a94e819f9e83797188278b45bd9e1d77,"Camilo era un tierno chialingosaurus, un dinosaurio de andar pausado y lomo espinoso que habitaba cerca del gran cañón con garras mansas. Una mañana, unas recolectoras de la edad de piedra recolectaban raíces cerca de una zona pantanosa de arcilla blanda. Por accidente, una canasta repleta de alimentos resbaló y quedó atrapada entre unos troncos petrificados rodeados de lodo denso; las lianas elásticas con las que intentaban jalarla no resistían el peso del barro. Camilo, que buscaba un rincón fresco para descansar entre los helechos gigantes, se aproximó a mirar. Comprendiendo la situación, se adentró un poco en el terreno movedizo y usó el extremo plano de sus placas óseas para hacer palanca debajo de la canasta, levantándola hasta el suelo firme donde estaban las mujeres. Las recolectoras, felices de recuperar su comida intacta, sonrieron emitiendo un tierno silbido, y Camilo parpadeó con dulzura respondiendo con un tierno y rugido amigable."
cuento_094,El Chialingosaurus y la Trampa de Peces,Anonimo,dinosaurios_y_prehistoria,español,165,Cuentos para dormir,Colab AI,81f3d83270b40db7afcc38b0a4d559d0,"Cipriano era un tierno chialingosaurus, un tranquilo dinosaurio acorazado con hileras de espinas en su lomo que deambulaba con garras mansas. Al caer la tarde, unos pescadores de la edad de piedra revisaban sus trampas de río cerca de la cueva misteriosa. Las redes estaban sujetas a las orillas con lianas elásticas atadas a troncos petrificados pesados, pero una fuerte crecida arrastró toneladas de arcilla blanda que sepultaron los amarres bajo el agua fangosa. Los hombres no podían desatar las lianas y temían perder sus redes. Cipriano, que tomaba agua fresca protegido por la densa sombra de los helechos gigantes, entendió el dilema de los humanos. Se adentró en la orilla del río y, usando las fuertes espinas de su cola con mucho cuidado, removió la arcilla blanda y apalancó los troncos petrificados para liberar las cuerdas atrapadas. Los pescadores jalaron sus redes llenas a la orilla y, felices, emitieron un tierno silbido, mientras Cipriano parpadeaba con dulzura respondiendo con un tierno y rugido amigable."
cuento_095,El Chialingosaurus y las Arcillas del Alfarero,Anonimo,dinosaurios_y_prehistoria,español,148,Cuentos para dormir,Colab AI,702e58e439e0eff90a905961a9fd31d3,"Claudio era un tierno chialingosaurus, un dinosaurio de movimientos pausados y espinas defensivas que paseaba con garras mansas. Al atardecer, un joven alfarero de la edad de piedra transportaba un pesado bloque de arcilla blanda hacia su taller cerca del gran volcán. El bloque iba sobre un trineo de madera arrastrado por lianas elásticas, pero una de las cuerdas se enredó fuertemente debajo de unos troncos petrificados enterrados en el camino, inmovilizando la carga. El joven tiraba con fuerza, pero no lograba liberarla. Claudio, que descansaba plácidamente bajo la fresca sombra de los helechos gigantes, se percató de la situación. Caminó hacia el obstáculo y, usando con destreza el borde de su cola, levantó el tronco petrificado lo suficiente para desatorar las lianas sin romperlas. El alfarero, muy agradecido por la oportuna ayuda, emitió un tierno silbido, y Claudio parpadeó amablemente respondiendo con un tierno y rugido amigable."
cuento_096,El Chialingosaurus y las Canastas a Salvo,Anonimo,dinosaurios_y_prehistoria,español,147,Cuentos para dormir,Colab AI,7e52e56ef4106d6cd0acb87f83ac743c,"Claudio era un tierno chialingosaurus, un dinosaurio con llamativas hileras de espinas óseas que caminaba por las llanuras con garras mansas. Un amanecer, unas madres de la edad de piedra preparaban canastas tejidas con lianas elásticas para almacenar los frutos del verano cerca de la cueva misteriosa. De repente, una manada de pequeños e incautos reptiles corredores pasó asustada por el lugar, amenazando con aplastar las valiosas provisiones dispuestas sobre la arcilla blanda. Claudio, que observaba la escena desde un bosque de helechos gigantes, reaccionó de inmediato. Se colocó rápidamente de costado frente a las canastas, levantando ligeramente sus placas para formar una barrera natural inquebrantable. Los pequeños corredores se desviaron a los lados, dejando el trabajo de las mujeres intacto. Aliviadas, las madres agradecieron el noble gesto entonando un tierno silbido, y Claudio movió su cola espinosa con cuidado respondiendo con un tierno y rugido amigable."
cuento_097,El Chialingosaurus y las Cestas de Frutas,Anonimo,dinosaurios_y_prehistoria,español,143,Cuentos para dormir,Colab AI,61293aa80560fc2f9865d7a214e96f19,"Camilo era un tierno chialingosaurus, un dinosaurio de movimientos pausados y espinas defensivas que paseaba con garras mansas. Una mañana, unas recolectoras de la edad de piedra cargaban cestas llenas de frutas silvestres cerca del gran volcán, amarradas fuertemente con lianas elásticas. Mientras descansaban sobre unos troncos petrificados, una de las cestas rodó por la pendiente y cayó directamente en un charco de arcilla blanda, hundiéndose rápidamente. Camilo, que saboreaba la vegetación baja protegido por la sombra de los helechos gigantes, se percató de lo ocurrido. Caminó hacia el charco y, usando con gran destreza las finas espinas de su cola, enganchó el asa de lianas elásticas de la cesta sin dañar los frutos, sacándola con suavidad del lodo denso. Las mujeres, contentas por salvar el alimento, entonaron un tierno silbido, y Camilo parpadeó con dulzura respondiendo con un tierno y rugido amigable."
cuento_098,El Chialingosaurus y las Cestas de Resina,Anonimo,dinosaurios_y_prehistoria,español,160,Cuentos para dormir,Colab AI,00ce691a312f348bf05c219e1d30841a,"Cipriano era un tierno chialingosaurus, un tranquilo dinosaurio provisto de hileras de espinas defensivas que paseaba con garras mansas. Al caer la tarde, unos recolectores de la edad de piedra transportaban pesadas cestas llenas de resina vegetal cerca del gran cañón, aseguradas con tiras de lianas elásticas. Mientras descansaban junto a unos troncos petrificados, un desprendimiento en la ladera cubrió el sendero con una capa de arcilla blanda, sepultando las lianas elásticas de las que dependían para mover la carga. Cipriano, que descansaba plácidamente bajo la densa sombra de los helechos gigantes, vio el apuro de los humanos. Se adentró en la zona afectada y, utilizando con gran precisión las espinas de su cola a modo de rastrillo, removió los troncos petrificados caídos y retiró la arcilla blanda de las asas de las cestas sin romperlas. Los recolectores, felices de recuperar la valiosa resina, entonaron un tierno silbido, y Cipriano parpadeó con afecto respondiendo con un tierno y rugido amigable."
cuento_099,El Chialingosaurus y las Lianas de Rescate,Anonimo,dinosaurios_y_prehistoria,español,167,Cuentos para dormir,Colab AI,3bdd9df3c439705e83aeffc3d15f5b44,"Charly era un tierno chialingosaurus, un dinosaurio acorazado emparentado con los estegosáuridos, provisto de hileras de placas óseas y espinas sobre su lomo, que caminaba por los senderos con garras mansas. Un crepúsculo, un niño de la edad de piedra que buscaba frutas silvestres resbaló accidentalmente por una pendiente empinada del gran cañón, quedando atrapado en una cornisa estrecha rodeada de arcilla blanda. Sus padres intentaban alcanzarlo arrojando lianas elásticas, pero el viento de la tarde desviaba las cuerdas y no llegaban al fondo. Charly, que descansaba cerca de unos troncos petrificados, se aproximó firmemente al borde del abismo. Permitió que los adultos amarraran con cuidado las lianas elásticas a las fuertes espinas de sus hombros para usarlas como un anclaje inamovible. Con el dinosaurio bien plantado en el suelo, el padre pudo descender de forma segura y rescatar a su hijo. Al estar todos reunidos arriba, la familia entonó un tierno silbido de gratitud, y Charly asintió moviendo su cola con un tierno y rugido amigable."
cuento_100,El Chialingosaurus y las Pinturas de la Cueva,Anonimo,dinosaurios_y_prehistoria,español,159,Cuentos para dormir,Colab AI,b7aee74991c79907211dc1d0354530a7,"César era un tierno chialingosaurus, un dinosaurio acorazado con hileras de espinas bien alineadas que paseaba por los valles con garras mansas. En el interior de la cueva misteriosa, un anciano artista de la edad de piedra pintaba historias en las paredes utilizando pigmentos naturales mezclados con arcilla blanda. Sin embargo, las zonas más altas de la roca eran inalcanzables para él, y las lianas elásticas que tenía no servían para colgarse en esa zona lisa. César, que solía buscar sombra bajo los helechos gigantes cerca de la entrada, entró despacio al refugio al notar el dilema. Se colocó junto a la pared de roca, ofreciendo su lomo firme y bajo como una plataforma perfecta. El artista, sonriendo, subió con cuidado sobre el dinosaurio, logrando terminar sus dibujos con total comodidad. Al bajar, el pintor limpió suavemente las placas de su ayudante emitiendo un tierno silbido, y César movió alegremente la cola respondiendo con un tierno y rugido amigable."
cuento_101,El Chialingosaurus y las Pinturas de la Cueva 1,Anonimo,dinosaurios_y_prehistoria,español,153,Cuentos para dormir,Colab AI,df64a7503427f7bf6870e70c3930387a,"Cipriano era un tierno chialingosaurus, un dinosaurio de andar pausado y lomo espinoso que habitaba cerca del gran cañón con garras mansas. Una mañana, un pintor de la edad de piedra preparaba tintes naturales mezclando resinas y arcilla blanda dentro de la cueva misteriosa. Mientras trabajaba en una zona alta apoyado sobre unos troncos petrificados, un pequeño temblor hizo que sus andamios hechos de lianas elásticas comenzaran a tambalearse peligrosamente, amenazando con tirar todo su material. Cipriano, que buscaba un rincón fresco para descansar entre los helechos gigantes de la entrada, entró al notar el peligro. Se colocó rápidamente al pie de la estructura, usando la base plana de sus espinas óseas para atrancar el andamio contra la pared de roca, devolviéndole la estabilidad al instante. El pintor, aliviado al verse a salvo con sus pinturas, sonrió emitiendo un tierno silbido, y Cipriano parpadeó con dulzura respondiendo con un tierno y rugido amigable."
cuento_102,El Chialingosaurus y las Pinturas de la Cueva 2,Anonimo,dinosaurios_y_prehistoria,español,166,Cuentos para dormir,Colab AI,71fcd41e1d8346f5323430854b6dd87e,"Claudio era un tierno chialingosaurus, un dinosaurio de movimientos lentos y lomo protegido por espinas óseas que habitaba los valles con garras mansas. Una mañana, un artista de la edad de piedra pintaba escenas de caza en las paredes interiores de la cueva misteriosa. Para alcanzar las partes más altas del techo rocoso, utilizaba un andamio hecho de troncos petrificados atados con lianas elásticas. Sin embargo, una de las patas de la estructura se asentó sobre una veta de arcilla blanda, haciendo que el andamio se tambaleara peligrosamente con el pintor encima. Claudio, que buscaba la frescura de la cueva entre los densos helechos gigantes de la entrada, presenció el peligro. Avanzó con cuidado y colocó su ancho y estable lomo justo debajo del soporte inclinado, devolviéndole el equilibrio al instante. El artista pudo descender a salvo y asegurar la base. Muy aliviado, el pintor acarició el costado del dinosaurio emitiendo un tierno silbido, y Claudio parpadeó con dulzura respondiendo con un tierno y rugido amigable."
cuento_103,El Chialingosaurus y los Frutos del Barranco,Anonimo,dinosaurios_y_prehistoria,español,152,Cuentos para dormir,Colab AI,ae86d924a52d1076d2b1558252d68c7e,"Claudio era un tierno chialingosaurus, un dinosaurio de andar pausado y lomo espinado que habitaba los valles con garras mansas. Una mañana, unas recolectoras de la edad de piedra localizaban arbustos cargados de frutos dulces en la pendiente del gran cañón. Al intentar alcanzarlos, el borde del terreno, compuesto de arcilla blanda, comenzó a desmoronarse sobre unos troncos petrificados del fondo, dejando a una de las mujeres sujeta únicamente de unas lianas elásticas que colgaban de la parte superior. Claudio, que buscaba un rincón con sombra entre los helechos gigantes, presenció el peligro. Avanzó con cuidado por una vereda lateral y se colocó exactamente debajo de la recolectora, ofreciéndole su firme y espacioso lomo acorazado para que apoyara los pies con seguridad y pudiera subir de regreso sin caer. Las recolectoras, a salvo y felices, sonrieron emitiendo un tierno silbido, y Claudio parpadeó con ternura respondiendo con un tierno y rugido amigable."
cuento_104,El Coelophysis y el Fruto Dorado,Anonimo,dinosaurios_y_prehistoria,español,136,Cuentos para dormir,Colab AI,a9ffa90bec3a8f632f43343a31c46230,"Claudio era un tierno coelophysis de cuerpo delgado y movimientos ágiles que corría con garras mansas entre los árboles ancestrales. Un día, una niña de la edad de piedra intentaba recolectar un fruto dorado muy alto que crecía junto al gran cañón, pero la rama estaba demasiado lejos y el suelo de arcilla blanda junto al borde era inestable. Claudio, viendo la situación, trepó con destreza usando unas lianas elásticas que colgaban cerca. Con la punta de su hocico, empujó suavemente el tallo del fruto para que cayera justo en las manos de la pequeña, manteniéndose él a una distancia segura para no asustarla. La niña, feliz con su hallazgo, le dedicó un tierno silbido de agradecimiento, y el pequeño y veloz dinosaurio dio una vuelta sobre sí mismo respondiendo con un agudo pero rugido amigable."
cuento_105,El Coelophysis y el Rescate de las Pinturas,Anonimo,dinosaurios_y_prehistoria,español,132,Cuentos para dormir,Colab AI,ea6c6430bf40b05675fec9b658b62fd1,"Cali era un tierno coelophysis, pequeño y sumamente ágil, que habitaba en las inmediaciones de una cueva misteriosa. Sus garras mansas le permitían sujetarse con destreza de las rocas más resbaladizas. Un día, un artista de la edad de piedra olvidó sus cuencos con pigmentos naturales sobre una repisa elevada en los árboles ancestrales justo antes de que comenzara una fuerte tormenta. Al ver que el agua disolvería los colores sobre la arcilla blanda, Cali trepó velozmente ayudándose de unas lianas elásticas. Con gran cuidado, tomó los recipientes uno a uno y los llevó al interior de la caverna, poniéndolos a salvo bajo la mirada aliviada de la tribu. Los humanos lo recibieron con un tierno silbido de alegría, y el pequeño dinosaurio dio un brinco emitiendo un agudo pero rugido amigable."
cuento_106,El Compsognathus y el Hilo Perdido,Anonimo,dinosaurios_y_prehistoria,español,140,Cuentos para dormir,Colab AI,cb0bb25df04a278b38e2d974b56b208d,"Camilo era un tierno compsognathus, un dinosaurio tan pequeño y ligero que podía correr sobre las hojas de los helechos gigantes sin doblarlas. Poseía unas garras mansas que utilizaba con gran agilidad. Una tarde, una tejedora de la edad de piedra trabajaba cerca del gran cañón cuando su aguja de hueso y su hilo hecho de lianas elásticas rodaron por una grieta muy estrecha en la arcilla blanda. La mujer no podía meter la mano y temía perder su herramienta de trabajo. Camilo, que observaba desde los árboles ancestrales, saltó con destreza dentro de la hendidura. Con mucha paciencia, sujetó el hilo con su pequeño hocico y trepó de vuelta para entregárselo a la artesana. La mujer, sonriendo aliviada, le dedicó un tierno silbido de agradecimiento, y el diminuto dinosaurio dio un brinco despidiéndose con un agudo pero rugido amigable."
cuento_107,El Compsognathus y el Huevo Gigante,Anonimo,dinosaurios_y_prehistoria,español,163,Cuentos para dormir,Colab AI,16c1ac7359e23293c92a0e13be046a72,"Titán era un compsognathus tan pequeño que cabía perfectamente sobre la huella de un tiranosaurio rex. A pesar de su tamaño, tenía una curiosidad gigante. Una tarde, mientras exploraba un bosque de troncos petrificados, encontró un enorme huevo abandonado cerca de una cueva misteriosa. Al ver que se acercaba una tormenta eléctrica, Titán supo que debía protegerlo. Aunque sus brazos eran diminutos y no podía moverlo, el pequeño dinosaurio comenzó a recolectar hojas de helecho gigantes y lianas suaves para construir un nido protector a su alrededor. Pasó horas trabajando bajo la lluvia prehistórica, cubriendo el cascarón con piedras brillantes para mantener el calor. Al amanecer, el huevo comenzó a romperse y de él asomó un tierno bebé braquiosaurio. El enorme recién nacido miró a Titán y lanzó un rugido amigable, lamiendo su pequeño rostro con ternura. Titán sonrió con orgullo; había demostrado que no se necesita ser un gigante en la prehistoria para realizar las acciones más grandes y bondadosas del mundo."
cuento_108,El Compsognathus y el Laberinto de Raíces,Anonimo,dinosaurios_y_prehistoria,español,129,Cuentos para dormir,Colab AI,8ce136ae5610b2b09d85b78d45cc28e2,"En lo profundo del bosque donde los árboles ancestrales entrelazaban sus copas, habitaba un tierno compsognathus llamado Coty. Aunque era del tamaño de una pequeña ave, sus garras mansas y su agilidad lo hacían un gran explorador. Una tarde, una anciana de la edad de piedra entró a buscar raíces medicinales entre los helechos gigantes, pero el descenso de una niebla espesa la desorientó por completo cerca de los troncos petrificados. Coty, saltando de rama en rama sobre las lianas elásticas, comenzó a hacer ruido golpeando suavemente las cortezas. La anciana, siguiendo el sonido sobre la arcilla blanda, logró encontrar el sendero despejado del desfiladero. Antes de salir al valle, dedicó un tierno silbido al diminuto guía, quien paró las orejas y emitió su más fuerte y rugido amigable."
cuento_109,El Compsognathus y la Cuenta Perdida,Anonimo,dinosaurios_y_prehistoria,español,137,Cuentos para dormir,Colab AI,f7d7261fa468fcf4a55b10965dfdc6b7,"Kiko era un tierno compsognathus, un dinosaurio tan pequeño que podía esconderse fácilmente bajo una hoja de los helechos gigantes. A pesar de su tamaño, sus garras mansas eran sumamente precisas. Un día, una niña de la edad de piedra se encontraba en la cueva misteriosa ensartando cuentas de piedra de colores en unas lianas elásticas para hacer un collar, cuando la cuenta principal rodó y cayó en una grieta profunda de la arcilla blanda. Kiko, que observaba desde los árboles ancestrales, bajó de un salto y se escurrió por la estrecha ranura. En pocos segundos, regresó a la superficie con la pequeña piedra en su hocico y la dejó a los pies de la niña. Ella sonrió con alegría y emitió un tierno silbido, mientras el diminuto dinosaurio daba saltitos con un agudo pero rugido amigable."
cuento_110,El Compsognathus y las Semillas Perdidas,Anonimo,dinosaurios_y_prehistoria,español,147,Cuentos para dormir,Colab AI,203ed9736825007b8779a5ba1e6acb2d,"Ciro era un tierno compsognathus, un dinosaurio tan pequeño como un ave, sumamente veloz y de garras mansas, que vivía cazando pequeños insectos entre los troncos petrificados. Una mañana, una recolectora de la edad de piedra tropezó cerca de los helechos gigantes, derramando su vasija llena de semillas silvestres dentro de una grieta profunda y angosta en la arcilla blanda. Ningún humano podía meter la mano allí sin arriesgarse a quedar atrapado. Ciro, que observaba desde una rama, bajó de un salto y se introdujo con ligereza en la hendidura. Utilizando sus diminutas manos con extrema delicadeza, fue sacando las semillas una a una y colocándolas sobre una hoja ancha hasta vaciar la grieta. La mujer, conmovida por la ayuda del pequeño animal, le ofreció una baya y emitió un tierno silbido, y el diminuto corredor dio un salto alegre respondiendo con un agudo pero rugido amigable."
cuento_111,El Coritosaurio y el Concierto en la Niebla,Anonimo,dinosaurios_y_prehistoria,español,133,Cuentos para dormir,Colab AI,09ad14f79cdabb6497d110764e4fa718,"Cora era una tierna coritosaurio que poseía una hermosa cresta redondeada en su cabeza, capaz de modular los sonidos más dulces del desfiladero. Una noche, una niebla espesa cubrió por completo la llanura, provocando que un grupo de cazadores de la edad de piedra se dispersara y perdiera el rumbo hacia su campamento base. Al notar el eco de sus voces asustadas entre los árboles ancestrales, Cora subió a una plataforma de troncos petrificados. Comenzó a emitir notas suaves y rítmicas a través de su cresta, creando una melodía guía que atravesaba la bruma sobre la arcilla blanda. Siguiendo la música, los cazadores lograron reunirse sanos y salvos junto a los helechos gigantes. Al encontrarse, alzaron un unánime y tierno silbido al unísono, y Cora les contestó con un profundo y rugido amigable."
cuento_112,El Corythosaurio y las Luces del Volcán,Anonimo,dinosaurios_y_prehistoria,español,147,Cuentos para dormir,Colab AI,e00cd28ae3b5e3dd4126b15154701a20,"Claudio era un tierno corythosaurio que llevaba una hermosa cresta en forma de casco sobre su cabeza, la cual le servía para modular sonidos muy dulces. Vivía cerca de la llanura, donde siempre caminaba con garras mansas para no despertar a los animales pequeños. Una noche, una densa niebla espesa bajó desde el gran volcán, cubriendo por completo los troncos petrificados y dejando a oscuras a unos niños de la edad de piedra que regresaban a la cueva misteriosa. Al notar su miedo, Claudio sopló a través de su cresta, emitiendo una frecuencia baja y rítmica que disipaba la humedad a su paso. Los niños siguieron el eco y las vibraciones del suelo sobre la arcilla blanda hasta llegar a sus hogares. A salvo con sus familias, todos entonaron un tierno silbido hacia la penumbra, y Claudio contestó desde la distancia con un melodioso y rugido amigable."
cuento_113,El Corythosaurus y el Rescate en la Niebla,Anonimo,dinosaurios_y_prehistoria,español,132,Cuentos para dormir,Colab AI,75274c7ac095a9ebfbfdc24de2926eb4,"Cori era un tierno corythosaurus con una hermosa cresta redondeada en forma de casco sobre su cabeza. Un atardecer, una niebla espesa y fría cubrió por completo los árboles ancestrales, haciendo que un recolector de la edad de piedra perdiera el rumbo y quedara atrapado en una zona de arcilla blanda cerca del gran cañón. Al escuchar los llamados de auxilio, Cori utilizó las cavidades internas de su cresta para emitir un sonido resonante y melodioso que atravesó la densa bruma. El recolector siguió el eco del sonido, usándolo como una guía segura para salir del peligro entre las lianas elásticas. Al encontrarse cara a cara en terreno firme, el hombre agradeció la ayuda con un tierno silbido, y el gigante de garras mansas lo despidió con un tierno y rugido amigable."
cuento_114,El Corythosaurus y la Alerta del Volcán,Anonimo,dinosaurios_y_prehistoria,español,58,Cuentos para dormir,Colab AI,c386de847ec569920ce566d70d5896b0,"Claudio era un tierno corythosaurus con una cresta musical. Cuando el gran volcán vibró, la arcilla blanda del valle empezó a ceder. Claudio usó su cresta para emitir un sonido potente que alertó a la tribu que trabajaba con troncos petrificados. Gracias a él, todos se pusieron a salvo. Los humanos silbaron y Claudio dio un rugido amigable."
cuento_115,El Cumpleaños del Pequeño T-Rex,Anonimo,dinosaurios_y_prehistoria,español,138,Cuentos para dormir,Colab AI,c632336c4817ad42dfa629efbadb3b52,"Tati era un pequeño tiranosaurio rex que cumplía años el día en que florecían los árboles ancestrales. A pesar de su gran tamaño, Tati era un dinosaurio de garras mansas que prefería jugar a las escondidas antes que asustar a los habitantes del desfiladero. Para darle una sorpresa, sus amigos del valle se reunieron en secreto dentro de una cueva misteriosa cubierta de lianas elásticas. Prepararon un gran pastel hecho de frutos dulces y lo adornaron con hojas de helecho gigantes y piedras brillantes de colores sobre la arcilla blanda. Cuando Tati entró buscando refugio de una suave lluvia prehistórica, todos los animales salieron de sus escondites lanzando un rugido amigable de felicitación. Tati sopló las hojas secas con un tierno silbido de felicidad, conmovido por el cariño de su manada en ese día tan especial y mágico."
cuento_116,El Deinocheirus y el Huerto de Bayas,Anonimo,dinosaurios_y_prehistoria,español,50,Cuentos para dormir,Colab AI,ed56e745169087cc9e40e83249a2ee14,"Darío era un tierno deinocheirus de brazos largos y garras mansas. La tribu intentaba cercar un huerto con troncos petrificados y lianas elásticas, pero el suelo era pura arcilla blanda. Darío cavó hasta encontrar tierra firme para los postes. Los niños silbaron de alegría y Darío lanzó un rugido amigable."
cuento_117,El Desafío del Laberinto de Piedra,Anonimo,dinosaurios_y_prehistoria,español,172,Cuentos para dormir,Colab AI,34122efdb532fd1411de2a982ac785e2,"Nico era un joven parasaurolophus que destacaba por la gran cresta alargada sobre su cabeza. Una tarde de juegos, siguiendo el rastro de unas huellas gigantes, entró al desfiladero de los susurros y terminó atrapado en un laberinto de cañones de piedra. La niebla espesa comenzó a bajar, borrando el camino y asustando al pequeño dinosaurio. Recordando las lecciones de su manada, Nico sopló aire a través de su cresta, emitiendo un sonido profundo y musical que resonó en las paredes rocosas. El eco de su canto prehistórico viajó por todo el valle, rebotando entre lianas y árboles ancestrales. A lo lejos, su madre escuchó la melodía y respondió con un rugido amigable que sirvió de guía. Nico siguió el sonido de vuelta, usando sus garras mansas para abrirse paso entre los arbustos hasta salir a terreno seguro. Al ver a su familia, lanzó un silbido de alegría. Aquella noche, Nico comprendió que su hermosa cresta no solo servía para adornar, sino que era una brújula musical perfecta para no perderse jamás."
cuento_118,El Desafío del Río de Arcilla,Anonimo,dinosaurios_y_prehistoria,español,145,Cuentos para dormir,Colab AI,65509238daa2312147cff11751810b1e,"Ula y Jon, dos hermanos de la edad de piedra, caminaban por la llanura recolectando piedras brillantes cuando se toparon con un tramo donde el suelo se había convertido en una densa arcilla blanda debido a las lluvias del gran cañón. Cruzar a pie era imposible, y una niebla espesa empezaba a dificultar la visión. De entre los árboles ancestrales asomó un tierno triceratops que los conocía bien. Con sus garras mansas y sus fuertes patas, el dinosaurio se paró a la orilla del lodazal y enganchó unas lianas elásticas muy fuertes en sus cuernos, ofreciendo el otro extremo a los niños. Usando su gran fuerza, los jaló uno a uno a través del terreno difícil. Al estar a salvo en los troncos petrificados, los hermanos lo abrazaron con un tierno silbido de gratitud, y el valle se llenó con un eco de rugido amigable."
cuento_119,El Desfiladero de los Sonidos Dulces,Anonimo,dinosaurios_y_prehistoria,español,145,Cuentos para dormir,Colab AI,cca9914bc9020d461fde16faa94ed1e8,"Tobi era un joven triceratops al que le encantaba escuchar el sonido del viento cuando pasaba a través de las rocas del cañón. Un día de densa niebla espesa, Tobi descubrió que al soplar suavemente cerca de unos troncos petrificados que tenían agujeros naturales, se producía una música hermosa y relajante. Decidido a compartir su descubrimiento, invitó a una manada de pequeños parasaurolophus a unirse al juego. Juntos, comenzaron a picar el aire con sus silbidos, haciendo que la música envolviera toda la llanura de arcilla blanda. El dulce sonido fue tan poderoso que guió a los animales que se encontraban perdidos por la niebla de regreso a la cueva misteriosa. Al encontrarse todos a salvo bajo el refugio de lianas elásticas, celebraron la melodía con un rugido amigable, demostrando que la unión y la creatividad podían iluminar el día más oscuro de la prehistoria."
cuento_120,El Despertar del Gran Volcán,Anonimo,dinosaurios_y_prehistoria,español,170,Cuentos para dormir,Colab AI,96d1809cccb208ca2f87c9299d9ee8bd,"Tito era un pequeño estegosaurio que adoraba pasear cerca de las laderas de la gran montaña de piedra. Una tarde, el suelo comenzó a vibrar con suavidad y un humo gris empezó a salir del gran volcán, asustando a los reptiles alados que huyeron hacia el horizonte. La manada de herbívoros entró en pánico al ver que las cenizas cubrían las hojas de helecho gigantes, borrando el camino seguro. Tito, manteniendo la calma, recordó una cueva misteriosa que había descubierto días atrás cerca del río de lodo. Lanzando un rugido amigable, llamó la atención de los pequeños triceratops y comenzó a correr con paso firme, dejando enormes huellas en la arcilla blanda para que todos lo siguieran. Cruzaron un laberinto de lianas elásticas justo a tiempo para refugiarse en la profunda gruta de piedra. Desde el interior, protegidos del calor, vieron cómo la montaña liberaba su energía. Al amanecer, el peligro pasó y la manada felicitó al valiente Tito, el pequeño guía que salvó al valle con su gran memoria."
cuento_121,El Dilofosaurio y el Reflejo de la Luna,Anonimo,dinosaurios_y_prehistoria,español,137,Cuentos para dormir,Colab AI,6cd8387b91eec9e49976ea58fe81b200,"A pesar de las historias que se contaban en la llanura, Danilo era un tierno dilofosaurio que prefería la tranquilidad de la noche y el aroma de los árboles ancestrales. Sus llamativas crestas dobles brillaban suavemente bajo la luz de la luna llena. Una noche, mientras caminaba con garras mansas cerca del gran volcán, una niebla espesa cubrió el terreno, haciendo que una niña de la edad de piedra perdiera el rumbo hacia su campamento. Danilo se situó en lo alto de una colina de arcilla blanda, permitiendo que la luna se reflejara en sus crestas y creara un faro natural entre los helechos gigantes. La niña siguió la sutil luz hasta encontrar terreno firme. Antes de refugiarse, la pequeña emitió un tierno silbido de paz, y el noble Danilo respondió con un profundo y rugido amigable."
cuento_122,El Dilofosaurio y las Sombras de la Noche,Anonimo,dinosaurios_y_prehistoria,español,128,Cuentos para dormir,Colab AI,3da4de05677c2872a049172580e52391,"A pesar de las llamativas crestas dobles sobre su cabeza, Danilo era un tierno dilofosaurio que prefería la tranquilidad del bosque y la compañía de las criaturas pequeñas. Una noche, un grupo de niños de la edad de piedra se asustó al ver sombras extrañas proyectadas por los árboles ancestrales cerca de su campamento. Danilo, caminando con sus garras mansas sobre la arcilla blanda, se acercó despacio a la fogata. Al abrir con cuidado sus vistosas membranas laterales y moverlas suavemente bajo la luz de la luna, transformó las sombras aterradoras en divertidos juegos de luces entre los helechos gigantes. Los niños dejaron de temblar y rompieron en risas, dedicándole un tierno silbido de confianza antes de dormir, mientras Danilo los vigilaba con un suave y rugido amigable."
cuento_123,El Dryosaurio y la Cueva Segura,Anonimo,dinosaurios_y_prehistoria,español,151,Cuentos para dormir,Colab AI,a5bcd2fc7be4591b105657a15c016c11,"Darío era un tierno dryosaurio, un dinosaurio herbívoro, pequeño y sumamente veloz, cuyas patas traseras estaban diseñadas para correr sin dejar rastro con sus garras mansas. Una tarde, una fuerte granizada comenzó a caer con violencia desde las nubes oscuras del gran volcán, golpeando las lianas elásticas de los refugios provisionales de la edad de piedra. Unos niños que jugaban lejos de su campamento quedaron expuestos a las piedras de hielo sobre la arcilla blanda. Darío, que conocía cada rincón de la llanura, apareció de la nada y comenzó a dar pequeños saltos frente a ellos, invitándolos a seguirlo entre los troncos petrificados. Los guio rápidamente hasta la entrada de una pequeña cueva misteriosa que los protegió por completo de la tormenta. Resguardados y secos, los niños acariciaron el lomo del pequeño corredor mientras emitían un tierno silbido, y Darío dio un giro alegre respondiendo con un agudo pero rugido amigable."
cuento_124,El Eclipse del Pequeño Triceratops,Anonimo,dinosaurios_y_prehistoria,español,170,Cuentos para dormir,Colab AI,63633e37ac59d87117759bb859e2c119,"Crono era un joven triceratops al que le encantaba correr bajo el sol dorado del valle prehistórico. Un mediodía, mientras jugaba a las escondidas entre los arbustos ancestrales, el cielo comenzó a oscurecerse de forma repentina. Un gran eclipse de sol cubrió la tierra y una sombra misteriosa asustó a los reptiles alados, que comenzaron a volar en círculos llenos de pánico. Crono también sintió miedo, pero al mirar el suelo, notó que unas extrañas plantas del pantano empezaban a emitir destellos de colores mágicos. Recordando las historias de los ancianos de la manada, caminó con cuidado y usó sus tres pequeños cuernos para arrancar las flores luminosas, colocándolas sobre su cabeza. El brillo de las plantas se reflejó en las piedras brillantes del camino, creando un sendero seguro en medio de la oscuridad. Crono guio a los pequeños dinosaurios extraviados de vuelta a la cueva comunal. Cuando el sol brilló de nuevo, todos lo recibieron con rugidos llenos de alegría, agradecidos con el valiente guía de la noche inesperada."
cuento_125,El Eco del Gran Volcán,Anonimo,dinosaurios_y_prehistoria,español,129,Cuentos para dormir,Colab AI,61525a5897d1d2fe003d23ed46237727,"En las faldas del gran volcán, donde crecían los árboles ancestrales más altos, habitaba un tierno anquilosaurio llamado Tito. Tito tenía una pesada armadura, pero sus garras mansas y sus ojos reflejaban una inmensa bondad. Una tarde, una fuerte tormenta eléctrica asustó a un grupo de pequeños dinosaurios que paseaban por el gran cañón. Al verlos correr sin rumbo sobre la arcilla blanda, Tito caminó hacia una formación de piedras huecas y comenzó a golpear suavemente el suelo con su cola mansa, creando un latido rítmico que calmó el eco de los truenos. Los pequeños siguieron el tierno silbido que Tito emitió para guiarlos hacia un refugio seguro entre los helechos gigantes. Al pasar el peligro, el valle se llenó de paz con un unánime y aliviado rugido amigable."
cuento_126,El Edmontosaurio y la Cosecha de Helechos,Anonimo,dinosaurios_y_prehistoria,español,129,Cuentos para dormir,Colab AI,c6e5a34befbf916676721d57b15ea2d9,"Eduardo era un tierno edmontosaurio de gran tamaño y garras mansas que disfrutaba pasear por las orillas de la llanura. Una tarde, una densa niebla espesa descendió desde el gran volcán, humedeciendo la arcilla blanda y haciendo que los caminos fueran casi invisibles para una recolectora de la edad de piedra. Ella necesitaba juntar hojas tiernas de los helechos gigantes para techar su hogar antes de que comenzaran las lluvias. Eduardo, notando su presencia, caminó junto a ella abriendo paso entre la vegetación. Con su ancho pico, dobló con cuidado las ramas más altas para que la mujer pudiera alcanzarlas sin esfuerzo. Cuando la canasta estuvo llena, la recolectora se despidió alzando las manos con un tierno silbido, y el gigante la acompañó con un profundo y rugido amigable."
cuento_127,El Edmontosaurio y la Cosecha del Cañón,Anonimo,dinosaurios_y_prehistoria,español,149,Cuentos para dormir,Colab AI,08b84380b7b5a1ba80b22b4d93b5f732,"Eduardo era un tierno edmontosaurio, un gigante con pico de pato que disfrutaba caminar con garras mansas entre la densa vegetación de la llanura. Una mañana, unos recolectores de la edad de piedra quedaron atrapados en una saliente del gran cañón; la vereda por la que subían se había desmoronado debido a la humedad de la arcilla blanda, dejándolos lejos de los helechos gigantes donde guardaban sus provisiones. Eduardo, que se alimentaba cerca de la orilla, vio a los humanos estirando los brazos sin poder cruzar. Con total tranquilidad, el enorme dinosaurio se aproximó y estiró su largo y robusto cuello hacia la saliente, permitiendo que los recolectores bajaran uno a uno deslizándose suavemente por su lomo arqueado. Al tocar suelo firme junto a los troncos petrificados, el líder del grupo emitió un tierno silbido de agradecimiento, y Eduardo asintió moviendo la cola con un tierno y rugido amigable."
cuento_128,El Edmontosaurus y la Caravana de Sal,Anonimo,dinosaurios_y_prehistoria,español,46,Cuentos para dormir,Colab AI,b098ee747a36687f7d1f3aaaa4e308b8,"Eduardo era un tierno edmontosaurus que viajaba por los helechos gigantes. Una caravana quedó atrapada en arcilla blanda. Eduardo empujó los trineos de troncos petrificados usando su lomo, mientras las lianas elásticas resistían el esfuerzo. La tribu silbó feliz y Eduardo respondió con un rugido amigable."
cuento_129,El Escondite de los Huevos de Colores,Anonimo,dinosaurios_y_prehistoria,español,149,Cuentos para dormir,Colab AI,84fc77020fe0fe27c7c681734d4cfc3e,"Nala era una mamá estegosaurio que cuidaba con mucho amor un nido lleno de hermosos huevos con manchas de colores brillantes. Sabía que en la llanura habitaban algunos tiranosaurios curiosos, así que ideó un plan perfecto para proteger su tesoro entre los árboles ancestrales. Usando sus garras mansas, recolectó decenas de hojas de helecho gigantes y suaves lianas elásticas para tejer una manta natural que cubría por completo el nido sobre la arcilla blanda. Una tarde, una densa niebla espesa bajó del gran glaciar, y un joven tiranosaurio manso pasó caminando muy cerca del lugar con pisadas suaves. Gracias al camuflaje de Nala, el gigante no vio nada y continuó su camino lanzando un rugido amigable al viento. Horas después, la cáscara de los huevos comenzó a romperse con un tierno silbido, y los pequeños recién nacidos asomaron sus cabecitas a un mundo lleno de seguridad y amor maternal."
cuento_130,El Escondite en los Troncos Petrificados,Anonimo,dinosaurios_y_prehistoria,español,142,Cuentos para dormir,Colab AI,2aedf624603b30e2f6ad8b822f87acb6,"Ula y Sami, dos niños de la edad de piedra, jugaban a las escondidas en la llanura junto a un tierno triceratops llamado Totó. Totó, con sus garras mansas, era excelente ocultándose detrás de los enormes troncos petrificados que decoraban el desfiladero. Sin embargo, esa tarde el juego se complicó cuando una niebla espesa cubrió los helechos gigantes, haciendo que los niños perdieran de vista el refugio principal. Totó, al notar que sus pequeños amigos se habían quedado quietos y asustados, usó sus tres cuernos para golpear suavemente la madera de un tronco hueco, creando un sonido rítmico que rompió el silencio de la tarde. Siguiendo el eco del tierno silbido que Totó emitió después, Ula y Sami caminaron con cuidado sobre la arcilla blanda hasta encontrarlo, abrazando su gran cabeza con cariño mientras el valle se llenaba con un rugido amigable."
cuento_131,El Espejismo de la Arcilla Blanda,Anonimo,dinosaurios_y_prehistoria,español,130,Cuentos para dormir,Colab AI,057fb099cd0bbba6ca4f26791de67992,"Un tierno braquiosaurio caminaba lentamente por la llanura, disfrutando del calor que desprendía el suelo cerca del gran volcán. De pronto, el viento sopló con fuerza y levantó una cortina de polvo que se mezcló con una niebla espesa, haciendo que el paisaje alrededor de los troncos petrificados pareciera un laberinto confuso. Una niña de la edad de piedra, que recolectaba raíces medicinales, perdió la orientación y se sentó a esperar ayuda. El gigante, al verla desde su gran altura, estiró su cuello con garras mansas para apartar las lianas elásticas que obstruían el paso y le ofreció un camino despejado entre los helechos gigantes. La niña, llena de alivio, emitió un tierno silbido mientras acariciaba los pies del dinosaurio, quien se despidió con un profundo y protector rugido amigable."
cuento_132,El Espejo de Agua Prehistórico,Anonimo,dinosaurios_y_prehistoria,español,164,Cuentos para dormir,Colab AI,d36028683660eb8f4fe2e607bd0d92b1,"Dana era una niña de la tribu de la edad de piedra a la que le gustaba explorar los límites del gran glaciar. Una tarde, mientras buscaba ramas secas entre las hojas de helecho gigantes, encontró una cueva misteriosa cuyo suelo estaba cubierto por una capa de agua completamente congelada y cristalina. Al asomarse, Dana dio un grito de sorpresa: en el suelo se reflejaba su propio rostro, pero adornado por las luces de una hermosa aurora boreal que pintaba el cielo prehistórico de verde y rosa. Emocionada, llamó a los cazadores y a los ancianos de su tribu. Todos entraron con cuidado, dejando sus huellas en la entrada, y se maravillaron al ver sus propios reflejos iluminados por la luz mágica del firmamento. Colocaron piedras brillantes alrededor del espejo de hielo para marcar el lugar sagrado. Esa noche, la tribu no necesitó encender la fogata para contar historias, pues el brillo de la cueva iluminó sus sueños con la magia de la naturaleza."
cuento_133,El Espinosaurio y los Peces del Río Seco,Anonimo,dinosaurios_y_prehistoria,español,132,Cuentos para dormir,Colab AI,fa4a492e8e396d8a2a476c984f4d02a5,"Santi era un tierno espinosaurio cuya enorme vela dorsal brillaba con tonos rojizos bajo el sol del gran volcán. A pesar de su imponente tamaño, prefería la paz de las lagunas y poseía garras mansas. Una tarde, tras un pequeño derrumbe en el desfiladero, el cauce del río se desvió, atrapando a varios peces prehistóricos en charcos poco profundos de arcilla blanda. Preocupado por las criaturas, Santi usó su larga cola para remover la tierra y cavar un pequeño canal que conectara los charcos de vuelta con la corriente principal, liberando el paso obstruido por troncos petrificados. Un grupo de pescadores de la edad de piedra, que observaba con admiración desde los helechos gigantes, agradeció el respeto a la naturaleza con un tierno silbido, recibiendo de vuelta un profundo y rugido amigable."
cuento_134,El Estegosaurio que Perdió una Placa,Anonimo,dinosaurios_y_prehistoria,español,170,Cuentos para dormir,Colab AI,32ce5bf9d37ba211b12d026245113bf7,"Tato era un joven estegosaurio muy orgulloso de las hermosas placas que coronaban su espalda. Una mañana, mientras corría alegremente entre arbustos y hojas de helecho gigantes, se atoró en un laberinto de lianas elásticas. Al tirar con fuerza para liberarse, una de sus placas más brillantes se desprendió y cayó al fondo de una cueva misteriosa. Tato se sintió muy triste y asustado, pensando que los demás dinosaurios se burlarían de él. Sin embargo, al asomarse a la oscuridad, vio que su placa reflejaba un haz de luz solar, iluminando a un pequeño microrraptor que se había perdido en el interior. Olvidando su pena, Tato usó su cola de mazo con cuidado para apartar las rocas y ayudar al pequeño a salir. El agradecido pajarillo prehistórico recuperó la placa y se la acomodó de vuelta entre las lianas de su lomo. Tato regresó con su manada lanzando un rugido amigable, descubriendo que su verdadera belleza no estaba en tener placas perfectas, sino en usarlas para ayudar a los demás."
cuento_135,El Estegosaurio y el Laberinto de Lodo,Anonimo,dinosaurios_y_prehistoria,español,163,Cuentos para dormir,Colab AI,f9eae54dfa4e424481debf379498fbab,"Silvio era un estegosaurio muy joven que tenía las placas de su lomo dispuestas en forma de rombos perfectos. Una tarde, mientras buscaba brotes tiernos cerca del gran volcán, se adentró en el valle de los pantanos sin darse cuenta de que la marea de lodo estaba subiendo rápidamente. En pocos minutos, las enormes huellas de su manada desaparecieron bajo una capa de arcilla blanda, dejándolo atrapado en un laberinto de lianas elásticas y agua espesa. Silvio intentó avanzar, pero sus pesadas patas se hundían cada vez más. Manteniendo la calma, comenzó a golpear el agua con su cola de púas mansas, creando ondas rítmicas que llamaron la atención de un grupo de pequeños pterodáctilos que volaban sobre la niebla espesa. Las criaturas aladas descendieron lanzando un tierno silbido y, volando en círculos bajos, le mostraron el camino seguro sobre los troncos petrificados. Silvio siguió la guía de sus pequeños amigos y logró salir del pantano, celebrando su libertad con un rugido amigable."
cuento_136,El Estegosaurio y el Nido de Avispas,Anonimo,dinosaurios_y_prehistoria,español,162,Cuentos para dormir,Colab AI,f7096500e92a86ac0b619f123cd72a7f,"Chopo era un estegosaurio enorme y muy pacífico que adoraba tomar largas siestas bajo la sombra de las hojas de helecho gigantes. Una tarde, mientras descansaba cerca de unos troncos petrificados, un nido de avispas prehistóricas cayó de una rama alta, rompiéndose justo al lado de una manada de pequeños velociraptors que jugaban en la arcilla blanda. Los insectos gigantes comenzaron a zumbar con fuerza, asustando a los pequeños cachorros que no sabían dónde esconderse. Chopo despertó de inmediato y supo lo que debía hacer. Con gran cuidado, caminó hacia el peligro y comenzó a mover sus enormes placas de la espalda de lado a lado, creando una fuerte corriente de aire cálido que alejó a las avispas hacia el desfiladero. Luego, usó su cola de mazo para golpear suavemente el suelo, guiando a los pequeños hacia una cueva misteriosa y segura. Los cachorros agradecieron su valentía con rugidos amigables, y Chopo regresó a su siesta, feliz de haber protegido al valle."
cuento_137,El Estegosaurio y el Río de Lodo,Anonimo,dinosaurios_y_prehistoria,español,168,Cuentos para dormir,Colab AI,fe3d52569bbf15f8222e14ae9a6a4a91,"Goyo era un estegosaurio joven que se sentía muy orgulloso de sus enormes huellas y de las placas brillantes que adornaban su lomo. Una tarde, mientras buscaba brotes tiernos de helecho gigante, se acercó demasiado a la orilla del río de lodo espeso. De pronto, el suelo de arcilla blanda cedió y sus patas traseras quedaron atrapadas en el fango movedizo. Goyo se asustó e intentó moverse, pero su pesado cuerpo se hundía más con cada esfuerzo. Por suerte, un grupo de pequeños microrraptors que descansaba en las lianas elásticas vio el peligro. Los pajarillos prehistóricos comenzaron a volar en círculos sobre el desfiladero, emitiendo un tierno silbido de alarma que resonó en una cueva misteriosa cercana. Un enorme braquiosaurio escuchó el llamado y acudió de inmediato. Extendiendo su largo cuello, sujetó a Goyo con suavidad y lo jaló con fuerza hasta ponerlo a salvo en tierra firme. Goyo agradeció a los pequeños con un rugido amigable, aprendiendo que en el mundo prehistórico todos se cuidan entre sí."
cuento_138,El Estegosaurio y la Neblina Dorada,Anonimo,dinosaurios_y_prehistoria,español,164,Cuentos para dormir,Colab AI,bd4ac2c2bce765a61e1b4e2efb927574,"Silvo era un estegosaurio joven que se sentía un poco inseguro porque sus placas no eran tan grandes como las de los ancianos del valle. Una tarde, una neblina espesa y dorada, cargada de polen de helecho gigante, cubrió por completo el camino hacia la cueva misteriosa donde dormía su manada. Los dinosaurios más pequeños comenzaron a caminar en círculos, perdiendo el rumbo entre las lianas elásticas. Silvo, manteniendo la calma, caminó hacia el centro del desfiladero. Al rozar las ramas altas, el polen brillante se acumuló sobre sus placas de la espalda, haciéndolas resplandecer como piedras brillantes bajo el cielo crepuscular. Al ver aquel hermoso faro luminoso, los pequeños velociraptors y tiernos triceratops lo siguieron en fila india. Silvo caminó despacio, dejando enormes huellas en la arcilla blanda para marcar el sendero seguro. Al llegar al refugio, toda la manada lo recibió con un rugido amigable, y el joven estegosaurio comprendió que su brillo único era capaz de guiar a todos a casa."
cuento_139,El Estegosaurio y la Piedra de Luz,Anonimo,dinosaurios_y_prehistoria,español,173,Cuentos para dormir,Colab AI,944edd0f16f0c5c3a6a6ebc18b854077,"Beto era un estegosaurio joven que tenía unas placas enormes en su espalda, pero siempre se metía en problemas porque era muy distraído. Una tarde, mientras seguía el rastro de unas mariposas prehistóricas, se alejó tanto de su manada que terminó atrapado en una cueva misteriosa y completamente oscura. El miedo comenzó a asustarlo, pero al mover su cola de mazo con nerviosismo, golpeó accidentalmente una roca del suelo. Al instante, la roca se partió a la mitad, revelando una resplandeciente piedra brillante en su interior. El destello se reflejó directamente en las placas de su espalda, las cuales comenzaron a brillar como si fueran hojas de helecho mágicas. Beto usó el reflejo de su propio cuerpo para iluminar el laberinto de piedra y encontrar el camino de regreso. Caminó con cuidado, esquivando profundas grietas y raíces gigantes, guiado por su propia luz. Cuando finalmente salió al exterior, su manada lo esperaba con alegría. Desde esa noche, Beto se convirtió en el guía oficial del valle, iluminando el campamento con su espalda brillante."
cuento_140,El Estegosaurio y las Lianas de Colores,Anonimo,dinosaurios_y_prehistoria,español,140,Cuentos para dormir,Colab AI,99830a942a412450b244800841889b47,"Goyo era un tierno estegosaurio que vivía cerca de un desfiladero cubierto por densos helechos gigantes. A diferencia de otros de su especie, a Goyo le encantaba recolectar lianas elásticas de diferentes tonalidades que caían de los árboles ancestrales para enredarlas suavemente entre las placas de su lomo. Una tarde, una densa niebla espesa bajó de las montañas, cubriendo la llanura de arcilla blanda y dejando atrapados a varios pequeños animales que no encontraban el camino a sus cuevas. Goyo, con sus garras mansas, comenzó a estirar las lianas largas para atarlas de un extremo a otro del camino, creando una cuerda guía muy segura. Los pequeños dinosaurios siguieron el rastro con un tierno silbido de alivio. Al llegar a salvo a la cueva misteriosa, todos agradecieron el ingenio de Goyo rodeándolo con cariño y lanzando un fuerte rugido amigable."
cuento_141,El Estegosaurio y las Luces de la Cueva,Anonimo,dinosaurios_y_prehistoria,español,130,Cuentos para dormir,Colab AI,ae19f717170c1333fd7e41bc24d62880,"En las inmediaciones de la cueva misteriosa habitaba Ernesto, un tierno estegosaurio cuyas grandes placas óseas en la espalda eran capaces de absorber y reflejar la última luz del atardecer. Una noche en que una niebla espesa cubrió por completo el desfiladero, la antorcha de un anciano de la edad de piedra se apagó, dejándolo a oscuras sobre la arcilla blanda. Ernesto, que caminaba con garras mansas entre los helechos gigantes, se colocó frente a la entrada de la caverna y orientó sus placas hacia los últimos destellos del cielo, canalizando un suave resplandor que iluminó el camino del hombre. El anciano, a salvo dentro de su hogar, emitió un tierno silbido hacia la silueta del dinosaurio, y Ernesto lo saludó desde la penumbra con un profundo y rugido amigable."
cuento_142,El Estegosaurio y las Luces del Volcán,Anonimo,dinosaurios_y_prehistoria,español,143,Cuentos para dormir,Colab AI,9bf1dcd8235063517de7aedf622e8b8d,"Goyo era un joven estegosaurio que tenía unas placas enormes y mansas alineadas en su lomo. Vivía cerca del gran volcán apagado, un lugar donde la arcilla blanda siempre estaba tibia y las hojas de helecho gigantes crecían en abundancia. Una noche, el cielo se cubrió de nubes oscuras y una tormenta eléctrica comenzó a iluminar el cañón con destellos de colores. Goyo, en lugar de asustarse, subió a una colina de troncos petrificados para observar el espectáculo. Al recibir el reflejo de los rayos, las placas de su lomo comenzaron a brillar con destellos verdes y dorados, ahuyentando la oscuridad de la llanura. Una manada de pequeños braquiosaurios que se encontraba perdida debido a la niebla espesa vio el hermoso brillo de Goyo y encontró el camino hacia la cueva misteriosa, agradeciendo al guardián con un tierno silbido y un rugido amigable."
cuento_143,El Estegosaurio y las Mariposas,Anonimo,dinosaurios_y_prehistoria,español,157,Cuentos para dormir,Colab AI,a90953e3a87fcc0513c00c74bd1dc23e,"Silvio era un estegosaurio enorme que tenía unas placas muy grandes en su espalda, pero era tan tierno y silencioso que prefería caminar despacio para no asustar a los animales pequeños. Una mañana de primavera prehistórica, se recostó a tomar una siesta en un campo lleno de hojas de helecho gigantes. Mientras dormía, cientos de mariposas de colores brillantes se posaron sobre sus placas, confundiéndolas con hermosas flores silvestres. Cuando Silvio despertó y comenzó a caminar, parecía llevar un arcoíris flotante sobre su lomo. Los pequeños velociraptors del valle, al verlo pasar, se acercaron corriendo con rugidos amigables llenos de curiosidad. En lugar de huir, las mariposas revolotearon alrededor de los pequeños dinosaurios, haciéndoles suaves cosquillas. Silvio movió su cola de mazo con cuidado, feliz de ver que su gran tamaño no alejaba a los demás, sino que servía como un hermoso jardín andante que unía a todas las especies del valle en un instante de paz."
cuento_144,El Estegosaurio y las Semillas Voladoras,Anonimo,dinosaurios_y_prehistoria,español,155,Cuentos para dormir,Colab AI,9fc181e624b0f28bd4ff0e3ccc819cc8,"Goyo era un estegosaurio de andar pausado que tenía las placas de su lomo cubiertas de un musgo verde muy suave. Una tarde de verano prehistórico, mientras caminaba junto a un desfiladero de arcilla blanda, un fuerte viento sacudió los árboles ancestrales, liberando cientos de semillas peludas de helecho gigante. Las semillas flotaban por el aire como pequeños duendecillos blancos. Goyo, divertido con el espectáculo, comenzó a trotar despacio, dejando enormes huellas sobre la llanura. Al moverse, el viento atrapó las semillas y las enredó entre sus lianas elásticas y en sus grandes placas, convirtiéndolo en un verdadero jardín andante. Un grupo de pequeños velociraptors, al ver aquel dinosaurio tan colorido y cubierto de plantas, lo siguió por todo el valle con rugidos amigables llenos de asombro. Goyo caminó hasta una cueva misteriosa donde la tierra era fértil, sacudió su lomo con un tierno silbido y plantó, sin querer, el bosque más hermoso del futuro."
cuento_145,El Estregosaurio y el Columpio de Lianas,Anonimo,dinosaurios_y_prehistoria,español,133,Cuentos para dormir,Colab AI,cbc4f2bc3ddd0010e79a8175f88e2bca,"En un hermoso rincón del gran cañón, donde los árboles ancestrales daban una sombra reconfortante, vivía un tierno estegosaurio llamado Esteban. Aunque sus placas de la espalda parecían imponentes, era un gigante de garras mansas que amaba la compañía de los niños de la edad de piedra. Un día, usando su cola con gran cuidado, ayudó a los pequeños a desenredar unas lianas elásticas que colgaban de los helechos gigantes, sujetándolas con firmeza a un par de troncos petrificados para construir un columpio. Los niños reían y jugaban sobre la arcilla blanda del suelo, sintiéndose completamente seguros al lado de su gran amigo. Cuando cayó la tarde y la tribu debió regresar a su refugio, un tierno silbido de despedida cruzó el aire, siendo respondido por Esteban con un profundo y rugido amigable."
cuento_146,El Gallimimo y la Carrera contra la Tormenta,Anonimo,dinosaurios_y_prehistoria,español,150,Cuentos para dormir,Colab AI,bc828c7f5f349da77baa0b5e4cd510a7,"Gaby era un tierno gallimimo, el dinosaurio más veloz de toda la llanura, de patas esbeltas y garras mansas. Mientras corría alegremente entre los troncos petrificados, notó que una niebla espesa y cargada de tormenta avanzaba velozmente desde el gran cañón. En medio del camino, una pareja de ancianos de la edad de piedra caminaba muy despacio sobre la arcilla blanda, cargando pesados fardos de leña sin notar el peligro climático. Gaby frenó su carrera de inmediato y se colocó a su lado. Con gestos suaves de su cabeza, los invitó a colocar la carga sobre su lomo y los guió a un trote constante, abriendo paso entre los helechos gigantes antes de que cayera el primer rayo. Al llegar a salvo a la cueva misteriosa, los ancianos lo recibieron con un tierno silbido de alivio, y la veloz criatura dio un alegre salto emitiendo un tierno y rugido amigable."
cuento_147,El Gallimimo y la Carrera de la Niebla,Anonimo,dinosaurios_y_prehistoria,español,134,Cuentos para dormir,Colab AI,54c9bf07997a2554bbb5bf858668b8cc,"Gabi era un tierno gallimimo de garras mansas, famoso en todo el gran cañón por ser el dinosaurio más veloz de la llanura. Una mañana, mientras corría sobre los campos de arcilla blanda, notó que una niebla espesa y repentina había rodeado a unos niños de la edad de piedra que jugaban cerca de los troncos petrificados. Sabiendo que los pequeños podían perderse fácilmente, Gabi comenzó a correr en círculos amplios alrededor de ellos, pisando con suavidad para no asustarlos pero haciendo suficiente ruido entre los helechos gigantes para que siguieran sus pasos. Guiados por el compás de sus pisadas, los niños salieron de la nube gris sanos y salvos. Una vez en terreno despejado, los pequeños entonaron un tierno silbido de alegría, y la veloz criatura respondió con un alegre y rugido amigable."
cuento_148,El Gallimimus y el Correo Veloz,Anonimo,dinosaurios_y_prehistoria,español,48,Cuentos para dormir,Colab AI,ae117af7e4d2e21edf0664457447541a,Gaby era una tierna gallimimus que corría entre helechos gigantes con garras mansas. Llevaba mensajes entre tribus evitando las zonas de arcilla blanda. Una vez ayudó a tensar lianas elásticas para un refugio de troncos petrificados. Los mensajeros silbaron a su paso y Gaby lanzó un rugido amigable.
cuento_149,El Gallimimus y la Carrera de Obstáculos,Anonimo,dinosaurios_y_prehistoria,español,139,Cuentos para dormir,Colab AI,8a18914dca813d890f8708112dca6812,"Gali era un tierno gallimimus conocido por ser el corredor más veloz de toda la llanura. Una mañana, mientras corría cerca del desfiladero, una niebla espesa comenzó a cubrir el suelo de arcilla blanda, ocultando las raíces y los troncos petrificados. A mitad de su camino, Gali se encontró con un niño de la edad de piedra que había quedado atrapado al otro lado de una barrera de lianas elásticas caídas. Usando sus garras mansas para apartar los helechos gigantes con delicadeza, Gali le mostró al niño cómo saltar de manera segura entre los claros del terreno. Juntos cruzaron el obstáculo justo antes de que la bruma borrara el sendero. Al llegar a la entrada de la cueva misteriosa, el niño agradeció su guía con un tierno silbido, y el veloz dinosaurio respondió con un alegre y rugido amigable."
cuento_150,El Gargoyleosaurus y el Almacén de Arcilla,Anonimo,dinosaurios_y_prehistoria,español,161,Cuentos para dormir,Colab AI,652af2f7f4a32eb0befb98c3ed97e1d9,"Gabriel era un tierno gargoyleosaurus, un dinosaurio acorazado y robusto de lomo plano que se desplazaba con garras mansas. Un mediodía, los alfareros de la edad de piedra recolectaban material cerca del gran cañón para modelar sus vasijas. Habían apilado una gran cantidad de arcilla blanda sobre una plataforma sujeta con lianas elásticas, pero el peso excesivo hizo que uno de los troncos petrificados que servía de eje se rompiera, provocando que la carga comenzara a ladearse hacia el río. Gabriel, que buscaba raíces tiernas entre los helechos gigantes de la ribera, observó el apuro de los artesanos. Se colocó rápidamente al lado de la plataforma rota y apoyó su firme coraza lateral contra la madera, conteniendo el derrumbe de la arcilla blanda mientras los hombres reforzaban los amarres con nuevas lianas elásticas. Al ver su valioso material a salvo, los alfareros alzaron los brazos emitiendo un tierno silbido, y Gabriel sacudió su cola respondiendo con un tierno y rugido amigable."
cuento_151,El Gargoyleosaurus y el Canal de Riego,Anonimo,dinosaurios_y_prehistoria,español,144,Cuentos para dormir,Colab AI,eeea0632a6994c78b640a5a9e5c2278c,"Gideon era un tierno gargoyleosaurus, un dinosaurio acorazado y rechoncho que avanzaba pacientemente con garras mansas. Una tarde de tormenta, un desprendimiento de rocas en el borde del gran cañón bloqueó el canal rústico que los agricultores de la edad de piedra usaban para desviar el agua hacia sus cultivos de tubérculos en la arcilla blanda. El agua comenzaba a inundar las chozas cercanas a la cueva misteriosa. Gideon, que descansaba plácidamente bajo la sombra de unos helechos gigantes, vio el peligro. Avanzó despacio hasta el canal y colocó su ancho y pesado lomo cubierto de placas óseas contra la corriente, sirviendo como una compuerta perfecta que redirigió el flujo de agua hacia una zona segura de troncos petrificados. La tribu completa celebró su ingenio emitiendo un tierno silbido, y el robusto dinosaurio movió su cola baja respondiendo con un tierno y rugido amigable."
cuento_152,El Gargoyleosaurus y el Puente del Riachuelo,Anonimo,dinosaurios_y_prehistoria,español,152,Cuentos para dormir,Colab AI,5bc3d7139f478cb27212f46f37790a9a,"Gregorio era un tierno gargoyleosaurus, un dinosaurio de coraza compacta y paso firme que se desplazaba siempre con garras mansas. Un mediodía, unos constructores de la edad de piedra intentaban cruzar un riachuelo cerca del gran volcán. Habían tendido varios troncos petrificados atados con lianas elásticas para formar un puente, pero el constante golpeteo del agua erosionó la orilla, convirtiendo el punto de apoyo en una densa arcilla blanda que hacía tambalear la estructura. Gregorio, que buscaba brotes tiernos entre los helechos gigantes de la orilla, vio el peligro de los caminantes. Se colocó rápidamente debajo del extremo inestable del puente, apoyando los troncos petrificados sobre su lomo liso y acorazado, sirviendo de base sólida mientras los hombres reforzaban los amarres con lianas elásticas alejadas de la arcilla blanda. Al ver el paso seguro, los viajeros emitieron un tierno silbido, y Gregorio sacudió su cola respondiendo con un tierno y rugido amigable."
cuento_153,El Gargoyleosaurus y el Sello del Acueducto,Anonimo,dinosaurios_y_prehistoria,español,165,Cuentos para dormir,Colab AI,83ba6b3db3ed62d970a888294346c8fd,"Germán era un tierno gargoyleosaurus, un dinosaurio acorazado de baja estatura y andar firme que siempre avanzaba con garras mansas. Cerca del gran volcán, unos canalizadores de la edad de piedra habían construido un pequeño acueducto de troncos petrificados para llevar agua limpia hasta sus cultivos. Sin embargo, una fuerte filtración en la base comenzó a reblandecer la tierra, amenazando con derribar la estructura sobre un banco de arcilla blanda. Los humanos intentaban contener el agua con lianas elásticas, pero la presión era demasiada. Germán, que caminaba tranquilamente buscando raíces entre los helechos gigantes, vio la emergencia. Se acercó con paso seguro y acomodó su ancho lomo cubierto de placas óseas firmemente contra la base agrietada, deteniendo el flujo por completo. Esto permitió a la tribu aplicar una capa fresca de lodo y piedra para reparar el canal. Al ver el agua correr con seguridad, los aldeanos aplaudieron emitiendo un tierno silbido, y Germán movió su cola baja respondiendo con un tierno y rugido amigable."
cuento_154,El Gargoyleosaurus y el Sostén del Corral,Anonimo,dinosaurios_y_prehistoria,español,149,Cuentos para dormir,Colab AI,4b0f5b6075b5dd806cb720b018783edf,"Gabriel era un tierno gargoyleosaurus, un dinosaurio acorazado de lomo ancho y andar pausado que caminaba siempre con garras mansas. Cerca del gran volcán, unos pastores de la edad de piedra habían construido un corral provisional utilizando troncos petrificados atados con lianas elásticas. Sin embargo, una corriente de agua subterránea reblandeció el suelo, convirtiéndolo en una densa arcilla blanda que amenazaba con derribar la cerca principal. Los humanos intentaban apuntalar la estructura, pero el peso era excesivo. Gabriel, que buscaba plantas bajas entre los helechos gigantes, notó la angustia de los pastores. Se acercó con paso firme y recostó su robusto cuerpo cubierto de placas óseas contra el poste principal, conteniendo la caída por completo mientras los aldeanos aseguraban los cimientos. Al ver su corral a salvo, los pastores alzaron los brazos emitiendo un tierno silbido, y Gabriel movió su cola baja respondiendo con un tierno y rugido amigable."
cuento_155,El Gargoyleosaurus y el Sostén del Estanque,Anonimo,dinosaurios_y_prehistoria,español,162,Cuentos para dormir,Colab AI,d4fb3ec8a3b617bd1b72643dfdf1bc46,"Giselo era un tierno gargoyleosaurus, un dinosaurio acorazado de cuerpo robusto y andar pausado que recorría los campos con garras mansas. Un mediodía, unos cazadores de la edad de piedra descansaban junto a un pequeño estanque artificial que habían construido con arcilla blanda para almacenar agua cerca del gran cañón. De repente, una de las paredes de contención comenzó a agrietarse debido a la presión del agua, amenazando con desperdiciar todo el líquido sobre los troncos petrificados del suelo. Giselo, que buscaba brotes tiernos entre los helechos gigantes, se percató del goteo constante. Con gran determinación, caminó hacia la grieta y presionó su ancho y fuerte lomo cubierto de placas óseas contra la pared debilitada, sellando la fuga al instante. Esto dio tiempo suficiente para que los humanos reforzaran la estructura utilizando lianas elásticas y piedras. Al terminar la reparación, el líder del grupo emitió un tierno silbido de agradecimiento, y Giselo parpadeó con dulzura respondiendo con un tierno y rugido amigable."
cuento_156,El Gargoyleosaurus y el Sostén del Refugio,Anonimo,dinosaurios_y_prehistoria,español,148,Cuentos para dormir,Colab AI,983bf524114ce358225cf6fcf185291a,"Giselo era un tierno gargoyleosaurus, un dinosaurio de coraza baja y andar pausado que caminaba por los senderos con garras mansas. Un mediodía, unos constructores de la edad de piedra levantaban un refugio provisional cerca del gran volcán. Estaban uniendo las vigas principales, hechas de troncos petrificados, con gruesas lianas elásticas, cuando el suelo cedió debido a una veta oculta de arcilla blanda. El poste central comenzó a ladearse peligrosamente sobre los trabajadores. Giselo, que buscaba plantas bajas entre los helechos gigantes de los alrededores, vio la emergencia. Avanzó con pasos firmes y colocó su lomo acorazado directamente debajo del madero inclinado, absorbiendo todo el impacto y estabilizando la estructura. Los constructores aprovecharon el soporte para amarrar los postes a tierra firme. Una vez terminado el trabajo, los humanos alzaron sus manos emitiendo un tierno silbido, y Giselo parpadeó con dulzura respondiendo con un tierno y rugido amigable."
cuento_157,El Gargoyleosaurus y el Sostén del Techo,Anonimo,dinosaurios_y_prehistoria,español,163,Cuentos para dormir,Colab AI,6eedff221ff9562c1bf35941bef51b8d,"Giselo era un tierno gargoyleosaurus, un dinosaurio acorazado de cuerpo robusto y andar pausado que recorría los campos con garras mansas. Una tarde, una familia de la edad de piedra descansaba dentro de su refugio provisional cerca del gran cañón, construido con troncos petrificados y lianas elásticas. De repente, debido al peso de la lluvia acumulada en el techo, uno de los pilares principales cedió, amenazando con derrumbar la pesada estructura sobre un suelo de arcilla blanda. Giselo, que buscaba brotes tiernos entre los helechos gigantes, se percató del peligro al escuchar el crujido de la madera. Con gran determinación, entró al refugio y presionó su ancho y fuerte lomo cubierto de placas óseas contra la viga debilitada, sosteniendo el techo al instante. Esto dio tiempo suficiente para que los humanos repararan el soporte de forma segura. Al terminar la obra, el padre de familia emitió un tierno silbido de agradecimiento, y Giselo parpadeó con dulzura respondiendo con un tierno y rugido amigable."
cuento_158,El Gargoyleosaurus y el Viento del Cañón,Anonimo,dinosaurios_y_prehistoria,español,153,Cuentos para dormir,Colab AI,d499463ffa3df2d2627de9a60267e91a,"Gonzalo era un tierno gargoyleosaurus, un pequeño dinosaurio anquilosaurio fuertemente acorazado, cubierto de placas aplanadas y espinas latitudinales, que avanzaba pesadamente con garras mansas. Una tarde, una violenta ráfaga de viento proveniente del gran cañón amenazaba con derribar las frágiles pantallas de cuero que una familia de la edad de piedra utilizaba para proteger su fogata sobre la arcilla blanda. Si el fuego se apagaba, se quedarían a oscuras cerca de la cueva misteriosa. Gonzalo se percató de la angustia de los humanos y caminó despacio hasta colocarse justo en el lado de donde soplaba el viento. Su cuerpo bajo, ancho y sólidamente acorazado funcionó como un perfecto rompevientos viviente, manteniendo el fuego a salvo de las corrientes. El padre de la familia, agradecido por conservar la fogata, arrimó unas raíces tiernas al dinosaurio emitiendo un tierno silbido, a lo que Gonzalo respondió moviendo levemente su armadura con un tierno y rugido amigable."
cuento_159,El Gargoyleosaurus y la Arcilla para las Vasijas,Anonimo,dinosaurios_y_prehistoria,español,138,Cuentos para dormir,Colab AI,4d6d24b64e229583b65e75be8d36b90d,"Gabriel era un tierno gargoyleosaurus, un dinosaurio bajito y acorazado que siempre avanzaba con garras mansas. Cerca del gran cañón, unas alfareras de la edad de piedra habían encontrado una veta excelente de arcilla blanda para modelar sus vasijas. Sin embargo, un pesado bloque de troncos petrificados había rodado desde la colina, bloqueando el acceso al yacimiento y enredándose con viejas lianas elásticas. Las mujeres intentaban moverlo sin éxito. Gabriel, que caminaba tranquilamente entre los helechos gigantes, se percató del problema. Se posicionó de espaldas al obstáculo y, usando su fuerte y macizo lomo cubierto de placas óseas, empujó el pesado bloque con firmeza hasta apartarlo por completo del camino. Las alfareras, felices al ver libre su fuente de trabajo, aplaudieron emitiendo un tierno silbido, y Gabriel movió su cola baja respondiendo con un tierno y rugido amigable."
cuento_160,El Gargoyleosaurus y la Base del Ahumador,Anonimo,dinosaurios_y_prehistoria,español,158,Cuentos para dormir,Colab AI,0f105db10a59aa5eb5a8e2b76a57eff7,"Gaspar era un tierno gargoyleosaurus, un dinosaurio acorazado de lomo bajo y andar pausado que caminaba siempre con garras mansas. Cerca del gran volcán, unos cazadores de la edad de piedra habían construido un ahumador para conservar sus alimentos, utilizando troncos petrificados amarrados con lianas elásticas. Sin embargo, el calor constante del suelo provocó un pequeño sismo que agrietó la base, asentando toda la estructura sobre una capa inestable de arcilla blanda. Los humanos temían que el ahumador colapsara y se perdieran las provisiones. Gaspar, que buscaba raíces tiernas entre los helechos gigantes de los alrededores, se percató del peligro. Con paso firme, se acomodó justo debajo de la viga principal, usando su fuerte coraza ósea como un pilar provisional indestructible mientras los aldeanos reforzaban los amarres de las esquinas. Al ver su estructura a salvo, los cazadores alzaron los brazos emitiendo un tierno silbido, y Gaspar movió su cola baja respondiendo con un tierno y rugido amigable."
cuento_161,El Gargoyleosaurus y la Compuerta del Canal,Anonimo,dinosaurios_y_prehistoria,español,160,Cuentos para dormir,Colab AI,ba6f72fe77226104dafd333251498dde,"Germán era un tierno gargoyleosaurus, un dinosaurio compacto y fuertemente acorazado que avanzaba por los senderos mostrando sus garras mansas. Un amanecer, unos agricultores de la edad de piedra trabajaban en el sistema de riego cerca del gran volcán. Intentaban levantar una compuerta de madera usando lianas elásticas atadas a unos gruesos troncos petrificados, pero la presión del agua acumuló una gran cantidad de arcilla blanda contra la base, trabando el mecanismo por completo. Los hombres tiraban con fuerza, pero las cuerdas amenazaban con romperse. Germán, que buscaba tréboles y raíces entre los helechos gigantes de la ladera, vio el esfuerzo de los humanos. Caminó hacia la compuerta y, apoyando su ancho y robusto lomo contra la madera, empujó con constancia hacia arriba, venciendo la resistencia de la arcilla blanda y permitiendo que el agua fluyera libremente. Los agricultores, aliviados, alzaron las manos emitiendo un tierno silbido, y Germán dio un paso atrás respondiendo con un tierno y rugido amigable."
cuento_162,El Gargoyleosaurus y la Noria del Asentamiento,Anonimo,dinosaurios_y_prehistoria,español,168,Cuentos para dormir,Colab AI,6f5d80fadd2bd94370fa84da23eeec61,"Gonzalo era un tierno gargoyleosaurus, un dinosaurio de coraza impenetrable y paso firme que recorría los senderos con garras mansas. Un amanecer, unos ingenieros de la edad de piedra daban mantenimiento a una gran noria hidráulica cerca del gran volcán. El eje central de la rueda estaba sujeto por gruesos troncos petrificados y lianas elásticas, pero las lluvias de la noche anterior habían ablandado el terreno, convirtiéndolo en una densa capa de arcilla blanda que trababa las paletas inferiores. Los hombres empujaban sin éxito, arriesgándose a romper los amarres. Gonzalo, que buscaba raíces tiernas entre los helechos gigantes de la ribera, observó el esfuerzo de la tribu. Se acercó con paso decidido, colocó su robusto y achatado lomo debajo de la paleta atascada y empujó hacia arriba con su inmensa fuerza, liberando la rueda de la arcilla blanda de un solo golpe. Los aldeanos, felices al ver la noria girar de nuevo, emitieron un tierno silbido, y Gonzalo sacudió su cabeza respondiendo con un tierno y rugido amigable."
cuento_163,El Gargoyleosaurus y la Red de Pesca,Anonimo,dinosaurios_y_prehistoria,español,155,Cuentos para dormir,Colab AI,a38a80d1ccae6232b2fe7c04b1073b72,"Gustavo era un tierno gargoyleosaurus, un dinosaurio acorazado y rechoncho que avanzaba con paso seguro mostrando sus garras mansas. Al mediodía, un grupo de pescadores de la edad de piedra colocaba una gran red hecha de lianas elásticas a la orilla de un río cercano al gran cañón. Para mantenerla fija, la habían sujetado a unos pesados troncos petrificados, pero la corriente arrastró una gran cantidad de arcilla blanda, atascando la red y amenazando con romperla por el peso del lodo. Gustavo, que masticaba raíces junto a unos helechos gigantes, notó la angustia de los hombres. Se metió lentamente al agua y se colocó bajo la red, usando su ancha coraza lisa para levantar el fango y liberar la tensión de las lianas elásticas. Los pescadores jalaron con éxito el aparejo a la orilla. Aliviados, alzaron los brazos emitiendo un tierno silbido, y Gustavo asintió con la cabeza respondiendo con un tierno y rugido amigable."
cuento_164,El Gargoyleosaurus y la Trampa de Barro,Anonimo,dinosaurios_y_prehistoria,español,170,Cuentos para dormir,Colab AI,f4f8dbffae09cfd0731a9faefa211832,"Gabriel era un tierno gargoyleosaurus, un dinosaurio acorazado de lomo bajo y andar pausado que caminaba por los senderos con garras mansas. Un amanecer, un cazador de la edad de piedra caminaba cerca de la cueva misteriosa llevando sus herramientas atadas con lianas elásticas. Por mirar el cielo, no se dio cuenta de que el camino se había convertido en una densa charca de arcilla blanda, hundiéndose de golpe hasta las rodillas. Al intentar apoyarse en unos troncos petrificados cercanos, estos rodaron, atrapando su pierna sin dejarlo salir. Gabriel, que buscaba musgo fresco entre los helechos gigantes de la orilla, escuchó los llamados de auxilio. Con paciencia y pasos firmes, se adentró en el fango y ofreció su dura coraza ósea para que el cazador pudiera sujetarse y hacer palanca. El humano logró liberar su pierna apoyándose en el noble dinosaurio. Al verse a salvo en tierra firme, el cazador alzó los brazos emitiendo un tierno silbido, y Gabriel movió su cola baja respondiendo con un tierno y rugido amigable."
cuento_165,El Gargoyleosaurus y la Trampa del Pantano,Anonimo,dinosaurios_y_prehistoria,español,162,Cuentos para dormir,Colab AI,8d7a03e509456755acf47d6681a9bc8f,"Gaspar era un tierno gargoyleosaurus, un dinosaurio acorazado y de patas cortas que siempre recorría los valles con garras mansas. Un mediodía, un recolector de la edad de piedra caminaba distraído buscando raíces tiernas cerca del gran cañón, cuando pisó una zona traicionera de arcilla blanda que comenzó a succionar sus piernas rápidamente. Desesperado, el hombre se sujetó de unas lianas elásticas, pero estas amenazaban con romperse por la tensión. Gaspar, que descansaba plácidamente entre los helechos gigantes, escuchó los gritos de auxilio y avanzó con paso firme hacia el lugar. Sabiendo que su cuerpo ancho no se hundiría, se interpuso entre el humano y el lodo denso, ofreciendo su lomo plano y rugoso. El recolector se apoyó con fuerza en las placas óseas del dinosaurio y logró impulsarse hacia terreno seco. A salvo y libre de peligro, el humano abrazó el cuello del noble reptil emitiendo un tierno silbido, y Gaspar parpadeó con dulzura respondiendo con un tierno y rugido amigable."
cuento_166,El Gargoyleosaurus y la Viga del Almacén,Anonimo,dinosaurios_y_prehistoria,español,155,Cuentos para dormir,Colab AI,62d7e5a7731bdac453f62972926c7441,"Gideón era un tierno gargoyleosaurus, un dinosaurio acorazado de lomo ancho y andar pausado que recorría los llanos con garras mansas. Una tarde, una familia de la edad de piedra organizaba sus provisiones de invierno dentro de una pequeña estructura cerca de la cueva misteriosa, construida con pesados troncos petrificados. Debido a un asentamiento en el suelo de arcilla blanda, una de las vigas del techo comenzó a deslizarse, venciendo las amarras de lianas elásticas que la sujetaban. Gideón, que buscaba plantas bajas entre los helechos gigantes de los alrededores, escuchó el crujido de la madera y se asomó al refugio. Con gran calma, entró y colocó su robusto lomo acorazado justo debajo del madero desprendido, deteniendo el colapso al instante. Esto permitió a los humanos asegurar los nudos firmemente. Al terminar, el patriarca de la tribu emitió un tierno silbido de agradecimiento, y Gideón parpadeó con dulzura respondiendo con un tierno y rugido amigable."
cuento_167,El Gargoyleosaurus y los Adornos del Tótem,Anonimo,dinosaurios_y_prehistoria,español,145,Cuentos para dormir,Colab AI,c452e70eb8b3cc647792c3bd8cef2b8f,"Gabriel era un tierno gargoyleosaurus, un dinosaurio acorazado de lomo ancho y andar pausado que recorría los valles con garras mansas. Un mediodía, unos artesanos de la edad de piedra decoraban un gran tótem ceremonial cerca de la cueva misteriosa. Habían elevado la pesada estructura usando troncos petrificados y lianas elásticas, pero debido al calor del gran volcán, el terreno se convirtió en una masa de arcilla blanda, haciendo que la base comenzara a ceder y amenazara con venirse abajo. Gabriel, que buscaba raíces tiernas entre los helechos gigantes de los alrededores, vio el peligro. Con paso firme y seguro, avanzó y colocó su fuerte lomo acorazado directamente contra el poste inclinado, sosteniéndolo con total firmeza hasta que los aldeanos reforzaron los amarres. Al terminar, las familias emitieron un tierno silbido de agradecimiento, y Gabriel parpadeó con dulzura respondiendo con un tierno y rugido amigable."
cuento_168,El Gargoyleosaurus y los Cuencos del Banquete,Anonimo,dinosaurios_y_prehistoria,español,163,Cuentos para dormir,Colab AI,73873bf4e1ad0b3ab9969a290a3f46e0,"Gustavo era un tierno gargoyleosaurus, un dinosaurio acorazado de lomo ancho y andar pausado que recorría los valles con garras mansas. Una tarde, las familias de la edad de piedra preparaban un gran banquete cerca de la cueva misteriosa. Habían colocado los cuencos de comida sobre una mesa hecha de troncos petrificados, pero debido al calor del gran volcán, el terreno se convirtió en una masa de arcilla blanda, haciendo que la estructura comenzara a inclinarse y amenazara con tirar los alimentos. Las lianas elásticas que la sujetaban al suelo estaban a punto de romperse. Gustavo, que buscaba raíces tiernas entre los helechos gigantes de los alrededores, vio el peligro. Con paso firme y seguro, se deslizó debajo del tablón de piedra y sostuvo la estructura con su fuerte lomo acorazado hasta que los aldeanos reforzaron las patas de la mesa. Al terminar, las cocineras emitieron un tierno silbido de agradecimiento, y Gustavo parpadeó con dulzura respondiendo con un tierno y rugido amigable."
cuento_169,El Garudimimus y el Rescate de las Redes,Anonimo,dinosaurios_y_prehistoria,español,151,Cuentos para dormir,Colab AI,0d54dbe186e0c0e7d188e25d1d2e815d,"Gastón era un tierno garudimimus, un dinosaurio de patas esbeltas, ojos grandes y garras mansas que habitaba en los márgenes del gran cañón. Un mediodía, unos pescadores de la edad de piedra estiraban sus redes hechas de lianas elásticas en la orilla del río, pero la corriente, embravecida por un deshielo, arrastró los pesados contrapesos hacia una zona de arcilla blanda y profundas grietas. Las redes, esenciales para el sustento del invierno, estaban a punto de perderse entre los troncos petrificados del fondo. Gastón, aprovechando su agilidad y su andar ligero, corrió sobre el fango sin hundirse; con su pico desdentado pero firme, sujetó el extremo de las lianas elásticas y tiró con fuerza hacia la orilla, devolviendo las redes a los sorprendidos humanos. Al ver su herramienta a salvo, los pescadores unieron sus voces en un tierno silbido, y Gastón extendió sus brazos despidiéndose con un tierno y rugido amigable."
cuento_170,El Gran Baile del Anquilosaurio,Anonimo,dinosaurios_y_prehistoria,español,158,Cuentos para dormir,Colab AI,94aa65c1ea584faeb02190203f10a90a,"Tati era una anquilosaurio muy alegre a la que le encantaba el ritmo. Cada vez que las gotas de la lluvia prehistórica golpeaban las hojas de helecho gigantes, ella comenzaba a mover sus patas cortas sobre la arcilla blanda. Una tarde, decidió dar un concierto especial junto al río de las piedras brillantes. Tati comenzó a golpear el suelo con su pesada cola de mazo, creando un sonido profundo y divertido: ""¡pum, bam, pum!"". El eco viajó rápidamente por todo el desfiladero, llamando la atención de un joven braquiosaurio que pasaba por ahí. El gigante comenzó a mover su larguísimo cuello al compás de la música, mientras unos pequeños triceratops usaban sus lianas elásticas para saltar y bailar en círculos. Incluso un tiranosaurio manso se unió al festejo lanzando un rugido amigable que sonaba como un divertido coro. El gran baile demostró que, en la prehistoria, la música era perfecta para unir a todos los amigos del valle."
cuento_171,El Gran Concierto del Valle Prehistórico,Anonimo,dinosaurios_y_prehistoria,español,141,Cuentos para dormir,Colab AI,dee7aad29dc7c4a19654f87b946ba441,"Para celebrar el final de la temporada de lluvias, todos los habitantes del desfiladero decidieron organizar una gran fiesta en la llanura de arcilla blanda. Los pequeños parasaurolophus prepararon sus crestas para emitir un tierno silbido que daba el ritmo, mientras que los estegosaurios golpeaban suavemente los troncos petrificados con sus colas de garras mansas. Las lianas elásticas de los árboles ancestrales servían como arpas gigantes que los niños de la edad de piedra hacían sonar con sutiles toques. Cuando el gran volcán se iluminó con los últimos rayos del sol, una hermosa melodía envolvió los helechos gigantes, haciendo que la niebla espesa desapareciera por completo. Todos los dinosaurios, grandes y pequeños, se unieron en un solo y poderoso rugido amigable, demostrando que en el corazón de la prehistoria, la música y la amistad siempre encontraban el camino para brillar juntos."
cuento_172,El Guardián del Gran Glaciar,Anonimo,dinosaurios_y_prehistoria,español,143,Cuentos para dormir,Colab AI,904e02e7efe8561ba54be1a8c0753011,"En el límite del valle prehistórico, donde los árboles ancestrales tocaban las orillas heladas del gran glaciar, vivía un viejo tiranosaurio manso llamado Balto. A diferencia de las historias que se contaban en la cueva misteriosa, Balto era el protector de los viajeros que se perdían cuando la niebla espesa bajaba de las montañas. Una noche, una familia de pequeños parasaurolophus quedó atrapada entre bloques de hielo flotantes en el río de la llanura. Balto escuchó sus lamentos y caminó con cuidado sobre la arcilla blanda del desfiladero. Usando su gran tamaño para cortar el viento helado, se inclinó y permitió que los pequeños subieran por su lomo con garras mansas. Con un tierno silbido de alivio, los llevó hasta una zona cálida cerca del gran volcán, donde celebraron el rescate con un rugido amigable que resonó con eco en toda la prehistoria."
cuento_173,El Hadrosaurio y el Escondite en el Desfiladero,Anonimo,dinosaurios_y_prehistoria,español,137,Cuentos para dormir,Colab AI,db0f80a2b5417cceebc5c435a22ed888,"Hugo era un tierno hadrosaurio de garras mansas que disfrutaba recolectando hojas tiernas al pie del gran volcán. Una tarde, una tormenta eléctrica sorprendió a una partida de recolectores de la edad de piedra lejos de su cueva misteriosa. El viento soplaba con tanta fuerza que los árboles ancestrales se mecían peligrosamente. Al ver el peligro, Hugo usó su característico pico para apartar densas lianas elásticas y revelar la entrada a un desfiladero protegido, libre del lodo de la arcilla blanda. El grupo de humanos se resguardó rápidamente bajo la saliente de piedra, sintiendo el calor del gran dinosaurio que se colocó en la entrada para frenar las ráfagas de viento. Al calmarse el cielo, la tribu le dedicó un tierno silbido en señal de eterna gratitud, y Hugo los despidió con un resonante y rugido amigable."
cuento_174,El Helecho Musical del Valle,Anonimo,dinosaurios_y_prehistoria,español,171,Cuentos para dormir,Colab AI,b9057497f113dfe08daa7eb3f19f4d8b,"El pequeño triceratops llamado Tobi vivía en un valle rodeado de enormes huellas y helechos gigantes. Una tarde, mientras buscaba bayas dulces, encontró una planta muy extraña cuyas hojas resplandecían como piedras brillantes bajo el sol. Tobi, curioso, rozó el tallo con sus tres pequeños cuernos. Para su sorpresa, el helecho no se rompió, sino que emitió un sonido suave y melodioso, similar al tintineo del agua cristalina. Fascinado, el dinosaurio comenzó a dar pisotones rítmicos contra el suelo, haciendo crujir las lianas secas alrededor. Las hojas del helecho gigante empezaron a vibrar con más fuerza, esparciendo un polen luminoso que flotaba en el aire nocturno como estrellas diminutas. El tierno sonido atrajo a varias luciérnagas prehistóricas, que se unieron al espectáculo iluminando la cueva misteriosa cercana. Tobi y la planta crearon una hermosa sinfonía que calmó el rugido del volcán lejano. El pequeño dinosaurio se recostó junto al tierno vegetal, feliz de haber descubierto el primer instrumento musical de la prehistoria, y se quedó plácidamente dormido bajo el cielo estrellado."
cuento_175,El Herrerasaurio y el Sendero Oculto,Anonimo,dinosaurios_y_prehistoria,español,168,Cuentos para dormir,Colab AI,1872e00406a5e585cb1951d8f5ec5f3f,"Hugo era un tierno herrerasaurio, uno de los primeros y más ágiles corredores de la prehistoria, que poseía unos brazos fuertes pero que siempre transitaba por el bosque con garras mansas. Un crepúsculo, un cazador de la edad de piedra se extravió cerca del gran cañón tras seguir el rastro de unas plantas medicinales; una súbita caída de ramas secas y troncos petrificados había borrado por completo el camino de regreso sobre la arcilla blanda. Hugo, que descansaba sobre una roca elevada, divisó al humano caminando en círculos. Bajando con ligereza entre los árboles ancestrales, el dinosaurio se colocó unos pasos delante del cazador y comenzó a avanzar lentamente, pisando con firmeza las zonas seguras del terreno y apartando las ramas con suavidad. Lo guio con éxito hasta las afueras de la cueva misteriosa. El cazador, aliviado de ver su hogar, alzó su lanza en señal de paz emitiendo un tierno silbido, y el veloz guía se despidió perdiéndose en la noche con un tierno y rugido amigable."
cuento_176,El Huayangosaurio y el Almacén de Granos,Anonimo,dinosaurios_y_prehistoria,español,155,Cuentos para dormir,Colab AI,cfdf9aeb9a5f24e063ac2ba2b44fe3cf,"Hilario era un tierno huayangosaurio, un dinosaurio acorazado de placas prominentes y andar pausado que caminaba con garras mansas. Una tarde, los agricultores de la edad de piedra reforzaban la base de un almacén de granos cerca del gran volcán. El granero estaba elevado sobre troncos petrificados y amarrado con lianas elásticas, pero una filtración subterránea convirtió el suelo en una traicionera arcilla blanda, haciendo que la estructura comenzara a inclinarse de lado. Hilario, que buscaba plantas bajas entre los helechos gigantes del terreno colindante, se percató del peligro de derrumbe. Caminó decididamente hacia el almacén y apoyó su robusto y acorazado lomo contra los troncos petrificados que cedían, haciendo de cuña firme mientras los aldeanos sustituían los amarres tensando nuevas lianas elásticas. Al ver su provisión de alimento a salvo de la arcilla blanda, los agricultores emitieron un tierno silbido, y Hilario balanceó su cola con suavidad respondiendo con un tierno y rugido amigable."
cuento_177,El Huayangosaurio y el Canal del Huerto,Anonimo,dinosaurios_y_prehistoria,español,166,Cuentos para dormir,Colab AI,af7fe0f4bfb5874ca99027190a8ab83c,"Hugo era un tierno huayangosaurio, un robusto dinosaurio de lomo bajo y placas anchas que caminaba por los valles con garras mansas. Cerca del gran volcán, unos agricultores de la edad de piedra intentaban desviar un pequeño arroyo hacia sus cultivos usando una hilera de troncos petrificados. Sin embargo, la fuerza del agua rompió el borde del canal, abriendo una zanja en la arcilla blanda que desviaba el líquido lejos de la siembra, y las lianas elásticas que tenían no bastaban para amarrar contenciones nuevas. Hugo, que masticaba hojas tiernas entre los helechos gigantes, se percató del desastre. Con paso lento y firme, se recostó de costado exactamente en el punto de la ruptura, usando su fuerte cuerpo acorazado como una sólida barrera temporal. El agua retomó su curso correcto de inmediato, dando tiempo a los humanos de reparar el daño. Al ver su huerto a salvo, la tribu entera entonó un tierno silbido, y Hugo se levantó despacio respondiendo con un tierno y rugido amigable."
cuento_178,El Huayangosaurio y el Horno de Alfarería,Anonimo,dinosaurios_y_prehistoria,español,152,Cuentos para dormir,Colab AI,f8b0198937a84416f78ebb0a8032b360,"Honorato era un tierno huayangosaurio, un dinosaurio acorazado de placas anchas y pisar pausado que deambulaba con garras mansas. A media mañana, los alfareros de la edad de piedra encendían un gran horno cilíndrico cerca del gran volcán. Para mantener la estructura firme, la habían reforzado exteriormente con lianas elásticas y gruesos troncos petrificados, pero el calor intenso agrietó una veta subterránea, liberando agua que convirtió la base en una resbaladiza arcilla blanda. El horno comenzó a inclinarse peligrosamente. Honorato, que buscaba plantas bajas entre los helechos gigantes de los alrededores, escuchó los gritos de alarma. Caminó con paso firme hacia el lugar y colocó su robusto y acorazado costado contra los troncos petrificados, sirviendo de cuña inamovible para estabilizar la estructura mientras los artesanos retiraban la arcilla blanda. Los alfareros, aliviados al salvar sus piezas, emitieron un tierno silbido, y Honorato balanceó su cola respondiendo con un tierno y rugido amigable."
cuento_179,El Huayangosaurio y el Puente Levadizo,Anonimo,dinosaurios_y_prehistoria,español,148,Cuentos para dormir,Colab AI,f64f79baa488abdf8473d87ae6ead6ea,"Honorato era un tierno huayangosaurio, un robusto dinosaurio con hileras de placas óseas que recorría los senderos con garras mansas. Un mediodía, los habitantes de una comunidad cercana al gran volcán intentaban cruzar un pequeño barranco usando un puente provisional hecho de troncos petrificados atados con lianas elásticas. Sin embargo, un extremo del puente resbaló debido a la lluvia y quedó encallado en un banco de arcilla blanda, impidiendo el paso seguro de la tribu. Honorato, que caminaba tranquilamente comiendo raíces tiernas entre los helechos gigantes, se acercó a mirar. Comprendiendo el problema, se colocó debajo de la estructura y usó su fuerte lomo acorazado para levantar los troncos con precisión, manteniéndolos firmes hasta que los humanos pudieron asegurar las cuerdas en suelo firme. Los viajeros, aliviados por cruzar a salvo, entonaron un tierno silbido, y Honorato movió su cola espinosa respondiendo con un tierno y rugido amigable."
cuento_180,El Huayangosaurio y el Puente de Emergencia,Anonimo,dinosaurios_y_prehistoria,español,150,Cuentos para dormir,Colab AI,54a5faf85c14f0709c24824660d44440,"Hernán era un tierno huayangosaurio, un robusto dinosaurio provisto de vistosas placas y espinas en el lomo que siempre caminaba con garras mansas. Un grupo de cazadores de la edad de piedra regresaba a su hogar cerca del gran volcán cuando descubrieron que un riachuelo de arcilla blanda se había desbordado, destruyendo el paso peatonal. Estaban atrapados y la noche caía sobre el gran cañón. Hernán, que buscaba plantas tiernas entre los helechos gigantes, se percató de la situación. Se colocó de manera horizontal sobre el cauce estrecho, ofreciendo su firme lomo acorazado como una base sólida. Los cazadores, sujetándose con cuidado de las lianas elásticas laterales, cruzaron uno a uno caminando sobre las placas del dinosaurio sin lastimarse. Al estar todos a salvo en la otra orilla, la tribu alzó sus antorchas emitiendo un tierno silbido, y Hernán asintió con la cabeza respondiendo con un tierno y rugido amigable."
cuento_181,El Huayangosaurio y el Puente sobre la Grieta,Anonimo,dinosaurios_y_prehistoria,español,171,Cuentos para dormir,Colab AI,165b99a25dca00dc350d6b1c265efe1f,"Hernán era un tierno huayangosaurio, un dinosaurio de cuerpo ancho y robustas placas que caminaba cerca del gran cañón con garras mansas. Un mediodía, una fuerte sacudida de la tierra abrió una grieta profunda en el suelo, justo en el camino que una tribu de la edad de piedra usaba para volver a su hogar con sus herramientas amarradas en lianas elásticas. El fondo de la grieta estaba lleno de arcilla blanda y lodo espeso, lo que hacía imposible cruzar a pie. Hernán, que masticaba hojas tiernas entre los helechos gigantes, vio la frustración de los viajeros. Con mucha calma, se posicionó firmemente de lado sobre la parte más estrecha de la fisura, apoyando sus patas en suelo firme y extendiendo su lomo acorazado a modo de puente natural. Los humanos, confiando en su amigo, cruzaron uno a uno caminando sobre las placas seguras del dinosaurio. Una vez al otro lado, el grupo entero entonó un tierno silbido, y Hernán giró lentamente la cabeza respondiendo con un tierno y rugido amigable."
cuento_182,El Huayangosaurio y el Refuerzo de la Empalizada,Anonimo,dinosaurios_y_prehistoria,español,150,Cuentos para dormir,Colab AI,dbaf5a8c22b904bc6dfaf20b32062d99,"Homero era un tierno huayangosaurio, un dinosaurio acorazado con hileras de placas óseas que recorría los lalles con garras mansas. Un mediodía, unos aldeanos de la edad de piedra reforzaban la empalizada exterior de su refugio cerca del gran volcán, utilizando troncos petrificados enterrados en el suelo. Sin embargo, una filtración de agua subterránea convirtió la base en una franja inestable de arcilla blanda, provocando que los postes comenzaran a ladearse peligrosamente a pesar de estar sujetos con lianas elásticas. Homero, que caminaba tranquilamente buscando brotes nuevos entre los helechos gigantes, notó la fatiga de los hombres. Se aproximó con paso firme y recostó su pesado y protegido lomo contra los troncos caídos, sosteniendo la estructura con perfecta estabilidad mientras los humanos compactaban el terreno con piedras secas. Los constructores, aliviados, entonaron un tierno silbido de gratitud, y Homero balanceó su cola despacio respondiendo con un tierno y rugido amigable."
cuento_183,El Huayangosaurio y el Rescate en el Cañón,Anonimo,dinosaurios_y_prehistoria,español,160,Cuentos para dormir,Colab AI,4bc2be907514b17132e5809e5301ebe5,"Hugo era un tierno huayangosaurio, un robusto dinosaurio con hileras de placas espinosas en el lomo que recorría los senderos boscosos con garras mansas. Un crepúsculo, una pequeña mascota de la edad de piedra —un cachorro de lobo que jugaba cerca del gran cañón— resbaló por una pendiente empinada y quedó atrapado en una saliente cubierta de arcilla blanda de la que no podía subir. Los niños de la tribu lloraban al no poder descender por lo liso de la pared. Hugo, que descansaba bajo unos helechos gigantes, se aproximó con cuidado al borde de la ladera. Se posicionó de espaldas y permitió que los adultos de la tribu bajaran usándolo a él como una rampa firme, sujetándose de sus placas óseas con total seguridad para alcanzar al cachorro. Al subir a la mascota sana y salva, toda la comunidad rodeó al dinosaurio emitiendo un tierno silbido, y Hugo balanceó su cola alegremente respondiendo con un tierno y rugido amigable."
cuento_184,El Huayangosaurio y el Secadero de Pieles,Anonimo,dinosaurios_y_prehistoria,español,151,Cuentos para dormir,Colab AI,b8e9256b0f36ab18e5fe86f0e9467325,"Hugo era un tierno huayangosaurio, un robusto dinosaurio acorazado con placas puntiagudas en su lomo que recorría los valles con garras mansas. Al caer la tarde, unas artesanas de la edad de piedra acomodaban un gran secadero de pieles cerca de la cueva misteriosa, sujetándolo fuertemente con lianas elásticas a unos troncos petrificados clavados en la tierra. Sin embargo, una inesperada lluvia ligera humedeció el suelo, convirtiéndolo en una franja de arcilla blanda que cedió bajo el peso de la estructura, inclinándola hacia el fango. Hugo, que caminaba tranquilamente buscando raíces entre los helechos gigantes, se percató del accidente. Se acercó despacio y colocó su ancho y protegido costado debajo del marco de madera, sosteniéndolo con total firmeza mientras las mujeres aseguraban la base con piedras secas. Las artesanas, agradecidas por salvar su labor, entonaron un tierno silbido, y Hugo balanceó su cola despacio respondiendo con un tierno y rugido amigable."
cuento_185,El Huayangosaurio y el Sendero Nocturno,Anonimo,dinosaurios_y_prehistoria,español,164,Cuentos para dormir,Colab AI,33b1019323194977deeeae22f9ac9431,"Hugo era un tierno huayangosaurio, un dinosaurio robusto provisto de dos hileras de placas verticales a lo largo de su espalda y largas espinas en los hombros, que siempre avanzaba por el bosque con garras mansas. Una noche sin luna, una densa niebla descendió desde el gran cañón, cubriendo por completo los helechos gigantes y desorientando a un grupo de recolectores de la edad de piedra que intentaban regresar a la cueva misteriosa. El suelo, cubierto de lianas elásticas y raíces, era muy peligroso a oscuras. Hugo, que descansaba cerca, vio las antorchas titilar sin rumbo. El noble dinosaurio comenzó a avanzar delante de ellos a paso lento; sus placas del lomo, que reflejaban la tenue luz de las antorchas, sirvieron como una guía perfecta y brillante para los humanos. Los guio con éxito hasta la entrada de su refugio, donde la comunidad lo recibió emitiendo un tierno silbido, a lo que Hugo respondió moviendo suavemente la cola con un tierno y rugido amigable."
cuento_186,El Huayangosaurio y la Arcilla del Alfarero,Anonimo,dinosaurios_y_prehistoria,español,148,Cuentos para dormir,Colab AI,61ef45e1fc1f494878b99a7732ff2e73,"Héctor era un tierno huayangosaurio, un dinosaurio robusto y de placas puntiagudas que caminaba por los valles con garras mansas. Un mediodía, un alfarero de la edad de piedra recolectaba arcilla blanda cerca del gran volcán para moldear vasijas. Al cargar su canasto sobre un soporte hecho de troncos petrificados, la cuerda de lianas elásticas que lo sujetaba comenzó a deshilacharse por el peso, amenazando con tirar todo el material por un barranco. Héctor, que masticaba hojas bajas entre los helechos gigantes, se percató de la urgencia del artesano. Con paso firme, se acercó y colocó su lomo acorazado directamente debajo de la base del canasto, sosteniendo el peso muerto y dándole estabilidad al humano para cambiar los amarres rotos. El alfarero, feliz de no perder el trabajo del día, sonrió emitiendo un tierno silbido, y Héctor balanceó su cola despacio respondiendo con un tierno y rugido amigable."
cuento_187,El Huayangosaurio y la Carga de Arcilla,Anonimo,dinosaurios_y_prehistoria,español,140,Cuentos para dormir,Colab AI,1bbc269f0c70ef017e9232926508fa1d,"Heriberto era un tierno huayangosaurio, un robusto dinosaurio con hileras de placas óseas que recorría los caminos con garras mansas. Un mediodía, unos jóvenes de la edad de piedra recolectaban arcilla blanda cerca del gran volcán para reparar las chozas de la aldea. Al llenar un gran contenedor hecho de troncos petrificados, el peso provocó que las lianas elásticas que lo sostenían se vencieran, dejando el fardo a punto de volcarse por una ladera. Heriberto, que caminaba tranquilamente buscando plantas bajas entre los helechos gigantes, se percató del aprieto. Con paso firme, avanzó y colocó su fuerte lomo acorazado debajo del contenedor, sirviendo de soporte estable mientras los jóvenes reforzaban los nudos de las cuerdas. Los muchachos, aliviados de no perder su material, entonaron un tierno silbido, y Heriberto balanceó su cola espinosa respondiendo con un tierno y rugido amigable."
cuento_188,El Huayangosaurio y la Cosecha de Raíces,Anonimo,dinosaurios_y_prehistoria,español,160,Cuentos para dormir,Colab AI,c80b7150e8e0a5864a3326b034a6133b,"Hugo era un tierno huayangosaurio, un dinosaurio acorazado de placas anchas y andar tranquilo que caminaba con garras mansas. A media mañana, unas recolectoras de la edad de piedra desenterraban raíces nutritivas a las faldas del gran volcán. Para transportarlas, utilizaban un gran contenedor de mimbre reforzado con lianas elásticas, pero al arrastrarlo por el camino de bajada, las ruedas de piedra chocaron contra unos troncos petrificados enterrados, volcando el cargamento en un pozo de arcilla blanda. Las raíces comenzaron a cubrirse de lodo denso. Hugo, que buscaba plantas bajas entre los helechos gigantes de los alrededores, se acercó al oír los lamentos de las mujeres. Usando su fuerte y baja cabeza como una pala natural, empujó con cuidado el contenedor fuera de la arcilla blanda y apartó los troncos petrificados que obstruían el paso. Las recolectoras, felices de recuperar el alimento limpio, emitieron un tierno silbido, y Hugo balanceó sus placas óseas respondiendo con un tierno y rugido amigable."
cuento_189,El Huayangosaurio y la Despensa del Valle,Anonimo,dinosaurios_y_prehistoria,español,133,Cuentos para dormir,Colab AI,d4e9af57acff2888bba99dcd143e2991,"Hilario era un tierno huayangosaurio, un robusto dinosaurio de lomo acorazado con placas que caminaba por la pradera con garras mansas. Una mañana, unos recolectores de la edad de piedra construían una despensa de provisiones cerca de la cueva misteriosa, usando pesados troncos petrificados sujetos con lianas elásticas. Por desgracia, el peso hizo que la base cediera sobre un terreno oculto de arcilla blanda, inclinando peligrosamente toda la estructura hacia el suelo. Hilario, que buscaba pastos frescos entre los helechos gigantes, se dio cuenta del desastre inminente. Se acercó rápidamente y apoyó su resistente costado protegido contra la pared de troncos, enderezándola por completo hasta que los humanos la aseguraron con piedras. Los recolectores sonrieron aliviados emitiendo un tierno silbido, y Hilario sacudió su cola lentamente respondiendo con un tierno y rugido amigable."
cuento_190,El Huayangosaurio y la Empalizada de la Aldea,Anonimo,dinosaurios_y_prehistoria,español,154,Cuentos para dormir,Colab AI,49108eca22c9d33be9983895b55825ca,"Héctor era un tierno huayangosaurio, un robusto dinosaurio acorazado con hileras de placas óseas que recorría los valles con garras mansas. Una tarde, los habitantes de una aldea cercana a la cueva misteriosa trabajaban a contrarreloj para reforzar la empalizada de protección antes de que comenzara la temporada de vientos del gran volcán. Estaban usando pesados troncos petrificados, pero clavarlos firmemente en el suelo de arcilla blanda requería un esfuerzo sobrehumano, y las lianas elásticas se estiraban demasiado al intentar jalarlos. Héctor, que paseaba pacíficamente comiendo brotes tiernos entre los helechos gigantes, se detuvo a mirar. Comprendiendo la urgencia, se colocó junto a cada poste y usó su macizo lomo para empujar y nivelar los troncos con precisión milimétrica, dejándolos perfectamente hundidos y seguros en la tierra. Los constructores, agradecidos por tan valiosa ayuda, alzaron sus manos emitiendo un tierno silbido, y Héctor movió su cola acorazada respondiendo con un tierno y rugido amigable."
cuento_191,El Huayangosaurio y la Empalizada del Huerto,Anonimo,dinosaurios_y_prehistoria,español,155,Cuentos para dormir,Colab AI,0f3d94a41729815b63049fc514c06a17,"Heriberto era un tierno huayangosaurio, un dinosaurio acorazado de placas anchas y pisar pausado que deambulaba con garras mansas. A media mañana, los hortelanos de la edad de piedra reforzaban la empalizada de sus cultivos cerca del gran volcán. Habían fijado la estructura con lianas elásticas alrededor de gruesos troncos petrificados, pero una fuerte filtración de agua subterránea convirtió el suelo en una traicionera arcilla blanda, haciendo que la valla comenzara a ceder ante el viento. Heriberto, que buscaba pastos bajos entre los helechos gigantes de los alrededores, notó la preocupación de los aldeanos. Caminó con paso firme hacia el lugar y apoyó su robusto y acorazado costado contra los troncos petrificados, sosteniendo con firmeza la empalizada mientras los humanos aseguraban las lianas elásticas en terreno seco. Los agricultores, aliviados al ver su huerto protegido de la arcilla blanda, emitieron un tierno silbido, y Heriberto balanceó su cola respondiendo con un tierno y rugido amigable."
cuento_192,El Huayangosaurio y la Presa del Arroyo,Anonimo,dinosaurios_y_prehistoria,español,163,Cuentos para dormir,Colab AI,72b31341772d3b570a93b047c8902bcb,"Honorato era un tierno huayangosaurio, un dinosaurio acorazado con hileras de placas puntiagudas en su lomo que caminaba por los senderos con garras mansas. Una tarde, unos pescadores de la edad de piedra construían una pequeña presa en un riachuelo cerca del gran cañón, utilizando troncos petrificados atados con lianas elásticas para contener los peces. De pronto, una de las paredes de arcilla blanda cedió ante la corriente, y toda la estructura comenzó a inclinarse, amenazando con desmoronarse. Honorato, que buscaba plantas tiernas entre los helechos gigantes de la orilla, notó la desesperación de los pescadores. Con paso firme, se adentró en el agua y apoyó su robusto costado lleno de placas contra el muro de troncos, sosteniendo la estructura por completo. Esto dio tiempo suficiente a los humanos para reforzar el dique con piedras y lodo pesado. Los pescadores, felices de salvar su cena, sonrieron emitiendo un tierno silbido, y Honorato movió su cola despacio respondiendo con un tierno y rugido amigable."
cuento_193,El Huayangosaurio y la Sombra del Secadero,Anonimo,dinosaurios_y_prehistoria,español,144,Cuentos para dormir,Colab AI,7d703985b8eb47d5301fe098527b06e1,"Helio era un tierno huayangosaurio, un robusto dinosaurio de placas anchas y caminar pausado que avanzaba por los senderos con garras mansas. Cerca del gran volcán, unos recolectores de la edad de piedra ponían a secar hojas medicinales sobre una superficie de arcilla blanda. Para protegerlas del sol abrasador, intentaban levantar un toldo amarrando lianas elásticas a unos troncos petrificados, pero una fuerte ráfaga de viento rompió uno de los soportes, amenazando con arruinar la cosecha. Helio, que masticaba brotes frescos entre los helechos gigantes, vio la prisa de los humanos. Con paso firme, se acomodó justo en el extremo desprotegido del secadero y levantó su lomo acorazado para sostener la manta del toldo, bloqueando el viento y el sol excesivo. Los recolectores, felices de salvar sus medicinas, sonrieron emitiendo un tierno silbido, y Helio parpadeó despacio respondiendo con un tierno y rugido amigable."
cuento_194,El Huayangosaurio y las Piedras de Moler,Anonimo,dinosaurios_y_prehistoria,español,156,Cuentos para dormir,Colab AI,7ee8b454784a86bcb546ab6d01e5f69a,"Heriberto era un tierno huayangosaurio, un dinosaurio acorazado de andar sereno y placas elevadas que caminaba con garras mansas. Un mediodía, unos recolectores de la edad de piedra transportaban pesadas piedras de moler cerca del gran cañón usando una balsa de arrastre sujeta con lianas elásticas. Al cruzar un antiguo sendero, el peso de la carga hizo que las maderas se hundieran en una profunda veta de arcilla blanda, quedando atascadas detrás de unos enormes troncos petrificados. Los hombres tiraban en vano del aparejo. Heriberto, que buscaba brotes tiernos entre los helechos gigantes de la orilla, vio el problema y se acercó lentamente. Colocó su ancha y resistente cola debajo de los troncos petrificados y, haciendo palanca con cuidado, levantó la obstrucción mientras los humanos jalaban las lianas elásticas para liberar la balsa. Los recolectores, felices de recuperar sus herramientas, emitieron un tierno silbido, y Heriberto balanceó su armadura respondiendo con un tierno y rugido amigable."
cuento_195,El Huayangosaurio y las Piedras de Molienda,Anonimo,dinosaurios_y_prehistoria,español,164,Cuentos para dormir,Colab AI,727e895629b52b9ddcf524c3369ac5c9,"Hugo era un tierno huayangosaurio, un dinosaurio robusto cubierto de placas y espinas defensivas que andaba por los valles con garras mansas. Una tarde, unos artesanos de la edad de piedra necesitaban transportar unas pesadas piedras planas para la molienda de granos desde las faldas del gran volcán hasta su aldea. El camino estaba lleno de lodo y arcilla blanda, lo que hacía que las ruedas rústicas y los trineos de madera se atascaran constantemente. Hugo, que caminaba tranquilamente comiendo brotes entre los helechos gigantes, se acercó al notar el esfuerzo de los humanos. Los artesanos amarraron las piedras con lianas elásticas alrededor de los costados de la armadura de Hugo, cuidando de no lastimarlo. Con su enorme fuerza, el dinosaurio avanzó con paso firme sobre el terreno difícil, llevando la carga sin menor esfuerzo directo al campamento. El jefe de la tribu, conmovido por su nobleza, emitió un tierno silbido, y Hugo asintió con la cabeza respondiendo con un tierno y rugido amigable."
cuento_196,El Huayangosaurio y los Troncos del Puente,Anonimo,dinosaurios_y_prehistoria,español,153,Cuentos para dormir,Colab AI,cffe9d39b24ae361523be460bbeb0dd8,"Horacio era un tierno huayangosaurio, un dinosaurio acorazado de andar sereno y placas elevadas que caminaba con garras mansas. Al caer la tarde, unos cazadores de la edad de piedra regresaban a su aldea cargando provisiones cerca del gran cañón. Al intentar cruzar un arroyo, el pequeño puente hecho de troncos petrificados cedió debido a que las bases se hundieron en una veta de arcilla blanda, desprendiendo las lianas elásticas que lo mantenían firme. Los humanos quedaron atrapados del otro lado. Horacio, que buscaba brotes tiernos entre los helechos gigantes de la orilla, vio el problema. Se adentró en el agua poco profunda y acomodó su ancho y resistente lomo debajo de los troncos caídos, sirviendo como una plataforma sólida y segura para que los cazadores pasaran sin peligro. Una vez a salvo, los hombres emitieron un tierno silbido, y Horacio balanceó su cola con suavidad respondiendo con un tierno y rugido amigable."
cuento_197,El Iguanodon y el Muro de Defensa,Anonimo,dinosaurios_y_prehistoria,español,48,Cuentos para dormir,Colab AI,ede002778850ba66d82143f0dcc5f9e1,"Ignacio era un tierno iguanodon que usaba sus pulgares como garras mansas. Ayudó a colocar pesados troncos petrificados para proteger la aldea. Cuando el muro se hundió en arcilla blanda, él lo sostuvo con fuerza. La tribu emitió un tierno silbido e Ignacio respondió con un rugido amigable."
cuento_198,El Iguanodonte y el Agua del Manantial,Anonimo,dinosaurios_y_prehistoria,español,137,Cuentos para dormir,Colab AI,4bd04165278023b9e9d03c385b70026a,"Ian era un tierno iguanodonte que poseía un gran espolón en su dedo pulgar, pero siempre lo llevaba levantado para demostrar sus garras mansas ante los seres de la edad de piedra. Durante una época de calor intenso, el pequeño manantial cercano al gran cañón se obstruyó por la acumulación de lodo seco y troncos petrificados, dejando a la tribu sin agua limpia. Ian caminó con paso firme hasta el lugar y, usando su fuerte espolón como una herramienta precisa, removió los obstáculos y cavó un canal limpio en la arcilla blanda. El agua fresca volvió a brotar rápidamente, llenando las vasijas de los aldeanos. El jefe de la comunidad alzó los brazos ofreciendo un tierno silbido en señal de paz, e Ian, complacido, hizo eco en las paredes del cañón con un tierno y rugido amigable."
cuento_199,El Iguanodonte y el Oasis Escondido,Anonimo,dinosaurios_y_prehistoria,español,131,Cuentos para dormir,Colab AI,7686cc93095e1e0df972edf1451e5a1b,"Ignacio era un tierno iguanodonte que caminaba con paso firme sobre la arcilla blanda del gran cañón. Poseía un gran pulgar puntiagudo en sus manos, pero sus intenciones siempre estaban llenas de garras mansas. Un día de intenso calor, las fuentes de agua habituales cerca de los troncos petrificados se secaron, dejando a los animales y a una pequeña tribu de la edad de piedra con mucha sed. Ignacio, recordando sus paseos por los helechos gigantes, guio a los niños del poblado a través de un estrecho desfiladero bloqueado por lianas elásticas. Usando su fuerte pulgar con cuidado, apartó la vegetación y desenterró un manantial subterráneo de agua fresca. Los pequeños bebieron alegres y emitieron un tierno silbido de alivio, mientras Ignacio celebraba el hallazgo con un tierno y rugido amigable."
cuento_200,El Iguanodonte y el Oasis de Sal,Anonimo,dinosaurios_y_prehistoria,español,166,Cuentos para dormir,Colab AI,ebb14b7172b2cd7804540dd6d67cba92,"Iker era un joven iguanodonte conocido en todo el desfiladero por el gran espolón que tenía en su dedo pulgar. Durante la época de la gran sequía, cuando el lodo de la llanura se secó por completo dejando solo arcilla blanda y agrietada, las manadas de herbívoros comenzaron a flaquear por la falta de minerales. Iker, guiado por un tierno silbido del viento, caminó hacia una zona inexplorada más allá del gran volcán apagado. Tras esquivar un laberinto de lianas elásticas, encontró una pared de roca gris cubierta por una costra blanca que brillaba intensamente: ¡era un yacimiento de sal mineral! Con gran destreza, Iker usó su afilado espolón para picar la roca con cuidado, desprendiendo pequeños trozos que cayeron sobre las hojas de helecho gigantes. Regresó corriendo al valle y compartió el tesoro con los pequeños triceratops y los ancianos de su manada. Todos recuperaron sus fuerzas de inmediato y celebraron el hallazgo de Iker con rugidos amigables que resonaron en todo el mundo primitivo."
cuento_201,El Iguanodonte y las Raíces del Arroyuelo,Anonimo,dinosaurios_y_prehistoria,español,135,Cuentos para dormir,Colab AI,a85cf3a0c0bbf007802c9c84a404b786,"Iván era un tierno iguanodonte de garras mansas que poseía unos pulgares fuertes y puntiagudos, los cuales utilizaba exclusivamente para desenterrar tubérculos y ayudar a sus amigos. Una tarde, una fuerte lluvia arrastró lodo de arcilla blanda desde el gran volcán, obstruyendo el pequeño arroyuelo que abastecía de agua fresca a una tribu de la edad de piedra cerca de la cueva misteriosa. Al ver que el agua no corría, Iván caminó con cuidado entre los helechos gigantes y, usando la fuerza de sus patas y sus grandes pulgares, removió los troncos petrificados y las lianas elásticas que bloqueaban el cauce. El agua clara volvió a fluir de inmediato para alegría de los niños. El jefe del poblado alzó un tierno silbido en agradecimiento, e Iván batió la cola con un profundo y rugido amigable."
cuento_202,El Invento de la Rueda de Piedra,Anonimo,dinosaurios_y_prehistoria,español,160,Cuentos para dormir,Colab AI,0af0126bc04767cd7cb6f0808260c8ca,"Aka era un niño de la tribu de la edad de piedra que tenía la tarea de recolectar pesados troncos petrificados para la fogata comunal. Sus brazos eran pequeños y siempre terminaba muy cansado de arrastrar la madera sobre la arcilla blanda. Una tarde, mientras descansaba cerca de una cueva misteriosa, vio una roca perfectamente redonda rodar colina abajo, esquivando hojas de helecho gigantes y enormes huellas con gran velocidad. Inspirado por la escena, Aka usó una piedra afilada para tallar el centro de dos rocas circulares y las unió con una liana elástica muy fuerte. Al colocar los troncos sobre su nuevo invento, descubrió que podía moverlos sin ningún esfuerzo. Cuando llegó al campamento empujando su carga, toda la tribu lo recibió con gritos de asombro y alegría. El jefe lo felicitó por su gran descubrimiento. Aka sonrió feliz al lado de la fogata, sabiendo que su pequeña idea rodante cambiaría para siempre la vida en el mundo prehistórico."
cuento_203,El Inventor de la Edad de Stone,Anonimo,dinosaurios_y_prehistoria,español,158,Cuentos para dormir,Colab AI,91e161dca4d390ae987c9df9b0a6b820,"Ugo era un niño muy curioso de la tribu de la edad de piedra que pasaba las horas observando cómo rodaban los frutos redondos por las laderas del desfiladero. Un día, usando una piedra brillante muy afilada, talló un trozo de tronco petrificado hasta dejarlo completamente circular, haciéndole un agujero justo en el centro. Pasó una liana elástica a través del orificio y conectó dos de estas piezas a una gran corteza de helecho gigante, creando el primer carrito de la prehistoria. Al principio, los adultos de la tribu lo miraron con desconfianza mientras cargaba pesadas piedras de arcilla blanda para las chozas. Sin embargo, cuando vieron la facilidad con la que Ugo transportaba el alimento a través de la llanura sin cansarse, todos los cazadores aplaudieron su gran ingenio. Un tierno braquiosaurio manso se acercó curioso y ayudó a empujar el invento con su largo cuello, uniendo su rugido amigable a la gran fiesta de la tribu."
cuento_204,El Jobaria y el Puente de Madera,Anonimo,dinosaurios_y_prehistoria,español,161,Cuentos para dormir,Colab AI,a807af03b1db628c8fc225f48ab3767a,"Jacobo era un tierno jobaria, un enorme saurópodo de cuello largo y pisadas profundas que, a pesar de su inmenso tonelaje, siempre caminaba con garras mansas cuando divisaba los asentamientos humanos. Un mediodía, una fuerte crecida del río arrastró el pequeño puente de troncos que una tribu de la edad de piedra utilizaba para cruzar el gran cañón, dejando a varios cazadores aislados en la orilla opuesta sobre la arcilla blanda. El agua corría con demasiada fuerza para cruzar a nado. Jacobo, que se alimentaba pacíficamente de los helechos gigantes cercanos, comprendió la situación y se adentró en el cauce con firmeza. Colocando su largo y robusto cuerpo de lado a lado del río, sirvió como un puente vivo y seguro para que los humanos pasaran sobre su lomo. Una vez todos a salvo, el líder de la tribu alzó su báculo emitiendo un tierno silbido, y Jacobo sacudió el agua de sus costados despediéndose con un profundo y rugido amigable."
cuento_205,El Jobaria y el Puente del Riachuelo,Anonimo,dinosaurios_y_prehistoria,español,161,Cuentos para dormir,Colab AI,071b00a2803fc03586ad5d5db44faade,"Julio era un tierno jobaria, un colosal y noble saurópodo de gran altura que recorría los valles con garras mansas. Al atardecer, los niños de la aldea regresaban de jugar cerca de la cueva misteriosa, pero se encontraron con que el pequeño puente de troncos petrificados que usaban para cruzar el riachuelo se había vencido. La corriente había acumulado una gran cantidad de arcilla blanda en la base, soltando los amarres de lianas elásticas y dejando la estructura inestable. Julio, que descansaba plácidamente entre los espesos helechos gigantes, escuchó los murmullos de preocupación de los pequeños. Se aproximó con paso lento pero firme y colocó una de sus enormes y anchas patas junto a los troncos petrificados, sirviendo de soporte inamovible para estabilizar el puente. Los niños cruzaron corriendo y a salvo de la arcilla blanda; al llegar al otro lado, emitieron un tierno silbido de gratitud, y el gigante alzó su largo cuello respondiendo con un profundo y rugido amigable."
cuento_206,El Jobaria y el Refugio de la Tormenta,Anonimo,dinosaurios_y_prehistoria,español,155,Cuentos para dormir,Colab AI,ac40a69c8a969464e465df6dc771c66b,"Julián era un tierno jobaria, un colosal y noble saurópodo de gran altura que recorría los llanos con garras mansas. Una mañana, una tormenta de viento azotó el valle cercano a la cueva misteriosa. El techo del refugio comunal de los humanos, construido con lianas elásticas y pesados troncos petrificados, comenzó a levantarse debido a que las estacas del suelo se desprendieron por la acumulación de arcilla blanda. Las familias de la edad de piedra se resguardaban asustadas. Julián, que se protegía de la lluvia entre unos densos helechos gigantes, escuchó los ruidos y se acercó al poblado. Con gran cuidado, bajó su largo y poderoso cuello, apoyándolo firmemente sobre la estructura del techo para hacer contrapeso e impedir que el viento se lo llevara mientras los aldeanos aseguraban los amarres. Cuando la tormenta pasó, la tribu entera emitió un tierno silbido, y el gigante alzó la cabeza respondiendo con un profundo y rugido amigable."
cuento_207,El Jobaria y el Rescate bajo la Lluvia,Anonimo,dinosaurios_y_prehistoria,español,166,Cuentos para dormir,Colab AI,3fc7e66b860ac72f43ed97b5139c554a,"Jacobo era un tierno jobaria, un imponente y majestuoso gigante de cuello largo que recorría las cercanías del gran volcán con garras mansas. Durante un fuerte temporal, el desborde de un arroyo comenzó a inundar una zona baja donde unos niños de la edad de piedra jugaban con figuras modeladas en arcilla blanda. El agua subió rápido, obligando a los pequeños a trepar a lo alto de unos troncos petrificados que amenazaban con caer debido a la corriente. Jacobo, que se resguardaba cerca de los helechos gigantes, escuchó las voces de alerta y avanzó a grandes pasos a través del agua. Con mucha delicadeza, sumergió la parte baja de su largo cuello para que los niños se deslizaran por él como si fuera una rampa, elevándolos por encima de la inundación hasta dejarlos en tierra seca. Los padres de los niños, aliviados, abrazaron las patas del coloso emitiendo un tierno silbido, y el gigante los miró con ojos mansos respondiendo con un profundo y rugido amigable."
cuento_208,El Jobaria y el Rescate de las Maderas,Anonimo,dinosaurios_y_prehistoria,español,163,Cuentos para dormir,Colab AI,9d9cdfa53048b0d52a11524ee2ff60e8,"Jonás era un tierno jobaria, un imponente y noble gigante de cuello largo que recorría las llanuras con garras mansas. Una tarde, unos constructores de la edad de piedra transportaban pesados troncos petrificados desde la cueva misteriosa para levantar el techo de un nuevo refugio. Al cruzar un antiguo lecho de río, las pesadas maderas se hundieron profundamente en un espeso banco de arcilla blanda, y las lianas elásticas que usaban para jalarlas se reventaron por la tensión. Los hombres estaban exhaustos y sin saber qué hacer. Jonás, que caminaba pacíficamente comiendo de las copas de los helechos gigantes, se acercó al escuchar los lamentos. Con gran docilidad, inclinó su imponente cabeza, permitió que los humanos amarraran nuevas cuerdas a su robusto pecho y, con un solo empuje suave pero monumental, sacó los troncos del fango sin el menor esfuerzo. Los constructores, dichosos, aplaudieron emitiendo un tierno silbido, y el titán elevó su cuello al cielo respondiendo con un profundo y rugido amigable."
cuento_209,El Jobaria y el Rescate de las Piedras de Molino,Anonimo,dinosaurios_y_prehistoria,español,163,Cuentos para dormir,Colab AI,acfd321db9664451138c2ba3d356a153,"Julián era un tierno jobaria, un imponente y bondadoso gigante de cuello largo que recorría los valles con garras mansas. Una tarde, unos artesanos de la edad de piedra trasladaban pesadas piedras de molino desde la cueva misteriosa hacia su campamento. Al cruzar una llanura baja, el carro rústico encalló profundamente en un espeso banco de arcilla blanda, y las lianas elásticas que usaban para jalarlo se tensaron al punto de romperse. Los hombres estaban exhaustos. Julián, que se alimentaba tranquilamente de las copas de los helechos gigantes de los alrededores, se acercó al escuchar el alboroto. Con extrema mansedumbre, bajó su largo cuello para que los humanos pudieran sujetar nuevas cuerdas a su robusto pecho. Con un suave pero poderoso avance, sacó las pesadas piedras de la ciénaga y las arrastró hasta suelo firme entre los troncos petrificados. Los artesanos, agradecidos, celebraron emitiendo un tierno silbido, y el colosal gigante elevó su cabeza al cielo respondiendo con un profundo y rugido amigable."
cuento_210,El Jobaria y el Rescate de las Redes,Anonimo,dinosaurios_y_prehistoria,español,159,Cuentos para dormir,Colab AI,8e92c0b314cfe58e704ad41bacf2e3fb,"Julio era un tierno jobaria, un enorme dinosaurio de cuello largo y pisadas firmes que siempre recorría las llanuras con garras mansas. Un mediodía, unos pescadores de la edad de piedra colocaban sus trampas de pesca hechas de lianas elásticas en la orilla de un río cercano al gran cañón. De pronto, una corriente imprevista arrastró las redes hacia el centro del cauce, atrapándolas entre unos troncos petrificados sumergidos en la arcilla blanda. El agua era demasiado profunda y peligrosa para los humanos. Julio, que masticaba hojas tiernas de los helechos gigantes cercanos, vio los apuros de la tribu. Se adentró con calma en el agua, usó su largo cuello para alcanzar el fondo y, enganchando las lianas con cuidado en su hocico, arrastró la pesada carga hasta la orilla seca. Los pescadores, felices por recuperar su sustento, alzaron las manos emitiendo un tierno silbido, y el gigante los miró con calma respondiendo con un tierno y rugido amigable."
cuento_211,El Jobaria y el Rescate de las Redes de Pesca,Anonimo,dinosaurios_y_prehistoria,español,168,Cuentos para dormir,Colab AI,03c457acee67d92c007f71b605b46c36,"Julián era un tierno jobaria, un gigantesco e imponente saurópodo de lomo alto que andaba por las llanuras con garras mansas. Al amanecer, unos pescadores de la edad de piedra revisaban sus redes hechas de lianas elásticas trenzadas a la orilla del gran río. Por desgracia, la corriente de la noche había arrastrado las redes hacia el centro del cauce, atrapándolas bajo un enorme cúmulo de troncos petrificados enterrados en la arcilla blanda del fondo. Los humanos no podían entrar debido a la profundidad. Julián, que se refrescaba las patas entre los helechos gigantes de la orilla, escuchó los lamentos de la tribu. Con pasos lentos y seguros, avanzó hacia el agua profunda, estiró su larguísimo cuello y, con la delicadeza de un cirujano, enganchó las cuerdas con su boca para jalar las redes suavemente hacia la orilla, devolviéndolas completamente intactas. Los pescadores, dichosos por recuperar su sustento, entonaron un tierno silbido, y el coloso elevó su cabeza hacia el cielo respondiendo con un profundo y rugido amigable."
cuento_212,El Jobaria y el Rescate de las Vasijas,Anonimo,dinosaurios_y_prehistoria,español,157,Cuentos para dormir,Colab AI,2832dd0926989e92e07591e00a87f9f7,"Jacinto era un tierno jobaria, un colosal y noble saurópodo de gran estatura que andaba por los valles con garras mansas. Al atardecer, unas artesanas de la edad de piedra regresaban de la cueva misteriosa llevando vasijas nuevas cargadas de agua. Por desgracia, el peso hizo que el armazón de lianas elásticas que las sostenía se rompiera, y los valiosos recipientes rodaron hasta quedar atrapados en un denso pozo de arcilla blanda rodeado de troncos petrificados. Las mujeres no podían alcanzarlos sin arriesgarse a hundirse. Jacinto, que se alimentaba de las copas de los helechos gigantes cercanos, escuchó sus lamentos. Con pasos lentos y cuidadosos, estiró su larguísimo cuello hacia el pozo y, utilizando sus labios con extrema delicadeza, levantó cada vasija por el asa y las colocó intactas sobre la hierba firme. Las artesanas, felices por salvar su trabajo, emitieron un tierno silbido, y el gigante elevó su cabeza respondiendo con un profundo y rugido amigable."
cuento_213,El Jobaria y el Rescate del Alimento,Anonimo,dinosaurios_y_prehistoria,español,162,Cuentos para dormir,Colab AI,14ec7e2ba483d9689e3af5d7fd8a6255,"Jacobo era un tierno jobaria, un gigantesco saurópodo de cuello esbelto y andar pausado que cruzaba las llanuras con garras mansas. Una tarde calurosa, una tribu de la edad de piedra guardaba su provisión de raíces dulces sobre una plataforma alta de troncos petrificados para protegerla de la humedad de la arcilla blanda. Sin embargo, un grupo de pequeños recolectores amarró mal las lianas elásticas de soporte, provocando que la estructura se ladeara peligrosamente sobre el borde del gran cañón. Si caía, la comida de todo el invierno se perdería. Jacobo, que caminaba pacíficamente comiendo brotes de helechos gigantes, vio la emergencia. Con gran serenidad, estiró su largo cuello y apoyó firmemente su barbilla debajo de la plataforma, sosteniendo el peso de los troncos con suavidad mientras los humanos reforzaban los nudos. Una vez asegurada la estructura, el líder de la aldea alzó los brazos emitiendo un tierno silbido, y Jacobo dio un paso atrás despidiéndose con un tierno y rugido amigable."
cuento_214,El Jobaria y el Rescate del Tótem,Anonimo,dinosaurios_y_prehistoria,español,181,Cuentos para dormir,Colab AI,e5ff8619973914011b9cb4deb72b2322,"Jonás era un tierno jobaria, un gigantesco y bonachón saurópodo de cuello largo que recorría los llanos con garras mansas. Al caer el sol, los talladores de una aldea de la edad de piedra intentaban erigir un gran tótem de madera en el centro de su campamento, cerca del gran volcán. El monumento estaba amarrado con gruesas lianas elásticas, pero el peso hizo que la base de la estructura se hundiera en una capa oculta de arcilla blanda, atascándose de lado contra unos troncos petrificados del suelo. Las fuerzas de la tribu no bastaban para enderezarlo. Jonás, que ramoneaba pacíficamente en las copas de los helechos gigantes de los alrededores, escuchó el bullicio y los lamentos. Con pasos lentos y cuidadosos, se acercó a la aldea, bajó su imponente cuello y permitió que los artesanos sujetaran las lianas a su pecho. Con un suave tirón hacia atrás, Jonás levantó el tótem sin esfuerzo hasta dejarlo perfectamente derecho. Toda la tribu rompió en aplausos emitiendo un tierno silbido, y el gran gigante alzó la cabeza respondiendo con un profundo y rugido amigable."
cuento_215,El Jobaria y el Rescate del Tótem 1,Anonimo,dinosaurios_y_prehistoria,español,163,Cuentos para dormir,Colab AI,98299adb09c0488ac554b9e431158825,"Jacinto era un tierno jobaria, un imponente y bondadoso gigante de cuello largo que recorría las praderas con garras mansas. Al mediodía, la tribu de la edad de piedra se encontraba en apuros cerca del gran cañón; el gran tótem de madera del clan, tallado a partir de enormes troncos petrificados, se estaba ladeando de forma alarmante porque el terreno de la plaza central se había reblandecido en una masa de arcilla blanda. Varias lianas elásticas intentaban sostener el peso, pero estaban a punto de romperse por la tremenda tensión. Jacinto, que ramoneaba las copas más altas de los helechos gigantes, caminó con paso firme hacia la aldea. Con infinita paciencia, rodeó el tótem con su largo y fuerte cuello, sosteniéndolo con suavidad pero con la firmeza de una montaña hasta que los artesanos nivelaron el suelo con rocas secas. Toda la aldea unida emitió un tierno silbido de profunda gratitud, y Jacinto elevó su cabeza respondiendo con un profundo y rugido amigable."
cuento_216,El Jobaria y el Rescate del Tótem 2,Anonimo,dinosaurios_y_prehistoria,español,164,Cuentos para dormir,Colab AI,a245390a004c4d97b3d859941c312545,"Jacinto era un tierno jobaria, un colosal y pacífico saurópodo de cuello imponente que recorría los llanos mostrando sus garras mansas. A media mañana, los talladores de la edad de piedra trasladaban un gran tótem comunal hacia la cueva misteriosa, sujetándolo con un complejo aparejo de lianas elásticas sobre una base de troncos petrificados. Al cruzar una hondonada, el enorme peso hizo que el transporte se hundiera profundamente en un pozo oculto de arcilla blanda, quedando completamente inmovilizado. Jacinto, que ramoneaba pacíficamente las copas de los helechos gigantes de los alrededores, escuchó los lamentos de frustración de la tribu. Se aproximó con paso firme, rodeó con cuidado la parte superior de los troncos petrificados con su largo y fuerte cuello y, con un sutil pero poderoso movimiento, elevó el tótem fuera de la arcilla blanda para colocarlo en suelo firme. Los artesanos, conmovidos por el noble gesto, emitieron un tierno silbido, y el gigante alzó su cabeza respondiendo con un profundo y rugido amigable."
cuento_217,El Jobaria y el Suministro de Arcilla,Anonimo,dinosaurios_y_prehistoria,español,159,Cuentos para dormir,Colab AI,156fafd72b2e5072acd3cef8cf7e3c35,"Jacinto era un tierno jobaria, un imponente y noble saurópodo de gran estatura que andaba por las llanuras con garras mansas. Una mañana, un grupo de Alfareros de la edad de piedra recolectaba arcilla blanda en el fondo de una ladera cercana al gran cañón. Para subir los pesados contenedores, utilizaban un sistema de poleas atadas con lianas elásticas a unos troncos petrificados en la cima. De repente, uno de los soportes principales se fracturó, dejando los recipientes colgados a mitad del abismo, a punto de caer y romperse. Jacinto, que ramoneaba pacíficamente en la parte alta de los helechos gigantes, vio el apuro de los humanos. Bajó su largo y fuerte cuello, enganchó con suavidad las lianas con su hocico y, con un movimiento pausado, elevó la carga hasta la superficie segura. Los alfareros, felices por recuperar su material de trabajo, emitieron un tierno silbido, y el gigante elevó su cabeza respondiendo con un profundo y rugido amigable."
cuento_218,El Jobaria y el Tronco del Sendero,Anonimo,dinosaurios_y_prehistoria,español,157,Cuentos para dormir,Colab AI,557feb34e39f829a792c18b3004eb827,"Joel era un tierno jobaria, un colosal y bondadoso saurópodo de gran estatura que andaba por los valles con garras mansas. Al atardecer, un grupo de cazadores de la edad de piedra regresaba hacia la cueva misteriosa transportando sus provisiones. Sin embargo, un antiguo desprendimiento de tierra había arrastrado varios troncos petrificados sobre un lecho de arcilla blanda, bloqueando por completo el único sendero seguro del valle. Joel, que se alimentaba de las copas de los helechos gigantes de los alrededores, escuchó los murmullos de frustración de los humanos. Con pasos lentos y cuidadosos, se acercó al bloqueo, inclinó su larguísimo cuello y, utilizando su fuerza con extrema delicadeza, empujó los pesados obstáculos hacia un lado empleando un lazo de lianas elásticas que los hombres le facilitaron. El camino quedó libre de inmediato. Los cazadores, felices de volver a casa, emitieron un tierno silbido, y el gigante elevó su cabeza respondiendo con un profundo y rugido amigable."
cuento_219,El Jobaria y la Estructura del Secadero,Anonimo,dinosaurios_y_prehistoria,español,159,Cuentos para dormir,Colab AI,307720a90a5ae11824064bb45cdf5a9f,"Jonás era un tierno jobaria, un gigantesco saurópodo de lomo alto y andar majestuoso que cruzaba el gran cañón con garras mansas. Un amanecer, los cazadores de la edad de piedra construían un gran secadero de pieles utilizando troncos petrificados y lianas elásticas trenzadas. Sin embargo, para colocar el travesaño principal en lo más alto, los humanos no alcanzaban la altura necesaria y la arcilla blanda del suelo volvía inestables sus escaleras de mano. Jonás, que pasaba buscando las hojas más altas de los helechos gigantes, se detuvo a observar. Comprendiendo la situación, se paró cerca de la estructura y permitió que el constructor principal apoyara el pesado tronco sobre su ancha cabeza. Con un movimiento lento y preciso de su cuello, Jonás elevó el tronco hasta el nivel exacto para que los demás pudieran amarrarlo firmemente. Toda la aldea aplaudió emitiendo un tierno silbido, y el colosal amigo bajó la mirada respondiendo con un tierno y rugido amigable."
cuento_220,El Jobaria y la Estructura del Telar,Anonimo,dinosaurios_y_prehistoria,español,163,Cuentos para dormir,Colab AI,1affed280d658bd6491c40b704beb365,"Justo era un tierno jobaria, un colosal y pacífico gigante de cuello largo que recorría las llanuras con garras mansas. Al mediodía, las tejedoras de la edad de piedra trabajaban en un gran telar público al aire libre, cerca de la cueva misteriosa. El armazón estaba construido con troncos petrificados tallados y las pesadas hebras se tensaban mediante lianas elásticas, pero el peso constante del conjunto provocó que los soportes principales se hundieran en un banco oculto de arcilla blanda. Toda la armazón amenazaba con romperse. Justo, que ramoneaba tranquilamente las copas de los helechos gigantes del bosque cercano, vio el apuro de las mujeres. Se acercó con cuidado, rodeó la parte superior de los troncos petrificados con su largo y fuerte cuello, levantando el telar con suma delicadeza para que las tejedoras pudieran colocar piedras secas debajo. Las mujeres, felices por conservar su trabajo intacto, emitieron un tierno silbido, y el gigante elevó su cabeza respondiendo con un profundo y rugido amigable."
cuento_221,El Jobaria y la Gran Piedra,Anonimo,dinosaurios_y_prehistoria,español,144,Cuentos para dormir,Colab AI,4fb983a63ea7cf3434ce80b3d0389070,"Júpiter era un tierno jobaria, un enorme y pacífico saurópodo de largo cuello que recorría las planicies con garras mansas. Al mediodía, un grupo de obreros de la edad de piedra intentaba mover un gran bloque de roca para su plaza central cerca del gran cañón. Usaban una plataforma de troncos petrificados arrastrada por gruesas lianas elásticas, pero las maderas improvisadas se atascaron profundamente en un bache de arcilla blanda. Los humanos empujaban, pero no tenían fuerza suficiente para sacarla. Júpiter, que se alimentaba de las hojas en los helechos gigantes cercanos, escuchó sus esfuerzos. Caminó con paso retumbante, bajó su cabeza y permitió que amarraran las lianas a su robusto cuello. Con un suave y firme tirón, liberó la plataforma del barro al instante. Todos los obreros aplaudieron emitiendo un tierno silbido, y el gigante asintió respondiendo con un profundo y rugido amigable."
cuento_222,El Jobaria y las Ramas para la Fogata,Anonimo,dinosaurios_y_prehistoria,español,163,Cuentos para dormir,Colab AI,0433b68cade7443931904a3bcd18e684,"Julián era un tierno jobaria, un imponente y bondadoso saurópodo de gran altura que andaba por las llanuras con garras mansas. Al atardecer, un grupo de jóvenes de la edad de piedra buscaba madera seca cerca de la cueva misteriosa para encender la fogata nocturna. Una gran acumulación de ramas ideales se encontraba atrapada al otro lado de una ladera cubierta de arcilla blanda y rodeada de troncos petrificados, un paso intransitable para los humanos por el riesgo de hundirse. Julián, que ramoneaba tranquilamente en las copas de los helechos gigantes, vio el dilema desde las alturas. Con movimientos lentos y cuidadosos, estiró su larguísimo cuello por encima del lodazal, enganchó el lote de madera con la ayuda de unas lianas elásticas que los jóvenes le arrojaron y lo depositó con suavidad sobre el suelo firme. Los muchachos, felices de asegurar el fuego de la noche, emitieron un tierno silbido, y el gigante elevó su cabeza respondiendo con un profundo y rugido amigable."
cuento_223,El Jobaria y las Vigas del Refugio,Anonimo,dinosaurios_y_prehistoria,español,155,Cuentos para dormir,Colab AI,21804aef49d60e1ce0fb26ff4f84a6c5,"Julián era un tierno jobaria, un colosal y pacífico gigante de cuello largo que recorría los valles con garras mansas. Al mediodía, los constructores de la edad de piedra levantaban las vigas principales de un gran refugio comunitario cerca de la cueva misteriosa. El armazón utilizaba pesados troncos petrificados izados mediante un sistema de lianas elásticas, pero el terreno cedió debido a una veta oculta de arcilla blanda, atascando la base de las vigas e impidiendo que pudieran nivelarlas. Julián, que ramoneaba tranquilamente las copas de los helechos gigantes, vio las dificultades de la tribu. Se acercó despacio, rodeó los troncos petrificados con su largo y fuerte cuello y, con un suave pero imponente impulso, levantó las vigas fuera de la arcilla blanda para que los hombres colocaran calzaduras de piedra. Los aldeanos, felices por el oportuno auxilio, emitieron un tierno silbido, y el gigante alzó la cabeza respondiendo con un profundo y rugido amigable."
cuento_224,El Jobaria y los Troncos del Refugio,Anonimo,dinosaurios_y_prehistoria,español,158,Cuentos para dormir,Colab AI,e8edd449162a47f61e0f8309aaeaab81,"Jacinto era un tierno jobaria, un gigantesco y pacífico saurópodo de cuello largo que recorría las llanuras con garras mansas. Al caer la tarde, unos constructores de la edad de piedra necesitaban mover pesados troncos petrificados desde la cueva misteriosa para apuntalar el tejado comunal antes de las lluvias. El terreno del valle se había convertido en un lodazal de arcilla blanda, y las lianas elásticas que usaban para jalar la madera se hundían sin avanzar. Jacinto, que se alimentaba de las copas de los helechos gigantes cercanos, escuchó el esfuerzo de los humanos. Con pasos lentos y cuidadosos para no asustarlos, bajó su imponente cuello, permitiendo que los hombres amarraran las lianas a su robusto pecho. Con un solo movimiento suave pero poderoso, arrastró los troncos fuera del fango hasta la aldea. Los constructores, admirados, entonaron un tierno silbido de agradecimiento, y el colosal gigante elevó su cabeza al cielo respondiendo con un profundo y rugido amigable."
cuento_225,El Kentrosaurio y el Huerto Protegido,Anonimo,dinosaurios_y_prehistoria,español,143,Cuentos para dormir,Colab AI,e996c74b8fe41a353bbf0f91acbaf045,"Kevin era un tierno kentrosaurio que tenía hileras de placas y largas espinas óseas a lo largo de su lomo y cola, pero que siempre demostraba sus garras mansas al caminar despacio. Una tarde, una fuerte tormenta proveniente del gran volcán amenazaba con arrastrar un pequeño huerto de raíces que la comunidad de la edad de piedra cuidaba con esmero sobre la arcilla blanda. El agua corría con fuerza hacia los helechos gigantes. Kevin se percató del peligro y corrió a colocarse en diagonal frente al huerto; usando su cuerpo y la firmeza de sus patas, desvió el cauce del agua hacia el gran cañón, sirviendo como un escudo natural. Cuando la tormenta cesó y los agricultores vieron que su alimento estaba intacto, entonaron un tierno silbido de júbilo, a lo que Kevin respondió moviendo su cola con un tierno y rugido amigable."
cuento_226,El Kentrosaurio y el Refugio de Espinas,Anonimo,dinosaurios_y_prehistoria,español,129,Cuentos para dormir,Colab AI,4186d8be0e0d69583fee88b543b1a3ae,"Kendo era un tierno kentrosaurio que vivía cerca del desfiladero, conocido por las largas espinas de su lomo y sus garras mansas. Una tarde, una tormenta de viento comenzó a derribar los árboles ancestrales, esparciendo ramas por toda la llanura de arcilla blanda. Un niño de la edad de piedra, que se encontraba lejos de su cueva misteriosa, corrió buscando protección. Al verlo, Kendo se paró firmemente junto a un montón de helechos gigantes y entrelazó unas lianas elásticas entre sus propias espinas, creando un escudo perfecto contra las ráfagas y los detritos flotantes. El niño se resguardó bajo su lomo hasta que el cielo se calmó. Al disiparse la tormenta, el pequeño agradeció al tierno gigante con un tierno silbido, y Kendo respondió aliviado con un rugido amigable."
cuento_227,El Kentrosaurus y el Jardín de Helechos,Anonimo,dinosaurios_y_prehistoria,español,46,Cuentos para dormir,Colab AI,e39f6035e02ce020d2e6f4aee3024c9a,"Kevin era un tierno kentrosaurus cubierto de púas y garras mansas. En el valle de los helechos gigantes, ayudó a los humanos a mover troncos petrificados para desviar un río que inundaba el jardín con arcilla blanda. Los jardineros silbaron y Kevin lanzó un rugido amigable."
cuento_228,El Laberinto de Lianas Elásticas,Anonimo,dinosaurios_y_prehistoria,español,160,Cuentos para dormir,Colab AI,907b8af592e3e5bd4faa44cf82cb3505,"Kiko era un microrraptor travieso del tamaño de un pequeño loro prehistórico. Le encantaba saltar de rama en rama por todo el bosque de helechos gigantes. Una tarde, persiguiendo a un escarabajo de concha brillante, calculó mal su vuelo y cayó directamente en el centro de un laberinto de lianas elásticas. Al intentar zafarse, las ramas se enredaron más en sus pequeñas garras mansas, dejándolo atrapado como en una hamaca natural. Desesperado, comenzó a emitir un tierno silbido de auxilio que rebotó en las paredes de la cueva misteriosa cercana. Por suerte, un viejo diplodocus que paseaba por ahí escuchó el llamado. El gigante estiró su larguísimo cuello y, con la delicadeza de una hoja al viento, usó sus dientes planos para jalar la liana principal, estirándola hasta que Kiko pudo salir disparado hacia el cielo sano y salvo. El pequeño dinosaurio voló en círculos sobre la cabeza de su salvador, lanzando un rugido amigable en señal de eterno agradecimiento."
cuento_229,El Laberinto del Gran Cañón,Anonimo,dinosaurios_y_prehistoria,español,135,Cuentos para dormir,Colab AI,05b7f15f052b4ffadfde0e299dacd6bc,"Una pequeña velociraptor de garras mansas llamada Kika se había adentrado de más en el laberinto de rocas del gran cañón. La tarde estaba cayendo y una niebla espesa amenazaba con ocultar las salidas. Mientras buscaba una ruta sobre la arcilla blanda, encontró a un niño de la edad de piedra que también intentaba regresar a su aldea. Aunque al principio se miraron con sorpresa, Kika emitió un tierno silbido amistoso y comenzó a caminar adelante, usando su excelente olfato para rastrear el aroma de los pinos prehistóricos. El niño la siguió con total confianza, apartando las lianas elásticas que bloqueaban los pasajes estrechos. Al salir finalmente a la llanura despejada, la silueta de la cueva misteriosa apareció frente a ellos, y ambos celebraron su gran trabajo en equipo compartiendo un fuerte y rugido amigable."
cuento_230,El Lambeosaurio y el Eco del Desfiladero,Anonimo,dinosaurios_y_prehistoria,español,128,Cuentos para dormir,Colab AI,3ea02223bbc0ed9df3b0ece321a6c8a8,"Lalo era un tierno lambeosaurio que poseía una llamativa cresta en forma de hacha, la cual usaba para comunicarse a grandes distancias. Mientras paseaba por una zona de arcilla blanda recolectando hojas de helechos gigantes, escuchó un eco extraño que provenía de la cueva misteriosa del gran cañón. Al acercarse con sus garras mansas, descubrió que una cría de estegosaurio se había quedado atrapada detrás de unos troncos petrificados caídos. Lalo colocó su cresta contra la pared de piedra y emitió un sonido hueco y rítmico que resonó en todo el valle, alertando a los adultos de la manada. En pocos minutos, la ayuda llegó y lograron mover los obstáculos usando fuertes lianas elásticas. El rescate concluyó con un tierno silbido de alivio y un hermoso rugido amigable."
cuento_231,El Lambeosaurio y el Eco del Desfiladero 1,Anonimo,dinosaurios_y_prehistoria,español,136,Cuentos para dormir,Colab AI,3563e348a48a6f784e3fad6b9b6867ee,"Lucas era un tierno lambeosaurio con una llamativa cresta en forma de hacha que utilizaba para comunicarse a grandes distancias. Vivía cerca del gran cañón, rodeado de helechos gigantes y una llanura de arcilla blanda. Una tarde, una niebla espesa descendió rápidamente desde el gran volcán, atrapando a un joven explorador de la edad de piedra que buscaba madera entre los troncos petrificados. Al notar que el niño caminaba en la dirección equivocada hacia un desfiladero peligroso, Lucas usó su cresta para emitir notas graves que resonaban con fuerza en las paredes de piedra. El sonido guió los pasos del pequeño de vuelta al sendero seguro entre las lianas elásticas. Al llegar a terreno despejado, el niño emitió un tierno silbido de agradecimiento, y el gigante de garras mansas respondió con un tierno y rugido amigable."
cuento_232,El Lambeosaurio y la Alerta de la Tarde,Anonimo,dinosaurios_y_prehistoria,español,156,Cuentos para dormir,Colab AI,f631a90b0777c32fb9b897f3bc3aa66d,"Lucas era un tierno lambeosaurio que lucía una llamativa cresta en forma de hacha sobre su cabeza, la cual utilizaba para comunicarse a grandes distancias. Aunque era imponente, poseía unas garras mansas que evitaban pisar los brotes nuevos de los helechos gigantes. Una tarde, una densa nube de ceniza comenzó a descender desde el gran volcán, cubriendo la llanura de una sombra gris que confundió a unos recolectores de la edad de piedra, haciéndolos perder el rumbo sobre la arcilla blanda. Lucas, al notar que se dirigían hacia una zona peligrosa del gran cañón, sopló con fuerza a través de su cresta. El sonido resonó como una melodía cálida entre los troncos petrificados, sirviendo de guía para que los humanos encontraran el camino de regreso a la cueva misteriosa. Al verlos a salvo, el grupo alzó las manos con un tierno silbido, y Lucas se despidió perdiéndose entre la vegetación con un profundo y rugido amigable."
cuento_233,El Lambeosaurio y la Alerta del Río,Anonimo,dinosaurios_y_prehistoria,español,166,Cuentos para dormir,Colab AI,d2ef86eadb4d31658f5b0e87d2414143,"Lucas era un tierno lambeosaurio que lucía una llamativa cresta en forma de hacha sobre su cabeza, la cual utilizaba para comunicarse en la distancia, mientras avanzaba por las marismas con garras mansas. Una mañana templada, un grupo de niños de la edad de piedra se encontraba jugando a la orilla del río, moldeando figuras en la arcilla blanda bajo la sombra de los helechos gigantes. Río arriba, cerca del gran volcán, un desprendimiento de tierra tapó temporalmente el cauce, amenazando con liberar una gran ola de golpe. Lucas, que bebía agua más arriba, notó el peligro y de inmediato sopló a través de su cresta hueca, produciendo un sonido profundo y resonante que viajó por todo el valle. Al escuchar la conocida señal, los niños corrieron a las zonas altas entre los troncos petrificados justo antes de que el agua subiera. Desde lo alto, los pequeños le dedicaron un tierno silbido de gratitud, y Lucas asintió desde el agua con un profundo y rugido amigable."
cuento_234,El Lambeosaurio y los Silbatos de Arcilla,Anonimo,dinosaurios_y_prehistoria,español,146,Cuentos para dormir,Colab AI,b845c2caf0475742b039d775b50a9d7f,"Lalo era un tierno lambeosaurio con una llamativa cresta en forma de hacha sobre su cabeza, la cual utilizaba para comunicarse a grandes distancias. Vivía cerca de los árboles ancestrales, donde caminaba con garras mansas para no dañar los nidos de otras criaturas. Una tarde, unos niños de la edad de piedra modelaban figuras en la arcilla blanda a la orilla del río, pero una niebla espesa comenzó a bajar del gran volcán, asustándolos y haciéndoles perder el camino de regreso. Lalo, al notar su confusión, hizo resonar su cresta emitiendo unas notas musicales suaves y profundas que vibraron por todo el gran cañón. Los niños siguieron el melodioso sonido entre los helechos gigantes hasta encontrar el sendero seguro. Al llegar a sus hogares, los pequeños entonaron un tierno silbido hacia la llanura, y Lalo les respondió desde la distancia con un melodioso y rugido amigable."
cuento_235,El Lambeosaurus y la Balsa de Rescate,Anonimo,dinosaurios_y_prehistoria,español,47,Cuentos para dormir,Colab AI,f31d240f14f72bce0b2b5f2cc0056e38,"Luis era un tierno lambeosaurus que vivía cerca del gran cañón. Ayudó a construir una balsa de troncos petrificados unidos por lianas elásticas. Cuando la balsa se quedó varada en arcilla blanda, Luis la empujó al agua. Los navegantes silbaron y Luis respondió con un rugido amigable."
cuento_236,El Maiasaura y el Nido Protector,Anonimo,dinosaurios_y_prehistoria,español,133,Cuentos para dormir,Colab AI,b34984a861ae1e0b98d02b56b52a3842,"Maya era una tierna maiasaura conocida en todo el desfiladero por su inmenso instinto maternal y sus garras mansas. Una tarde, mientras cuidaba su nido cerca de los troncos petrificados, una niebla espesa comenzó a bajar del gran volcán, cubriendo el suelo de arcilla blanda. De pronto, un niño de la edad de piedra que se había alejado de su cueva misteriosa apareció desorientado entre los helechos gigantes. Maya, con mucha delicadeza, lo guio hacia un refugio hecho de lianas elásticas y ramas suaves que había construido para proteger a sus propias crías del frío. El niño se acurrucó al calor de los pequeños dinosaurios, pasando una noche segura. Al salir el sol, el pequeño agradeció el cobijo con un tierno silbido, y la madre lo despidió con un dulce y rugido amigable."
cuento_237,El Maiasaura y la Guardería de la Aldea,Anonimo,dinosaurios_y_prehistoria,español,47,Cuentos para dormir,Colab AI,c3572ebf358597bd905d1b530e6941a8,"Marta era una tierna maiasaura, la buena madre de garras mansas. Protegió a los niños de la tribu cuando jugaban cerca de la arcilla blanda. Usó troncos petrificados para crear un área segura entre los helechos gigantes. Las madres silbaron agradecidas y Marta lanzó un rugido amigable."
cuento_238,El Maiasauria y el Nido Protector,Anonimo,dinosaurios_y_prehistoria,español,128,Cuentos para dormir,Colab AI,a611217b4da86e8740eab1181980b0cf,"Maya era una tierna maiasauria de garras mansas que cuidaba con infinito amor su nido en la llanura de arcilla blanda. Una tarde gris, una niebla espesa cubrió los helechos gigantes, borrando el paisaje y ocultando los troncos petrificados que servían de frontera al desfiladero. Preocupada por que el frío de la bruma afectara a sus huevos, Maya comenzó a recolectar lianas elásticas con su boca para tejer una suave manta térmica sobre el nido. Un pequeño niño de la edad de piedra que pasaba por ahí, buscando refugio, la ayudó a acomodar las hojas más grandes de los árboles ancestrales. Juntos mantuvieron el calor del hogar prehistórico. Al terminar, la agradecida madre entonó un tierno silbido arrullador, mientras el niño respondía imitando un suave y rugido amigable."
cuento_239,El Maiasauria y el Nido de la Tribu,Anonimo,dinosaurios_y_prehistoria,español,139,Cuentos para dormir,Colab AI,b176df6836975ecb0eb6563510128d79,"Mayra era una tierna maiasauria conocida en toda la llanura por ser una madre protectora y caminar siempre con garras mansas para no molestar a los seres pequeños. Una tarde de tormenta, el agua comenzó a filtrarse en la cueva misteriosa, justo donde una familia de la edad de piedra resguardaba sus mantas y canastas sobre la arcilla blanda. Al ver el apuro de los humanos, Mayra se acercó a la entrada y, utilizando su ancho hocico y sus fuertes patas, arrastró grandes hojas de los helechos gigantes para cubrir las grietas del techo. Con paciencia, usó también lianas elásticas para asegurar la vegetación contra el viento. Agradecida por tener un refugio seco, la madre de la tribu entonó un tierno silbido hacia la penumbra, y la noble dinosauria respondió entornando los ojos con un profundo y rugido amigable."
cuento_240,El Maiasauria y la Cuna de Helechos,Anonimo,dinosaurios_y_prehistoria,español,141,Cuentos para dormir,Colab AI,b3c73dbbca355c358b338bcab390d6a0,"Mayra era una tierna maiasauria conocida en toda la llanura como la buena madre del desfiladero. Sus garras mansas siempre estaban listas para proteger y cuidar a los más pequeños. Una tarde, una joven recolectora de la edad de piedra caminaba junto a su bebé cerca del gran cañón, buscando raíces tiernas en la arcilla blanda. El cansancio la venció y no encontraba un lugar cómodo para que su hijo descansara a salvo de las corrientes de aire. Mayra, que observaba desde los árboles ancestrales, se acercó con cuidado y, utilizando su hocico plano, amontonó una gran cantidad de helechos gigantes secos y lianas elásticas, formando una cuna natural suave y abrigada. La madre acomodó a su bebé y, conmovida, le dedicó a la gigante un tierno silbido de paz, a lo que Mayra respondió entonando un dulce y rugido amigable."
cuento_241,El Mamut y el Fuego del Volcán,Anonimo,dinosaurios_y_prehistoria,español,170,Cuentos para dormir,Colab AI,92afc5ad92056cbaf15c9d0e18d84ca5,"Milo era un joven mamut de pelaje espeso que vivía en las faldas de una gran montaña de piedra. A diferencia de los dinosaurios del valle, Milo sufría mucho cuando el invierno prehistórico cubría las hojas de helecho gigantes con una fina capa de hielo. Una tarde, mientras buscaba refugio, una pequeña chispa saltó desde el volcán lejano y encendió una rama seca de pino ancestral. Los demás animales corrieron asustados por el extraño brillo, pero Milo, intrigado por el calorcito, se acercó con cuidado. Usando su larga trompa, tomó una piedra brillante y empujó más ramas secas hacia la fogata para mantenerla viva. El calor ahuyentó el frío de la cueva misteriosa donde se escondía. Al ver que no había peligro, un grupo de pequeños velociraptors y tiernos triceratops se acercó a compartir el refugio. Esa noche, alrededor del primer fuego del valle, los animales olvidaron sus diferencias y durmieron abrigados, agradecidos con el astuto mamut que descubrió cómo transformar una chispa peligrosa en un tierno abrazo de calor."
cuento_242,El Mamut y el Helecho de la Suerte,Anonimo,dinosaurios_y_prehistoria,español,158,Cuentos para dormir,Colab AI,928a909a4d1cd0a9d845bbb46d8a5ea8,"Milo era un pequeño mamut de pelaje lanudo que vivía en las llanuras frías, justo donde terminaba el gran glaciar y comenzaba el bosque prehistórico. Un día, mientras buscaba brotes tiernos entre los troncos petrificados, encontró un helecho gigante cuyas hojas brillaban con un hermoso tono plateado bajo la luz de la luna. Los ancianos de la tribu de la edad de piedra decían que esa planta mágica solo crecía cada cien años. Con mucho cuidado para no maltratar sus raíces, Milo usó su pequeña trompa para regarla con agua fresca del manantial. Esa misma noche, el clima cambió y una suave brisa cálida sopló sobre la llanura, haciendo que el helecho esparciera un aroma dulce por todo el valle. El tierno aroma atrajo a una manada de parasaurolophus que buscaba refugio contra el frío. Los animales agradecieron el gesto de Milo compartiendo sus cuevas misteriosas, demostrando que cuidar la naturaleza siempre traía la mejor de las suertes."
cuento_243,El Manantial Oculto de la Cueva Misteriosa,Anonimo,dinosaurios_y_prehistoria,español,134,Cuentos para dormir,Colab AI,2863af900f69433e374606669896edd9,"Durante los días más calurosos del verano prehistórico, el agua comenzó a escasear en la superficie del gran cañón. Un viejo y tierno braquiosaurio, guiado por su sabio instinto, guió a un grupo de jóvenes dinosaurios hacia la entrada de una cueva misteriosa que pocos se atrevían a explorar. El suelo del interior estaba cubierto de una fresca arcilla blanda que aliviaba el calor de sus garras mansas. Avanzando entre lianas elásticas que colgaban del techo de piedra, el gigante usó su largo y fuerte cuello para apartar unas enormes rocas caídas, revelando un hermoso manantial subterráneo que brotaba cristalino. Los pequeños paquicefalosaurios y estegosaurios bebieron alegres, emitiendo un tierno silbido de alivio que rebotó en las paredes de la caverna, transformándose en un eco eterno de paz y en un unánime rugido amigable."
cuento_244,El Mapa de la Roca Sagrada,Anonimo,dinosaurios_y_prehistoria,español,170,Cuentos para dormir,Colab AI,639ccc2034f46ce5c36b6e4edcedbb1a,"Zuma era una niña de la tribu de la edad de piedra que poseía una gran destreza para descifrar los misterios de la naturaleza. Una tarde, mientras recolectaba lianas elásticas cerca de un volcán apagado, encontró una piedra brillante que tenía unas líneas muy extrañas talladas en su superficie. Al limpiarla con su abrigo de lana, se dio cuenta de que era un mapa prehistórico que marcaba el camino hacia un oasis oculto de agua limpia. Sin perder tiempo, Zuma guio a los cazadores de su tribu a través de un laberinto de cañones de piedra y troncos petrificados, siguiendo las indicaciones de la roca. A pesar de la caminata bajo el sol, la tribu mantuvo la confianza en la pequeña exploradora. Al doblar una enorme pared rocosa, descubrieron un hermoso valle lleno de vegetación verde y fresca, ideal para pasar el próximo invierno. El jefe de la tribu felicitó a Zuma con gran alegría, demostrando que la inteligencia de una niña era el tesoro más valioso del mundo primitivo."
cuento_245,El Mar Prehistórico de Gala,Anonimo,dinosaurios_y_prehistoria,español,166,Cuentos para dormir,Colab AI,f906f772413d5ae89e0283496b263705,"Gala era una pequeña plesiosaurio que vivía en las aguas cristalinas del océano primitivo. Mientras los grandes mosasaurios cazaban en el mar abierto, a Gala le encantaba nadar cerca de la orilla para observar las hojas de helecho gigantes que caían de los árboles. Un día, una fuerte marea la arrastró hacia una laguna coralina cerrada, dejándola atrapada cuando el agua bajó. Asustada, intentó impulsarse con sus aletas, pero el lodo del arrecife era muy resbaladizo. De repente, un tierno pterodáctilo que volaba en círculos la vio desde las alturas. El reptil alado descendió rápidamente y, usando su pico, comenzó a mover las piedras brillantes que bloqueaban la salida hacia el mar. Gala lo ayudó empujando con su largo cuello las rocas más pesadas. Juntos, lograron abrir un pequeño canal justo a tiempo para que la siguiente ola devolviera a Gala a la seguridad del océano. Desde ese día, la pequeña plesiosaurio siempre nadaba cerca de la superficie, agradecida con su gran amigo del cielo prehistórico."
cuento_246,El Masiakasaurio y las Redes del Río,Anonimo,dinosaurios_y_prehistoria,español,132,Cuentos para dormir,Colab AI,f2d96e9646ab378f176918194c78b41d,"Mateo era un tierno masiakasaurio que tenía unos dientes frontales muy curiosos proyectados hacia adelante, ideales para sujetar cosas pequeñas, y siempre caminaba con garras mansas por la orilla del agua. Un atardecer, un pescador de la edad de piedra se encontraba en apuros cerca de la cueva misteriosa: su red de lianas elásticas se había enganchado profundamente entre unos troncos petrificados sumergidos bajo la arcilla blanda. Mateo, que pasaba por ahí buscando hojas tiernas, se sumergió con cuidado y usó la forma única de sus dientes para desatar el nudo atascado sin romper los hilos. El pescador, al ver su red libre para volver a trabajar, sopló un tierno silbido de alegría, a lo que el singular dinosaurio respondió desde la orilla moviendo la cola con un tierno y rugido amigable."
cuento_247,El Melanorosaurio y el Refugio de la Colina,Anonimo,dinosaurios_y_prehistoria,español,154,Cuentos para dormir,Colab AI,56135607f55ab7d49e73919ecaff3a62,"Mateo era un tierno melanorosaurio, un gigante cuadrúpedo de pisadas firmes pero que siempre caminaba con garras mansas para no alterar la paz de la llanura. Una tarde, una densa lluvia de ceniza comenzó a descender desde el gran volcán, oscureciendo el cielo y cubriendo los senderos de arcilla blanda. Una familia de la edad de piedra, que regresaba de buscar raíces entre los árboles ancestrales, quedó atrapada a mitad del camino sin poder ver la entrada de la cueva misteriosa. Al escuchar sus lamentos, Mateo se acercó lentamente y se posicionó de espaldas al viento, utilizando su enorme cuerpo como una muralla viva contra la ceniza y el viento frío. Cobijados bajo su gran sombra, los humanos pudieron descansar seguros hasta que el aire se aclaró. Con el cielo limpio, el padre de la tribu alzó una antorcha emitiendo un tierno silbido, y el gigante prehistórico asintió con un profundo y rugido amigable."
cuento_248,El Microrraptor y la Brújula de Plumas,Anonimo,dinosaurios_y_prehistoria,español,137,Cuentos para dormir,Colab AI,f2f83aee00706395e2d41e91daa6add4,"Milo era un tierno microrraptor, un dinosaurio del tamaño de un cuervo con cuatro alas cubiertas de plumas brillantes y garras mansas. Pasaba los días planeando entre las lianas elásticas que colgaban de los árboles ancestrales. Una tarde, una densa niebla espesa bajó desde las laderas del gran volcán, desorientando a un grupo de niños de la edad de piedra que regresaban a su aldea cruzando la arcilla blanda. Milo, gracias a su excelente visión, se posó sobre un alto tocón de troncos petrificados y comenzó a aletear de una manera rítmica, guiando a los pequeños con el brillo de sus plumas oscuras. Tras unos minutos de caminata, los niños alcanzaron el terreno despejado y, a salvo, lanzaron un tierno silbido al aire. Milo se acomodó en una rama y les devolvió un tierno y rugido amigable."
cuento_249,El Microrraptor y la Resina Brillante,Anonimo,dinosaurios_y_prehistoria,español,161,Cuentos para dormir,Colab AI,b9f4565cfeeaceca35f33c7daad850dc,"Piti era un microrraptor del tamaño de un pequeño loro prehistórico, famoso por sus plumas tornasoladas. Una tarde, mientras saltaba entre las ramas altas de los árboles ancestrales, vio un destello dorado en el tronco de un pino gigante. Al acercarse, descubrió una gran gota de resina fresca que brillaba como una piedra brillante bajo el sol crepuscular. Curioso, Piti tocó la sustancia con sus garras mansas, pero se quedó completamente atrapado. Asustado por la densa niebla espesa que comenzaba a subir del pantano, el pequeño dinosaurio emitió un tierno silbido de auxilio. Un enorme braquiosaurio que pasaba estiró su larguísimo cuello y, con mucha delicadeza, sopló un aire cálido tan fuerte que aceleró el secado de la resina, volviéndola dura y quebradiza. Con un pequeño esfuerzo, Piti logró zafarse, dejando la perfecta huella de sus plumas grabada en el ámbar. El pequeño voló feliz sobre la cabeza de su gigante salvador, lanzando un rugido amigable en señal de eterno agradecimiento."
cuento_250,El Microvenator y el Rescate en el Fango,Anonimo,dinosaurios_y_prehistoria,español,143,Cuentos para dormir,Colab AI,ff5a33c5281f57cdc647b139322f85bb,"Milo era un tierno microvenator, un dinosaurio pequeño, ágil y de movimientos gráciles que habitaba en los humedales con garras mansas. Una tarde calurosa, un pequeño perrito que pertenecía a una familia de la edad de piedra corrió detrás de un insecto y quedó atrapado a mitad de un estanque lleno de arcilla blanda y lianas elásticas enredadas. Los humanos no podían entrar por el riesgo de hundirse cerca del gran cañón. Milo, con su peso ligero y su asombrosa rapidez, caminó con cuidado sobre las raíces flotantes de los helechos gigantes, llegó hasta el cachorro y lo sujetó suavemente del lomo para llevarlo de vuelta a la orilla. La familia, conmovida al ver a su mascota a salvo, abrazó al pequeño salvador emitiendo un tierno silbido, y Milo dio un salto alegre en el aire respondiendo con un agudo pero rugido amigable."
cuento_251,El Minmi y el Camino de Arcilla,Anonimo,dinosaurios_y_prehistoria,español,150,Cuentos para dormir,Colab AI,00c382abb553951eba3cb386f38db819,"Milo era un tierno minmi, un dinosaurio acorazado pequeño y robusto que habitaba cerca del gran cañón, caminando despacio con sus garras mansas. Un atardecer, un grupo de niños de la edad de piedra regresaba de buscar raíces entre los árboles ancestrales, pero se encontraron con que el camino directo a su hogar se había convertido en una fosa de arcilla blanda y pegajosa tras la última lluvia. Los niños temían quedarse atrapados en el barro en plena noche. Milo, que pasaba por allí, se percató de la situación y avanzó de frente sobre el fango; gracias a su lomo plano cubierto de placas óseas, sirvió como un puente sólido y firme sobre el cual los niños caminaron uno a uno sin hundirse. Al llegar al otro lado, los pequeños le dedicaron un tierno silbido de despedida, y el pequeño acorazado movió su cola emitiendo un tierno y rugido amigable."
cuento_252,El Misterio del Huevo de Colores,Anonimo,dinosaurios_y_prehistoria,español,167,Cuentos para dormir,Colab AI,81f8b421b108f04fed0a16116cc5c3e9,"En lo alto de una colina de piedra, una mamá velociraptor cuidaba con ternura un nido muy especial. Entre los huevos de color gris, había uno diferente: tenía destellos dorados y parecía una piedra brillante bajo la luz del sol. Una mañana, la cáscara comenzó a romperse con pequeños golpes rítmicos. En lugar de un tiranosaurio o un tierno reptil con garras afiladas, del cascarón asomó un pequeño dinosaurio con suaves plumas de colores que parpadeaban con la luz. El pequeño recién nacido no sabía rugir, pero emitía un tierno silbido que hacía florecer a las plantas prehistóricas a su alrededor. La manada entera se reunió para contemplar el asombroso descubrimiento. Aunque no se parecía a los demás, su madre lo abrazó con sus patas mansas y lo cubrió con hojas secas para protegerlo del frío. El pequeño dinosaurio de colores trajo alegría y abundante comida al valle, demostrando que la naturaleza prehistórica siempre guardaba los secretos más hermosos y mágicos para quienes sabían cuidar con amor."
cuento_253,El Monolofosaurio y el Eco del Cañón,Anonimo,dinosaurios_y_prehistoria,español,134,Cuentos para dormir,Colab AI,7614b324de440d8ad5709e4c3fde2fef,"Monti era un tierno monolofosaurio que lucía una elegante cresta sobre su hocico, la cual utilizaba para hacer sonidos suaves en los árboles ancestrales. Un día, mientras exploraba las laderas del gran cañón, escuchó el llanto de un pequeño niño de la edad de piedra que se había alejado de su grupo y había quedado atrapado entre unas lianas elásticas caídas. Como el terreno estaba lleno de arcilla blanda resbaladiza, el niño tenía miedo de moverse. Monti se acercó despacio, demostrando sus garras mansas al apartar las ramas con delicadeza para liberar los pies del pequeño. Luego, emitió un soplido resonante a través de su cresta para guiar a los padres, quienes buscaban desesperados. Al reunirse la familia, todos dedicaron un tierno silbido al rescatista, y Monti respondió con un tierno y rugido amigable."
cuento_254,El Monolophosaurio y la Neblina Dorada,Anonimo,dinosaurios_y_prehistoria,español,171,Cuentos para dormir,Colab AI,142c1014288974d736799714298b2a09,"Mateo era un tierno monolophosaurio que lucía una elegante cresta única a lo largo de su hocico, la cual utilizaba para orientarse entre los árboles ancestrales. A pesar de ser un cazador ágil, siempre caminaba con garras mansas cuando se cruzaba con los habitantes de la llanura. Una noche, una densa neblina dorada descendió desde el gran volcán, cubriendo por completo los senderos de arcilla blanda y atrapando a un joven explorador de la edad de piedra cerca del gran cañón. El joven, desorientado, no podía ver más allá de sus manos. Mateo, que vigilaba desde las alturas, bajó despacio y comenzó a emitir un sonido constante a través de su cresta; la vibración ayudaba a romper la densidad del aire a su alrededor. Siguiendo el eco de aquel sonido entre los troncos petrificados, el joven logró llegar a la cueva misteriosa. Al verse a salvo, el explorador alzó sus manos con un tierno silbido, y el guardián de la cresta respondió desde la espesura con un tierno y rugido amigable."
cuento_255,El Monolophosaurus y el Rescate del Amuleto,Anonimo,dinosaurios_y_prehistoria,español,153,Cuentos para dormir,Colab AI,859da3ae25a18768cb9ae8c3fd8c5c3c,"Mateo era un tierno monolophosaurus, un dinosaurio carnívoro de tamaño mediano que poseía una vistosa cresta sobre el hocico, pero que siempre transitaba los bosques ancestrales con garras mansas. Una mañana, una niña de la edad de piedra se encontraba recolectando resina cerca de unos troncos petrificados cuando su collar de cuentas de arcilla blanda se rompió, cayendo la pieza principal dentro de una grieta profunda y estrecha entre las rocas. Los dedos de la pequeña no alcanzaban el fondo. Mateo, que observaba la escena oculto entre los helechos gigantes, se acercó despacio para no asustarla. Con mucho cuidado, introdujo de perfil su delgada cabeza en la ranura y, utilizando el borde liso de su cresta, empujó el amuleto hacia arriba hasta dejarlo al alcance de la niña. La pequeña, dichosa de recuperar su joya, le dedicó un tierno silbido, y Mateo dio un paso atrás respondiendo con un tierno y rugido amigable."
cuento_256,El Mosasaurio y el Arrecife de Cristal,Anonimo,dinosaurios_y_prehistoria,español,170,Cuentos para dormir,Colab AI,f3f57678c9e72ee2acb3de829d700494,"Marina era una joven mosasaurio que vivía en las profundidades del océano primitivo. A diferencia de otros reptiles marinos de garras afiladas, a ella le gustaba explorar los rincones más pacíficos del mar. Una tarde, persiguiendo un grupo de amonites luminosos, entró en una grieta submarina y descubrió un asombroso arrecife repleto de piedras brillantes que reflejaban la luz del sol como si fueran cristales mágicos. Sin embargo, el lugar era un laberinto y la marea comenzó a bajar rápidamente, amenazando con dejarla atrapada. Marina mantuvo la calma. Al mover su gran aleta trasera, notó que el reflejo de las piedras proyectaba luces de colores en las paredes de roca, marcando las corrientes de agua limpia. Siguiendo estos destellos dorados y esquivando las lianas marinas, logró nadar con agilidad hacia la salida justo antes de que el canal se cerrara. Al salir al mar abierto, saltó sobre las olas lanzando un tierno rugido acuático, feliz de haber descubierto que el océano prehistórico siempre iluminaba el camino de regreso a casa."
cuento_257,El Muttaburrasaurio y la Alerta del Gran Cañón,Anonimo,dinosaurios_y_prehistoria,español,142,Cuentos para dormir,Colab AI,2f90647043763ae3a182e9c22c335c02,"Máximo era un tierno muttaburrasaurio con un hocico abultado y redondeado que le permitía producir un sonido único en toda la llanura. Pasaba sus tardes pastando tranquilamente entre las lianas elásticas y la arcilla blanda cerca del gran cañón. Una mañana, mientras una tribu de la edad de piedra recolectaba raíces, un gran desprendimiento de rocas comenzó a deslizarse silenciosamente desde las laderas altas debido a la humedad. Máximo, al percatarse del peligro gracias a su agudo oído, infló su hocico y lanzó un soplido resonante que alertó a los humanos justo a tiempo para que se resguardaran bajo unos troncos petrificados. Cuando el polvo se disipó y todos comprobaron que estaban a salvo, el líder de la tribu alzó los brazos emitiendo un tierno silbido de alivio, y el noble gigante de garras mansas respondió con un reconfortante y rugido amigable."
cuento_258,El Niño de la Edad de Piedra y el Amigo Gigante,Anonimo,dinosaurios_y_prehistoria,español,134,Cuentos para dormir,Colab AI,1f66654db1eac079ae236fb18d506a2a,"Leo era un niño de la edad de piedra que habitaba en una cueva misteriosa decorada con pinturas de animales prehistóricos. Su juego favorito era buscar piedras brillantes en las laderas de la llanura de arcilla blanda. Una mañana, mientras trepaba por unas lianas elásticas para alcanzar una roca reluciente en el desfiladero, resbaló y quedó colgado a poca altura del suelo. Por fortuna, un tierno anquilosaurio que paseaba comiendo plantas bajas lo vio y se acercó con pasos lentos y garras mansas. El dinosaurio ofreció su firme lomo cubierto de corazas para que Leo pudiera bajar apoyándose con cuidado. Una vez a salvo en la tierra, Leo abrazó el gran cuello de su enorme salvador, mientras el noble animal respondía al gesto con un tierno silbido de alegría y un profundo rugido amigable."
cuento_259,El Niño y el Tiranosaurio Manso,Anonimo,dinosaurios_y_prehistoria,español,159,Cuentos para dormir,Colab AI,95e61b5108ee10bb9b42ce77dbeceb47,"Ilan era un niño de la tribu de la edad de piedra que tenía un don muy especial: podía entender los sonidos de la naturaleza prehistórica. Una tarde, mientras recolectaba raíces cerca de un pantano de lodo, escuchó un lamento apagado que venía de una cueva misteriosa. Al asomarse con cuidado, vio a un joven tiranosaurio rex que tenía una enorme espina de helecho gigante clavada en sus garras mansas. A pesar del miedo inicial, Ilan se acercó despacio, demostrando que sus intenciones eran pacíficas. Con mucha paciencia, usó una liana elástica para sujetar la espina y tirar de ella con fuerza hasta sacarla. El temible dinosaurio, sintiendo el alivio inmediato, en lugar de rugir con furia, emitió un tierno silbido y lamió la mano del niño con infinito agradecimiento. Desde esa tarde, el tiranosaurio se convirtió en el protector secreto de la tribu, demostrando que la bondad y la empatía eran las fuerzas más poderosas del mundo prehistórico."
cuento_260,El Oasis Oculto en el Cañón,Anonimo,dinosaurios_y_prehistoria,español,138,Cuentos para dormir,Colab AI,905d36288513ba01f0351a7c5b494938,"Una pequeña manada de parasaurolophus caminaba lentamente por el desfiladero, buscando un lugar fresco para descansar tras un largo día bajo el sol prehistórico. La tierra de la llanura estaba seca, y una ligera niebla espesa dificultaba encontrar el rumbo correcto. El líder del grupo, un tierno dinosaurio de garras mansas, decidió usar su cresta para emitir un tierno silbido de baja frecuencia que rebotara en las paredes del cañón. Siguiendo el eco del sonido, la manada avanzó con cuidado sobre la arcilla blanda hasta romper una barrera de densas lianas elásticas. Ante sus ojos apareció un oasis maravilloso repleto de hojas de helecho gigantes y agua cristalina que brotaba de troncos petrificados. Felices por haber encontrado el refugio perfecto, todos los animales se sumergieron en el agua, celebrando el maravilloso descubrimiento con un unánime y rugido amigable."
cuento_261,El Ornitholestes y el Hilo de la Red,Anonimo,dinosaurios_y_prehistoria,español,148,Cuentos para dormir,Colab AI,af75166d31eea4092e5e4a61301b7da6,"Oliver era un tierno ornitholestes, un dinosaurio pequeño y sumamente ágil de manos largas y garras mansas, idóneas para trepar sin romper las ramas. Un atardecer, una tejedora de la edad de piedra se encontraba en apuros cerca de los árboles ancestrales: su canasta llena de lianas elásticas trenzadas se había caído por una grieta estrecha y profunda que conducía hacia el gran cañón, y el suelo alrededor era de una arcilla blanda muy peligrosa. Oliver, que observaba desde un helecho gigante, bajó de un salto y se escurrió por la estrecha hendidura gracias a su cuerpo esbelto. Usando sus dedos con cuidado, enganchó el asa de la canasta y la subió de regreso a la superficie intacta. La mujer, aliviada por recuperar su trabajo, le dedicó un tierno silbido, a lo que el pequeño y veloz dinosaurio respondió dando una voltereta con un agudo pero rugido amigable."
cuento_262,El Orodromeus y la Sombra Protectora,Anonimo,dinosaurios_y_prehistoria,español,148,Cuentos para dormir,Colab AI,a9e80ced809fecc64616e35ef3ee49b1,"Omar era un tierno orodromeus, un dinosaurio pequeño y ágil que excavaba madrigueras en las laderas del gran cañón empleando sus garras mansas. Un mediodía de calor intenso, una recolectora de la edad de piedra caminaba bajo el sol radiante buscando hojas frescas entre los helechos gigantes. Debido a la fatiga, la mujer dejó caer su vasija de agua sobre la arcilla blanda y se sentó a descansar a la sombra de unos troncos petrificados que no daban suficiente frescor. Omar, al verla exhausta, corrió hacia su madriguera subterránea, que siempre se mantenía fresca. Con mucho cuidado, arrastró pequeños trozos de corteza húmeda y hojas anchas que guardaba allí para colocarlas sobre los pies de la mujer, ayudándola a recuperar la energía. La recolectora, agradecida por el alivio, le dedicó un tierno silbido, y el pequeño corredor prehistórico dio un salto despidiéndose con un agudo pero rugido amigable."
cuento_263,El Ouranosaurus y el Almacén de Granos,Anonimo,dinosaurios_y_prehistoria,español,47,Cuentos para dormir,Colab AI,08f15e1c8ebc6cb63c169de48f7639a7,Oscar era un tierno ouranosaurus con una vela en su lomo. Ayudó a transportar troncos petrificados para elevar un almacén y evitar que la arcilla blanda arruinara la comida. Los aldeanos usaron lianas elásticas para asegurar el techo. Silbaron de éxito y Oscar lanzó un rugido amigable.
cuento_264,El Ouranosaurus y la Sombra Protectora,Anonimo,dinosaurios_y_prehistoria,español,137,Cuentos para dormir,Colab AI,05fc45979db7baa214926e88fa945e67,"Omar era un tierno ouranosaurus que poseía una gran vela de piel sobre su espalda, la cual se extendía desde su cuello hasta la cola. Vivía en la llanura, un lugar donde el sol del mediodía solía calentar con fuerza la arcilla blanda. Una tarde, un grupo de cazadores de la edad de piedra regresaba exhausto de una larga jornada y se detuvo a descansar cerca de los troncos petrificados, pero no había ningún árbol cerca que les diera sombra. Omar, caminando despacio con sus garras mansas, se posicionó entre el sol y los cazadores, desplegando su gran vela para proyectar un rincón fresco y agradable sobre la tierra. Los hombres descansaron plácidamente y, antes de continuar su camino, le dedicaron un tierno silbido de respeto, a lo que Omar respondió con un suave y rugido amigable."
cuento_265,El Oviraptor y las Bayas del Bosque,Anonimo,dinosaurios_y_prehistoria,español,134,Cuentos para dormir,Colab AI,b4b5faab33c5fc0117c912c2ce4e3d49,"Oliver era un tierno oviraptor de garras mansas y plumas coloridas que habitaba en los alrededores de la cueva misteriosa. Contrario a lo que otros pensaban de su especie, a Oliver le encantaba recolectar frutas maduras que caían de los árboles ancestrales. Una tarde, una anciana de la edad de piedra intentaba alcanzar unas bayas medicinales muy altas, pero sus manos no llegaban y el suelo de arcilla blanda estaba muy resbaladizo tras la lluvia. Oliver, usando su agilidad, saltó apoyándose en unas lianas elásticas y, con la ayuda de su pico arqueado, cortó los racimos más frescos sin dañarlos, depositándolos suavemente en la canasta de la mujer. La anciana sonrió aliviada y emitió un tierno silbido de gratitud, mientras Oliver daba un pequeño salto en su lugar con un tierno y rugido amigable."
cuento_266,El Oviráptor y las Semillas Flotantes,Anonimo,dinosaurios_y_prehistoria,español,136,Cuentos para dormir,Colab AI,b4d9750f1c5803bdafb1b79754632aa2,"Nía era una pequeña oviráptor de garras mansas a la que le encantaba recolectar semillas brillantes de los árboles ancestrales. Un día de verano, el viento sopló con tanta fuerza en el desfiladero que esparció todas sus semillas sobre una ladera de arcilla blanda. Preocupada por perder su tesoro, Nía comenzó a buscar entre las lianas elásticas, encontrándose con un niño de la edad de piedra que descansaba cerca de una cueva misteriosa. El niño, al ver su angustia, usó una gran hoja de helecho para ayudarla a juntar las semillas antes de que una tormenta eléctrica barriera el suelo. En agradecimiento, Nía le obsequió la semilla más grande y brillante de todas. El niño sonrió y la colocó en su collar, despidiéndose de su plumada amiga con un tierno silbido y un mutuo rugido amigable."
cuento_267,El Oviráptor y las Semillas Perdidas,Anonimo,dinosaurios_y_prehistoria,español,133,Cuentos para dormir,Colab AI,ee77792c1ee559cedb1ed2640346f010,"Omar era un tierno oviráptor de garras mansas que habitaba en los alrededores de la cueva misteriosa. Contrario a lo que otros pensaban, a él no le interesaba tomar lo ajeno, sino proteger la vida. Una tarde, una fuerte ráfaga de viento proveniente del gran volcán volcó las canastas de semillas de una familia de la edad de piedra, esparciendo su alimento por toda una ladera de arcilla blanda y troncos petrificados. Con su pico curvo y sus ágiles dedos, Omar comenzó a recolectar minuciosamente cada semilla oculta bajo los helechos gigantes, juntándolas en un pequeño cuenco de piedra. Al terminar, empujó el cuenco con su hocico hacia los niños de la tribu, quienes celebraron su nobleza con un tierno silbido, mientras el pequeño dinosaurio se despedía con un alegre y rugido amigable."
cuento_268,El Oviráptor y las Semillas de Oro,Anonimo,dinosaurios_y_prehistoria,español,142,Cuentos para dormir,Colab AI,4674e77d81f030c7306e104eb2f5be53,"Ori era un tierno oviráptor de garras mansas que vivía en los alrededores de una cueva misteriosa. A diferencia de lo que decían las leyendas, a Ori no le interesaba tomar los huevos de otros nidos; su gran pasión era recolectar semillas brillantes que crecían entre los troncos petrificados. Una tarde, una niebla espesa cubrió por completo el gran cañón, impidiendo que una familia de la edad de piedra encontrara el camino de regreso a sus refugios. Ori, que conocía de memoria cada rincón de la llanura de arcilla blanda, comenzó a dejar un rastro de semillas doradas sobre el suelo para trazar una ruta visible. Los niños siguieron el brillo con alegría. Al llegar a salvo a su hogar, la tribu agradeció el noble gesto con un tierno silbido, y el pequeño dinosaurio se despidió con un rítmico y rugido amigable."
cuento_269,El Pachycephalosaurus y el Juego de Fuerza,Anonimo,dinosaurios_y_prehistoria,español,45,Cuentos para dormir,Colab AI,e47330eaf5bb4b88fb7ae220f1513c0c,Paco era un tierno pachycephalosaurus de cabeza dura y garras mansas. Jugaba con los cazadores a mover troncos petrificados sobre arcilla blanda. Paco usaba su frente para nivelar el terreno mientras las lianas elásticas volaban. Los jóvenes silbaron divertidos y Paco lanzó un rugido amigable.
cuento_270,El Pachyrhinosaurio y los Troncos del Camino,Anonimo,dinosaurios_y_prehistoria,español,150,Cuentos para dormir,Colab AI,ea35303db21464041d116c8113d84869,"Polo era un tierno pachyrhinosaurio que, en lugar de cuernos, tenía un gran bulto óseo y plano sobre su nariz, y siempre demostraba sus garras mansas al andar por la llanura. Una mañana, un desprendimiento de tierra cerca de la cueva misteriosa hizo que varios troncos petrificados rodaran y bloquearan el único sendero que los cazadores de la edad de piedra utilizaban para regresar con provisiones. El suelo estaba cubierto de arcilla blanda y resbaladiza, lo que hacía imposible que los humanos movieran el pesado obstáculo. Polo, que pasaba por el lugar buscando brotes tiernos, se acercó al sendero y apoyó el fuerte bulto de su hocico contra los troncos. Con un empuje constante y firme, los hizo rodar hacia el gran cañón, despejando la ruta por completo. Los cazadores, aliviados, unieron sus voces en un tierno silbido de gratitud, y Polo asintió pausadamente con un profundo y rugido amigable."
cuento_271,El Pachyrhinosaurus y el Muro de Protección,Anonimo,dinosaurios_y_prehistoria,español,127,Cuentos para dormir,Colab AI,6f18492104349d1b9d4a425eb964200d,"Pancho era un tierno pachyrhinosaurus con una gran protuberancia ósea en su nariz que, a pesar de su aspecto rudo, poseía garras mansas y un corazón bondadoso. Vivía en la llanura, donde los troncos petrificados servían de refugio a los animales pequeños. Una tarde, un desprendimiento de rocas comenzó a deslizarse por la ladera del gran volcán, amenazando los huertos de la edad de piedra plantados en la arcilla blanda. Pancho se interpuso firmemente en el desfiladero, usando su fuerte cabeza para desviar los escombros hacia un pozo natural, lejos de los helechos gigantes. Los agricultores del poblado, que observaban con asombro la valentía del dinosaurio, alzaron un tierno silbido en su honor, mientras Pancho sacudía el polvo de su lomo con un profundo y rugido amigable."
cuento_272,El Pachyrhinosaurus y el Sendero de Espinas,Anonimo,dinosaurios_y_prehistoria,español,135,Cuentos para dormir,Colab AI,6861ce2565515ca4ea455ace8c08e283,"Patricio era un tierno pachyrhinosaurus que, en lugar de cuernos puntiagudos, tenía una gran masa ósea y plana sobre su nariz, pero su enorme tamaño contrastaba con sus garras mansas y su corazón pacífico. Una mañana, un denso matorral de plantas con espinas venenosas creció rápidamente debido a la humedad del gran volcán, bloqueando el sendero que conectaba el campamento de la edad de piedra con la fuente de agua dulce. Los recolectores no podían pasar sobre la arcilla blanda sin lastimarse. Patricio, comprendiendo el problema, avanzó al frente y usó su fuerte y achatada frente para aplastar las ramas espinosas contra el suelo, abriendo un pasaje seguro entre los helechos gigantes. La tribu cruzó a salvo y el jefe le dedicó un tierno silbido de respeto, recibiendo como respuesta un profundo y rugido amigable."
cuento_273,El Paquicefalosaurio y el Juego de los Ecos,Anonimo,dinosaurios_y_prehistoria,español,133,Cuentos para dormir,Colab AI,bc4fb2e94be70ec3c4ab0e3f95f879e0,"Kiko era un tierno paquicefalosaurio que vivía en la llanura, famoso por su fuerte frente pero también por sus garras mansas. Su actividad favorita era correr hacia el gran cañón para jugar con los ecos que rebotaban en las paredes de roca. Una tarde, mientras la niebla espesa comenzaba a descender sobre la arcilla blanda, Kiko escuchó un llanto asustado que venía de una grieta profunda. Era un pequeño triceratops que no encontraba el camino de regreso a los helechos gigantes. Manteniendo la calma, Kiko dio un suave golpe con su cabeza en un tronco petrificado, produciendo un eco sonoro que guió al pequeño a través de la bruma. Al encontrarse, ambos frotaron sus frentes con un tierno silbido de alegría, regresando juntos a casa bajo el cobijo de un tierno rugido amigable."
cuento_274,El Paquicefalosaurio y el Puente de Lianas,Anonimo,dinosaurios_y_prehistoria,español,124,Cuentos para dormir,Colab AI,1bcafdbbcf8336a7e2d2dd2eb5ab8fe2,"En los alrededores del gran cañón, un tierno paquicefalosaurio llamado Kiko disfrutaba de caminar sobre los terrenos de arcilla blanda. Un día de intensas lluvias, el pequeño riachuelo que cruzaba el bosque de árboles ancestrales creció tanto que bloqueó el paso hacia las zonas de juego. Una pequeña cría de tiranosaurio observaba el agua con tristeza desde la otra orilla. Kiko, usando la fuerza de su frente pero guiado por sus garras mansas, empujó un viejo tronco petrificado hacia la corriente y lo aseguró usando unas lianas elásticas que colgaban de los helechos gigantes. El puente improvisado permitió que su amigo cruzara sin peligro. El reencuentro en la orilla se selló con un tierno silbido de alegría y un fuerte, pero sumamente rugido amigable."
cuento_275,El Paquicefalosaurio y la Cosecha de Bayas,Anonimo,dinosaurios_y_prehistoria,español,131,Cuentos para dormir,Colab AI,56dfa4731462dc347a627eb3f0263fd5,"Plácido era un tierno paquicefalosaurio al que le encantaba pasear por la llanura de arcilla blanda, justo donde terminaba el desfiladero. Un día, una fuerte ventisca atascó las ramas de los arbustos frutales más altos contra las paredes del gran cañón, impidiendo que una recolectora de la edad de piedra alcanzara el alimento. Plácido, usando la resistencia de su cabeza pero manteniendo siempre sus garras mansas, dio suaves golpecitos en la base de los troncos petrificados para sacudir las lianas elásticas sin romperlas. Una lluvia de bayas dulces cayó sobre las hojas de los helechos gigantes que la joven había extendido en el suelo. Al ver su canasta llena, ella dedicó un tierno silbido al servicial dinosaurio, quien se despidió moviendo alegremente su cola tras emitir un sordo y rugido amigable."
cuento_276,El Paquicefalosaurio y los Frutos del Helecho,Anonimo,dinosaurios_y_prehistoria,español,154,Cuentos para dormir,Colab AI,7bf02674eb71e2065eaf8a0990af5af4,"Pancho era un joven paquicefalosaurio que tenía una cabeza dura y redonda como una roca pulida. A diferencia de sus compañeros de manada, que usaban sus frentes para empujarse con fuerza en el desfiladero, Pancho prefería usar su fuerte cabeza para recolectar alimento de una manera muy ingeniosa. En lo alto de los árboles ancestrales crecían unos frutos dulces y maduros que ningún dinosaurio alcanzaba. Pancho se paraba firme sobre la arcilla blanda, miraba hacia arriba y, con un salto preciso, daba un toque suave al tronco petrificado con su dura frente. ¡Ploc, ploc! Los frutos caían suavemente sobre las hojas de helecho gigantes sin romperse. Una tarde, una familia de pequeños triceratops que tenía mucha hambre pasó por el lugar. Pancho, con un tierno silbido de bienvenida, golpeó el árbol más grande para compartir el festín. Los pequeños comieron contentos y agradecieron el detalle con un rugido amigable que alegró todo el valle."
cuento_277,El Paquicefalosaurio y los Frutos del Techo,Anonimo,dinosaurios_y_prehistoria,español,130,Cuentos para dormir,Colab AI,5232f0688ceb2b204538f38944c8e43d,"Pipo era un tierno paquicefalosaurio con una fuerte cabeza redondeada que siempre usaba para construir y nunca para reñir. Vivía cerca de los árboles ancestrales, donde las garras mansas de su manada ayudaban a mantener el equilibrio del bosque. Un grupo de recolectores de la edad de piedra intentaba alcanzar unos frutos silvestres muy dulces que crecían en las ramas altas, pero los troncos petrificados que usaban como escaleras eran muy inestables en la arcilla blanda. Pipo se acercó al tronco principal y, con un golpe firme pero medido de su cabeza, sacudió el árbol lo necesario para que los frutos cayeran suavemente sobre los helechos gigantes. Los recolectores llenaron sus canastas y le dedicaron un tierno silbido de gratitud, al cual Pipo respondió con un alegre y rugido amigable."
cuento_278,El Parasaurolophus que Perdió su Canto,Anonimo,dinosaurios_y_prehistoria,español,167,Cuentos para dormir,Colab AI,0429b81fbec478dec8c18012984be32c,"Plácido era un tierno parasaurolophus conocido en todo el valle por las hermosas melodías que soplaba a través de su cresta alargada. Sin embargo, una mañana, tras nadar en las frías aguas del río de lodo, despertó con un gran resfriado y descubrió que no podía emitir ningún sonido. Se sintió muy asustado, pues esa tarde la manada debía cruzar el desfiladero de los vientos y necesitaban sus notas musicales para guiarse entre la niebla espesa. Decidido a ayudar, Plácido buscó una solución. Usando sus garras mansas, recolectó varias hojas de helecho gigantes que estaban secas y las acomodó de forma estratégica entre las lianas elásticas de los árboles. Cuando sopló el viento huracanado, las hojas comenzaron a vibrar, creando un divertido y fuerte sonido rítmico que rompió el silencio del valle. Su manada reconoció de inmediato el ingenioso llamado y caminó segura hacia él. Todos celebraron su astucia con rugidos amigables, demostrando que cuando la voz falta, la imaginación siempre encuentra una nueva forma de cantar."
cuento_279,El Parasaurolophus y el Eco Musical,Anonimo,dinosaurios_y_prehistoria,español,151,Cuentos para dormir,Colab AI,da726e1b844fb37f3fa761c42fa2168e,"Kiko era un joven parasaurolophus que poseía una cresta larga y hueca en la parte superior de su cabeza. Le encantaba soplar aire a través de ella para producir sonidos, pero a veces sus notas eran tan potentes que asustaban a los pequeños estegosaurios del valle. Decidido a encontrar un lugar donde practicar sin molestar, caminó hacia un desfiladero de piedra gris rodeado de troncos petrificados. Al llegar, Kiko emitió un tierno silbido musical de tono bajo. Para su sorpresa, las paredes del cañón le devolvieron el sonido transformado en un hermoso eco polifónico. Fascinado, comenzó a picar el aire con diferentes notas, componiendo una melodía suave que se extendió por toda la llanura de arcilla blanda. Un tiranosaurio manso y una manada de triceratops que paseaban entre las lianas elásticas se acercaron despacio, atraídos por el dulce concierto, uniendo sus rugidos amigables al compás del primer eco musical del mundo."
cuento_280,El Parasaurolophus y el Río de Estrellas,Anonimo,dinosaurios_y_prehistoria,español,164,Cuentos para dormir,Colab AI,89ec7e5adc3a213d852e83a942c2e9e3,"Luka era un joven parasaurolophus que amaba pasear cuando el sol se ocultaba detrás del gran volcán apagado. Una noche, mientras seguía el rastro de unas luciérnagas prehistóricas, llegó a la orilla de un río que parecía estar hecho de estrellas. El agua reflejaba la luz de la luna sobre las piedras brillantes del fondo, creando un espectáculo mágico. Fascinado, Luka sopló a través de su cresta alargada, emitiendo una melodía suave y tierno que resonó en la cueva misteriosa cercana. Al escuchar la música, decenas de amonites luminosos ascendieron a la superficie del agua, parpadeando al ritmo de sus notas musicales. Un pequeño triceratops que se había perdido entre las lianas elásticas escuchó el hermoso canto y caminó hacia el río, encontrando el camino de regreso gracias a la luz y al sonido. Ambos dinosaurios regresaron juntos con sus manadas dejando enormes huellas en la arena húmeda, felices de haber descubierto que la música de la prehistoria podía iluminar la noche más oscura."
cuento_281,El Parasaurolophus y la Melodía del Viento,Anonimo,dinosaurios_y_prehistoria,español,133,Cuentos para dormir,Colab AI,8612cfd468acdf1f9652e4df1a7ecdfa,"Pipo era un tierno parasaurolophus que tenía la cresta más larga de su manada. Le encantaba pararse en lo alto del desfiladero para escuchar cómo el viento soplaba a través de los helechos gigantes. Una tarde, una niebla espesa cubrió la llanura, separándolo de sus amigos que caminaban abajo, sobre la arcilla blanda. Pipo no se asustó; tomó aire y, usando su cresta como una flauta natural, emitió un tierno silbido largo y melodioso que cortó la bruma. Abajo, un tierno triceratops de garras mansas escuchó la hermosa música y comenzó a picar el suelo con sus patas para marcar el compás. Guiados por el sonido, todos los dinosaurios de la llanura se reunieron al pie de los árboles ancestrales, celebrando el reencuentro con un coro de alegría y un profundo rugido amigable."
cuento_282,El Parasaurolophus y la Niebla del Valle,Anonimo,dinosaurios_y_prehistoria,español,131,Cuentos para dormir,Colab AI,6da2f7e68d39b8eb73771628bcdb49a9,"Pipo era un tierno parasaurolophus que habitaba cerca de los grandes troncos petrificados. Una tarde, una niebla espesa bajó desde las cumbres del gran volcán, cubriendo toda la llanura y borrando el camino hacia los helechos gigantes. Un grupo de niños de la edad de piedra quedó atrapado en medio del desfiladero, temerosos de pisar en falso sobre la arcilla blanda. Pipo, al escuchar sus lamentos, utilizó la larga cresta de su cabeza para emitir una vibración profunda que cortaba la densidad del aire. Con sus garras mansas, avanzó despacio entre la bruma, sirviendo como guía sonoro para los pequeños. Al llegar sanos y salvos a la entrada de su cueva misteriosa, los niños lo despidieron con un tierno silbido de agradecimiento, mientras Pipo respondía con un reconfortante y rugido amigable."
cuento_283,El Pequeño Anquilosaurio y el Escondite de Lianas,Anonimo,dinosaurios_y_prehistoria,español,147,Cuentos para dormir,Colab AI,1600fdd490a5fcbfd1658069909966ec,"Coco era un joven anquilosaurio que se sentía un poco triste porque su pesada armadura y su cola con mazo óseo no le permitían correr tan rápido como a los velociraptors del desfiladero. Un día de tormenta eléctrica, los pequeños animales del valle buscaban un refugio seguro para protegerse del viento y de las chispas que caían del cielo. Coco encontró una grieta profunda en la roca gris, pero la entrada estaba bloqueada por una tupida red de lianas elásticas y ramas secas. Usando la fuerza de su cola con garras mansas, Coco golpeó la arcilla blanda y apartó los obstáculos con gran precisión, abriendo un camino seguro hacia el interior. Todos los dinosaurios pequeños entraron a salvo y, al abrigo de la tormenta, rodearon a Coco emitiendo un tierno silbido y un rugido amigable, agradeciendo al fuerte vecino que los había salvado con su gran corazón."
cuento_284,El Pequeño Anquilosaurio y el Laberinto de Helechos,Anonimo,dinosaurios_y_prehistoria,español,145,Cuentos para dormir,Colab AI,39aa0ccf3fb0238d1d8b7b0561ecdded,"Tato era un tierno anquilosaurio que tenía un mazo fuerte pero unas garras mansas. Una tarde, mientras jugaba a las escondidas cerca de los árboles ancestrales, se adentró en un denso laberinto de hojas de helecho gigantes. La niebla espesa comenzó a bajar del desfiladero, borrando el camino de regreso sobre la arcilla blanda. En lugar de asustarse, Tato recordó que podía picar el suelo con su cola para dejar marcas profundas en la tierra y no perderse más. Mientras avanzaba, escuchó un tierno silbido que provenía de una cueva misteriosa; era un pequeño velociraptor que también se había perdido. Tato lo invitó a seguirlo y, usando la fuerza de su armadura, abrió un sendero seguro a través de las lianas elásticas. Al salir a la llanura, ambos dinosaurios corrieron felices hacia sus mamás, despidiéndose con un tierno rugido amigable que selló su nueva amistad."
cuento_285,El Pequeño Arqueópterix y la Melodía Nocturna,Anonimo,dinosaurios_y_prehistoria,español,127,Cuentos para dormir,Colab AI,7887a72f8d72fcb2ac82df4b96ec1797,"Archi era un tierno arqueópterix que pasaba los días saltando de rama en rama entre los árboles ancestrales del gran cañón. Una noche, el gran volcán emitió un destello que asustó a una familia de la edad de piedra que descansaba en la entrada de su cueva misteriosa. Al notar su inquietud, Archi voló hacia las lianas elásticas más cercanas y comenzó a rozar sus plumas contra ellas, creando un sonido suave y rítmico que recordaba al correr del agua sobre la arcilla blanda. El tierno silbido que añadió a su melodía arrulló rápidamente a los niños de la tribu. Los padres, agradecidos por la calma que el pequeño ser alado había traído a la llanura, lo despidieron al amanecer con un respetuoso y suave rugido amigable."
cuento_286,El Pequeño Coelophysis y el Atajo Secreto,Anonimo,dinosaurios_y_prehistoria,español,131,Cuentos para dormir,Colab AI,4f93aadd807732c46b7215b87f8ed5b7,"En el fondo del gran cañón, donde los árboles ancestrales tocaban el cielo, vivía Capi, un tierno coelophysis de garras mansas y movimientos ágiles. Un día de intensa lluvia, los caminos principales de la llanura se transformaron en trampas de arcilla blanda, dejando a una familia de la edad de piedra bloqueada sin poder regresar a su hogar. Capi, que conocía cada rincón oculto del desfiladero, saltó alegremente sobre unos troncos petrificados para llamar su atención. Usando un tierno silbido, les indicó que lo siguieran por un sendero elevado cubierto por lianas elásticas y densos helechos gigantes que los protegían de la caída del agua. Gracias a su astucia, la familia llegó sana y salva a su destino, celebrando la destreza del pequeño guía con un unánime y agradecido rugido amigable."
cuento_287,El Pequeño Compsognathus y el Laberinto de Helechos,Anonimo,dinosaurios_y_prehistoria,español,123,Cuentos para dormir,Colab AI,64e8df66d4a2f2cadc39e062988d4304,"Copito era un diminuto compsognathus que vivía al abrigo de una cueva misteriosa cerca del gran volcán. A pesar de su pequeño tamaño, poseía unas garras mansas que le permitían picar la arcilla blanda con gran destreza para buscar pequeños insectos. Un día, mientras perseguía una libélula dorada, se internó tanto en un bosque de helechos gigantes que no supo cómo regresar. La tarde caía y el desfiladero comenzaba a oscurecerse. Afortunadamente, un tierno braquiosaurio que caminaba a pasos lentos escuchó su menudo lamento. El gigante estiró su larguísimo cuello hacia el suelo y emitió un tierno silbido para darle confianza. Copito subió por su cabeza y viajó seguro sobre su lomo, celebrando el regreso a casa con un agudo pero rugido amigable."
cuento_288,El Pequeño Estegosaurio y el Río de Piedras,Anonimo,dinosaurios_y_prehistoria,español,143,Cuentos para dormir,Colab AI,071cac61597432ea72c5732f11bddabb,"Milo era un tierno estegosaurio que vivía en una llanura donde los árboles ancestrales daban una sombra fresca y agradable. Una tarde, mientras buscaba brotes tiernos entre las hojas de helecho gigantes, descubrió un antiguo cauce seco cubierto de piedras brillantes y redondas. Lleno de curiosidad, Milo comenzó a caminar sobre la arcilla blanda, empujando las piedras con sus patas de garras mansas para formar una larga hilera decorativa. Pronto, un pequeño triceratops que pasaba por el desfiladero se unió al juego, ayudando a picar el suelo para encajar las rocas de colores. De repente, una suave brisa disipó la niebla espesa del cañón, revelando que el camino de piedras que habían construido guiaba directamente a un hermoso estanque de agua limpia. Los dos amigos festejaron su hallazgo entrelazando sus colas y lanzando un rugido amigable que resonó alegremente por todo el valle."
cuento_289,El Pequeño Estegosaurio y las Piedras de Colores,Anonimo,dinosaurios_y_prehistoria,español,145,Cuentos para dormir,Colab AI,bd4c1c73f9351ec4eeaffee9a10890ab,"Pipo era un tierno estegosaurio que tenía las placas de su lomo más pequeñas que los demás de su manada. Para decorar su cuerpo, le encantaba buscar piedras brillantes de colores a la orilla del río del desfiladero. Una tarde, mientras caminaba sobre la arcilla blanda, encontró unos trozos de resina transparente que reflejaban la luz del gran volcán como pequeños arcoíris. Con mucha paciencia, Pipo acomodó las piedras sobre sus placas mansas usando un poco de lodo pegajoso. Al salir de entre las hojas de helecho gigantes, su lomo brillaba tanto que una manada de pequeños triceratops se acercó dando saltos de alegría. De pronto, una niebla espesa cubrió el cañón, pero el brillo de Pipo sirvió como un faro de luz que guió a todos los animales de regreso a los árboles ancestrales, donde celebraron el ingenio del pequeño con un rugido amigable."
cuento_290,El Pequeño Mamut y el Laberinto de Hielo,Anonimo,dinosaurios_y_prehistoria,español,158,Cuentos para dormir,Colab AI,febf59777e8cd5c2161dd6a82df35257,"Moko era un pequeño mamut de pelaje espeso que vivía cerca del gran glaciar del norte. Una mañana, mientras seguía una fila de hormigas prehistóricas, se adentró en una cueva misteriosa hecha completamente de hielo cristalino. Al mirar a su alrededor, descubrió que las paredes congeladas reflejaban su imagen por todas partes, creando un laberinto confuso. Moko intentó retroceder, pero sus patitas resbalaban en el suelo liso. En lugar de asustarse, el pequeño mamut usó su trompa para soplar con fuerza, emitiendo un tierno silbido que hizo vibrar las estalactitas superiores. El sonido viajó por las grietas hasta llegar a los oídos de un pacífico braquiosaurio que paseaba cerca de unos troncos petrificados. El gigante estiró su largo cuello hacia el interior de la gruta y, con su cálido aliento, derritió la escarcha que bloqueaba la verdadera salida. Moko salió corriendo y agradeció al gigante con un rugido amigable, feliz de regresar a las praderas de helechos gigantes."
cuento_291,El Pequeño Oviráptor y la Semilla Dorada,Anonimo,dinosaurios_y_prehistoria,español,155,Cuentos para dormir,Colab AI,645127cbbe67153489252607883c2adf,"Óliver era un pequeño oviráptor que tenía la fama de ser el recolector más rápido de toda la llanura. Mientras exploraba los alrededores del gran volcán apagado, encontró una semilla dorada y brillante oculta debajo de unas hojas de helecho gigantes. Intrigado por su color, Óliver decidió plantarla en un rincón seguro del desfiladero, usando sus garras mansas para remover la arcilla blanda y regándola con el agua fresca que caía de las rocas. Pocos días después, de la tierra brotó una planta trepadora con flores de colores hermosos que desprendían un tierno aroma dulce por todo el cañón. El aroma era tan especial que calmó el enojo de un enorme tiranosaurio rex que pasaba por ahí buscando refugio de la niebla espesa. El gigante se sentó junto a la planta, cerró los ojos y lanzó un rugido amigable, demostrando que la belleza de la naturaleza podía ablandar el corazón más rudo del mundo primitivo."
cuento_292,El Pequeño Parasaurolophus y el Eco del Cañón,Anonimo,dinosaurios_y_prehistoria,español,144,Cuentos para dormir,Colab AI,e50840823967ccbae9e65eb85b86bbd1,"Kiko era un tierno parasaurolophus que tenía una hermosa cresta alargada sobre su cabeza. Le encantaba pasear por el desfiladero, descubriendo cómo los sonidos cambiaban según el lugar de la llanura donde se encontraba. Una tarde, mientras caminaba sobre la arcilla blanda, se acercó a la entrada de una cueva misteriosa y emitió un tierno silbido. Para su sorpresa, la roca de piedra gris le devolvió el sonido como si fuera un compañero escondido. Divertido, Kiko comenzó a picar el aire con diferentes notas musicales, creando una melodía que resonaba entre los árboles ancestrales. Un pequeño estegosaurio que descansaba entre las lianas elásticas escuchó el concierto y se acercó al trote, moviendo su cola con suavidad. Ambos dinosaurios se sentaron juntos a la orilla del río y unieron sus voces en un rugido amigable que llenó todo el cañón de alegría y música prehistórica."
cuento_293,El Pequeño Plesiosaurio y el Espejo de Agua,Anonimo,dinosaurios_y_prehistoria,español,134,Cuentos para dormir,Colab AI,f026019f1993cb2ff437f1e16b704db2,"En un lago escondido al pie del gran volcán, donde la orilla era de una templada arcilla blanda, vivía un tierno plesiosaurio llamado Tilo. A pesar de vivir en el agua, a Tilo le encantaba asomar la cabeza para observar a los animales de la llanura. Una mañana, una densa niebla espesa cubrió la superficie del lago, haciendo que un tierno estegosaurio que caminaba entre los helechos gigantes perdiera el rumbo y resbalara hacia el agua profunda. Con sus aletas suaves y garras mansas, Tilo nadó rápidamente y ofreció su largo cuello como un puente flotante para que el asustado dinosaurio pudiera regresar a la orilla a salvo. Una vez en tierra firme, el estegosaurio sacudió sus placas y emitió un tierno silbido de gratitud, correspondido desde el agua con un hermoso rugido amigable."
cuento_294,El Pequeño Plesiosaurio y la Estrella Caída,Anonimo,dinosaurios_y_prehistoria,español,159,Cuentos para dormir,Colab AI,3b3a905073f5888a3f055c7fe50cf89b,"Sami era un tierno plesiosaurio que vivía en las aguas templadas del océano primitivo, justo donde las lianas elásticas de la costa tocaban las olas. Una noche de tormenta eléctrica, Sami vio un destello brillante cruzar el firmamento y caer con fuerza en el fondo de un arrecife de coral negro. Al nadar hacia el lugar, descubrió una hermosa piedra brillante con forma de estrella que emitía una suave luz azul bajo el agua, iluminando la arena de arcilla blanda. El brillo era tan hermoso que atrajo a cientos de pequeños peces prehistóricos que nadaban asustados por los truenos de la superficie. Sami acomodó la estrella marina sobre un gran tronco petrificado sumergido, creando un refugio seguro y luminoso para todas las criaturas indefensas del océano. Al ver a sus pequeños amigos a salvo, el plesiosaurio asomó la cabeza por encima del agua y lanzó un tierno silbido hacia el cielo estrellado, agradecido por la magia de la noche."
cuento_295,El Pequeño Tiranosaurio y las Cosquillas,Anonimo,dinosaurios_y_prehistoria,español,162,Cuentos para dormir,Colab AI,a9496efafabae6d8079f4243aeaec4ca,"Tato era un tiranosaurio rex muy pequeño que vivía frustrado porque sus brazos cortos no le permitían rascarse la espalda. Una tarde, mientras caminaba de mal humor dejando enormes huellas en la arena roja, se adentró en un espeso bosque de helechos gigantes. De repente, cientos de mariposas prehistóricas de alas luminosas salieron de los arbustos y comenzaron a revolotear a su alrededor, posándose sobre su piel texturizada. El aleteo de los insectos le provocó un ataque de cosquillas tan grande que Tato cayó de panza sobre la arcilla blanda, soltando una carcajada que sonó como un tierno silbido en todo el desfiladero. Al verlo reír con tanta felicidad, una manada de pacíficos braquiosaurios se acercó con curiosidad. Los gigantes usaron sus largas hojas para abanicarlo y ayudar a espantar el picor de su lomo. Tato se levantó lanzando un rugido amigable, comprendiendo que sus pequeños brazos no eran un impedimento para pasar una tarde maravillosa llena de diversión y nuevos amigos."
cuento_296,El Pequeño Triceratops y el Espejo de Agua,Anonimo,dinosaurios_y_prehistoria,español,154,Cuentos para dormir,Colab AI,70b651b691052a7a6f0ff699b27d760d,"Miki era un tierno triceratops que tenía tres pequeños cuernos que apenas comenzaban a crecer en su frente. Una mañana, mientras caminaba entre las hojas de helecho gigantes, llegó a una cueva misteriosa en cuyo interior había un lago de agua completamente cristalina y quieta. Al asomarse para beber, Miki vio un dinosaurio extraño que lo miraba desde el fondo del agua; asustado, dio un paso atrás y lanzó un tierno silbido de advertencia. El reflejo hizo exactamente lo mismo. Intrigado, Miki regresó despacio, movió sus orejas mansas y descubrió que el agua simplemente copiaba sus movimientos como si fuera magia. Divertido, comenzó a dar pequeños saltos y a hacer muecas, haciendo que las ondas del agua crearan figuras fantásticas en las paredes de piedra gris. Sus amigos velociraptors escucharon sus risas y entraron a la gruta, uniendo sus rugidos amigables al descubrir el maravilloso espejo de agua que la naturaleza les había regalero."
cuento_297,El Pequeño Triceratops y el Hongo Gigante,Anonimo,dinosaurios_y_prehistoria,español,135,Cuentos para dormir,Colab AI,87c1cb08933cd3fcbeb36aa766b38f33,"Moncho era un tierno triceratops muy travieso que adoraba correr entre las hojas de helecho gigantes de la llanura. Una mañana, mientras perseguía a una libélula prehistórica, tropezó con la raíz de un árbol ancestral y cayó rodando sobre la arcilla blanda, directo hacia una cueva misteriosa. Al levantarse, vio un hongo gigante de color amarillo que brillaba en la oscuridad de la gruta. Moncho se acercó con cuidado y, al picar el sombrero del hongo con sus pequeños cuernos, una nube de esporas brillantes comenzó a flotar en el aire, iluminando las paredes de piedra gris llenas de hermosas huellas antiguas. El espectáculo era tan maravilloso que un pequeño parasaurolophus que pasaba por el desfiladero entró al lugar y unió su voz al tierno silbido de Moncho, celebrando el hallazgo de aquel jardín secreto."
cuento_298,El Pequeño Triceratops y el Manantial Oculto,Anonimo,dinosaurios_y_prehistoria,español,162,Cuentos para dormir,Colab AI,88e6cb057a7285ef1fc6c4dc4c5e88fb,"Tumi era un pequeño triceratops que vivía en una época de gran sequía en el valle prehistórico. Las hojas de helecho gigantes se estaban secando y la manada tenía mucha sed, pues el río principal se había transformado en un camino de lodo seco. Decidido a ayudar, Tumi caminó hacia el desfiladero de los susurros, buscando alguna señal de agua. De pronto, sus garras mansas sintieron un ligero cosquilleo bajo la arcilla blanda. Usando sus tres pequeños cuernos con gran paciencia, comenzó a excavar la tierra reseca cerca de un enorme tronco petrificado. Después de un gran esfuerzo, un chorro de agua cristalina y fresca brotó del suelo, salpicando las piedras brillantes de alrededor. El agua inundó el pequeño cañón, creando un manantial eterno y limpio para todos los animales. Su madre llegó corriendo y lo recibió con un rugido amigable lleno de orgullo. El pequeño Tumi demostró que la persistencia de un cachorro podía salvar la vida de toda una manada."
cuento_299,El Pequeño Velociraptor y el Eco,Anonimo,dinosaurios_y_prehistoria,español,165,Cuentos para dormir,Colab AI,0dfc09e46d3efc892019241282076574,"Rafi era un velociraptor tan pequeño que sus hermanos siempre le ganaban en las carreras por la arena roja. Una tarde, triste por perder otra vez, se alejó del grupo y entró en el desfiladero de los susurros, un cañón de piedra gris rodeado de lianas elásticas. Frustrado, Rafi respiró profundo y lanzó un tierno silbido de queja. Para su sorpresa, las paredes rocosas devolvieron el sonido transformado en un rugido amigable y gigantesco que hizo temblar las hojas de los árboles ancestrales. Sorprendido, el pequeño dio un salto y volvió a silbar con ritmo; el cañón respondió creando una hermosa melodía que parecía la de un dinosaurio enorme. El sonido asustó a un nido de avispas prehistóricas que merodeaba cerca, alejándolas del lugar. Al notar su nuevo talento para hacer hablar a las piedras brillantes, Rafi regresó corriendo con su manada lleno de confianza. Comprendió que no necesitaba tener las piernas más largas para hacerse escuchar y llenar de magia todo el valle prehistórico."
cuento_300,El Pequeño Velociraptor y el Hipo,Anonimo,dinosaurios_y_prehistoria,español,166,Cuentos para dormir,Colab AI,6a0c74e67a2151f80f7eeacf0ef310ac,"Roco era un velociraptor muy pequeño y veloz que adoraba dar sustos amistosos a los grandes herbívoros del valle. Sin embargo, una tarde, después de comer demasiadas bayas prehistóricas a toda prisa, le dio un ataque de hipo incontrolable. Cada vez que intentaba esconderse entre la maleza, un fuerte ""¡hip!"" hacía vibrar las lianas elásticas y alertaba a todos. Frustrado, Roco corrió hacia el río para beber agua, pero sus garras mansas resbalaron en la arcilla húmeda. Justo antes de caer al lodo, un enorme braquiosaurio asomó su largo cuello detrás de un árbol y lanzó un soplido tan fuerte que levantó las hojas secas del suelo. El tremendo susto le quitó el hipo a Roco al instante. El pequeño dinosaurio miró al gigante y, en lugar de enojarse, comenzó a saltar de alegría emitiendo un tierno silbido. El braquiosaurio respondió con un rugido amigable, y Roco aprendió que jugar a las escondidas era mucho más divertido cuando todos compartían la misma risa en el valle."
cuento_301,El Pequeño Velociraptor y el Truco de la Arcilla,Anonimo,dinosaurios_y_prehistoria,español,138,Cuentos para dormir,Colab AI,a6259bd94b9955d59067954cd2b4c720,"Roco era un pequeño velociraptor de garras mansas que prefería pasar el tiempo haciendo figuras con la tierra en lugar de correr por el gran cañón. Un día soleado, mientras exploraba cerca de unos troncos petrificados, descubrió que al picar la arcilla blanda con agua del río podía moldear pequeñas esferas perfectas. Divertido, comenzó a crear un camino de bolitas decorativas que llevaba directo a los pies del gran volcán. De pronto, un tierno triceratops que pasaba por ahí se asustó con la sombra de un gran pterodáctilo y corrió sin ver el suelo. Roco emitió un tierno silbido para calmarlo y le enseñó cómo jugar con la tierra moldeable. El triceratops, feliz de encontrar un nuevo amigo, dejó de temblar y unió sus huellas a las figuras de Roco, despidiendo la tarde con un tierno rugido amigable."
cuento_302,El Pintor de la Edad de Piedra,Anonimo,dinosaurios_y_prehistoria,español,157,Cuentos para dormir,Colab AI,a3744f220af8c46cd2b20b7271afaf9a,"Dak era un niño de la tribu de la edad de piedra que tenía una habilidad muy especial: podía extraer los colores de la naturaleza mezclando arcilla blanda, resina de troncos petrificados y jugo de frutos silvestres. Mientras los cazadores fabricaban herramientas en el desfiladero, Dak usaba las paredes de una cueva misteriosa como un gran lienzo para contar historias. Con la ayuda de una pequeña pluma de pterodáctilo, pintaba enormes huellas, hojas de helecho gigantes y la silueta de un tierno braquiosaurio que visitaba el río cada mañana. Una noche de tormenta eléctrica, los miembros de la tribu se refugiaron en la gruta, asustados por el sonido de los truenos. Dak encendió una pequeña fogata que iluminó sus pinturas de colores brillantes, devolviendo la calma a todos. Al ver las hermosas imágenes, los niños de la tribu sonrieron y lanzaron un tierno silbido de alegría, agradecidos por el arte que daba vida a su hogar primitivo."
cuento_303,El Pintor de la Roca Sagrada,Anonimo,dinosaurios_y_prehistoria,español,172,Cuentos para dormir,Colab AI,c680cd095b984a9d1ca98f716a395909,"Umi era un niño de la tribu de la edad de piedra que vivía en una gran cueva misteriosa. Mientras los adultos recolectaban lianas fuertes o seguían las enormes huellas de los mamuts, a Umi le gustaba observar los colores de la naturaleza. Un día, mezcló arcilla roja con jugo de bayas silvestres y usó una hoja de helecho gigante como pincel. Sobre la pared lisa de la cueva, comenzó a trazar formas: un tiranosaurio de patas mansas, un estegosaurio con placas brillantes y un gran sol dorado. Cuando la tribu regresó de una larga jornada bajo la lluvia prehistórica, encontraron la cueva iluminada por la hermosa obra de arte. Los colores parecían cobrar vida bajo el reflejo de la fogata, trayendo calidez e historias maravillosas al refugio. El jefe de la tribu abrazó a Umi y lo nombró el guardián de los recuerdos. El pequeño pintor comprendió que no necesitaba garras afiladas para ser fuerte, pues sus trazos de colores tenían el poder de alegrar los corazones de toda su comunidad."
cuento_304,El Pintor de las Cuevas Azules,Anonimo,dinosaurios_y_prehistoria,español,163,Cuentos para dormir,Colab AI,8d25566c0b62c68ebf32ba851b5db83a,"Kano era un niño de la tribu de la edad de piedra que pasaba las tardes buscando piedras brillantes a la orilla del océano primitivo. Un día de tormenta eléctrica, buscando refugio, entró en una cueva misteriosa cuyas paredes de roca eran completamente blancas. Kano sacó de su abrigo de lana un trozo de carbón y un poco de arcilla azul que había recolectado cerca del gran glaciar. Usando una hoja de helecho gigante como pincel, comenzó a trazar la silueta de un tierno braquiosaurio de cuello largo y un mamut de garras mansas. Cuando la tribu entró a buscarlo, quedaron maravillados: bajo el reflejo de las antorchas, los dibujos parecían cobrar vida y moverse entre las lianas pintadas. Los ancianos sonrieron felices, pues los trazos de Kano transmitían una inmensa paz en medio de la fría noche prehistórica. El jefe nombró al niño el gran narrador de historias de la tribu, demostrando que el arte tenía el poder de abrigar los corazones."
cuento_305,El Plesiosaurio y el Rescate en el Lago Esmeralda,Anonimo,dinosaurios_y_prehistoria,español,132,Cuentos para dormir,Colab AI,7766083195babbe611dd72453630ce12,"En las aguas templadas que se formaban al pie del gran volcán, habitaba un tierno plesiosaurio llamado Plauto. Aunque pasaba la mayor parte del tiempo nadando, le gustaba acercarse a la orilla donde crecían los helechos gigantes y los árboles ancestrales. Un día, una fuerte tormenta desprendió un enorme bloque de arcilla blanda del desfiladero, atrapando a un pequeño velociraptor de garras mansas que bebía agua. Al ver que el nivel del lago subía, Plauto nadó velozmente hacia la orilla, sujetó unas lianas elásticas con su boca y se las extendió al asustado dinosaurio terrestre. Con un suave tirón, lo puso a salvo sobre una roca firme de los troncos petrificados. El pequeño raptor emitió un tierno silbido de alivio, y Plauto respondió desde el agua con un sordo pero rugido amigable."
cuento_306,El Primer Vuelo de Pipo,Anonimo,dinosaurios_y_prehistoria,español,161,Cuentos para dormir,Colab AI,b78c23b04a369adc02e27334d8db4601,"Pipo era un tierno pterodáctilo que vivía en lo alto de un acantilado de piedra gris. Aunque sus hermanos ya cruzaban el cielo prehistórico persiguiendo libélulas gigantes, Pipo prefería quedarse en el nido, pues le daba mucho miedo mirar hacia el vacío del valle. Una tarde, un viento huracanado sopló con tanta fuerza que sacudió las ramas de los árboles ancestrales y arrojó su fruta favorita al borde del precipicio. Olvidando su temor por un segundo, Pipo caminó hacia la orilla, pero una ráfaga lo empujó hacia el vacío. Desesperado, extendió sus largas alas mansas y comenzó a moverlas con ritmo. Para su sorpresa, el aire cálido que subía del volcán apagado lo sostuvo con suavidad. Pipo descubrió que planear era tan natural como respirar. Voló entre las lianas elásticas, dio un giro perfecto y aterrizó de vuelta en el nido lanzando un silbido de pura felicidad. Su madre lo recibió con un rugido amigable, orgullosa del nuevo explorador del cielo."
cuento_307,El Protoceratops y la Charca de Lodo,Anonimo,dinosaurios_y_prehistoria,español,141,Cuentos para dormir,Colab AI,edc015b7f82173d8f61d95116c39e735,"Polo era un tierno protoceratops del tamaño de una oveja, con una pequeña gola ósea en su cabeza y unas garras mansas que siempre caminaban con cuidado. Una tarde, mientras paseaba cerca del gran volcán, vio que un pequeño cachorro de lobo de la edad de piedra había quedado atrapado en una charca de arcilla blanda profunda. La madre del cachorro intentaba jalarlo usando unas lianas elásticas, pero no tenía la fuerza suficiente. Polo, usando su fuerte pico curvo, mordió con suavidad el extremo de la liana y, apoyando firmemente sus patas traseras sobre unos troncos petrificados, jaló con constancia hasta sacar al pequeño del lodo. Los humanos de la tribu, que llegaron al rescate, agradecieron el noble gesto alzando las manos con un tierno silbido, y el pequeño dinosaurio se despidió moviendo la cabeza con un alegre y rugido amigable."
cuento_308,El Pterodáctilo Guía de la Tormenta,Anonimo,dinosaurios_y_prehistoria,español,162,Cuentos para dormir,Colab AI,ea75a32ea249a3a2554229356476371a,"Zazu era un pequeño pterodáctilo que tenía una vista tan buena que podía ver una pequeña piedra brillante desde lo más alto del cielo prehistórico. Una tarde, mientras su manada volaba de regreso al nido, una tormenta eléctrica azotó el desfiladero, llenando el aire de una niebla espesa y nubes negras que taparon por completo la luz del sol. Los reptiles alados comenzaron a perder el rumbo y a chocar con las lianas más altas de los árboles ancestrales. Zazu, manteniendo la calma, voló al frente de todos. Gracias a sus grandes ojos, logró distinguir los destellos de los rayos reflejándose en las rocas del camino seguro. Lanzando un silbido agudo y constante, guio a su familia a través del viento huracanado, esquivando las ramas caídas hasta ponerlos a salvo dentro de una cueva misteriosa. Su madre lo abrazó con sus alas mansas y toda la manada lo felicitó con rugidos de orgullo, agradecidos con el pequeño gran faro del cielo prehistórico."
cuento_309,El Pterodáctilo y el Huevo Perdido,Anonimo,dinosaurios_y_prehistoria,español,164,Cuentos para dormir,Colab AI,d6e1c5ecced73cbd9b28fb80177696a7,"Turi era un tierno pterodáctilo que aún no dominaba el vuelo en las corrientes de aire más altas del cañón. Una tarde, mientras descansaba sobre un tronco petrificado, observó que un gran huevo de color azul brillante rodaba colina abajo desde un nido descuidado, deteniéndose justo al borde de una grieta profunda. Sabiendo que el tiempo apremiaba antes de que cayera la niebla espesa, Turi saltó al vacío y extendió sus alas mansas. Sopló un viento fuerte que amenazaba con desestabilizarlo, pero el pequeño planeó con valentía entre los árboles ancestrales. Al llegar al suelo, usó sus garras mansas y un par de lianas elásticas para envolver el huevo con suavidad. Justo cuando un enorme tiranosaurio rex se acercaba con pisadas que hacían vibrar el suelo, Turi batió sus alas con fuerza y elevó el huevo de regreso a la seguridad de la cueva misteriosa de su madre. La familia de triceratops dueña del nido lo recibió con un rugido amigable lleno de gratitud."
cuento_310,El Pterodáctilo y el Huevo Perdido 1,Anonimo,dinosaurios_y_prehistoria,español,140,Cuentos para dormir,Colab AI,6c5a574e5fdb3f67528d760d05e25473,"Pip era un pequeño pterodáctilo que apenas estaba aprendiendo a usar sus alas mansas para planear entre las corrientes de aire del cañón. Mientras volaba cerca de unas lianas elásticas, vio que un hermoso huevo con manchas doradas se había deslizado de su nido, quedando atrapado en la copa de un helecho gigante. Pip sabía que debía actuar rápido antes de que la tormenta eléctrica cubriera la llanura. Descendió con cuidado, usando sus garras mansas para sostener el huevo con extrema delicadeza. Con un tierno silbido de esfuerzo, batió sus alas y logró elevarse de nuevo, depositando el tesoro a salvo en su nido de arcilla blanda. La mamá estegosaurio, que regresaba corriendo del desfiladero, vio la buena acción del pequeño volador y lanzó un rugido amigable de agradecimiento que llenó el corazón de Pip de una inmensa felicidad prehistórica."
cuento_311,El Pterodáctilo y el Rescate de la Mascota,Anonimo,dinosaurios_y_prehistoria,español,128,Cuentos para dormir,Colab AI,65664414253f10a07a89ae70cacb1174,"Piti era un tierno pterodáctilo que sobrevolaba las corrientes de aire caliente que ascendían del gran volcán. Desde las alturas de los árboles ancestrales, sus ojos atentos divisaron una situación preocupante: un pequeño cachorrito de lobo prehistórico se había resbalado por la arcilla blanda de una ladera, quedando atrapado en una cornisa sobre una cueva misteriosa. Una niebla espesa comenzaba a cubrir el valle, dificultando el rescate por tierra. Piti descendió planeando con sus garras mansas extendidas, sujetó suavemente al cachorro entre sus alas y lo elevó de vuelta a terreno firme junto a los helechos gigantes. Los niños de la tribu, dueños del animal, rompieron en aplausos y alzaron un tierno silbido al cielo, al cual Piti respondió desde el aire con un agudo pero rugido amigable."
cuento_312,El Pterodáctilo y la Estrella del Volcán,Anonimo,dinosaurios_y_prehistoria,español,141,Cuentos para dormir,Colab AI,a60698031111b87dcc4d2e4fe0391283,"Riki era un tierno pterodáctilo que adoraba volar cuando el cielo del atardecer se pintaba de tonos anaranjados y violetas. Una noche, mientras planeaba sobre el gran volcán inactivo, vio una hermosa piedra brillante que se había quedado atrapada en lo alto de una grieta de piedra gris. Riki descendió balanceándose con sus alas mansas, usando sus pequeñas garras mansas para sujetarse de unas lianas elásticas que crecían en las paredes del desfiladero. Con mucha destreza, logró liberar la gema justo antes de que una densa niebla espesa cubriera la llanura. Al volar de regreso, la piedra emitía un brillo tan cálido que iluminaba el camino sobre la arcilla blanda. Riki depositó el hermoso regalo en la entrada de la cueva misteriosa donde dormían sus amigos, quienes lo despertaron al amanecer con un tierno silbido de sorpresa y un rugido amigable."
cuento_313,El Pterodáctilo y las Semillas del Viento,Anonimo,dinosaurios_y_prehistoria,español,132,Cuentos para dormir,Colab AI,98bec8f7994a9609ae53bba3e4e3f8a5,"Pipo era un tierno pterodáctilo de garras mansas que prefería planear aprovechando las corrientes cálidas del gran cañón. Un día, una ráfaga de viento inesperada dispersó las mejores plumas y fibras vegetales que una artesana de la edad de piedra había recolectado para hacer los abrigos del invierno, dejándolas atrapadas en las ramas más altas de los árboles ancestrales. Al ver la tristeza de la mujer desde el cielo, Pipo descendió con elegancia, esquivando las lianas elásticas con gran destreza. Utilizando su pico alargado, recogió cada hebra sin romperla y las depositó suavemente sobre la arcilla blanda a los pies de la artesana. La mujer, aliviada, entonó un tierno silbido hacia la copa de los árboles, y el pequeño reptil volador le respondió desde las alturas con un agudo pero rugido amigable."
cuento_314,El Quetzalcoatlus y el Mapa del Cielo,Anonimo,dinosaurios_y_prehistoria,español,47,Cuentos para dormir,Colab AI,ad63c915d2c7ad321449ea708f86a002,Quique era un tierno quetzalcoatlus que volaba sobre helechos gigantes. Desde el cielo veía donde la arcilla blanda era peligrosa. Bajó a tierra y marcó el camino seguro con troncos petrificados para los viajeros. La tribu silbó al verlo volar y Quique respondió con un rugido amigable.
cuento_315,El Rahonavis y el Envío de la Señal,Anonimo,dinosaurios_y_prehistoria,español,168,Cuentos para dormir,Colab AI,287a556ac339378c72a7000d386a1693,"Ramiro era un tierno rahonavis, un diminuto dinosaurio alado y emplumado, muy similar a un ave, que poseía una garra retráctil en sus patas pero que siempre volaba con garras mansas. Una tarde de densa neblina, un cazador de la edad de piedra quedó atrapado al otro lado del río debido a un desprendimiento de lodo sobre la arcilla blanda, sin poder avisar a su tribu que se encontraba cerca del gran volcán. El cazador ató una pequeña rama con lianas elásticas a modo de señal, pero no tenía la fuerza para lanzarla tan lejos. Ramiro, que descansaba sobre un tronco petrificado, bajó planeando con ligereza. Permitió que el hombre sujetara la rama a sus plumas y voló ágilmente por encima de los helechos gigantes, dejando caer el mensaje justo en la entrada de la cueva misteriosa. Al ver llegar el auxilio, el cazador a lo lejos emitió un tierno silbido de gratitud, y el pequeño volador revoloteó en el aire respondiendo con un agudo pero rugido amigable."
cuento_316,El Regalo del Corythosaurus,Anonimo,dinosaurios_y_prehistoria,español,127,Cuentos para dormir,Colab AI,4545cf0c4fd8b36cfdac9879a774e12b,"Cora era una tierna corythosaurus a la que le encantaba recolectar flores silvestres que crecían junto a los troncos petrificados de la llanura. Un día, mientras caminaba con cuidado para no pisar la arcilla blanda con sus garras mansas, vio a una niña de la edad de piedra que intentaba adornar la entrada de su cueva misteriosa. Cora se acercó despacio y, utilizando su llamativa cresta, emitió un sonido suave que parecía música. La niña salió curiosa y sonrió al ver que Cora le ofrecía un hermoso ramo de hojas de helechos gigantes y flores aromáticas entrelazadas con lianas elásticas. Ambas compartieron una tarde de juegos bajo la sombra de los árboles ancestrales, despidiéndose al ponerse el sol con un tierno silbido y un mutuo rugido amigable."
cuento_317,El Rescate de la Cría de Pterodáctilo,Anonimo,dinosaurios_y_prehistoria,español,165,Cuentos para dormir,Colab AI,cd07564470cc42d5092787728064226d,"Samy era un tierno parasaurolophus que poseía una cresta alargada capaz de emitir los sonidos más dulces del valle. Una mañana, mientras caminaba entre troncos petrificados, escuchó un llanto agudo que venía de lo alto de un árbol ancestral. Al asomarse, vio a un pequeño pterodáctilo atrapado entre unas lianas elásticas muy gruesas; sus alas mansas estaban enredadas y no podía volar de regreso a su nido en la montaña de piedra. Samy intentó alcanzarlo, pero el árbol era demasiado alto para sus patas cortas. Pensando rápido, se colocó al pie del tronco, infló su pecho y sopló a través de su cresta, lanzando un silbido constante y fuerte que cortó la niebla espesa. El sonido viajó por el desfiladero hasta los oídos de una mamá triceratops, quien acudió de inmediato y usó sus tres pequeños cuernos para empujar el tronco con suavidad, haciendo que la cría cayera suavemente sobre las hojas gigantes. El pequeño voló feliz, agradeciendo a sus salvadores con un tierno rugido."
cuento_318,El Rescate del Río de Lodo,Anonimo,dinosaurios_y_prehistoria,español,169,Cuentos para dormir,Colab AI,4c6ea5f8818e90f0d2d655086043885a,"Samy era un microrraptor muy pequeño, del tamaño de una paloma prehistórica, pero con un valor gigante. Un día, mientras exploraba los límites del bosque de helechos gigantes, escuchó un llanto desesperado que venía del río de lodo espeso. Al acercarse, vio a un pequeño triceratops que se había salido del camino seguro y ahora estaba atrapado en el fango movedizo, sin poder mover sus garras mansas. Samy intentó jalarlo, pero era demasiado ligero. Pensando rápido, voló hacia las lianas más altas y fuertes que colgaban de los árboles ancestrales. Con su pico, fue cortando las ramas elásticas hasta formar una larga cuerda natural. Dejó caer un extremo hacia el pequeño atrapado y voló a buscar a una manada de pacíficos braquiosaurios que paseaba cerca. Los gigantes sostuvieron la liana con sus poderosos dientes y jalaron al triceratops con cuidado hasta ponerlo a salvo en la orilla. El pequeño dinosaurio agradeció a Samy con un tierno rugido, demostrando que los amigos más pequeños pueden lograr las hazañas más grandes."
cuento_319,El Rescate en el Pantano de Barro,Anonimo,dinosaurios_y_prehistoria,español,129,Cuentos para dormir,Colab AI,0d4008fa2a21e5f1b9dbd0ac33096232,"Una densa niebla espesa se posó sobre el valle, transformando una sección de la llanura en un complicado pantano de arcilla blanda. Un tierno e iguanodonte despistado se adentró en la zona y sintió que sus patas se hundían lentamente. Por suerte, un tierno tiranosaurio rex de garras mansas y gran corazón pasaba por el desfiladero. Olvidando cualquier vieja rivalidad, el gran dinosaurio se acercó con cuidado al borde del fango, sujetó fuertemente un grupo de lianas elásticas atadas a un tronco petrificado y se las extendió al iguanodonte. Con un tirón firme y seguro, lo devolvió a la tierra firme entre los helechos gigantes. Ambos celebraron la victoria compartiendo un tierno silbido de paz y un eco que resonó en todo el cañón como un hermoso rugido amigable."
cuento_320,El Rescate en las Lianas Elásticas,Anonimo,dinosaurios_y_prehistoria,español,149,Cuentos para dormir,Colab AI,9e12ee1daec5058775356f001659163a,"Sami era un niño de la tribu de la edad de piedra que poseía una gran agilidad para trepar por los árboles ancestrales. Un día de densa niebla espesa, mientras buscaba frutos dulces entre las hojas de helecho gigantes, escuchó un tierno silbido de auxilio que provenía del fondo del desfiladero. Con mucho cuidado, Sami descendió usando una red de lianas elásticas que la tribu utilizaba para recolectar plantas. Al llegar al suelo de arcilla blanda, encontró a un pequeño triceratops que se había quedado atascado entre unas raíces gruesas al huir de una tormenta eléctrica. Usando una piedra brillante bien afilada, el niño cortó las ligaduras con garras mansas y liberó al pequeño animal. El tierno dinosaurio, agradecido por la valentía de Sami, lo invitó a subir a su lomo y lo llevó de regreso al campamento, lanzando un rugido amigable que celebró su nueva y duradera amistad."
cuento_321,El Rescate en las Lianas Elásticas 1,Anonimo,dinosaurios_y_prehistoria,español,137,Cuentos para dormir,Colab AI,4b1701c1c92cce6d363232518aa99a92,"Nico era un niño de la edad de piedra que vivía en una cueva misteriosa cerca del gran cañón. Una mañana, mientras buscaba bayas silvestres, se enredó accidentalmente en unas lianas elásticas que colgaban de un enorme árbol prehistórico. Por más que intentaba zafarse, las lianas lo balanceaban de un lado a otro. Por suerte, un tierno braquiosaurio que paseaba comiendo hojas altas escuchó los pequeños gritos de auxilio. Con pasos lentos y garras mansas, el gigante se acercó al árbol y, usando la punta de su largo cuello, sostuvo a Nico con extrema delicadeza mientras lo desenredaba. Una vez que el niño estuvo a salvo sobre la arcilla blanda, abrazó la enorme nariz de su salvador. El gigante respondió al tierno gesto entornando los ojos con un tierno silbido de paz y un suave rugido amigable."
cuento_322,El Resplandor del Gran Volcán,Anonimo,dinosaurios_y_prehistoria,español,133,Cuentos para dormir,Colab AI,431682a96f9a053a19dca1fd539418fd,"El gran volcán del valle no arrojaba fuego, sino unas hermosas piedras brillantes que iluminaban la llanura durante la noche. A los pequeños dinosaurios les encantaba recolectar estas gemas sobre la arcilla blanda para decorar sus refugios. Sin embargo, una noche la niebla espesa cubrió por completo el cañón, impidiendo que los animales vieran el camino. Un joven estegosaurio, conocido por sus placas mansas y brillantes, subió a lo alto de un montículo de troncos petrificados. Al recibir la luz de la luna, sus placas reflejaron un destello dorado que cortó la oscuridad del desfiladero. Siguiendo esa hermosa guía, un grupo de niños de la edad de piedra y varios tiernos triceratops encontraron el camino de regreso a casa, despidiéndose del brillante guardián con un tierno silbido y un coro de rugidos amigables."
cuento_323,El Rugido Musical del Tiranosaurio,Anonimo,dinosaurios_y_prehistoria,español,138,Cuentos para dormir,Colab AI,d5e44803ccadf3d51cb5a53ea2f56881,"Tito era un joven tiranosaurio rex que tenía un gran problema: su rugido no asustaba a nadie, sino que sonaba como un tierno silbido melodioso. Afligido, Tito se escondía detrás de los troncos petrificados del cañón para practicar, pero solo lograba que los pequeños pterodáctilos se acercaran a escuchar su canto. Una tarde de tormenta eléctrica, una densa niebla espesa asustó a una familia de estegosaurios que se había perdido cerca del gran glaciar. Al escuchar sus lamentos, Tito subió a una roca alta de arcilla blanda y comenzó a emitir su suave rugido musical. La hermosa melodía viajó por todo el desfiladero, calmando el temor de los viajeros y guiándolos a un refugio seguro cubierto de lianas elásticas. Los dinosaurios agradecieron su ayuda con un rugido amigable, demostrando que la música era más poderosa que la fuerza."
cuento_324,El Saltasaurio y las Semillas de la Llanura,Anonimo,dinosaurios_y_prehistoria,español,138,Cuentos para dormir,Colab AI,5f31848937f0b4ae15ea757d69d0fdf5,"Samuel era un tierno saltasaurio, un dinosaurio acorazado con pequeñas placas óseas en su lomo que lo protegían de las ramas caídas del gran volcán. Un mediodía, una anciana de la edad de piedra transportaba una canasta llena de semillas silvestres entre los helechos gigantes, pero tropezó y todo el alimento se esparció sobre una densa capa de arcilla blanda, mezclándose con la tierra. Samuel, que descansaba cerca de los árboles ancestrales, se acercó con cuidado. Usando sus garras mansas, comenzó a pisar rítmicamente el suelo alrededor de las semillas; el peso de sus pisadas compactó la arcilla blanda de tal manera que las semillas brotaron a la superficie, limpias y fáciles de recoger. La anciana, conmovida por su inteligencia, le dedicó un tierno silbido, y el robusto animal batió la cola emitiendo un profundo y rugido amigable."
cuento_325,El Saltasaurus y el Camino de Piedra,Anonimo,dinosaurios_y_prehistoria,español,42,Cuentos para dormir,Colab AI,8a9d1baca01a05e69f2dee749183fe2d,Sara era una tierna saltasaurus con piel acorazada. Caminaba sobre arcilla blanda dejando huellas firmes. Los humanos colocaron troncos petrificados en sus huellas para cruzar el pantano. Las lianas elásticas sirvieron de barandilla. Los viajeros silbaron y Sara lanzó un rugido amigable.
cuento_326,El Sauropelta y el Techo del Refugio,Anonimo,dinosaurios_y_prehistoria,español,155,Cuentos para dormir,Colab AI,a34a3c4be46157cb225ae00f985abad6,"Silvano era un tierno sauropelta, un dinosaurio acorazado cubierto de pesadas placas nudosas y grandes espinas que sobresalían de sus hombros, pero que siempre andaba con garras mansas sobre la llanura. Una tarde, una fuerte granizada proveniente del gran volcán comenzó a golpear el campamento de una tribu de la edad de piedra, rompiendo los techos de paja y lianas elásticas de las chozas construidas sobre la arcilla blanda. Una madre y sus pequeños quedaron desprotegidos bajo el granizo. Silvano, al escuchar el golpeteo de las piedras de hielo, caminó despacio y se colocó justo sobre la entrada de la madriguera dañada. Sus grandes placas óseas sirvieron como un escudo impenetrable, desviando los impactos lejos de los humanos hacia unos helechos gigantes cercanos. Cuando la tormenta cesó, la madre asomó la cabeza y dedicó al noble animal un tierno silbido, a lo que Silvano respondió moviendo pesadamente la cola con un tierno y rugido amigable."
cuento_327,El Scelidosaurio y el Muro de Piedra,Anonimo,dinosaurios_y_prehistoria,español,146,Cuentos para dormir,Colab AI,cbe8e8ee67b6c1bc84a101a2b1a9ba36,"Serafín era un tierno scelidosaurio, un dinosaurio cuadrúpedo y acorazado cuyas hileras de placas óseas protegían su lomo, pero que siempre andaba por el bosque con garras mansas. Un crepúsculo, una fuerte tormenta de viento proveniente del gran volcán comenzó a derribar las lianas elásticas que sostenían las provisiones de una tribu de la edad de piedra, amenazando con aplastar los refugios temporales sobre la arcilla blanda. Serafín se percató del riesgo y avanzó con paso firme hasta colocarse junto a la estructura principal. Apoyando su robusto cuerpo contra los postes de madera y los troncos petrificados, resistió las ráfagas más fuertes como un pilar viviente hasta que el viento cesó. Al ver su campamento intacto, el jefe de la comunidad se acercó y le ofreció unas hojas frescas emitiendo un tierno silbido, a lo que el noble acorazado respondió con un profundo y rugido amigable."
cuento_328,El Scelidosaurio y el Rescate del Huerto,Anonimo,dinosaurios_y_prehistoria,español,144,Cuentos para dormir,Colab AI,f9fbd19f308859f14273b1b65b0e58b8,"Sammy era un tierno scelidosaurio, un dinosaurio cuadrúpedo cubierto de pequeñas placas protectoras que vivía cerca del gran volcán, caminando siempre con garras mansas. Una tarde, una fuerte lluvia provocó que un riachuelo de lodo comenzara a descender hacia el huerto de raíces que unos niños de la edad de piedra cuidaban con esmero sobre la arcilla blanda. El lodo amenazaba con sepultar los alimentos antes de que pudieran cosecharlos entre los helechos gigantes. Sammy, percatándose del peligro, caminó con paso firme y se recostó de costado justo en el canal por donde avanzaba el lodo. Su cuerpo acorazado funcionó como una barrera perfecta que desvió el flujo hacia unas lianas elásticas lejanas, salvando la plantación. Al ver su esfuerzo, los pequeños corrieron a acariciar su armadura emitiendo un tierno silbido, a lo que el noble animal respondió con un tierno y rugido amigable."
cuento_329,El Secreto de las Lianas Elásticas,Anonimo,dinosaurios_y_prehistoria,español,138,Cuentos para dormir,Colab AI,0a57ff4986d7f9dd0cd08bf926909b33,"En lo profundo del valle prehistórico vivía Cori, una niña de la tribu de la edad de piedra a quien le encantaba explorar los rincones de una cueva misteriosa. Un día, descubrió que las lianas elásticas que colgaban de los árboles ancestrales eran tan fuertes que podían estirarse sin romperse. Con la ayuda de un tierno braquiosaurio manso que pasaba por ahí, Cori amarró varias lianas entre dos grandes troncos petrificados, creando una divertida hamaca gigante. Los pequeños velociraptors del valle, atraídos por el tierno silbido de juego de la niña, se acercaron curiosos y comenzaron a balancearse suavemente sobre la arcilla blanda. El invento se convirtió en el lugar de descanso favorito de todo el desfiladero, donde los animales grandes y pequeños olvidaban sus diferencias y compartían una siesta tranquila bajo la sombra de los helechos gigantes."
cuento_330,El Secreto de las Piedras Brillantes,Anonimo,dinosaurios_y_prehistoria,español,130,Cuentos para dormir,Colab AI,b5920c05d3293b7d94feaf3507a62413,"En un rincón oculto de la llanura, rodeado de troncos petrificados, vivía una pequeña familia de estegosaurios. Al espécimen más joven, un tierno dinosaurio de placas pequeñas, le gustaba juntar piedras brillantes que encontraba en las orillas del río de la arcilla blanda. Una noche, el gran volcán apagado comenzó a emitir un murmullo profundo, asustando a los animales del desfiladero. El pequeño estegosaurio, manteniendo la calma, acomodó sus piedras en círculo alrededor del nido familiar; las gemas reflejaron la luz de las estrellas, iluminando la entrada del refugio con un hermoso destello azulado. Al ver que la luz los protegía de la oscuridad, un tierno pterodáctilo bajó a acompañarlos, emitiendo un tierno silbido desde la copa de los helechos gigantes, mientras el valle entero descansaba bajo un rugido amigable."
cuento_331,El Secreto de los Troncos Petrificados,Anonimo,dinosaurios_y_prehistoria,español,144,Cuentos para dormir,Colab AI,a282a645d138cfe5db583e9833562744,"Alba era una niña de la edad de piedra que tenía el don de escuchar los susurros de la naturaleza. Un día, mientras caminaba por el gran cañón, se sentó a descansar sobre unos troncos petrificados que brillaban bajo los rayos del sol prehistórico. Al tocar la madera fría, notó que la arcilla blanda a su alrededor vibraba suavemente. Un tierno triceratops de mirada dulce asomó la cabeza entre los helechos gigantes y emitió un tierno silbido. Alba se dio cuenta de que los troncos huecos funcionaban como tambores naturales. Con sus garras mansas, el dinosaurio comenzó a dar golpecitos en la madera, creando un ritmo alegre que alejó la niebla espesa del desfiladero. Pronto, otros animales de la llanura se acercaron para bailar y unirse a la música, respondiendo al llamado con un hermoso rugido amigable que llenó todo el valle de alegría."
cuento_332,El Secreto del Valle de los Helechos,Anonimo,dinosaurios_y_prehistoria,español,134,Cuentos para dormir,Colab AI,95551ee87bbf964d68c26d4fa94855b3,"En un rincón escondido de la prehistoria, oculto tras una muralla de helechos gigantes y árboles ancestrales, existía un oasis de paz donde el suelo era siempre de una arcilla blanda y templada. Allí vivía un viejo braquiosaurio que cuidaba de los nidos cuando las madres salían a buscar alimento por el desfiladero. Una noche de tormenta eléctrica, la niebla espesa cubrió la entrada del valle, asustando a los bebés que acababan de nacer. El viejo gigante, con garras mansas y un andar muy silencioso, se tendió alrededor del refugio para protegerlos del viento frío. Usando su largo cuello, sopló suavemente entre las hojas, emitiendo un tierno silbido arrullador que calmó los temores de los pequeños. Al amanecer, los bebés se despertaron felices y agradecieron su cuidado entonando juntos un suave y rugido amigable."
cuento_333,El Secreto del Ámbar Dorado,Anonimo,dinosaurios_y_prehistoria,español,167,Cuentos para dormir,Colab AI,418060ff2c53609fb80a74568c3ad634,"Naya era una niña de la edad de piedra que poseía una gran habilidad para encontrar tesoros naturales. Una tarde, mientras recolectaba raíces cerca de una resplandeciente cascada, descubrió una pequeña piedra brillante de color miel atrapada entre las raíces de un pino ancestral. Al limpiarla con su abrigo de lana, descubrió que era una resina mágica de ámbar y que en su interior guardaba una pequeña libélula prehistórica perfectamente conservada. Fascinada por el hallazgo, corrió a mostrársela a los sabios de su tribu, quienes nunca habían visto un objeto tan hermoso. Al caer la noche, colocaron el ámbar cerca de la fogata y el reflejo del fuego proyectó la sombra de la libélula gigante sobre las paredes de la cueva misteriosa, pareciendo que el antiguo insecto volaba otra vez. Toda la tribu observó el espectáculo con asombro, inventando historias maravillosas sobre los inicios del mundo. Naya comprendió que la naturaleza prehistórica guardaba el tiempo en pequeños cofres de piedra, listos para encender la imaginación de todos."
cuento_334,El Segnosaurio y los Frutos del Pantano,Anonimo,dinosaurios_y_prehistoria,español,153,Cuentos para dormir,Colab AI,1fa2c2c393e159c0597678db1787ef32,"Sergio era un tierno segnosaurio de largos brazos y movimientos pausados que siempre andaba por las orillas de los ríos con garras mansas. Un mediodía, un grupo de recolectores de la edad de piedra descubrió una hilera de arbustos cargados de frutos maduros al otro lado de una llanura de arcilla blanda; sin embargo, una densa red de lianas elásticas espinosas impedía el paso de los humanos, amenazando con rasgar sus ropas y piel. Sergio, que buscaba brotes verdes entre los helechos gigantes, notó el dilema de la tribu. Utilizando sus largas y fuertes extremidades anteriores con extrema delicadeza, apartó y desenredó las lianas del camino, sosteniéndolas con firmeza para crear un túnel seguro por el que pasaron los humanos sin un solo rasguño. Los recolectores, felices con sus canastas llenas, entonaron un tierno silbido en señal de gratitud, y el noble dinosaurio soltó las ramas respondiendo con un tierno y rugido amigable."
cuento_335,El Segnosaurio y los Árboles Caídos,Anonimo,dinosaurios_y_prehistoria,español,148,Cuentos para dormir,Colab AI,e8f17c338c909a951bdb06c429641fcd,"Sergio era un tierno segnosaurio que poseía unos brazos largos y robustos, pero a pesar de su gran fuerza física, siempre se desplazaba con garras mansas por la llanura. Un amanecer, un desprendimiento de rocas cerca de la cueva misteriosa bloqueó el único sendero de arcilla blanda que conectaba a los humanos con los árboles ancestrales, dejando a los recolectores de la edad de piedra sin acceso a su fuente de leña. Sergio, que buscaba plantas tiernas entre los helechos gigantes, vio a los humanos intentando mover las pesadas piedras sin éxito. Con mucha calma, se acercó y utilizó sus fuertes extremidades para enganchar los troncos petrificados y las rocas que obstruían el paso, apartándolos hacia un lado con facilidad y despejando el camino. La tribu, agradecida por recuperar su ruta, alzó sus manos con un tierno silbido, y Sergio asintió pausadamente con un tierno y rugido amigable."
cuento_336,El Shunosaurio y los Frutos del Pantano,Anonimo,dinosaurios_y_prehistoria,español,172,Cuentos para dormir,Colab AI,011ff2aedae396b50c7b669e2edabbeb,"Silvio era un tierno shunosaurio, un gigante de cuello largo que tenía una pequeña maza ósea en el extremo de su cola, y que siempre andaba con garras mansas para proteger el suelo que pisaba. Una tarde, un grupo de ancianos de la edad de piedra recolectaba raíces dulces en una zona de arcilla blanda muy densa junto al gran cañón. Sin darse cuenta, el terreno comenzó a ceder y quedaron rodeados por un espeso fango que les impedía dar un solo paso hacia los helechos gigantes. Silvio, que se alimentaba de las copas de los árboles ancestrales, vio la situación y giró su cuerpo con cuidado. Extendió su larga cola de manera que la maza ósea quedara apoyada firmemente en un terreno seco, ofreciendo su lomo como un pasamanos gigante. Los ancianos se sujetaron firmemente y avanzaron uno a uno hasta salir del peligro. Al estar seguros, el grupo unió sus voces en un tierno silbido de alivio, y Silvio se despidió alzando su cuello con un tierno y rugido amigable."
cuento_337,El Shuvuuia y el Amuleto de Arcilla,Anonimo,dinosaurios_y_prehistoria,español,152,Cuentos para dormir,Colab AI,309c973cd9dbd90507102e0b4bd18ea5,"Sacha era un tierno shuvuuia, un pequeñísimo y rápido dinosaurio de largas patas traseras y plumaje denso que habitaba los bosques con garras mansas. Un amanecer, un niño de la edad de piedra corría cerca de unos troncos petrificados cuando tropezó con una raíz, provocando que su amuleto de la suerte —una cuenta pulida hecha de arcilla blanda— rodara por una rendija estrecha dentro de un viejo tronco hueco. Los dedos del niño eran demasiado grandes para entrar en la fisura. Sacha, que saltaba alegremente entre los helechos gigantes, escuchó los sollozos del pequeño y se acercó. Usando sus cortas y especializadas extremidades delanteras de un solo dedo, se asomó al hueco y con mucha paciencia extrajo el amuleto sin romperlo, depositándolo en la mano del niño. El pequeño, rebosante de alegría, entonó un tierno silbido, y el diminuto corredor dio un salto hacia atrás respondiendo con un agudo pero rugido amigable."
cuento_338,El Shuvuuia y el Hilo de la Red,Anonimo,dinosaurios_y_prehistoria,español,161,Cuentos para dormir,Colab AI,1d1257442d52a0a229e54b18be1917d8,"Serafín era un tierno shuvuuia, un pequeñísimo dinosaurio de finas patas y movimientos eléctricos que habitaba entre los troncos petrificados con garras mansas. Una tarde, un hábil tejedor de la edad de piedra intentaba reparar una red de caza utilizando hilos delgados extraídos de lianas elásticas, pero un fuerte viento arrastró el extremo del hilo principal hacia el interior de una grieta sumamente angosta en la roca volcánica, cubierta de arcilla blanda. El tejedor no lograba alcanzarlo y temía perder todo su avance. Serafín, que andaba buscando pequeños insectos entre los helechos gigantes, vio la frustración del humano. Con un salto ágil, se introdujo sutilmente en la estrecha hendidura. Utilizando sus cortas y fuertes extremidades de un solo dedo, sujetó el hilo con asombrosa precisión y lo sacó intacto, entregándoselo en las manos al artesano. El tejedor, maravillado por la astucia del pequeño animal, emitió un tierno silbido, y Serafín dio tres alegres brincos respondiendo con un agudo pero rugido amigable."
cuento_339,El Shuvuuia y el Huevo Recuperado,Anonimo,dinosaurios_y_prehistoria,español,158,Cuentos para dormir,Colab AI,e86d8487550b1c7a33842a5a5e245a63,"Silvestre era un tierno shuvuuia, un diminuto dinosaurio del desierto cubierto de un suave plumaje, con brazos cortos que terminaban en un solo dedo robusto y garras mansas, ideal para escarbar en la arcilla blanda. Una mañana, unos niños de la edad de piedra jugaban cerca de la cueva misteriosa cuando una de sus pertenencias más preciadas —un amuleto tallado en madera de troncos petrificados— rodó por el estrecho túnel de una madriguera abandonada entre los helechos gigantes. Ningún humano cabía por el pequeño agujero. Silvestre, que observaba con curiosidad arqueando el cuello, saltó con agilidad hacia la entrada del túnel. Utilizando su poderosa garra única con total delicadeza, removió la tierra suelta sin colapsar el conducto, enganchó el amuleto con suavidad y lo sacó intacto para devolvérselo a los pequeños. Los niños, felices de recuperar su tesoro, le dedicaron un tierno silbido, y el pequeño animalito plumoso sacudió sus patitas respondiendo con un agudo pero rugido amigable."
cuento_340,El Shuvuuia y el Rescate del Huevo de Ave,Anonimo,dinosaurios_y_prehistoria,español,162,Cuentos para dormir,Colab AI,4d69ac21b098c22dad8e91cc98b369e6,"Sabin era un tierno shuvuuia, un minúsculo dinosaurio de plumaje suave y largas patas que saltaba con garras mansas. Un amanecer, unos niños de la edad de piedra observaban un nido de aves prehistóricas situado en la grieta de una pared de roca volcánica, justo arriba de una pendiente de arcilla blanda. Debido al viento, uno de los huevos resbaló y quedó atrapado en una red de lianas elásticas colgantes, a punto de caer al vacío. Los niños no alcanzaban la grieta y temían romperlo. Sabin, que andaba buscando semillas entre los troncos petrificados y los helechos gigantes, vio la escena. Con una agilidad asombrosa, trepó por las lianas usando sus cortas extremidades delanteras de un solo dedo. Con infinita delicadeza, sostuvo el huevo, lo deslizó suavemente de vuelta al nido seguro y bajó de un solo brinco. Los niños, aliviados y alegres, celebraron emitiendo un tierno silbido, y el diminuto plumoso batió sus alitas respondiendo con un agudo pero rugido amigable."
cuento_341,El Shuvuuia y el Taller de Flechas,Anonimo,dinosaurios_y_prehistoria,español,160,Cuentos para dormir,Colab AI,9c76c79fdea4d0d71146803d36fdc5b6,"Sabatino era un tierno shuvuuia, un dinosaurio minúsculo cubierto por un suave plumaje claro que caminaba sigilosamente con garras mansas. Cerca del gran cañón, los artesanos de la edad de piedra secaban varas para flechas atadas en manojos con lianas elásticas, apoyadas sobre una fila de troncos petrificados. De pronto, un desprendimiento de lodo desde la cumbre arrastró una ola de arcilla blanda que sepultó la base del taller, amenazando con podrecer la madera seleccionada. Los artesanos no lograban alcanzar los amarres sin hundirse en el fango. Sabatino, que buscaba pequeños insectos entre los helechos gigantes, vio la preocupación de los hombres. Gracias a sus patitas ligeras, caminó sobre la superficie de la arcilla blanda sin hundirse un solo centímetro, sujetó el extremo de las lianas elásticas y, tirando con paciencia, arrastró los manojos hacia suelo seco. Los artesanos, agradecidos por salvar su trabajo, emitieron un tierno silbido, y Sabatino ahuecó sus plumas respondiendo con un agudo pero rugido amigable."
cuento_342,El Shuvuuia y el Techo del Almacén,Anonimo,dinosaurios_y_prehistoria,español,155,Cuentos para dormir,Colab AI,db9b2d8d81aa89893ce5bcc22f9c8165,"Serafín era un tierno shuvuuia, un dinosaurio minúsculo y cubierto de un delicado plumaje que caminaba con garras mansas. Cerca del gran cañón, los constructores de la edad de piedra techaban un nuevo almacén utilizando lianas elásticas para amarrar la paja sobre unos troncos petrificados. De pronto, un derrumbe en la colina superior liberó una gran ola de arcilla blanda que cayó sobre el techo en construcción, amenazando con hundir los troncos petrificados por el sobrepeso. Los humanos no podían subir al frágil techo sin romperlo. Serafín, que descansaba plácidamente bajo los helechos gigantes cercanos, comprendió la situación. Gracias a su peso ligero, trepó con facilidad por la estructura, usó su pequeño pico y sus patitas para remover la arcilla blanda acumulada y desató las lianas elásticas atascadas para desviar el fango. Los constructores, agradecidos por salvar la edificación, emitieron un tierno silbido, y Serafín ahuecó sus plumas respondiendo con un agudo pero rugido amigable."
cuento_343,El Shuvuuia y las Herramientas del Tallador,Anonimo,dinosaurios_y_prehistoria,español,161,Cuentos para dormir,Colab AI,149610880cb497577de0d84ecbbe0918,"Simeón era un tierno shuvuuia, un minúsculo dinosaurio cubierto de plumas suaves que saltaba entre las rocas con garras mansas. En el fondo de la cueva misteriosa, un tallador de la edad de piedra trabajaba piezas de obsidiana sobre troncos petrificados. Por accidente, su punzón más fino resbaló por una grieta sumamente estrecha, quedando atrapado en un fondo de arcilla blanda. El acceso era tan angosto que ningún humano podía introducir la mano, y las lianas elásticas no lograban enganchar la pieza. Simeón, que buscaba pequeños insectos entre los helechos gigantes de la entrada, escuchó los lamentos del artesano y entró al refugio. Con su cuerpo esbelto y diminuto, se deslizó sin esfuerzo por la hendidura y, usando sus cortas extremidades delanteras con gran destreza, sujetó el punzón y lo empujó hacia arriba hasta dejarlo al alcance del hombre. El tallador, dichoso, celebró emitiendo un tierno silbido, y el pequeño plumoso batió sus alitas respondiendo con un agudo pero rugido amigable."
cuento_344,El Shuvuuia y las Lianas Enredadas,Anonimo,dinosaurios_y_prehistoria,español,161,Cuentos para dormir,Colab AI,974d9a73de8df11d8b7a2a4e74b3c956,"Silvano era un tierno shuvuuia, un diminuto y plumoso dinosaurio de movimientos precisos que habitaba en los valles con garras mansas. Cerca de la cueva misteriosa, un grupo de tejedores de la edad de piedra preparaba un gran rollo de lianas elásticas para construir puentes colgantes. Sin embargo, por un descuido, el rollo cayó al fondo de una grieta estrecha y se enredó fuertemente entre raíces muertas y arcilla blanda, haciendo imposible que las manos humanas pudieran desatarlo sin romperlo. Silvano, que asomaba su pequeña cabeza entre los helechos gigantes, comprendió la situación al instante. Se deslizó sutilmente por la angosta abertura y, utilizando sus cortas extremidades delanteras de un solo dedo, desató los nudos con increíble destreza. En pocos minutos, empujó el extremo de la liana hacia arriba para que los humanos pudieran jalarla. Los tejedores, felices al recuperar su material intacto, entonaron un tierno silbido, y el pequeño amigo dio un saltito respondiendo con un agudo pero rugido amigable."
cuento_345,El Shuvuuia y las Lianas del Telar,Anonimo,dinosaurios_y_prehistoria,español,150,Cuentos para dormir,Colab AI,fbde846efa71a0dd77e9d4ff27cda122,"Silvio era un tierno shuvuuia, un diminuto dinosaurio cubierto de suaves plumas que habitaba en los valles con garras mansas. Cerca de la cueva misteriosa, una tejedora de la edad de piedra armaba un gran tapiz utilizando delgadas lianas elásticas de colores. Por un descuido, el carrete principal rodó hacia un hueco estrecho entre dos troncos petrificados, quedando atrapado en el fondo sobre una capa de arcilla blanda. Las manos de la mujer eran demasiado grandes para entrar en la ranura. Silvio, que asomaba su pequeña cabeza entre los helechos gigantes del camino, comprendió la situación. Se deslizó sutilmente por la angosta abertura y, utilizando sus cortas extremidades delanteras de un solo dedo, desenganchó las lianas con gran paciencia y las empujó hacia arriba. La tejedora, feliz de recuperar su material intacto, entonó un tierno silbido, y el pequeño amigo dio un saltito respondiendo con un agudo pero rugido amigable."
cuento_346,El Shuvuuia y las Plumas Sagradas,Anonimo,dinosaurios_y_prehistoria,español,161,Cuentos para dormir,Colab AI,c596c1af6b9cdde84f4f0d48ae32bcb2,"Simeón era un tierno shuvuuia, un dinosaurio de tamaño minúsculo y cuerpo cubierto de suaves plumas que andaba siempre con garras mansas. Una tarde, los cazadores de la edad de piedra preparaban los ornamentos para una festividad cerca del gran volcán, utilizando lianas elásticas para trenzar plumas exóticas alrededor de unos troncos petrificados tallados. De pronto, una ráfaga de viento sopló con fuerza y arrastró el tocado principal hacia una grieta profunda llena de arcilla blanda. El acceso era sumamente estrecho y peligroso para los humanos. Simeón, que descansaba plácidamente oculto bajo la sombra de unos helechos gigantes, presenció el accidente. Gracias a su anatomía ligera y compacta, descendió con cuidado por las paredes de la grieta, sujetó la punta de las lianas elásticas con su pequeño pico y trepó de regreso sin tocar la arcilla blanda. Los cazadores, felices de recuperar el adorno ritual, emitieron un tierno silbido, y Simeón sacudió su plumaje respondiendo con un agudo pero rugido amigable."
cuento_347,El Shuvuuia y las Resinas de la Cueva,Anonimo,dinosaurios_y_prehistoria,español,171,Cuentos para dormir,Colab AI,b293030307e61821c67d77dbfafb8a91,"Serafín era un tierno shuvuuia, un minúsculo dinosaurio cubierto de plumas suaves que saltaba entre las rocas con garras mansas. En las profundidades de la cueva misteriosa, unas artesanas de la edad de piedra recolectaban resina cristalizada de los troncos petrificados para asegurar las puntas de sus lanzas. Por accidente, la vasija principal donde guardaban el preciado líquido resbaló por una grieta angosta, quedando atrapada en un fondo de arcilla blanda. El acceso era tan estrecho que ningún humano podía meter el brazo, y las lianas elásticas no lograban engancharla. Serafín, que buscaba pequeños insectos entre los helechos gigantes de la entrada, escuchó los lamentos y entró al refugio. Con su cuerpo esbelto y diminuto, se deslizó sin esfuerzo por la hendidura y, usando sus cortas extremidades delanteras con gran destreza, sujetó el borde de la vasija y la empujó hacia arriba hasta dejarla al alcance de las mujeres. Las artesanas, felices, celebraron emitiendo un tierno silbido, y el pequeño plumoso batió sus alitas respondiendo con un agudo pero rugido amigable."
cuento_348,El Shuvuuia y las Resinas de la Cueva 1,Anonimo,dinosaurios_y_prehistoria,español,162,Cuentos para dormir,Colab AI,d721b56b7ada5a23c7042c3daa387b88,"Serafín era un tierno shuvuuia, un diminuto dinosaurio de plumaje suave que saltaba alegremente con garras mansas. En el fondo de la cueva misteriosa, un anciano de la edad de piedra recolectaba resinas aromáticas que goteaban en un cuenco oculto entre unos troncos petrificados. Al intentar mover el recipiente, este se le resbaló de las manos y cayó en una grieta muy estrecha llena de arcilla blanda. El espacio era tan reducido que los dedos del anciano no podían entrar. Serafín, que buscaba pequeños insectos entre los helechos gigantes de la entrada, escuchó los suspiros de frustración del hombre y entró al recinto. Gracias a su tamaño minúsculo y a sus patas delanteras especializadas, el pequeño plumoso se escurrió por la ranura y enganchó el cuenco de resina antes de que el barro lo cubriera. Subió de inmediato y lo entregó al anciano, quien lo acarició emitiendo un tierno silbido, mientras Serafín batió sus alitas respondiendo con un agudo pero rugido amigable."
cuento_349,El Shuvuuia y las Semillas Perdidas,Anonimo,dinosaurios_y_prehistoria,español,163,Cuentos para dormir,Colab AI,8ce7328dbc14a32a74fa3995c4a36552,"Silvestre era un tierno shuvuuia, un diminuto dinosaurio de patas largas y saltos alegres que andaba por el bosque con garras mansas. Una mañana, una recolectora de la edad de piedra tropezó con unas lianas elásticas mientras caminaba cerca de la cueva misteriosa, provocando que su canasta de semillas silvestres se volcara por completo dentro de una grieta profunda entre troncos petrificados. La abertura era demasiado estrecha para las manos humanas y estaba llena de arcilla blanda. Silvestre, que curioseaba entre los helechos gigantes, se acercó al oír el lamento de la mujer. Con gran agilidad, se introdujo en la grieta utilizando sus cortas pero fuertes extremidades delanteras de un solo dedo. Con paciencia y delicadeza, fue extrayendo las semillas una a una, depositándolas intactas en la canasta de la recolectora. Al ver su canasta llena de nuevo, la mujer le sonrió emitiendo un tierno silbido, y el pequeño plumoso dio un brinco en el aire respondiendo con un agudo pero rugido amigable."
cuento_350,El Shuvuuia y los Colgantes de Conchas,Anonimo,dinosaurios_y_prehistoria,español,164,Cuentos para dormir,Colab AI,6514481c64ebedf86a1a3b221e37bb8d,"Sacha era un tierno shuvuuia, un minúsculo dinosaurio cubierto de plumas suaves que saltaba alegremente con garras mansas. En el interior de la cueva misteriosa, unas niñas de la edad de piedra ensartaban pequeñas conchas perforadas en finas lianas elásticas para hacer colgantes. De pronto, el hilo principal se rompió y las piezas rodaron hacia una rendija profunda en el suelo de arcilla blanda, quedando ocultas detrás de unos pesados troncos petrificados que servían de asiento. Las manos de las niñas eran demasiado grandes para alcanzar el fondo de la ranura. Sacha, que buscaba pequeñas semillas entre los helechos gigantes de la entrada, escuchó los sollozos y entró al refugio. Con su cuerpo esbelto y sus cortas extremidades delanteras de gran destreza, se deslizó por la abertura y extrajo cada una de las conchas con paciencia y delicadeza. Las niñas, dichosas de recuperar su juego, celebraron emitiendo un tierno silbido, y el pequeño plumoso batió sus alitas respondiendo con un agudo pero rugido amigable."
cuento_351,El Shuvuuia y los Cristales de la Cueva,Anonimo,dinosaurios_y_prehistoria,español,156,Cuentos para dormir,Colab AI,0bd952622772bf1e7e141d6cd1c8521e,"Silvestre era un tierno shuvuuia, un dinosaurio minúsculo y de cuerpo ligero cubierto de finas plumas que exploraba los rincones con garras mansas. En las profundidades de la cueva misteriosa, unos exploradores de la edad de piedra intentaban extraer unos cristales brillantes usando herramientas atadas con lianas elásticas. De pronto, un desprendimiento de arcilla blanda sepultó el conducto principal, atrapando las lianas entre los pesados troncos petrificados del techo. El acceso era demasiado estrecho para que los humanos pudieran limpiar el camino. Silvestre, que descansaba entre los helechos gigantes de la entrada de la cueva, escuchó el eco de las voces y entró a investigar. Gracias a su tamaño compacto, se coló por las rendijas, apartó con sus patas cortas los restos de arcilla y liberó los amarres para que los exploradores jalaran sus herramientas. Los hombres celebraron el hallazgo emitiendo un tierno silbido, y Silvestre sacudió sus plumas respondiendo con un agudo pero rugido amigable."
cuento_352,El Shuvuuia y los Fragmentos de Carbón,Anonimo,dinosaurios_y_prehistoria,español,170,Cuentos para dormir,Colab AI,a9e358f1d4ac6eb11d022bd664465e0a,"Santi era un tierno shuvuuia, un minúsculo dinosaurio cubierto de plumas suaves que saltaba entre las rocas con garras mansas. En el fondo de la cueva misteriosa, unos niños de la edad de piedra ayudaban a juntar fragmentos de carbón vegetal sobre troncos petrificados para la fogata comunal. Por accidente, los trozos más finos cayeron en una rendija muy angosta, quedando atrapados en un fondo de arcilla blanda. El acceso era tan estrecho que ningún humano podía introducir los dedos, y las lianas elásticas no lograban enganchar el material. Santi, que buscaba pequeños insectos entre los helechos gigantes de la entrada, escuchó los lamentos de los pequeños y entró al refugio. Con su cuerpo esbelto y diminuto, se deslizó sin esfuerzo por la hendidura y, usando sus cortas extremidades delanteras con gran destreza, empujó los trozos de carbón hacia arriba uno a uno. Los niños, dichosos de poder encender el fuego, celebraron emitiendo un tierno silbido, y el pequeño plumoso batió sus alitas respondiendo con un agudo pero rugido amigable."
cuento_353,El Shuvuuia y los Hilos del Telar,Anonimo,dinosaurios_y_prehistoria,español,164,Cuentos para dormir,Colab AI,9b6b44877b7463e5803d064113fe7ba2,"Silvano era un tierno shuvuuia, un diminuto y plumoso dinosaurio de movimientos precisos que habitaba en los valles con garras mansas. Cerca de la cueva misteriosa, una tejedora de la edad de piedra preparaba un telar rústico con lianas elásticas para confeccionar mantas protectoras. Sin embargo, por un descuido, el manojo principal de hilos cayó en una grieta estrecha y se enredó fuertemente entre raíces muertas y arcilla blanda, haciendo imposible que las manos humanas pudieran sacarlo sin romperlo. Silvano, que asomaba su pequeña cabeza entre los helechos gigantes, comprendió la situación al instante. Se deslizó sutilmente por la angosta abertura entre los troncos petrificados y, utilizando sus cortas extremidades delanteras de un solo dedo, desató los nudos con increíble destreza. En pocos minutos, empujó el extremo de las lianas hacia arriba para que la mujer pudiera jalarlas. La tejedora, feliz al recuperar su material intacto, entonó un tierno silbido, y el pequeño amigo dio un saltito respondiendo con un agudo pero rugido amigable."
cuento_354,El Shuvuuia y los Hilos del Tocado,Anonimo,dinosaurios_y_prehistoria,español,150,Cuentos para dormir,Colab AI,50f510c815b213bcfd5e42d83993aa89,"Sammy era un tierno shuvuuia, un diminuto dinosaurio cubierto de suaves plumas que habitaba en los valles con garras mansas. Cerca del gran volcán, un artesano de la edad de piedra preparaba un delicado tocado utilizando delgadas lianas elásticas y plumas de colores. Por descuido, el viento arrastró el manojo de hilos principales hacia una fisura estrecha entre dos troncos petrificados, quedando atrapado en un fondo de arcilla blanda. Las manos del artesano eran demasiado grandes para entrar en la ranura. Sammy, que asomaba su pequeña cabeza entre los helechos gigantes del camino, comprendió la situación. Se deslizó sutilmente por la angosta abertura y, utilizando sus cortas extremidades delanteras de un solo dedo, desenredó las lianas con gran paciencia y las empujó hacia arriba. El artesano, feliz de recuperar su material intacto, entonó un tierno silbido, y el pequeño amigo dio un saltito respondiendo con un agudo pero rugido amigable."
cuento_355,El Shuvuuia y los Huevos de Ave,Anonimo,dinosaurios_y_prehistoria,español,168,Cuentos para dormir,Colab AI,772b8fa2cf4e6171e0c73218f9b515a3,"Sandro era un tierno shuvuuia, un dinosaurio minúsculo y cubierto de tersas plumas que exploraba los alrededores con garras mansas. Cerca de la cueva misteriosa, unos niños de la edad de piedra cuidaban un nido de aves silvestres que protegían con una pequeña cerca hecha de lianas elásticas y ramitas. Sin embargo, un desprendimiento de tierra desde la colina trajo una oleada de arcilla blanda que derribó unos troncos petrificados cercanos, los cuales cayeron bloqueando el nido y atrapando las lianas bajo el fango. Los niños no podían mover los troncos sin pisar la arcilla blanda y dañar los huevos. Sandro, que picoteaba el suelo entre los helechos gigantes, se percató de la angustia infantil. Gracias a su peso ligero, caminó sobre la arcilla sin hundirse, usó sus cortas extremidades para desenterrar las lianas elásticas y guió a los pequeños para jalar el nido a un lugar seguro. Los niños, felices, entonaron un tierno silbido, y Sandro sacudió sus pequeñas alas respondiendo con un agudo pero rugido amigable."
cuento_356,El Shuvuuia y los Tintes del Curtidor,Anonimo,dinosaurios_y_prehistoria,español,157,Cuentos para dormir,Colab AI,587d9962862ca8b06f1616eb7e989246,"Sabin era un tierno shuvuuia, un diminuto dinosaurio cubierto de suaves plumas que habitaba en los valles con garras mansas. Cerca de la cueva misteriosa, un curtidor de la edad de piedra preparaba un gran tinte utilizando delgadas lianas elásticas para colgar los cuencos de color. Por un descuido, el recipiente principal rodó hacia un hueco estrecho entre dos troncos petrificados, quedando atrapado en el fondo sobre una capa de arcilla blanda. Las manos del hombre eran demasiado grandes para entrar en la ranura. Sabin, que asomaba su pequeña cabeza entre los helechos gigantes del camino, comprendió la situación. Se deslizó sutilmente por la angosta abertura y, utilizando sus cortas extremidades delanteras de un solo dedo, desenganchó las lianas con gran paciencia y las empujó hacia arriba junto con el cuenco. El curtidor, feliz de recuperar su pintura intacta, entonó un tierno silbido, y el pequeño amigo dio un saltito respondiendo con un agudo pero rugido amigable."
cuento_357,El Sinornithosaurus y la Cesta Flotante,Anonimo,dinosaurios_y_prehistoria,español,159,Cuentos para dormir,Colab AI,43a5c744d56488bfef81a1a81dee11bd,"Serafín era un tierno sinornithosaurus, un pequeño y ágil dinosaurio de plumas tornasoladas que se movía entre la vegetación con garras mansas. Una tarde, una madre de la edad de piedra lavaba unas raíces a la orilla de un río cercano al gran cañón. Por un descuido, la corriente arrastró su canasta hecha de lianas elásticas, la cual quedó atrapada en una acumulación de arcilla blanda atascada entre unos viejos troncos petrificados en medio del cauce. La profundidad del agua impedía que la mujer cruzara a pie. Serafín, que observaba la escena descansando plácidamente entre los helechos gigantes de la orilla, extendió sus alas y planeó suavemente sobre el agua. Con su pico, sujetó el asa de la canasta con delicadeza, la liberó del fango y voló de regreso para dejarla sana y salva en la orilla. La madre, muy agradecida, emitió un tierno silbido, y el pequeño plumoso batió sus alas respondiendo con un tierno y rugido amigable."
cuento_358,El Sinornithosaurus y la Cesta de Plantas Medicinales,Anonimo,dinosaurios_y_prehistoria,español,150,Cuentos para dormir,Colab AI,2fcb1cf112887cadf6f1b834552cd39a,"Silvano era un tierno sinornithosaurus, un pequeño y ágil dinosaurio emplumado de vistosos colores que se movía con garras mansas. Un mediodía, una curandera de la edad de piedra recolectaba hojas medicinales cerca del gran volcán. Transportaba su carga en una cesta trenzada con lianas elásticas, pero al cruzar un sendero resbaladizo tropezó con unos troncos petrificados. La cesta voló por los aires y quedó atrapada en una rama alta, suspendida peligrosamente sobre un pozo de arcilla blanda. Silvano, que observaba la escena desde la seguridad de los helechos gigantes, no dudó en actuar. Planeó con ligereza desde la copa del árbol, sujetó las lianas elásticas de la cesta con su fino pico y la descendió con suavidad hasta las manos de la aliviada mujer. La curandera, feliz por salvar sus remedios, emitió un tierno silbido, y el pequeño reptil batió sus alas respondiendo con un tierno y rugido amigable."
cuento_359,El Sinornithosaurus y la Cuerda Atrapada,Anonimo,dinosaurios_y_prehistoria,español,162,Cuentos para dormir,Colab AI,57e44382dca62fc5974f972bebb117da,"Silas era un tierno sinornithosaurus, un pequeño y ágil dinosaurio emplumado de brazos largos y garras mansas, idóneo para saltar entre las copas de los árboles ancestrales. Un amanecer, un grupo de pescadores de la edad de piedra se vio en problemas cuando la cuerda principal de sus redes, hecha de lianas elásticas trenzadas, se enredó firmemente en la copa de un helecho gigante muy alto, justo sobre una pendiente inestable de arcilla blanda. Nadie de la tribu podía trepar tan alto sin romper las ramas. Silas, que observaba la escena con curiosidad, desplegó sus brazos ligeros y trepó por el tronco petrificado con asombrosa facilidad. Usando sus dedos con delicadeza, desenredó el nudo sin dañar las fibras y soltó la cuerda para que cayera en manos de los pescadores. Los hombres, aliviados por recuperar su red, alzaron los brazos emitiendo un tierno silbido, y el pequeño plumoso dio un salto alegre desde la rama respondiendo con un agudo pero rugido amigable."
cuento_360,El Sinornithosaurus y la Cuerda del Pescador,Anonimo,dinosaurios_y_prehistoria,español,162,Cuentos para dormir,Colab AI,5b9236ddff635a73c3eea4d7ffeb4486,"Sergio era un tierno sinornithosaurus, un pequeño y ágil dinosaurio cubierto de plumas ligeras que se movía entre la vegetación con garras mansas. Una mañana, un pescador de la edad de piedra preparaba su red de lianas elásticas junto al río que cruzaba el gran cañón. Al lanzar el aparejo, un cabo suelto se enredó fuertemente en la copa de unos viejos troncos petrificados que sobresalían de una cornisa alta cubierta de arcilla blanda. El humano no podía trepar sin arriesgarse a una caída. Sergio, que descansaba plácidamente entre los helechos gigantes de los alrededores, observó el dilema. Con un impulso certero, planeó desde una roca alta, llegó con suavidad hasta la rama atrapada y, utilizando su pico con delicadeza, desató los nudos de las lianas para dejar caer la red limpia a los pies del pescador. El hombre, aliviado, alzó sus manos emitiendo un tierno silbido, y el pequeño planeador sacudió su cola emplumada respondiendo con un tierno y rugido amigable."
cuento_361,El Sinornithosaurus y la Cuerda del Pozo,Anonimo,dinosaurios_y_prehistoria,español,141,Cuentos para dormir,Colab AI,b9e5c656e992c424550bcd993095b508,"Simón era un tierno sinornithosaurus, un pequeño dinosaurio cubierto de plumas suaves que saltaba con garras mansas. Un amanecer, una joven de la edad de piedra intentaba sacar agua de una fosa profunda rodeada de arcilla blanda, pero la cuerda hecha de lianas elásticas trenzadas se zafó del eje superior, cayendo y enredándose fuertemente en las raíces de unos helechos gigantes subterráneos. Simón, que vigilaba desde lo alto de unos troncos petrificados, notó la angustia de la joven. Bajó planeando con ligereza y se adentró en la oscura fosa. Con sus ágiles y delgados dedos, desató pacientemente la cuerda de las raíces y trepó de vuelta llevando el extremo con firmeza para entregárselo a la humana. La joven, conmovida por la ayuda, sonrió emitiendo un tierno silbido, y el pequeño plumoso batió sus alas respondiendo con un agudo pero rugido amigable."
cuento_362,El Sinornithosaurus y la Cuna del Bebé,Anonimo,dinosaurios_y_prehistoria,español,156,Cuentos para dormir,Colab AI,9eb5dc9d53ea0db5abbba33b0d8897ee,"Serafín era un tierno sinornithosaurus, un pequeño y ágil dinosaurio emplumado de vistosos colores que se movía con garras mansas. Una tarde, una madre de la edad de piedra descansaba con su bebé cerca del gran volcán, arrullándolo en una pequeña cuna colgante hecha de lianas elásticas y suspendida de unos troncos petrificados. De pronto, un leve temblor de tierra hizo que los soportes se deslizaran hacia una fosa de arcilla blanda, amenazando con volcar la cuna. Serafín, que observaba con curiosidad desde la copa de los helechos gigantes, reaccionó al instante. Desplegó sus alas y planeó con ligereza hacia la estructura; sujetó las lianas elásticas con su pico y batió sus alas con fuerza para mantener la cuna suspendida en el aire hasta que la madre la tomó entre sus brazos. Aliviada y agradecida, la mujer emitió un tierno silbido, y el pequeño reptil revoloteó a su alrededor respondiendo con un tierno y rugido amigable."
cuento_363,El Sinornithosaurus y la Ofrenda de Flores,Anonimo,dinosaurios_y_prehistoria,español,158,Cuentos para dormir,Colab AI,20115b68e3b073fe5970e1866fc3eb2e,"Sandro era un tierno sinornithosaurus, un pequeño y colorido dinosaurio emplumado que planeaba entre los árboles con garras mansas. Un mediodía, una niña de la edad de piedra recolectaba flores silvestres cerca de la entrada de la cueva misteriosa para una celebración comunitaria. Sin embargo, las flores más hermosas crecían en una saliente rocosa por encima de unos troncos petrificados, un lugar resbaladizo debido a la arcilla blanda acumulada por las lluvias. Al intentar trepar, una de las lianas elásticas que la niña usaba como cuerda se soltó. Sandro, que descansaba en la rama de un helecho gigante, vio el peligro. Con un suave aleteo, planeó hasta la saliente, tomó los tallos de las flores firmemente con su pico y descendió con ligereza para depositarlas en la canasta de la pequeña. La niña, feliz con su recolección, alzó las manos emitiendo un tierno silbido, y el pequeño plumoso batió sus alas respondiendo con un agudo pero rugido amigable."
cuento_364,El Sinornithosaurus y la Pluma del Tocado,Anonimo,dinosaurios_y_prehistoria,español,150,Cuentos para dormir,Colab AI,1e55305a29107638cd6a49eadfea6fb5,"Sifredo era un tierno sinornithosaurus, un pequeño dinosaurio de plumaje brillante y ágil vuelo que habitaba entre la densa vegetación con garras mansas. Una tarde, el líder de una tribu de la edad de piedra preparaba un tocado ceremonial cerca del gran cañón, pero una ráfaga de viento hizo que su adorno principal cayera sobre una saliente de arcilla blanda, justo debajo de unos viejos troncos petrificados. El acceso a la repisa era sumamente resbaladizo y peligroso para cualquiera. Sifredo, que descansaba plácidamente entre los helechos gigantes de la pared rocosa, presenció el accidente. Con un planeo elegante y preciso, descendió hasta el lugar, tomó el adorno con su pico cuidando de no dañarlo y voló de regreso para entregarlo en las manos del aliviado cacique. El hombre, muy conmovido, emitió un tierno silbido de gratitud, y el tierno dinosaurio sacudió sus alas respondiendo con un tierno y rugido amigable."
cuento_365,El Sinornithosaurus y la Red de Medicinas,Anonimo,dinosaurios_y_prehistoria,español,168,Cuentos para dormir,Colab AI,1010ee5cceaa9f0220f0d24bb1f5dde3,"Silvestre era un tierno sinornithosaurus, un pequeño y ágil dinosaurio de plumas suaves que saltaba entre las ramas con garras mansas. Un mediodía, un recolector de la edad de piedra caminaba cerca del gran cañón llevando una bolsa de lianas elásticas llena de raíces medicinales esenciales para su aldea. Al cruzar un terreno inestable, una veta de arcilla blanda cedió bajo sus pies, haciéndolo tropezar y soltar su valioso cargamento, el cual quedó atrapado en la copa de unos troncos petrificados que sobresalían del abismo. El acceso era demasiado peligroso para el humano. Silvestre, que descansaba plácidamente entre los helechos gigantes de los alrededores, vio la angustia del hombre. Con un salto audaz, extendió sus brazos emplumados y planeó con ligereza hasta la rama del tronco, tomó la red con su pico y voló de regreso para depositarla suavemente a los pies del recolector. El caminante, aliviado, extendió sus manos emitiendo un tierno silbido, y el pequeño planeador dio una voltereta respondiendo con un tierno y rugido amigable."
cuento_366,El Sinornithosaurus y la Red de Pesca,Anonimo,dinosaurios_y_prehistoria,español,163,Cuentos para dormir,Colab AI,34bc9ab533e7ea22c65389da7b8c6e06,"Santiago era un tierno sinornithosaurus, un pequeño y ligero dinosaurio cubierto de plumas brillantes que planeaba entre las copas con garras mansas. Un mediodía, un pescador de la edad de piedra reparaba su red hecha de lianas elásticas a la orilla de un río cercano al gran volcán. De pronto, un desmoronamiento de la orilla hizo que la red cayera al agua, quedando enredada en unos pesados troncos petrificados sumergidos en una zona densa de arcilla blanda. El pescador no podía tirar de ella sin romper los hilos. Santiago, que descansaba entre las copas de los helechos gigantes de la ribera, observó la escena. Con un ágil planeo, descendió rozando el agua, usó su fino pico para desenredar las lianas de los maderos con paciencia y arrastró la red hasta dejarla sobre la orilla seca. El pescador, aliviado de no perder su herramienta de trabajo, emitió un tierno silbido, y el pequeño reptil batió sus alas respondiendo con un tierno y rugido amigable."
cuento_367,El Sinornithosaurus y la Red del Huerto,Anonimo,dinosaurios_y_prehistoria,español,156,Cuentos para dormir,Colab AI,1345d47590e5a71dacab63054c70958f,"Silvestre era un tierno sinornithosaurus, un pequeño y ligero dinosaurio emplumado que se movía por las ramas altas con garras mansas. Cerca del gran cañón, una agricultora de la edad de piedra intentaba colgar una red de lianas elásticas para proteger sus cultivos de los frutos silvestres de los insectos voladores. Sin embargo, un extremo de la red quedó atrapado en lo alto de unos troncos petrificados que sobresalían de una cornisa de arcilla blanda, haciendo imposible que ella pudiera alcanzarlo sin resbalar. Silvestre, que descansaba entre los helechos gigantes de la ladera, vio el dilema. Con un planeo corto y preciso, llegó hasta la cima del tronco, usó su hocico para desenredar el cabo atascado con suma delicadeza y dejó caer la red en la posición correcta. La mujer, aliviada por salvar su huerto, alzó las manos emitiendo un tierno silbido, y el pequeño planeador sacudió su plumaje respondiendo con un tierno y rugido amigable."
cuento_368,El Sinornithosaurus y la Tienda del Chamán,Anonimo,dinosaurios_y_prehistoria,español,155,Cuentos para dormir,Colab AI,ae4935057c3dece3d441680b59fe32fe,"Severo era un tierno sinornithosaurus, un pequeño y vistoso dinosaurio alado que planeaba entre los árboles con garras mansas. Un amanecer, el chamán de la edad de piedra preparaba su tienda ceremonial cerca de la cueva misteriosa. El techo de pieles estaba sujeto a varios troncos petrificados mediante tensas lianas elásticas, pero un riachuelo subterráneo filtró agua al suelo, convirtiéndolo en una densa arcilla blanda que desestabilizó los soportes. El refugio sagrado amenazaba con colapsar. Severo, que descansaba plácidamente entre las copas de los helechos gigantes, vio el peligro y batió sus alas. Planeó rápidamente hacia la estructura, tomó el extremo suelto de las lianas elásticas con su pico y voló en círculos alrededor de una roca firme para amarrar el campamento temporalmente mientras el chamán reforzaba la base. Al ver su hogar a salvo, el sabio emitió un tierno silbido, y Severo se posó en su hombro respondiendo con un tierno y rugido amigable."
cuento_369,El Sinornithosaurus y la Trampa del Viento,Anonimo,dinosaurios_y_prehistoria,español,139,Cuentos para dormir,Colab AI,278486b39e62f2b8fcafab7faef7080e,"Simón era un tierno sinornithosaurus, un pequeño dinosaurio emplumado de ágil vuelo que planeaba por el bosque con garras mansas. Una tarde, unos cazadores de la edad de piedra preparaban una trampa inofensiva cerca del gran volcán, utilizando troncos petrificados atados con lianas elásticas. De pronto, un fuerte viento desprendió el nudo principal, arrojando la valiosa cuerda hacia una charca profunda de arcilla blanda. El fango amenazaba con tragarla por completo. Simón, que descansaba en la copa de los helechos gigantes, notó el apuro de los humanos. Con un vuelo rasante y veloz, atrapó las lianas con su pico justo antes de que se hundieran en el lodo y las devolvió a los cazadores en tierra firme. Los humanos, muy agradecidos, emitieron un tierno silbido, y Simón batió sus alas de colores respondiendo con un tierno y rugido amigable."
cuento_370,El Sinornithosaurus y las Bayas del Acantilado,Anonimo,dinosaurios_y_prehistoria,español,154,Cuentos para dormir,Colab AI,e32f0a9c0bac36f8098f517225c54b25,"Sandro era un tierno sinornithosaurus, un pequeño y colorido dinosaurio emplumado que planeaba entre la vegetación con garras mansas. Una tarde, un niño de la edad de piedra intentaba alcanzar un racimo de bayas dulces cerca del gran cañón, pero al estirarse, su amuleto de piedra se desprendió de su collar de lianas elásticas y cayó en una saliente cubierta de arcilla blanda. El pequeño lloraba al ver su recuerdo atrapado sobre unos viejos troncos petrificados de difícil acceso. Sandro, que descansaba plácidamente entre los helechos gigantes de la pared rocosa, presenció la escena. Con un batir de alas ágil y silencioso, descendió suavemente hasta la cornisa, sujetó el amuleto con su pico para evitar que se manchara y voló de regreso, depositándolo en las manos del niño. El pequeño, con una enorme sonrisa, emitió un tierno silbido de gratitud, y el tierno dinosaurio sacudió sus plumas respondiendo con un tierno y rugido amigable."
cuento_371,El Sinornithosaurus y las Herramientas del Cantero,Anonimo,dinosaurios_y_prehistoria,español,165,Cuentos para dormir,Colab AI,85f2f9d06626776279076cf31463fbfb,"Simeón era un tierno sinornithosaurus, un pequeño y ágil dinosaurio emplumado que se desplazaba entre la vegetación mostrando sus garras mansas. Al salir el sol, unos canteros de la edad de piedra afilaban sus pesadas hachas de piedra cerca del gran cañón. Las herramientas estaban dispuestas sobre una tarima de troncos petrificados y sujetas con lianas elásticas, pero un repentino desprendimiento de la ladera cubrió la base del taller con una densa capa de arcilla blanda. El peso del lodo amenazaba con volcar la tarima hacia el precipicio. Simeón, que observaba desde lo alto de los helechos gigantes, desplegó sus alas al instante. Planeó velozmente sobre la zona inestable, sujetó los extremos sueltos de las lianas elásticas con sus patas y tiró con fuerza hacia arriba, equilibrando la estructura mientras los canteros retiraban la arcilla blanda. Al ver sus herramientas a salvo, los hombres emitieron un tierno silbido, y el pequeño reptil voló de regreso a las ramas respondiendo con un tierno y rugido amigable."
cuento_372,El Sinornithosaurus y las Plumas del Sacerdote,Anonimo,dinosaurios_y_prehistoria,español,167,Cuentos para dormir,Colab AI,3c3382c1e79988f102bc3c98b5b8f806,"Simeón era un tierno sinornithosaurus, un pequeño dinosaurio alado cubierto de vistosas plumas que planeaba entre los árboles con garras mansas. Un amanecer, el sacerdote de una tribu de la edad de piedra preparaba un tocado ceremonial cerca de la cueva misteriosa. Para unir las piezas, utilizaba una cuerda trenzada con lianas elásticas, pero un fuerte viento sopló y arrastró los hilos sagrados hacia una zanja profunda llena de arcilla blanda, justo debajo de unos pesados troncos petrificados. El hombre temía perder el material en el lodo espeso. Simeón, que descansaba sobre las ramas de los helechos gigantes que bordeaban el claro, vio el incidente. Con un vuelo ágil y rasante, descendió al fondo de la grieta, sujetó las lianas con su pico antes de que se hundieran y las llevó de vuelta al altar de piedra. El sacerdote, conmovido por la ayuda del pequeño reptil, alzó las manos emitiendo un tierno silbido, y Simeón sacudió sus alas de colores respondiendo con un tierno y rugido amigable."
cuento_373,El Sinornithosaurus y las Plumas para el Tocado,Anonimo,dinosaurios_y_prehistoria,español,152,Cuentos para dormir,Colab AI,48b83723faaff8ed7ec9c44ca8604eda,"Serafín era un tierno sinornithosaurus, un pequeño y vistoso dinosaurio emplumado que planeaba entre la maleza con garras mansas. Un mediodía, un joven cazador de la edad de piedra buscaba plumas llamativas caídas del cielo cerca del gran cañón para confeccionar el tocado del chamán de la aldea. Al estirarse para alcanzar una rama alta, su collar ceremonial de lianas elásticas se enredó en un arbusto espinoso y dejó caer su bolsa de recolección en un pozo de arcilla blanda. Serafín, que descansaba sobre unos troncos petrificados rodeados de helechos gigantes, observó la escena con curiosidad. Con un vuelo ágil y rasante, descendió hacia el pozo, sujetó la bolsa con su pico y la colocó suavemente sobre suelo firme antes de que se hundiera. El joven, aliviado por recuperar sus pertenencias intactas, sonrió emitiendo un tierno silbido, y el pequeño plumoso batió sus coloridas alas respondiendo con un tierno y rugido amigable."
cuento_374,El Sinornithosaurus y las Redes Enredadas,Anonimo,dinosaurios_y_prehistoria,español,154,Cuentos para dormir,Colab AI,a55e938f7cceff8b6f7d6369a8deb313,"Silas era un tierno sinornithosaurus, un ágil y pequeño dinosaurio emplumado que saltaba de rama en rama en los árboles ancestrales con garras mansas. Un amanecer, unos pescadores de la edad de piedra se encontraron en un gran problema cuando un fuerte viento del norte arrastró sus redes de pesca, hechas de lianas elásticas trenzadas, arrojándolas sobre la copa de un helecho gigante muy alto y enredándolas entre los troncos petrificados elevados. El peso del fango y la altura hacían imposible que los humanos las bajaran. Silas, que limpiaba sus plumas cerca de allí, descendió con ligeros planeos y trepó el helecho con velocidad. Con sus pequeños y precisos dedos, desató pacientemente cada nudo del follaje hasta que la red cayó suavemente a la orilla del río. Los pescadores, asombrados por su destreza, alzaron sus remos emitiendo un tierno silbido, y el pequeño plumoso batió sus brazos respondiendo con un agudo pero rugido amigable."
cuento_375,El Sinornithosaurus y las Redes de Caza,Anonimo,dinosaurios_y_prehistoria,español,161,Cuentos para dormir,Colab AI,5e5a05251503a56b0abbf5255f89c4a1,"Silvestre era un tierno sinornithosaurus, un pequeño y emplumado dinosaurio de ágiles movimientos que planeaba entre la maleza mostrando sus garras mansas. Un amanecer, unos cazadores de la edad de piedra preparaban sus redes de fibra vegetal cerca del gran cañón. Las redes estaban tensadas con lianas elásticas y sujetas a varios troncos petrificados en el suelo, pero una filtración nocturna transformó el terreno en una densa arcilla blanda, haciendo que los soportes se aflojaran y la red principal quedara atrapada en el fango. Silvestre, que observaba la escena posado en la copa de los helechos gigantes, entendió el dilema de los humanos. Desplegó sus vistosas alas, planeó con destreza rasando el suelo y, tomando el extremo de las lianas elásticas con sus patas, tiró con fuerza hacia arriba mientras los cazadores removían el lodo. Al ver sus redes limpias y listas, los hombres emitieron un tierno silbido, y Silvestre volvió a su rama respondiendo con un tierno y rugido amigable."
cuento_376,El Sinornithosaurus y las Redes de Pesca,Anonimo,dinosaurios_y_prehistoria,español,162,Cuentos para dormir,Colab AI,bcafb3fad49796b59df5b99bfab4ef03,"Severino era un tierno sinornithosaurus, un pequeño y vistoso dinosaurio emplumado de ágiles movimientos que se desplazaba con garras mansas. Al amanecer, unos pescadores de la edad de piedra preparaban sus redes cerca del gran cañón, colgándolas de unos troncos petrificados a la orilla del río mediante lianas elásticas. De repente, una crecida repentina arrastró una densa masa de arcilla blanda desde la colina, atascando las redes y amenazando con romper los soportes por el peso. Severino, que vigilaba el cauce desde la copa de los helechos gigantes, desplegó sus coloridas alas de inmediato. Planeó con ligereza sobre la orilla movediza, sujetó las lianas elásticas con su pico y batió sus alas con energía, manteniendo la tensión necesaria para que las redes no se hundieran en la arcilla blanda hasta que los hombres pudieron asegurarlas. Los pescadores, aliviados por salvar sus herramientas de sustento, emitieron un tierno silbido, y el pequeño reptil voló en círculos respondiendo con un tierno y rugido amigable."
cuento_377,El Sinornithosaurus y las Semillas del Huerto,Anonimo,dinosaurios_y_prehistoria,español,156,Cuentos para dormir,Colab AI,6d9681d85240b4924b4ca75ee2a292cc,"Samuel era un tierno sinornithosaurus, un pequeño y ágil dinosaurio cubierto de plumas brillantes que saltaba por el bosque con garras mansas. Una tarde, unos agricultores de la edad de piedra preparaban un pequeño terreno de arcilla blanda cerca de la cueva misteriosa para sembrar semillas silvestres. Sin embargo, un grupo de aves prehistóricas muy ruidosas descendió de los troncos petrificados dispuestas a comerse todo el cargamento guardado en canastas de lianas elásticas. Los humanos intentaban ahuyentarlas, pero eran demasiadas. Samuel, que descansaba entre las ramas de los helechos gigantes, se lanzó al aire extendiendo sus coloridas alas. Planeó velozmente sobre el huerto, dando giros en el aire y llamando la atención de las aves intrusas hasta lograr que se alejaran del lugar sin dañar a nadie. Los agricultores, al ver sus semillas a salvo, aplaudieron emitiendo un tierno silbido, y el pequeño plumoso aterrizó suavemente sobre una roca respondiendo con un tierno y rugido amigable."
cuento_378,El Sphaerotholus y la Búsqueda de Arcilla,Anonimo,dinosaurios_y_prehistoria,español,153,Cuentos para dormir,Colab AI,6ea1391b1158c82f334105cdb660be56,"Santi era un tierno sphaerotholus, un dinosaurio de cabeza domada y robusta que habitaba en las laderas del gran volcán, siempre transitando los senderos con garras mansas. Una tarde, unos artesanos de la edad de piedra se encontraban excavando en busca de arcilla blanda fina para moldear vasijas, pero una capa de piedra caliza muy dura y troncos petrificados les impedía llegar a la veta más profunda. Sus herramientas de piedra se rompían sin éxito. Santi, que pasaba curioseando por el lugar, se acercó al ver la frustración de los humanos. Con total tranquilidad, midió la distancia y, usando su fuerte cráneo reforzado, dio unos golpes certeros y controlados sobre la roca dura, agrietándola por completo y dejando al descubierto la arcilla que necesitaban. Los artesanos, felices con el material liberado, entonaron un tierno silbido de gratitud, y Santi dio un par de pasos hacia atrás respondiendo con un tierno y rugido amigable."
cuento_379,El Sphaerotholus y la Cueva Bloqueada,Anonimo,dinosaurios_y_prehistoria,español,168,Cuentos para dormir,Colab AI,90fb3cdde167e1e27ed9710db8baeb9f,"Santi era un tierno sphaerotholus con una frente robusta en forma de domo que caminaba alegremente entre los troncos petrificados con garras mansas. Una tarde, una fuerte sacudida de la tierra cerca del gran volcán provocó que un enorme bloque de piedra caliza rodara por la ladera, tapando por completo la entrada de la cueva misteriosa donde una familia de la edad de piedra resguardaba sus mantas y herramientas. Las herramientas de madera de los humanos se quebraban al intentar palanquear la roca sobre la arcilla blanda. Santi vio el apuro de la familia y se acercó trotando con calma. Tras tantear el terreno con sus patas traseras, apoyó su sólida cabeza contra el punto exacto de la roca y empujó con paso firme, haciéndola rodar hacia el barranco y liberando el acceso en un instante. Los miembros de la familia, aliviados de recuperar su hogar, alzaron las manos emitiendo un tierno silbido, a lo que Santi respondió dando un pequeño giro con un tierno y rugido amigable."
cuento_380,El Struthiomimus y el Huevo Protegido,Anonimo,dinosaurios_y_prehistoria,español,142,Cuentos para dormir,Colab AI,570699c3581c0e6ae9b10d3b8994c302,"Silvio era un tierno struthiomimus de cuello largo y garras mansas que corría velozmente entre los helechos gigantes de la llanura. Un día, una fuerte ráfaga de viento proveniente del gran cañón desprendió un nido silvestre que se encontraba en lo alto de los árboles ancestrales, haciéndolo rodar por una pendiente de arcilla blanda. El nido pertenecía a las aves que los cazadores de la edad de piedra cuidaban cerca de la cueva misteriosa. Silvio, al ver el peligro, desplegó su velocidad y corrió en zigzag esquivando las lianas elásticas. Con total delicadeza, usó su cuerpo para frenar el nido antes de que impactara contra unos troncos petrificados, salvando los huevos. Una joven de la tribu presenció la escena y entonó un tierno silbido de admiración, a lo que el veloz dinosaurio respondió alzando su cabeza con un sutil y rugido amigable."
cuento_381,El Struthiomimus y el Rescate de las Vasijas,Anonimo,dinosaurios_y_prehistoria,español,140,Cuentos para dormir,Colab AI,0cd397922eb252cc39933795c16f3507,"Silvio era un tierno struthiomimus, un dinosaurio muy parecido a una avestruz, de patas largas, movimientos veloces y garras mansas. Un mediodía, un alud de tierra proveniente del gran volcán comenzó a avanzar despacio hacia el campamento que la tribu de la edad de piedra había instalado cerca del gran cañón. Las mujeres corrían para salvar sus vasijas de barro antes de que la arcilla blanda las sepultara, pero el tiempo se agotaba. Silvio, aprovechando su increíble velocidad, corrió entre los troncos petrificados. Permitió que los recolectores colgaran las vasijas en su largo cuello usando lianas elásticas y las transportó en pocos segundos a una zona segura entre los árboles ancestrales. Al ver su patrimonio a salvo, los aldeanos unieron sus voces en un tierno silbido de gratitud, y Silvio dio un pequeño salto emitiendo un tierno y rugido amigable."
cuento_382,El Suchomimus y el Vado Seguro,Anonimo,dinosaurios_y_prehistoria,español,146,Cuentos para dormir,Colab AI,3e898f3ccc05e4d8c45a0916ee55a135,"Santi era un tierno suchomimus que tenía un hocico largo similar al de un cocodrilo y una vela baja en su lomo, pero que siempre demostraba sus garras mansas al acercarse a los humanos. Una mañana, el río que cruzaba los helechos gigantes se desbordó debido al deshielo del gran volcán, transformando la orilla en un pantano de arcilla blanda imposible de cruzar para los ancianos de la edad de piedra. Santi, que disfrutaba del agua fresca, se colocó transversalmente en la parte menos profunda de la corriente. Su lomo firme sirvió como un pasamanos seguro para que las personas se sostuvieran mientras avanzaban con cuidado, evitando ser arrastradas por la corriente. Una vez en tierra firme, el anciano mayor alzó su bastón con un tierno silbido de bendición, y Santi sumergió su hocico lanzando un chorro de agua acompañado de un tierno y rugido amigable."
cuento_383,El Sueño del Joven Cazador,Anonimo,dinosaurios_y_prehistoria,español,159,Cuentos para dormir,Colab AI,b44c883abf96423cbe48ab6ce4c0d71a,"Kano era un niño de la tribu de la edad de piedra que pasaba los días recolectando resina de pino y pequeñas piedras brillantes a la orilla del río. Sus hermanos mayores siempre practicaban con sus lanzas de madera, preparándose para las grandes jornadas a través del cañón. Sin embargo, Kano prefería usar sus manos para moldear figuras de animales con la arcilla blanda que encontraba en la orilla. Una tarde, modeló un tierno braquiosaurio y un pequeño triceratops, decorándolos con trozos de hojas de helecho gigantes. Cuando una niebla espesa cubrió el campamento, los cazadores regresaron desanimados por el frío extremo del gran glaciar. Kano les mostró sus figuras de barro y les contó una fantástica historia sobre cómo los animales del valle ayudaban a los humanos a encontrar refugio. El relato encendió los corazones de la tribu, trayendo risas y alegría alrededor de la fogata, demostrando que la imaginación era el fuego más cálido de la prehistoria."
cuento_384,El Sueño del Pequeño Pterodáctilo,Anonimo,dinosaurios_y_prehistoria,español,157,Cuentos para dormir,Colab AI,a663099c54c8901e6f4d8c9a9fdee5a5,"Tati era una pequeña pterodáctilo que pasaba los días mirando con envidia cómo los grandes reptiles alados cruzaban las corrientes de aire sobre el gran volcán apagado. Sus alas mansas eran todavía muy cortas y temía caer si intentaba saltar desde la alta montaña de piedra. Una tarde, mientras descansaba sobre un nido hecho de lianas elásticas, una ráfaga de viento huracanado levantó una hermosa hoja de helecho gigante y la hizo flotar con elegancia por el aire. Inspirada por la ligereza de la hoja, Tati respiró profundo, extendió sus alas texturizadas y se deslizó suavemente desde la orilla. El aire cálido del valle la sostuvo de inmediato, haciéndola flotar como si tuviera magia en sus plumas. Voló en círculos sobre las enormes huellas de la manada, disfrutando de la asombrosa vista de las piedras brillantes que adornaban el río. Al aterrizar, sus padres la recibieron con rugidos amigables llenos de orgullo por su primer vuelo exitoso."
cuento_385,El Terizinosaurio y las Telas de la Edad de Piedra,Anonimo,dinosaurios_y_prehistoria,español,129,Cuentos para dormir,Colab AI,4ab89843742164fef28bb0ebcb8dfc35,"Tato era un tierno terizinosaurio que, a pesar de tener las garras mansas más largas de toda la llanura, las usaba con una delicadeza asombrosa. Cerca del gran cañón, una tejedora de la edad de piedra intentaba recolectar fibras de algodón silvestre atrapadas entre densas lianas elásticas y espinosas que crecían junto a los árboles ancestrales. Al ver que la mujer se lastimaba las manos, Tato se acercó despacio sobre la arcilla blanda. Usando la punta de sus enormes pero suaves garras, desenredó los hilos vegetales y podó los arbustos sin dañar el valioso material. La tejedora, maravillada por la ayuda del gigante entre los helechos gigantes, le dedicó un tierno silbido de agradecimiento, a lo que Tato respondió agitando sus brazos y emitiendo un tierno y rugido amigable."
cuento_386,El Therizinosaurio y la Cosecha de Cañas,Anonimo,dinosaurios_y_prehistoria,español,136,Cuentos para dormir,Colab AI,f83d5fa5cd7044a7e12b3656a4e3cece,"Tuyo era un tierno therizinosaurio que asombraba a todos por tener las garras más largas del mundo prehistórico; sin embargo, eran unas garras mansas que solo usaba para acercar las hojas de los árboles ancestrales. Un día, una artesana de la edad de piedra intentaba cortar unas cañas flexibles que crecían en medio de una zona pantanosa de arcilla blanda para tejer cestos nuevos, pero no alcanzaba las mejores piezas sin arriesgarse a caer. Tuyo, viendo su esfuerzo, se acercó despacio y, usando sus largas garras como si fueran delicadas tijeras, cortó las cañas exactas y las colocó con suavidad sobre los helechos gigantes a los pies de la mujer. La artesana, maravillada por su delicadeza, le dedicó un tierno silbido de alegría, y el gran dinosaurio batió sus brazos con un profundo y rugido amigable."
cuento_387,El Therizinosaurio y las Frutas Altas,Anonimo,dinosaurios_y_prehistoria,español,119,Cuentos para dormir,Colab AI,0d684bd95aed87e274ec8f3bf3dde221,"En el corazón del bosque prehistórico, donde abundaban los troncos petrificados, habitaba un tierno therizinosaurio llamado Mateo. Aunque tenía unas garras inmensas, eran garras mansas que usaba con un cuidado asombroso. Un día, una niebla espesa cubrió el suelo de arcilla blanda, impidiendo que los dinosaurios pequeños vieran los frutos caídos. Mateo, usando su gran altura, estiró sus brazos hacia las copas de los helechos gigantes y, con total delicadeza, cortó los racimos de frutas más dulces para repartirlos entre los animales que esperaban abajo. Un tierno triceratops que observaba la escena emitió un tierno silbido de alegría al recibir su parte. La tarde terminó con toda la comunidad compartiendo el festín bajo un profundo y armónico rugido amigable."
cuento_388,El Therizinosaurus y el Corte de Fibra,Anonimo,dinosaurios_y_prehistoria,español,41,Cuentos para dormir,Colab AI,7c7b85063203937680ce0d4f8268b062,"Tito era un tierno therizinosaurus con garras mansas larguísimas. Ayudaba a las tejedoras a cortar lianas elásticas con precisión. Cuando trabajaban sobre arcilla blanda, Tito les alcanzaba troncos petrificados para sentarse. Las tejedoras silbaron y Tito respondió con un rugido amigable."
cuento_389,El Tiranosaurio que Cuidaba Luciérnagas,Anonimo,dinosaurios_y_prehistoria,español,156,Cuentos para dormir,Colab AI,03a69dfb33a5954c0a6a684e01689270,"Beto era un tiranosaurio rex joven que tenía un pasatiempo muy extraño para su especie: le encantaba observar a las luciérnagas prehistóricas que flotaban sobre las hojas de helecho gigantes. Mientras otros carnívoros dejaban enormes huellas corriendo por el desfiladero, Beto caminaba despacio para no asustar a sus pequeñas amigas luminosas. Una noche, una fuerte tormenta eléctrica azotó el valle, trayendo un viento huracanado que amenazaba con arrastrar a los indefensos insectos. Beto reaccionó de inmediato; corrió hacia una cueva misteriosa cercana y abrió su enorme boca, invitando a las luciérnagas a refugiarse en su interior. Los pequeños bichitos entraron en fila, iluminando la garganta del tiranosaurio con destellos de colores mágicos. Beto permaneció muy quieto hasta que la tormenta pasó. Al salir al exterior, exhaló un tierno silbido y las luciérnagas volaron libres, creando un hermoso camino de luz en la oscuridad. Desde entonces, el gigante fue conocido como el guardián de la noche prehistórica."
cuento_390,El Tiranosaurio que no Podía Picar,Anonimo,dinosaurios_y_prehistoria,español,149,Cuentos para dormir,Colab AI,be6487a9ec649599a81c543111906fd1,"Chomp era un pequeño tiranosaurio que nació con los dientes tan redondos y romos que no podía picar la corteza de los árboles ni las frutas duras del bosque prehistórico. Mientras sus hermanos mayores presumían de su mordida ruda rompiendo troncos petrificados en el desfiladero, Chomp se sentía triste y pasaba el tiempo jugando en una cueva misteriosa. Un día, una manada de pequeños velociraptors quedó atrapada detrás de un gran derrumbe de piedras brillantes y arcilla blanda. Los grandes dinosaurios intentaron romper las rocas mordiéndolas, pero solo lograban lastimarse. Chomp se acercó despacio y, usando su mandíbula ancha y plana como una suave prensa, empujó las piedras con paciencia y delicadeza sin romperlas, abriendo un túnel seguro. Los pequeños rescatados salieron corriendo y rodearon a Chomp con un tierno silbido y rugidos amigables, demostrando que su delicadeza era el don más útil y maravilloso de toda la llanura."
cuento_391,El Tiranosaurio que no Podía Rugir,Anonimo,dinosaurios_y_prehistoria,español,175,Cuentos para dormir,Colab AI,66cd1908de792102a79d6b66996259f5,"Rugito era un tiranosaurio rex muy pequeño que tenía un gran problema: cuando intentaba dar un rugido temible, de su garganta solo salía un tierno silbido parecido al de un ave prehistórica. Los demás dinosaurios del valle se divertían escuchándolo, pero él se sentía muy triste por no ser imponente. Un día, mientras caminaba cerca del pantano de lodo, vio que un pequeño compsognathus se había quedado atrapado entre unas lianas muy gruesas y no podía salir. Rugito corrió a ayudarlo, pero sus brazos cortos no alcanzaban a cortar las ramas. Desesperado por pedir ayuda, respiró profundo, infló su pecho y lanzó el silbido más fuerte y agudo que jamás había existido. El sonido viajó por todo el desfiladero, rebotando en las paredes de piedra. La manada de braquiosaurios escuchó la curiosa señal de auxilio y llegó de inmediato para liberar al pequeño atrapado con sus largos cuellos. Todos felicitaron a Rugito por su increíble y único talento. El pequeño tiranosaurio comprendió que un rugido diferente podía salvar el día y causar una gran felicidad."
cuento_392,El Tiranosaurio y el Huevo Rebelde,Anonimo,dinosaurios_y_prehistoria,español,161,Cuentos para dormir,Colab AI,8f10f6a328ea6a432e663e8309ccf8c0,"Bari era un tiranosaurio rex imponente, pero en el fondo tenía el corazón más dulce de todo el valle. Una mañana, mientras cuidaba el nido familiar sobre la arena roja, notó que uno de los huevos prehistóricos comenzó a agitarse con fuerza. En lugar de romperse con cuidado, el huevo rebelde empezó a rodar colina abajo, esquivando enormes huellas y troncos petrificados. Bari abrió los ojos asustado y corrió detrás de él con sus largas piernas. El huevo avanzaba rápido hacia el pantano de lodo espeso. Olvidando que sus brazos eran muy cortos, Bari se lanzó de panza sobre la arcilla blanda, usando su enorme y suave barbilla para frenar el huevo justo antes de que cayera al agua. En ese instante, el cascarón se rompió y un tierno bebé asomó su cabecita, lanzando un pequeño rugido amigable. Bari lo abrazó con ternura y lo acomodó sobre su lomo, feliz de haber salvado a la criatura más traviesa de la prehistoria."
cuento_393,El Torosaurio y el Viento del Norte,Anonimo,dinosaurios_y_prehistoria,español,155,Cuentos para dormir,Colab AI,197ed1d99cdd05d293e4b4c16659cc2d,"Tomás era un tierno torosaurio que poseía una de las golas óseas más grandes y majestuosas de la prehistoria, pero cuyo enorme tamaño siempre venía acompañado de garras mansas. Un atardecer, un viento helado e imprevisto comenzó a soplar con fuerza desde el gran cañón, amenazando con apagar la fogata comunal que una tribu de la edad de piedra mantenía sobre la arcilla blanda, justo frente a los helechos gigantes. Si el fuego moría, la comunidad se quedaría desprotegida en la noche oscura. Tomás, al notar las chispas volar descontroladas, caminó despacio y se echó junto al fuego, abriendo su inmensa gola para que actuara como un perfecto rompevientos. Gracias a su protección, las llamas se estabilizaron y el campamento recuperó el calor. Los niños de la aldea se acercaron a acariciar el borde de su armadura emitiendo un tierno silbido, a lo que Tomás respondió cerrando los ojos con un tierno y rugido amigable."
cuento_394,El Triceratops y el Mapa de Arcilla,Anonimo,dinosaurios_y_prehistoria,español,141,Cuentos para dormir,Colab AI,eddb03a406153e8f59390e640a00f555,"Nico era un tierno triceratops que amaba explorar los rincones más lejanos del desfiladero. Una tarde, mientras caminaba cerca de unos troncos petrificados, descubrió que al picar la arcilla blanda con sus pequeños cuernos dejaba marcas muy claras en el suelo. Divertido, comenzó a dibujar caminos, líneas y círculos que representaban el gran volcán, el río de la llanura y la cueva misteriosa oculta tras los helechos gigantes. De pronto, una densa niebla espesa cubrió todo el cañón, dejando a una manada de pequeños estegosaurios sin saber hacia dónde caminar. Nico, al escuchar su tierno silbido de preocupación, los guió siguiendo las líneas que había dibujado con sus garras mansas sobre la tierra. Gracias a su mapa, todos llegaron a salvo a su hogar, donde celebraron el ingenio de Nico con un rugido amigable que ahuyentó el frío de la tarde."
cuento_395,El Triceratops y el Nido Perdido,Anonimo,dinosaurios_y_prehistoria,español,156,Cuentos para dormir,Colab AI,6a44557d87158b642637f4dd636fde7e,"Tito era un pequeño triceratops que se divertía corriendo sobre la arena roja del valle. Un día, mientras seguía el rastro de unas huellas gigantes, encontró un huevo prehistórico abandonado entre unos arbustos espinosos. El huevo tenía pequeñas grietas y se movía con nerviosismo, asustado por los rugidos lejanos de los depredadores. Tito sabía que sus tres pequeños cuernos eran fuertes, así que los usó con mucho cuidado para cortar las lianas elásticas que bloqueaban el camino. Luego, empujó el huevo suavemente con su frente texturizada, guiándolo por un sendero seguro lejos del pantano. Caminó pacientemente hasta llegar a la cueva misteriosa de una mamá maiasauria, quien buscaba desesperadamente a su cría. Al ver regresar su huevo sano y salvo, la mamá dinosaurio lamió a Tito con infinito agradecimiento. El pequeño triceratops regresó feliz con su manada, sabiendo que sus cuernos no solo servían para defenderse, sino también para proteger la vida de los más indefensos."
cuento_396,El Troodon y el Atajo Secreto,Anonimo,dinosaurios_y_prehistoria,español,147,Cuentos para dormir,Colab AI,7b8a7fc56ac3547b5c1a7d35b24868e5,"Tito era un tierno troodon, considerado uno de los dinosaurios más inteligentes de la prehistoria. Poseía unos ojos grandes y brillantes y unas garras mansas que utilizaba para apartar ramitas del camino. Una noche, una fuerte tormenta derribó varios troncos petrificados, bloqueando la entrada principal de la cueva misteriosa donde habitaba una familia de la edad de piedra. Los recolectores quedaron atrapados afuera bajo la lluvia, sobre la resbaladiza arcilla blanda. Tito, que conocía todos los rincones del bosque, apareció entre las lianas elásticas y les hizo señas con la cabeza. Los guió con cuidado a través de un pasadizo oculto detrás de los helechos gigantes que comunicaba directamente con el interior de la caverna. Una vez a salvo y secos, los miembros de la familia alzaron las manos con un tierno silbido de gratitud, y el astuto dinosaurio se despidió con un tierno y rugido amigable."
cuento_397,El Troodon y las Luces de la Cueva,Anonimo,dinosaurios_y_prehistoria,español,134,Cuentos para dormir,Colab AI,45e6dc6e38b948de16790d2e5df582a3,"Teo era un tierno troodon, considerado uno de los habitantes más astutos de la llanura. Vivía cerca de una cueva misteriosa y poseía unas garras mansas que utilizaba para desenterrar raíces nutritivas de la arcilla blanda. Una noche, una niebla espesa bajó del gran volcán, oscureciendo por completo el camino de regreso para un grupo de cazadores de la edad de piedra. Teo, gracias a sus grandes ojos, podía ver perfectamente en la penumbra. Recolectó varios hongos luminosos que crecían adheridos a los troncos petrificados y los colocó estratégicamente a lo largo del desfiladero, creando un sendero brillante entre los helechos gigantes. Al ver la ruta segura, los humanos regresaron aliviados entonando un tierno silbido de gratitud, mientras Teo los observaba desde la seguridad de los árboles ancestrales con un tierno y rugido amigable."
cuento_398,El Utahraptor y el Pastor de Ganado,Anonimo,dinosaurios_y_prehistoria,español,47,Cuentos para dormir,Colab AI,f7817fc72fe94a0ed33a699521d7fbe5,Uli era un tierno utahraptor muy veloz. Ayudaba a la tribu a guiar a los animales lejos de la arcilla blanda y hacia los claros de helechos gigantes. Usaba troncos petrificados para cerrar los pasos peligrosos. El jefe silbó con orgullo y Uli lanzó un rugido amigable.
cuento_399,El Valle de las Huellas Escondidas,Anonimo,dinosaurios_y_prehistoria,español,153,Cuentos para dormir,Colab AI,04369a50d528834615593d4459e6232b,"Lara era una niña muy observadora que pertenecía a la tribu de la edad de piedra. Le encantaba caminar por la llanura buscando las marcas que los grandes animales dejaban en el suelo. Un día, después de una suave lluvia prehistórica, descubrió una serie de huellas circulares y enormes grabadas en la arcilla blanda, justo al lado de una cueva misteriosa cubierta por lianas elásticas. Siguiendo el rastro con mucho cuidado, Lara descubrió que las pisadas pertenecían a un tierno braquiosaurio manso que se había quedado atascado entre unos troncos petrificados al intentar protegerse de una tormenta eléctrica. Sin perder el tiempo, la niña usó una piedra brillante para cortar las ramas caídas y liberar al gigante de cuello largo. El enorme animal, agradecido por la ayuda de la pequeña, inclinó su cabeza mansa y lanzó un rugido amigable, permitiendo que Lara descubriera desde lo alto el mapa de todo el hermoso valle."
cuento_400,El Velociraptor y la Guía del Desfiladero,Anonimo,dinosaurios_y_prehistoria,español,150,Cuentos para dormir,Colab AI,70ab43a49a9af83d2c666970677a2123,"A pesar de la fama de su especie, Valdo era un tierno velociraptor de garras mansas que disfrutaba de la tranquilidad del bosque y de explorar los rincones ocultos de los árboles ancestrales. Una tarde, una niebla espesa y fría cubrió por completo el desfiladero, haciendo que una pareja de cazadores de la edad de piedra perdiera el rastro del camino de regreso a la cueva misteriosa. Valdo, que conocía cada piedra del terreno, apareció silenciosamente entre las lianas elásticas. Sin hacer movimientos bruscos para no asustarlos, avanzó a paso lento sobre la arcilla blanda, volteando la cabeza de vez en cuando para asegurarse de que lo seguían. Los guió con éxito a través de los helechos gigantes hasta las puertas de su hogar. Los cazadores, agradecidos, alzaron las manos con un tierno silbido de despedida, y el ágil dinosaurio saltó hacia la maleza con un alegre y rugido amigable."
cuento_401,El Velociraptor y la Luciérnaga Primitiva,Anonimo,dinosaurios_y_prehistoria,español,145,Cuentos para dormir,Colab AI,3c1f6b06d7502d699dea07538ee9c399,"Ringo era un pequeño velociraptor que se distinguía de su manada porque le asustaba la oscuridad que caía sobre el desfiladero al ocultarse el sol. Mientras los demás dormían profundamente en la arcilla blanda, él se quedaba despierto, contemplando las sombras que proyectaban los árboles ancestrales. Una noche, una cueva misteriosa cercana comenzó a parpadear con una luz dorada y titilante. Con un tierno silbido de curiosidad, Ringo se acercó y descubrió a una luciérnaga gigante atrapada entre unas lianas elásticas. Usando sus garras mansas, el pequeño dinosaurio liberó al insecto con mucha delicadeza. Agradecida, la luciérnaga comenzó a volar a su alrededor, iluminando la llanura con un brillo cálido y protector. Desde esa noche, la pequeña criatura alada acompañó a Ringo en cada puesta de sol, transformando sus temores en un rugido amigable de felicidad mientras caminaban juntos bajo las hojas de helecho gigantes."
cuento_402,El Viaje del Huevo Viajero,Anonimo,dinosaurios_y_prehistoria,español,159,Cuentos para dormir,Colab AI,c9e8b96b2389523ab7cadd2e59f4317e,"Una fuerte tormenta eléctrica sacudió el cañón de los árboles ancestrales, haciendo que un pequeño nido de hojas mansas se desprendiera de una roca alta. En su interior viajaba un hermoso huevo con manchas verdes que rodó suavemente por la llanura de arcilla blanda, deslizándose entre las lianas elásticas hasta detenerse al pie de un gran estegosaurio llamado cata. Cata, al ver el huevo desprotegido bajo la lluvia prehistórica, lo acomodó con ternura entre las grandes placas de su lomo para mantenerlo a salvo y caliente. Pasaron los días y, justo cuando el gran volcán liberaba una suave estela de humo gris, la cáscara se rompió con un tierno silbido: un pequeño parasaurolophus asomó su cabecita. Al ver a Cata, el tierno bebé lanzó un rugido amigable, reconociendo el gran corazón de su mamá adoptiva. Desde entonces, el pequeño viajaba feliz sobre el lomo de la gigante, demostrando que el amor familiar no entendía de especies en el valle."
cuento_403,El Viaje del Huevo Viajero 1,Anonimo,dinosaurios_y_prehistoria,español,141,Cuentos para dormir,Colab AI,476c7769289a740820e50e0daea63250,"Un fuerte viento sopló sobre la cima del desfiladero, haciendo que un nido redondo se deslizara colina abajo. El nido, protegido por una densa capa de lianas elásticas, rodó suavemente sobre la arcilla blanda hasta detenerse justo en la entrada de una cueva misteriosa. Un viejo braquiosaurio que descansaba cerca de los árboles ancestrales vio el suceso y se acercó con pasos lentos y garras mansas. Con mucho cuidado, el gigante usó su largo cuello para abrigar el huevo del frío de la tormenta eléctrica que se avecinaba. Al cabo de unos minutos, el cascarón comenzó a picar desde adentro y un tierno parasaurolophus asomó su cabecita, emitiendo un tierno silbido al ver al bondadoso gigante. La madre del pequeño, que venía corriendo desde la llanura, abrazó a su cría y agradeció al braquiosaurio con un tierno y profundo rugido amigable."
cuento_404,El Viaje del Joven Velociraptor,Anonimo,dinosaurios_y_prehistoria,español,163,Cuentos para dormir,Colab AI,71e250e3f1b29bbcb921c22cbce7add8,"Roni era un velociraptor joven que destacaba en su manada por tener unas plumas de colores brillantes en lugar de escamas grises. Una tarde, mientras corría a gran velocidad entre lianas elásticas, el suelo cedió y cayó al fondo de un cañón de piedra cubierto por una niebla espesa. Asustado y solo, Roni intentó trepar usando sus garras mansas, pero las paredes de roca eran demasiado resbaladizas. Manteniendo la calma, recordó las enseñanzas de su madre y comenzó a emitir un tierno silbido rítmico que rebotó con fuerza en las paredes del laberinto subterráneo. A los pocos minutos, un gran pterodáctilo que sobrevolaba la tormenta escuchó la melodía y descendió con elegancia. El reptil alado sujetó una liana fuerte con su pico y se la extendió a Roni. Con agilidad, el pequeño dinosaurio trepó hasta salir a la superficie, donde su familia lo recibió con rugidos amigables de alivio. Roni celebró su regreso, sabiendo que su voz era su mejor herramienta de exploración."
cuento_405,El Vuelo Nocturno del Pterodáctilo,Anonimo,dinosaurios_y_prehistoria,español,130,Cuentos para dormir,Colab AI,f362cd49505d11188814d5de4a342d97,"Aki era un tierno pterodáctilo que prefería descansar en las laderas del gran cañón en lugar de volar en las tormentas. Una noche, una densa niebla espesa cubrió por completo la entrada de la cueva misteriosa donde habitaba una familia de estegosaurios, dejándolos atrapados sin luz. Aki, cuyas alas eran fuertes pero de garras mansas, decidió ayudarlos. Voló alto, por encima de la bruma, donde la luna iluminaba con fuerza, y comenzó a descender en picada de manera controlada, rompiendo la densidad del aire con sus alas. Al abrir un canal de claridad hacia la arcilla blanda, los estegosaurios pudieron ver el camino despejado. Desde las alturas, Aki emitió un tierno silbido de guía, y los dinosaurios en la tierra respondieron al unísono con un profundo y agradecido rugido amigable."
cuento_406,El Vuelo del Pterodáctilo Dormilón,Anonimo,dinosaurios_y_prehistoria,español,157,Cuentos para dormir,Colab AI,bdac1fa7b7941b91e77260b375078d0b,"Charly era un tierno pterodáctilo al que le costaba mucho despertarse por las mañanas. Mientras sus hermanos abrían sus grandes alas al salir el primer rayo de sol sobre el cañón, Charly prefería quedarse acurrucado en su nido de lianas elásticas, tapándose los ojos con sus alas mansas. Una mañana, una densa niebla espesa cubrió todo el valle, impidiendo que la manada pudiera ver el camino de regreso a los árboles ancestrales desde las zonas de alimento. Charly, que se había quedado dormido en la cima de la montaña más alta, se despertó justo a tiempo para notar el peligro. Con un tierno silbido que resonó con fuerza en las paredes de piedra gris, Charly extendió sus alas y comenzó a planear por debajo de la niebla, utilizando el calor residual del gran volcán para guiar a sus amigos con su sombra. Gracias a su oportuno vuelo, todos regresaron a salvo lanzando rugidos amigables llenos de felicidad."
cuento_407,El Vuelo del Pterodáctilo Glotón,Anonimo,dinosaurios_y_prehistoria,español,150,Cuentos para dormir,Colab AI,1bab3524c88402eaedb129fbbe9b85af,"Piti era un pequeño pterodáctilo de garras mansas que tenía un apetito formidable. Su comida favorita eran los frutos rojos y dulces que crecían en lo alto de los árboles ancestrales, justo por encima de las hojas de helecho gigantes. Una mañana, por intentar alcanzar el fruto más grande en la cima del cañón, Piti quedó atrapado entre una red de lianas elásticas que colgaban de una roca. Por más que batía sus alas, no lograba soltarse y comenzó a emitir un tierno silbido de auxilio. Por fortuna, un joven tiranosaurio rex que paseaba por el desfiladero escuchó el llamado. Con mucha delicadeza, el gran dinosaurio usó su hocico para picar los nudos de las lianas, liberando al pequeño volador sobre la arcilla blanda. Piti, agradecido, voló a lo alto, tomó el fruto más dulce y se lo regaló a su enorme salvador, sellando su amistad con un rugido amigable."
cuento_408,El Vulcanodon y el Calor del Hogar,Anonimo,dinosaurios_y_prehistoria,español,53,Cuentos para dormir,Colab AI,0f7280fc5176e5ccda69f301c2dfb6d8,"Valerio era un tierno vulcanodon que vivía cerca del gran volcán. Ayudó a la tribu a rodear sus hogares con troncos petrificados para que la arcilla blanda no entrara en las casas durante las lluvias. Las lianas elásticas mantenían todo unido. Al terminar, la aldea entera silbó y Valerio lanzó un rugido amigable."
cuento_409,El Wuerhosaurio y el Muro de Contención,Anonimo,dinosaurios_y_prehistoria,español,145,Cuentos para dormir,Colab AI,b6157438117cda45cf1e35aa7064bcc1,"Walter era un tierno wuerhosaurio, un dinosaurio provisto de placas óseas aplanadas y anchas a lo largo de su lomo, que siempre avanzaba con garras mansas por donde pasaba. Una tarde, una fuerte filtración de agua subterránea proveniente del gran volcán amenazaba con inundar el almacén de semillas de una familia de la edad de piedra, ablandando la arcilla blanda que sostenía las paredes de la cueva misteriosa. Los humanos intentaban contener el lodo con troncos petrificados, pero la presión aumentaba. Walter se alineó de espaldas contra la pared agrietada de la entrada, utilizando sus anchas placas del lomo como un escudo perfecto que desvió el agua hacia las raíces de unos helechos gigantes lejanos. Al ver su hogar protegido y seco, los niños de la tribu entonaron un tierno silbido de alegría, y Walter giró la cabeza despidiéndose con un tierno y rugido amigable."
cuento_410,La Brújula de los Estegosaurios,Anonimo,dinosaurios_y_prehistoria,español,123,Cuentos para dormir,Colab AI,4eea512a706e55c5e4902e0d2baec4d7,"Una densa niebla espesa descendió sobre el gran cañón, borrando por completo las rutas que conectaban la llanura con las zonas de alimento. Un joven y tierno estegosaurio se encontraba desorientado entre los helechos gigantes, temiendo no encontrar a su manada. Afortunadamente, sus placas dorsales tenían la capacidad de absorber el calor del gran volcán durante el día y mantener un brillo tenue al oscurecer. Caminando despacio sobre la arcilla blanda, el dinosaurio avanzó con sus garras mansas, sirviendo como una brújula viviente para otros animales perdidos en el desfiladero, incluyendo a una familia de la edad de piedra. Siguiendo el tierno silbido del guía, todos lograron cruzar los caminos difíciles, celebrando la seguridad del reencuentro con un profundo y resonante rugido amigable."
cuento_411,La Búsqueda del Tesoro de Lianas,Anonimo,dinosaurios_y_prehistoria,español,147,Cuentos para dormir,Colab AI,2962bcf69acee2b2ef647b76a3d54c08,"En un rincón escondido de la cueva misteriosa, un niño de la edad de piedra llamado Jan encontró un trozo de tronco petrificado que tenía grabados unos dibujos muy antiguos. Con la ayuda de un tierno braquiosaurio de pisadas mansas, Jan decidió seguir las pistas que el mapa sugería a lo largo del gran cañón. El camino no era fácil; debían cruzar una zona de la llanura cubierta por lianas elásticas que colgaban desde lo alto de los desfiladeros. Con mucha paciencia, el gigante estiró su largo cuello y apartó la densa vegetación, permitiendo que Jan avanzara con paso firme sobre la arcilla blanda. Al final del trayecto, oculto tras unos helechos gigantes, encontraron un árbol repleto de los frutos más dulces y jugosos de la prehistoria. Compartieron el festín con un tierno silbido de alegría, agradeciendo el trabajo en equipo con un fuerte y rugido amigable."
cuento_412,La Carrera del Oasis Rojo,Anonimo,dinosaurios_y_prehistoria,español,162,Cuentos para dormir,Colab AI,4b04fb8ed53a23de51bc2185d8f4f6ab,"Kira era una pequeña tiranosaurio rex que tenía un gran sueño: ganar la gran carrera anual alrededor del oasis de arena roja. El problema era que sus piernas eran largas y veloces, pero sus brazos cortos le hacían perder el equilibrio al dar giros cerrados entre las rocas y los troncos petrificados. El día de la competencia, todos los dinosaurios jóvenes se alinearon dejando enormes huellas en la salida. Al comenzar, Kira tomó la delantera, pero en la curva del gran volcán apagado sintió que iba a tropezar. Recordando un consejo de su madre, extendió su larga cola hacia el lado contrario para equilibrar su peso, imitando el vuelo de los reptiles alados. Con gran agilidad, esquivó un nido de avispas prehistóricas y cruzó la meta lanzando un rugido de felicidad. Los triceratops y diplodocus aplaudieron su asombrosa técnica. Kira celebró con su familia, demostrando que no importaba tener brazos pequeños si aprendías a usar todas tus fortalezas con astucia e imaginación."
cuento_413,La Cueva de los Ecos Felices,Anonimo,dinosaurios_y_prehistoria,español,142,Cuentos para dormir,Colab AI,a0dca35cead35f873e4e74ee5bfa6bea,"En lo profundo de una cueva misteriosa adornada con lianas elásticas, vivía una pequeña niña de la edad de piedra llamada Nea. A Nea le encantaba visitar este lugar porque las paredes de piedra gris tenían la magia de repetir los sonidos. Un día de tormenta eléctrica, un tierno braquiosaurio que buscaba refugio de la lluvia asomó su largo cuello por la entrada. Estaba asustado por los truenos, pero Nea lo recibió con un tierno silbido musical. El eco de la cueva multiplicó el sonido, transformando el estrépito de la tormenta en una dulce melodía prehistórica. El gigante, sintiéndose seguro, apoyó su cabeza sobre la arcilla blanda y unió su voz al juego, lanzando un rugido amigable que resonó con suavidad entre los árboles ancestrales. Desde entonces, cada vez que llovía en el desfiladero, los animales se reunían allí para cantar juntos."
cuento_414,La Cueva de los Ecos Mágicos,Anonimo,dinosaurios_y_prehistoria,español,169,Cuentos para dormir,Colab AI,1ce646f9956e34c9b27de8f6682197a0,"Naya era una niña de la tribu de la edad de piedra que tenía una curiosidad tan grande como un braquiosaurio. Un día de lluvia prehistórica, mientras buscaba refugio entre los arbustos ancestrales, descubrió la entrada a una cueva misteriosa de paredes lisas y brillantes. Al entrar, dejó caer accidentalmente una piedra brillante que llevaba en su abrigo de lana, y la roca hizo un sonido gracioso al rebotar: ""¡clac, clac!"". Para su sorpresa, las paredes de la cueva repitieron el sonido muchas veces, transformándolo en una divertida melodía rítmica. Naya comenzó a aplaudir y a dar pisotones sobre el suelo de tierra, creando un patrón musical que hacía bailar a las sombras de las lianas elásticas en el exterior. El tierno silbido del viento se unió a la fiesta subterránea. Al escuchar el alboroto, un pequeño tiranosaurio manso asomó su cabeza y unió su rugido amigable al gran concierto de ecos. Desde ese día, la cueva se convirtió en el lugar favorito de la tribu para inventar canciones."
cuento_415,La Flauta del Cazador Solitario,Anonimo,dinosaurios_y_prehistoria,español,171,Cuentos para dormir,Colab AI,c5c7471ffc5a272e3c3eadc7a3b4e42f,"Yari era un joven de la edad de piedra que prefería observar el comportamiento de los animales antes que salir de caza con la tribu. Un día, mientras caminaba por un cañón de piedra gris, encontró un trozo de caña hueca que había sido arrastrado por el río desde las zonas de helecho gigante. Con la ayuda de una piedra brillante afilada, le hizo varios agujeros pequeños y sopló con suavidad. El instrumento emitió un tierno silbido que imitaba a la perfección el canto de un ave primitiva. Fascinado por el sonido, Yari se sentó sobre un tronco petrificado y comenzó a componer una dulce melodía. Al poco tiempo, un pequeño tiranosaurio manso que paseaba entre las lianas elásticas se acercó despacio, atraído por la hermosa música. El dinosaurio se sentó junto al joven y unió su rugido amigable al compás de la flauta. Yari comprendió que la música era el lenguaje universal que unía a los humanos y a las criaturas de la prehistoria en una hermosa melodía de paz."
cuento_416,La Fogata de las Piedras Brillantes,Anonimo,dinosaurios_y_prehistoria,español,145,Cuentos para dormir,Colab AI,3b9933809ffd29af7ab9bc3952ee34ef,"Ula era una niña de la tribu de la edad de piedra que tenía la importante tarea de recolectar leña seca cerca de la cueva misteriosa. Una tarde de frío extremo, mientras buscaba ramas entre los árboles ancestrales, encontró un grupo de piedras brillantes de color rojizo acumuladas cerca de una grieta del gran volcán. Con mucha curiosidad, Ula las tomó usando unas lianas elásticas y las llevó al centro del campamento sobre la arcilla blanda. Al frotarlas con un trozo de tronco petrificado, las piedras comenzaron a emitir un calor suave y constante que ahuyentó la niebla espesa, iluminando el lugar sin necesidad de encender fuego. La tribu entera se reunió alrededor del cálido brillo, y un tierno estegosaurio que paseaba por el desfiladero se acercó a descansar junto a ellos, compartiendo un rugido amigable que celebró el gran descubrimiento de la pequeña recolectora."
cuento_417,La Fogata de los Tres Deseos,Anonimo,dinosaurios_y_prehistoria,español,165,Cuentos para dormir,Colab AI,22bd83019830aab98e3d3e6bc6ee4def,"Nuba era una niña de la tribu de la edad de piedra que tenía la tarea de cuidar el fuego de la comunidad durante las frías noches del gran glaciar. Una noche estrellada, mientras acomodaba troncos petrificados en el centro del campamento, una chispa saltó hacia una piedra brillante que reposaba en el suelo, encendiéndola con un destello de color verde mágico. Sorprendida, Nuba frotó su abrigo de lana y pidió un deseo en voz baja: que la tormenta eléctrica se alejara del valle. Al instante, las nubes del horizonte se disiparon y la luna iluminó las hojas de helecho gigantes. Animada por la magia, la niña pidió que los cachorros de la tribu tuvieran siempre suficiente abrigo y que un tierno braquiosaurio manso los ayudara a recolectar frutos altos. A la mañana siguiente, los cazadores regresaron con suaves pieles y un gigante de cuello largo esperaba pacientemente junto a las lianas elásticas. Nuba sonrió, sabiendo que la naturaleza siempre escuchaba a los corazones puros."
cuento_418,La Noche de las Luciérnagas Prehistóricas,Anonimo,dinosaurios_y_prehistoria,español,127,Cuentos para dormir,Colab AI,b05cb29813da980cea924b6139deb206,"Una noche de calma total, el desfiladero se iluminó con la llegada de miles de luciérnagas prehistóricas que revoloteaban entre los troncos petrificados. Un tierno braquiosaurio y una niña de la edad de piedra observaban el espectáculo recostados sobre la arcilla blanda de la llanura. Los dos amigos disfrutaban de la frescura de la noche, rodeados por lianas elásticas que colgaban de los árboles ancestrales. Cuando una pequeña nube tapó la luna, las luciérnagas se posaron sobre el largo lomo del gigante, transformándolo en un faro viviente que alumbraba toda la cueva misteriosa. La niña estiró sus garras mansas para acariciar al gran dinosaurio, mientras este emitía un tierno silbido arrullador que se mezcló con el viento, sellando la noche con un pacífico y profundo rugido amigable."
cuento_419,La Piedra de los Deseos Prehistóricos,Anonimo,dinosaurios_y_prehistoria,español,166,Cuentos para dormir,Colab AI,02d337a50c7bbf14f19f06916643bcb8,"Chani era una niña de la tribu de la edad de piedra a la que le encantaba observar las estrellas alrededor de la fogata comunal. Una noche de verano, una hermosa lluvia de estrellas cruzó el firmamento, iluminando las hojas de helecho gigantes con destellos dorados. A la mañana siguiente, mientras caminaba cerca de los troncos petrificados, Chani encontró un fragmento de meteorito: una hermosa piedra brillante que aún conservaba un calorcito mágico. Al tomarla entre sus manos, pensó en lo difícil que sería para su tribu cruzar el desfiladero helado durante el próximo invierno. Increíblemente, al frotar la roca, esta comenzó a emitir un resplandor constante y cálido que ahuyentaba el frío a su alrededor. Chani llevó el tesoro a su cueva misteriosa y lo colocó en el centro del refugio. La piedra brillante mantuvo el hogar templado durante toda la temporada invernal, demostrando a la pequeña que la naturaleza prehistórica siempre guardaba maravillosos regalos del cielo para proteger a quienes tenían un corazón noble."
cuento_420,La Sombra del Pterodáctilo Gigante,Anonimo,dinosaurios_y_prehistoria,español,157,Cuentos para dormir,Colab AI,ce3ef9da5cc7e0372fc8a3ea3cbb014b,"Pipo era un tierno pterodáctilo que tenía un gran problema: le daba mucho miedo volar cuando el cielo se cubría con una niebla espesa. Prefería quedarse en su nido, protegido por las lianas elásticas de un árbol ancestral, observando cómo sus amigos cruzaban el cañón. Una tarde, una fuerte tormenta eléctrica comenzó a sacudir las montañas de piedra y el agua amenazó con inundar el refugio donde descansaban los pequeños velociraptors del valle. Al ver el peligro, Pipo supo que no podía quedarse quieto. Abrió sus enormes alas y, con un tierno silbido de valentía, se lanzó al vacío. Voló tan alto que su silueta se proyectó como una gran sombra protectora sobre la arcilla blanda, guiando a los asustados cachorros hacia una zona segura y elevada. Al llegar a la cima del desfiladero, todos los dinosaurios lo recibieron con rugidos amigables llenos de gratitud, y Pipo descubrió que sus alas eran más fuertes que cualquier temor."
cuento_421,Las Alas del Pequeño Pterodáctilo,Anonimo,dinosaurios_y_prehistoria,español,177,Cuentos para dormir,Colab AI,d64ee7bbb7caf53433e6c00c88ef57a5,"Pipo era un tierno pterodáctilo que vivía en la cima de una gran montaña de piedra. Aunque sus hermanos adoraban cruzar las corrientes de aire, Pipo sentía un miedo terrible a las alturas y prefería quedarse en el nido mirando las nubes. Un día, una ráfaga de viento huracanado sopló con tanta fuerza que hizo rodar un huevo por incubar hacia el borde del precipicio. Al ver el peligro, Pipo olvidó por completo sus temores. Corrió con todas sus fuerzas, extendió sus largas alas texturizadas y se lanzó al vacío en un rescate desesperado. Sintió el frío aire prehistórico chocar contra su rostro mientras descendía a toda velocidad entre lianas elásticas. Con gran agilidad, atrapó el huevo con sus garras mansas justo antes de que tocara el suelo. Usando una corriente cálida que subía del valle, se elevó de nuevo con elegancia hacia la seguridad de su hogar. Su familia lo recibió con rugidos amigables llenos de orgullo. Pipo descubrió que sus alas eran fuertes y mágicas, y nunca más volvió a temerle al inmenso cielo azul."
cuento_422,Las Huellas Divertidas del Microrraptor,Anonimo,dinosaurios_y_prehistoria,español,147,Cuentos para dormir,Colab AI,d632140aa418b10fb1d73cc5c8dbb6bd,"Mica era una pequeña microrraptor que adoraba planear desde las ramas más altas de los árboles ancestrales hasta el suelo del cañón. Lo que más le divertía era picar la arcilla blanda con la punta de sus patas para dejar un rastro de huellas con formas divertidas cerca de los troncos petrificados. Un día, mientras jugaba, se encontró con un niño de la edad de piedra que intentaba recolectar raíces dulces pero no sabía qué camino tomar debido a la maleza de helechos gigantes. Mica saltó alegremente sobre una gran liana elástica y comenzó a marcar un camino despejado con sus garras mansas. El niño la siguió con entusiasmo, asombrado por la inteligencia de su pequeña amiga plumada. Al encontrar el alimento, el niño compartió una parte con Mica, sellando su encuentro con un tierno silbido de agradecimiento y un rugido amigable que resonó en el desfiladero."
cuento_423,Las Huellas del Amigo Secreto,Anonimo,dinosaurios_y_prehistoria,español,141,Cuentos para dormir,Colab AI,fb2b5ab9f2b26cd47b00eca0b241f03a,"Iker era un niño de la tribu de la edad de piedra que disfrutaba explorar el cañón después de una suave lluvia prehistórica. Una tarde, mientras caminaba cerca de los troncos petrificados, notó unas huellas gigantes impresas en la arcilla blanda. Eran diferentes a todas las que conocía; parecían formar un camino directo hacia la cueva misteriosa oculta tras los helechos gigantes. Lleno de curiosidad, Iker siguió el rastro con pasos sigilosos. Al entrar a la gruta, la densa niebla espesa desapareció, revelando a un tierno triceratops que usaba sus garras mansas para acomodar piedras brillantes en el suelo, dibujando formas divertidas. El animal, al ver al niño, no huyó; en cambio, lanzó un tierno silbido de invitación. Iker se sentó a su lado y juntos continuaron decorando la cueva, uniendo el ingenio humano con un rugido amigable del pequeño dinosaurio."
