id,titulo,autor,tematica,idioma,num_palabras,fuente,recolector,hash_texto,texto
brandon_reyna_0002,EL RATÓN CAMPESTRE Y EL CORTESANO,Esopo,piratas,es,238,campus educativo Fabuelas de Osopo,brandon_reyna,856ef36b34c499d84ab0e9fe7e66fd71808b5f66,"Un ratón campesino tenía por amigo a otro de la corte, y lo invitó a que fuese a comer al campo. Pero como solo podía ofrecerle trigo y yerbajos, el ratón cortesano le dijo:
—¿Sabes amigo que llevas una vida de hormiga? En cambio
yo poseo bienes en abundancia. Ven conmigo y a tu disposición los tendrás.
Partieron ambos para la corte. Mostró el ratón ciudadano a
su amigo trigo y legumbres, higos y queso, frutas y miel. Maravillado el ratón campesino, bendecía a su amigo de todo
corazón y renegaba de su mala suerte.
Dispuestos ya a darse un festín, un hombre abrió de pronto
la puerta. Espantados por el ruido los dos ratones se lanzaron temerosos a los agujeros. Volvieron luego a buscar higos
secos, pero otra persona incursionó en el lugar, y al verla, los
dos amigos se precipitaron nuevamente en una rendija para
esconderse.
Entonces el ratón de los campos, olvidándose de su hambre,
suspiró y dijo al ratón cortesano:
—Adiós amigo, veo que comes hasta hartarte y que estás muy satisfecho; pero es al precio de mil peligros y constantes temores. Yo, en cambio, soy un pobre diablo y vivo
mordisqueando la cebada y el trigo, pero sin angustias ni
temores hacia nadie.
Moraleja: Es tu decisión escoger el disponer de ciertos lujos y ventajas
que siempre van unidos a agobios y preocupaciones, o vivir un poco
más austeramente pero con más serenidad."
brandon_reyna_0003,ANDROCLES Y EL LEÓN,Esopo,piratas,es,184,campus educativo Fabuelas de Osopo,brandon_reyna,2fd8e419769fa2132c180fd0c6272d4f18279e0a,"Un esclavo llamado Androcles tuvo la oportunidad de escapar un día y corrió hacia el bosque.
Y mientras caminaba sin rumbo llegó a donde yacía un
león, que gimiendo le suplicó:
—Por favor, te ruego que me ayudes, pues tropecé con un
espino, y una púa se me enterró en la garra y me tiene sangrando y adolorido.
Androcles lo examinó y gentilmente extrajo la espina, lavó y
curó la herida. El león lo invitó a su cueva donde compartió
con él el alimento.
Pero días después, Androcles y el león fueron encontrados
por sus buscadores. Llevado Androcles al emperador fue
condenado a luchar contra los leones.
Una vez en la arena, fue suelto un león, y este empezó a
rugir y querer atacar a su víctima. Pero a medida que se le
acercó, reconoció a su benefactor y se lanzó sobre él pero
para lamerlo cariñosamente y posarse en su regazo como
una fiel mascota. Sorprendido el emperador por lo sucedido, supo al final la historia, perdonó al esclavo y liberó en el
bosque al león.
Moraleja: Los buenos actos siempre son recompensados."
brandon_reyna_0004,EL MARTÍN PESCADOR,Esopo,piratas,es,158,campus educativo Fabuelas de Osopo,brandon_reyna,6fc067f5b99fc884a0447be9dfb98d12d8e2155f,"Este pájaro gusta de la soledad y vive siempre a orillas y sobre el mar. Se dice que para huir de los hombres que le dan
caza, hace su nido en las rocas de la orilla.
Un día un martín pescador que iba a poner sus huevos se subió a un montículo, y divisando un peñasco erguido dentro
del mar, hizo en él su nido.
Al otro día, cuando salió en busca de comida, se levantó el
mar por una borrasca, alcanzó el nido y ahogó a los pajarillos.
Al regresar el martín pescador y ver lo sucedido, exclamó:
—¡Desdichado de mí, huyendo de los peligros conocidos de
la tierra, me refugié dentro del mar y me fue peor!
Moraleja: Si tienes que adentrarte en lo desconocido, ten en cuenta
la llegada de sorpresas agradables y desagradables. Nunca te confíes
a ciegas de lo que no conoces. En terrenos nuevos, anda con paso
sereno y ojos bien abiertos."
brandon_reyna_0005,HERMES Y EL ESCULTOR,Esopo,piratas,es,116,campus educativo Fabuelas de Osopo,brandon_reyna,f689eca5f320afbce47672df45f32e657fd5b8eb,"Quiso Hermes saber hasta dónde lo estimaban los hombres,
y tomando la figura de un mortal se presentó en el taller de
un escultor.
Viendo una estatua de Zeus, preguntó cuánto valía.
—Un dracma —le respondieron.
Sonrió y volvió a preguntar:
—¿Y la estatua de Hera cuánto?
—Vale más —le dijeron.
Viendo luego una estatua que lo representaba a él mismo,
pensó que, siendo al mismo tiempo el mensajero de Zeus y
el dios de las ganancias, estaría bien valuado entre los hombres; por lo que preguntó su precio.
El escultor contestó:
—No te costará nada. Si compras las otras dos, te regalaré
esta.
Moraleja: Nuestra propia vanidad siempre nos lleva a pasar por
terribles desilusiones."
brandon_reyna_0006,EL APICULTOR,Esopo,piratas,es,104,campus educativo Fabuelas de Osopo,brandon_reyna,6ae319ab286b6786762494b63af65b02eb0ada9e,"Un ladrón se introdujo en casa de un apicultor durante su
ausencia, robando miel y panales. A su regreso, el apicultor,
viendo vacías las colmenas, se detuvo a examinarlas. En esto,
las abejas, que volvían de libar y lo encontraron allí, lo picaron con sus aguijones y lo maltrataron horriblemente.
—¡Malditos bichos —les dijo el apicultor—, dejaron marchar sin castigo al que les había robado los panales, y a mí,
que los cuido con cariño, me hieren de un modo implacable.
Moraleja: Muchas veces sucede que vemos con desconfianza a nuestros amigos, pero por ignorancia le tendemos la mano a quien es
nuestro enemigo."
brandon_reyna_0008,EL BUEN LEÓN REY,Esopo,piratas,es,116,campus educativo Fabuelas de Osopo,brandon_reyna,768c018781a9daf3936aef4e8d83de5b5c141a06,"Había un león que no era enojoso, ni cruel, ni violento, sino
tratable y justo como una buena criatura. Este león llegó a
ser el rey.
Bajo su reinado se celebró una reunión general de los animales para disculparse y recibir mutua satisfacción: el lobo
dio la paz al cordero, la pantera al camello, el tigre al ciervo,
la zorra a la liebre, etc.
La tímida liebre dijo entonces:
—He anhelado ardorosamente la llegada de este día, a fin de
que los débiles seamos respetados con justicia por los más
fuertes.
E inmediatamente corrió lo mejor que pudo.
Moraleja: Cuando en un Estado se practica la justicia, los humildes
pueden vivir tranquilos… pero no deben descuidarse."
brandon_reyna_0011,EL EMBUSTERO,Esopo,piratas,es,140,campus educativo Fabuelas de Osopo,brandon_reyna,5628e0375625246ae3434880076382f3eafb8910,"Un hombre enfermo y de escasos recursos prometió a los
dioses sacrificarles cien bueyes si lo salvaban de la muerte. Queriendo probar al enfermo, los dioses lo ayudaron a
recobrar rápidamente la salud, y el hombre se levantó del
lecho. Pero como no poseía los cien bueyes prometidos, los
modeló con sebo y los llevó a sacrificar a un altar, diciendo:
—¡Aquí tienen, oh, dioses, mi ofrenda!
Los dioses decidieron burlarse, a su vez, del embustero, y le
enviaron un sueño que lo instaba a dirigirse a la orilla del
mar, donde inmediatamente encontraría mil monedas de
plata.
No pudiendo contener su alegría, el hombre corrió a la playa, pero allí cayó en manos de unos piratas que luego lo
vendieron como esclavo. Y fue así como encontró las mil
monedas de plata.
Moraleja: Quien trata de engañar, termina engañado."
brandon_reyna_0012,EL LEÓN Y EL RATÓN,Esopo,piratas,es,137,campus educativo Fabuelas de Osopo,brandon_reyna,b037131cb00d90b2bb962d82600195d21bffb4a8,"Dormía tranquilamente un león cuando un ratón empezó
a juguetear encima de su cuerpo. Despertó el león y rápidamente atrapó al ratón; y a punto de ser devorado, le pidió
este que lo perdonara, prometiéndole pagarle cumplidamente llegado el momento oportuno. El león echó a reír y
lo dejó marchar.
Pocos días después, unos cazadores apresaron al rey de la
selva y lo ataron con una cuerda a un frondoso árbol. Pasó
por ahí el ratoncillo, quien al oír los lamentos del león, corrió al lugar y royó la cuerda, dejándolo libre.
—Días atrás —le dijo—, te burlaste de mí pensando que
nada podría hacer por ti en agradecimiento. Ahora es bueno que sepas que los pequeños ratones somos agradecidos
y cumplidos.
Moraleja: Nunca desprecies las promesas de los pequeños honestos.
Cuando llegue el momento, las cumplirán."
brandon_reyna_0013,EL LOBO FLAUTISTA Y EL CABRITO,Esopo,piratas,es,116,campus educativo Fabuelas de Osopo,brandon_reyna,22483afb1dd59be80c6d1239160de093076a2375,"Un cabrito se rezagó en el rebaño y fue alcanzado por un
lobo que lo perseguía. Se volvió hacia este y le dijo:
—Ya sé, señor lobo, que estoy condenado a ser tu almuerzo.
Pero para no morir sin honor, toca la flauta y yo bailaré por
última vez.
Y así lo hicieron, pero los perros, que no estaban lejos, oyeron el ruido y salieron a perseguir al lobo. Viendo la mala
pasada, se dijo el lobo:
—Con sobrada razón me ha sucedido esto, porque siendo
yo cazador, no debí meterme a flautista.
Moraleja: Cuando vayas a efectuar una nueva actividad, antes ten
en cuenta tus capacidades y las circunstancias, para valorar si podrás salir adelante."
brandon_reyna_0017,EL JOVEN PASTOR QUE ANUNCIABA AL LOBO,Esopo,piratas,es,117,campus educativo Fabuelas de Osopo,brandon_reyna,e66b7df57c39f64fa760325bcc88b396db3e154d,"Un joven pastor, que cuidaba un rebaño de ovejas cerca de
una villa, alarmó a los habitantes tres o cuatro veces gritando:
—¡El lobo, el lobo!
Pero cuando los vecinos llegaban a ayudarle, se reía viendo
sus preocupaciones. Pero el lobo, un día, llegó de verdad.
El joven pastor, ahora alarmado él mismo, gritaba lleno de
terror:
—¡Por favor, vengan y ayúdenme! ¡El lobo está matando las
ovejas!
Pero ya nadie puso atención a sus gritos, y mucho menos
pensó en acudir a auxiliarlo. Y el lobo, viendo que no había
razón para temer mal alguno, hirió y destrozó a su antojo
todo el rebaño.
Moraleja: Al mentiroso nunca se le cree, aun cuando dice la verdad."
brandon_reyna_0018,EL CIERVO EN EL PESEBRE DE LOS BUEYES,Esopo,piratas,es,250,campus educativo Fabuelas de Osopo,brandon_reyna,1ab14a7fa28c53742ef81df96975bdd803a7f452,"Un ciervo perseguido por la jauría, y ciego por el terror del
peligro en que se encontraba, llegó a una granja y se escondió entre unas pajas en un cobertizo para bueyes. Un buey,
amablemente, le dijo:
—¡Oh, pobre criatura! ¿Por qué, de esa forma, has decidido
arruinarte y venir a refugiarte a la casa de tu enemigo?
Y replicó el ciervo:
—Permíteme, amigo, quedarme donde estoy, y yo esperaré
la mejor oportunidad para escapar.
Al final de la tarde llegó el arriero para alimentar el ganado,
pero no vio al ciervo. Incluso el administrador de la finca
pasó con varios de sus empleados sin notar su presencia. El
ciervo, congratulándose a sí mismo por su seguridad, comenzó a agradecer a los bueyes su gentileza por la ayuda en
los momentos de necesidad. Uno de los bueyes le advirtió:
—Realmente deseamos tu bienestar, pero el peligro no ha
terminado. Todavía falta que otro hombre revise el establo;
este pareciera que tiene cien ojos, y hasta tanto, no puedes
estar seguro.
Al momento ingresó el dueño y, quejándose de que no habían alimentado bien a los bueyes, fue al pajar y exclamó:
—¿Por qué falta paja aquí? Ni siquiera hay para que se echen.
—¡Y esos vagos ni siquiera limpiaron las telarañas!
Y mientras seguía examinando todo, vio sobresalir de entre
la paja las puntas de una cornamenta. Entonces llamando a
sus empleados, ordenó la captura del ciervo y su posterior
sacrificio.
Moraleja: Nunca te refugies en los terrenos del enemigo."
brandon_reyna_0019,LA HORMIGA Y EL ESCARABAJO,Esopo,piratas,es,136,campus educativo Fabuelas de Osopo,brandon_reyna,525a900cf9f0a84b9ab89bef8e1b27882369dfe4,"Llegado el verano, una hormiga que rondaba por el campo recogía los granos de trigo y cebada, guardándolos para
alimentarse durante el invierno. La vio un escarabajo y se
asombró de verla tan ocupada en una época en que todos
los animales, descuidando sus trabajos, se abandonan a la
buena vida. Nada respondió la hormiga por el momento;
pero más tarde, cuando llegó el invierno y la lluvia deshacía las bostas, el escarabajo hambriento fue a pedirle a la
hormiga una limosna de comida. Entonces sí respondió la
hormiga:
—Mira escarabajo, si hubieras trabajado en la época en que
yo lo hacía y tú te burlabas de mí, ahora no te faltaría el
alimento.
Moraleja: Cuando te queden excedentes de lo que recibes por tu
trabajo, guarda una porción para cuando vengan los tiempos de
escasez."
brandon_reyna_0021,EL LABRADOR Y EL ÁRBOL,Esopo,piratas,es,147,campus educativo Fabuelas de Osopo,brandon_reyna,be0e98a04d4f1aaeed3a920a45c7c700f41f4b4f,"En el campo de un labriego había un árbol estéril que únicamente servía de refugio a los gorriones y a las cigarras ruidosas.
El labrador, viendo su esterilidad, se dispuso a abatirlo y descargó contra él su hacha.
Le suplicaron los gorriones y las cigarras que no abatiera su
asilo, para que en él pudieran cantar y agradarle a él mismo.
Pero sin hacerles caso, le asestó un segundo golpe, luego un
tercero. Rajado el árbol, vio un panal de abejas y probó y
gustó su miel, con lo que arrojó el hacha, y desde entonces
honró y cuidó el árbol con gran esmero, como si fuera sagrado.
Moraleja: Mucha gente hay que hace un bien solo si de él recoge
beneficio, no por amor y respeto a lo que es justo. Haz el bien por el
bien mismo, no porque de él vayas a sacar provecho."
brandon_reyna_0022,EL LOBO Y EL LABRADOR,Esopo,piratas,es,110,campus educativo Fabuelas de Osopo,brandon_reyna,08def6afce7b6bcf72dd13562e2fa3396bcfb284,"Llevó un labrador su yunta de bueyes al abrevadero.
Caminaba por ahí cerca un lobo hambriento en busca de
comida.
Encontró el lobo el arado y empezó a lamer los bordes del
yugo, y enseguida y sin darse cuenta terminó por meter su
cabeza adentro.
Agitándose como mejor podía para soltarse, arrastraba el
arado a lo largo del surco.
Al regresar el labrador, y viéndolo en esta actividad, le dijo:
—¡Ah, lobo ladrón, que felicidad si fuera cierto que renunciaste a tu oficio y te has unido a trabajar honradamente la
tierra!
Moraleja: A veces, por casualidad o no, los malvados parecieran
actuar bien, pero su naturaleza siempre los delata."
brandon_reyna_0023,LA LIEBRE Y LA TORTUGA,Esopo,piratas,es,145,campus educativo Fabuelas de Osopo,brandon_reyna,7eac924f78839a66862bf5378a67740431d86cf9,"Cierto día, una liebre se burlaba de las patas cortas y la
lentitud del caminar de una tortuga. Pero esta, riéndose, le
replicó:
—Puede que seas veloz como el viento, pero yo te ganaría
en una competencia.
Y la liebre, totalmente segura de que aquello era imposible,
aceptó el reto, y propusieron a la zorra que señalara el camino y la meta.
Legado el día de la carrera, arrancaron ambas al mismo
tiempo. La tortuga nunca dejó de caminar y en su lento
pero constante paso, avanzaba tranquila hacia la meta. En
cambio, la liebre, que a ratos se echaba a descansar en el
camino, se quedó dormida. Cuando despertó, y moviéndose
lo más veloz que pudo, vio como la tortuga había llegado
primera al final y obtenido la victoria.
Moraleja: Con seguridad, constancia y paciencia, aunque a veces
parezcamos lentos, obtendremos siempre el éxito."
brandon_reyna_0025,EL LEÓN ENAMORADO DE LA HIJA DEL LABRADOR,Esopo,piratas,es,130,campus educativo Fabuelas de Osopo,brandon_reyna,7d9aee0df5fee4b0c682f15593002f734a77d450,"Se había enamorado un león de la hija de un labrador y la
pidió en matrimonio.
Y no podía el labrador decidirse a dar su hija a tan feroz
animal, ni a negársela por el temor que le inspiraba.
Entonces ideó lo siguiente: como el león no dejaba de insistirle, le dijo que le parecía digno para ser esposo de su hija,
pero que al menos debería cumplir con la siguiente condición: “que se arrancara los dientes y se cortara sus uñas,
porque eso era lo que atemorizaba a su hija”.
El león aceptó los sacrificios porque en verdad la amaba.
Una vez que el león cumplió lo solicitado, cuando volvió a
presentarse ya sin sus poderes, el labrador, lleno de desprecio por él, lo despidió sin piedad a golpes."
brandon_reyna_0026,EL MERCADER DE SAL Y EL ASNO,Esopo,piratas,es,185,campus educativo Fabuelas de Osopo,brandon_reyna,649c9d1f6bfc72fac8a7fa2159e08d473e4a04f2,"Llevó un mercader a su asno a la costa para comprar sal.
En el camino de regreso a su pueblo pasaban por un río,
en el cual, en un hueco, su asno resbaló mojando su carga. Cuando se levantó, sintió aliviado su peso considerablemente, pues mucha de la sal se había diluido.
Retornó el mercader a la costa y cargó más sal que la vez
anterior.
Cuando llegaron otra vez al río, el asno se tiró a propósito
en el mismo hoyo en el que había caído antes, y levantándose de nuevo con mucho menos peso, se enorgullecía triunfantemente de haber obtenido lo que buscaba.
Notó el comerciante el truco del asno, y por tercera vez regresó a la costa, donde esta vez compró una carga de esponjas en vez de sal.
Y el asno, tratando de jugar de nuevo a lo mismo, se tiró en
el hueco del río, pero esta vez las esponjas se llenaron de
agua y aumentaron terriblemente su peso.
Y así el truco le rebotó al asno, y tuvo que cargar ahora en su
espalda más del doble de peso."
brandon_reyna_0027,EL LOBO Y EL PASTOR,Esopo,piratas,es,117,campus educativo Fabuelas de Osopo,brandon_reyna,a0e463440fab4a6cc011f5cbb9a97a0cbeb2814a,"Acompañaba un lobo a un rebaño de ovejas pero sin hacerles daño. Al principio el pastor lo observaba y tenía cuidado
de él como de un enemigo. Pero como el lobo lo seguía y
en ningún momento intentó robo alguno, llegó a pensar el
pastor que más bien tenía a un guardián de aliado.
Cierto día, teniendo el pastor necesidad de ir al pueblo, dejó
sus ovejas confiadamente junto al lobo y se marchó.
El lobo, al ver que había llegado el momento oportuno, se
lanzó sobre el rebaño y devoró casi todo.
Cuando regresó el pastor y vio todo lo sucedido exclamó:
—Bien merecido lo tengo; porque: ¿de dónde saqué confiar
las ovejas a un lobo?"
brandon_reyna_0028,"EL CIERVO, EL MANANTIAL Y EL LEÓN",Esopo,piratas,es,144,campus educativo Fabuelas de Osopo,brandon_reyna,1697d2c0fe2220b89ff67a9034375f515c24a122,"Agobiado por la sed, llegó un ciervo a un manantial. Después de beber, vio su reflejo en el agua. Al contemplar su
hermosa cornamenta, se sintió orgulloso, pero quedó descontento por sus piernas débiles y finas.
Sumido aún en estos pensamientos, apareció un león que
comenzó a perseguirlo. Echó a correr y le ganó una gran
distancia, pues la fuerza de los ciervos está en sus piernas y
la del león en su corazón.
Mientras el campo fue llano, el ciervo guardó la distancia
que lo salvaba; pero al entrar en el bosque sus cuernos se engancharon a las ramas y, no pudiendo escapar, fue atrapado
por el león. A punto de morir, exclamó para sí mismo:
—¡Desdichado! Mis pies, que pensaba me traicionaban,
eran los que me salvaban, y mis cuernos, en los que ponía
toda mi confianza, son los que me pierden."
brandon_reyna_0029,EL ÁGUILA Y LA ZORRA,Esopo,piratas,es,233,campus educativo Fabuelas de Osopo,brandon_reyna,71e0d5f6afba7854be8848be33dd22ed96440c6e,"Un águila y una zorra, que eran muy amigas, decidieron vivir juntas con la idea de que eso reforzaría su amistad. Entonces el águila escogió un árbol muy elevado para poner
allí sus huevos, mientras que la zorra soltó a sus hijos bajo
unas zarzas sobre la tierra al pie del mismo árbol.
Un día que la zorra salió a buscar su comida, el águila, que estaba hambrienta, cayó sobre las zarzas, se llevó a los zorritos,
y entonces ella y sus crías se regocijaron con un banquete.
Regresó la zorra, y más le dolió el no poder vengarse que
saber de la muerte de sus pequeños. ¿Cómo podría ella, siendo un animal terrestre, sin poder volar, perseguir a uno que
vuela?
Tuvo que conformarse con el usual consuelo de los débiles e
impotentes: maldecir desde lejos a su enemigo.
Pero no pasó mucho tiempo para que el águila recibiera el
pago por su traición contra la amistad. Se encontraban en el
campo unos pastores sacrificando una cabra; cayó el águila
sobre ella y se llevó una víscera que aún conservaba fuego,
y la colocó en su nido. Vino un fuerte viento y transmitió el fuego a las pajas, ardiendo también sus pequeños aguiluchos, que por pequeños aún no sabían volar y se vinieron al
suelo. Corrió entonces la zorra, y tranquilamente devoró a
todos los aguiluchos ante los ojos de su enemiga."
brandon_reyna_0035,LOS HIJOS DESUNIDOS DEL LABRADOR,Esopo,piratas,es,111,campus educativo Fabuelas de Osopo,brandon_reyna,3dff7e52890d026fddc03c990ada2b893c2c10f6,"Los hijos de un labrador vivían en discordia y desunión. Sus
exhortaciones eran inútiles para hacerles cambiar de sentimientos, por lo cual resolvió darles una lección con la experiencia.
Los llamó y les dijo que le llevaran un atado de ramas. Cumplida la orden, les dio el manojo de ramas y les dijo que lo
rompieran; pero a pesar de todos sus esfuerzos, no lo consiguieron. Entonces deshizo el manojo y les dio las ramas una
a una; los hijos las rompieron fácilmente.
—¡Ahí tienen! —les dijo el padre—. Si también ustedes,
hijos míos, permanecen unidos, serán invencibles ante sus
enemigos; pero estando divididos serán vencidos uno a uno
con facilidad."
brandon_reyna_0036,LOS LOBOS SE RECONCILIAN CON LOS PERROS,Esopo,piratas,es,113,campus educativo Fabuelas de Osopo,brandon_reyna,8dba08f36cdc415479d8f3648359e1b5ce1d5ee5,"Los perros llamaron a los lobos, y les dijeron:
—Oigan, siendo ustedes y nosotros tan semejantes, ¿por
qué no nos entendemos como hermanos, en vez de pelearnos? Lo único que tenemos diferente es cómo vivimos.
Nosotros somos libres; en cambio ustedes sumisos y sometidos en todo a los hombres: aguantan sus golpes, soportan
los collares y les guardan los rebaños. Cuando sus amos
comen, a ustedes solo les dejan los huesos. Les proponemos
lo siguiente: dennos los rebaños y los compartiremos para
saciarnos.
Creyeron los perros las palabras de los lobos y traicionaron
a sus amos; y los lobos, al ingresar a los corrales, lo primero
que hicieron fue matar a los perros."
brandon_reyna_0038,HERMES Y EL LEÑADOR,Esopo,piratas,es,210,campus educativo Fabuelas de Osopo,brandon_reyna,30dc27ebeb6ad0dd711149746b435c8e4cb66fb1,"Un leñador, que a la orilla de un río cortaba leña, perdió su
hacha. Sin saber qué hacer, se sentó llorando en la orilla.
Compadecido Hermes de su tristeza, se arrojó al río y volvió
con un hacha de oro, preguntando si era esa la que había
perdido. Le contestó el leñador que no; volvió Hermes a sumergirse y regresó con una de plata. El leñador otra vez dijo
que no era suya, por lo que Hermes se sumergió de nuevo y
volvió con el hacha perdida.
Entonces el hombre le dijo que sí era esa la de él.
Hermes, seducido por su honradez, le dio las tres hachas.
Al volver con sus compañeros, el leñador contó su aventura.
Uno de ellos se propuso conseguir otro tanto. Se dirigió a la
orilla del río, lanzó su hacha en la corriente y se sentó luego
a llorar.
Entonces Hermes se le apareció también y, conociendo el
motivo de su llanto, se arrojó al río y le presentó igualmente
un hacha de oro, preguntándole si era la que había perdido.
El pícaro, muy contento, exclamó:
—¡Sí, esa es! Pero el dios horrorizado por su desvergüenza, no solo se
quedó con el hacha de oro, sino que además no le devolvió
la suya."
brandon_reyna_0039,LAS RANAS QUE PIDEN UN REY,Esopo,piratas,es,144,campus educativo Fabuelas de Osopo,brandon_reyna,96deadf279aaac8442eb74c30a10d43b2320fcd5,"Cansadas las ranas del propio desorden y anarquía en que
vivían, mandaron una delegación a Zeus para que les enviara un rey.
Zeus, atendiendo su petición, les envió un grueso tronco a
su charco.
Espantadas las ranas por el ruido que hizo el tronco al caer,
se escondieron donde mejor pudieron. Por fin, al ver que el
tronco no se movía más, fueron saliendo a la superficie, y
dada la quietud que predominaba, empezaron a sentir tan
gran desprecio por el nuevo rey, que saltaban sobre él y se le
sentaban encima, burlándose sin descanso.
Y así, sintiéndose humilladas por tener de monarca a un
simple tronco, volvieron con Zeus y le pidieron que les cambiara el rey, pues este era demasiado tranquilo.
Indignado Zeus, les mandó una activa serpiente de agua
que, una a una, las atrapó y devoró a todas sin compasión."
brandon_reyna_0040,EL ÁGUILA DE LAS ALAS CORTADAS Y LA ZORRA,Esopo,piratas,es,137,campus educativo Fabuelas de Osopo,brandon_reyna,08ed50e4c50f6d2542881dc6c0bd4070e5e6e773,"Cierto día un hombre capturó a un águila, le cortó sus alas y
la soltó en el corral junto con todas sus gallinas. Apenada, el
águila, antes poderosa, bajaba la cabeza y pasaba sin comer:
se sentía como una reina encarcelada.
Pasó otro hombre que la vio, le gustó y decidió comprarla.
Le arrancó las plumas cortadas y se las hizo crecer de nuevo.
Repuesta el águila de sus alas, alzó vuelo y apresó a una liebre para llevársela en agradecimiento a su liberador.
La vio una zorra y, maliciosamente, la mal aconsejó diciéndole:
—No le lleves la liebre al que te liberó, sino al que te capturó; pues el que te liberó ya es bueno sin más estímulo. Procura más bien ablandar al otro, no vaya a atraparte de nuevo
y te arranque completamente las alas."
brandon_reyna_0041,EL LEÓN Y EL TORO,Esopo,piratas,es,107,campus educativo Fabuelas de Osopo,brandon_reyna,1d68823eda866bdd8d1cf025ba57a7232a1bb783,"Pensaba el león cómo capturar a un toro muy corpulento, y
decidió utilizar la astucia. Le dijo al toro que había sacrificado un carnero y que lo invitaba a compartirlo. Su plan era
atacarlo cuando se hubiera echado junto a la mesa.
Llegó al sitio el toro, pero viendo solo grandes fuentes y asadores, y ni asomo de carnero, se largó sin decir una palabra.
Le reclamó el león por qué se marchaba así, pues nada le
había hecho.
—Sí que hay motivo —respondió el toro—, pues todos los
preparativos que has hecho no son para el cuerpo de un carnero, sino para el de un toro."
brandon_reyna_0042,EL GALLO Y LA COMADREJA,Esopo,piratas,es,124,campus educativo Fabuelas de Osopo,brandon_reyna,fea3ebc9540b488edd191128b15319b99bfa0052,"Una comadreja atrapó a un gallo y quiso tener una razón
admisible para comérselo.
La primera acusación fue la de importunar a los hombres y
de impedirles dormir con sus molestos cantos por la noche.
Se defendió el gallo diciendo que lo hacía para servirles,
pues despertándolos, les recordaba que debían comenzar
sus trabajos diarios.
Entonces la comadreja buscó una segunda acusación: que
maltrataba a la Naturaleza por buscar como novias incluso
a su madre y a sus hermanas.
Repuso el gallo que con ello también favorecía a sus dueños,
porque así las gallinas ponían más huevos.
—¡Vaya —exclamó la comadreja—, veo que bien sabes tener respuesta para todo, pero no por eso voy a quedarme en
ayunas! —y se lo sirvió de cena."
brandon_reyna_0043,EL RATÓN Y LA RANA,Esopo,piratas,es,115,campus educativo Fabuelas de Osopo,brandon_reyna,85a3b1e27f604606c989310e9336692ef0394a04,"Un ratón de tierra se hizo amigo de una rana, para desgracia
suya.
La rana, obedeciendo a desviadas intenciones de burla, ató
la pata del ratón a su propia pata. Marcharon entonces primero por tierra para comer trigo, luego se acercaron a la
orilla del pantano.
La rana, dando un salto, arrastró hasta el fondo al ratón,
mientras que retozaba en el agua lanzando sus conocidos
gritos. El desdichado ratón, hinchado de agua, se ahogó y
quedó a flote atado a la pata de la rana.
Los vio un milano que por ahí volaba y apresó al ratón con
sus garras, arrastrando con él a la rana encadenada, quien
también sirvió de cena al milano."
brandon_reyna_0044,EL VIEJO PERRO CAZADOR,Esopo,piratas,es,114,campus educativo Fabuelas de Osopo,brandon_reyna,602897d4d56a9e560cd5f038ce41ecb26b237159,"Un viejo perro cazador, que en sus días de juventud y fortaleza jamás se había rendido ante ninguna bestia del bosque
encontró en sus ancianos días un jabalí en una cacería. Y lo
agarró por la oreja, pero no pudo retenerlo por la debilidad
de sus dientes, de modo que el jabalí escapó.
Su amo, que llegó rápidamente, se mostró muy disgustado,
y groseramente reprendió al perro.
El perro lo miró lastimosamente y le dijo:
—Mi amo, mi espíritu está tan bueno como siempre, pero
no puedo sobreponerme a las flaquezas de mi cuerpo. Yo
prefiero que me alabes por lo que he sido, y no que me maltrates por lo que ahora soy."
brandon_reyna_0046,"EL LEÓN, LA ZORRA Y EL ASNO",Esopo,piratas,es,113,campus educativo Fabuelas de Osopo,brandon_reyna,d6a139eb8baf2377c90c4f70dae2880aeb763e08,"El león, la zorra y el asno se asociaron para ir de caza.
Cuando ya tuvieron bastante, dijo el león al asno que repartiera entre los tres el botín. Hizo el asno tres partes iguales y le
pidió al león que escogiera la suya. Indignado por haber hecho
el asno las tres partes iguales, saltó sobre él y lo devoró.
Entonces pidió a la zorra que fuera ella quien repartiera.
La zorra hizo un montón de casi todo, dejando en el otro
grupo solo unas piltrafas. Llamó al león para que escogiera
de nuevo.
Al ver aquello, le preguntó el león quién le había enseñado
a repartir tan bien.
—¡Pues el asno, señor!"
brandon_reyna_0048,"EL LEÓN, LA ZORRA Y EL CIERVO",Esopo,piratas,es,587,campus educativo Fabuelas de Osopo,brandon_reyna,7c6a405167eca8194e95c65470179e229c89e793,"Habiéndose enfermado el león, se tumbó en una cueva y le
dijo a la zorra, a la que estimaba mucho y con quien tenía
muy buena amistad:
—Si quieres ayudarme a sanar y que siga vivo, seduce con
tu astucia al ciervo y tráelo acá, pues estoy antojado de sus
carnes.
Salió la zorra a cumplir el cometido, y encontró al ciervo
saltando feliz en la selva. Se le acercó saludándolo amablemente y le dijo:
—Vengo a darte una excelente noticia. Como sabes, el león,
nuestro rey, es mi vecino; pero resulta que ha enfermado y
está muy grave. Me preguntaba qué animal podría sustituirlo como rey después de su muerte.
—Y pensé —continuó la zorra—… el jabalí no, pues no es
muy inteligente; el oso es muy torpe; la pantera muy temperamental; el tigre es un fanfarrón; creo que el ciervo es el
más digno de reinar, pues es esbelto, de larga vida y temido
por las serpientes por sus cuernos. Pero para qué te cuento
más, está decidido que serás el rey.—¿Qué me darás —le preguntó la zorra— por habértelo
anunciado antes que a nadie? Contéstame, que tengo prisa
y temo que me llame el león, pues yo soy su consejero. Pero
si quieres oír a alguien con experiencia, te aconsejo que me
sigas y acompañes fielmente al león hasta su muerte.
Terminó de hablar la zorra, y el ciervo, lleno de vanidad con
aquellas palabras, caminó decidido a la cueva sin sospechar
lo que ocurriría.
Al verlo, el león se le abalanzó, pero solo logró rasparle las
orejas. El ciervo, asustado, huyó velozmente hacia el bosque.
La zorra se golpeaba sus patas al ver perdida su partida. Y el
león lanzaba fuertes gritos, estimulado por su hambre y la
pena. Suplicó a la zorra que lo intentara de nuevo. Y dijo la
zorra:
—Es algo penoso y difícil, pero lo intentaré.
Salió de la cueva y siguió las huellas del ciervo hasta encontrarlo reponiendo sus fuerzas.
Viéndola el ciervo, encolerizado y listo para atacarla, le dijo:
—¡Zorra miserable, no vengas a engañarme! ¡Si das un paso
más, cuéntate como muerta! Busca a otros que no sepan de
ti, háblales bonito y súbeles los humos prometiéndoles el
trono, pero ya no más a mí.
Pero la astuta zorra le replicó:
—Pero señor ciervo, no seas tan flojo y cobarde. No desconfíes de nosotros que somos tus amigos. El león, al tomar tu
oreja, solo quería decirte en secreto sus consejos e instrucciones sobre cómo gobernar, y tú ni siquiera tienes paciencia para el simple arañazo de un viejo enfermo. Ahora está
furioso contra ti y está pensando en hacer rey al intrépido
lobo. ¡Pobre! ¡Todo lo que sufre por ser el amo! Ven conmigo, que nada tienes que temer, pero eso sí, sé humilde como
un cordero. Te juro por toda esta selva que no debes temer
nada del león. Y en cuanto a mí, solo pretendo servirte.
Y engañado de nuevo, salió el ciervo hacia la cueva. No había más que entrado, cuando ya el león vio plenamente saciado su antojo, procurando no dejar ni recuerdo del ciervo.
Sin embargo cayó el corazón al suelo, y lo tomó la zorra a
escondidas, como pago a sus gestiones. Y el león, buscando
el faltante corazón, preguntó a la zorra por él. Le contestó
la zorra:
—Ese ciervo ingenuo no tenía corazón, ni lo busques. ¿Qué
clase de corazón podría tener un ciervo que vino dos veces
a la casa y a las garras del león?"
brandon_reyna_0049,"ZEUS, LOS ANIMALES Y LOS HOMBRES",Esopo,piratas,es,104,campus educativo Fabuelas de Osopo,brandon_reyna,c31fe5be14c0f2ad8433ec2c824879b9e6cf6502,"Dicen que Zeus modeló a los animales primero, y que le
concedió la fuerza a uno, a otro la rapidez, al de más allá las
alas; pero al hombre lo dejó desnudo, y este dijo:
—¡Solo a mí me has dejado sin ningún favor!
—No te das cuenta del regalo que te he hecho —repuso
Zeus—, y es el más importante, pues has recibido la razón,
poderosa entre los dioses y los hombres, más poderosa que
los animales más poderosos, más veloz que las aves más
veloces.
Entonces el hombre, reconociendo el regalo recibido de
Zeus, se alejó adorando y dando gracias al dios."
brandon_reyna_0050,LA CIGARRA Y LA HORMIGA,Jean de La Fontaine,piratas,es,112,Idartes en casa,brandon_reyna,06bc91bee0a79c97c74f99e9f94d8f879ea5e64c,"La Cigarra, después de cantar todo el verano, se halló sin vituallas[1] cuando
comenzó a soplar el cierzo: ¡ni una ración fiambre de mosca o de gusanillo!
Hambrienta, fue a lloriquear en la vecindad, a casa de la Hormiga,
pidiéndole que le prestase algo de grano para mantenerse hasta la cosecha.
—Os lo pagaré con las setenas –le decía–, antes de que venga el mes de
agosto.
La Hormiga no es prestamista: ese es su menor defecto.
—¿Qué hacías en el buen tiempo? –preguntó a la pedigüeña.
—No quisiera enojaros –contestole–, pero la verdad es que pasaba
cantando día y noche.
—¡Bien me parece! Pues, mira: así como entonces cantabas, baila ahora."
brandon_reyna_0051,EL CUERVO Y EL ZORRO,Jean de La Fontaine,piratas,es,131,Idartes en casa,brandon_reyna,3957ca9a92c821417451091acfd0e2a910002cd1,"Estaba un señor Cuervo posado en un árbol, y tenía en el pico un queso.
Atraído por el tufillo, el señor Zorro le habló en estos o parecidos términos:
—¡Buenos días, caballero Cuervo! ¡Gallardo y hermoso sois en verdad!
Si el canto corresponde a la pluma, os digo que entre los huéspedes de este
bosque sois vos el Ave Fénix. Al oír esto el Cuervo, no cabía en la piel de gozo, y para hacer alarde de
su magnífica voz, abrió el pico, dejando caer la presa. Agarrola el Zorro, y
le dijo:
—Aprended, señor mío, que el adulador vive siempre a costas del que le
atiende: la lección es provechosa; bien vale un queso.
El Cuervo, avergonzado y mohíno, juró, aunque algo tarde, que no caería
más en el garlito."
brandon_reyna_0052,LA RANA QUE QUISO HINCHARSE COMO UN BUEY,Jean de La Fontaine,piratas,es,108,Idartes en casa,brandon_reyna,7b1a818f800f4b930c83fbb71a40162f54a40a23,"Vio cierta Rana a un Buey, y le pareció bien su corpulencia. La pobre no era
mayor que un huevo de gallina, y quiso, envidiosa, hincharse hasta igualar
en tamaño al fornido animal. —Mirad, hermanas –decía a sus compañeras–, ¿es bastante? ¿No soy aún
tan grande como él?
—No.
—¿Y ahora?
—Tampoco.
—¡Ya lo logré!
—¡Aún estás muy lejos!
Y el bichuelo infeliz hinchose tanto, que reventó.
Lleno está el mundo de gentes que no son más avisadas. Cualquier
ciudadano de la medianía se da ínfulas de gran señor. No hay principillo
que no tenga embajadores. Ni encontraréis marqués alguno que no lleve en
pos tropa de pajes."
brandon_reyna_0053,EL LOBO Y EL PERRO,Jean de La Fontaine,piratas,es,282,Idartes en casa,brandon_reyna,d606fef8e83dbec9a9afff235f3404ebc63562a4,"Era un Lobo, y estaba tan flaco, que no tenía más que piel y huesos: tan
vigilantes andaban los perros de ganado. Encontró a un Mastín, rollizo y
lustroso, que se había extraviado. Acometerlo y destrozarlo, cosa es que
hubiese hecho de buen grado el señor Lobo; pero había que emprender
singular batalla, y el enemigo tenía trazas de defenderse bien.
El Lobo se le acerca con la mayor cortesía, entabla conversación con él, y
le felicita por sus buenas carnes. —No estáis tan lucido como yo, porque no queréis –contesta el Perro–:
dejad el bosque; los vuestros, que en él se guarecen, son unos desdichados,
muertos siempre de hambre. ¡Ni un bocado seguro! ¡Todo a la ventura!
¡Siempre al atisbo de lo que caiga! Seguidme, y tendréis mejor vida.
Contestó el Lobo:
—¿Y qué tendré que hacer?
—Casi nada –repuso el Perro–: acometer a los pordioseros y a los que
llevan bastón o garrote; acariciar a los de casa, y complacer al amo. Con tan
poco como es esto, tendréis por gajes buena pitanza, las sobras de todas las
comidas, huesos de pollos y pichones; y algunas caricias, por añadidura.
El Lobo, que tal oye, se forja un porvenir de gloria, que le hace llorar de
gozo.
Camino haciendo, advirtió que el Perro tenía en el cuello una peladura.
—¿Qué es eso? –preguntole.
—Nada.
—¡Cómo nada!
—Poca cosa.
—Algo será.
—Será la señal del collar a que estoy atado.
—¡Atado!, exclamó el Lobo: pues ¿qué? ¿No vais y venís a donde
queréis?
—No siempre, pero eso, ¿qué importa?
—Importa tanto, que renuncio a vuestra pitanza, y renunciaría a ese
precio el mayor tesoro.
Dijo, y echó a correr. Aún está corriendo."
brandon_reyna_0054,"LA TERNERA, LA CABRA Y LA OVEJA, EN COMPAÑÍA DEL LEÓN",Jean de La Fontaine,piratas,es,122,Idartes en casa,brandon_reyna,77c02cbc91af3d29b8ad94e0bb6f272ad6c9d9b5,"La Ternera, la Cabra y la Oveja hicieron compañía, en tiempos de antaño,
con un fiero León, señor de aquella comarca, poniendo en común pérdidas
y ganancias.
Cayó un ciervo en los lazos de la Cabra, y al punto envió la res a sus
socios. Presentáronse éstos, y el León sacó las cuentas.
—Somos cuatro para el reparto –dijo, despedazando a cuartos el ciervo, y
hechas partes, tomó la primera, como rey y señor–. No hay duda –dijo– en
que debe ser para mí, porque me llamo León. La segunda me corresponde
también de derecho: ya sabéis cuál derecho, el del más fuerte. Por ser más
valeroso, exijo la tercera. Y si alguno de vosotros toca la cuarta, en mis
garras morirá."
brandon_reyna_0055,EL RATÓN DE CIUDAD Y EL DE CAMPO,Jean de La Fontaine,piratas,es,113,Idartes en casa,brandon_reyna,9381013459e44fa41f8a1359451d01afce981119,"Cierto día un Ratón de la ciudad convidó a comer muy cortésmente a un
Ratón del campo. Servido estaba el banquete sobre un rico tapiz: figúrese el
lector si lo pasarían bien los dos amigachos.
La comida fue excelente: nada faltaba. Pero tuvo mal fin la fiesta.
Oyeron ruido los comensales a la puerta: el Ratón ciudadano echó a correr;
el Ratón campesino siguió tras él.
Cesó el ruido: volvieron los dos Ratones:
—Acabemos –dijo el de la ciudad.
—¡Basta ya! –replicó el del campo–. ¡Buen provecho te hagan tus regios
festines! no los envidio. Mi pobre pitanza la engullo sosegado, sin que
nadie me inquiete. ¡Adiós, pues! Placeres con zozobra poco valen."
brandon_reyna_0056,UN HOMBRE DE CIERTA EDAD Y SUS DOS AMANTES,Jean de La Fontaine,piratas,es,183,Idartes en casa,brandon_reyna,2022e766ae999373ec92254a9d8fb8cb4550a4c8,"Un hombre de edad madura, más pronto viejo que joven, pensó que era
tiempo de casarse. Tenía el riñon bien cubierto, y por tanto, dónde elegir;
todas se desvivían por agradarle. Pero nuestro galán no se apresuraba.
Piénsalo bien, y acertarás.
Dos viuditas fueron las preferidas. La una, verde todavía; la otra, más
sazonada, pero que reparaba con auxilio del arte lo que había destruido la
naturaleza. Las dos viuditas, jugando y riendo, le peinaban y arreglaban la
cabeza. La más vieja le quitaba los pocos pelos negros que le quedaban,
para que el galán se le pareciese más. La más joven, a su vez, le arrancaba
las canas; y con esta doble faena, nuestro buen hombre quedó bien pronto
sin cabellos blancos ni negros.
—Os doy gracias –les dijo–, oh señoras mías, que tan bien me habéis
trasquilado. Más es lo ganado que lo perdido, porque ya no hay que hablar
de bodas. Cualquiera de vosotras que escogiese, querría hacerme vivir a su
gusto y no al mío. Cabeza calva no es buena para esas mudanzas: muchas
gracias, pues, por la lección."
brandon_reyna_0057,GRAN CONSEJO CELEBRADO POR LAS RATAS,Jean de La Fontaine,piratas,es,204,Idartes en casa,brandon_reyna,a8640d794b376d1dc51b8d9532d832268d190554,"Micifuf, gato famoso, hacía tal estrago en las Ratas, que apenas se veía
alguna que otra: la mayor parte estaba en la sepultura. Las pocas que
quedaban vivas, no atreviéndose a salir de su escondrijo, pasaban mil
apuros: y para aquellas desventuradas, Micifuf no era ya un gato, sino el
mismísimo diablo.
Cierta noche que el enemigo tuvo la debilidad de ir en busca de una gata,
con la cual se entretuvo en largo coloquio, las Ratas supervivientes
celebraron consejo en un rincón, para tratar de los asuntos del día. La Rata
decana, que era Rata de pro, dijo que cuanto antes había que poner a
Micifuf un cascabel al cuello: así, cuando fuese de caza, le oirían venir y se
meterían en la madriguera. No se le ocurría otro medio. A todas les pareció
excelente. No había más que una dificultad: ponerle el cascabel al gato.
Decía la una:
—Lo que es yo, no se lo pongo; no soy tan tonta.
—Pues yo tampoco me atrevo –replicaba la otra.
Y sin hacer nada, disolvióse la asamblea.
¡En cuántas juntas y reuniones pasa lo mismo! ¿Hay que deliberar y
discutir? Por todas partes surgen consejeros. ¿Hay que hacer algo? No
contáis ya con nadie."
brandon_reyna_0058,LA PERRA Y SU COMPAÑERA,Jean de La Fontaine,piratas,es,139,Idartes en casa,brandon_reyna,f400c98109fa797b1ed553922997044ceb3bad79,"Hallábase una Perra de presa en estado interesante, y no sabiendo dónde
cobijarse para salir de él, consiguió de una compañera que le dejase entrar
en su cubil por breve tiempo.
Al cabo de algunos días, vio volver a la amiga, y con nuevos ruegos le
pidió que prorrogase el plazo una quincena. Los cachorrillos apenas podían
andar; y con estas y otras razones, logró lo que quería.
Pasó la prórroga, y la compañera volvió a pedirle su casa, su hogar y su
lecho. Esta vez la Perra le enseñó los dientes, diciendo:
—Saldré, con todos los míos, cuando nos echéis de aquí.
Eran ya crecidos los cachorros.
Si das algo a quien no lo merece, lo llorarás siempre. No recobrarás lo que
prestas a un tuno, sin andar a palos. Si le alargas la mano, tomará el brazo."
brandon_reyna_0059,EL LEÓN Y EL MOSQUITO,Jean de La Fontaine,piratas,es,276,Idartes en casa,brandon_reyna,f08a172b33dee8e3392cc4893dd126b1960abd44,"—¡Vete, bicho ruin, engendro inmundo del fango!
Así denuesta el León al Mosquito. Este le declara guerra.
—¿Piensas –exclama–, que tu categoría real me asusta o intimida? Más
corpulento que tú es el Buey, y le conduzco a mi antojo.
Dice, y él mismo suena el toque de ataque, trompetero y paladín a la vez.
Hácese atrás, toma carrera, y se precipita sobre el cuello del León. La fiera
ruge, relampaguean sus pupilas, llénasele la boca de espumarajos. Gran
alarma en aquellos contornos; todos tiemblan, todos se esconden; ¡y el
pánico general es obra de un mosquito! El diminuto insecto hostiga al regio
animal por todos lados; tan pronto le pica en el áspero lomo como en los
húmedos hocicos, o se le mete en las narices. Entonces llega al colmo la
rabia del León. Y su invisible enemigo triunfa y ríe, al ver que ni los
colmillos ni las garras le bastan a la irritada fiera para morderse y arañarse.
El rey de los bosques se hiere y desgarra él mismo; golpea sus flancos
con la resonante cola; azota el aire a más no poder; y su propio furor le
fatiga y le abate.
El Mosquito se retira de la pelea triunfante y glorioso: con el mismo
clarín que anunció el ataque, proclama la victoria; corre a publicar por todas
partes la fausta nueva; pero da en la emboscada
de una araña, y allí tienen fin todas sus proezas.
¿Qué lecciones nos da esta fabulilla? Dos veo en ella; primera, que el
enemigo más temible suele ser el más pequeño; segunda, que después de
vencer los mayores peligros, sucumbimos a veces ante el menor obstáculo."
brandon_reyna_0060,LOS DOS ASNOS: UNO CARGADO DE ESPONJAS Y OTRO DE SAL,Jean de La Fontaine,piratas,es,209,Idartes en casa,brandon_reyna,7674eec728eb3e45f9831378a0fa26c865350401,"Empuñando triunfalmente el cetro, como un emperador romano, conducía
un humilde arriero dos soberbios corceles, de aquellos cuyas orejas miden
palmo y medio. El uno, cargado de esponjas, iba tan ligero como la posta; el
otro, a paso de buey: su carga era de sal. Anda que andarás, por sendas y
vericuetos, llegaron al vado de un río, y se vieron en gran apuro. El arriero,
que pasaba todos los días aquel vado, montó en el asno de las esponjas,
arreando delante al otro animal. Era este antojadizo, y yendo de aquí para
allá, cayó en un hoyo, volvió a levantarse, tropezó de nuevo, y tanta agua
tomó, que la sal fue disolviéndose, y pronto sintió el lomo aliviado de todo
cargamento.
Su compinche, el de las esponjas, quiso seguir su ejemplo, como asno de
reata; zambullose en el río, y se empaparon de agua todos: el Asno, el
arriero y las esponjas. Estas hiciéronse tan pesadas, que no pudo ganar la
orilla la pobre cabalgadura. El mísero arriero abrazábase a su cuello,
esperando la muerte. Por fortuna, acudió en su auxilio no sé quién; pero lo
ocurrido basta para comprender que no conviene a todos obrar de la misma
manera.
Y esa es la conclusión de la fábula."
brandon_reyna_0061,EL LEÓN Y EL RATONCILLO,Jean de La Fontaine,piratas,es,136,Idartes en casa,brandon_reyna,ca4b938b14c00dd5ee391d3f0790aec803da9f79,"Importa favorecer y obligar a todos. Muchas veces puede sernos útil la
persona más insignificante. Dos fábulas puedo alegar en apoyo de esta
máxima: tanto abundan las pruebas.
Un Ratoncillo, al salir de su agujero, viose entre las garras de un León. El
Rey de los animales, portándose en aquel caso como quien es, perdonole la
vida. No fue perdido el beneficio. Nadie creería que el León necesitase al
Ratoncillo; sucedió, sin embargo, que, saliendo del bosque, cayó el valiente
animal en unas redes, de las que no podía librarse a fuerza de rugidos. El
Ratoncillo acudió, y royendo una de las mallas, dejó en libertad al selvático
monarca.
En todas las cosas, no hay que mirar tanto la entrada como la salida.
Paciencia y constancia consiguen a veces más que la fuerza y el furor."
brandon_reyna_0062,EL GALLO Y EL ZORRO,Jean de La Fontaine,piratas,es,165,Idartes en casa,brandon_reyna,81b77e8486fd5316451a0270b9989e9ed6b2a9d8,"Estaba de centinela en la rama de un árbol cierto Gallo experimentado y
ladino:
—Hermano –díjole un Zorro con voz meliflua—, ¿para qué hemos de
pelearnos? Haya paz entre nosotros. Vengo a traerte tan fausta nueva; baja,
y te daré un abrazo. No tardes: tengo que correr mucho todavía. Bien podéis
vivir sin zozobra, Gallos y Gallinas: somos ya hermanos vuestros.
Festejemos las paces; ven a recibir mi abrazo fraternal.
—Amigo mío –contestó el Gallo–: no pudieras traerme nueva mejor que
la de estas paces; y aun me complacen más, por ser tú el mensajero. Desde
aquí diviso dos lebreles, que sin duda son correos de feliz noticia: van
aprisa y pronto llegarán. Voy a bajar: serán los abrazos generales.
—¡Adiós! –dijo el Zorro–: es larga hoy mi jornada; dejemos los plácemes
para otro día.
Y el bribón, contrariado y mohíno, tomó las de Villadiego. El Gallo
machucho echó a reír, al verlo correr todo azorado, porque no hay gusto
mayor que engañar al engañoso."
brandon_reyna_0063,EL ZORRO Y EL CHIVO,Jean de La Fontaine,piratas,es,197,Idartes en casa,brandon_reyna,f3d3e4e2ff0b91aec6c7407b9ce8e326268a6ca8,"El señor Zorro iba acompañado de un Chivo, amigo suyo, gallardo y de
torcidos cuernos, pero de muy cortos alcances. Obligoles la sed a bajar a un
pozo, donde bebieron a sus anchas. Satisfecha la necesidad, dijo el Zorro al
Chivo:
—¿Qué haremos, compadre?, la dificultad no estaba en beber, sino en
salir de aquí. Levanta las patas y también los cuernos; apóyalos contra el
muro; a lo largo de tu espinazo subiré yo primero, treparé después sobre la
cornamenta, y de esta manera llegaré a la boca del pozo. Una vez arriba, yo
te sacaré.
—¡Por mis barbas! –dijo el Chivo–, que es buena ocurrencia la tuya, y
por ella te felicito. Nunca hubiera tenido yo tan feliz idea.
Salió el Zorro del pozo, dejó en él a su camarada, y le hizo un buen
sermón para que se conformase.
—Si Dios te hubiese dado tan largos los
alcances como la chotera, no te hubieras
metido en el pozo a tontas y a locas. ¡Adiós!
pues; yo estoy ya fuera; sal como puedas, porque tengo cierto negocio que
no me deja detenerme.
En todas las cosas, no hay que mirar tanto la entrada como la salida."
brandon_reyna_0064,LA RANA Y EL RATÓN,Jean de La Fontaine,piratas,es,294,Idartes en casa,brandon_reyna,085c2fc7eecc9dc0d68a286ce79553a5c59ad58c,"Muchas veces, quien trata de engañar a otro, se engaña a sí mismo.
Un Ratón, lucido y panzudo, que no conocía Adviento ni Cuaresma,
solazábase a orillas de un pantano. Acercósele una Rana, y le dijo en su
lengua:
—Ven a verme mañana; tendrás un buen banquete.
El Ratón accedió desde luego; no tenía necesidad la Rana de insistir más.
A pesar de ello, alegó las delicias del baño, el placer del viaje, las muchas
cosas que había en el pantano, dignas de verse. Algún tiempo podría contar
su huésped a sus nietezuelos las bellezas de aquellos sitios, las costumbres
de sus habitantes y el gobierno de la acuática república. Sólo había un
inconveniente para el Ratón; nadaba algo, pero necesitaba ayuda. La Rana
encontró pronto el remedio: ató a sus patas traseras las delanteras de él: un
junco tierno y flexible sirvió para el caso.
Dentro ya del charco, nuestra buena comadre se esfuerza en echar al
fondo a su compadre, sin reparar en el derecho de gentes ni en la fe jurada.
No pensaba más que en las sabrosas tajadas que haría de su víctima, y ya se
relamía los hocicos. El pobre Ratón invocaba a todos los dioses; pero la
Rana se mofaba de él.
Tirando la una y resistiendo el otro, acertó a verlos peleándose en el agua
un milano que en los aires se cernía. Arrójase sobre el Ratón, llévaselo entre
sus garras, y tras el Ratón el lazo de junco, y tras el lazo de junco, la
mismísima Rana. ¡No le vino mal al ave rapaz la doble presa! Tuvo para
cenar carne y pescado.
La añagaza más astuta es a veces la ruina de quien la inventó. La perfidia se
vuelve con frecuencia contra el mismo pérfido."
brandon_reyna_0065,EL ZORRO DE LA COLA CORTADA,Jean de La Fontaine,piratas,es,138,Idartes en casa,brandon_reyna,8f94717d164fe64c3265a85d1c6db7460fcaea57,"Un Zorro machucho y de los más ladinos, gran destripador de pollos, gran
cazador de conejos, cayó por fin en una trampa; y aun tuvo suerte, porque,
al fin y al cabo, escapó de ella, dejando allí la cola. Habiéndose salvado,
pues, y deseando, para ocultar su vergüenza, ver desrabados a todos sus
semejantes, un día que los Zorros celebraban consejo:
—De qué nos sirve, dijo, este peso inútil que llevamos arrastrando por
los senderos fangosos? ¿Para qué queremos la cola? Hay que cortarla. Si me
creéis, hacedlo.
—Bueno es el consejo –dijo uno de los de la
junta–, pero haced el favor de volveros, y se os
contestará.
Y al decir esto, estalló tal rechifla y algazara,
que el pobre rabón no pudo dejarse oír. Inútil
era proseguir. La moda de la cola continuó, y
aún dura."
brandon_reyna_0066,EL CABALLO Y EL LOBO,Jean de La Fontaine,piratas,es,219,Idartes en casa,brandon_reyna,6fe7ec6a5c5df0ea6aafc00c9c116cc8de41a8e6,"En la estación en que los blandos céfiros hacen verdear los campos, y todos
los animales dejan la madriguera para buscarse la vida, cierto Lobo divisó a
un Caballo que habían soltado en la pradera. ¡Qué alegría! «¡Buena caza se
prepara!, dijo entre sí: ¡lástima que no seas borrego!, caerías en seguida en
mis garras. Contigo, tendré que apelar al ardid. Veamos, pues». Y así
diciendo, acercose pasito a paso. Fingiose alumno de Hipócrates y le dijo
que conocía las virtudes de todas las yerbas de aquel prado, y sabía curar
toda clase de alifafes. Si el señor Corcel se dignaba decirle cuál era su
dolencia, él, Lobo, le curaría gratis et pro Deo, porque verle pastando suelto
en aquel paraje era, según la ciencia, indicio seguro de alguna enfermedad.
—Lo que yo tengo es un tumor en la pata.
—No hay parte del cuerpo más propensa a males. Tengo el honor de
asistir a los señores Caballos; soy también cirujano.
El bribón no pensaba más que en ganar tiempo para caer sobre su presa.
Pero el Rocín, que lo veía venir, diole tal par de coces, que le hizo añicos
las quijadas. «Merecido lo tengo», dijo para sus adentros el Lobo
atribulado, «zapatero, a tus zapatos; ¿por qué me metí a herbolario, si no
soy más que cortante?»"
brandon_reyna_0068,FEBO Y BÓREAS,Jean de La Fontaine,piratas,es,262,Idartes en casa,brandon_reyna,3785d24fc690c28b233d49f71b0c8467c67c1a72,"Febo y Bóreas vieron a un viajero, que se había armado bien contra el mal
tiempo. Era a la entrada del otoño, cuando son más necesarias las
precauciones; tan pronto llueve como hace sol, y la brillante cinta de Iris
avisa a los perspicaces que en esa estación no está de más la capa. Nuestro
hombre, pues, esperaba lluvias, y se proveyó de un capotón fuerte y grueso.
—Ha creído éste –dijo Bóreas–, que lo ha previsto todo; pero no ha
pensado que, si comienzo a soplar, se irá al diablo su soberbia capa. Será
cosa divertida ver sus apuros. ¿Queréis que probemos?
—Apostemos, sin gastar tanta saliva –contestó Júpiter–, quién de los dos
arrancará más pronto ese abrigo a los hombros del satisfecho jinete.
Comenzad vos, os permito oscurecer mis rayos.
No hubo de insistir más, porque Boreas, en el acto, hinchóse como un
globo y haciendo un estrépito de mil diablos, silbó, bramó, sopló, y produjo
tal huracán que por todas partes derribó casas y echó barcas a pique: ¡no
más que por una capa!
El jinete puso todo su ahínco en evitar que el viento hiciese presa en ella.
Y esto le salvó. Bóreas perdió el tiempo: cuanto más se esforzaba, mejor se
defendía el combatido caballero, bien rollado con el capotón. Cuando el
soplador perdió la partida, Febo disipó el nublado, acarició e hizo entrar en
calor al caminante, que al poco rato, sudando y trasudando, se despojaba del
ya molesto abrigo.
Más vale maña que fuerza: lo que no pudieron violencias y furores, lógranlo
suavidad y dulzura."
brandon_reyna_0069,LA LIEBRE Y LA TORTUGA,Jean de La Fontaine,piratas,es,262,Idartes en casa,brandon_reyna,f49e06dcdf4986bf6ccaf07c59aa8d9a833d5603,"No llega más pronto quien más corre: lo que importa es partir a buena hora.
Ejemplo son de esta verdad la Liebre y la Tortuga.
—Apostemos –dijo ésta–, a que no llegarás tan pronto como yo a aquel
mojón.
—¿Que no llegaré tan pronto como tú? ¿Estás loca? –contestó la Liebre–.
Tendrás que purgarte, antes de emprender la carrera.
—Loca o no loca, mantengo la apuesta.
Apostaron, pues, y pusieron junto al mojón lo apostado; saber lo que era,
no importa a nuestro caso, ni tampoco quién fue juez de la contienda.
Nuestra Liebre no tenía que dar más que cuatro saltos; digo cuatro,
refiriéndome a los saltos desesperados que da, cuando la siguen ya de cerca
los perros, y ella los envía enhoramala, y les hace devorar el yermo y la
pradera. Teniendo, pues, tiempo de sobra para pacer, para dormir y para
olfatear el viento, deja a la Tortuga andar a paso de canónigo. Parte el
pesado reptil, esfuérzase cuanto puede, se apresura lentamente; la Liebre
desdeña una fácil victoria, tiene en poco a su contrincante, y juzga que
importa a su decoro no emprender la carrera hasta última hora. Regodéase
paciendo la fresca hierba, y se entretiene, atenta a cualquier cosa, menos a
la apuesta. Cuando ve que la Tortuga llega ya a la meta, parte como un
rayo; pero sus bríos son ya inútiles: llega primero su rival.
—¿Qué te parece? –dícele ésta–: ¿tenía o no tenía razón? ¿De qué te
sirve tu agilidad? ¡Vencida por mí! ¿Qué te pasaría, si llevases, como yo, la
casa a cuestas?"
brandon_reyna_0070,LA CORTE DEL LEÓN,Jean de La Fontaine,piratas,es,312,Idartes en casa,brandon_reyna,d09454967ca0ec28073173454a6f9c010e1ce40f,"Su Majestad el León quiso conocer un día a todos los pueblos, de los que,
por merced del cielo, era amo y señor. Envió, pues, una circular, autorizada
con su regio sello, para congregar a sus vasallos de todas clases y
categorías. Anunciaba la circular que durante un mes el Rey celebraría corte
plena, que debía comenzar por un gran banquete seguido de las mojigangas
de Fagotín[2]
. Con estos rasgos de esplendidez demostraba el monarca su
grandeza a sus súbditos.
Obsequioles en su palacio: ¡qué palacio! Verdadero muladar, cuyo tufo
dio en las narices a todos. Tapóselas el Oso; ¡nunca lo hubiera hecho!
Notose el ademán, y el monarca, irritado, enviole a los infiernos. Aprobó el
Mono aquella severidad, y con baja adulación elogió la cólera y las garras
del Príncipe, y la real caverna, y el hedor que exhalaba. No había ámbar ni
flor alguna que a su lado no pareciese ajos y cebollas. Sus necias alabanzas
no tuvieron mejor éxito; fueron igualmente castigadas; debía ser aquel León
pariente de Calígula[3]. Llegole el turno al Zorro, y le dijo Su Majestad:
—¿Hueles algo? Dímelo con toda franqueza. ¿Qué le contestó el astuto animal? Que tenía un fuerte resfriado y no
podía decir nada, porque había quedado sin olfato. Y salió del apuro.
Aprovechad esta lección. En la Corte, no seáis ni aduladores insulsos ni
habladores imprudentes; y si os veis en algún aprieto, haceos el sueco.
[2] Fagotín era un mono, famoso entonces en París, y del cual habla también Molière en su Tartufo.
[Nota de La Fontaine.]
[3] Calígula elevó a su hermana Drusila al rango de divinidad, y castigaba del mismo modo a los que
lloraban su muerte, que a los que no la lloraban. A los primeros, por suponer que insultaban aquella
apoteosis, y a los segundos, porque manifestaban no sentir su pérdida. [Nota de La Fontaine."
brandon_reyna_0071,LA LECHERA,Jean de La Fontaine,piratas,es,307,Idartes en casa,brandon_reyna,3c0dae9425c02be57b82ead548a35c16d375f4e1,"Juanita, con su cantarillo de leche, bien puesto a la cabeza sobre el cojinete,
pensaba llegar sin obstáculo a la ciudad. Caminaba a paso largo, ligera y
corta de saya, pues sólo se había puesto, para estar más ágil, el refajillo y
las sandalias. Así equipada, revolvía en su imaginación lo que sacaría de la
leche y la manera de emplearlo. Compraba un centenar de huevos, hacía
tres polladas; con su asiduo cuidado, todo iba bien.
—Cosa fácil es –decía–, criar los polluelos
alrededor de la casa; por muy lista que ande la
raposa, me dejará bastantes para comprar un
cerdo. Engordarlo, es cuestión de un poco de
salvado. Cuando lo compré ya era bastante
grande; al revenderlo, me valdrá muy buen
dinero. Y ¿quién me impedirá, valiéndome
tanto, meter en el establo una buena vaca con
su becerrillo, y verlo triscar en medio del rebaño?
Al decir esto, Juanita brinca también, llena de gozo. Cae el cántaro y se
derrama la leche. ¡Adiós vaca y becerro! ¡Adiós cochino! ¡Adiós polluelos!
La dueña de tantos bienes, mirando con ojos afligidos su fortuna por los
suelos, volvió a excusarse con su marido, y se vio en peligro de una buena
tunda.
¿Quién no se hace ilusiones? ¿Quién no
construye castillos en el aire? Todos, desde el
soberbio Pirro hasta la Lechera; todos, lo
mismo los sabios que los locos. Soñamos
despiertos, y no hay nada más agradable;
halagadoras fantasías se apoderan de nuestra
alma; todos los bienes del mundo son nuestros
entonces, riquezas, honores, mujeres. Cuando
estoy a mis solas, soy tan valiente que desafío al más bravo, y voy a
destronar al Sofí de Persia. Elígenme rey; mi pueblo adora en mí; llueven
coronas sobre mis sienes. Pero, a lo mejor, cualquier accidente me vuelve a
la realidad, y soy un pobre Juan lo mismo que antes."
brandon_reyna_0072,EL ASNO Y EL PERRO,Jean de La Fontaine,piratas,es,243,Idartes en casa,brandon_reyna,3d423415a3263a13b88ae4f660b694834f0757bf,"Debemos prestarnos mutua ayuda; ley de la Naturaleza es ésta. Un Asno
burlose de ella, y es cosa extraña, porque el Asno suele tener buen natural.
Iba por el mundo, en compañía de un Perro, grave y silencioso, sin pensar
en nada, seguidos ambos por el amo común. El amo se durmió, y el
Jumento pasose a pacer: hallábase en un prado lleno de apetitosa yerba. No
había en él cardos, pero resignose por entonces a esta falta; no hay que ser
tan exigente; no porque falte ese plato ha de desdeñarse un banquete.
Nuestro Borrico supo, al fin y al cabo, prescindir de él.
El Perro, muerto de hambre, le dijo:
—Camarada, bájate un poco y tomaré mi almuerzo del cesto del pan.
No contestó palabra el Asno; perder un minuto era para él perder un
bocado.
Instó el otro, y al fin respondiole:
—Aguarda, amigo mío, que el amo despierte, y te dará tu ración; ya no
puede tardar.
En esto sale del bosque un lobo y dirígese a ellos: un tercer hambriento.
Llama el Asno al Perro en su socorro; el Perro no se mueve, y al fin dice:
—Aguarda, amigo mío, que despierte el amo, y entretanto, echa a correr.
Si el lobo te alcanza, rómpele las quijadas de un par de coces: para eso estás
recién herrado.
Mientras el Perro así decía, el señor lobo estrangulaba al infeliz Borrico.
¿No hubiera valido más auxiliarse el uno al otro?"
brandon_reyna_0073,EL HALCÓN Y EL CAPÓN,Jean de La Fontaine,piratas,es,219,Idartes en casa,brandon_reyna,aa9860584c43e2c58dbe31ecea45c02e409dc50b,"A veces nos llaman voces muy cariñosas; pero no hay que fiar de ellas:
muchas veces acierta quien desconfía.
Cierto Capón fue citado y emplazado ante el tribunal del cocinero.
Llamábanle afectuosamente: «¡Chiquitín! ¡chiquitín!», pero él se hacía el
sordo y echaba a correr.
Mirábalo un Halcón, posado en su percha.
Por instinto o por experiencia tienen los Capones muy poca confianza en
nosotros.
El de nuestro cuento, que a duras penas pudo ser atrapado, debía ser
servido al siguiente día en un banquete suntuoso, bien condimentado y
dispuesto en un hermoso plato, honor al que de buen grado renunciara el
medroso volátil. El ave cazadora le dijo:
—Asómbrame tu menguado entendimiento. Gente grosera sois los
Capones, sin educación y sin ingenio. Mírate en mí: voy a la caza, y
después vuelvo a las manos del amo. Allí lo tienes, a la ventana; ¿no oyes
cómo te llama? ¿Estás sordo?
—Óigolo muy bien –contestó el Capón–,
pero ¿qué quiere de mí? ¿Te figuras que no veo
al cocinero, armado con su cuchilla
descomunal? ¿Volverías tú, si te esperasen de
ese modo? Deja que huya: no te rías de mi
indocilidad, que me pone en guardia cuando
me llaman con tanta cortesía. Si vieras poner todos los días en el asador
tantos Halcones como Capones yo, no me lo criticarías."
brandon_reyna_0074,EL LOBO Y EL PERRO FLACO,Jean de La Fontaine,piratas,es,243,Idartes en casa,brandon_reyna,f9df35e87613cd3f8923b6a00618310b0d8d4b71,"Habéis visto en otra Fábula que por más que hizo el Pececillo, lo echaron a
la sartén[4]
. Di a entender entonces que soltar lo que tenemos en la mano,
con la esperanza de atrapar mejor presa, es gran imprevisión. El Pescador
tenía razón; el Pececillo hacía bien: cada cual se defiende como puede.
Ahora voy a robustecer lo que entonces sostuve con algún nuevo ejemplo.
Cierto Lobo, tan torpe como cuerdo fue
aquel Pescador, encontrando Perro lejos de
poblado, arremetió contra él. Alegó el Perro su
escualidez:
—Considere vuesa merced, decía, mi estado
mísero; aguarde un poco para llevárseme: mi
amo va a casar a su hija única, y claro es que,
estando de bodas, he de engordar aunque no
quiera.
Diole crédito el Lobo y lo soltó. Volvió a los pocos días para ver si su
Perro estaba ya de buen año; pero el picarón se hallaba metido en casa, y a
través de una verja le dijo:
—Voy a salir, amigo mío: aguárdanos; ahora mismo estaremos ahí el
portero y yo.
El portero era un perrazo enorme, que despachaba a los lobos en un
santiamén. El rapaz se detuvo un momento, y diciendo después «dad
expresiones al portero», echó a correr. Era ligero de piernas y también de
cascos. No había aprendido aún bien su oficio de Lobo.
[4] La Fontaine se refiere a El pescador y el pececillo, fábula que no fue incluida en esta selección
[nota del editor]."
brandon_reyna_0075,LA TORTUGA Y LOS DOS PATOS,Jean de La Fontaine,piratas,es,227,Idartes en casa,brandon_reyna,5b1b7ea4199f75b477d41cb85aacb26da9b4aee9,"Era una Tortuga, ligera de cascos, que cansada de su escondrijo quiso ver
mundo. Correr tierras extrañas halaga mucho, y los más cojos suelen ser los
que menos gustan de su casa.
Dos Patos, a quienes la comadre comunicó sus propósitos, le dijeron que
ellos podrían cumplirlos.
—¿Ves cuán despejado es el camino de los aires? Por él te llevaremos a
las Américas; verás muchos pueblos, muchos reinos y repúblicas, y
estudiarás con provecho sus diferentes costumbres. Lo mismo hizo Ulises.
(¿Quién pensara ver mezclado a Ulises en este asunto?)
Hecho el trato, los Patos construyeron un aparato para conducir a la
viajera. Pusiéronle en la boca un palo de través.
—Muerde bien –le dijeron–, y no sueltes bocado.
Después, cada volátil cogió el bastón por un extremo.
Hendió los aires la Tortuga, y asombrábanse todos al ver volar de aquella
manera al pesado animal y su domicilio.
—¡Milagro! –gritaban–; venid a ver pasar por los aires la reina de las
tortugas.
—La reina, sí, señores; soy la reina en efecto, no lo toméis a burlas.
¡Cuánto mejor hubiera hecho en pasar el
camino sin decir palabra! porque, soltando el
bastón al abrir la boca, cayó y se hizo tortilla en
presencia de los que la contemplaban. Causole
la muerte su indiscreción.
Imprudencia, charla, tonta vanidad y vana curiosidad, son primas hermanas:
todas proceden del mismo tronco."
brandon_reyna_0076,LOS RATONES Y EL MOCHUELO,Jean de La Fontaine,piratas,es,358,Idartes en casa,brandon_reyna,79b1619dcc55cdd4efda97e56376bbae0a6af4cd,"No digáis nunca: «Oíd este chiste; escuchad este caso portentoso.» ¿Quién
sabe si a los que os atiendan les caerá en gracia? Pero esto no reza con lo
que voy a contaros: es cosa extraordinaria y estupenda, y aunque parece
fábula, verdad pura.
Derribaron un pino muy viejo, albergue lóbrego de un Búho, y del ave
siniestra que Atropos escogió para intérprete y mensajera. En su tronco
cavernoso y carcomido por el tiempo, ocultábanse, entre otros habitantes,
muchos ratones, rechonchos de grasa, y sin patas. Cebábalos el Búho con
montones de trigo y a picotazos los había mutilado. Aquel ave discurría;
hay que confesarlo. Su compañero había cazado los ratones, y los primeros
que cogió se escaparon del encierro. Para impedirlo, el bribón mutiló a
todos los que cogió después, y privándoles de las patas, pudo comerlos
cómodamente, hoy uno y mañana otro. Comerlos todos de una vez, no era
posible, y le hubiera sentado mal el atracón; su previsión fue tan exquisita
como puede ser la nuestra; llegaba hasta a procurarles víveres para
mantenerlos. ¿Sostendrán los cartesianos, en vista de este ejemplo, que
aquel Búho no era más que un reloj y una máquina? ¿Qué mecanismo podía
inspirarle el consejo de encerrar de tal modo a los ratones e imposibilitarlos
para la fuga? Si esto no es discurrir, no entiendo lo que es discurso. Fijaos
en su razonamiento.
—Cuando atrapo a estos animalejos, se escapan. Debo, pues, engullirlos
así que los cojo. ¿Puedo engullirlos todos? No puedo. ¿Y no conviene
también guardar parte de la presa para mañana? No hay más remedio, pues,
que alimentarlos, sin que se escapen. ¿Cómo? cortándoles los pies.
Decidme si los hombres lo hubieran ideado mejor. ¿En qué supera la
lógica de Aristóteles a la del Búho?[5]
[5] Esto no es fábula. El caso, aunque parezca portentoso y casi increíble, sucedió, en efecto. He
llevado, quizás, demasiado lejos la previsión de este Búho, porque no pretendo conceder a los
irracionales una argumentación tan sostenida y perspicaz como esta; pero a la poesía se le permite
alguna exageración, sobre todo al género de poesía a que yo me dedico. [Nota de La Fontaine."
brandon_reyna_0077,EL CIERVO ENFERMO,Jean de La Fontaine,piratas,es,142,Idartes en casa,brandon_reyna,3f5201511b3388f45d4291e08635c6f05de8ac5f,"Allá, en el país de los ciervos, cayó enfermo uno de ellos. Acudieron
inmediatamente muchos camaradas a verle, a auxiliarle, a consolarle, por lo
menos: importuna multitud.
—¡Ah, señores –decía–, dejadme morir en paz!
Permitid que las Parcas me despachen en la forma
acostumbrada, y cesen vuestros lloros.
Nada de esto; los consoladores cumplieron su
deber tan a la larga como creyeron procedente, y
no se marcharon hasta que Dios quiso. Pero no lo
hicieron sin tomar un bocado, es decir, un pienso,
en la pradera del enfermo, que quedó con las
provisiones agotadas. No encontró nada qué
comer, y este mal fue peor que el otro, pues tuvo
que ayunar, y al fin, morir de hambre.
¡Cuánto costáis a quien os llama, médicos del cuerpo y del alma! Pero, por
más que grito O témpora, o mores, todos reclaman la paga."
brandon_reyna_0078,"EL ZORRO, EL LOBO Y EL CABALLO",Jean de La Fontaine,piratas,es,244,Idartes en casa,brandon_reyna,c49a10ce7c536049f4f8cfeac635ab8c9ffb9724,"Un Zorro, joven todavía, pero de los más solapados, vio por primera vez un
Caballo, y dijo a cierto Lobo, aún inexperto:
—Ven: un animal gallardo y corpulento está paciendo en nuestra pradera:
aun estoy encantado de verlo.
—¿Es más fuerte que nosotros? –preguntó el Lobo riendo–. Hazme su
retrato.
—Si fuese yo pintor, o estudiante –respondió el Zorro–, te anticiparía el
placer de admirarlo. Pero, ven. ¿Quién sabe? Quizás es una presa que nos
envía nuestra buena suerte.
Fueron, y al Caballo, que habían llevado a pacer, le hicieron tan poca
gracia aquellos camaradas, que estuvo a punto de tomar las de Villadiego.
—Señor –díjole el Zorro–, estos vuestros humildes servidores quisieran
saber vuestro nombre.
El Caballo, que no era lerdo, les contestó:
—Leed mi nombre, señores: el zapatero me lo ha escrito en la suela del
zapato.
Excusóse el Zorro, porque tenía pocas letras.
—Mis padres –dijo– no me han enviado a la escuela; son tan pobres, que
no tienen más que el rincón en que viven. Los del Lobo, que son gente de
pro, le han enseñado a leer.
Lisonjeado el Lobo por aquellas palabras, se acercó. ¿Sabéis lo que le
costó su vanidad? Cuatro dientes: el Caballo le dio un par de coces, y el
infeliz rodó por tierra, maltrecho y ensangrentado.
—Hermano –dijo el Zorro–, esto confirma lo que dice el adagio: ese
animal te ha dejado escrito en las quijadas que es de cuerdos desconfiar de
los desconocidos."
brandon_reyna_0079,EL ZORRO Y LOS PAVOS,Jean de La Fontaine,piratas,es,187,Idartes en casa,brandon_reyna,ea8be764e121bc469646ca91b176dcc76ad7cbd7,"Un árbol servía de ciudadela a unos Pavos contra los ataques de un Zorro.
El pérfido rapaz dio vueltas y más vueltas a la muralla, y viendo a todos los
centinelas en su puesto, exclamó:
—¿Se burlarán de mí esos insolentes? ¿Ellos solos escaparán a mis
garras? ¡No, vive Dios!
Y cumplió lo que dijo.
La luna, brillante entonces, favorecía a la grey volátil contra su
perseguidor. Pero él, que no era novicio en las artes del asedio, apeló a
todas sus estratagemas; fingió que quería encaramarse al árbol, se irguió
sobre sus patas, hizo después el muerto, y luego el resucitado. No hiciera
tantas mudanzas y ficciones el mismo Arlequín. Levantaba la cola, hacíala
relucir a la luz de la luna, y con estas y otras mojigangas no dejó dormir ni
descansar a los Pavos. Fatigábalos el enemigo, manteniendo fija su atención
en el mismo objeto. Los pobres, deslumbrados a la larga, iban cayendo, y
conforme caían, eran inmolados. Cerca de la mitad sucumbió: fueron a
parar a la despensa del Zorro.
Quien fija demasiado la atención en el peligro, suele caer más pronto en
él."
brandon_reyna_0080,LA CIGARRA Y LA HORMIGA,Félix María Samaniego,piratas,es,177,unaula,brandon_reyna,17ca2709d6b220c543d48a636d0fa7097e35cb89,"Cantando la Cigarra
pasó el verano entero,
sin hacer provisiones
allá para el invierno.
Los fríos la obligaron
a guardar el silencio
y a acogerse al abrigo
de su estrecho aposento.
Viose desproveída
del preciso sustento:
sin mosca, sin gusano,
sin trigo, sin centeno.
Habitaba la Hormiga
allí, tabique en medio,
y con mil expresiones
de atención y respeto
la dijo: —Doña Hormiga,
pues que en vuestros graneros
sobran las provisiones
para vuestro alimento,
prestad alguna cosa
con que viva este invierno
esta triste Cigarra,
que, alegre en otro tiempo,
nunca conoció el daño,
nunca supo temerlo.
No dudéis en prestarme;
que fielmente prometo
pagaros con ganancias,
por el nombre que tengo.
La codiciosa Hormiga
respondió con denuedo,
ocultando a la espalda
las llaves del granero:
—¡Yo prestar lo que gano
con un trabajo inmenso!
Dime, pues, holgazana,
¿que has hecho en el buen tiempo?
—Yo, dijo la Cigarra,
a todo pasajero
cantaba alegremente,
sin cesar ni un momento.
—¡Hola!, ¿conque cantabas
cuando yo andaba al remo?
Pues ahora, que yo como,
baila, pese a tu cuerpo."
brandon_reyna_0081,EL HERRERO Y EL PERRO,Félix María Samaniego,piratas,es,224,unaula,brandon_reyna,5e2c65a82ac1f4299d747f1f6d2b2a00ec53cc82,"Un Herrero tenía
un Perro que no hacía
sino comer, dormir y estarse echado;
de la casa jamás tuvo cuidado.
Levantábase sólo a mesa puesta;
entonces con gran fiesta
al dueño se acercaba,
con perrunas caricias lo halagaba,
mostrando de cariño mil excesos
por pillar las piltrafas y los huesos.
—He llegado a notar, le dijo el Amo,
que, aunque nunca te llamo
a la mesa, te llegas prontamente;
en la fragua jamás te vi presente,
y yo me maravillo
de que, no dispertándote el martillo,
te desveles al ruido de mis dientes.
Anda, anda, poltrón; no es bien que cuentes
que el Amo, hecho un gañán y sin reposo,
te mantiene a lo conde muy ocioso.
El Perro le responde:
—¿Qué más tiene que yo cualquiera conde?
Para no trabajar debo al destino
haber nacido Perro y no pollino.
—Pues, señor conde, fuera de mi casa;
verás en las demás lo que te pasa.
En efecto, salió a probar fortuna
y las casas anduvo de una en una.
Allí le hacen servir de centinela
y que pase la noche toda en vela,
acá de lazarillo y de danzante,
allá, dentro de un torno, a cada instante
asa la carne que comer no espera.
Al cabo conoció de esta manera
que el destino, y no es cuento,
a todos nos cargó como al jumento"
brandon_reyna_0082,EL LEÓN Y LA ZORRA,Félix María Samaniego,piratas,es,180,unaula,brandon_reyna,7d53832cfe77fb71e4a2b52e138fa6d2680aaa5a,"Un León en otro tiempo poderoso,
ya viejo y achacoso,
en vano perseguía, hambriento y fiero,
al mamón becerrillo y al cordero,
que, trepando por la áspera montaña,
huían libremente de su saña.
Afligido de la hambre a par de muerte,
discurrió su remedio de esta suerte:
Hace correr la voz de que se hallaba
enfermo en su palacio, y deseaba
ser de los animales visitado.
Acudieron algunos de contado;
mas como el grave mal que lo postraba
era una hambre voraz, tan sólo usaba
la receta exquisita
de engullirse al monsieur de la visita.
Acércase la Zorra de callada
y, a la puerta asomada,
atisba muy despacio
la entrada de aquel cóncavo palacio.
El León la divisó, y en el momento
la dice: —Ven acá; pues que me siento
en el último instante de mi vida,
visítame como otros, mi querida.
—¿Cómo otros? ¡Ah, señor!, he conocido
que entraron, sí, pero que no han salido.
Mirad, mirad la huella,
bien claro lo dice ella;
y no es bien el entrar do no se sale.
La prudente cautela mucho vale."
brandon_reyna_0083,LOS DOS AMIGOS Y EL OSO,Félix María Samaniego,piratas,es,156,unaula,brandon_reyna,a5c08b18921deecc3879064f6b45f1c180893149,"A dos Amigos se aparece un Oso:
El uno, muy medroso,
en las ramas de un árbol se asegura;
el otro, abandonado a la ventura,
se finge muerto repentinamente.
El Oso se le acerca lentamente:
Mas como este animal, según se cuenta,
de cadáveres nunca se alimenta,
sin ofenderlo lo registra y toca,
huélele las narices y la boca;
no le siente el aliento,
ni el menor movimiento;
y así, se fue diciendo sin recelo:
—Éste tan muerto está como mi abuelo.
Entonces el cobarde,
de su grande amistad haciendo alarde,
del árbol se desprende muy ligero.
Corre, llega y abraza al compañero;
pondera la fortuna
de haberlo hallado sin lesión alguna,
y al fin le dice: —Sepas que he notado
que el Oso te decía algún recado.
¿Qué pudo ser?
—Direte lo que ha sido,
estas dos palabritas al oído:
Aparta tu amistad de la persona
que si te ve en el riesgo, te abandona."
brandon_reyna_0084,LA LECHERA,Félix María Samaniego,piratas,es,245,unaula,brandon_reyna,8937487863ebe03e67d561823b6a0eceb2fba4b1,"Llevaba en la cabeza
una Lechera el cántaro al mercado
con aquella presteza,
aquel aire sencillo, aquel agrado,
que va diciendo a todo el que lo advierte:
¡Yo sí que estoy contenta con mi suerte!
Porque no apetecía
más compañía que su pensamiento,
que alegre la ofrecía
inocentes ideas de contento,
marchaba sola la feliz Lechera,
y decía entre sí de esta manera:
«Esta leche vendida,
en limpio me dará tanto dinero,
y con esta partida
un canasto de huevos comprar quiero,
para sacar cien pollos, que al estío
me rodeen cantando el pío, pío.
Del importe logrado
de tanto pollo mercaré un cochino;
con bellota, salvado,
berza, castaña engordará sin tino;
tanto, que puede ser que yo consiga
ver cómo se le arrastra la barriga.
Llevarelo al mercado,
sacaré de él, sin duda, buen dinero:
Compraré de contado
una robusta vaca y un ternero,
que salte y corra toda la campaña,
hasta el monte cercano a la cabaña».Con este pensamiento
enajenada, brinca de manera
que a su salto violento
el cántaro cayó. ¡Pobre Lechera!
¡Qué compasión! Adiós leche, dinero,
huevos, pollos, lechón, vaca y ternero.
¡Oh loca fantasía,
qué palacios fabricas en el viento!
Modera tu alegría;
no sea que, saltando de contento
al contemplar dichosa tu mudanza,
quiebre su cantarillo la esperanza.
No seas ambiciosa
de mejor o más próspera fortuna,
que vivirás ansiosa
sin que pueda saciarte cosa alguna.
No anheles impaciente el bien futuro;
mira que ni el presente está seguro."
brandon_reyna_0086,EL ASNO Y EL CABALLO,Félix María Samaniego,piratas,es,118,unaula,brandon_reyna,ed3ec93ad410992e0d31968eefe1994c09d96777,"—¡Ah, quién fuese Caballo!,
un Asno melancólico decía,
entonces sí que nadie me vería
flaco, triste y fatal como me hallo.
Tal vez un caballero
me mantendría ocioso y bien comido,
dándose su merced por muy servido
con corvetas y saltos de carnero.
Trátanme ahora como vil y bajo,
de risa sirve mi contraria suerte;
quien me apalea más, más se divierte,
y menos como, cuando más trabajo.
No es posible encontrar sobre la tierra
infeliz como yo. Tal se juzgaba,
cuando al Caballo ve cómo pasaba,
con su jinete y armas a la guerra.
Entonces conoció su desatino,
rióse de corvetas y regalos,
y dijo: —Que trabaje y lluevan palos,
no me saquen los dioses de Pollino."
brandon_reyna_0087,CONGRESO DE LOS RATONES,Félix María Samaniego,piratas,es,116,unaula,brandon_reyna,b9764284f258c4bceca08921d33b3057395bc726,"Desde el gran Zapirón, el blanco y rubio,
que después de las aguas del diluvio
fue padre universal de todo Gato,
ha sido Miauragato
quien más sangrientamente
persiguió a la infeliz ratona gente.
Lo cierto es que, obligada
de su persecución la desdichada,
en Ratópolis tuvo su congreso.
Propuso el elocuente Roequeso
echarle un cascabel, y de esa suerte
al ruido escaparían de la muerte.
El proyecto aprobaron uno a uno;
¿quién lo ha de ejecutar?, eso ninguno.
—Yo soy corto de vista.
—Yo muy viejo.
—Yo gotoso, decían. El concejo
se acabó como muchos en el mundo.
Proponen un proyecto sin segundo;
lo aprueban; hacen otro. ¡Qué portento!
Pero ¿la ejecución? Ahí está el cuento."
brandon_reyna_0089,LA TORTUGA Y LA ÁGUILA,Félix María Samaniego,piratas,es,140,unaula,brandon_reyna,d6b24163f13da789638a9bcf4c2013bde1780fde,"Una Tortuga a una Águila rogaba
la enseñase a volar; así la hablaba:
—Con sólo que me des cuatro lecciones,
ligera volaré por las regiones;
ya remontando el vuelo
por medio de los aires hasta el cielo,
veré cercano al sol y las estrellas,
y otras cien cosas bellas;
ya, rápida bajando,
de ciudad en ciudad iré pasando;
y de este fácil, delicioso modo,
lograré en pocos días verlo todo.
La Águila se rió del desatino;
la aconseja que siga su destino,
cazando torpemente con paciencia,
pues lo dispuso así la Providencia.
Ella insiste en su antojo ciegamente.
La reina de las aves prontamente
la arrebata, la lleva por las nubes.
—Mira, la dice, mira cómo subes.
Y al preguntarla, dijo «¿vas contenta?»,
se la deja caer y se revienta.
Para que así escarmiente,
quien desprecia el consejo del prudente."
brandon_reyna_0091,EL ASNO Y EL LOBO,Félix María Samaniego,piratas,es,214,unaula,brandon_reyna,9caa7d36e81cea1e55a77c38939bd9d1de2fde35,"Un Burro cojo vio que le seguía
un Lobo cazador y, no pudiendo
huir de su enemigo, le decía:
—Amigo Lobo, yo me estoy muriendo;
me acaban por instantes los dolores
de este maldito pie de que cojeo;
si yo no me valiese de herradores,
no me vería así como me veo.
Y pues fallezco, sé caritativo;
sácame con los dientes este clavo,
muera yo sin dolor tan excesivo,
y cómeme después de cabo a rabo.
—¡Oh!, dijo el cazador con ironía,
contando con la presa ya en la mano,
no solamente sé la anatomía,
sino que soy perfecto cirujano.
El caso es para mí una patarata,
la operación no más que de un momento;
alargue bien la pata,
y no se me acobarde, buen Jumento.
Con su estuche molar desenvainado
el nuevo profesor llega al doliente;
mas éste le dispara de contado
una coz que lo deja sin un diente.
Escapa el cojo, pero el triste herido
llorando se quedó su desventura.
—¡Ay infeliz de mí!, bien merecido
el pago tengo de mi gran locura.
Yo siempre me llevé el mejor bocado
en mi oficio de Lobo carnicero;
pues, si puedo vivir tan regalado,
¿a qué meterme ahora a curandero?
Hablemos en razón: No tiene juicio,
quien deja el propio por ajeno oficio."
brandon_reyna_0092,LOS CANGREJOS,Félix María Samaniego,piratas,es,258,unaula,brandon_reyna,ed8ae1469c4d7bd8042cfc18e05b78c926d42f38,"Los más autorizados, los más viejos
de todos los Cangrejos
una gran asamblea celebraron.
Entre los graves puntos que trataron,
a propuesta de un docto presidente,
como resolución la más urgente
tomaron la que sigue: —Pues que al mundo
estamos dando ejemplo sin segundo,
el más vil y grosero
en andar hacia atrás como el soguero;
siendo cierto también que los ancianos,
duros de pies y manos,
causándonos los años pesadumbre,
no podemos vencer nuestra costumbre.
Toda madre, desde este mismo instante,
ha de enseñar a andar hacia delante
a sus hijos; y dure la enseñanza
hasta quitar del mundo tal usanza.
—Garras a la obra, dicen las maestras,
que se creían diestras.
Y, sin dejar ninguno,
ordenan a sus hijos uno a uno
que muevan sus patitas blandamente
hacia adelante sucesivamente.
Pasito a paso, al modo que podían,
ellos obedecían;
pero al ver a sus madres que marchaban
al revés de lo que ellas enseñaban,
olvidando los nuevos documentos,
imitaban sus pasos, más contentos.
Repetían las madres sus lecciones,
mas no bastaban teóricas razones;
porque obraba en los jóvenes Cangrejos,
sólo un ejemplo más que mil consejos.
Cada maestra se aflige y desconsuela,
no pudiendo hacer práctica su escuela;
de modo que en efecto
abandonaron todas el proyecto.
Los magistrados saben el suceso,
y en su pleno congreso
la nueva ley al punto derogaron,
porque se aseguraron
de que en vano intentaban la reforma,
cuando ellos no sabían ser la norma.
Y es así: Que la fuerza de las leyes
suele ser el ejemplo de los reyes."
brandon_reyna_0093,EL CUERVO Y EL ZORRO,Félix María Samaniego,piratas,es,148,unaula,brandon_reyna,d1bef6f98f422dcf541e3288c5413ef18e0ae057,"En la rama de un árbol,
bien ufano y contento,
con un queso en el pico
estaba el señor Cuervo.
Del olor atraído
un Zorro muy maestro,
le dijo estas palabras
a poco más o menos:
—Tenga usted buenos días,
señor Cuervo, mi dueño;
vaya que estáis donoso,
mono, lindo en extremo;
yo no gasto lisonjas,
y digo lo que siento;
que si a tu bella traza
corresponde el gorjeo,
juro a la diosa Ceres,
siendo testigo el cielo,
que tú serás el fénix
de sus vastos imperios.
Al oír un discurso
tan dulce y halagüeño,
de vanidad llevado,
quiso cantar el Cuervo.
Abrió su negro pico,
dejó caer el queso;
el muy astuto Zorro,
después de haberlo preso,
le dijo: —Señor bobo,
pues sin otro alimento
quedáis con alabanzas
tan hinchado y repleto,
digerid las lisonjas
mientras digiero el queso.
Quien oye aduladores,
nunca espere otro premio"
brandon_reyna_0094,EL LOBO Y EL PERRO FLACO,Félix María Samaniego,piratas,es,180,unaula,brandon_reyna,12edcb42435d774e311177368822719b7ea07e99,"Distante de la aldea,
iba cazando un Perro
flaco, que parecía
un andante esqueleto.
Cuando menos lo piensa,
un Lobo lo hizo preso.
Aquí de sus clamores,
de sus llantos y ruegos.
—Decidme, señor Lobo,
¿qué queréis de mi cuerpo,
si no tiene otra cosa
que huesos y pellejo?
Dentro de quince días
casa a su hija mi dueño,
y ha de haber para todos
arroz y gallo muerto.
Dejadme ahora libre;
que, pasado este tiempo,
podrás comerme a gusto,
lucio, gordo y relleno.
Quedaron convenidos;
y, apenas se cumplieron
los días señalados,
el Lobo buscó al Perro.
Estábase en su casa
con otro compañero,
llamado Matalobos,
Mastín de los más Fieros.
Salen a recibirlo;
al punto que lo vieron,
Matalobos bajaba
con corbatín de hierro.
No era el Lobo persona
de tantos cumplimientos;
y así, por no gastarlos,
cedió de su derecho.
Huía, y lo llamaban;
mas él iba diciendo
con el rabo entre piernas:
«Pies, ¿para qué os quiero?».
Hasta los niños saben
que es de mayor aprecio
un pájaro en la mano
que por el aire ciento."
brandon_reyna_0095,EL MURCIÉLAGO Y LA COMADREJA,Félix María Samaniego,piratas,es,149,unaula,brandon_reyna,8de6d435c340fecc418714c7133212d8458755ef,"Cayó, sin saber cómo,
un Murciélago a tierra;
al instante le atrapa
la lista Comadreja.
Clamaba el desdichado,
viendo su muerte cerca.
Ella le dice: —Muere,
que por naturaleza
soy mortal enemiga
de todo cuanto vuela.
El avechucho grita,
y mil veces protesta
que él es ratón, cual todos
los de su descendencia.
Con esto, ¡qué fortuna!,
el preso se liberta.
Pasado cierto tiempo,
no sé de qué manera,
segunda vez le pilla:
Él nuevamente ruega;
mas ella le responde
que Júpiter la ordena
tenga paz con las aves,
con los ratones guerra.
—¿Soy yo ratón acaso?
Yo creo que estás ciega.
¿Quieres ver cómo vuelo?
En efecto, le deja,
y a merced de su ingenio
libre el pájaro vuela.
Aquí aprendió de Esopo
la gente marinera,
murciélagos que fingen
pasaporte y bandera.
No importa que haya pocos
ingleses comadrejas;
tal vez puede de un riesgo
sacarnos una treta."
brandon_reyna_0096,EL GATO Y LAS AVES,Félix María Samaniego,piratas,es,297,unaula,brandon_reyna,9ddd0a28a16264db23e4ff976af7c28dc9ed185e,"Charlatanes se ven por todos lados,
en plazas y en estrados,
que ofrecen sus servicios, ¡cosa rara!,
a todo el mundo por su linda cara.
Éste, químico y médico excelente,
cura a todo doliente;
pero gratis: No se hable de dinero.
El otro, petimetre caballero,
canta, toca, dibuja, borda, danza,
y ofrece la enseñanza
gratis, por afición, a cierta gente.
Veremos en la fábula siguiente
si puede haber en esto algún engaño.
La prudente cautela no hace daño.
Dejando los desvanes y rincones
desiertos de ratones,
el señor Mirrimiz, Gato de maña,
se salió de la villa a la campaña.
En paraje sombrío,
a la orilla de un río
de sauces coronado,
en unas matas se quedó agachado.
El Gatazo callaba como un muerto,
escuchando el concierto
de dos mil Avecillas,
que en las ramas cantaban maravillas;
pero callaba en vano,
mientras no se acercaban a su mano
los músicos volantes, pues quería
Mirrimiz arreglar la sinfonía.
Cansado de esperar, prorrumpe al cabo,
sacando la cabeza: —Bravo, bravo.
La turba calla: Cada cual procura
alejarse o meterse en la espesura;
mas él les persuadió con buenos modos,
y al fin logró que le escuchasen todos.
—No soy Gato montés o campesino.
Soy honrado vecino
de la cercana villa:Fui Gato de un maestro de capilla;
la música aprendí, y aun, si me empeño,
veréis cómo os la enseño,
pero gratis y en menos de una hora.
¡Qué cosa tan sonora
será el oír un coro de cantores,
verbigracia calandrias, ruiseñores!
Con estas y otras cosas diferentes,
algunas de las Aves inocentes
con manso vuelo a Mirrimiz llegaron:
Todas en torno de él se colocaron.
Entonces, con más gracia
y más diestro que el músico de Tracia,
echando su compás hacia el más gordo,
consigue gratis merendarse un tordo."
brandon_reyna_0097,LOS DOS PERROS,Félix María Samaniego,piratas,es,139,unaula,brandon_reyna,f3664fa735196f3646187ea5a228d15dcc21d7ef,"Procure ser en todo lo posible,
el que ha de reprender, irreprensible.
Sultán, perro goloso y atrevido,
en su casa robó, por un descuido,
una pierna excelente de carnero.
Pinto, gran tragador, su compañero,
le encuentra con la presa encarnizado,
ojo al través, colmillo acicalado,
fruncidas las narices y gruñendo.
—¿Qué cosa estás haciendo,
desgraciado Sultán?, Pinto le dice.
¿No sabes, infelice,
que un Perro infiel, ingrato,
no merece ser perro, sino gato?
¡Al amo, que nos fía
la custodia de casa noche y día,
nos halaga, nos cuida y alimenta,
le das tan buena cuenta
que le robas, goloso,
la pierna del carnero más jugoso!
Como amigo te ruego
no la maltrates más: Déjala luego.
—Hablas, dijo Sultán, perfectamente.
Una duda me queda solamente
para seguir al punto tu consejo:
Di, ¿te la comerás, si yo la dejo?"
brandon_reyna_0099,"EL OSO, LA MONA Y EL CERDO",Tomás de Iriarte,piratas,es,151,ideartes casa,brandon_reyna,eaf58dc259288480170e9b8067ded0175985fb0a,"Un oso, con que la vida
ganaba un piamontés[1]
,
la no muy bien aprendida
danza ensayaba en dos pies.
Queriendo hacer de persona,
dijo a una mona: «¿Qué tal?».
Era perita[2] la mona,
y respondióle: «Muy mal.»
«Yo creo –replicó el oso–
que me haces poco favor.
Pues ¿qué?, ¿mi aire no es garboso?
¿No hago el paso con primor?»
Estaba el cerdo presente,
y dijo: «¡Bravo! ¡Bien va!
Bailarín más excelente
no se ha visto ni verá.»
Echó el oso, al oír esto,
sus cuentas allá entre sí,
y con ademán modesto
hubo de exclamar así:
«Cuando me desaprobaba
la mona, llegué a dudar;
mas ya que el cerdo me alaba
muy mal debo de bailar.»
Guarde para su regalo
esta sentencia un autor:
si el sabio no aprueba,
¡malo! si el necio aplaude, ¡peor!
Nunca una obra se acredita tanto de mala como cuando la aplauden
los necios."
brandon_reyna_0100,EL BURRO FLAUTISTA,Tomás de Iriarte,piratas,es,168,ideartes casa,brandon_reyna,ad435069a0ce167d8778a561f33022e0a375f333,"Esta fabulilla,
salga bien o mal,
me ha ocurrido ahora
por casualidad.
Cerca de unos prados
que hay en mi lugar,
pasaba un borrico
por casualidad.
Una flauta en ellos
halló, que un zagal[3]
se dejó olvidada
por casualidad.
Acercóse a olerla
el dicho animal,
y dio un resoplido
por casualidad.
En la flauta el aire
se hubo de colar,
y sonó la flauta
por casualidad.
«¡Oh! –dijo el borrico–,
¡que bien sé tocar!
¡Y dirán que es mala
la música asnal[4]!»
Sin reglas del arte,
borriquitos hay
que una vez aciertan
por casualidad.
Sin reglas del arte, el que en algo acierta, acierta por casualidad[5] Pastor joven.
[4] Del asno. Un asno es un burro.
[5] Corría el año 1782 cuando don Tomás de Iriarte escribió estas fábulas, aún faltaban 114 años para
que nacieran y luego acertaran los poetas Tristan Tzara y André Breton, uno dijo que era dadaísta
y el otro que era surrealista, dos borriquitos sin reglas del arte, entregados a la casualidad.
."
brandon_reyna_0101,LOS DOS CONEJOS,Tomás de Iriarte,piratas,es,123,ideartes casa,brandon_reyna,aeb41ed2ffdd618584ff47132a9a4eb28172f24b,"Por entre unas matas,
seguido de perros
–no diré corría–,
volaba un conejo.
De su madriguera
salió un compañero,
y le dijo: «Tente,
amigo: ¿qué es esto?»
«¿Qué ha de ser? –responde–;
sin aliento llego...
Dos pícaros galgos[6]
me vienen siguiendo.»
«Sí –replica el otro–,
por allí los veo...
Pero no son galgos.»
«¿Pues qué son?» «Podencos[7].»
«¿Qué? ¿Podencos dices?
Sí, como mi abuelo.
Galgos y muy galgos;
bien visto lo tengo.»
«Son podencos, vaya,
que no entiendes de eso.»
«Son galgos, te digo.»
«Digo que podencos.»
En esta disputa
llegando los perros,
pillan descuidados
a mis dos conejos.
Los que por cuestiones
de poco momento[8]
dejan lo que importa,
llévense este ejemplo.
No debemos detenernos en cuestiones frívolas,
olvidando el asunto principal."
brandon_reyna_0102,LOS HUEVOS,Tomás de Iriarte,piratas,es,465,ideartes casa,brandon_reyna,707d18542cf3daa4ba20f3420fa5589ec470dbdb,"Más allá de las islas Filipinas,
hay una, que ni sé cómo se llama
ni me importa saberlo, donde es fama[9]
que jamás hubo casta de gallinas[10]
,
hasta que allá un viajero
llevó por accidente un gallinero.
Al fin tal fue la cría, que ya el plato
más común y barato
era de huevos frescos; pero todos
los pasaban por agua (que el viajante
no enseñó a componerlos de otros modos)[11]
.
Luego, de aquella tierra un habitante
introdujo el comerlos estrellados[12]
.
¡Oh! ¡Qué elogios se oyeron a porfía[13]
de su rara y fecunda fantasía!
Otro discurre hacerlos escalfados[14]
...
¡Pensamiento feliz!... Otro, rellenos...
¡Ahora sí que están los huevos buenos!
Uno, después, inventa la tortilla,
y todos claman ya: «¡Qué maravilla!»
No bien se pasó un año,
cuando otro dijo: «Sois unos petates[15];
yo los haré revueltos con tomates[16].»
Y aquel guiso de huevos tan extraño,
con que toda la isla se alborota,
hubiera estado largo tiempo en uso,
a no ser porque luego los compuso
un famoso extranjero a la hugonota[17]
.
Esto hicieron diversos cocineros;
pero ¡qué condimentos delicados
no añadieron después los reposteros!
Moles, dobles, hilados,en caramelo, en leche,
en sorbete, en compota, en escabeche.
Al cabo todos eran inventores,
y los últimos huevos, los mejores.
Mas un prudente anciano
les dijo un día: «Presumís en vano
de esas composiciones peregrinas.
¡Gracias al que nos trajo las gallinas!»
Tantos autores nuevos
¿no se pudieran ir a guisar huevos
más allá de las islas Filipinas?
No falta quien quiera pasar por autor original, cuando no hace más
que repetir con corta diferencia lo que otros muchos han dicho.
[9] Es conocido, todo el mundo lo sabe.
[10] No había gallinas, no se habían criado allí. En ese entonces, 1782, las gallinas no se habían
esparcido por todo el mundo. Y Filipinas en ese año se consideraba un país muy lejano, que
como bien dice don Iriarte es una isla. Todavía queda lejos. Entre Bogotá y la capital de
Filipinas, que se llama Manila, hay 17.309 kilómetros. En todas las papelerías bogotanas se
puede pedir un sobre «de Manila».
[11] Se trata del huevo duro, que se hierve en agua con sal durante 10 ó 12 minutos.
[12] Estrellados es una bella palabra decir huevo frito.
[13] Se oyeron muchos elogios, porque decían que los huevos habían quedado deliciosos.
[14] En caldo, la changua es una forma de los huevos escalfados.
[15] Unos inútiles.
[16] También conocidos como huevos pericos.
[17] Los hugonotes eran franceses, eran protestantes (protestaban contra los católicos) estaban
liderados por unos señores de apellido Borbón, que estaba enfrentado a la una familia que se
conoce como Casa de Guisa. No se sabe muy bien cómo son los huevos a la hugonota, pero
seguro que no son «guisados»."
brandon_reyna_0103,LA ABEJA Y EL CUCLILLO,Tomás de Iriarte,piratas,es,115,ideartes casa,brandon_reyna,deda0f5514c49a2dbcd49c92db3cf8c6d2b5e184,"Saliendo del colmenar,
dijo al cuclillo la abeja:
«Calla, porque no me deja
tu ingrata voz trabajar.
No hay ave tan fastidiosa
en el cantar como tú:
¡cucú, cucú y más cucú,
y siempre una misma cosa!»
«¿Te cansa mi canto igual?
–el cuclillo respondió–.
Pues a fe que no hallo
yo variedad en tu panal;
y pues que del propio modo
fabricas uno que ciento,
si yo nada nuevo invento,
en ti es viejísimo todo.»
A esto la abeja replica:
«En obra de utilidad,
la falta de variedad
no es lo que más perjudica;
pero en obra destinada
sólo al gusto y diversión,
si no es varia la invención
todo lo demás es nada.»"
brandon_reyna_0104,EL LEÓN Y EL ÁGUILA,Tomás de Iriarte,piratas,es,161,ideartes casa,brandon_reyna,c440da695f45f1eb62689a7d8ba1aa803f26dbc9,"El águila y el león
gran conferencia tuvieron,
para arreglar entre sí
ciertos puntos de gobierno.
Dio el águila muchas quejas
del murciélago, diciendo:
«¿Hasta cuándo este avechucho
nos ha de traer revueltos?
Con mis pájaros se mezcla,
dándose por uno de ellos,
y alega varias razones,
sobre todo la del vuelo[19]
.
Mas si se le antoja, dice:
“Hocico, y no pico, tengo.
¿Como ave queréis tratarme?
Pues cuadrúpedo me vuelvo[20].”
Con mis vasallos murmura
de los brutos de tu imperio,
y cuando con estos vive,
murmura también de aquellos[21].»
«Está bien –dijo el león–.
Yo te juro que en mis reinos
no entre más.» «Pues en los míos
–respondió el águila–, menos.»
Desde entonces, solitario
salir de noche le vemos,
pues ni alados ni patudos[22]
quieren ya tal compañero.Murciélagos literarios,
que hacéis a pluma y a pelo:
si queréis vivir con todos,
miraos en este espejo.
Los que quieren hacer a dos partidos,
suelen conseguir el desprecio de ambos."
brandon_reyna_0105,EL ASNO Y SU AMO,Tomás de Iriarte,piratas,es,132,ideartes casa,brandon_reyna,1f00930009c1a65168b84ab96d3855a726ad712a,"«Siempre acostumbra hacer el vulgo[23] necio
de lo bueno y lo malo igual aprecio[24];
yo le doy lo peor, que es lo que alaba.»
De este modo sus yerros disculpaba[25]
un escritor de farsas indecentes;
y un taimado[26] poeta que lo oía
le respondió en los términos siguientes:
«Al humilde jumento
su dueño daba paja, y le decía:
“Toma, pues que con eso estás contento.”
Díjolo tantas veces, que ya un día
se enfadó el asno, y replicó: “Yo tomo
lo que me quieres dar; pero, hombre injusto,
¿piensas que sólo de la paja gusto?
Dame grano, y verás si me lo como.”»
Sepa quien para el público trabaja,
que tal vez a la plebe[27] culpa en vano,
pues si, en dándola paja, come paja,
siempre que le dan grano, come grano."
brandon_reyna_0106,LA ARDILLA Y EL CABALLO,Tomás de Iriarte,piratas,es,149,ideartes casa,brandon_reyna,f9ce0964bb1ab3758d52b247dd5d6c0136eb90f8,"Mirando estaba una ardilla
a un generoso alazán[28]
que, dócil a espuela y rienda[29]
,
se adestraba en galopar.
Viéndole hacer movimientos
tan veloces y a compás,
de aquesta suerte le dijo[30]
,
con muy poca cortedad:
«¿Señor mío:
de ese brío,
ligereza
y destreza
no me espanto;
que otro tanto
suelo hacer, y acaso más.
Yo soy viva,
soy activa,
me meneo,
me paseo,
yo trabajo,
subo y bajo:
no me estoy quieta jamás.»
El paso detiene entonces
el buen potro y, muy formal
en los términos siguientes
respuesta a la ardilla da:
«Tantas idas
y venidas,
tantas vueltas
y revueltas
(quiero, amiga,
que me diga),
¿son de alguna utilidad?
Yo me afano,
mas no en vano[31]
.
Sé mi oficio,
y en servicio
de mi dueño
tengo empeño
de lucir mi habilidad.»
Conque algunos escritores
ardillas también serán,
si en obras frívolas[32] gastan
todo el calor natural."
brandon_reyna_0107,EL CUERVO Y EL PAVO,Tomás de Iriarte,piratas,es,197,ideartes casa,brandon_reyna,43dc6efea4a09aa60dc058eb517c8554b4de456d,"Pues, como digo, es el caso
(y vaya de cuento)
que a volar se desafiaron
un pavo y un cuervo.
Al término señalado[33]
cuál llegó primero,
considérelo quien de ambos
haya visto el vuelo.
«Aguárdate –dijo el pavo
al cuervo de lejos–.
¿Sabes lo que estoy pensando?
Que eres negro y feo.
Escucha: también reparo
–le gritó más recio–
en que eres un pajarraco
de muy mal agüero.
¡Quita allá, que me das asco,
grandísimo puerco!
Sí, que tienes por regalo
comer cuerpos muertos.»
«Todo eso no viene al caso
–le responde el cuervo–,
porque aquí sólo tratamos
de ver qué tal vuelo.»
Cuando en las obras del sabio
no encuentra defectos,
contra la persona cargos
suele hacer el necio. Cuando se trata de notar los defectos de una obra, no deben
censurarse los personales de su autor.
 A la meta.
Como hizo el pavo, que perdió en velocidad, en estilo de vuelo, y se puso a hablar mal, a insultar
al cuervo, que había ganado. Eso se llama argumento ad hominem, que en latín significa contra
el hombre, el cual consiste en decir de cosas malas de una persona para atacar sus obras, ideas u
opiniones."
brandon_reyna_0108,LA COMPRA DEL ASNO,Tomás de Iriarte,piratas,es,210,ideartes casa,brandon_reyna,88edd41565f476a40fb70b74f3e524b75d4039eb,"Ayer por mi calle
pasaba un borrico,
el más adornado
que en mi vida he visto.
Albarda y cabestro
eran nuevecitos,
con flecos de seda
rojos y amarillos.
Borlas y penacho
llevaba el pollino
,
lazos, cascabeles
y otros atavíos[37];
y hechos a tijera,
con arte prolijo[38]
,
en pescuezo y anca
dibujos muy lindos.
Parece que el dueño,
que es, según me han dicho,
un chalán gitano
de los más ladinos
,
vendió aquella alhaja
a un hombre sencillo;
y añaden que al pobre
le costó un sentido
.
Volviendo a su casa,
mostró a sus vecinos
la famosa compra,
y uno de ellos dijo:
«Veamos, compadre,
si este animalito
tiene tan buen cuerpo
como buen vestido.»
Empezó a quitarle
todos los aliños
,
y bajo la albarda,
al primer registro,
le hallaron el lomo
asaz malferido
,
con seis mataduras
y tres lobanillos
,
amén de dos grietas
y un tumor antiguo que bajo la cincha
estaba escondido.
«Burro –dijo el hombre–,
más que el burro mismo,
soy yo, que me pago
de adornos postizos.»
A fe[49] que este lance
no echaré en olvido,
pues viene de molde
a un amigo mío,
el cual, a buen precio,
ha comprado un libro
bien encuadernado,
que no vale un pito."
brandon_reyna_0109,"EL GATO, EL LAGARTO Y EL GRILLO",Tomás de Iriarte,piratas,es,217,ideartes casa,brandon_reyna,67785b40601e1ff46a977ef478b6ff0149f80948,"Ello es que hay animales muy científicos
en curarse con varios específicos
y en conservar su construcción orgánica,
como hábiles que son en la Botánica;
pues conocen las hierbas diuréticas,
catárticas, narcóticas, eméticas,
febrífugas, estípticas, prolíficas,
cefálicas también y sudoríficas.
En esto era gran práctico y teórico
un gato, pedantísimo retórico,
que hablaba en un estilo tan enfático
como el más estirado catedrático.
Yendo a caza de plantas salutíferas[50]
,
dijo a un lagarto: «¡Qué ansias tan mortíferas!
Quiero, por mis turgencias semi-hidrópicas[51]
,
chupar el zumo de hojas heliotrópicas[52].»
Atónito el lagarto con lo exótico
de todo aquel preámbulo extrambótico[53]
,
no entendió más la frase macarrónica
que si le hablasen lengua babilónica;
pero notó que el charlatán ridículo
de hojas de girasol llenó el ventrículo[54]
,
y le dijo: «Ya, en fin, señor hidrópico,
he entendido lo que es zumo heliotrópico.»
¡Y no es bueno que un grillo, oyendo el diálogo,
aunque se fue en ayunas del catálogo[55]
de términos tan raros y magníficos,
hizo del gato elogios honoríficos!
Sí; que hay quien tiene la hinchazón por mérito,
y el hablar liso y llano por demérito.
Mas ya que esos amantes de hiperbólicas
cláusulas y metáforas diabólicas,
de retumbantes voces el depósito
apuran, aunque salga un despropósito,
caiga sobre su estilo problemático
este apólogo esdrújulo-enigmático."
brandon_reyna_0110,LA URRACA Y LA MONA,Tomás de Iriarte,piratas,es,230,ideartes casa,brandon_reyna,70cacc90b23ff944c111700a430cb2269f113187,"A una mona
muy taimada
dijo un día
cierta urraca:
«Si vinieras
a mi estancia
,
¡cuántas cosas
te enseñara!
Tú bien sabes
con qué maña
robo y guardo
mil alhajas.
Ven, si quieres,
y veráslas
escondidas
tras de un arca.»
La otra dijo:
«Vaya en gracia»;
y al paraje
la acompaña.
Fue sacando
doña Urraca
una liga
colorada,
un tontillo
de casaca
,
una hebilla,
dos medallas,
la contera
de una espada,
medio peine
y una vaina
de tijeras,
una gasa,
un mal cabo
de navaja,
tres clavijas
de guitarra
y otras muchas
zarandajas
.
«¿Qué tal? –dijo–.
Vaya, hermana,
¿no me envidia?
No se pasma?
A fe que otra
de mi casta
en riqueza
no me iguala.»
Nuestra mona
la miraba
con un gesto
de bellaca,
y al fin dijo:
«¡Patarata!
Has juntado
lindas maulas
.
Aquí tienes
quien te gana,
porque es útil
lo que guarda.
Si no, mira
mis quijadas:
bajo de ellas,
camarada,
hay dos buches
o papadas
que se encogen
y se ensanchan.
Como aquello
que me basta,
y el sobrante
guardo en ambas
para cuando
me haga falta.
Tú amontonas,
mentecata
,
trapos viejos
y morralla[78];
mas yo, nueces,
avellanas,
dulces, carne
y otras cuantas
provisiones
necesarias.»
Y esta mona
redomada
¿habló sólo
con la urraca?
Me parece
que más habla
con algunos
que hacen gala
de confusas
misceláneas
y fárrago
sin substancia."
brandon_reyna_0111,EL JARDINERO Y SU AMO,Tomás de Iriarte,piratas,es,134,ideartes casa,brandon_reyna,0bde9421b85e8fa30fbfa66c5b551ca196305bf0,"En un jardín de flores
había una gran fuente,
cuyo pilón servía
de estanque a carpas, tencas y otros peces.
Únicamente al riego
el jardinero atiende,
de modo que entretanto
los peces agua en que vivir no tienen.
Viendo tal desgobierno,
su amo le reprende,
pues, aunque quiere flores,
regalarse con peces también quiere;
y el rudo jardinero
tan puntual le obedece,
que las plantas no riega
para que el agua del pilón no merme.
Al cabo de algún tiempo
el amo al jardín vuelve;
halla secas las flores,
y amostazado[83] dice de esta suerte:
«Hombre, no riegues tanto
que me quede sin peces,
ni cuides tanto de ellos
que sin flores, gran bárbaro, me dejes.»
La máxima es trillada,
mas repetirse debe:
si al pleno acierto aspiras,
une la utilidad con el deleite."
brandon_reyna_0112,"EL GALLO, EL CERDO Y EL CORDERO",Tomás de Iriarte,piratas,es,205,ideartes casa,brandon_reyna,6d5b86cd21ef91ef6cf50539cfe928bf6b77c80c,"Había en un corral un gallinero;
en este gallinero un gallo había;
y detrás del corral, en un chiquero,
un marrano gordísimo yacía.
Ítem más[84], se criaba allí un cordero,
todos ellos en buena compañía;
y ¿quién ignora que estos animales
juntos suelen vivir en los corrales?
Pues (con perdón de ustedes) el cochino
dijo un día al cordero: «¡Qué agradable,
qué feliz, qué pacífico destino
es el poder dormir! ¡Qué saludable!
Yo te aseguro, como soy gorrino[85]
,
que no hay en esta vida miserable
gusto como tenderse a la bartola[86]
,
roncar bien y dejar rodar la bola.»
El gallo, por su parte, al tal cordero
dijo en otra ocasión: «Mira, inocente,
para estar sano, para andar ligero,
es menester[87] dormir muy parcamente[88]
.
El madrugar, en julio u en febrero,
con estrellas, es método prudente,
porque el sueño entorpece los sentidos,
deja los cuerpos flojos y abatidos.»
Confuso, ambos dictámenes coteja[89]
el simple corderillo, y no adivina
que lo que cada uno le aconseja
no es más que aquello mismo a que se inclina.
Acá entre los autores, ya es muy vieja
la trampa de sentar como doctrina,
y gran regla a la cual nos sujetamos,
lo que en nuestros escritos practicamos."
brandon_reyna_0113,EL TOPO Y OTROS ANIMALES,Tomás de Iriarte,piratas,es,173,ideartes casa,brandon_reyna,8779577765eecfe120292589d3f09aac5ec75e5a,"Ciertos animalitos,
todos de cuatro pies,
a la gallina ciega
jugaban una vez.
Un perrillo, una zorra
y un ratón, que son tres;
una ardilla, una liebre
y un mono, que son seis.
Este[90] a todos vendaba
los ojos, como que es
el que mejor se sabe
de las manos valer.
Oyó un topo la bulla
y dijo: «Pues, ¡pardiez![91]
,
que voy allá, y en rueda
me he de meter también.»
Pidió que le admitiesen,
y el mono, muy cortés,
se lo otorgó (sin duda
para hacer burla de él).
El topo a cada paso
daba veinte traspiés,
porque tiene los ojos
cubiertos de una piel.
Y a la primera vuelta,
como era de creer,
facilísimamente
pillan a su merced.
De ser gallina ciega
le tocaba la vez;
y ¿quién mejor podía
hacer este papel?
Pero él, con disimulo,
por el bien parecer,
dijo al mono: «¿Qué hacemos?
Vaya, ¿me venda usted?»
Si el que es ciego y lo sabe
aparenta que ve,
quien sabe que es idiota
¿confesará que lo es?"
brandon_reyna_0114,EL CANARIO Y OTROS ANIMALES,Tomás de Iriarte,piratas,es,170,ideartes casa,brandon_reyna,e381a7ce00e1871eefd55d335fe88917f1ced134,"De su jaula un día
se escapó un canario
que fama tenía
por su canto vario.
«¡Con qué regocijo
me andaré viajando
y haré alarde –dijo–
de mi acento blando!»
Vuela con soltura
por bosques y prados,
y el caudal apura
de dulces trinados.
Mas ¡ay!, aunque invente
el más suave paso,
no encuentra viviente
que de él haga caso.
Una mariposa
le dice burlando:
«Yo de rosa en rosa
dando vueltas ando.
Serás ciertamente
un músico tracio[93];
pero busca oyente
que esté más despacio.»
«Voy –dijo la hormiga–
a buscar mi grano;
mas usted prosiga,
cantor soberano.

La raposa añade:
«Celebro que el canto
a todos agrade;
pero yo entretanto
(esto es lo primero)
me voy acercando
hacia un gallinero
que me está esperando.»
«Yo –dijo un palomo–
ando enamorado,
y así el vuelo tomo
hasta aquel tejado.
A mi palomita
es ya necesario
hacer mi visita;
perdone el canario.»
Gorjeando estuvo
el músico grato,
mas apenas hubo
quien le oyese un rato.
¡A cuántos autores
sucede otro tanto"
brandon_reyna_0115,LA TORTUGA GIGANTE,Horacio Quiroga,piratas,es,1702,Radio Butiá,brandon_reyna,7f93e931b046e37b78fa9c190fd6dae1a01213cd,"Había una vez un hombre que vivía en Buenos Aires, y estaba
muy contento porque era un hombre sano y trabajador. Pero un
día se enfermó y los médicos le dijeron que solamente yéndose al
campo podría curarse. El no quería ir, porque tenía hermanos
chicos a quienes daba de comer; y se enfermaba cada día más.
Hasta que un amigo suyo, que era director del Zoológico, le dijo
un día:
-Usted es amigo mío y es un hombre bueno y trabajador. Por eso
quiero que se vaya a vivir al monte, a hacer mucho ejercicio al
aire libre para curarse. Y usted tiene mucha puntería con la
escopeta, cace bichos del monte para traerme los cueros, y yo le
daré plata adelantada para que sus hermanitos puedan comer
bien.
El hombre enfermo aceptó, y se fue a vivir al monte, lejos, más
lejos que Misiones todavía. Hacía allá mucho calor, y eso le hacía
bien. Vivía solo en el bosque y él mismo se cocinaba, Comía
pájaros y bichos del monte, que cazaba con la escopeta, y
después comía frutas. Dormía bajo los árboles y, cuando hacía
mal tiempo, construía en cinco minutos una ramada con hojas de
palmera, y allí pasaba sentado y fumando, muy contento en
medio del bosque, que bramaba con el viento y la lluvia.
Había hecho un atado con los cueros de los animales, y lo llevaba
al hombro. Había también agarrado, vivas, muchas víboras
venenosas, y las llevaba dentro de un gran mate, porque allá hay
mates tan grandes como una lata de querosene.
El hombre tenía otra vez buen color, estaba fuerte y tenía apetito.
Precisamente un día en que tenía mucha hambre, porque hacía
dos días que no cazaba nada, vio a la orilla de una gran laguna
un tigre enorme que quería comer una tortuga, y la ponía parada
de canto para meter dentro una pata y sacar la carne con las
uñas. AI ver al hombre el tigre lanzó un rugido espantoso y se
lanzó de un salto sobre él. Pero el cazador, que tenía una gran
puntería, le apuntó entre los dos ojos y le rompió la cabeza.
Después le sacó el cuero, tan grande que él solo podría servir de
alfombra para un cuarto.
-Ahora se dijo el hombre- voy a comer tortuga, que es una carne
muy rica.
Pero cuando se acercó a la tortuga, vio que estaba ya herida, y
tenía la cabeza casi separada del cuello, y la cabeza colgaba casi
de dos o tres hilos de carne.
A pesar del hambre que sentía, el hombre tuvo lástima de la
pobre tortuga, y la llevó arrastrando con una soga hasta su
ramada y le vendó la cabeza con tiras de género que sacó de su
camisa, porque no teína más que una sola camisa y no tenía
trapos. La había llevado arrastrando porque la tortuga era
inmensa, tan alta como una silla, y pesaba como un hombre.
La tortuga quedó arrimada a un rincón, y allí pasó días y días sin
moverse.
El hombre la curaba, todos los días, y después le daba golpecitos
con la mano sobre el lomo.
La tortuga sanó por fin. Pero entonces fue el hombre quien se
enfermó. Tuvo fiebre y le dolía todo el cuerpo.
Después no pudo levantarse más. La fiebre aumentaba siempre,
y la garganta le quemaba de tanta sed. El hombre comprendió
que estaba gravemente enfermo, y habló en voz alta, aunque
estaba solo, porque tenía mucha fiebre.
Voy a morir -dijo el hombre- estoy solo, ya no puedo levantarme
más, y no tengo quién me dé agua siquiera. Voy a morir aquí de
hambre y de sed.
Y al poco rato la fiebre subió más aún, y perdió el conocimiento.
Pero la tortuga lo había oído, y entendió lo que el cazador decía.
Y ella pensó entonces:
-El hombre no me comió la otra vez, aunque tenía mucha
hambre, y me curó. Yo lo voy a curar a él ahora.
Fue entonces a la laguna, buscó una cáscara de tortuga chiquita,
y después de limpiarla bien con arena y ceniza la llenó de agua y
le dio de beber al hombre, que estaba tendido sobre su manta y
se moría de sed. Se puso a buscar en seguida raíces ricas y
yuyitos tiernos, que le llevó al hombre para que comiera. El
hombre comía sin darse cuenta de quién le daba la comida,
porque tenía delirio con la fiebre y no conocía a nadie.
Todas las mañanas la tortuga recorría el monte buscando raíces
cada vez más ricas para darle al hombre, y sentía no poder
subirse a los árboles para llevarle frutas.
El cazador comió así días y días sin saber quién le daba la
comida, y un día recobró él conocimiento. Miró a todos lados, y
vio que estaba solo, pues allí no había más que él y la tortuga,
que era un animal. Y dijo otra en voz alta:
Estoy solo en el bosque, la fiebre va a volver de nuevo, y voy a
morir aquí, porque solamente en Buenos Aires hay remedios
para curarme. Pero nunca podré ir, y voy a morir aquí.
Y como él lo había dicho, la fiebre volvió esa tarde, más fuerte
que antes, y perdió de nuevo el conocimiento.
Pero también esta vez la tortuga lo había oído y se dijo: -Si queda
aquí en el monte se va a morir, porque no hay remedios, y tengo
que llevarlo a Buenos Aires.
Dicho esto, cortó enredaderas finas y fuertes, que son como
piolas, acostó con mucho cuidado al hombre encima de su lomo,
y lo sujetó bien con las enredaderas para que no se cayese. Hizo
muchas pruebas para acomodar bien la escopeta, los cueros y el
mate con víboras, y al fin consiguió lo que quería, sin molestar al
cazador, y emprendió entonces el viaje.
La tortuga, cargada así, caminó, caminó y caminó de día y de
noche. Atravesó montes, campos, cruzó a nado ríos de una legua
de ancho, y atravesó pantanos en que quedaba casi enterrada,
siempre con el hombre moribundo encima. Después de ocho o
diez horas de caminar se detenía, deshacía los nudos y acostaba
al hombre con mucho cuidado en un lugar donde hubiera pasto
bien seco.
Iba entonces a buscar agua y raíces tiernas, y le daba al hombre
enfermo. Ella comía también, aunque estaba tan cansada que
prefería dormir.
A veces tenía que caminar al sol; y como era verano, el cazador
tenía tanta fiebre que deliraba y se moría de sed. Gritaba: ¡agua!,
¡agua!, a cada rato. Y cada vez la tortuga tenía que darle de beber.
Así anduvo días y días, semana tras semana. Cada vez estaban
más cerca de Buenos Aires, pero también cada día la tortuga se
iba debilitando, cada día tenia menos fuerza, aunque ella no se
quejaba. A veces quedaba tendida, completamente sin fuerzas, y
el hombre recobraba a medias el conocimiento. Y decía en voz
alta:
-Voy a morir, estoy cada vez más enfermo, y sólo en Buenos
Aires me podría curar. Pero voy a morir aquí, solo en el monte.
Él creía que estaba siempre en la ramada, porque no se daba
cuenta de nada. La tortuga se levantaba entonces, y emprendía
de nuevo el camino.
Pero llegó un día, un atardecer, en que la pobre tortuga no pudo
más. Había llegado al límite de sus fuerzas, y no podía más. No
había comido desde hacía una semana para llegar más pronto.
No tenía más fuerza para nada.
Cuando cayó del todo la noche, vio una luz lejana en el
horizonte, un resplandor que iluminaba el cielo, y no supo qué
era. Se sentía cada vez más débil, cerró entonces los ojos para
morir junto con el cazador, pensando con tristeza que no había
podido salvar al hombre que había sido bueno con ella.
Y, sin embargo, estaba ya en Buenos Aires, y ella no lo sabía.
Aquella luz que veía en el cielo era el resplandor de la ciudad, e
iba a morir cuando estaba ya al fin de su heroico viaje.
Pero un ratón de la ciudad -posiblemente el ratoncito Pérezencontró a los dos viajeros moribundos.
-¡Qué tortuga! -dijo el ratón-. Nunca he visto una tortuga tan
grande. ¿Y eso que llevas en el lomo, qué es? ¿Es leña?
-No -le respondió con tristeza la tortuga-. Es un hombre.
-¿Y dónde vas con ese hombre? -añadió el curioso ratón.
-Voy... voy... quería ir a Buenos Aires -respondió la pobre tortuga
en una voz tan baja que apenas se oía -.Pero vamos a morir aquí
porque nunca llegaré.
-¡Ah, zonza, zonza!-dijo riendo el ratoncito-. ¡Nunca vi una
tortuga mas zonza! Si ya has llegado a Buenos Aires! Esa luz que
ves allá es Buenos Aires.
Al oír esto, la tortuga se sintió con una fuerza inmensa porque
aún tenía tiempo de salvar al cazador, y emprendió la marcha.
Y cuando era de madrugada todavía, el director del Jardín
Zoológico vio Llegar a una tortuga embarrada y sumamente
flaca, que traía acostado en su lomo y atado con enredaderas,
para que no se cayera, a un hombre que se estaba muriendo. El
director reconoció a su amigo, y él mismo fue corriendo a buscar
remedios, con los que el cazador se curó enseguida.
Cuando el cazador supo cómo lo había salvado la tortuga, cómo
había hecho un viaje de trescientas leguas para que tomara
remedios, no quiso separarse más de ella. Y como él no podía
tenerla en su casa que era muy chica, el director del Zoológico se
comprometió a tenerla en el Jardín, y a cuidarla como si fuera su
propia hija.
Y así pasó. La tortuga, feliz y contenta con el cariño que le tienen,
pasea por todo el jardín, y es la misma gran tortuga que vemos
todos los días comiendo el pastito alrededor de las jaulas de los
monos.
El cazador la va a ver todas las tardes y ella conoce desde lejos a
su amigo, por los pasos. Pasan un par de horas juntos , y ella no
quiere nunca que él se vaya sin que le dé una palmadita de
cariño en el lomo."
brandon_reyna_0116,LA MEDIA DE LOS FLAMENCOS,Horacio Quiroga,piratas,es,1398,Radio Butiá,brandon_reyna,541aab0d24ea77c46717bd4ea74b863ac4e80c2a,"Cierta vez las víboras dieron un gran baile. Invitaron a las ranas y a los
sapos, a los flamencos, y a los yacarés y a los peces. Los peces, como no
caminan, no pudieron bailar; pero siendo el baile a la orilla del río, los
peces estaban asomados a la arena, y aplaudían con la cola.
Los yacarés, para adornarse bien, se habían puesto en el pescuezo un
collar de plátanos, y fumaban cigarros paraguayos. Los sapos se habían
pegado escamas de peces en todo el cuerpo, y caminaban meneándose,
como si nadaran. Y cada vez que pasaban muy serios por la orilla del
río, los peces les gritaban haciéndoles burla.
Las ranas se habían perfumado todo el cuerpo, y caminaban en dos
pies. Además, cada una llevaba colgada, como un farolito, una
luciérnaga que se balanceaba.
Pero las que estaban hermosísimas eran las víboras. Todas, sin
excepción, estaban vestidas con traje de bailarina, del mismo color de
cada víbora. Las víboras coloradas llevaban una pollerita de tul
colorado; las verdes, una de tul verde; las amarillas, otra de tul
amarillo; y las yararás, una pollerita de tul gris pintada con rayas de
polvo de ladrillo y ceniza, porque así es el color de las yararás.
Y las más espléndidas de todas eran las víboras de que estaban
vestidas con larguísimas gasas rojas, y negras, y bailaban como
serpentinas Cuando las víboras danzaban y daban vueltas apoyadas en
la punta de la cola, todos los invitados aplaudían como locos.
Sólo los flamencos, que entonces tenían las patas blancas, y tienen
ahora como antes la nariz muy gruesa y torcida, sólo los flamencos
estaban tristes, porque como tienen muy poca inteligencia, no habían
sabido cómo adornarse. Envidiaban el traje de todos, y sobre todo el de
las víboras de coral. Cada vez que una víbora pasaba por delante de
ellos, coqueteando y haciendo ondular las gasas de serpentinas, los
flamencos se morían de envidia.
Un flamenco dijo entonces:
-Yo sé lo que vamos a hacer. Vamos a ponernos medias coloradas,
blancas y negras, y las víboras de coral se van a enamorar de nosotros.
Y levantando todos juntos el vuelo, cruzaron el río y fueron a golpear
en un almacén del pueblo.
-¡Tan-tan! -pegaron con las patas.
-¿Quién es? -respondió el almacenero.
-Somos los flamencos. ¿Tiene medias coloradas, blancas y negras?
-No, no hay -contestó el almacenero-. ¿Están locos? En ninguna parte
van a encontrar medias así. Los flamencos fueron entonces a otro
almacén.
-¡Tan-tan! ¿Tienes medias coloradas, blancas y negras?
El almacenero contestó:
-¿Cómo dice? ¿Coloradas, blancas y negras? No hay medias así en
ninguna parte. Ustedes están locos. ¿quiénes son?
-Somos los flamencos- respondieron ellos .
Y el hombre dijo:
-Entonces son con seguridad flamencos locos.
Fueron a otro almacén.
-¡Tan-tan! ¿Tiene medias coloradas, blancas y negras?
El almacenero gritó :
-¿De qué color? ¿Coloradas, blancas y negras ? Solamente a pájaros
narigudos como ustedes se les ocurre pedir medias así. ¡Váyanse en
seguida!
Y el hombre los echó con la escoba.
Los flamencos recorrieron así todos los almacenes, y de todas partes los
echaban por locos.
Entonces un tatú, que había ido a tomar agua al río se quiso burlar de
los flamencos y les dijo, haciéndoles un gran saludo:
-¡Buenas noches, señores flamencos! Yo sé lo que ustedes buscan . No
van a encontrar medias así en ningún almacén . Tal vez haya en
Buenos Aires, pero tendrán que pedirlas por encomienda postal. Mi
cuñada, la lechuza, tiene medias así. Pídanselas, y ella les va a dar las
medias coloradas, blancas y negras.
Los flamencos le dieron las gracias, y se fueron volando a la cueva de
la lechuza. Y le dijeron :

-¡Buenas noches, lechuza! Venimos a pedirte las medias coloradas,
blancas y negras. Hoy es el gran baile de las víboras, y si nos ponemos
esas medias, las víboras de coral se van a enamorar de nosotros.
-¡Con mucho gusto! -respondió la lechuza-. Esperen un segundo, y
vuelvo en seguida.
Y echando a volar, dejó solos a los flamencos; y al rato volvió con las
medias. Pero no eran medias, sino cueros de víboras de coral,
lindísimos cueros. recién sacados a las víboras que la lechuza había
cazado.
-Aquí están las medias -les dijo la lechuza-. No se preocupen de nada,
sino de una sola cosa: bailen toda la noche, bailen sin parar un
momento, bailen de costado, de cabeza, como ustedes quieran; pero no
paren un momento, porque en vez de bailar van entonces a llorar.
Pero los flamencos, como son tan tontos, no comprendían bien qué
gran peligro había para ellos en eso, y locos de alegría se pusieron los
cueros de las víboras como medias, metiendo las patas dentro de los
cueros, que eran como tubos. Y muy contentos se fueron volando al
baile.
Cuando vieron a tos flamencos con sus hermosísimas medias, todos les
tuvieron envidia. Las víboras querían bailar con ellos únicamente, y
como los flamencos no dejaban un Instante de mover las patas, las
víboras no podían ver bien de qué estaban hechas aquellas preciosas
medias.
Pero poco a poco, sin embargo, las víboras comenzaron a desconfiar.
Cuando los flamencos pasaban bailando al lado de ellas, se agachaban
hasta el suelo para ver bien.
Las víboras de coral, sobre todo, estaban muy inquietas. No apartaban
la vista de las medias, y se agachaban también tratando de tocar con la
lengua las patas de los flamencos, porque la lengua de la víbora es
como la mano de las personas. Pero los flamencos bailaban y bailaban
sin cesar, aunque estaban cansadísimos y ya no podían más.
Las víboras de coral, que conocieron esto, pidieron en seguida a las
ranas sus farolitos, que eran bichitos de luz, y esperaron todas juntas a
que los flamencos se cayeran de cansados.
Efectivamente, un minuto después, un flamenco, que ya no podía más,
tropezó con un yacaré, se tambaleó y cayó de costado. En seguida las
víboras de coral corrieron con sus farolitos y alumbraron bien las patas
de! flamenco. Y vieron qué eran aquellas medias, y lanzaron un silbido
que se oyó desde la otra orilla del Paraná.
-¡No son medias!- gritaron las víboras-. ¡ Sabemos lo que es! ¡Nos han
engañado! ¡Los flamencos han matado a nuestras hermanas y se han
puesto sus cueros como medias! ¡Las medias que tienen son de víboras
de coral
Al oír esto, los flamencos, llenos de miedo porque estaban
descubiertos, quisieron volar; pero estaban tan cansados que no
pudieron levantar una sola pata. Entonces las víboras de coral se
lanzaron sobre ellos, y enroscándose en sus patas les deshicieron a
mordiscones las medias. Les arrancaron las medias a pedazos,
enfurecidas y les mordían también las patas, para que murieran.
Los flamencos, locos de dolor, saltaban de un lado para otro sin que las
víboras de coral se desenroscaran de sus patas, Hasta que al fin, viendo
que ya no quedaba un solo pedazo de medias, las víboras los dejaron
libres, cansadas y arreglándose las gasas de sus trajes de baile.
Además, las víboras de coral estaban seguras de que los flamencos
iban a morir, porque la mitad, por lo menos, de las víboras de coral que
los habían mordido eran venenosas.
Pero los flamencos no murieron. Corrieron a echarse al agua, sintiendo
un grandísimo dolor y sus patas, que eran blancas, estaban entonces
coloradas por el veneno de las víboras. Pasaron días y días, y siempre
sentían terrible ardor en las patas, y las tenían siempre de color de
sangre, porque estaban envenenadas.
Hace de esto muchísimo tiempo. Y ahora todavía están los flamencos
casi todo el día con sus patas coloradas metidas en el agua, tratando de
calmar el ardor que sienten en ellas.
A veces se apartan de la orilla, y dan unos pasos por tierra, para ver
cómo se hallan. Pero los dolores del veneno vuelven en seguida, y
corren a meterse en el agua. A veces el ardor que sienten es tan grande,
que encogen una pata y quedan así horas enteras, porque no pueden
estirarla.
Esta es la historia de los flamencos, que antes tenían las patas blancas y
ahora las tienen coloradas. Todos los peces saben por qué es, y se
burlan de ellos. Pero los flamencos, mientras se curan en el agua, no
pierden ocasión de vengarse, comiéndose a cuanto pececito se acerca
demasiado a burlarse de ellos."
brandon_reyna_0117,EL LORO PELADO,Horacio Quiroga,piratas,es,1877,Radio Butiá,brandon_reyna,a6b51e663097ffa687f635de02e0cd44b8048cbf,"Había una vez una bandada de loros que vivía en el monte.
De mañana temprano iban a comer choclos a la chacra, y de tarde
comían naranjas. Hacían gran barullo con sus gritos, y tenían siempre
un loro de centinela en los árboles más altos, para ver si venía alguien.
Los loros son tan dañinos como la langosta, porque abren los choclos
para picotearlos, los cuales, después se pudren con la Lluvia. Y como al
mismo tiempo los loros son ricos para comerlos guisados, los peones
los cazaban a tiros.
Un día un hombre bajó de un tiro a un loro centinela, el que cayó
herido y peleó un buen rato antes de dejarse agarrar. El peón lo Llevó a
la casa, para los hijos del patrón; los chicos lo curaron porque no tenía
más que un ala rota. El loro se curó muy bien, y se amansó
completamente. Se Llamaba Pedrito. Aprendió a dar la pata; le gustaba
estar en el hombro de las personas y les hacía cosquillas en la oreja.
Vivía suelto, y pasaba casi todo el día en los naranjos y eucaliptos del
jardín. Le gustaba también burlarse de las gallinas. A las cuatro o cinco
de la tarde, que era la hora en que tomaban el té en la casa, el loro
entraba también en el comedor, y se subía por el mantel, a comer pan
mojado en leche. Tenía locura por el té con leche.
Tanto se daba Pedrito con los chicos, y tantas cosas le decían las
criaturas, que el loro aprendió a hablar.
Decía: ""¡Buen día, lorito! ""¡Rica la papa!"" ""¡Papa para Pedrito!..."" Decía
otras cosas más que no se pueden decir, porque los loros, como los
chicos, aprenden con gran facilidad malas palabras.
Cuando Llovía, Pedrito se encrespaba y se contaba a sí mismo una
porción de cosas, muy bajito. Cuando el tiempo se componía, volaba
entonces gritando como un loco.
Era, como se ve, un loro bien feliz, que además de ser libre, como lo
desean todos los pájaros, tenía también, como las personas ricas, su
five o clock tea.
Ahora bien: en medio de esta felicidad, sucedió que una tarde de lluvia
salió por fin el sol después de cinco días de temporal, y Pedrito se puso
a volar gritando:
- ¡Qué lindo día, lorito!... ¡Rica, papa!... ¡La pata, Pedrito!... y volaba
lejos, hasta que vio debajo de él, muy abajo, el río Paraná, que parecía
una lejana y ancha cinta blanca. Y siguió, siguió volando, hasta que se
asentó por fin en un árbol a descansar.
Y he aquí que de pronto vio brillar en el suelo, a través de las ramas,
dos luces verdes, como enormes bichos de luz.
-¿Qué será? -se dijo el loro- ¡Rica, papa!... ¿Qué será eso?... ¡Buen día,
Pedrito!... El loro hablaba siempre así, como todos los loros, mezclando
las palabras sin ton ni son, y a veces costaba entenderlo. Y como era
muy curioso, fue bajando de rama en rama, hasta acercarse.
Entonces vio que aquellas dos luces verdes eran los ojos de un tigre
que estaba agachado, mirándolo fijamente.
Pero Pedrito estaba tan contento con el lindo día, que no tuvo ningún
miedo.
-¡Buen día, tigre! -le dijo- ¡La pata, Pedrito!...
Y el tigre, con esa voz terriblemente ronca que tiene, le respondió:
-¡Bu-en día!
-¡Buen día, tigre! -repitió el loro-. ¡Rica, papa!... ¡rica, papa!... ¡rica
papa!... 

Y decía tantas veces ""¡rica papa!"" porque ya eran las cuatro de la tarde,
y tenía muchas ganas de tomar té con leche. El loro se había olvidado
de que los bichos del monte no toman té con leche, y por esto lo
convidó al tigre.
-¡Rico té con leche! -le dijo-. ¡Buen día, Pedrito!... ¿Quieres tomar té con
leche conmigo, amigo tigre?
Pero el tigre se puso furioso porque creyó que el loro se reía de él, y
además, como tenía a su vez hambre, se quiso comer al pájaro
hablador. Así que le contestó:
-¡Bue-no! ¡Acérca-te un po-co que soy sor-do!
El tigre no era sordo; lo que quería era que Pedrito se acercara mucho
para agarrarlo de un zarpazo. Pero el loro no pensaba sino en el gusto
que tendrían en la casa cuando él se presentara a tomar té con leche
con aquel magnífico amigo. Y voló hasta otra rama más cerca dei suelo.
-¡Rica, papa, en casa! -repitió gritando cuanto podía.
-¡Más cer-ca! ¡No oi-go! -respondió el tigre con su voz ronca.
El loro se acercó un poco más y dijo:
-¡Rico, té con leche!
-¡Más cer-ca toda-vía! -repitió el tigre.
El pobre loro se acercó aún más, y en ese momento el tigre dio un
terrible salto, tan alto como una casa, y alcanzó con la punta de las
uñas a Pedrito. No alcanzó a matarlo, pero le arrancó todas las plumas
del lomo y la cola entera. No le quedó una sola pluma en la cola.
-¡Tomá!-rugió el tigre-. Andá a tomar té con leche...
El loro, gritando de dolor y de miedo, se fue volando, pero no podía
volar bien, porque le faltaba la cola, que es como el timón de los
pájaros. Volaba cayéndose en el aire de un lado para otro, y todos los
pájaros que lo encontraban se alejaban asustados de aquel bicho raro.
Por fin pudo llegar a la casa, y lo primero que hizo fue mirarse en el
espejo de la cocinera. ¡Pobre, Pedrito! Era el pájaro más raro y más feo
que puede darse, todo pelado, todo rabón y temblando de frío. ¿Cómo
iba a presentarse en el comedor con esa figura? Voló entonces hasta el
hueco que había en el tronco de un eucalipto y que era como una
cueva, y se escondió en el fondo, tiritando de frío y de vergüenza.
Pero entretanto, en el comedor todos extrañaban su ausencia:
-¿Dónde estará Pedrito? -decían. Y Llamaban-: ¡Pedrito! ¡Rica, papa,
Pedrito! ¡Té con leche, Pedrito!
Pero Pedrito no se movía de su cueva, ni respondía nada, mudo y
quieto. Lo buscaron por todas partes, pero el loro no apareció. Todos
creyeron entonces que Pedrito había muerto, y los chicos se echaron a
Llorar.
Todas las tardes, a la hora del té, se acordaban siempre del loro, y
recordaban también cuánto le gustaba comer pan mojado en té con
leche. ¡Pobre, Pedrito! Nunca más lo verían por- que había muerto.
Pero Pedrito no había muerto, sino que continuaba en su cueva sin
dejarse ver por nadie, porque sentía mucha vergüenza de verse pelado
como un ratón. De noche bajaba a comer y subía en seguida. De
madrugada descendía de nuevo, muy ligero, iba a mirarse en el espejo
de la cocinera, siempre muy triste porque las plumas tardaban mucho
en crecer.
Hasta que por fin un día, o una tarde, la familia sentada a la mesa a la
hora del té vio entrar a Pedrito muy tranquilo, balanceándose como si
nada hubiera pasado. Todos se querían morir, morir de gusto cuando
lo vieron bien vivo y con lindísimas plumas.
-¡Pedrito, lorito! -le decían-. ¡Qué te pasó, Pedrito! ¡Qué plumas
brillantes que tiene el lorito! 

Pero no sabían que eran plumas nuevas, y Pedrito, muy serio, no decía
tampoco una palabra. No hacia sino comer pan mojado en té con leche.
Pero lo que es hablar, ni una sola palabra.
Por eso, el dueño de casa se sorprendió mucho cuando a la mañana
siguiente el loro fue volando a pararse en su hombro, charlando como
un loco. En dos minutos le contó lo que le había pasado; un paseo al
Paraguay, su encuentro con el tigre, y lo demás; y concluía cada
cuento, cantando:
-¡Ni una pluma en la cola de Pedrito! ¡Ni una pluma! ¡Ni una pluma!
Y lo invitó a ir a cazar al tigre entre los dos.
El dueño de casa, que precisamente iba en ese momento a comprar una
piel de tigre que le hacía falta para la estufa, quedó muy contento de
poderla tener gratis. Y volviendo a entrar en la casa para tomar la
escopeta, emprendió junto con Pedrito el viaje al Paraguay.
Convinieron en que cuando Pedrito viera al tigre, lo distraería
charlando, para que el hombre pudiera acercarse despacito con la
escopeta.
Y así pasó. El loro, sentado en una rama del árbol, charlaba y charlaba,
mirando al mismo tiempo a todos lados, para ver si veía al tigre. Y por
fin sintió un ruido de ramas partidas, y vio de repente debajo del árbol
dos luces verdes fijas en él: eran los ojos del tigre.
Entonces el loro se puso a gritar:
-¡Lindo día!... ¡Rica, papa!... ¡Rico té con leche!... ¿Querés té con leche?...
El tigre enojadísimo al reconocer a aquel loro pelado que él creía haber
muerto, y que tenía otra vez lindísimas plumas, juró que esta vez no se
le escaparía, y de sus ojos brotaron dos rayos de ira cuando respondió
con su voz ronca:
-Acer-cá-te más! ¡Soy sor-do!
El loro voló a otra rama más próxima, siempre charlando:
-¡Rico, pan con leche!... ¡ESTÁ AL PIE DE ESTE ÁRBOL!...
Al oír estas últimas palabras, el tigre lanzó un rugido y se levantó de
un salto.
-¿Con quién estás hablando? -rugió-. ¿A quién le has dicho que estoy al
pie de este árbol?
-¡A nadie, a nadie! -gritó el loro-. ¡Buen día, Pedrito!... ¡La pata, lorito!...
Y seguía charlando y saltando de rama en rama, y acercándose. Pero él
había dicho: está al pie de este árbol, para avisar- le al hombre, que se
iba arrimando bien agachado y con escopeta al hombro.
Y Llegó un momento en que el loro no pudo acercarse más, porque si
no, caía en la boca del tigre, y entonces gritó:
-¡Rica, papa!... ¡ATENCIÓN!
-¡Más cerca aún!-rugió el tigre, agachándose para saltar.
-¡Rico, té con leche!... ¡CUIDADO, VA A SALTAR! y el tigre saltó, en
efecto. Dio un enorme salto, que el loro evitó lanzándose al mismo
tiempo como una flecha en el aire. Pero también en ese mismo instante
el hombre, que tenia el cañón de la escopeta re- costado contra un
tronco para hacer bien la puntería, apretó el gatillo, y nueve balines del
tamaño de un garbanzo cada uno entraron como un rayo en el corazón
del tigre, que lanzando un rugido que hizo temblar el monte entero,
cayó muerto.
Pero el loro, !Qué gritos de alegría daba! ¡Estaba loco de contento,
porque se había vengado -¡y bien vengado!- del feísimo animal que le
había sacado las plumas!
El hombre estaba también muy contento, porque matar a un tigre es
cosa difícil, y, además, tenía la piel para la estufa del comedor. 
Cuando Llegaron a la casa, todos supieron por qué Pedrito había
estado tanto tiempo oculto en el hueco del árbol, y todos lo felicitaron
por la hazaña que había hecho.
Vivieron en adelante muy contentos. Pero el loro no se olvidaba de lo
que le había hecho el tigre, y todas las tardes, cuan- do entraba en el
comedor para tomar el té se acercaba siempre a la piel del tigre,
tendida delante de la estufa, y lo invitaba a tomar té con leche.
-¡Rica, papa!... -le decía-. ¿Querés té con leche?... ¡La papa para el
tigre!...
Y todos se morían de risa. Y Pedrito también."
brandon_reyna_0118,LA GUERRA DE LOS YACARÉS,Horacio Quiroga,piratas,es,573,Radio Butiá,brandon_reyna,d2ae4173683b861cf1df764e23591f38c48bd2c4,"En un río muy grande, en un país desierto donde nunca había estado el
hombre, vivían muchos yacarés. Eran más de cien o más de mil.
Comían peces, bichos que iban a tomar agua al río, pero sobre todo
peces. Dormían la siesta en la arena de la orilla, y a veces jugaban sobre
el agua cuando había noches de luna.
Todos vivían muy tranquilos y contentos. Pero una tarde, mientras
dormían la siesta, un yacaré se despertó de golpe y levantó la cabeza
porque creía haber sentido ruido. Prestó oídos, y lejos, muy lejos, oyó
efectivamente un ruido sordo y profundo. Entonces llamó al yacaré
que dormía a su lado.
-¡Despiértate! -le dijo-. Hay peligro.
-¿Qué cosa? -respondió el otro, alarmado.
-No sé -contestó el yacaré que se había despertado primero-. Siento un
ruido desconocido.
El segundo yacaré oyó el ruido a su vez, y en un momento despertaron
a los otros. Todos se asustaron y corrían de un lado para otro con la
cola levantada.
Y no era para menos su inquietud, porque el ruido crecía, crecía.
Pronto vieron como una nubecita de humo a lo lejos, y oyeron un ruido
de chas-chas en el río como si golpearan el agua muy lejos.
Los yacarés se miraban unos a otros: ¿qué podía ser aquello?
Pero un yacaré viejo y sabio, el más sabio y viejo de todos, un viejo
yacaré a quién no quedaban sino dos dientes sanos en los costados de
la boca, y que había hecho una vez un viaje hasta el mar, dijo de
repente:
-¡Yo sé lo que es! ¡Es una ballena! ¡Son grandes y echan agua blanca por
la nariz! El agua cae para atrás.
Al oír esto, los yacarés chiquitos comenzaron a gritar como locos de
miedo, zambullendo la cabeza. Y gritaban:
-¡Es una ballena! ¡Ahí viene la ballena!
Pero el viejo yacaré sacudió de la cola al yacarecito que tenía más cerca.
-¡No tengan miedo! -les gritó- ¡Yo sé lo que es la ballena! ¡Ella tiene
miedo de nosotros! ¡Siempre tiene miedo!
Con lo cual los yacarés chicos se tranquilizaron. Pero en seguida
volvieron a asustarse, porque el humo gris se cambió de repente en
humo negro, y todos sintieron bien fuerte ahora el chas-chas-chas en el
agua. Los yacarés, espantados, se hundieron en el río, dejando
solamente fuera los ojos y la punta de la nariz. Y así vieron pasar
delante de ellos aquella cosa inmensa, llena de humo y golpeando el
agua, que era un vapor de ruedas que navegaba por primera vez por
aquel río.
El vapor pasó, se alejó y desapareció. Los yacarés entonces fueron
saliendo del agua, muy enojados con el viejo yacaré, porque los había
engañado, diciéndoles que eso era una ballena.
-¡Eso no es una ballena! -le gritaron en las orejas, porqué era un poco
sordo-. ¿Qué es eso que pasó?
El viejo yacaré les explicó entonces que era un vapor, lleno de fuego, y
que los yacarés se iban a morir todos si el buque seguía pasando. Pero
los yacarés se echaron a reír, porque creyeron que el viejo se había
vuelto loco ¿Por qué se iban a morir ellos si el vapor seguía pasando?
¡Estaba bien loco el pobre yacaré viejo!
Y como tenían hambre, se pusieron a buscar peces.
Pero no había ni un pez. No encontraron un solo pez. Todos se habían
ido, asustados por el ruido del vapor. No había más peces."
brandon_reyna_0119,"HISTORIA DE DOS CACHORROS DE COATÍ Y DE DOS
CACHORROS DE HOMBRE",Horacio Quiroga,piratas,es,2273,Radio Butiá,brandon_reyna,58ec17cf385333d27e895a56a513ff6b60c1d230,"Había una vez un coatí que tenía tres hijos. Vivían en el monte
comiendo frutas, raíces y huevos de pajaritos. Cuando estaban arriba
de los árboles y sentían un gran ruido, se tiraban al suela de cabeza y
salían corriendo con la cola levantada.
Una vez que los coaticitos fueron un poco grandes, su madre los reunió
un día arriba de un naranjo y les habló así:
-Coaticitos: ustedes son bastante grandes para buscarse la comida
solos. Deben aprenderlo, porque cuando sean viejos andarán siempre
solos, como todos los coatís. El mayor de ustedes, que es muy amigo de
cazar cascarudos, puede encontrarlos entre los palos podridos, porque
allí hay muchos cascarudos y cucarachas. El segundo, que es gran
comedor de frutas, puede encontrarlas en este naranjal; hasta
diciembre habrá naranjas. El tercero, que no quiere comer sino huevos
de pájaros, puede ir a todas partes, porque en todas partes hay nidos
de pájaros. Pero que no vaya nunca a buscar nidos al campo, porque es
peligroso.
""Coaticitos hay una sola cosa a la cual deben tener gran miedo. Son los
perros. Yo peleé una vez cqn ellos, y sé lo que les digo; por eso tengo
un diente roto. Detrás de los perros vienen siempre los hombres con un
gran ruido, que mata. Cuando oigan cerca este ruido, tírense de cabeza
al suelo, por alto que sea el árbol. Si no lo hacen así, los matarán con
seguridad de un tiro"".
Así habló la madre. Todos se bajaron entonces y se separaron,
caminando de derecha a izquierda y de izquierda a derecha, como si
hubieran perdido algo, porque así caminan los coatís.
El mayor, que quería comer cascarudos, buscó entre los palos podridos
y las hojas de los yuyos, y encontró tantos, que comió hasta quedarse
dormido. El segundo, que prefería las frutas a cualquier cosa, comió
cuantas naranjas quiso, porque aquel naranjal estaba dentro del monte,
como pasa en el Paraguay y Misiones, y ningún hombre vino a
incomodarlo. El tercero, que era loco por los huevos de pájaros, tuvo
que andar todo el día para encontrar únicamente dos nidos; uno de
tucán, que tenía tres huevos, y uno de tórtolas, que tenia sólo dos.
Total, cinco huevos chiquitos, que era muy poca comida; de modo que
al caer la tarde el coaticito tenia tanta hambre como de mañana, y se
sentó muy triste a la orilla del monte. Desde allí veía el campo, y pensó
en la recomendación de su madre.
-¿Por qué no querrá mamá -se dijo- que vaya a buscar nidos en el
campo?
Estaba pensando así cuando oyó, muy lejos, el canto de un pájaro. .
-¡Qué canto tan fuerte! -dijo admirado-. ¡qué huevos tan grandes debe
tener ese pájaro!
El canto se repitió. Y entonces el coatí se puso a correr por entre el
monte, cortando camino, porque el canto había sonado muy a su
derecha. El sol caía ya, pero el coatí volaba con la cola levantada. Llegó
a la orilla del monte, por fin, y miró al campo. Lejos vio la casa de los
hombres, y vio a un hombre con botas que Ilevaba un caballo de la
soga. Vio también un pájaro muy grande que cantaba y entonces el
coaticito se golpeó la frente y dijo:
-¡Qué zonzo soy! Ahora ya sé qué pájaro es ése. Es un gaIlo; mamá me
lo mostró un día de arriba de un árbol. Los gallos tienen un canto
lindísimo, y tienen muchas gallinas que ponen huevos. ¡Si yo pudiera
comer huevos de gallina!...
Es sabido que nada gusta tanto a los bichos chicos de monte como los
huevos de gallina. Durante un rato el coaticito se acordó de la
recomendación de su madre. Pero el deseo pudo más, y se sentó a la
orilla del monte, esperando que cerrara bien la noche para ir al
gallinero.
La noche cerró por fin, y entonces, en puntas de pie y paso a paso, se
encaminó a la casa. Llegó allá y escuchó atentamente: no se sentía el
menor ruido. El coaticito, loco de alegría porque iba a comer cien, mil,
dos mil huevos de gallina, entró en el gallinero, y lo primero que vio
bien en la entrada fue un huevo que estaba solo en el suelo. Pensó un
instante en dejarlo para el final, como postre, porque era un huevo
muy grande, pero la boca se le hizo agua, y clavó los dientes en el
huevo.
Apenas lo mordió, ¡TRAC!, un terrible golpe en la cara y un inmenso
dolor en el hocico.
-¡Mamá, mamá! -gritó, loco de dolor, saltando a todos lados. Pero
estaba sujeto, y en ese momento oyó el ronco ladrido de un perro.
Mientras el coatí esperaba en la orilla del monte que cerrara bien la
noche para ir al gallinero, el hombre de la casa jugaban sobre la
gramilla con sus hijos, dos criaturas rubias de cinco y seis años, que
corrían riendo, se caían, se levantaban riendo otra vez, y volvían a
caerse. El padre se caía también, con gran alegría de los chicos. Dejaron
por fin de jugar porque ya era de noche, y el hombre dijo entonces:
-Voy a poner la trampa para cazar a la comadreja que viene a matar los
pollos y robar los huevos.
Y fue y armó la trampa. Después comieron y se acostaron. Pero las
criaturas no tenían sueño, y saltaban de la cama del uno a la del otro y
se enredaban en el camisón. El padre, que leía en el comedor, los
dejaba hacer. Pero los chicos de repente se detuvieron en sus saltos y
gritaron:
-¡Papá! ¡Ha caído la comadreja en la trampa! ¡Tuké esta ladrando!
¡Nosotros también queremos ir, papá!
El padre consintió, pero no sin que las criaturas se pusieran las
sandalias, pues nunca los dejaba andar descalzos de noche, por temor a
las víboras.
Fueron. ¿Qué vieron allí? Vieron a su padre que se agachaba, teniendo
al perro con una mano, mientras con la otra levantaba por la cola a un
coatí, un coaticito chico aún, que gritaba con un chillido rapidísimo y
estridente, como un grillo.
-¡Papá, no lo mates! -dijeron las criaturas-. ¡Es muy chiquito! ¡Dánoslo
para nosotros!
-Bueno, se los voy a dar -respondió el padre-. Pero cuídenlo bien, y
sobre todo no se olviden de que los coatís toman agua como ustedes.
Esto lo decía porque los chicos habían tenido una vez un gatito montés
al cual a cada rato le llevaban carne, que sacaban de la fiambrera pero
nunca le dieron agua, y se murió.
En consecuencia, pusieron al coatí en la misma jaula del gato montés,
que estaba cerca del gallinero, y se acostaron todos otra vez.
Y cuando era más de medianoche y había un gran silencio, el coaticito,
que sufría mucho por los dientes de la trampa, vio, a la luz de la luna,
tres sombras que se acercaban con gran sigilo. El corazón le dio un
vuelco al pobre coaticito al reconocer a su madre y sus dos hermanos
que lo estaban buscando.
-¡Mamá, mamá! -murmuró el prisionero en voz muy baja para no hacer
ruido-. ¡Estoy aquí! ¡Sáquenme de aquí! ¡No quiero quedarme, ma...
má! -y lloraba desconsolado.
Pero a pesar de todo estaban contentos porque se habían encontrado, y
se hacían mil caricias en el hocico.
Se trató en seguida de hacer salir al prisionero. Probaron primero
cortar el alambre tejido, y los cuatro se pusieron a trabajar con los
dientes; mas no conseguían nada. Entonces a la madre se le ocurrió de
repente una idea, y dijo:
-¡Vamos a buscar las herramientas del hombre! Los hombres tienen
herramientas para cortar fierro. Se llaman limas. Tienen tres lados
como las víboras de cascabel. Se empuja y se retira. ¡Vamos a buscarla!
Fueron al taller del hombre y volvieron con la lima. Creyendo que uno
solo no tendría fuerzas bastantes, sujetaron la lima entre los tres y
empezaron el trabajo. Y se entusiasmaron tanto, que al rato la jaula
entera temblaba con las sacudidas y hacía un terrible ruido. Tal ruido
hacía, que el perro se despertó, lanzando un ronco ladrido. Mas los
coatís no esperaron a que el perro les pidiera cuenta de ese escándalo y
dispararon al monte, dejando la lima tirada.
Al día siguiente, los chicos fueron temprano a ver a su nuevo huésped,
que estaba muy triste.
-¿Qué nombre le pondremos? -preguntó la nena a su hermano.
-¡Ya sé! -respondió el varoncito-. ¡Le pondremos Diecisiete!
¿Por qué Diecisiete? Nunca hubo bicho del monte con nombre más
raro. Pero el varoncito estaba aprendiendo a contar, y tal vez le había
llamado la atención aquel número.
El caso es que se llamó Diecisiete. Le dieron pan, uvas, chocolate,
carne, langostas, huevos, riquísimos huevos de gallina, lograron que en
un solo día se dejara rascar la cabeza; y tan grande es la sinceridad del
cariño de las criaturas, que, al llegar la noche, el coatí estaba casi
resignado con su cautiverio. Pensaba a cada momento en las cosas ricas
que había para comer allí, y pensaba en aquellos rubios cachorritos de
hombre que tan alegres y buenos eran.
Durante dos noches seguidas, el perro durmió tan cerca de la jaula, que
la familia del prisionero no se atrevió a acercarse, con gran
sentimiento. Cuando a la tercera noche llegaron de nuevo a buscar la
lima para dar libertad al coataicito, éste les dijo:
-Mamá: yo no quiero irme más de aquí. Me dan huevos y son muy
buenos conmigo. Hoy me dijeron que si me portaba bien me iban a
dejar suelto muy pronto. son como nosotros son cachorritos también, y
jugamos juntos.
Los coatís salvajes quedaron muy tristes, pero se resignaron,
prometiendo al coaticito venir todas las noches a visitarlo.
Efectivamente, todas las noches, lloviera o no, su madre y sus
hermanos iban a pasar un rato con él. El coaticito les daba pan por
entre el tejido de alambre, y los coatís salvajes se sentaban a comer
frente a la jaula.
AI cabo de quince días, el coaticito andaba suelto y él mismo se iba de
noche a su jaula. Salvo algunos tirones de orejas que se llevaba por
andar muy cerca del gallinero, todo marchaba bien. Él y las criaturas se
querían mucho, y los mismos coatís salvajes, al ver lo buenos que eran
aquellos cachorritos de hombre, habían concluido por tomar cariño a
las dos criaturas.
Hasta que una noche muy oscura, en que hacía mucho calor y tronaba,
los coatís salvajes Ilamaron al coaticito y nadie les respondió. Se
acercaron muy inquietos y vieron entonces, en el momento en que casi
la pisaban, una enorme víbora que estaba enroscada en la entrada de la
jaula. Los coatís comprendieron en seguida que el coaticito había sido
mordido al entrar, y no había respondido a su llamado porque acaso
estaba ya muerto. Pero lo iban a vengar bien. En un segundo, entre los
tres, enloquecieron a la serpiente de cascabel, saltando de aquí para
allá, y en otro segundo, cayeron sobre ella, deshaciéndole la cabeza a
mordiscones.
Corrieron entonces adentro, y allí estaba en efecto el coaticito, tendido,
hinchado, con las patas temblando y muriéndose. En balde los coatís
salvajes lo movieron; lo lamieron en balde por todo el cuerpo durante
un cuarto de hora. El coaticito abrió por fin la boca y dejó de respirar,
porque estaba muerto.
Los coatís son casi refractarios como se dice, al veneno de las víboras.
No les hace casi nada el veneno, y hay otros animales, como la
mangosta que resisten muy bien el veneno de las víboras. Con toda
seguridad el coaticito había sido mordido en una arteria o una vena
porque entonces la sangre se envenena en seguida, y el animal muere.
Esto le había pasado al coaticito.
AI verlo así, su madre y sus hermanos lloraron un largo rato. Después,
como nada más tenían que hacer allí, salieron de la jaula, se dieron
vuelta para mirar por última vez la casa donde tan feliz había sido el
coaticito, y se fueron otra vez al monte.
Pero los tres coatís, sin embargo, iban muy preocupados, y sú
preocupación era ésta: ¿qué iban a decir los chicos, cuando, al día
siguiente, vieran muerto a su querido coaticito? Los chicos le querían
muchísimo, y ellos, los coatís, querían también a los cachorritos rubios.
Así es que los tres coatís tenían el mismo pensamiento, y era evitarles
ese gran dolor a los chicos.
Hablaron un largo rato y al fin decidieron lo siguiente: el segundo de
los coatís, que se parecía muchísimo al menor en cuerpo y en modo de
ser, iba a quedarse en la jaula en vez del difunto. Como estaban
enterados de muchos secretos de la casa, por los cuentos del coaticito,
los chicos no desconocerían nada; extrañarían un poco algunas cosas,
pero nada más.
Y así pasó en efecto. Volvieron a la casa, y un nuevo coaticito ,
reemplazó al primero, mientras la madre y el otro hermano se llevaban
sujetos a los dientes el cadáver del menor. Lo llevaron despacio al
monte, y la cabeza colgaba, balanceándose, y la cola iba arrastrando
por el suelo.
AI día siguiente los chicos extrañaron, efectivamente, algunas
costumbres raras del coaticito. Pero como éste era tan bueno y cariñoso
como el otro, las criaturas no tuvieron la menor sospecha. Formaron la
misma familia de cachorritos de antes, y, como antes, los coatís salvajes
venían noche a noche a visitar al coaticito civilizado, y se sentaban a su
lado a comer pedacitos de huevos duros que él les guardaba, mientras
ellos le contaban la vida de la selva."
brandon_reyna_0120,EL PASO DEL YABEBIRÍ,Horacio Quiroga,piratas,es,3339,Radio Butiá,brandon_reyna,a26c8db55de7dbbcfadaf1e9e968b05ba8253c1d,"En el río Yabebirí, que está en Misiones, hay muchas rayas, porque
«Yabebirí» quiere decir precisamente «Río-de-las-rayas». Hay tantas,
que a veces es peligroso meter un solo pie en el agua. Yo conocí un
hombre a quien lo picó una raya en el talón y que tuvo que caminar
rengueando media legua para llegar a su casa: el hombre iba llorando y
cayéndose de dolor. Es uno de los dolores más fuertes que se puede
sentir.
Como en el Yabebirí hay también muchos otros peces, algunos
hombres van a cazarlos con bombas de dinamita. Tiran una bomba al
río, matando millones de peces. Todos los peces que están cerca
mueren, aunque sean grandes como una casa. Y mueren también todos
los chiquitos, que no sirven para nada.
Ahora bien: una vez un hombre fue a vivir allá, y no quiso que tiraran
bombas de dinamita, porque tenía lastima de los pececitos. Él no se
oponía a que pescaran en el río para comer; pero no quería que
mataran inútilmente a millones de pececitos. Los hombres que tiraban
bombas se enojaron al principio, pero como el hombre tenía un carácter
serio, aunque era muy bueno, los otros se fueron a cazar a otra parte, y
todos los peces quedaron muy contentos. Tan contentos y agradecidos
estaban a su amigo que había salvado a los pececitos, que lo conocían
apenas se acercaba a la orilla Y cuando él andaba por la costa fumando,
las rayas lo seguían arrastrándose por el barro, muy contentas de
acompañar a su amigo. Él no sabía nada, y vivía feliz en aquel lugar.
Y sucedió que una vez, una tarde, un zorro llegó corriendo hasta el
Yabebirí, y metió las patas en el agua, gritando:
-¡Eh, rayas! ¡Ligero! Ahí viene el amigo de ustedes, herido.
Las rayas, que lo oyeron, corrieron ansiosas a la orilla. Y le
preguntaron al zorro:
-¿Qué pasa? ¿Dónde está el hombre?
-¡Ahí viene! -gritó el zorro de nuevo-. ¡Ha peleado con un tigre! ¡El
tigre viene corriendo! ¡Seguramente va a cruzar a la isla! ¡Denle paso,
porque es un hombre bueno!
-¡Ya lo creo! ¡Ya lo creo que le vamos a dar paso! Contestaron las rayas-
. ¡Pero lo que es el tigre, ése no va a pasar!
-¡Cuidado con él! -gritó aún el zorro- ¡No se olviden de que es el tigre!.
Y pegando un brinco, el zorro entró de nuevo en el monte.
Apenas acababa de hacer esto, cuando el hombre apartó las ramas y
apareció todo ensangrentado y la camisa rota. La sangre le caía por la
cara y el pecho hasta el pantalón, y desde las arrugas del pantalón, la
sangre caía a la arena. Avanzó tambaleando hacia la orilla, porque
estaba muy herido, y entró en el río. Pero apenas puso un pie en el
agua, las rayas que estaban amontonadas se apartaron de su paso, y el
hombre llegó con el agua al pecho hasta la isla, sin que una raya lo
picara. Y conforme llegó, cayó desmayado en la misma arena, por la
gran cantidad de sangre que había perdido.
Las rayas no habían aún tenido tiempo de compadecer del todo a su
amigo moribundo, cuando un terrible rugido les hizo dar un brinco en
el agua.
-¡El tigre! ¡El tigre! -gritaron todas, lanzándose como una flecha a la
orilla.
En efecto, el tigre que había peleado con el hombre y que lo venía
persiguiendo había llegado a la costa del Yabebirí. El animal estaba
también muy herido, y la sangre le corría por todo el cuerpo. Vio al
hombre caído como muerto en la isla, y lanzando un rugido de rabia,
se echó al agua, para acabar de matarlo.
Pero apenas hubo metido una pata en el agua, sintió como si lo
hubieran clavado ocho o diez terribles clavos en las patas, y dio un 
salto atrás: eran las rayas, que defendían el paso del río, y le habían
clavado con toda su fuerza el aguijón de la cola.
El tigre quedó roncando de dolor, con la pata en el aire; y al ver toda el
agua de la orilla turbia como si removieran el barro del fondo,
comprendió que eran las rayas que no lo querían dejar pasar. Y
entonces gritó enfurecido:
-¡Ah, ya sé lo que es! ¡Son ustedes, malditas rayas! ¡Salgan del camino!
-¡No salimos! -respondieron las rayas.
-¡Salgan!
-¡No salimos! ¡Él es un hombre bueno! ¡No hay derecho para matarlo!
-¡Él me ha herido a mí!
-¡Los dos se han herido! ¡Esos son asuntos de ustedes en el monte!
¡Aquí está bajo nuestra protección!... ¡No se pasa!
-¡Paso! -rugió por última vez el tigre.
-¡NI NUNCA! -respondieron las rayas.
(Ellas dijeron ""ni nunca"" porque así dicen los que hablan guaraní como
en Misiones.)
-¡Vamos a ver! -rugió aún el tigre. Y retrocedió para tomar impulso y
dar un enorme salto.
El tigre sabía que las rayas están casi siempre en la orilla; y pensaba
que si lograba dar un salto muy grande acaso no hallara más rayas en
el medio del río, y podría así comer al hombre moribundo.
Pero las rayas lo habían adivinado y corrieron todas al medio del río,
pasándose la voz:
-¡Fuera de la orilla! -gritaban bajo el agua-. ¡Adentro! ¡A la canal! ¡A la
canal!
Y en un segundo el ejército de rayas se precipitó río adentro, a
defender el paso, a tiempo que el tigre daba su enorme salto y caía en
medio del agua. Cayó loco de alegría, porque en el primer momento no
sintió ninguna picadura, y creyó que las rayas habían quedado todas
en la orilla, engañadas...
Pero apenas dio un paso, una verdadera lluvia de aguijonazos, como
puñaladas de dolor, lo detuvieron en seco: eran otra vez las rayas, que
le acribillaban las patas a picaduras.
El tigre quiso continuar, sin embargo; pero el dolor era tan atroz, que
lanzó un alarido y retrocedió corriendo como loco a la orilla. Y se echó
en la arena de costado, porque no podía más de sufrimiento; y la
barriga subía y bajaba como si estuviera cansadísimo.
Lo que pasaba es que el tigre estaba envenenado con el veneno de las
rayas.
Pero aunque habían vencido al tigre, las rayas no estaban tranquilas
porque tenían miedo de que viniera la tigra y otros tigres, y otros
muchos más... Y ellas no podrían defender más el paso.
En efecto, el monte bramó de nuevo, y apareció la tigra, que se puso
loca de furor al ver al tigre tirado de costado en la arena. Ella vio
también el agua turbia por el movimiento de las rayas, y se acercó al
río. Y tocando casi el agua con la boca, gritó:
-¡Rayas! ¡Quiero paso!
-¡No hay paso! -respondieron las rayas.
-¡No va a quedar una sola raya con cola, si no dan paso! rugió la tigra.
-¡Aunque quedemos sin cola, no se pasa! -respondieron ellas.
-¡Por última vez, paso!
-¡NI NUNCA! -gritaron las rayas.
La tigra, enfurecida, había metido sin querer una pata en el agua, y una
raya, acercándose despacio, acababa de clavarle todo el aguijón entre
los dedos. AI rugido de dolor del animal, las rayas respondieron,
sonriéndose: -¡Parece que todavía tenemos cola! Pero la tigra había
tenido una idea, y con esa idea entre las cejas, se alejaba de allí,
costeando el río aguas arriba, y sin decir una palabra.
Mas las rayas comprendieron también esta vez cuál era el plan de su
enemigo. El plan de su enemigo era éste: pasar el río por otra parte,
donde las rayas no sabían que había que defender el paso. Y una
inmensa ansiedad se apoderó entonces de las rayas.
-¡Va a pasar el río aguas más arriba! -gritaron-. ¡No queremos que mate
al hombre! ¡Tenemos que defender a nuestro amigo!
Y se revolvían desesperadas entre el barro, hasta enturbiar el río.
-¡Pero qué hacemos! -decían-. Nosotras no sabemos nadar ligero... ¡La
tigra va a pasar antes que las rayas de allá sepan que hay que defender
el paso a toda costa!
Y no sabían qué hacer. Hasta que una rayita muy inteligente dijo de
pronto:
-¡Ya está! ¡Qué vaya los dorados! ¡Los dorados son amigos nuestros!
¡Ellos nadan más ligero que nadie!
-¡Eso es! -gritaron todas-. ¡Que vayan los dorados!
Y en un instante la voz pasó y en otro instante se vieron ocho o diez
filas de dorados, un verdadero ejército de dorados que nadaban a toda
velocidad aguas arriba, y que iban dejando surcos en el agua, como los
torpedos.
A pesar de todo, apenas tuvieron tiempo de dar la orden de cerrar el
paso a los tigres; la tigra ya había nadado, y estaba ya por llegar a la
isla.
Pero las rayas habían corrido ya a la orilla, y en cuanto la tigra hizo pie,
las rayas se abalanzaron contra sus patas, deshaciéndoselas a
aguijonazos. El animal, enfurecido y loco de dolor, rugía, saltaba en el
agua, hacia volar nubes de agua a manotones. Pero las rayas
continuaban precipitándose contra sus patas, cerrándole el paso de tal
modo, que la tigra dio vuelta, nadó de nuevo y fue a echarse a su vez a
la orilla, con las cuatro patas monstruosamente hinchadas; por allí
tampoco sé podía ir a comer al hombre.
Mas las rayas estaban también muy cansadas. Y lo que es peor, el tigre
y la tigra habían acabado por levantarse y entraban en el monte.
¿Qué iban a hacer? Esto tenía muy inquietas a las rayas, y tuvieron una
larga conferencia. AI fin dijeron:
-¡Ya sabemos lo que es! Van a ir a buscar a los otros tigres y van a venir
todos. ¡Van a venir todos los tigres y van a pasar!
-¡NI NUNCA! -gritaron las rayas más jóvenes y que no tenían tanta
experiencia.
-¡Sí, pasarán, compañeritas! -respondieron tristemente las más viejas-.
Si son muchos acabarán por pasar... Vamos a consultar a nuestro
amigo.
Y fueron todas a ver al hombre, pues no habían tenido tiempo aún de
hacerlo, por defender el paso del río.
El hombre estaba siempre tendido, porque había perdido mucha
sangre, pero podía hablar y moverse un poquito. En un instante las
rayas le contaron lo que había pasado, y cómo habían defendido el
paso a los tigres que lo querían comer. El hombre herido se enterneció
mucho con la amistad de las rayas que le habían salvado la vida y dio
la mano con verdadero cariño a las rayas que estaban más cerca de él.
Y dijo entonces:
-¡No hay remedio! Si los tigres son muchos, y quieren pasar, pasarán...
-¡No pasarán! -dijeron las rayas chicas-. ¡Usted es nuestro amigo y no
van a pasar!
-¡Sí, pasarán, compañeritas! -dijo el hombre. Y añadió, hablando en voz
baja-: El único modo sería mandar a alguien a casa a buscar el
winchester con muchas balas... pero yo no tengo ningún amigo en el
río, fuera de los peces... y ninguno de ustedes sabe andar por la tierra.
-¿Qué hacemos entonces? -dijeron las rayas ansiosas.
-A ver, a ver... -dijo entonces el hombre, pasándose la mano por la
frente, como si recordara algo-. Yo tuve un amigo... un carpinchito que
se crió en casa y que jugaba con mis hijos... Un día volvió otra vez al
monte y creo que vivía aquí, en el Yabebirí... pero no sé dónde estará...
Las rayas dieron entonces un grito de alegría: -¡Ya sabemos! ¡Nosotras
lo conocemos! ¡Tiene su guarida en la punta de la isla! ¡Él nos habló
una vez de usted! ¡Lo vamos a mandar buscar en seguida! Y dicho y
hecho: un dorado muy grande voló río abajo a buscar al carpinchito;
mientras el hombre disolvía una gota de sangre seca en la palma de la
mano, para hacer tinta, y con una espina de pescado, que era la pluma,
escribió en una hoja seca, que era el papel. Y escribió esta carta:
Mándenme con el carpinchito el winchester y una caja entera de
veinticinco balas.
Apenas acabó el hombre de escribir, el monte entero tembló con un
sordo rugido; eran todos los tigres que se acercaban a entablar la lucha.
Las rayas Ilevaban la carta con la cabeza afuera del agua para que no se
mojara, y se la dieron al carpinchito, el cual salió corriendo por entre el
pajonal a llevarla a la casa del hombre.
Y ya era tiempo, porque los rugidos, aunque lejanos aún, se acercaban
velozmente. Las rayas reunieron entonces a los dorados que estaban
esperando órdenes, y les gritaron:
-¡Ligero, compañeros! ¡Recorran todo el río y den la voz de alarma!
¡Que todas las rayas estén prontas en todo el río! ¡Que se encuentren
todas alrededor de la isla! ¡Veremos si van a pasar!
Y el ejército de dorados voló en seguida, río arriba y río abajo,
haciendo rayas en el agua con la velocidad que Ilevaban.
No quedó raya en todo el Yabebirí que no recibiera orden de
concentrarse en las orillas del río, alrededor de la isla. De todas partes,
de entre las piedras, de entre el barro, de la boca de los arroyitos, de
todo el Yabebirí entero, las rayas acudían a defender el paso contra los
tigres. Y por delante de la isla, los dorados cruzaban y recruzaban a
toda velocidad.
Ya era tiempo, otra vez; un inmenso rugido hizo temblar el agua
misma de la orilla, y los tigres desembocaron en la costa.
Eran muchos; parecía que todos los tigres de Misiones estuvieran allí.
Pero el Yabebirí entero hervía también de rayas, que se lanzaron a la
orilla, dispuestas a defender a todo trance el paso.
-¡Paso a los tigres!
-¡No hay paso! -respondieron las rayas.
-¡Paso, de nuevo!
-¡No se pasa!
-¡No va a quedar raya, ni hijo de raya, ni nieto de raya. si no dan paso!
-¡Es posible! -respondieron las rayas-. ¡Pero ni los tigres, ni los hijos de
tigres, ni los nietos de tigres, ni todos los tigres del mundo van a pasar
por aquí!
Así respondieron las rayas. Entonces los tigres rugieron por última vez:
-¡Paso pedimos!
-¡NI NUNCA!
Y la batalla comenzó entonces. Con un enorme salto los tigres se
lanzaron al agua. Y cayeron todos sobre un verdadero piso de rayas. 

Las rayas les acribillaron las patas a aguijonazos, y a cada herida los
tigres lanzaban un rugido de dolor. Pero ellos se defendían a zarpazos
manoteando como locos en el agua. Y las rayas volaban por el aire con
el vientre abierto por las uñas de los tigres.
El Yabebirí parecía un río de sangre. Las rayas morían a centenares...
pero los tigres recibían también terribles heridas, y se retiraban a
tenderse y rugir en la playa, horriblemente hinchados. Las rayas,
pisoteadas, deshechas por las patas de los tigres, no desistían; acudían
sin cesar a defender el paso. Algunas volaban por el aire, volvían a caer
al río, y se precipitaban de nuevo contra los tigres.
Media hora duró esta lucha terrible. AI cabo de esa media hora, todos
los tigres estaban otra vez en la playa, sentados de fatiga y rugiendo de
dolor; ni uno solo había pasado.
Pero las rayas estaban también deshechas de cansancio. Muchas,
muchísimas habían muerto. Y las que quedaban vivas dijeron:
-No podremos resistir dos ataques como éste. ¡Que los dorados vayan a
buscar refuerzos! ¡Que vengan en seguida todas las rayas que haya en
el Yabebirí!
Y los dorados volaron otra vez río arriba y río abajo, e iban tan ligeros
que dejaban surcos en el agua, como los torpedos.
Las rayas fueron entonces a ver al hombre.
-¡No podremos resistir más! -le dijeron tristemente las rayas.
Y aun algunas rayas lloraban, porque veían que no podrían salvar a su
amigo.
-¡Váyanse, rayas! -respondió el hombre herido-. ¡Déjenme solo!
¡Ustedes han hecho ya demasiado por mí! ¡Dejen que los tigres pasen!
-¡NI NUNCA! -gritaron las rayas en un solo clamor-. ¡Mientras haya
una sola raya viva en el Yabebirí, que es nuestro río, defenderemos al
hombre bueno que nos defendió antes a nosotras!
El hombre herido exclamó entonces, contento:
-¡Rayas! ¡Yo estoy casi por morir, y apenas puedo hablar; pero yo les
aseguro que en cuanto llegue el winchester, vamos a tener farra para
largo rato; esto yo se lo aseguro a ustedes!
-¡Sí, ya lo sabemos! -contestaron las rayas entusiasmadas. Pero no
pudieron concluir de hablar, porque la batalla recomenzaba. En efecto:
los tigres, que ya habían descansado se pusieron bruscamente en pie, y
agachándose como quien va saltar, rugieron:
-¡Por última vez, y de una vez por todas: paso!
-¡Ni NUNCA! -respondieron las rayas lanzándose a la orilla. Pero los
tigres habían saltado a su vez al agua y recomenzó la terrible lucha.
Todo el Yabebirí, ahora de orilla a orilla, estaba rojo de sangre, y la
sangre hacía espuma en la arena de la playa. Las rayas volaban
deshechas por el aire y los tigres rugían de dolor; pero nadie retrocedía
un paso.
Y los tigres no sólo no retrocedían, sino que avanzaban. En balde el
ejército de dorados pasaba a toda velocidad río arriba y río abajo,
llamando a las rayas: las rayas se habían concluido; todas estaban
luchando frente a la isla y la mitad había muerto ya. Y las que
quedaban estaban todas heridas y sin fuerzas.
Comprendieron entonces que no podrían sostenerse un minuto más, y
que los tigres pasarán; y las pobres rayas, que preferían morir antes
que entregar a su amigo, se lanzaron por última vez contra los tigres.
Pero ya todo era inútil. Cinco tigres nadaban ya hacia la costa de la isla.
Las rayas, desesperadas, gritaron:
-¡A la isla! ¡Vamos todas a la otra orilla!
Pero también esto era tarde: dos tigres más se habían echado a nado, y
en un instante todos los tigres estuvieron en medio del río, y no se veía
más que sus cabezas.
Pero también en ese momento un animalito, un pobre animalito
colorado y peludo cruzaba nadando a toda fuerza el yabebirí: era el
carpinchito, que llegaba a la isla llevando el winchester y las balas en la
cabeza para que no se mojaran.
El hombre dio un gran grito de alegría, porque le quedaba tiempo para
entrar en defensa de las rayas. Le pidió al carpinchito que lo empujara
con la cabeza para colocarse de costado, porque él solo no podía; y ya
en esta posición cargó el winchester con la rapidez del rayo.
Y en el preciso momento en que las rayas, desgarradas, aplastadas,
ensangrentadas, veían con desesperación que habían perdido la batalla
y que los tigres iban a devorar a su pobre amigo herido, en ese
momento oyeron un estampido, y vieron que el tigre que iba delante y
pisaba ya la arena, daba un gran salto y caía muerto, con la frente
agujereada de un tiro.
-¡Bravo, bravo! -clamaron las rayas, locas de contento. ¡El hombre tiene
el winchester! ¡Ya estamos salvadas!
Y enturbiaban toda el agua verdaderamente locas de alegría. Pero el
hombre proseguía tranquilo tirando, y cada tiro era un nuevo tigre
muerto. Y a cada tigre que caía muerto lanzando un rugido, las rayas
respondían con grandes sacudidas de la cola.
Uno tras otro, como si el rayo cayera entre sus cabezas, los tigres
fueron muriendo a tiros. Aquello duró solamente dos minutos. Uno
tras otro se fueron al fondo del río, y allí las palometas los comieron.
Algunos boyaron después, y entonces los dorados los acompañaron
hasta el Paraná, comiéndolos, y haciendo saltar el agua de contento.
En poco tiempo las rayas, que tienen muchos hijos, volvieron a ser tan
numerosas como antes. El hombre se curó, y quedó tan agradecido a
las rayas que le habían salvado la vida, que se fue a vivir a la isla. Y
allí, en las noches de verano le gustaba tender se en la playa y fumar a
la luz de la luna, mientras las rayas, hablando despacito, se lo
mostraban a los peces, que no le conocían, contándoles la gran batalla
que, aliadas a ese hombre, habían tenido una vez contra los tigres"
brandon_reyna_0121,LA ABEJA HARAGANA,Horacio Quiroga,piratas,es,2028,Radio Butiá,brandon_reyna,f1fa0404e6d3a092c4e8bbdcf76012f2f9b542a4,"Había una vez en una colmena una abeja que no quería trabajar, es
decir, recorría los árboles uno por uno para tomar el jugo de las flores;
pero en vez de conservarlo para convertirlo en miel, se lo tomaba del
todo.
Era, pues, una abeja haragana. Todas las mañanas apenas el sol
calentaba el aire, la abejita se asomaba a la puerta de la colmena, veía
que hacía buen tiempo, se peinaba con las patas, como hacen las
moscas, y echaba entonces a volar, muy contenta del lindo día.
Zumbaba muerta de gusto de flor en flor, entraba en la colmena, volvía
a salir, y así se lo pasaba todo el día mientras las otras abejas se
mataban trabajando para llenar la colmena de miel, porque la miel es el
alimento de las abejas recién nacidas.
Como las abejas son muy serias, comenzaron a disgustarse con el
proceder de la hermana haragana. En la puerta de las colmenas hay
siempre unas cuantas abejas que están de guardia para cuidar que no
entren bichos en la colmena. Estas abejas suelen ser muy viejas, con
gran experiencia de la vida y tienen el lomo pelado porque han
perdido todos los pelos al rozar contra la puerta de la colmena.
Un día, pues, detuvieron a la abeja haragana cuando iba a entrar,
diciéndole:
-Compañera: es necesario que trabajes, porque todas las abejas
debemos trabajar.
La abejita contestó:
-Yo ando todo el día volando, y me canso mucho.
-No es cuestión de que te canses mucho -respondieron-, sino de que
trabajes un poco. Es la primera advertencia que te hacemos.
Y diciendo así la dejaron pasar.
Pero la abeja haragana no se corregía. De modo que a la tarde siguiente
las abejas que estaban de guardia le dijeron:
-Hay que trabajar, hermana.
Y ella respondió en seguida:
-¡Uno de estos días lo voy a hacer!
-No es cuestión de que lo hagas uno de estos días -le respondieron-,
sino mañana mismo. Acuérdate de esto. Y la dejaron pasar.
Al anochecer siguiente se repitió la misma cosa. Antes de que le dijeran
nada, la abejita exclamó:
-¡Si, sí, hermanas! ¡Ya me acuerdo de lo que he prometido!
-No es cuestión de que te acuerdes de lo prometido -le respondieron-,
sino de que trabajes. Hoy es diecinueve de abril. Pues bien: trata de que
mañana veinte, hayas traído una gota siquiera de miel. Y ahora, pasa.
Y diciendo esto, se apartaron para dejarla entrar.
Pero el veinte de abril pasó en vano como todos los demás. Con la
diferencia de que al caer el sol el tiempo se descompuso y comenzó a
soplar un viento frío.
La abejita haragana voló apresurada hacia su colmena, pensando en lo
calentito que estaría allá adentro. Pero cuando quiso entrar, las abejas
que estaban de guardia se lo impidieron.
-¡No se entra! -le dijeron fríamente.
-¡Yo quiero entrar! -clamó la abejita-. Esta es mi colmena.
-Esta es la colmena de unas pobres abejas trabajadoras le contestaron
las otras-. No hay entrada para las haraganas.
-¡Mañana sin falta voy a trabajar! -insistió la abejita.

-No hay mañana para las que no trabajan- respondieron las abejas, que
saben mucha filosofía.
Y diciendo esto la empujaron afuera.
La abejita, sin saber qué hacer, voló un rato aún; pero ya la noche caía y
se veía apenas. Quiso cogerse de una hoja, y cayó al suelo. Tenía el
cuerpo entumecido por el aire frío, y no podía volar más.
Arrastrándose entonces por el suelo, trepando y bajando de los palitos
y piedritas, que le parecían montañas, llegó a la puerta de la colmena, a
tiempo que comenzaban a caer frías gotas de lluvia.
-¡Ay, mi Dios! -clamó la desamparada-. Va a llover, y me voy a morir
de frío. Y tentó entrar en la colmena.
Pero de nuevo le cerraron el paso.
-¡Perdón! -gimió la abeja-. ¡Déjenme entrar!
-Ya es tarde -le respondieron.
-¡Por favor, hermanas! ¡Tengo sueño!
-Es más tarde aún.
-¡Compañeras, por piedad! ¡Tengo frío!
-Imposible.
-¡Por última vez! ¡Me voy a morir! Entonces le dijeron:
-No, no morirás. Aprenderás en una sola noche lo que es el descanso
ganado con el trabajo. Vete.
Y la echaron.
Entonces, temblando de frío, con las alas mojadas y tropezando, la
abeja se arrastró, se arrastró hasta que de pronto rodó por un agujero;
cayó rodando, mejor dicho, al fondo de una caverna.
Creyó que no iba a concluir nunca de bajar. AI fin llegó al fondo, y se
halló bruscamente ante una víbora, una culebra verde de lomo color
ladrillo, que la miraba enroscada y presta a lanzarse sobre ella.
En verdad, aquella caverna era el hueco de un árbol que habían
trasplantado hacia tiempo, y que la culebra había elegido de guarida.
Las culebras comen abejas, que les gustan mucho. Por eso la abejita, al
encontrarse ante su enemiga, murmuró cerrando los ojos:
-¡Adiós mi vida! Esta es la última hora que yo veo la luz.
Pero con gran sorpresa suya, la culebra no solamente no la devoró sino
que le dijo: -¿qué tal, abejita? No has de ser muy trabajadora para estar
aquí a estas horas.
-Es cierto -murmuró la abeja-. No trabajo, y yo tengo la culpa.
-Siendo así -agregó la culebra, burlona-, voy a quitar del mundo a un
mal bicho como tú. Te voy a comer, abeja.
La abeja, temblando, exclamo entonces: -¡No es justo eso, no es justo!
No es justo que usted me coma porque es más fuerte que yo. Los
hombres saben lo que es justicia.
-¡Ah, ah! -exclamó la culebra, enroscándose ligero -. ¿Tú crees que los
hombres que les quitan la miel a ustedes son más justos, grandísima
tonta?
-No, no es por eso que nos quitan la miel -respondió la abeja.
-¿Y por qué, entonces?
-Porque son más inteligentes.
Así dijo la abejita. Pero la culebra se echó a reír, exclamando:
-¡Bueno! Con justicia o sin ella, te voy a comer, apróntate.
Y se echó atrás, para lanzarse sobre la abeja. Pero ésta exclamó:

Usted hace eso porque es menos inteligente que yo.
-¿Yo menos inteligente que tú, mocosa? -se rió la culebra.
-Así es -afirmó la abeja.
-Pues bien -dijo la culebra-, vamos a verlo. Vamos a hacer dos pruebas.
La que haga la prueba más rara, ésa gana. Si gano yo, te como.
-¿Y si gano yo? -preguntó la abejita.
-Si ganas tú -repuso su enemiga-, tienes el derecho de pasar la noche
aquí, hasta que sea de día. ¿Te conviene?
-Aceptado -contestó la abeja.
La culebra se echó a reír de nuevo, porque se le había ocurrido una
cosa que jamás podría hacer una abeja. Y he aquí lo que hizo:
Salió un instante afuera, tan velozmente que la abeja no tuvo tiempo de
nada. Y volvió trayendo una cápsula de semillas de eucalipto, de un
eucalipto que estaba al lado de la colmena y que le daba sombra.
Los muchachos hacen bailar como trompos esas cápsulas, y les llaman
trompitos de eucalipto.
-Esto es lo que voy a hacer -dijo la culebra-. ¡Fíjate bien, atención!
Y arrollando vivamente la cola alrededor del trompito como un piolín
la desenvolvió a toda velocidad, con tanta rapidez que el trompito
quedó bailando y zumbando como un loco.
La culebra se reía, y con mucha razón, porque jamás una abeja ha
hecho ni podrá hacer bailar a un trompito. Pero cuando el trompito,
que se había quedado dormido zumbando, como les pasa a los
trompos de naranjo, cayó por fin al suelo, la abeja dijo:
-Esa prueba es muy linda, y yo nunca podré hacer eso.
-Entonces, te como -exclamó la culebra.
-¡Un momento! Yo no puedo hacer eso: pero hago una cosa que nadie
hace.
-¿Qué es eso?
-Desaparecer.
-¿Cómo? -exclamó la culebra, dando un salto de sorpresa-.
¿Desaparecer sin salir de aquí?
-Sin salir de aquí.
-¿Y sin esconderte en la tierra?
-Sin esconderme en la tierra.
-Pues bien, ¡hazlo! Y si no lo haces, te como en seguida - dijo la culebra.
El caso es que mientras el trompito bailaba, la abeja había tenido
tiempo de examinar la caverna y había visto una plantita que crecía
allí. Era un arbustillo, casi un yuyito, con grandes hojas del tamaño de
una moneda de dos centavos.
La abeja se arrimó a la plantita, teniendo cuidado de no tocarla, y dijo
así:
-Ahora me toca a mi, señora culebra. Me va a hacer el favor de darse
vuelta, y contar hasta tres. Cuando diga ""tres"", búsqueme por todas
partes, ¡ya no estaré más!
Y así pasó, en efecto. La culebra dijo rápidamente:""uno..., dos..., tres"", y
se volvió y abrió la boca cuan grande era, de sorpresa: allí no había
nadie. Miró arriba, abajo, a todos lados, recorrió los rincones, la
plantita, tanteó todo con la lengua. Inútil: la abeja había desaparecido.
La culebra comprendió entonces que si su prueba del trompito era
muy buena, la prueba de la abeja era simplemente extraordinaria. ¿Qué
se había hecho?, ¿dónde estaba?
No había modo de hallarla.
-¡Bueno! -exclamó por fin-. Me doy por vencida. ¿Dónde estás?
Una voz que apenas se oía -la voz de la abejita- salió del medio de la
cueva.
-¿No me vas a hacer nada? -dijo la voz-. ¿Puedo contar con tu
juramento?
-Sí -respondió la culebra-. Te lo juro. ¿Dónde estás?
-Aquí -respondió la abejita, apareciendo súbitamente de entre una hoja
cerrada de la plantita.
¿Qué había pasado? Una cosa muy sencilla: la plantita en cuestión era
una sensitiva, muy común también aquí en Buenos Aires, y que tiene la
particularidad de que sus hojas se cierran al menor contacto.
Solamente que esta aventura pasaba en Misiones, donde la vegetación
es muy rica, y por lo tanto muy grandes las hojas de las sensitivas. De
aquí que al contacto de la abeja, las hojas se cerraran, ocultando
completamente al insecto.
La inteligencia de la culebra no había alcanzado nunca a darse cuenta
de este fenómeno; pero la abeja lo había observado, y se aprovechaba
de él para salvar su vida.
La culebra no dijo nada, pero quedó muy irritada con su derrota, tanto
que la abeja pasó toda la noche recordando a su enemiga la promesa
que había hecho de respetarla.
Fue una noche larga, interminable, que las dos pasaron arrimadas
contra la pared más alta de la caverna, porque la tormenta se había
desencadenado, y el agua entraba como un río adentro.
Hacía mucho frío, además, y adentro reinaba la oscuridad más
completa. De cuando en cuando la culebra sentía impulsos de lanzarse
sobre la abeja, y ésta creía entonces llegado el término de su vida.
Nunca, jamás, creyó la abejita que una noche podría ser tan fría, tan
larga, tan horrible. Recordaba su vida anterior, durmiendo noche tras
noche en la colmena, bien calentita, y lloraba entonces en silencio.
Cuando llegó el día, y salió el sol, porque el tiempo se había
compuesto, la abejita voló y lloró otra vez en silencio ante la puerta de
la colmena hecha por el esfuerzo de la familia. Las abejas de guardia la
dejaron pasar sin decirle nada, porque comprendieron que la que
volvía no era la paseandera haragana, sino una abeja que había hecho
en sólo una noche un duro aprendizaje de la vida.
Así fue, en efecto. En adelante, ninguna como ella recogió tanto polen
ni fabricó tanta miel. Y cuando el otoño llegó, y llegó también el
término de sus días, tuvo aún tiempo de dar una última lección antes
de morir a las jóvenes abejas que la rodeaban:
-No es nuestra inteligencia, sino nuestro trabajo quien nos hace tan
fuertes. Yo usé una sola vez de mi inteligencia, y fue para salvar mi
vida. No habría necesitado de ese esfuerzo, sí hubiera trabajado como
todas. Me he cansado tanto volando de aquí para allá, como
trabajando. Lo que me faltaba era la noción del deber, que adquirí
aquella noche. Trabajen, compañeras, pensando que el fin a que
tienden nuestros esfuerzos -la felicidad de todos- es muy superior a la
fatiga de cada uno. A esto los hombres llaman ideal, y tienen razón. No
hay otra filosofía en la vida de un hombre y de una abeja."
brandon_reyna_0122,Doña Francisca la embrujada,Laura Silvia Iñigo Dehud,piratas,es,817,uaem,brandon_reyna,71bed9416de46bb320f65d8ccb2ebf2782e47d81,"Era el año 1554, en ese entonces gobernaba el
virrey don Luis de Velasco I en La Nueva España,
hoy Ciudad de México. En la casona número 7
de la que hoy es Venustiano Carranza vivía doña Felipa
Palomares de Heredia, rica viuda de uno de los conquistadores; Felipa tenía un hijo llamado Domingo, criado
con lujos y grandes cuidados; Domingo era la adoración
de la madre y siempre le recordaba que ya estaba en
edad para casarse, que encontrara a una chica que
tuviera alcurnia y abolengo, claro, la madre tenía que
aprobar a la muchacha.
El joven Domingo buscó durante varios meses a la
chica que le gustara y agradara a su madre, sin hallarla;
pero una tarde vio acercarse al templo a una hermosa
muchacha que le hizo latir el corazón. Ella entró a la iglesia y, cuando salió, él la siguió para saber donde vivía.
Entonces ella llegó ante una modesta casa en la calle
Cerrada de Nacatitlán —hoy Cinco de Febrero—; giró
y miró con ternura al joven. A partir de ese día Domingo de Heredia y Palomares comenzó a frecuentar a la
muchacha, llamada doña Francisca de Bañuelos y era
hija única de padres humildes; al fin, después de meses
de cortejo, le declaró su amor.
Sin embargo, la ciudad era pequeña y pronto llegó a
oídos de Felipa la noticia del amor que tenía Domingo, y
obviamente lo que le contaron, no le agradó en absoluto. Inmediatamente salió rumbo a la casa de Francisca
y golpeó el portón; fue la misma chica la que abrió. La
joven invitó a pasar a la señora a su casa, quien entonces empezó a hablar con energía y tono de voz amenazador diciéndole que no volviera a ver a su hijo Domingo, pues ella era una pobretona y su hijo obedecería
esa orden. En ese momento apareció el joven que iba a
visitar a su amada, y ante Felipa, Domingo defendió su
amor; por lo que su madre se alejó furiosa, mientras los
jóvenes platicaban sobre sus deseos de casarse.
Pero cuanto más mostraba Domingo su intensión
de contraer matrimonio con Francisca, doña Felipa
más sufría y en su angustia por evitar la boda, buscó a
una conocida bruja en su casa, la hechicera la recibió
como si supiera a qué iba; Felipa le describió su caso, y
la bruja prometió darle una solución para el viernes. Sin
embargo, en la noche, Domingo y su madre discutieron
nuevamente, y él le dijo que estaba decidido a casarse;
por lo que la madre le pidió esperar hasta el sábado.
La noche del viernes Felipa buscó nuevamente a la bruja, la cual le dijo que dejara que los jóvenes se casaran, y
después le daría un regalo a Francisca que la iría matando
lentamente.
Sorprendidos por la aceptación, los jóvenes se casaron y fueron bien acogidos por doña Felipa. Pensaron
que, aunque la chica era pobre, su belleza y bondad
habían conquistado a la señora.
 A esa misma hora, la hechicera celebraba un diabólico rito: En una laguna degolló siete patos, y con su
sangre se embadurnó la cara invocando al demonio.
Tres días después de la boda se presentó doña Felipa
con aquel regalo: era un cojín de terciopelo relleno de
las plumas de pato endemoniadas; desde esa noche,
Francisca utilizó el cojín como su almohada.
 Al día siguiente la joven se despertó con un gran
malestar: dolor de cabeza y mareos. Ningún remedio
fue suficiente, día con día Francisca se sentía peor, comenzó a estar pálida, débil, y cada vez más triste. En
unos cuantos días su rostro era cadavérico; Domingo,
preocupado, llamó al médico, quien examinó a la enferma, el diagnóstico fue extraño y fatal. A los seis meses
Francisca había muerto.
Una vez enterrada, Domingo se encerró en su recámara durante días cayendo en una profunda depresión.
Besaba los lugares donde ella hubiera estado y dormía
sobre el cojín de terciopelo.
Una noche, Domingo se despertó agitado, tuvo una
visión: era Francisca que venía del más allá para advertirle del cojín embrujado que provocó su muerte; y le dijo
que las culpables habían sido su madre y la hechicera;
por lo que Domingo juró vengar su muerte.
Al otro día, a escondidas, Domingo salió de casa y
se presentó a hacer la denuncia ante el Santo Oficio,
y esa misma tarde se presentaron en la casona, de un
tajo abrieron el cojín, del cual cayeron las plumas que
se movían como si fueran serpientes impulsadas por una
fuerza satánica.
Sometida a martirios, doña Felipa aceptó su culpa y
reveló el lugar donde encontrar a la bruja. Condenaron
a las dos mujeres a morir quemadas en leña verde dentro de la Plaza de Santo Domingo.
Domingo vivió su duelo encerrado en casa. Después,
no se supo nada más de él, aunque algunos aseguran
que se fue a España llevándose su pena y fortuna."
brandon_reyna_0123,El mariachi negro,Laura Silvia Iñigo Dehud,piratas,es,434,uaem,brandon_reyna,752ed8cd90dc5125bc70571cdd0f30eff35eee0a,"Cuentan los viejos de la ciudad de Taxco, en
el estado de Guerrero, la historia de lo que
pasó en alguna de sus empinadas calles.
Se dice que en las cercanías del Templo de la Preciosa Sangre de Cristo —mejor conocida como la
capilla de Chavarrieta—, una fría, silenciosa y solitaria
madrugada, un borracho caminaba dando tumbos.
Era común encontrar a este hombre en el mismo estado todas las noches, recorriendo las calles, haciendo
griterío y desmanes, buscando pleito con cualquier paseante que por mala suerte se topara con él, pero lo
que pasó aquella oscura noche cambió por completo
esa costumbre.
El hombre de nuestra historia, después de vagar
por diferentes calles, estaba por llegar a las afueras
de dicho templo cuando llamó su atención una figura borrosa, desdibujada, pero enorme que estaba
calle arriba. El borracho, lejos de sentir temor e intimidarse por aquella silueta aterradora comenzó a insultarla; ya que en sus noches de juerga y aventuras
de copas se topaba con contrincantes que nunca
lograban intimidarlo, lo que lo hacía sentir invencible
y envalentonado. Así pues, decidió retar a su adversario con una retahíla de improperios y groserías
mientras caminaba zigzagueando, pero decidido,
calle arriba.
Finalmente, al llegar cerca de la silueta divisada,
distinguió que era la figura de un mariachi con un traje negro como la misma cueva de lobos; adornaban
el traje unos botones dorados que producían destellos
que cegaban al que lo mirara, y portaba sombrero, el
que cubría por completo su cara.
El borracho, sin mostrar mucha sorpresa ante esta
aparición, siguió su camino directo hacia el mariachi,
pero se dio cuenta que el tamaño de éste ya no era
el de un hombre común y corriente, y que a cada
paso que daba su rival, crecía más y más hasta llegar
a rebasar la altura de las torres del templo.
Una persona sensata, normal y sobria guardaría silencio, repararía en lo que podía causar su griterío e insultos y correría con la velocidad que sus piernas
le permitieran a resguardarse en la seguridad de la
capilla y, si tuviera suerte, pedir a algún buen samaritano ayuda; pero no, el borracho, contrariamente a
lo esperado, arremetió en sus insultos, y amenazante
gritoneó:
—¿Crees que por ser el demonio me vas a intimidar?
El mariachi negro avanzó tres pasos no con piernas y pies, en vez de eso tenía patas con pesuñas—,
y al llegar a unos centímetros de distancia del infeliz borracho, extendió la capa que llevaba sobre su
hombro, cubrió completamente al hombre y ambos
desaparecieron en la noche.
Nunca más se supo de ellos"
brandon_reyna_0124,La malvada sirena,Laura Silvia Iñigo Dehud,piratas,es,481,uaem,brandon_reyna,990c9eda660ab18a66331bdc2758aeaf8395e557,"El Lago de Zumpango, en el Estado de México,
guarda celosamente una enigmática leyenda
de una sirena que vive en sus aguas, y se rumora
que por las tardes acecha a los jóvenes.
Cuenta la leyenda que mucho tiempo atrás habitaba el lago una sirena extraordinariamente hermosa.
Su cabello era castaño y largo; sus ojos verdes como
esmeraldas y su piel tostada por el sol. Esta bella mujer solía mostrarse por las tardes a los muchachos que
tenían la mala suerte de pasar por allí y ser vistos por
ella. Los jóvenes que la veían desaparecían y nunca
más se sabía nada de ellos, porque ella los atrapaba
y mataba.
Una tarde, un joven caminaba distraído cerca del
lago, de pronto escuchó un hermoso canto que lo
obligó a detenerse en la orilla; sorpresivamente la sirena
surgió a la superficie, el muchacho la vio y cayó desmayado. Cuando volvió en sí, se dio cuenta de que se
encontraba en una oscura cueva en el fondo del lago.
El joven era muy apuesto y la sirena lo veía fascinada;
por esta razón decidió no matarlo y mantenerlo en la
cueva con ella.
El joven quería regresar a su casa, a su vida, ver a sus
amigos. También le preocupaba su mamá, quien estaba enferma; además de que ella seguramente estaría
preguntándose qué había pasado con su hijo. El joven, con mucha angustia, le suplicó a la sirena
que lo dejara ir a su casa para notificar a su madre que
estaba vivo y bien, y darle los medicamentos necesarios. Tanto rogó, que la sirena al fin aceptó, pero con la
condición de que debía regresar.
El muchacho salió corriendo, al llegar al pueblo les
contó a todos los vecinos lo que le había pasado. Acordaron esconderlo para que no regresara a la cuerva y
mantenerlo a salvo.
Cuando el joven estaba resguardado, los habitantes fueron al lago para intentar atrapar a la sirena. Ella,
que no era tonta, se percató de las intenciones, montó
en cólera y entonó un canto tan fuerte que llegó hasta
los oídos del joven. Como embrujado, salió del refugio
y acudió donde estaba la sirena sin que nadie pudiera
detenerlo. Llegó a la orilla del lago y se tiró en él, pero no
se encontró con la bella sirena sino con un ser grotesco,
quien, al ver al joven, sin dudarlo lo ahogó en la entrada
de la cueva.
Cuando los vecinos se dieron cuenta que el joven
seguía desaparecido secaron el lago hasta localizar la
cueva del fondo, de ésta salía un terrible olor, allí encontraron al joven muerto. Junto al cuerpo encontraron una
nota que decía:
Nunca más intenten secar la laguna; de lo contrario, caerá mi maldición a todos los habitantes y sus
descendientes.
Todavía hay muchas personas que aseguran haber
visto a la sirena o escuchado su canto en el Lago de
Zumpango."
brandon_reyna_0125,El minero ambicioso,Laura Silvia Iñigo Dehud,piratas,es,449,uaem,brandon_reyna,07b0e7c1a274e76d7482d7c71c913d81b3ba6ce8,"Hubo una vez que en Pachuca, Hidalgo, vivía un
hombre joven llamado Juan. Como muchos
otros lugareños, trabajaba en una mina. Estaba descontento con su suerte ya que, según él, trabajaba mucho y ganaba poco. Podemos agregar que
era conflictivo y ambicioso.
Cierto día, después de su jornada, se fue a la cantina con otros mineros. Tomó de más y, muy borracho,
comenzó a quejarse de su suerte; alardeaba de que
daría cualquier cosa con tal de ser rico. En ese momento apareció un hombre vestido de charro negro.
Ante esta aparición, los presentes en la cantina se espantaron y huyeron despavoridos. El charro se acercó y
dijo: —Juan, yo puedo hacer realidad lo que quieres. Si
estás dispuesto, preséntate a las doce de la noche en la
Cueva del Coyote (así se llamaba una mina en desuso).
Juan se presentó en el lugar. No había avanzado
mucho cuando vio a una enorme serpiente; la capturó
y pensó en llevársela para venderla; mientras, la pondría en un pozo seco que estaba fuera de su casa. Así lo
hizo y tapió el pozo con madera.
Tambaleándose, el minero entró a su casa y se durmió. Durante el sueño oyó un sonido extraño, lo describiría como un siseo, que decía que agradecía que
22
la hubiese llevado a su casa; que cuando despertara
encontraría una buena recompensa; pero que, como
todo, tendría un costo: debía entregarle a uno de sus
dos hijos; Juan tenía una niña de seis años y un bebé de
seis meses.
Al despertar, aún con la resaca, se dirigió al depósito
de granos y encontró costales repletos de dinero. Estaba regocijándose de su buena fortuna cuando escuchó
los gritos desesperados de su esposa, quien decía que
el bebé había desaparecido. Observó que su hija señalaba el pozo; lo destapó y vio que la serpiente había
desaparecido, pero en su lugar estaba su pequeño hijo
despedazado.
Sin escrúpulos, con el dinero que encontró, Juan compró una hermosa hacienda. Tiempo después, volvió a
soñar que la serpiente le susurraba: —¿Juan, no te gustaría ser más rico? Sólo dame otro hijo. En ese entonces
Juan había tenido muchos más hijos con diferentes mujeres, ya que se había vuelto mujeriego e irresponsable.
Lleno de avaricia, fue entregando uno por uno a sus hijos. Su fortuna no tenía fin.
Llegó el día que Juan murió. En su velorio, con
muchas personas presentes, entró un hombre alto
vestido con un traje de charro negro. Todos se asustaron. El Charro Negro se aproximó al ataúd y gritó:
—¡Vengo por el último pago! Enseguida se esfumó
dejando un terrible olor a azufre. En el ataúd solamente se encontró el esqueleto de Juan. Su alma se"
brandon_reyna_0126,La novia del mar,Laura Silvia Iñigo Dehud,piratas,es,463,uaem,brandon_reyna,7940392b22a020b453fda686df6fa7c49a7f126f,"Esta leyenda tiene su origen en Campeche, al
sureste de la República Mexicana. Campeche
es una bella ciudad que se ubica en el Golfo
de México, es famosa por sus bellos edificios coloniales y sus históricas murallas que fueron respuesta a los
ataques piratas.
En esta bella ciudad amurallada se desarrolla la
siguiente narración; se trata de una historia donde el
amor se manifiesta de una forma caprichosa, hasta el
grado de provocar un naufragio por celos.
En el malecón se ve la escultura de una mujer, la protagonista de esta historia, que espera por su amado sin
perder la esperanza y el anhelo de volver a verlo.
La leyenda cuenta que hace muchos años vivía en la
ciudad de Campeche una hermosa joven que solía pasear por la costa para disfrutar la brisa del mar y ver cómo
llegaban al puerto las enormes embarcaciones. Le gustaba imaginar cómo serían aquellas tierras de donde venían
tan exóticas y variadas mercancías, y cómo eran las personas que los tripulaban. Se cuenta que su belleza era tal,
que hasta el propio mar se había enamorado de ella.
El mar provocaba la sonrisa de la joven ofreciéndole
dulces oleajes y reflejando dorados destellos del sol,
coloreando de naranja el agua por las tardes, lo que
fascinaba a la muchacha; a su vez, el mar se sentía
complacido de tener a la hermosa joven a su lado.
26
Durante sus paseos, una tarde la joven observó la llegada de un barco del cual desembarcó un joven y apuesto
marinero; ella, quedó asombrada del muchacho; y él,
en cuanto la vio, se enamoró perdidamente de ella. Muy
pronto, los encuentros eran frecuentes y después de un
tiempo, se volvieron inseparables; caminaban juntos tanto por el malecón como tierra adentro, ella le mostraba
la ciudad; le platicaba de la gente que la habitaba, sus
tradiciones y costumbres. Se les veía felices.
Cuentan que el mar sintió celos al ver que la dulce
mujer ya no visitaba cada día la costa; el mar comenzó
a extrañar el roce de sus dedos y que ya no había más
sonrisas dirigidas sólo a él. Entonces, un día el marinero
tuvo que zarpar, prometiéndole a su amada, con un
tierno beso, que pronto regresaría para estar juntos el
resto de su vida.
Los celos del mar se transformaron en ira, y viendo la
oportunidad que quedarse nuevamente con la joven
para él, decidió separarlos para siempre. Con inmensa
furia creó una enorme tormenta con inmensas olas que
terminaron por hundir el barco donde viajaba el marinero. Jamás se volvió a saber nada del joven ni del resto
de la tripulación.
Desde entonces se puede ver a la joven mujer mirando hacia el mar, esperando en el malecón a que su
amado marinero regrese."
brandon_reyna_0127,El jinete sin cabeza,Laura Silvia Iñigo Dehud,piratas,es,477,uaem,brandon_reyna,a3d9ad5c54af58222c28ca63bfe0dcdf4f2beb86,"En Llera de Canales, en el estado de Tamaulipas, existió, hace más de 100 años, un próspero rancho muy cerca de la Estación Zaragoza;
el rancho contaba con muchas cabezas de ganado
vacuno, docenas de yeguas a las que cruzaban con
burro manadero, lo que producía muchos potrillos y
mulitos. También había gallinas, patos y guajolotes.
Sembrado, el rancho tenía gran variedad de árboles:
aguacates, papayas, nogales, naranjos, limas y limones. En el lugar vivía un joven ranchero con su esposa,
él era un hombre de a caballo, el mejor vaquero de
la región. Había luchado junto con el General Pedro
José Méndez contra la intervención de los franceses.
La joven esposa era hermosa y culta, hablaba varios
idiomas.
Una tarde, muerto de hambre y jalando un caballo
que rengueaba dolorido por falta de herraduras, llegó
un soldado al rancho, a leguas se notaba que estaba
agotado y que no era mexicano, a señas pidió agua y
comida; una vez descansado y alimentado, comenzó
a hablar en inglés —la joven esposa del ranchero entendía muy bien el idioma—: “vengo huyendo de la
guerra en los Estados Unidos, perdí todo, pero cuento
con mi honor; voy a la Ciudad de México a enlistarme
en el ejército, soy militar y no sé hacer otra cosa. Por favor, déjenme recuperar fuerza y me marcharé”, decía…
30
Se le dio hospedaje y alimentos, y él a cambio era
acomedido y servicial, rajaba leña y cuidaba los caballos, los herraba y paseaba; pero seguía comunicándose sólo con la bella esposa del ranchero.
En una ocasión, el joven ranchero se dirigió al río y encontró muy juntos al soldado y a su esposa bajo la sombra de un árbol. Lleno de ira por los celos, mandó matar
a su esposa por infiel y, sin más, al soldado le ató las manos por detrás, y con la ayuda de sus vaqueros, aventó
la reata de la rama más alta del mismo árbol en donde
los encontró, se la puso en el cuello y lo colgó. Pero era
tanto el coraje, que no satisfecho con haberlo matado,
amarró las piernas del pobre soldado ahorcado y, con
la ayuda de su caballo, lo jaló hasta que la cabeza se
desprendió del cuerpo.
Desde entonces, muchos afirman que en las noches
de luna se ve cabalgando a un jinete, pero que el cuerpo no tiene cabeza. Pasó mucho tiempo para que alguien se atreviera a andar por esos caminos en la noche.
Años después, por 1890, construyeron la vía del ferrocarril y se cuenta que maquinistas y pasajeros al cruzar
aquel tramo de la vía, escuchaban gritos que brotaban
de las entrañas, en un idioma que no entendían; hubo
quien decía que vio junto al tren y a toda carrera un
caballo que echaba chispas con sus cascos, cola y crin,
montado por un jinete sin cabeza."
brandon_reyna_0128,La niña que se convirtió en araña,Laura Silvia Iñigo Dehud,piratas,es,782,uaem,brandon_reyna,d0fa4ac53767fd56a2282c9ce7aa3303f4761e5b,"Esta escalofriante historia es una de tantas leyendas que se cuentan en el estado de Hidalgo. Se
dice que sucedió cerca de la ciudad de Pachuca, en un convento construido en el siglo pasado y que
fue convertido en escuela.
Las instalaciones en cuestión había sido dividido en
dos secciones: de un lado se encontraban los dormitorios, comedor, capilla y huerto de las monjas; mientras
que del otro lado, dentro del mismo terreno, se encontraba la escuela a la que asistían niñas de pocos recursos, a quienes pagaban la colegiatura personas con
dinero, es decir, era una escuela de beneficencia.
La vida en la escuela transcurría de forma normal,
hasta que todo el personal notó que una de las alumnas
de nombre Martha quien era de las más alegres y populares de la escuela un día ya no quiso salir al patio a
la hora del recreo; comenzó a apartarse y se mostraba
inhibida tanto en las clases como con sus compañeras.
 Las maestras creyeron que era cosa transitoria y que
en poco tiempo se le pasaría. Esto no sucedió, conforme
pasaban los días la niña se volvía más y más introvertida,
tal parecía que tuviera una profunda depresión.
Fue entonces cuando la directora decidió llamar a
los padres para averiguar qué tipo de problemas podía
34
estar atravesando, o si sería problema familiar. Pero los
padres respondieron que en casa todo iba bien. Lo que sí
comentaron es que les extrañaba que Martha, quien antes era feliz en la escuela y que durante las vacaciones
contaba los días para volver a reunirse con sus compañeras y maestras, ahora ya no quería regresar a la escuela,
les suplicaba que la sacaran, pero como ellos pensaban
que no era más que un capricho, no accedieron.
Tiempo después lamentaron profundamente haber
tomado esta decisión.
Los días pasaron sin que hubiera ningún cambio; y,
finalmente, un día, Carla, una de las mejores amigas de
Martha, se quedó con ella en el recreo, quería intentar
conocer qué le pasaba. Así que comenzó a insistirle que
le tuviera confianza y le contara lo que le estaba pasando. Martha, con cara de angustia y la voz llena de
espanto, le susurró:
—La señora fea de pelo blanco que está allá, en el
rincón, no me deja salir. ¿La puedes ver?, ¿puedes ver
cómo me mira llena de odio?
Carla volteó a todos lados, y sorprendida le dijo que
allí no había nadie, que seguramente no había dormido
bien y sería efecto de su imaginación.
—Es que me tiene tomada por un brazo, no permite
que me mueva de aquí. Parece que soy la única que
puede verla. —dijo con resignación.
Carla pensó que no había nada que ella pudiera
hacer por su amiga, así que salió al patio el resto del
tiempo que tenían para el recreo.
Nadie sabe qué fue lo que pasó durante ese tiempo,
porque cuando volvieron del recreo no encontraron a
Martha por ningún lado; se imaginaron que quizá ya
había aceptado salir del salón; sin embargo, tampoco
nadie la encontró en el patio.

Una vez que las monjas habían agotado todas las formas de encontrar a la niña, decidieron que lo mejor era
reportar su ausencia a sus padres.
En el salón de clase se oían todos los murmullos de las
niñas alarmadas y las monjas preocupadas, cuando de
pronto se escuchó una sieniestra voz que provenía del
fondo del salón de clases. Era la voz de Martha, pero
nadie la podía ver.
Las monjas sacaron a todas las niñas del salón, excepto a su amiga Carla, quien finalmente fue quien
pudo identificar de dónde provenía la voz; en un rincón
del salón de clase, en el ángulo que se hace entre dos
paredes, vio a su amiga, pero no en la forma física que
la conocía, pues ahora estaba convertida en una araña y poseía el rostro de Martha.
De inmediato llamó a las monjas con tremendos gritos,
diciendo que era la araña quien hablaba. Sin embargo,
cuando las monjas se acercaron ya no había ninguna
araña, desapareció para no volver a verse jamás.
Durante algún tiempo la escuela siguió funcionando,
aunque desde entonces el salón de clases en cuestión
fue cerrado; no se le volvió a permitir el acceso a nadie.
Han pasado muchos años de aquel desgraciado
suceso. La leyenda cuenta que en la propiedad donde
está ubicado el convento, ahora clausurado, antes vivía
una bruja maligna, a quien le atribuyen la desaparición
de la niña, quien se cuenta que todavía habita el convento, al cual se recomienda no entrar…
Aseguran que Carla, hoy en día, sigue llorando por su
amiga, afirmando que fue real y una obra del mal."
brandon_reyna_0129,Las cuatro Marías,Laura Silvia Iñigo Dehud,piratas,es,439,uaem,brandon_reyna,0f2ccc586287ce38a52f06a6d3e8a011202d552d,"La siguiente leyenda proviene de Tapalpa, en el
estado de Jalisco. Su nombre significa “tierra de
color”. Y como todos los pueblos de México, tiene
una extraordinaria tradición oral.
Sucedió que a finales del siglo XIX, vivían en Tapalpa
cuatro mujeres unidas por la confabulación. Las cuatro
tenían por primer nombre el de María, así pues, eran:
María Amaranta, María Natalia, María Eduviges y María
Tomasa. La gente del pueblo les decía las Marías Lenguas; apodo ganado a pulso por ser muy chismosas y
criticar a todos los que podían. No les faltaba lugar ni
momento. Sus habladurías ya habían causado daño en
la reputación de muchos vecinos, por esta razón todos
les temían. Se decía que la peor era María Tomasa: inventaba chismes donde no los había o aumentaba los
que ya existían. Aunque en realidad cualquiera de las
cuatro podía ganar el título.
Acostumbraban a reunirse alrededor de una fuente
conocida como La Pila, cercana a la casa de las cuatro; allí, cómodamente sentadas, acompañadas por el
sonido del agua, llevaban a cabo sus habladurías.
Una tarde, se encontraban las arpías muy a gusto inventando o comunicando chismes de algún vecino, se
acercó a la fuente Macario, un indígena otomí, conocido por ser un hombre sabio que siempre se había dedicado a la hechicería con resultados extraordinarios.
40
Al escuchar el argüende que se traían, Macario se dirigió a las Marías Lenguas y les advirtió que, si no dejaban
de hacer daño a las personas inventando chismes venenosos, les iba a ir muy mal y tendrían que pagar las consecuencias en la justa medida que ellas hacían el mal.
Las Marías se rieron al oír al brujo indio hablar, insensatas como eran, y a insultarlo violentamente. Ante los
insultos, Macario les respondió que ya estaban advertidas y que, de no hacer caso, recibirían un terrible castigo. Como éstas siguieron burlándose, el indio recogió
agua de la pila, y diciendo un conjuro en otomí, mojó a
las cuatro mujeres.
En ese mismo momento, las mujeres cayeron al suelo
y se contorsionaban como si tuvieran un ataque. Poco
a poco, se convirtieron en serpientes. Macario se dirigió
a ellas y les gritó: —Les di la oportunidad de que recapacitaran y cambiaran su perniciosa costumbre, pero
no entendieron. ¡Yo las condeno a convertirse en serpientes de piedra; serán ejemplo de lo que les pasa a las
personas que viven y gozan arruinando a las personas
con sus horribles chismes!
Y así fue, cada serpiente de piedra fue colocada en
un lugar donde quedaría para siempre. Desde ese día a
la fuente se le conoce como la Pila de las Culebras."
brandon_reyna_0130,El callejón del beso,Laura Silvia Iñigo Dehud,piratas,es,468,uaem,brandon_reyna,b998f80e84f726794bb4c55a158c321fdf9c0c62,"La leyenda que narraremos nació en la ciudad de
Guanajuato, en el Bajío mexicano, cuando todavía era ocupado por los españoles.
En uno de los tantos callejones con los que cuenta
la ciudad, vivía una familia rica que provenía del viejo
continente. Se cuenta que doña Carmen era hija única
del matrimonio; cuando Carmen era aún muy joven
murió su madre, y ella quedó al cuidado de un padre
intolerante y agresivo.
Cerca del hogar de Carmen vivía Luis, un joven que al
pasar para dirigirse a su trabajo, observaba a la dama,
quien salía por las mañanas al balcón de su habitación
para observar a los paseantes y cuidar sus flores; y por
las noches para disfrutar la luz de la luna; Luis la vió y
quedó fascinado.
Con el paso de los días, ella comenzó a intercambiar
miradas tiernas que después pasaron a las sonrisas. Al
poco tiempo ambos estaban enamorados.
Un día de mala suerte, el padre de doña Carmen
descubrió que su hija se relacionaba con un pobretón
que, por mucho, no era de su clase social, y montó en
cólera; sobrevinieron cientos de problemas para ella,
algunos fue el encierro, las amenazas, y lo peor de todo:
comprometerla con un viejo y rico noble de España.
La noticia pronto llegó a oídos de Luis, quien pensó
en mil maneras para no perder a su enamorada pero,
44
aparentemente, ninguna era conveniente. Después de
darle vueltas al asunto tuvo una idea:
El balcón de la habitación de Carmen daba a un
callejón tan angosto que era posible tocar con la mano
la pared de la casa de enfrente. Don Luis buscó durante días al propietario de la casa; al encontrarlo, le rogó
hasta convencerlo de que le vendiera la propiedad.
Al estar encerrada por el cruel castigo de su padre,
Carmen no conocía los esfuerzos que realizaba su amado para que pudieran estar cerca. Hay que imaginar
cual fue la sorpresa de Carmen al ver un día a su enamorado a tan sólo unos centímetros de ella; en cuanto
se vieron tocaron sus manos; sus corazones latían con
fuerza. A la noche siguiente, nuevamente ambos salieron a sus respectivos balcones y, por primera y última
vez, unieron sus labios con un tierno beso, porque en
ese momento apareció el padre de la joven y, al verlos,
enfureció por el atrevimiento de su hija; en ese instante
tomó una daga, se abalanzó sobre ella y se la clavó en
el corazón.
Don Luis, desesperado y sin poder hacer nada, salió
corriendo de la casa para no volver jamás. Se dice que
tiempo después murió sin volver a amar a nadie.
Este callejón ha sobrevivido hasta nuestros días y, precisamente, se le conoce como “El callejón del beso”
debido a la trágica historia de estos enamorados."
brandon_reyna_0131,El hechizo del pando,Laura Silvia Iñigo Dehud,piratas,es,760,uaem,brandon_reyna,08b3fdf06183972f6bda7f145cc940d8f123d60e,"Leyenda narrada en el estado de Colima; se desarrolla durante el siglo XVII, en la época colonial.
Se habla de un maleficio, producto de errores del
pasado que no pueden olvidarse…
Hilario, con razón, sentía que su enfermedad se
agravaba día con día. Desde hacía mucho tiempo que
la padecía, y eran vanos todos los esfuerzos por aliviarse. A decir verdad, no había sido revisado y atendido
por un doctor y, menos aún, había llevado tratamiento
alguno. Pero él pensaba:
—¿Para qué atenderme por un médico? Ellos no
curan el hechizo, es más, no creen en él. Yo ya no tengo
ningún remedio.
Hilario estaba convencido de que estaba embrujado
por una malvada mujer a quien él había amado con
todo el corazón; pero se habían distanciado, ya que no
se habían comprendido el uno al otro.
Se dice que ella tenía un carácter de los mil demonios,
lo celaba, lo agredía y que, seguro, ahora se vengaba
de Hilario provocándole un mal incurable. Todo el barrio de Manrique lo decía, y había quien aseguraba que
Teofila, que era el nombre de la perversa mujer, tenía un
muñeco idéntico a Hilario, con una espina clavada en
la espalda, escondido en un lugar de su casa.
La espina clavada en la espalda del muñeco, le provocaban a Hilario terribles dolores que los médicos no
48
saben curar, porque dicen que son los riñones. ¿Los riñones?, ¡Claro que no! Él estaba seguro que era el hechizo
lo que lo tenía enfermo. Margarita, su hermana, preocupada por la salud de Hilario le preparaba remedios
que le aconsejaban, sobre todo los boticarios. ¡Pero el
hechizo no lo curaba ni los boticarios de Colima!
Un día, ya al anochecer y con muy poca esperanza,
la bondadosa Margarita pensó hablarle a un médico
para que fuera a visitar a Hilario, no para que lo curara,
sino para que lo viera en sus últimos momentos antes de
la muerte y le diera el certificado de defunción, sin el
cual no podía enterrar a su querido hermano.
¡Qué ocurrencias! ¿Qué necesidad hay que sea un
médico el que asegure que murió una persona, si simplemente ver el cadáver es prueba mejor que cualquier
papel escrito?, pero así son las cosas.
El médico llegó ya entrada la noche.
La recámara estaba iluminada por una pequeña
vela que difundía una tenue luz amarillenta y vacilante,
dando al lugar un aspecto lúgubre, desde el buró
en que estaba colocada, hasta otra mesa corriente
llena de botellas y platos de cocina. Hilario, con una
respiración angustiosa y fatigada, yacía en una cama
de madera. En su semblante se observaba la cercanía
del último momento. El médico lo examinó; percibió
algunas palabras entrecortadas que decía Hilario por
la angustia de la respiración, y sacó del bolsillo hojas
de papel, y recetó. ¿Qué recetó? ¡Letra ininteligible,
como la de todos los médicos! Letra que sólo saben
entender los boticarios, porque ellos todo lo saben. El
médico, antes de retirarse, lo único que le dio a Hilario
fue un poco de esperanza. Le prometió que si cumplía las
indicaciones, posiblemente se aliviaría. ¡Falsas promesas,
el hombre estaba más muerto que vivo!
Llamó aparte a Margarita para explicarle cómo debía darle la medicina a Hilario, y advertirle que ya era el
último esfuerzo por la curación; le comentó que lo hacía
en cumplimiento de un deber profesional, porque un
buen médico, al igual que un buen soldado, tiene la
obligación de luchar, aunque sea inevitable la derrota,
haciéndose la ilusión de conseguir la victoria. Sabía que
recetaba los medicamentos por deber, pero sin ninguna
expectativa de lograr la curación.
El médico tenía la razón, Margarita llegaba de la botica con el medicamento cuando Hilario murió. Bien claro lo decía el lúgubre canto del tecolote que desde al
anochecer se escuchaba entre las ramas del aguacate
del corral, provocando en el barrio gran temor. ¡Qué
había de poder la ciencia médica contra el hechizo!
Este sólo pueden curarlo los hechiceros.
Dichas creencias se confirmaron poco después de
que muriera Hilario, pues cuando su cadáver yacía tendido para recibir la velación, repentinamente se levantó
de medio cuerpo atemorizando a los presentes y arrojó
algo por la boca.
—¿Vieron lo que pasó? —exclamaron todos— ¡No
cabe duda, estaba hechizado por aquella mala mujer!
Sepultaron el cadáver de Hilario, que era conocido en
el barrio de Manrique con el apodo de El Pando, por su
lento caminar, y por varios días, al anochecer, reafirmando la creencia popular, siguió cantando lúgubremente
un tecolote entre las ramas de un aguacate del corral."
brandon_reyna_0132,El diablo bebito,Laura Silvia Iñigo Dehud,piratas,es,779,uaem,brandon_reyna,d0ae99d18a22f7a7579315309e0d6a2113f8a039,"En la zona del bello estado de Guerrero, se cuenta una leyenda que se dice ocurrió en algún
pueblo perdido atrás de la montaña, donde los
campesinos acostumbran, después de un largo día de
siembra o cosecha de los campos, reunirse con algunos amigos y refrescarse la garganta en alguna cantina
con un buen mezcal o un buen pulque antes de llegar
a descansar a casa; y en una de esas noches ocurrió lo
que enseguida se va a relatar:
Esta historia le sucedió a don José, un campesino
como tantos otros quien un día después de haber trabajado varias horas en su cosecha de maíz, llegó el
momento en que el sol comenzaba a ocultarse tras las
hermosas montañas de la sierra; así que guardó toda
la herramienta en su viejo, sucio y desgastado morral
para tomar el camino hasta su pueblo ubicado kilómetros más abajo del lugar donde se encontraban sus sembradíos de maíz.
Así tomó el camino hasta llegar al pueblo y, como es
la costumbre, se animó entrar a la cantina de don Javier
donde sabía que encontraría a todos los hombres del
pueblo, y se dijo:
 —Un buen mezcalito antes de ir a casa no hace daño
a nadie...
54
Así que don José entró a la cantina; allí se encontró
con don Genaro y don Isidro, viejos amigos campesinos, quienes en ese momento comentaban la leyenda
que andaba en boca de todos los del pueblo. Se decía
que después de las 12 de la noche el diablo andaba
rondando el pueblo porque ya varios de los vecinos lo
habían visto, todos con una forma diferente, pero todos
aseguraban que no podía ser nada más que el mismo
demonio. Una mujer lo había visto en forma de perro
negro; otro vecino lo vio en forma de toro, y así sucesivamente dijeron muchos acontecimientos. Don José
sólo se rió y, soltando una gran carcajada, dijo a sus
ebrios amigos:
—¡A mí el demonio me pela los dientes! —además,
añadió—: ¿Qué no se dan cuenta?, esas son puras
habladurías de nuestras esposas que no quieren que
vengamos a tomarnos nuestros mezcalitos, nos quieren
meter miedo para que lleguemos temprano a la casa,
no hagan caso de esas tonterías.
Después de echarse varios mezcales, don José salió
de la cantina, atravesando parte del pueblo que, por
cierto, tenía muy poco alumbrado público, así que sólo
veía el empedrado de la calle por el reflejo de la luna
llena, que aún se puede observar en todo su esplendor
en el cielo despejado de varios pueblos del estado de
Guerrero.
Don José iba caminando cuando de pronto escuchó
un sonido, como un chillido, pensó que se trataba de
una gata en celo; por lo que no hizo mucho caso y siguió
su camino; pero sólo había dado unos cuantos pasos,
cuando volvió a escuchar el mismo ruido, pero ahora
más nítidamente, y esta vez sí distinguió claramente que
era el llanto de un bebé. Prestó atención para ubicar
de dónde venía el sonido hasta que descubrió que en la entrada de una casa abandonada se encontraba
un bulto que se movía. Se acercó sigilosamente, y con
precaución retiró las mantas que cubrían “el bulto”; con
asombro observó que en el interior de la cobija estaba
un bebé llorando.
—Maldita! ¡Mil veces maldita la mujer que te abandonó! ¿Tú qué culpa tienes? —dijo don José con una
retahíla de adjetivos a la mujer o madre que él suponía
había abandonado al inocente bebé.
Lo tomó entre sus brazos y decidió llevarlo a su casa
mientras se resolvía el misterio de los padres del bebé
que no paraba de llorar; así, comenzó el camino rumbo
a casa, poco a poco el bebé fue controlando su llanto, pero mientras don José avanzaba sentía más y más
peso del bebé que cargaba entre sus brazos.
Llegó un momento en que ya no pudo avanzar más,
decidió detenerse, ya que el bulto estaba demasiado
pesado. Con curiosidad, quitó la cobija del bebé para
ver su cara, y de pronto el bebé exclamó:
—¡Mira, papi, mis dientitos!
Don José, horrorizado, vio que los ojos del bebé eran
rojos como el fuego, y que de su boca sobresalían largos
colmillos. Sin pensarlo, aventó al bebé y corrió despavorido y sin rumbo fijo.
Muchos dicen que desde ese día don José se volvió
loco; otros que llegó apanicado a su casa contándole a
su esposa lo sucedido, y que después estuvo con fiebres
altísimas durante varios días hasta que murió. Nadie sabe
lo que pasó, sólo que se cumplió lo que don José le dijo a
sus amigos en la cantina: “El diablo me pela los dientes”."
brandon_reyna_0133,La mulata de Córdova,Laura Silvia Iñigo Dehud,piratas,es,791,uaem,brandon_reyna,59cce8a6324db6ed19e5ad5ed07eef4cc523f145,"Se cuenta que corría el año 1618, en la Villa de
Córdoba de los Caballeros, en tiempos de la Inquisición y el Santo oficio, existía una bellísima mujer mulata, aunque curiosamente nadie sabía sobre su
procedencia, se dice que durante la Colonia la habían
traído como esclava. No tenía padre ni madre, así que
todos la conocían simplemente como Soledad o La Mulata de Córdoba. Su belleza era tan grande, que todos
los hombres se sentían atraídos por ella.
Por la condición de su raza, ella vivía aislada, ya que
los indios y los negros no eran bien vistos en la sociedad;
el color de piel de esta mujer era prueba fehaciente de
la unión entre blancos y negros. A pesar de esto, cuando se dejaba ver, su presencia era considerada como
un escándalo, su belleza la hacía blanco de chismes,
por lo que se volvió retaída y huraña.
Además de ser hermosa, la mulata empezó a ser célebre en el lugar, pues dicen que sabía sobre las artes
de la medicina, y que usaba las hierbas que conocía
para realizar curaciones maravillosas, y en muchos casos sanaba a los que padecían enfermedades mortales
o alguna peste; pero no sólo eso, se decía que también
invocaba tormentas y, que incluso, podría predecir los
temblores y los eclipses.
Los rumores empezaron a correr; decían que la mulata sabía de embrujos y encantamientos. También reiter-
60
aban que por las noches de su cabaña se observaban
extrañas e intensas luces y música misteriosa.
Tales rumores empezaron a inquietar a algunos crédulos y supersticiosos que decían que la mulata tenía pactos con el demonio. También se rumoraba que tenía
poderes mágicos y podía estar en dos lugares a la vez.
Autoridades y vecinos comenzaron a espiarla; sin embargo, la mulata asistía cada domingo a misa, lo que
aminoraba un poco los rumores.
El alcalde de Córdoba era don Martín de Ocaña, un
hombre mayor de edad que estaba apasionado con la
Mulata, le confesó sus intenciones y le ofreció regalos,
pero ella no respondió ni una sonrisa.
El alcalde Ocaña, despreciado y despechado,
acusó a la Mulata de darle una pócima que le provocó
la pérdida de la razón. El castigo seguramente sería la
hoguera, así vengaría el menosprecio de ella.
La noche de la acusación el alcalde, policías y sirvientes fueron hasta la cabaña de la Mulata; tampoco
faltaron frailes que en nombre de la Santa Inquisición le
exigieron que abriera su puerta; ella, por miedo, no lo
hizo, así que entraron a la fuerza para apresarla.
 Fue llevada en un carruaje custodiado por el Santo
Oficio hasta el calabozo de la Fortaleza de San Juan de
Ulúa, aunque otros dicen que fue en el Palacio de la
Santa Inquisición, en la Plazuela de Santo Domingo, en
la Ciudad de México.
A la mulata la juzgaron y culparon de tener pactos
con el diablo, por lo que fue sentenciada a ser quemada con leña verde frente todos, como ejemplo de lo
que no se debía de hacer.
Sin embargo, al estar bajo vigilancia en la cárcel, ella
se ganó la confianza del carcelero a quien en alguna
ocasión había ayudado con la enfermedad de uno de sus hijos. Le pidió que le consiguiera un pedazo grande
de carbón, el hombre aceptó; lo consiguió y se lo llevó
a su celda.
Entonces, con el carbón la mulata comenzó a dibujar
sobre las paredes húmedas y oscuras de su celda del
calabozo una ligera nave que se mecía con las olas del
mar; el navío tenía grandes y blancas velas desplegadas al viento. La mulata dibujó durante toda la noche
antes de su sentencia.
A la mañana siguiente, justo el día de su ejecución,
el carcelero fue a buscarla, se quedó asombrado por la
obra de arte que había realizado: los detalles estaban
perfectamente delineados en una embarcación como
si fuera a emprender una larga travesía.
—¿Qué crees que le hace falta al barco? —La mulata preguntó al carcelero.
—Que alguien lo ocupe y que la nave comience a
surcar los mares, sólo eso le falta. —Contestó el carcelero con seguridad.
—Pues observa muy bien lo que va a pasar, quiero
que todos conozcan mi historia.
Sin decir más nada, la mulata de un salto subió en la
embarcación diciendo adiós al asombrado carcelero
mientras la nave se perdía en el bello horizonte dibujado
en la pared de la celda.
Cuando fueron a buscar a la mulata encontraron
al carcelero aferrado a la reja del calabozo vacío.
Después de contar su historia, nadie le creyó, todos
pensaron que había perdido la razón o él había ayudado a la Mulata de Córdoba a escapar de una horrible muerte. Nunca nadie pudo confirmar lo que realmente sucedió."
brandon_reyna_0134,El cerro de la vieja de Oaxaca,Laura Silvia Iñigo Dehud,piratas,es,456,uaem,brandon_reyna,0c34164252bc5fdce5a0bf0bf5d808af63875afe,"La siguiente narración es una leyenda que se dice
sucede en el Cerro de la Vieja; el cerro forma
parte del municipio de San Pedro Mixtepec, del
estado de Oaxaca; pequeño poblado con muy pocos
habitantes en el que todos se conocen.
Como en todo nuestro país, existen narraciones que
se van pasando de generación en generación de forma oral. Las historias, leyendas, tradiciones y creencias
que se cuentan cuando las familias o amigos se reúnen
alrededor del fogón; preparando telares o cuando se
están elaborando los espectaculares alebriges; cuando
se prepara el nixtamal para las tortillas o disfrutando de
un espumoso chocolate.
Se dice que San Pedro Mixtepec es un lugar donde
—mucho tiempo antes de que fuera el lugar poblado
como lo es hoy en día— los hombres solían salir a cazar.
Cuenta una leyenda de la región que una mañana
un grupo de cazadores salió a perseguir una presa; los
hombres detuvieron su paso al estar frente a una gran
roca; lo que llamó su atención fue que en la piedra se
veía claramente la figura de una hermosa india que llevaba largas trenzas negras. Cercano a la piedra, los cazadores vieron enormes cantidades de plomo, así que
los hombres se apuraron a repartir el plomo sin perder
de vista a la bella mujer. Una vez que cargaron el plomo
que les fue posible, bajaron al pueblo y contaron a sus
66
compañeros lo que habían descubierto, dando como
seña la impresionante imagen.
Poco a poco se corrió la noticia, muchas personas
se interesaron en visitar el lugar, tanto para constatar la
figura de la que tanto se hablaba, como para conseguir
el metal para las balas de sus rifles. Subían al cerro con
gran entusiasmo, pero la mayoría regresaba decepcionado porque no encontraban la piedra, el plomo que
buscaban y, mucho menos, la figura de la hermosa mujer. Los habitantes pensaron que todo había sido la invención de unos cuantos.
Pasó el tiempo y algunos osados decidieron volver a
buscar, notaron que si subía un grupo de tres hombres,
solo regresaban dos que decían nunca haber visto a
la dama. Los que no regresaban jamás se les volvía a
ver. Comenzó entonces a considerarse el cerro como
un lugar embrujado.
Narran los pobladores del municipio que solían escuchar los gritos aterradores de hombres que eran perseguidos por la india, ya que una vez que se mostraba
ante ellos, se desprendía de la roca para alcanzarlos y
desaparecieran para siempre. Personas que pasaban
por ahí, dicen que podían ver a lo lejos a una mujer envuelta con un rebozo blanco que flotaba por el lugar.
Desde entonces, por la aparición que se presenta en él,
se le nombró “El Cerro de la Vieja”."
brandon_reyna_0135,El Pombero,Gloria Cecilia Díaz,piratas,es,172,anayainfantilyjuvenil,brandon_reyna,ca746af08df8bf0bed40584027acc22e6472fb4e,"Ah, ¡el Pombero! suena a título de canción, pero no, este
es el guardián de los montes y de los animales. Los que
lo han visto no se ponen de acuerdo en cuanto a su apariencia.
Unos dicen que es alto, flaco y peludo, otros que es bajito y
gordo. Pero en los dos casos tiene los pies al revés, es decir, los
dedos hacia atrás y los talones adelante. ¡Genial para engañar
a quienes lo persiguen! Siempre lleva un enorme sombrero de
paja. Y eso sí, todos coinciden en que es feísimo.
Tiene dos debilidades: el tabaco y la miel. Y un gran defecto
además de su fealdad: le encanta asustar a los niños que no se
echan la siesta, y a veces hasta ¡los roba! Es por eso que a las
madres no les gusta que sus hijos se alejen de casa a esa hora.
De todas maneras, hay una forma de alejar al Pombero de
los hogares, y es poniendo ajo en las esquinas. Parece que es
muy eficaz."
brandon_reyna_0136,Kanshout y el otoño,Gloria Cecilia Díaz,piratas,es,362,anayainfantilyjuvenil,brandon_reyna,ea026af5cfc8ba88a180e3c6807724fea4a6166d,"Kanshout era un chico de la tribu Selk’nam que vivía
en un lugar lejano que tenía un lindo nombre, Tierra del
Fuego. Este sitio es la puntita allá abajo en América del Sur.
En la época de Kanshout los árboles no perdían nunca sus
hojas, siempre, siempre eran verdes.
Un día Kanshout tuvo que partir a un largo viaje como
era costumbre en su tribu. Todos los chicos varones debían
hacerlo.
Kanshout tardó tanto en volver que los suyos creyeron
que había muerto. Pero un día, ¡oh, sorpresa!, el chico apareció.
Contó a su tribu que había conocido un país increíble, lleno de
bosques como vastos tapetes que alfombraban las tierras. Allí
los árboles perdían las hojas y se quedaban desnudos como
esqueletos, pero según él, tres meses después, las hojas volvían
a salir poco a poco. Él las había visto crecer día a día, hasta
llegar a una magnífica explosión de verdes. Esos verdes, recién
nacidos, eran lo más bello que él había visto jamás. Los de su tribu no lo creyeron y, no solo eso, se burlaron de
él. Kanshout no lo soportó y furioso dio la espalda a su gente y
se volvió a ir. Pero esta vez su ausencia no fue muy larga.
Regresó convertido en un gran loro, haciendo alarde del
plumaje verde de su cuerpo y del rojo encendido de su pecho.
Kanshout sobrevoló los bosques y con las plumas de su pecho
tiñó de rojo las hojas. Poco después, se fueron cayendo las
hojas, una a una, y los árboles quedaron pelados como
esqueletos. Su tribu, muy asustada, creyó que los árboles iban
a morir.
Esta vez fue Kanshout quien se burló de los suyos y
seguramente los dejó sufriendo durante tres meses.
Transcurridos los tres meses, la tribu Selk’nam descubrió el
renacer de las hojas y, tal como lo había hecho Kanshout, las
escudriñaron día a día hasta ser testigos de la soberbia explosión
de verdes de la que les había hablado el chico.
El otoño y la primavera habían nacido.
Dicen que desde entonces, los loros se reúnen en los árboles
para burlarse de los hombres porque no creyeron a su ancestro
Kanshout"
brandon_reyna_0137,La flor de Lirolay,Gloria Cecilia Díaz,piratas,es,635,anayainfantilyjuvenil,brandon_reyna,3050bc1dfd46cf221d68df9745db9321d998366c,"En tiempos muy lejanos vivía un rey que se llamaba
Asportuma. Su reino era inmenso y abarcaba montañas,
llanuras y mares. Pero el rey no podía ver la belleza de su reino
porque se había quedado ciego y él soñaba con contemplar el
verde azul de sus mares, la vegetación de sus valles y montañas,
saber cómo eran sus súbditos y sobre todo ver los rostros de sus
tres hijos.
Ningún médico había podido curar su mal.
Un día, un anciano llegó al palacio y le dijo al rey que
únicamente la flor de Lirolay podría devolverle la vista. Le
explicó también que la flor crecía en tierras lejanas e
inaccesibles. Enseguida, sin dudarlo, los tres hijos dijeron
que irían en busca de la flor.
El rey prometió la corona a aquel que trajera la flor de
Lirolay. Los chicos partieron y en un cruce de caminos
decidieron separarse, prometiéndose que se encontrarían
allí mismo en la tercera luna llena.
18
Los dos hermanos mayores pasaron por pruebas tan terribles
sin poder encontrar la flor, que renunciaron a seguir y dieron
media vuelta. En cambio, el menor siguió buscando la flor sin
cansancio, movido por el profundo amor que sentía por su
padre.
Un día el joven príncipe oyó la voz de la Pachamamma, es
decir, de la Madre Tierra, diciéndole que entrara en la selva.
El chico, que la respetaba, la obedeció. Fue muy difícil para él
penetrar en esa vegetación densa y peligrosa, llena de seres que
querían hacerle daño. Pero la Pachamamma no lo desamparó.
Una vez en la selva todo se iluminó a su alrededor. La luz
la despedía una flor muy roja que tenía una perla en el centro.
El chico supo que era la flor de Lirolay, se acercó a ella y la
tomó con manos temblorosas. Muy feliz emprendió el camino
de regreso. Cuando llegó al lugar convenido con sus
hermanos, estos, al verlo con la flor, se llenaron de envidia y
pensaron en tirarlo al río. Y así lo hicieron mientras el
príncipe dormía.
Al llegar al palacio, pusieron la flor de Lirolay sobre los ojos
del rey, que recuperó la vista enseguida. El soberano se sintió
feliz, pero al enterarse de que su hijo más amado había
desaparecido, lo invadió la pena.
Entre tanto, la Pachamamma seguía velando por el chico
al que el río había arrastrado a un lugar lleno de cañas.
Una mañana soleada, un pastor que iba de paso cortó una
caña e hizo una flauta, pero apenas sopló en ella una voz cantó:
No me toques, pastorcito,
ni me dejes de tocar.
Mis hermanos me mataron
por la flor de Lirolay.
El pastor que, como todos los habitantes del reino, sabía
que el príncipe había desaparecido, se fue a ver al rey y le dio
la flauta para que la tocara. El rey así lo hizo y cual no sería
su dolor al escuchar lo que la voz le dijo:
No me toques, padre mío,
ni me dejes de tocar.
Mis hermanos me mataron
por la flor de Lirolay.
Furioso, ordenó a sus dos hijos que tocaran la flauta:
No me toquen, hermanitos,
ni me dejen de tocar.
Mis hermanos me mataron
por la flor de Lirolay.
21
Los hermanos confesaron su terrible crimen y pidieron
perdón al rey. El monarca no dijo nada y les ordenó que fueran
con él y el pastor a buscar al príncipe. Cuando llegaron al lugar,
el chico estaba como muerto. Le pasaron entonces la flor por el
rostro y al instante recobró la vida.
Mientras el padre abrazaba a su hijo en el colmo de la
felicidad, los dos hermanos mayores desaparecieron y nunca
se volvió a saber de ellos.
Cuando el rey murió, el hijo subió al trono y gobernó por
largos, largos años."
brandon_reyna_0138,El Asno y el Cochino,Félix María de Samaniego,piratas,es,100,cervantesvirtual,brandon_reyna,2bd4003734980f5f6e98bbca5c39db8eef65fefc,"Envidiando la suerte del Cochino, un Asno maldecía su destino.
-Yo, decía, trabajo y como paja;
él come harina y berza, y no trabaja.
A mí me dan de palos cada día,
a él le rascan y halagan a porfía.
Así se lamentaba de su suerte;
pero, luego que advierte
que a la pocilga alguna gente avanza
en guisa de matanza,
armada de cuchillo y de caldera,
y que con maña fiera
dan al gordo Cochino fin sangriento,
dijo entre sí el Jumento:
«Si en esto para el ocio y los regalos,
al trabajo me atengo y a los palos»."
brandon_reyna_0139,La Cigarra y la Hormiga,Félix María de Samaniego,piratas,es,179,cervantesvirtual,brandon_reyna,5af6f0b56cc98bcf99db2af178f052fe868c53b8,"Cantando la Cigarra		
pasó el verano entero,		
sin hacer provisiones		
allá para el invierno.		
Los fríos la obligaron	 5	
a guardar el silencio		
y a acogerse al abrigo		
de su estrecho aposento.		
Viose desproveída		
del preciso sustento:	 	
sin mosca, sin gusano,		
sin trigo, sin centeno.		
Habitaba la Hormiga		
allí, tabique en medio,		
y con mil expresiones	 	
de atención y respeto		
la dijo: -Doña Hormiga,		
pues que en vuestros graneros		
sobran las provisiones		
para vuestro alimento,	 	
prestad alguna cosa		
con que viva este invierno		
esta triste Cigarra,		
que, alegre en otro tiempo,		
nunca conoció el daño,	 	
nunca supo temerlo.		
No dudéis en prestarme;		
que fielmente prometo		
pagaros con ganancias,		
por el nombre que tengo.	 	
La codiciosa Hormiga		
respondió con denuedo,		
ocultando a la espalda		
las llaves del granero:		
-¡Yo prestar lo que gano	 	
con un trabajo inmenso!		
Dime, pues, holgazana,		
¿qué has hecho en el buen tiempo?		
-Yo, dijo la Cigarra,		
a todo pasajero	 40	
cantaba alegremente,		
sin cesar ni un momento.		
-¡Hola!, ¿conque cantabas		
cuando yo andaba al remo?		
Pues ahora, que yo como,	 	
baila, pese a tu cuerpo."
brandon_reyna_0140,El Águila y el Escarabajo,Félix María de Samaniego,piratas,es,355,cervantesvirtual,brandon_reyna,f0cba9825dfb11a1e2fa3fa7bdfd02a493e3bd22,"-¡Que me matan, favor! Así clamaba		
una Liebre infeliz, que se miraba		
en las garras de una Águila sangrienta.		
A las voces, según Esopo cuenta,		
acudió un compasivo Escarabajo;	 	
y viendo a la cuitada en tal trabajo,		
por libertarla de tan cruda muerte,		
lleno de horror, exclama de esta suerte:		
-¡Oh reina de las aves escogida!,		
¿por qué quitas la vida	 	
a este pobre animal, manso y cobarde?		
¿No sería mejor hacer alarde		
de devorar a dañadoras fieras,		
o ya que resistencia hallar no quieras,		
cebar tus uñas y tu corvo pico	 	
en el frío cadáver de un borrico?		
Cuando el Escarabajo así decía,		
la Águila con desprecio se reía,		
y sin usar de más atenta frase,		
mata, trincha, devora, pilla y vase.	 	
El pequeño animal así burlado		
quiere verse vengado.		
En la ocasión primera		
vuela al nido del Águila altanera;		
halla solos los huevos y, arrastrando,	 	
uno por uno fuelos despeñando.		
Mas como nada alcanza		
a dejar satisfecha una venganza,		
cuantos huevos ponía en adelante		
se los hizo tortilla en el instante.	 	
La reina de las aves sin consuelo,		
remontando su vuelo,		
a Júpiter excelso humilde llega,		
expone su dolor, pídele, ruega		
remedie tanto mal. El dios propicio,	 	
por un incomparable beneficio,		
en su regazo hizo que pusiese		
el Águila sus huevos y se fuese;		
que a la vuelta, colmada de consuelos,		
encontraría hermosos sus polluelos.	 	
Supo el Escarabajo el caso todo.		
Astuto e ingenioso, hace de modo		
que una bola fabrica diestramente		
de la materia en que continuamente		
trabajando se halla,	 45	
cuyo nombre se sabe, aunque se calla,		
y que, según yo pienso,		
para los dioses no es muy buen incienso.		
Carga con ella, vuela, y atrevido		
pone su bola en el sagrado nido.		
Júpiter que se vio con tal basura,		
al punto sacudió su vestidura,		
haciendo, al arrojar la albondiguilla,		
con la bola y los huevos su tortilla.		
Del trágico suceso noticiosa,	 	
arrepentida el Águila y llorosa,		
aprendió esta lección a mucho precio:		
A nadie se le trate con desprecio,		
como al Escarabajo,		
porque al más miserable, vil y bajo,	 	
para tomar venganza, si se irrita,		
¿le faltará siquiera una bolita?"
brandon_reyna_0141,El Ratón de la corte y el del campo,Félix María de Samaniego,piratas,es,161,cervantesvirtual,brandon_reyna,cfef5e09d9714c47c1c67a8c52d81c775789cbfe,"Un Ratón cortesano		
convidó con un modo muy urbano		
a un Ratón campesino.		
Diole gordo tocino,		
queso fresco de Holanda,	 	
y una despensa llena de vianda		
era su alojamiento,		
pues no pudiera haber un aposento		
tan magníficamente preparado,		
aunque fuese en Ratópolis buscado	 	
con el mayor esmero,		
para alojar a Roepán Primero.		
Sus sentidos allí se recreaban;		
las paredes y techos adornaban,		
entre mil ratonescas golosinas,	 	
salchichones, perniles y cecinas.		
Saltaban de placer, ¡oh qué embeleso!,		
de pernil en pernil, de queso en queso.		
En esta situación tan lisonjera		
llega la despensera.	 	
Oyen el ruido, corren, se agazapan,		
pierden el tino, mas al fin se escapan		
atropelladamente		
por cierto pasadizo abierto a diente.		
-¡Esto tenemos!, dijo el campesino,	 	
reniego yo del queso, del tocino,		
y de quien busca gustos		
entre los sobresaltos y los sustos.		
Volviose a su campaña en el instante		
y estimó mucho más de allí adelante,	 	
sin zozobra, temor ni pesadumbres,		
su casita de tierra y sus legumbres."
brandon_reyna_0142,El Herrero y el Perro,Félix María de Samaniego,piratas,es,225,cervantesvirtual,brandon_reyna,e9519f5dd7175e668819a45c1b879b8801e40f70,"Un Herrero tenía		
un Perro que no hacía		
sino comer, dormir y estarse echado;		
de la casa jamás tuvo cuidado.		
Levantábase sólo a mesa puesta;	 	
entonces con gran fiesta		
al dueño se acercaba,		
con perrunas caricias lo halagaba,		
mostrando de cariño mil excesos		
por pillar las piltrafas y los huesos.	 	
-He llegado a notar, le dijo el Amo,		
que, aunque nunca te llamo		
a la mesa, te llegas prontamente;		
en la fragua jamás te vi presente,		
y yo me maravillo	 15	
de que, no dispertándote el martillo,		
te desveles al ruido de mis dientes.		
Anda, anda, poltrón; no es bien que cuentes		
que el Amo, hecho un gañán y sin reposo,		
te mantiene a lo conde muy ocioso.	 	
El Perro le responde:		
-¿Qué más tiene que yo cualquiera conde?		
Para no trabajar debo al destino		
haber nacido Perro y no pollino.		
-Pues, señor conde, fuera de mi casa;	 	
verás en las demás lo que te pasa.		
En efecto, salió a probar fortuna		
y las casas anduvo de una en una.		
Allí le hacen servir de centinela		
y que pase la noche toda en vela,	 	
acá de lazarillo y de danzante,		
allá, dentro de un torno, a cada instante		
asa la carne que comer no espera.		
Al cabo conoció de esta manera		
que el destino, y no es cuento,	 	
a todos nos cargó como al jumento."
brandon_reyna_0143,La Zorra y la Cigüeña,Félix María de Samaniego,piratas,es,181,cervantesvirtual,brandon_reyna,5c85f68f8b16e09f40072739f2b63a135af3aaaa,"Una Zorra se empeña		
en dar una comida a la Cigüeña.		
La convidó con tales expresiones,		
que anunciaban sin duda provisiones		
de lo más excelente y exquisito.	
Acepta alegre, va con apetito;		
pero encontró en la mesa solamente		
jigote claro sobre chata fuente.		
En vano a la comida picoteaba,		
pues era, para el guiso que miraba,		
inútil tenedor su largo pico.		
La Zorra con la lengua y el hocico		
limpió tan bien su fuente, que pudiera		
servir de fregatriz si a Holanda fuera.		
Mas de allí a poco tiempo, convidada	
de la Cigüeña, halla preparada		
una redoma de jigote llena:		
Allí fue su aflicción, allí su pena.		
El hocico goloso al punto asoma		
al cuello de la hidrópica redoma,	
mas en vano, pues era tan estrecho,		
cual si por la Cigüeña fuese hecho.		
Envidiosa de ver que a conveniencia		
chupaba la del pico a su presencia,		
vuelve, tienta, discurre,	 25	
huele, se desatina, en fin se aburre.		
Marchó rabo entre piernas, tan corrida,		
que ni aun tuvo siquiera la salida		
de decir: «Están verdes», como antaño.		
También hay para pícaros engaño."
brandon_reyna_0144,El Leopardo y las Monas,Félix María de Samaniego,piratas,es,188,cervantesvirtual,brandon_reyna,e5fd99040df678ffbdb262eb1f660ec761474e16,"No a pares, a docenas encontraba		
las Monas en Tetuán, cuando cazaba,		
un Leopardo. Apenas lo veían,		
a los árboles todas se subían,		
quedando del contrario tan seguras,	 	
que pudiera decir: «No están maduras».		
El cazador, astuto, se hace el muerto		
tan vivamente, que parece cierto.		
Hasta las viejas Monas,		
alegres en el caso y juguetonas,	
empiezan a saltar. La más osada		
baja, arrímase al muerto de callada,		
mira, huele y aun tienta,		
y grita muy contenta:		
-Llegad, que muerto está de todo punto,		
tanto, que empieza a oler el tal difunto.		
Bajan todas con bulla y algazara:		
Ya le tocan la cara,		
ya le saltan encima,		
aquélla se le arrima,	
y, haciendo mimos, a su lado queda,		
otra se finge muerta y lo remeda.		
Mas luego que las siente fatigadas		
de correr, de saltar y hacer monadas,		
levántase ligero	
y, más que nunca fiero,		
pilla, mata, devora, de manera		
que parecía la sangrienta fiera,		
cubriendo con los muertos la campaña,		
al Cid matando moros en España.	 30	
Es el peor enemigo el que aparenta		
no poder causar daño; porque intenta,		
inspirando confianza,		
asegurar su golpe de venganza."
brandon_reyna_0145,El Ciervo en la fuente,Félix María de Samaniego,piratas,es,168,cervantesvirtual,brandon_reyna,ed85c3ff60d13dd98d46f40924e81dbe7bc9f996,"Un Ciervo se miraba		
en una hermosa cristalina Fuente;		
placentero admiraba		
los enramados cuernos de su frente.		
Pero al ver sus delgadas, largas piernas,	
al alto cielo daba quejas tiernas:		

   -¡Oh dioses!, ¿a qué intento,		
a esta fábrica hermosa de cabeza		
construís su cimiento		
sin guardar proporción en la belleza?	
¡Oh, qué pesar! ¡Oh, qué dolor profundo!		
¡No haber gloria cumplida en este mundo!		

    Hablando de esta suerte		
el Ciervo, vio venir a un lebrel fiero.		
Por evitar su muerte,	 15	
parte al espeso bosque muy ligero;		
pero el cuerno retarda su salida,		
con una y otra rama entretejida.		

    Mas libre del apuro		
a duras penas, dijo con espanto:	
-Si me veo seguro,		
pese a mis cuernos, fue por correr tanto.		
Lleve el diablo lo hermoso de mis cuernos,		
haga mis feos pies el cielo eternos.		

    Así, frecuentemente,	 25	
el hombre se deslumbra con lo hermoso;		
elige lo aparente,		
abrazando tal vez lo más dañoso.		
Pero escarmiente ahora en tal cabeza:		
El útil bien es la mejor belleza."
brandon_reyna_0146,El león y la Zorra,Félix María de Samaniego,piratas,es,182,cervantesvirtual,brandon_reyna,0e10bbf1e2a386715af358ad5638bd3887b7d951,"Un León en otro tiempo poderoso,		
ya viejo y achacoso,		
en vano perseguía, hambriento y fiero,		
al mamón becerrillo y al cordero,		
que, trepando por la áspera montaña,
huían libremente de su saña.		
Afligido de la hambre a par de muerte,		
discurrió su remedio de esta suerte:		
Hace correr la voz de que se hallaba		
enfermo en su palacio, y deseaba	
ser de los animales visitado.		
Acudieron algunos de contado;		
mas como el grave mal que lo postraba		
era una hambre voraz, tan sólo usaba		
la receta exquisita	 15	
de engullirse al monsieur de la visita.		
Acércase la Zorra de callada		
y, a la puerta asomada,		
atisba muy de espacio		
la entrada de aquel cóncavo palacio.	
El León la divisó, y en el momento		
la dice: -Ven acá; pues que me siento		
en el último instante de mi vida,		
visítame como otros, mi querida.		
-¿Cómo otros? ¡Ah, señor!, he conocido	
que entraron, sí, pero que no han salido.		
Mirad, mirad la huella,		
bien claro lo dice ella;		
y no es bien el entrar do no se sale.		
La prudente cautela mucho vale."
brandon_reyna_0147,La Cierva y el Cervato,Félix María de Samaniego,piratas,es,162,cervantesvirtual,brandon_reyna,22ea27bf5fa55898a13e8b31d54eaf58245b5101,"A una Cierva decía		
su tierno Cervatillo: -¡Madre mía,		
es posible que un perro solamente		
al bosque te haga huir cobardemente,		
siendo él mucho menor, menos pujante!	
¿Por qué no has de ser tú más arrogante?		
-Todo es cierto, hijo mío;		
y cuando así lo pienso, desafío		
a mis solas a veinte perros juntos.		
Figúrome luchando, y que difuntos	
dejo a los unos; que otros, falleciendo,		
pisándose las tripas, van huyendo		
en vano de la muerte,		
y a todos venzo de gallarda suerte.		
Mas si, embebida en este pensamiento,	
a un perro ladrar siento,		
escapo más ligera que un venablo,		
y mi victoria se la lleva el diablo.		
A quien no sea de ánimo esforzado		
no armarlo de soldado;	 20	
pues por más que, al mirarse la armadura,		
piense en tiempo de paz que su bravura		
herirá, matará cuanto acometa,		
en oyendo en campaña la trompeta,		
hará lo que la Corza de la historia,	
mas que el diablo se lleve la victoria."
brandon_reyna_0148,El Labrador y la Cigüeña,Félix María de Samaniego,piratas,es,103,cervantesvirtual,brandon_reyna,b482b9f84c324707956a0e3bb89c84b73dbfad6b,"Un Labrador miraba		
con duelo su sembrado,		
porque gansos y grullas		
de su trigo solían hacer pasto.		
Armó sin más tardanza	
diestramente sus lazos,		
y cayeron en ellos		
la Cigüeña, las grullas y los gansos.		
-Señor Rústico, dijo		
la Cigüeña temblando,	
quíteme las prisiones,		
pues no merezco pena de culpados;		
la diosa Ceres sabe		
que, lejos de hacer daño,		
limpio de sabandijas,
de culebras y víboras los campos.		
-Nada me satisface,		
respondió el hombre airado.		
Te hallé con delincuentes,		
con ellos morirás entre mis manos.
La inocente Cigüeña		
tuvo el fin desgraciado		
que pueden prometerse		
los buenos que se juntan con los malos."
brandon_reyna_0149,El Calvo y la Mosca,Félix María de Samaniego,piratas,es,124,cervantesvirtual,brandon_reyna,946868a89b86590fb1181f167dd0db6a7a51e353,"Picaba impertinente		
en la espaciosa calva de un Anciano		
una Mosca insolente.		
Quiso matarla, levantó la mano,		
tiró un cachete, pero fuese salva,	 5	
hiriendo el golpe la redonda calva.		

    Con risa desmedida		
la Mosca prorrumpió: -Calvo maldito,		
si quitarme la vida		
intentaste por un leve delito,	 10	
¿a qué pena condenas a tu brazo,		
bárbaro ejecutor de tal porrazo?		

   -Al que obra con malicia,		
le respondió el varón prudentemente,		
rigurosa justicia	 15	
debe dar el castigo conveniente,		
y es bien ejercitarse la clemencia		
en el que peca por inadvertencia.		

    Sabe, Mosca villana,		
que coteja el agravio recibido	 20	
la condición humana,		
según la mano de donde ha venido.		
Que el grado de la ofensa tanto asciende,		
cuanto sea más vil aquel que ofende."
brandon_reyna_0150,Los dos Amigos y el Oso,Félix María de Samaniego,piratas,es,161,cervantesvirtual,brandon_reyna,2229c465b1ea241f8773fba720d34a3541dfa351,"A dos Amigos se aparece un Oso:		
El uno, muy medroso,		
en las ramas de un árbol se asegura;		
el otro, abandonado a la ventura,		
se finge muerto repentinamente.	 5	
El Oso se le acerca lentamente:		
Mas como este animal, según se cuenta,		
de cadáveres nunca se alimenta,		
sin ofenderlo lo registra y toca,		
huélele las narices y la boca;	 10	
no le siente el aliento,		
ni el menor movimiento;		
y así, se fue diciendo sin recelo:		
-Éste tan muerto está como mi abuelo.		
Entonces el cobarde,	 15	
de su grande amistad haciendo alarde,		
del árbol se desprende muy ligero.		
Corre, llega y abraza al compañero;		
pondera la fortuna		
de haberlo hallado sin lesión alguna,	 20	
y al fin le dice: -Sepas que he notado		
que el Oso te decía algún recado.		
¿Qué pudo ser?		
-Direte lo que ha sido,		
estas dos palabritas al oído:	 25	
Aparta tu amistad de la persona		
que si te ve en el riesgo, te abandona."
